parameter	Mean	MCSE	StdDev	MAD	5%	50%	95%	ESS_bulk	ESS_tail	ESS_bulk/s	R_hat
mu[1]	-2.52463	0.00489728	0.167277	0.16543	-2.81168	-2.51442	-2.26417	1179.52	2679.04	0.143718	1.00174
mu[2]	-1.63706	0.00168781	0.0911453	0.0909669	-1.78952	-1.63623	-1.48616	2936.73	4632.6	0.357824	1.00107
mu[3]	7.84193	0.0100717	0.559494	0.553963	6.93833	7.82519	8.77707	3130.77	4988.97	0.381467	1.00089
tau[1]	1.18052	0.00279036	0.139175	0.133492	0.963192	1.17489	1.41837	2497.4	4854.49	0.304295	1.00084
tau[2]	1.47146	0.00148904	0.0667522	0.0659415	1.36408	1.46941	1.5858	2024.82	4097.98	0.246713	1.001
tau[3]	6.82141	0.00606282	0.402962	0.400058	6.18981	6.80626	7.50948	4536.45	4991.77	0.552742	1.00025
natural[1,1]	0.0920782	0.000992649	0.082054	0.0612553	0.0104024	0.0662597	0.259969	6518.23	5908.63	0.79421	1.00035
natural[1,2]	0.601098	0.00309461	0.289289	0.286128	0.190163	0.569675	1.12811	7899.28	5092.89	0.962484	1.00037
natural[1,3]	8.19013	0.0430171	3.62358	3.56002	3.19735	7.66049	14.9245	8364.91	5685.92	1.01922	1.00012
natural[2,1]	0.222883	0.00163413	0.153762	0.155364	0.0328896	0.189931	0.522513	8229.34	5526.37	1.0027	1.00003
natural[2,2]	0.135979	0.001136	0.11043	0.073728	0.0281095	0.103206	0.357731	8435.78	5492.1	1.02785	1.00003
natural[2,3]	10.5826	0.0566701	5.09505	5.47865	3.13468	10.1799	19.7092	8864.19	5444.07	1.08005	1.00044
natural[3,1]	0.172732	0.00158871	0.134007	0.10206	0.0280404	0.137123	0.447531	8480.88	4895.1	1.03335	1.00109
natural[3,2]	0.0581673	0.000630686	0.0603943	0.0281839	0.0106298	0.0381514	0.183712	7934.03	4930.9	0.966719	1.00023
natural[3,3]	11.4615	0.0651118	6.04048	6.73538	2.35041	11.2046	21.9713	9297.72	5972.82	1.13288	1.00056
natural[4,1]	0.0491638	0.000511765	0.0421734	0.029007	0.00833535	0.0372165	0.129065	6365.62	5259.42	0.775616	1.0003
natural[4,2]	0.226405	0.00104448	0.104704	0.0965435	0.0895089	0.208438	0.424504	9795.58	4800.94	1.19354	1.0013
natural[4,3]	12.7484	0.0408918	4.07886	4.07643	6.49923	12.4885	19.9096	10950.9	5823.68	1.33431	1.00029
natural[5,1]	0.109346	0.00208166	0.118497	0.0632406	0.0110801	0.0664409	0.363619	3670.19	4461.46	0.447192	1.00036
natural[5,2]	0.453981	0.00782975	0.370998	0.421705	0.0162205	0.39936	1.13829	1820.0	3317.87	0.221757	1.00142
natural[5,3]	3.52441	0.13135	5.39054	0.944403	0.101346	1.04463	16.3021	3020.8	3524.54	0.368068	1.00261
natural[6,1]	0.101558	0.000787571	0.0777891	0.0635024	0.0162841	0.082028	0.254516	8862.16	5842.27	1.07981	1.00038
natural[6,2]	0.163862	0.000870076	0.0900195	0.0754268	0.059148	0.142957	0.337845	10103.1	5697.43	1.23101	0.999984
natural[6,3]	11.5691	0.0439708	4.37072	4.40406	4.99011	11.2158	19.4619	11362.4	6099.98	1.38445	1.00059
natural[7,1]	0.100402	0.00105491	0.0880056	0.0621616	0.0135669	0.0730547	0.279331	7171.71	6665.19	0.873834	1.00048
natural[7,2]	0.113076	0.000623154	0.0585882	0.051223	0.0390483	0.101752	0.225828	8310.89	4727.67	1.01264	0.999974
natural[7,3]	14.3822	0.0401218	4.3764	4.32142	7.4435	14.1901	22.0081	12623.7	5387.07	1.53813	1.00037
natural[8,1]	0.121286	0.00119795	0.0995984	0.0743787	0.019618	0.0928813	0.319044	7135.98	6054.9	0.86948	1.0005
natural[8,2]	0.0633958	0.000527238	0.0523058	0.0307169	0.015898	0.0480052	0.16341	8478.35	5218.96	1.03304	1.00008
natural[8,3]	12.0206	0.0571224	5.4571	5.79575	3.65783	11.7134	21.4248	9819.73	6183.31	1.19648	1.00043
natural[9,1]	0.162081	0.00130316	0.12368	0.102264	0.025325	0.130532	0.410714	8958.85	5251.65	1.09159	0.999804
natural[9,2]	0.0382172	0.00032652	0.0317572	0.0190769	0.00896578	0.0295636	0.0988333	9072.37	5069.22	1.10542	0.999901
natural[9,3]	13.1045	0.055321	5.76489	5.96505	4.01346	12.9603	23.0369	11428.6	5869.71	1.39251	0.999933
natural[10,1]	0.0535031	0.000290631	0.0270643	0.0278894	0.0137365	0.0511536	0.101501	7627.67	4986.4	0.929389	1.00059
natural[10,2]	2.22182	0.00582171	0.523167	0.493299	1.48933	2.1587	3.1788	7565.89	6162.62	0.921863	1.00028
natural[10,3]	0.174049	0.00222094	0.156243	0.188737	0.000322219	0.139626	0.457143	4614.89	5092.38	0.5623	1.0006
natural[11,1]	0.0657249	0.00124586	0.0656878	0.0385713	0.00896019	0.0460232	0.187087	3974.4	4096.57	0.484259	1.00024
natural[11,2]	0.471533	0.00408875	0.212727	0.209796	0.115316	0.469082	0.823923	2501.8	1110.21	0.304831	1.00074
natural[11,3]	0.678445	0.0871984	2.5721	0.253259	0.002832	0.206757	1.1865	3369.83	1077.96	0.410596	1.00107
natural[12,1]	0.0649054	0.000618845	0.0510745	0.0406167	0.0108619	0.0512689	0.165934	6894.27	5087.5	0.84003	1.0012
natural[12,2]	0.376928	0.00446926	0.257746	0.294086	0.0540696	0.339413	0.857816	2741.65	3605.21	0.334055	1.00046
natural[12,3]	4.94579	0.100373	4.43017	2.22753	1.24538	3.12072	14.7614	2651.91	3096.77	0.32312	1.00059
natural[13,1]	0.0939492	0.00117789	0.0829536	0.0560012	0.0147004	0.0705244	0.257268	5717.41	5187.93	0.696635	1.00038
natural[13,2]	0.474026	0.00204358	0.172197	0.16983	0.205945	0.467044	0.772191	6482.56	3213.71	0.789865	1.00069
natural[13,3]	0.138189	0.0382529	0.950913	0.0539809	0.00047629	0.0395841	0.335709	6791.7	4164.82	0.827532	1.00057
natural[14,1]	0.140063	0.00110114	0.102721	0.0899313	0.0230982	0.114992	0.340976	7896.75	5217.3	0.962176	1.0006
natural[14,2]	0.0777141	0.000473666	0.0457308	0.0350322	0.02706	0.0668437	0.166799	8827.19	5386.46	1.07554	1.00024
natural[14,3]	12.7173	0.0478549	4.87729	5.13722	5.32536	12.3671	21.2653	11418.7	6060.19	1.39131	1.00055
natural[15,1]	0.104243	0.000944616	0.0838371	0.0643751	0.0165846	0.0815812	0.277415	8001.07	5598.91	0.974886	1.00026
natural[15,2]	0.0928872	0.00054641	0.0559445	0.0413014	0.0319744	0.0792418	0.20341	9207.44	5504.45	1.12188	1.00003
natural[15,3]	11.9752	0.0470507	4.72675	4.84992	4.908	11.5697	20.3828	11210.2	5875.33	1.3659	1.00004
natural[16,1]	0.175471	0.00124996	0.0949505	0.095392	0.0401031	0.164385	0.350075	5849.12	5304.92	0.712683	1.00055
natural[16,2]	0.624114	0.00358705	0.282533	0.292696	0.206871	0.599101	1.12826	5508.23	4841.9	0.671148	1.00029
natural[16,3]	4.91919	0.0488592	3.10633	2.25661	1.76617	3.94124	11.349	5252.1	4661.93	0.63994	1.00004
natural[17,1]	0.0825896	0.000772591	0.0690077	0.0501049	0.0130262	0.0624419	0.219284	7585.79	5674.75	0.924287	0.99977
natural[17,2]	0.113244	0.000551821	0.0532248	0.0460038	0.0479805	0.103263	0.213989	8822.91	4965.33	1.07502	1.00032
natural[17,3]	13.6371	0.0409753	4.25342	4.23141	7.11049	13.3667	21.0365	11874.1	5916.92	1.4468	1.00061
natural[18,1]	0.0688066	0.000794873	0.0497398	0.0397542	0.0142848	0.0588321	0.153754	5064.67	3896.69	0.617102	1.00024
natural[18,2]	0.616331	0.00571005	0.273321	0.269341	0.13057	0.619289	1.07138	2199.53	1086.77	0.268	1.00046
natural[18,3]	1.79719	0.0811477	2.44271	0.453973	0.669685	1.19604	4.66702	2637.82	1033.77	0.321404	1.00093
natural[19,1]	0.104235	0.00101814	0.0851775	0.0671033	0.014356	0.0806569	0.277562	7151.01	5204.96	0.871311	0.999969
natural[19,2]	0.10704	0.000470695	0.0433087	0.0414439	0.0486939	0.10058	0.187666	8757.24	5695.41	1.06702	1.00007
natural[19,3]	16.1265	0.0377001	4.14589	4.16163	9.74601	15.8567	23.2727	13249.0	6345.53	1.61432	0.999985
natural[20,1]	0.0594905	0.000720678	0.054726	0.0390341	0.00630311	0.0411281	0.174517	5144.51	6428.26	0.62683	1.00072
natural[20,2]	2.26632	0.00915701	0.83149	0.763903	1.12569	2.15129	3.79787	8070.98	5642.07	0.983404	0.999946
natural[20,3]	4.70011	0.035031	2.59125	2.38563	1.54972	4.14299	9.66516	6161.27	6129.2	0.750717	0.999786
natural[21,1]	0.170463	0.00149161	0.133767	0.109045	0.0250225	0.132236	0.444929	7534.71	6323.64	0.918063	1.00022
natural[21,2]	0.076658	0.000802525	0.0771139	0.0409743	0.0122651	0.0527459	0.224821	8589.95	5459.19	1.04664	1.00049
natural[21,3]	11.3789	0.0600681	5.84898	6.35408	2.53231	11.0522	21.4423	10091.2	6490.19	1.22956	1.00031
natural[22,1]	0.104715	0.000950019	0.0847654	0.0690002	0.0144316	0.0810653	0.273134	7133.56	5768.55	0.869186	1.0001
natural[22,2]	0.0977901	0.000441542	0.0410983	0.0380704	0.0446004	0.0908773	0.174901	8898.04	5262.5	1.08418	1.00038
natural[22,3]	15.1462	0.0387335	4.14794	4.18528	8.75726	14.9288	22.2677	12280.9	5976.95	1.49635	1.00037
natural[23,1]	0.113755	0.00103165	0.0870474	0.0730027	0.0159551	0.0920909	0.290726	6253.38	5087.33	0.76194	0.999999
natural[23,2]	0.10969	0.000482454	0.0443138	0.0411069	0.0507177	0.103306	0.191533	8496.88	5209.47	1.0353	0.999888
natural[23,3]	15.9888	0.0385217	4.0786	4.10691	9.67292	15.7946	22.9673	12150.4	5665.03	1.48046	1.00021
natural[24,1]	0.157834	0.000988588	0.0770049	0.0758079	0.0386017	0.154409	0.289441	5661.79	3909.24	0.689858	0.999875
natural[24,2]	1.04128	0.00327025	0.292608	0.289332	0.593579	1.02653	1.54625	7580.84	5276.87	0.923684	1.00057
natural[24,3]	0.558027	0.00218719	0.197739	0.171692	0.2474	0.555146	0.868031	8002.0	5035.88	0.975	1.00094
natural[25,1]	0.0877247	0.000900586	0.0809117	0.0556197	0.0104869	0.0630271	0.251924	9320.94	6586.24	1.13571	1.0001
natural[25,2]	0.46588	0.00252031	0.25712	0.249284	0.128904	0.42293	0.944299	9039.42	5008.37	1.1014	1.00008
natural[25,3]	8.97408	0.0453301	3.96099	3.9801	3.43025	8.51247	16.2018	9094.31	5540.02	1.10809	1.00048
natural[26,1]	0.024586	0.000227726	0.0190462	0.0153655	0.0039446	0.0194838	0.0630647	6584.94	6355.87	0.802339	1.00032
natural[26,2]	2.32561	0.00607468	0.558411	0.543762	1.50109	2.27429	3.32428	8308.04	5700.16	1.01229	1.00039
natural[26,3]	4.71807	0.0338621	2.62451	2.35093	1.59149	4.1241	9.80793	7463.1	5508.23	0.909338	0.999957
natural[27,1]	0.0606177	0.000537822	0.0486922	0.0417648	0.00753641	0.0471929	0.156773	7458.71	5970.33	0.908803	1.00046
natural[27,2]	1.46258	0.00425475	0.377875	0.376769	0.894012	1.43395	2.12886	7496.18	4975.86	0.913369	1.00057
natural[27,3]	5.5146	0.0361451	2.71415	2.60132	2.08813	5.02831	10.6971	6930.55	5563.03	0.844449	1.00067
natural[28,1]	0.0176574	0.000118739	0.0120453	0.0105148	0.00345996	0.0148989	0.0412769	9382.21	6150.88	1.14317	0.999716
natural[28,2]	2.90197	0.00992642	0.83159	0.790154	1.76017	2.79315	4.44339	5834.04	4828.46	0.710846	1.00116
natural[28,3]	0.269106	0.00193996	0.123254	0.117555	0.0138803	0.293767	0.432827	4823.87	3193.56	0.587763	1.00108
natural[29,1]	0.102159	0.000989376	0.0865536	0.064428	0.0138419	0.0777438	0.280002	6389.14	5212.57	0.778481	1.00076
natural[29,2]	0.0686769	0.000316065	0.0307844	0.0281555	0.0288073	0.063767	0.12526	8909.97	5364.73	1.08563	0.999952
natural[29,3]	15.4626	0.0409269	4.4167	4.55887	8.64282	15.2466	23.0158	12529.1	5508.66	1.52661	1.00061
natural[30,1]	0.194385	0.00153126	0.137571	0.136566	0.0273199	0.166141	0.456975	7280.02	5463.03	0.887031	1.00042
natural[30,2]	0.0787236	0.000560619	0.0567646	0.0385184	0.0215208	0.0625194	0.192624	8728.81	5704.89	1.06356	1.00025
natural[30,3]	11.636	0.053557	5.27241	5.56387	3.90623	11.1234	21.061	11246.6	6526.12	1.37033	1.00063
natural[31,1]	0.0523711	0.000413948	0.0391604	0.0339247	0.00826683	0.04303	0.128522	8013.8	5936.38	0.976438	0.999857
natural[31,2]	1.34716	0.0038271	0.334996	0.323601	0.849311	1.3164	1.94584	7003.95	4968.33	0.853393	1.00014
natural[31,3]	0.15321	0.00171345	0.128889	0.161221	0.000621205	0.134912	0.384063	4655.25	4393.56	0.567217	1.00051
natural[32,1]	0.269993	0.00214231	0.166912	0.17158	0.0476238	0.242607	0.585132	5385.97	4818.98	0.656251	1.00096
natural[32,2]	0.0991958	0.00191221	0.120242	0.0475873	0.00520311	0.0399842	0.360889	3601.6	5246.33	0.438835	1.00045
natural[32,3]	8.56218	0.130159	7.80051	8.41384	0.153617	6.48737	22.8098	4365.19	5170.53	0.531874	0.999913
natural[33,1]	0.0965405	0.00099579	0.0803913	0.0616328	0.0128894	0.0722338	0.257629	6120.17	5289.24	0.745709	1.00134
natural[33,2]	0.105395	0.000440193	0.0412687	0.0377549	0.0501016	0.0991718	0.182527	8869.54	5274.4	1.0807	0.999938
natural[33,3]	16.1921	0.0369577	4.10518	4.05605	9.78834	15.9945	23.3491	13045.2	5671.42	1.58948	1.0018
natural[34,1]	0.155951	0.000959766	0.0737096	0.0664928	0.0591553	0.143985	0.292893	5856.57	5121.16	0.713591	0.999929
natural[34,2]	0.899823	0.00342243	0.289627	0.283019	0.456325	0.882134	1.40111	6817.56	4769.73	0.830682	1.00117
natural[34,3]	0.364448	0.00549553	0.396771	0.235153	0.00886469	0.339892	0.75669	5274.3	4255.5	0.642644	1.00127
natural[35,1]	0.110935	0.00103243	0.0931767	0.068515	0.0163343	0.0852594	0.294461	9238.74	6316.73	1.12569	1.00027
natural[35,2]	0.198228	0.00243786	0.199264	0.110746	0.0258526	0.122253	0.623916	5527.6	6036.61	0.673508	1.00053
natural[35,3]	8.29603	0.0765326	5.55929	5.99509	1.422	7.21521	18.7185	6105.44	5862.94	0.743914	1.00048
natural[36,1]	0.156145	0.00219566	0.145388	0.0955509	0.0196991	0.106641	0.468729	5201.3	4486.08	0.63375	1.00024
natural[36,2]	0.0613511	0.00102969	0.0817708	0.0257428	0.00460317	0.0253465	0.240047	5407.84	6027.93	0.658916	1.00003
natural[36,3]	10.3493	0.101771	7.63366	9.79764	0.481508	9.84918	23.4059	6484.34	5913.11	0.790081	1.00026
natural[37,1]	0.0913656	0.00103883	0.0781601	0.0580943	0.0120752	0.0686003	0.253271	5095.65	5509.76	0.620877	0.99994
natural[37,2]	0.0946917	0.000401512	0.037326	0.0343439	0.0446523	0.0888494	0.163786	8405.69	4714.67	1.02419	1.00005
natural[37,3]	16.7556	0.0395604	4.07549	4.11299	10.4189	16.5439	23.8875	11141.3	5922.74	1.3575	1.00101
natural[38,1]	0.129409	0.00132269	0.108531	0.0776484	0.0196242	0.0995628	0.344391	8186.39	5617.33	0.997467	1.00114
natural[38,2]	0.254938	0.00420316	0.21664	0.237223	0.0186977	0.207833	0.661293	2274.94	4416.35	0.277189	1.00143
natural[38,3]	5.1878	0.129806	5.65224	2.16737	0.687315	2.37414	17.5018	2672.71	4077.96	0.325655	1.002
natural[39,1]	0.129285	0.000952113	0.0772506	0.086809	0.0194295	0.123168	0.266262	5761.66	4517.02	0.702027	1.00044
natural[39,2]	1.11791	0.00364723	0.316438	0.314598	0.630425	1.09802	1.66217	7079.11	5419.76	0.862551	0.999964
natural[39,3]	2.3527	0.0137338	0.924489	0.737601	1.26933	2.16134	4.09989	6420.39	4314.73	0.782289	0.999847
natural[40,1]	0.158586	0.00155617	0.133878	0.0998014	0.0213586	0.120051	0.428176	8190.66	5838.33	0.997988	1.0006
natural[40,2]	0.110436	0.00162582	0.138269	0.0520444	0.0102917	0.0545782	0.406091	6329.41	5247.57	0.771204	0.999928
natural[40,3]	9.49014	0.0851889	6.61866	7.83621	0.905877	8.77012	21.2666	6761.38	5474.17	0.823837	1.00004
natural[41,1]	0.0830273	0.000861044	0.0675329	0.0510341	0.0134496	0.0643502	0.218077	6194.31	6085.3	0.754742	1.00014
natural[41,2]	0.0697476	0.00029918	0.0302424	0.0260468	0.0307303	0.064182	0.127341	10064.8	5982.05	1.22635	1.00023
natural[41,3]	15.7056	0.0394231	4.3873	4.47584	8.89077	15.4841	23.4315	13187.9	6306.34	1.60687	1.00104
natural[42,1]	0.0808456	0.000506073	0.0441577	0.0451768	0.017426	0.0757088	0.159799	6580.81	4643.03	0.801836	1.00007
natural[42,2]	1.32232	0.00369336	0.34781	0.340645	0.781319	1.30195	1.93116	8688.13	5919.65	1.0586	1.00038
natural[42,3]	1.16435	0.00364289	0.307061	0.253797	0.781593	1.1112	1.73177	8171.75	5794.22	0.995683	1.00048
natural[43,1]	0.0450096	0.000300454	0.0259106	0.0245146	0.0109946	0.0411337	0.0916051	6089.45	4339.74	0.741966	1.00054
natural[43,2]	1.21986	0.00302911	0.278795	0.270584	0.795156	1.20631	1.70214	8189.93	5952.85	0.997898	1.00022
natural[43,3]	0.0900463	0.00108427	0.103489	0.0678837	0.000268823	0.0480935	0.309774	7735.05	5434.97	0.942473	1.00026
natural[44,1]	0.0775212	0.000503777	0.044699	0.0420476	0.0182815	0.0708211	0.159261	6869.12	4838.97	0.836964	1.00001
natural[44,2]	0.740792	0.002604	0.230933	0.224765	0.383507	0.729175	1.14508	7460.29	5231.16	0.908996	1.00058
natural[44,3]	0.202488	0.00353093	0.247608	0.18781	0.00150924	0.149086	0.554303	6634.43	5827.86	0.808369	1.00063
natural[45,1]	0.161897	0.00185668	0.141104	0.0986776	0.0234257	0.116139	0.459383	5967.23	5642.48	0.727075	1.00068
natural[45,2]	0.0673418	0.00111958	0.0870268	0.0289531	0.00495537	0.0282225	0.262685	5507.94	6329.59	0.671112	1.00033
natural[45,3]	10.0027	0.10575	7.65001	9.90573	0.423151	9.32363	23.1615	6000.81	6333.77	0.731166	1.0003
natural[46,1]	0.0836663	0.000775351	0.0661903	0.0521977	0.0136399	0.0668141	0.210677	6277.04	5519.71	0.764823	1.00021
natural[46,2]	0.0813312	0.000338817	0.0339251	0.0307532	0.0365397	0.0758558	0.144158	9070.09	5453.43	1.10514	1.00013
natural[46,3]	15.6369	0.038409	4.20919	4.30211	9.05476	15.4229	22.9597	12929.1	6263.42	1.57534	1.00031
natural[47,1]	0.161141	0.00111504	0.108867	0.090755	0.0326713	0.137029	0.377352	9694.79	5123.66	1.18126	1.00028
natural[47,2]	0.168784	0.00206851	0.156984	0.0985007	0.0258785	0.108205	0.506818	4463.84	5939.44	0.543895	1.0002
natural[47,3]	7.68579	0.0860231	5.45618	5.61372	1.50268	6.34586	17.9269	4807.89	5845.98	0.585815	1.00042
natural[48,1]	0.130644	0.00208406	0.120239	0.0780308	0.0185724	0.0946071	0.374862	3582.02	4595.48	0.43645	1.00037
natural[48,2]	0.201223	0.00380023	0.174874	0.214655	0.0059948	0.173677	0.523179	1863.98	4527.64	0.227115	1.0008
natural[48,3]	4.77376	0.177545	7.06881	1.20359	0.0264612	0.928017	20.7106	2470.91	5080.35	0.301067	1.00208
natural[49,1]	0.128604	0.00148628	0.113373	0.075475	0.0197866	0.0931201	0.366965	6486.55	5668.38	0.790351	1.00044
natural[49,2]	0.210113	0.00357546	0.201502	0.162118	0.0156856	0.139571	0.613157	2722.95	4854.29	0.331777	1.00139
natural[49,3]	6.36138	0.117509	6.04795	3.57512	0.878225	3.57683	18.7316	3274.63	5061.99	0.398996	1.0008
natural[50,1]	0.327857	0.00166598	0.136248	0.139804	0.107048	0.325353	0.559232	6621.31	4686.01	0.80677	0.999965
natural[50,2]	0.117248	0.000656272	0.0633283	0.0547166	0.0397767	0.104078	0.23737	8061.74	6147.55	0.982279	1.00027
natural[50,3]	12.4282	0.0488076	4.41454	4.55291	5.82843	12.0501	20.2845	8798.62	5987.3	1.07206	1.0002
natural[51,1]	0.0733056	0.000503642	0.0452774	0.0441948	0.0137576	0.0662373	0.157981	6853.07	4710.23	0.835009	1.00107
natural[51,2]	0.941947	0.00336525	0.297175	0.295128	0.484084	0.922259	1.45823	7404.53	5091.68	0.902201	1.00027
natural[51,3]	6.82722	0.0393017	3.03688	2.91178	2.80618	6.34223	12.503	7588.34	5337.54	0.924598	1.00041
natural[52,1]	0.153813	0.0016347	0.122767	0.0949035	0.0244302	0.1204	0.403382	5390.33	5253.87	0.656782	1.00016
natural[52,2]	0.0303096	0.000288616	0.0269616	0.0158053	0.00601985	0.0230836	0.0789749	8679.77	5242.35	1.05758	1.00086
natural[52,3]	13.781	0.055835	6.01122	6.27552	4.06951	13.6173	23.8731	12093.2	5593.27	1.47349	1.00007
natural[53,1]	0.0497659	0.000569576	0.0453037	0.0312374	0.0059251	0.0357528	0.142737	6510.43	6265.75	0.79326	1.00109
natural[53,2]	1.49295	0.00650417	0.564379	0.53895	0.663643	1.43998	2.5103	6984.81	4813.13	0.851061	1.0002
natural[53,3]	5.31077	0.0411943	2.99545	2.84719	1.63666	4.70105	11.0966	6364.84	5823.36	0.775521	1.00007
natural[54,1]	0.0178868	0.000142825	0.013251	0.0104306	0.00362515	0.0146972	0.0427426	8360.54	5346.62	1.01869	1.00015
natural[54,2]	1.3591	0.00460992	0.373616	0.367783	0.787339	1.33901	2.00958	6173.55	4654.71	0.752213	0.99975
natural[54,3]	2.68436	0.0183445	1.23544	0.92676	1.34064	2.4062	4.94273	6453.38	5144.25	0.786309	0.999929
natural[55,1]	0.0197491	0.000144303	0.0140556	0.0120217	0.00355458	0.0164346	0.0465557	8973.8	5723.16	1.09341	1.00059
natural[55,2]	2.73295	0.00734228	0.74621	0.710048	1.66147	2.64764	4.076	10554.5	5405.67	1.286	1.00038
natural[55,3]	0.54829	0.000812189	0.0723618	0.0648564	0.436022	0.545646	0.670377	8016.16	7062.7	0.976725	0.999853
natural[56,1]	0.039213	0.000652124	0.0321178	0.0224289	0.00755002	0.0321461	0.0931739	5587.4	4850.27	0.680794	1.00015
natural[56,2]	0.765823	0.00299096	0.237251	0.239529	0.405864	0.7541	1.17491	6108.4	3676.39	0.744276	1.0006
natural[56,3]	0.20734	0.0289305	0.779985	0.168514	0.00121104	0.130682	0.508688	5358.78	5109.23	0.652938	1.00028
natural[57,1]	0.124387	0.00167382	0.101914	0.0710346	0.0206309	0.0976541	0.324875	4168.23	5257.22	0.507876	1.00065
natural[57,2]	0.305085	0.00518974	0.234036	0.279946	0.0158736	0.28345	0.725846	1797.79	3770.92	0.219051	1.00105
natural[57,3]	4.01816	0.136469	5.37883	1.1095	0.469951	1.48684	16.8574	2783.87	3496.16	0.339199	1.00172
natural[58,1]	0.208436	0.00181272	0.146335	0.129655	0.035862	0.173029	0.502051	5485.59	4985.72	0.668389	1.0011
natural[58,2]	0.0345126	0.00022457	0.0232348	0.0168606	0.00940176	0.028939	0.0791986	8818.82	4841.11	1.07453	1.00044
natural[58,3]	14.1406	0.0488751	5.30034	5.3633	5.77481	13.9119	23.1421	12344.2	6056.66	1.50407	1.00046
natural[59,1]	0.10523	0.000906052	0.078716	0.0685521	0.0162359	0.0859735	0.260406	6427.94	5399.69	0.78321	1.00046
natural[59,2]	0.099906	0.000476279	0.0442986	0.0394101	0.0424942	0.0920458	0.182585	7810.7	4382.75	0.951691	1.00082
natural[59,3]	14.5518	0.0405807	4.28486	4.37902	8.00539	14.3397	21.8883	12281.9	5851.59	1.49648	1.00049
natural[60,1]	0.0976675	0.00107	0.0792843	0.0554117	0.0182485	0.0777857	0.242278	6545.71	5223.44	0.797559	1.00028
natural[60,2]	0.198424	0.00291368	0.176665	0.165929	0.0152013	0.145256	0.542224	3010.14	4929.64	0.366769	1.0001
natural[60,3]	5.89513	0.115249	6.00617	2.98916	0.737362	3.06194	18.7259	3652.02	4803.65	0.444978	0.999977
natural[61,1]	0.214819	0.00247713	0.176766	0.13883	0.0276883	0.158647	0.590711	4844.02	6180.14	0.590217	1.00067
natural[61,2]	0.0654664	0.00123194	0.0945329	0.0261781	0.00415709	0.0254468	0.276073	5062.61	5884.39	0.616852	1.00041
natural[61,3]	10.5762	0.109582	7.69521	9.76007	0.16582	10.4584	23.4736	5788.35	6514.15	0.705279	1.00004
natural[62,1]	0.139674	0.000966225	0.0944588	0.0892779	0.0232527	0.120797	0.320889	8358.27	4671.91	1.01841	1.00031
natural[62,2]	0.0876294	0.000473594	0.046507	0.0374637	0.0330841	0.0774921	0.176764	9236.54	6368.07	1.12542	0.999932
natural[62,3]	13.1305	0.044547	4.62916	4.68165	6.12305	12.7586	21.4022	12145.9	5866.72	1.47991	1.00004
natural[63,1]	0.0741497	0.000681103	0.0561459	0.0458663	0.0124057	0.0615948	0.176993	6988.61	5577.35	0.851524	1.00091
natural[63,2]	0.751568	0.00540215	0.307952	0.299371	0.224059	0.749026	1.26347	3077.71	1689.25	0.375002	1.00182
natural[63,3]	2.04215	0.0637726	2.06489	0.569325	0.904314	1.53597	4.47218	3245.15	1529.87	0.395404	1.00153
natural[64,1]	0.102015	0.00101617	0.083919	0.0703744	0.0123446	0.078523	0.267725	6245.71	6536.06	0.761005	1.00017
natural[64,2]	0.119078	0.000508246	0.0474876	0.0445973	0.0553381	0.111075	0.208063	8639.93	5477.01	1.05273	1.00008
natural[64,3]	15.8332	0.0377712	4.10638	4.16176	9.41197	15.613	22.8505	12561.3	5797.17	1.53052	1.00091
natural[65,1]	0.0641837	0.00051211	0.0425247	0.037741	0.0128592	0.0558573	0.14377	6727.71	5440.9	0.819734	1.00033
natural[65,2]	1.36865	0.00405138	0.377426	0.370883	0.78726	1.34976	2.02353	7988.07	5069.14	0.973303	1.00015
natural[65,3]	0.433938	0.0018715	0.148874	0.131265	0.170238	0.439896	0.665089	6655.43	3435.02	0.810928	1.00159
natural[66,1]	0.0947315	0.000887565	0.0763038	0.0593656	0.0141906	0.0734078	0.250338	6774.11	5220.52	0.825389	1.00004
natural[66,2]	0.117925	0.00053929	0.0475148	0.0443954	0.0543996	0.110894	0.20666	8109.62	5877.86	0.988113	1.00036
natural[66,3]	15.716	0.037385	4.05412	4.09185	9.4356	15.4825	22.7455	12373.4	6224.19	1.50763	0.999931
natural[67,1]	0.124244	0.000894827	0.0878802	0.0810983	0.0198418	0.105769	0.294309	8808.02	5476.96	1.07321	1.00106
natural[67,2]	0.129152	0.000789944	0.075595	0.0586736	0.0452337	0.110639	0.276183	8661.43	6668.79	1.05535	1.00089
natural[67,3]	11.3871	0.0503488	4.6844	4.75902	4.51394	10.8497	19.8845	10089.1	5652.14	1.2293	1.00027
natural[68,1]	0.0772872	0.000887262	0.0744784	0.0446704	0.0109524	0.0538999	0.227241	9304.48	5579.35	1.1337	0.99998
natural[68,2]	0.252114	0.00187885	0.159455	0.14325	0.0662511	0.212866	0.566302	6022.49	5803.65	0.733807	1.0001
natural[68,3]	7.72311	0.0598665	4.29221	4.09596	2.5629	6.75348	16.0625	6357.21	5776.07	0.774591	1.00007
natural[69,1]	0.0779363	0.000981813	0.0768448	0.045035	0.0112746	0.0561576	0.213069	6867.13	5675.69	0.836723	1.00001
natural[69,2]	0.194176	0.00287436	0.203429	0.114718	0.0187755	0.110994	0.638304	4234.12	4865.22	0.515905	1.00025
natural[69,3]	7.66164	0.0932301	5.90566	5.88275	1.249	6.02559	19.161	4614.69	5483.99	0.562275	0.99996
natural[70,1]	0.11672	0.00103342	0.0872562	0.0671977	0.0228184	0.0958291	0.281021	7462.5	5178.28	0.909265	1.00034
natural[70,2]	0.0507715	0.000430942	0.0418796	0.024315	0.0128441	0.038897	0.125405	9255.55	6123.6	1.12774	0.999656
natural[70,3]	12.4138	0.0550094	5.59428	5.90497	3.79657	12.1274	22.1569	10827.6	6722.06	1.31929	0.999758
natural[71,1]	0.134543	0.00113446	0.102089	0.0874374	0.0199337	0.107688	0.33423	7543.46	6218.43	0.919129	1.00008
natural[71,2]	0.0826722	0.000366577	0.0340628	0.0310922	0.037323	0.077155	0.146724	8541.95	4942.26	1.04079	1.00021
natural[71,3]	16.0022	0.0377713	4.20933	4.24629	9.43891	15.7847	23.2848	12878.1	5688.49	1.56913	1.00157
natural[72,1]	0.194866	0.00186666	0.151946	0.126168	0.0279212	0.152434	0.506314	6365.62	5471.3	0.775616	1.00132
natural[72,2]	0.123956	0.00234801	0.169653	0.0503665	0.00627988	0.0442292	0.484796	4444.27	5636.54	0.54151	1.00047
natural[72,3]	8.80269	0.112649	7.55445	9.44897	0.13391	7.558	22.2242	5477.35	6539.07	0.667385	1.00128
natural[73,1]	0.202934	0.00231783	0.169352	0.134139	0.0245453	0.151438	0.56079	5088.55	6092.55	0.620013	1.00123
natural[73,2]	0.0764827	0.00149409	0.0975463	0.0324623	0.00360305	0.0275784	0.285254	3560.93	5290.95	0.43388	1.00095
natural[73,3]	9.24656	0.139761	8.27799	10.2429	0.0755133	7.79615	24.0671	4285.49	6337.6	0.522164	1.00086
natural[74,1]	0.115044	0.00143078	0.0816487	0.0702688	0.0202638	0.0972476	0.264133	4261.96	4226.77	0.519297	1.00073
natural[74,2]	0.480982	0.00334601	0.191541	0.185731	0.174319	0.473332	0.810769	2940.61	1038.87	0.358297	1.00092
natural[74,3]	0.375352	0.101585	1.83403	0.142828	0.000955402	0.105328	0.692037	3146.98	1193.24	0.383442	1.00082
natural[75,1]	0.135252	0.00137322	0.114667	0.0868985	0.018736	0.102699	0.364355	7224.49	6142.87	0.880265	1.00054
natural[75,2]	0.0605783	0.00029792	0.0295632	0.0248324	0.0243107	0.0547714	0.116598	8754.42	4454.79	1.06668	1.00055
natural[75,3]	14.6185	0.0406521	4.53669	4.56599	7.49372	14.3628	22.4963	13111.2	5942.84	1.59752	1.00033
natural[76,1]	0.0972188	0.00107261	0.0885353	0.0558298	0.0144812	0.0693715	0.276012	7653.27	5185.63	0.932509	1.0001
natural[76,2]	0.181708	0.00190954	0.150538	0.10627	0.0352162	0.130069	0.501612	4742.06	5085.42	0.577794	1.00046
natural[76,3]	8.00828	0.0769266	5.13045	5.16416	1.95549	6.76566	17.7846	5123.12	5663.06	0.624224	1.00072
natural[77,1]	0.0646464	0.00058398	0.0506374	0.0437726	0.00886703	0.0515413	0.162706	5899.09	5382.28	0.718772	1.00043
natural[77,2]	0.969723	0.00336368	0.284847	0.28101	0.526854	0.95748	1.46253	6846.6	4309.23	0.83422	1.00055
natural[77,3]	6.62018	0.0379086	2.97092	2.86455	2.65828	6.15353	12.1316	7788.34	4977.33	0.948967	1.00048
natural[78,1]	0.0962642	0.000756372	0.0759824	0.0604218	0.0146266	0.0763376	0.246399	8942.5	5968.22	1.08959	1.00029
natural[78,2]	0.148159	0.000825168	0.0819181	0.0669615	0.0527918	0.129679	0.307122	8768.61	5817.79	1.06841	0.999891
natural[78,3]	11.2516	0.0479375	4.37092	4.44309	4.85918	10.7908	19.2116	9772.04	5464.9	1.19067	0.99997
natural[79,1]	0.082797	0.000827608	0.068736	0.0503542	0.0122987	0.0631012	0.219915	6946.66	5248.0	0.846412	1.00128
natural[79,2]	0.125417	0.00056843	0.0514459	0.0487424	0.0561507	0.117536	0.221225	8158.82	5177.0	0.994107	1.00065
natural[79,3]	15.4641	0.0378561	4.07723	4.13038	9.11309	15.2762	22.4207	12492.5	5720.2	1.52214	1.00045
natural[80,1]	0.103094	0.000979816	0.0874045	0.0648624	0.014341	0.0762806	0.2855	7302.64	5169.18	0.889786	1.00064
natural[80,2]	0.152673	0.000822356	0.0753299	0.0650422	0.06074	0.137813	0.295913	8778.26	4912.19	1.06958	1.00053
natural[80,3]	12.8816	0.0430658	4.21207	4.29806	6.48975	12.5934	20.311	10757.8	5605.79	1.31078	1.00115
natural[81,1]	0.0946899	0.000936447	0.0796769	0.0624024	0.0122314	0.0713238	0.257256	6037.51	4742.19	0.735637	0.999952
natural[81,2]	0.0985823	0.000425516	0.04021	0.0365372	0.0459323	0.0921338	0.173288	9211.58	5229.05	1.12238	1.00069
natural[81,3]	16.2337	0.0364374	4.08431	4.04117	9.90337	16.0414	23.4739	13312.0	5918.19	1.62199	1.00047
natural[82,1]	0.126628	0.00125098	0.104343	0.0730235	0.0216032	0.100327	0.321552	7572.3	5639.75	0.922644	1.00029
natural[82,2]	0.0589098	0.000785503	0.0661012	0.0281611	0.00835415	0.0349855	0.199199	6270.03	5135.75	0.763969	1.00005
natural[82,3]	11.0941	0.0767087	6.52826	7.52637	1.68848	10.6261	22.3333	8041.34	5983.92	0.979794	1.00037
natural[83,1]	0.0931948	0.000993301	0.0778229	0.0593525	0.0128085	0.0709002	0.249337	5802.84	5648.39	0.707045	1.00138
natural[83,2]	0.100379	0.00042771	0.0406515	0.0374579	0.0464575	0.0940614	0.17599	9073.09	4558.38	1.10551	1.00084
natural[83,3]	16.4296	0.0356759	4.05313	4.06152	10.1581	16.2035	23.5585	13907.6	5680.62	1.69456	1.00038
natural[84,1]	0.0371883	0.000362404	0.0310833	0.0226974	0.00632022	0.0292258	0.0942338	8084.83	5693.08	0.985092	0.999909
natural[84,2]	1.27933	0.00483783	0.447933	0.436186	0.607247	1.24694	2.05852	8044.75	5053.73	0.980209	1.00037
natural[84,3]	0.109933	0.00138776	0.131792	0.0821159	0.000325765	0.0579117	0.376518	7557.39	5597.08	0.920827	1.00069
natural[85,1]	0.170024	0.00146143	0.134946	0.113871	0.0237957	0.134691	0.445212	9149.57	6090.82	1.11482	1.00005
natural[85,2]	0.0801302	0.000596792	0.0629649	0.0432933	0.0172208	0.0630748	0.201901	9514.36	4808.06	1.15927	0.999808
natural[85,3]	11.7793	0.05112	5.22209	5.48902	3.76038	11.5127	20.9458	11786.1	5486.45	1.43607	1.00056
natural[86,1]	0.462613	0.00318037	0.227079	0.261613	0.0754929	0.483129	0.804495	5402.48	4736.61	0.658262	1.0008
natural[86,2]	0.0618372	0.000688693	0.0521419	0.0340617	0.0117653	0.0442858	0.168907	4982.93	5987.17	0.607143	1.00052
natural[86,3]	11.0056	0.0785985	5.86564	6.41984	2.57048	10.4755	21.3898	6009.34	6342.85	0.732205	1.00054
natural[87,1]	0.116493	0.00112502	0.0986966	0.078038	0.0142943	0.0853221	0.318612	7976.91	5849.46	0.971943	1.00028
natural[87,2]	0.190292	0.00120447	0.118619	0.0953809	0.0582778	0.15842	0.429105	8711.88	6424.86	1.06149	0.999953
natural[87,3]	9.43793	0.053068	4.54211	4.73673	3.1431	8.85103	17.7717	8931.65	6440.66	1.08827	1.00037
natural[88,1]	0.0662918	0.00068344	0.0593512	0.0400813	0.00936015	0.0487436	0.180349	8569.38	6003.14	1.04413	1.0008
natural[88,2]	0.209648	0.00116975	0.124444	0.10892	0.0606274	0.184855	0.446565	11739.2	4648.81	1.43036	1.00028
natural[88,3]	12.0368	0.0390942	4.24995	4.33055	5.58802	11.768	19.4261	13167.7	5980.45	1.60441	1.00001
natural[89,1]	0.319443	0.00206685	0.167267	0.188534	0.0502186	0.317119	0.599966	6323.48	4377.07	0.770481	1.0006
natural[89,2]	0.118783	0.000666765	0.0646427	0.0579184	0.039947	0.105082	0.245517	8195.21	5934.87	0.998542	1.00037
natural[89,3]	11.6578	0.048168	4.52172	4.57239	5.01397	11.1972	19.8304	9828.51	6008.57	1.19755	0.999967
natural[90,1]	0.133846	0.00150335	0.115644	0.0781242	0.0207511	0.100146	0.371517	5724.85	6170.1	0.697542	1.00019
natural[90,2]	0.0345059	0.000265306	0.0261664	0.0176185	0.00772688	0.0277812	0.0850724	7964.72	5349.7	0.970457	1.00014
natural[90,3]	13.9217	0.0539028	5.63809	5.7664	4.8487	13.7534	23.3314	11509.7	5728.65	1.4024	0.999813
natural[91,1]	0.038244	0.000197979	0.0193903	0.0193339	0.0105273	0.0362174	0.0742051	8643.71	5043.0	1.05319	0.999711
natural[91,2]	1.87084	0.0044594	0.444625	0.438943	1.19882	1.83619	2.64902	9617.66	5551.71	1.17186	1.00018
natural[91,3]	0.59951	0.00107726	0.0980965	0.0905103	0.448084	0.596615	0.765872	8340.75	7140.93	1.01628	0.99994
natural[92,1]	0.0916563	0.000878638	0.0744064	0.0577796	0.0135094	0.0702957	0.241861	6466.06	6166.02	0.787854	0.999982
natural[92,2]	0.138146	0.000615251	0.0581343	0.053325	0.0603402	0.128726	0.247365	8932.69	5251.47	1.0884	1.001
natural[92,3]	14.843	0.0373462	4.03502	4.0941	8.7004	14.5787	21.8592	12556.4	5624.45	1.52993	1.0012
natural[93,1]	0.094579	0.000981537	0.0760739	0.0593144	0.0147238	0.0735621	0.247121	5850.55	6218.71	0.712858	1.00032
natural[93,2]	0.0779407	0.000349849	0.0317973	0.029113	0.0361469	0.0727988	0.136742	8068.78	5067.12	0.983136	1.00189
natural[93,3]	15.9655	0.0375323	4.17814	4.15189	9.49156	15.7866	23.1912	13014.5	6105.75	1.58575	1.00017
natural[94,1]	0.0393274	0.000732954	0.0387777	0.0234227	0.00578329	0.0290188	0.102574	5804.5	3531.87	0.707246	1.00026
natural[94,2]	1.28592	0.0092329	0.55038	0.523658	0.390517	1.26701	2.20889	3204.12	1391.09	0.390404	1.00227
natural[94,3]	1.1469	0.0607925	1.82709	0.269683	0.491092	0.820864	2.01407	4297.93	1537.44	0.523679	1.00111
natural[95,1]	0.0727388	0.000706332	0.0556006	0.0477578	0.00994214	0.058671	0.18282	5350.14	5337.21	0.651886	1.001
natural[95,2]	4.56169	0.0318136	2.73893	1.86753	1.82317	3.89606	9.28816	9175.05	6183.84	1.11793	1.00058
natural[95,3]	0.533343	0.00128393	0.105139	0.0751242	0.391359	0.521828	0.713481	7065.58	6256.5	0.860902	1.00046
natural[96,1]	0.14868	0.0012484	0.11698	0.0936172	0.0219813	0.11869	0.383	8689.17	5786.21	1.05873	1.00151
natural[96,2]	0.107427	0.00107279	0.101628	0.0567984	0.0192433	0.0736208	0.325145	8119.49	5536.85	0.989316	0.999995
natural[96,3]	10.1961	0.0631083	5.64917	6.19994	2.10353	9.71046	20.1929	8792.83	5888.1	1.07136	0.999889
natural[97,1]	0.111663	0.000738123	0.0726865	0.0686536	0.0210637	0.0982125	0.25126	8621.82	5889.14	1.05052	1.0001
natural[97,2]	0.148518	0.000784847	0.077801	0.0666589	0.0555784	0.131281	0.299568	9066.54	6517.65	1.10471	1.00064
natural[97,3]	11.5351	0.0461881	4.41817	4.55336	5.04957	11.1468	19.382	10709.2	5524.2	1.30486	1.00018
natural[98,1]	0.100861	0.000888894	0.0795811	0.0622281	0.0158848	0.0783776	0.260053	8012.16	5916.94	0.976238	1.00007
natural[98,2]	0.119567	0.000608811	0.05676	0.0493569	0.0490179	0.108228	0.228927	8596.73	5938.19	1.04746	1.00062
natural[98,3]	13.1327	0.0422643	4.2171	4.33547	6.82853	12.8588	20.4867	10957.7	5703.39	1.33514	1.00029
natural[99,1]	0.194529	0.00189073	0.144116	0.127598	0.030014	0.156868	0.483173	5281.04	5205.43	0.643466	1.00021
natural[99,2]	0.0328181	0.000354835	0.0324488	0.0166571	0.00583212	0.0231694	0.0931333	8560.48	6289.86	1.04305	1.00007
natural[99,3]	13.1674	0.060467	6.17975	6.52151	3.18096	13.1063	23.4895	10537.8	6324.23	1.28398	1.0002
natural[100,1]	0.225411	0.00188557	0.173608	0.147868	0.0325812	0.174578	0.588035	8386.66	4708.39	1.02187	1.0003
natural[100,2]	0.0507362	0.000366031	0.0352236	0.0243963	0.0146271	0.041748	0.118552	8778.94	5839.8	1.06967	0.999905
natural[100,3]	13.0909	0.0531414	5.36797	5.69361	4.824	12.8274	22.3585	10995.1	5685.43	1.3397	0.999642
natural[101,1]	0.0980205	0.000839949	0.077045	0.0627945	0.0148238	0.0784237	0.249033	8239.16	5959.94	1.0039	1.00054
natural[101,2]	0.144929	0.000803639	0.0791655	0.0698565	0.0473618	0.129579	0.295997	8932.72	4603.59	1.0884	1.00046
natural[101,3]	13.5049	0.0406045	4.31718	4.32107	6.80599	13.2802	21.1375	12523.7	4874.94	1.52595	1.00024
natural[102,1]	0.0282905	0.000231811	0.0217001	0.0186021	0.00413936	0.0224816	0.0719378	7762.58	5959.56	0.945828	1.00054
natural[102,2]	3.36363	0.00919258	0.895194	0.864009	2.10457	3.25597	4.99301	9544.77	6632.35	1.16298	1.00024
natural[102,3]	1.34856	0.00559463	0.425923	0.359193	0.837542	1.26275	2.14431	7048.47	5754.74	0.858817	1.00014
natural[103,1]	0.216846	0.00266242	0.176801	0.153255	0.0248062	0.165729	0.574959	4249.35	5872.88	0.51776	1.00019
natural[103,2]	0.231806	0.00443647	0.190831	0.224907	0.00521298	0.210566	0.583935	1538.46	3194.09	0.187453	1.00007
natural[103,3]	3.77397	0.2088	6.84414	0.452842	0.00237466	0.315606	20.327	1772.55	3787.33	0.215976	1.0007
natural[104,1]	0.0320511	0.000351455	0.0281054	0.0190044	0.00510342	0.0244518	0.0852634	7203.93	5837.12	0.87776	0.999941
natural[104,2]	0.703516	0.00298815	0.254558	0.254856	0.303403	0.693809	1.15188	6853.14	4361.33	0.835017	0.999868
natural[104,3]	8.02504	0.0424806	3.35048	3.29535	3.3799	7.55929	14.1661	7697.91	5363.97	0.937948	1.00002
natural[105,1]	0.0328482	0.000816867	0.0339266	0.0183209	0.00607712	0.0249929	0.0795586	4748.8	2352.21	0.578616	1.00076
natural[105,2]	0.82853	0.00597204	0.311215	0.297638	0.322116	0.828921	1.34497	2810.37	1140.29	0.342428	1.00209
natural[105,3]	0.967747	0.0704453	1.75881	0.222377	0.387983	0.721636	1.40444	3986.47	1307.77	0.48573	1.00167
natural[106,1]	0.00842539	6.25897e-05	0.00587079	0.00462848	0.00186487	0.00704214	0.0195685	8561.45	5863.85	1.04317	1.00005
natural[106,2]	5.79592	0.0294184	2.50868	1.95635	2.92376	5.24909	10.3738	8645.33	5561.84	1.05339	1.00085
natural[106,3]	0.518534	0.000413988	0.0366236	0.0314061	0.462114	0.517075	0.58001	7917.5	7093.03	0.964704	1.00025
natural[107,1]	0.156512	0.00179522	0.125759	0.0935566	0.0240756	0.122035	0.413792	5070.41	4505.39	0.617801	1.00027
natural[107,2]	0.21994	0.00395251	0.210145	0.188136	0.0124382	0.152429	0.630836	2322.78	3833.57	0.283018	1.00114
natural[107,3]	5.79563	0.13572	6.35751	2.63523	0.482323	2.47371	19.1176	3101.8	4218.32	0.377938	1.00032
natural[108,1]	0.0197525	0.000145578	0.013364	0.0118271	0.00386807	0.0168189	0.0447897	7553.32	5842.67	0.920331	0.999858
natural[108,2]	2.82399	0.00726458	0.71469	0.702328	1.79163	2.74636	4.11993	9710.99	6235.69	1.18323	1.00005
natural[108,3]	0.522221	0.000700228	0.0637608	0.0578809	0.423868	0.519349	0.631048	8288.34	7273.81	1.00989	1.00081
natural[109,1]	0.16503	0.00255691	0.156654	0.103805	0.017866	0.111618	0.506319	3835.53	4904.63	0.467338	1.00066
natural[109,2]	0.119429	0.00247755	0.138718	0.0686319	0.00411963	0.0519771	0.401728	2618.47	5544.18	0.319046	1.00034
natural[109,3]	7.57688	0.166662	8.15174	5.12796	0.0472253	3.57753	22.9491	3286.42	5826.88	0.400432	1.00093
natural[110,1]	0.154071	0.00126382	0.117137	0.0988647	0.0248094	0.123956	0.388573	8064.95	5179.16	0.98267	1.00038
natural[110,2]	0.0690152	0.00065596	0.0639203	0.0374935	0.0118524	0.0505315	0.192918	9496.84	5370.73	1.15714	1.00018
natural[110,3]	11.6614	0.058856	5.6816	5.97738	2.89498	11.3409	21.5396	10289.2	5465.85	1.25369	1.00059
natural[111,1]	0.0490646	0.000743955	0.046523	0.0293827	0.00686948	0.0363523	0.131262	5571.32	3852.89	0.678835	1.00094
natural[111,2]	1.04425	0.00917012	0.509079	0.502444	0.220686	1.02172	1.92158	2667.44	1478.05	0.325012	1.0016
natural[111,3]	1.62603	0.0633524	2.12421	0.429815	0.633877	1.1011	3.96414	3251.41	1381.57	0.396167	1.00179
natural[112,1]	0.16124	0.00148293	0.116629	0.096225	0.0301952	0.133394	0.391599	6348.27	5972.61	0.773502	1.00093
natural[112,2]	0.0318084	0.000199907	0.0205796	0.0160594	0.00825459	0.0272798	0.0698685	8686.47	5011.77	1.0584	1.00014
natural[112,3]	14.7323	0.049755	5.32286	5.36559	6.2486	14.5185	23.8432	11996.6	5829.09	1.46172	1.0003
natural[113,1]	0.047001	0.000514721	0.0373507	0.0278012	0.0084177	0.0377843	0.114846	6107.49	5600.52	0.744164	0.999891
natural[113,2]	1.13866	0.00460949	0.351876	0.3559	0.60109	1.12043	1.73785	5374.18	4090.31	0.654815	1.00023
natural[113,3]	0.342995	0.0165479	0.569015	0.171307	0.0170257	0.338924	0.593813	3769.77	3201.99	0.459325	0.999973
natural[114,1]	0.0474	0.000443462	0.0402807	0.0272696	0.00814348	0.0368078	0.124054	8620.65	5936.25	1.05038	1.00012
natural[114,2]	0.330223	0.00267509	0.21547	0.201963	0.0786473	0.277776	0.756266	5430.0	5542.21	0.661616	1.00024
natural[114,3]	7.09335	0.0656482	4.29141	3.77424	2.22478	5.91871	15.6025	5365.25	4831.46	0.653726	1.00042
natural[115,1]	0.23272	0.00186382	0.147969	0.141722	0.0451289	0.204702	0.520943	6214.16	5154.95	0.757161	1.00071
natural[115,2]	0.21465	0.00369061	0.201987	0.185346	0.0124013	0.151684	0.603525	2511.89	4382.62	0.306061	1.00149
natural[115,3]	5.9087	0.131185	6.44372	2.74812	0.493683	2.57086	19.4408	3395.78	4784.99	0.413758	1.00092
natural[116,1]	0.194659	0.00224653	0.157139	0.115123	0.0315139	0.149657	0.532648	4950.35	5005.25	0.603173	1.00095
natural[116,2]	0.033325	0.000610612	0.0479247	0.0137032	0.00290823	0.0148503	0.136166	6140.15	5972.45	0.748144	1.00034
natural[116,3]	12.4586	0.0955811	7.78382	8.81472	0.507211	12.8431	25.1363	7479.49	5957.21	0.911335	1.00066
natural[117,1]	0.174354	0.00143153	0.105392	0.11668	0.0266519	0.163709	0.360255	5068.68	5240.32	0.617591	1.00038
natural[117,2]	0.267927	0.00139924	0.121539	0.11706	0.105116	0.250913	0.497673	6779.94	5177.83	0.826099	0.999789
natural[117,3]	11.7484	0.0409689	3.79948	3.79193	6.15676	11.3945	18.5634	9365.85	5979.97	1.14118	0.99992
natural[118,1]	0.100842	0.000971889	0.0818163	0.0649651	0.0141689	0.0776222	0.264244	6804.24	4876.44	0.82906	1.00036
natural[118,2]	0.168489	0.000821372	0.0755592	0.0693134	0.0704087	0.155253	0.308373	8584.74	4750.11	1.046	1.00007
natural[118,3]	13.7876	0.0380289	4.09963	4.09364	7.41783	13.522	20.983	12740.6	5573.42	1.55237	1.00063
natural[119,1]	0.0364105	0.000409922	0.0318932	0.021471	0.00596346	0.0280091	0.0936833	7396.97	5919.1	0.90128	1.00022
natural[119,2]	0.800198	0.00454961	0.297003	0.287878	0.311329	0.799649	1.2948	4198.3	2245.85	0.51154	1.00113
natural[119,3]	1.76745	0.0383712	1.43542	0.475098	0.90183	1.45045	3.34443	4324.5	2115.0	0.526917	1.00164
natural[120,1]	0.110274	0.000927489	0.0807886	0.0712606	0.0171695	0.0912243	0.268109	6974.14	5643.08	0.849761	1.00049
natural[120,2]	0.181416	0.000855575	0.0807929	0.0729505	0.0744347	0.167146	0.335747	8870.59	4516.95	1.08083	1.00094
natural[120,3]	13.5297	0.0397183	3.97438	4.09648	7.42716	13.2492	20.3974	10959.4	5348.2	1.33534	1.00029
natural[121,1]	0.15104	0.00215551	0.131847	0.0906175	0.021281	0.110769	0.423653	4141.65	4685.51	0.504637	1.00163
natural[121,2]	0.223567	0.00433463	0.199928	0.222577	0.0100884	0.181248	0.601751	1874.37	4776.29	0.228382	1.00232
natural[121,3]	5.18724	0.154829	6.48149	1.75626	0.295372	1.7092	19.5437	2742.91	4065.27	0.334209	1.00312
natural[122,1]	0.0742689	0.00180368	0.0860475	0.0410946	0.00893074	0.0475219	0.232697	2985.91	2850.88	0.363817	1.00099
natural[122,2]	0.462307	0.00558971	0.248177	0.247212	0.0264915	0.45769	0.878518	1821.12	1144.83	0.221893	1.00081
natural[122,3]	1.67053	0.126918	3.81717	0.422226	0.04871	0.64134	9.93691	2880.35	991.266	0.350955	1.00146
natural[123,1]	0.136377	0.00113807	0.100859	0.0882402	0.0207697	0.112782	0.33529	6457.34	5236.02	0.786791	1.00086
natural[123,2]	0.0753125	0.000397691	0.0412718	0.0325458	0.0280995	0.0663065	0.154492	10025.0	5446.43	1.22149	1.00081
natural[123,3]	13.4629	0.046514	4.69239	4.82895	6.23557	13.1916	21.5588	11733.4	5959.61	1.42965	1.00004
natural[124,1]	0.112065	0.00142412	0.103456	0.0703015	0.0140748	0.0807127	0.32148	6573.82	5097.97	0.800984	1.00073
natural[124,2]	0.318932	0.00392583	0.218993	0.248957	0.0367987	0.297927	0.711413	2554.26	3326.18	0.311223	1.00118
natural[124,3]	4.40042	0.103937	4.49977	1.6467	1.02078	2.44616	14.8614	2795.27	2698.5	0.340588	1.00134
natural[125,1]	0.43119	0.00222438	0.142175	0.134227	0.192141	0.431159	0.673296	4127.77	2938.19	0.502946	1.00037
natural[125,2]	0.444059	0.00196001	0.142039	0.137391	0.225972	0.437195	0.68871	5164.73	2579.17	0.629294	1.00136
natural[125,3]	0.446112	0.0423255	0.99466	0.356269	0.00188894	0.282344	1.20638	4766.75	3439.97	0.580803	1.00064
natural[126,1]	0.0588357	0.000537623	0.0468534	0.0362187	0.00938449	0.0462902	0.152374	7775.2	5790.04	0.947366	1.00008
natural[126,2]	0.256642	0.00119429	0.116625	0.109431	0.103475	0.236557	0.476004	9358.54	5097.86	1.14029	1.00009
natural[126,3]	12.2644	0.0379883	3.93601	3.92509	6.34278	11.9426	19.2738	11839.8	6321.03	1.44262	1.00026
natural[127,1]	0.089316	0.000734434	0.0673034	0.0541639	0.0162422	0.0726713	0.218319	8469.2	5313.03	1.03193	1.00004
natural[127,2]	0.0824151	0.000481047	0.0477637	0.036638	0.0293336	0.0716615	0.172477	8972.89	5736.94	1.0933	0.99982
natural[127,3]	12.8949	0.0453842	4.76256	4.92497	5.60611	12.5711	21.1874	12173.2	5868.67	1.48323	1.00002
natural[128,1]	0.178774	0.0014614	0.13762	0.133115	0.0201397	0.143261	0.447392	8953.17	6215.32	1.0909	1.00031
natural[128,2]	0.184357	0.001239	0.111929	0.0951827	0.0569368	0.156569	0.40438	6935.68	5844.69	0.845075	1.00025
natural[128,3]	9.17137	0.057512	4.43897	4.56284	3.2343	8.47745	17.3282	7372.57	5824.42	0.898307	1.00048
natural[129,1]	0.220729	0.00244325	0.193242	0.160083	0.0191803	0.156233	0.624296	6111.97	5696.3	0.74471	1.00025
natural[129,2]	0.135298	0.00230601	0.159644	0.0620305	0.0147058	0.0642697	0.488267	4199.18	4925.11	0.511648	1.0001
natural[129,3]	8.72147	0.098731	6.50058	7.73534	0.996675	7.67074	20.4243	4778.77	6281.55	0.582267	1.00021
natural[130,1]	0.167886	0.00137065	0.133849	0.117705	0.0206845	0.13084	0.442743	8660.04	6309.98	1.05518	1.00013
natural[130,2]	0.119258	0.00101503	0.0985669	0.0611851	0.0280617	0.086433	0.326902	7406.99	5962.0	0.902502	1.00001
natural[130,3]	9.74466	0.0646962	5.35961	5.78825	2.51312	8.98466	19.5316	7991.33	5931.23	0.9737	1.0007
natural[131,1]	0.105978	0.00101659	0.0861919	0.0644393	0.0172548	0.0828259	0.273946	6527.66	5282.84	0.79536	1.00015
natural[131,2]	0.0809182	0.000692866	0.0660548	0.0386526	0.0208086	0.0614092	0.209893	8583.26	5820.52	1.04582	0.999784
natural[131,3]	11.2618	0.0571033	5.35774	5.71034	3.31241	10.8383	20.7634	9595.33	5770.83	1.16914	1.00029
natural[132,1]	0.0797693	0.000789493	0.0673472	0.0501549	0.0111722	0.0601126	0.213664	7853.94	6287.17	0.95696	1.00034
natural[132,2]	0.222932	0.00106065	0.103488	0.0954769	0.0884859	0.205097	0.419767	9522.41	5285.23	1.16025	1.0005
natural[132,3]	12.6457	0.0371302	3.95589	3.9604	6.65886	12.3148	19.4774	12526.8	6022.31	1.52632	1.00029
natural[133,1]	0.111043	0.000971473	0.0776304	0.0714709	0.01728	0.09495	0.258136	5621.13	5067.12	0.684904	1.00019
natural[133,2]	0.611839	0.00237918	0.208525	0.21044	0.279768	0.601572	0.966068	7478.95	4995.32	0.911269	1.00104
natural[133,3]	0.126768	0.00274784	0.243857	0.0893009	0.000564995	0.0654592	0.423114	8246.29	5696.72	1.00477	1.00075
natural[134,1]	0.166464	0.00142274	0.126321	0.112053	0.0237891	0.134032	0.42096	6963.53	5309.55	0.848468	1.00045
natural[134,2]	0.0592011	0.000279763	0.0274278	0.0239818	0.0243566	0.0544894	0.109316	8491.45	5081.66	1.03464	1.00072
natural[134,3]	15.1189	0.0409972	4.41693	4.51162	8.35495	14.922	22.6833	12314.0	5380.99	1.5004	1.00101
natural[135,1]	0.131078	0.000464967	0.0366842	0.0354262	0.0723394	0.130334	0.191417	6246.26	4495.33	0.761073	1.00047
natural[135,2]	1.87983	0.00565036	0.533957	0.512874	1.10728	1.83114	2.84082	8446.33	5030.01	1.02914	1.00009
natural[135,3]	6.01414	0.0373232	2.50642	2.31274	2.77771	5.55595	10.8517	5329.6	4662.16	0.649383	1.00201
natural[136,1]	0.177702	0.00106409	0.0993155	0.0829355	0.0490536	0.161543	0.357411	8237.84	4775.15	1.00374	1.00004
natural[136,2]	0.0738808	0.000781465	0.0713829	0.0385287	0.0122962	0.0491677	0.223911	6848.8	5787.79	0.834489	0.999707
natural[136,3]	10.505	0.069357	5.95151	6.74202	2.22938	9.98029	21.0087	8297.7	5700.48	1.01103	0.999765
natural[137,1]	0.05212	0.000949727	0.0570426	0.028845	0.00730241	0.0360935	0.145182	5999.37	4259.61	0.73099	1.00038
natural[137,2]	0.583804	0.00375048	0.230009	0.225489	0.219813	0.575008	0.965645	3443.75	1887.21	0.419602	1.00065
natural[137,3]	0.365852	0.0554802	1.55652	0.202667	0.00171432	0.163406	0.689252	5425.14	2580.15	0.661024	1.00082
natural[138,1]	0.154258	0.00130501	0.125342	0.103204	0.020729	0.119379	0.409624	9977.22	6358.1	1.21567	1.00086
natural[138,2]	0.120985	0.000809373	0.0803443	0.0621203	0.0323024	0.101028	0.28027	9036.82	5678.18	1.10109	1.00028
natural[138,3]	11.6434	0.0470376	4.77591	4.88148	4.48608	11.2531	20.2545	12141.7	5981.84	1.47941	1.00101
natural[139,1]	0.0251739	0.000360502	0.0247411	0.0158494	0.00269519	0.0171049	0.0760449	4475.31	5929.97	0.545292	1.00085
natural[139,2]	7.32034	0.0473442	4.22147	2.63367	3.30978	6.29946	14.6009	9147.72	6357.46	1.1146	1.00014
natural[139,3]	3.14786	0.0290559	2.07366	1.68461	0.969809	2.54718	7.21826	6121.97	5932.93	0.745929	1.00024
natural[140,1]	0.143257	0.00126747	0.116945	0.0896203	0.0213108	0.110679	0.373599	9357.82	5859.07	1.1402	1.00012
natural[140,2]	0.0872125	0.000677435	0.0654309	0.0429434	0.023321	0.0675981	0.22436	7701.33	5798.61	0.938365	0.999852
natural[140,3]	11.1293	0.057293	5.28135	5.57152	3.40187	10.6426	20.5255	9568.44	5812.36	1.16586	1.00004
natural[141,1]	0.091616	0.000996557	0.0796196	0.0583198	0.011455	0.0674169	0.253994	5851.34	5614.55	0.712954	1.00023
natural[141,2]	0.134905	0.000591953	0.0539136	0.0508351	0.0630249	0.1262	0.235083	8349.49	5461.03	1.01734	1.00011
natural[141,3]	15.0268	0.0371231	4.03573	4.04857	8.75221	14.8122	22.1323	12688.8	5907.26	1.54607	1.00066
natural[142,1]	0.263099	0.00159362	0.154057	0.160038	0.0518909	0.241271	0.5455	8469.03	5570.35	1.0319	1.0006
natural[142,2]	0.10933	0.00116336	0.0970053	0.0594391	0.0213201	0.076864	0.309216	5108.65	5298.96	0.622461	1.00095
natural[142,3]	9.39114	0.0771228	5.51727	5.96147	2.14597	8.49537	19.5324	5714.03	5300.87	0.696223	1.00029
natural[143,1]	0.125489	0.000911749	0.0759023	0.0706089	0.0262353	0.114313	0.265243	6779.85	5482.95	0.826088	1.00003
natural[143,2]	0.47773	0.00413295	0.254939	0.268221	0.101797	0.457598	0.933187	3290.05	3520.4	0.400874	1.00108
natural[143,3]	4.0118	0.069141	3.14084	1.59313	1.37884	2.93874	10.8192	3299.06	2838.58	0.401973	1.00139
natural[144,1]	0.0170276	0.000145814	0.0129363	0.0101092	0.00311834	0.0136897	0.041937	7222.2	5783.24	0.879985	1.00013
natural[144,2]	2.23578	0.00586347	0.569142	0.560102	1.37806	2.1862	3.24083	9106.96	5834.49	1.10963	0.999958
natural[144,3]	1.25705	0.00446432	0.338564	0.286272	0.845422	1.19156	1.89821	7134.57	5497.13	0.869308	1.00031
natural[145,1]	0.0335949	0.000308946	0.0259816	0.0224705	0.00474975	0.0266768	0.0854583	6428.34	5693.41	0.783258	1.00016
natural[145,2]	3.0903	0.00889169	0.819031	0.801557	1.92362	3.00779	4.55213	8446.66	5758.18	1.02918	0.999978
natural[145,3]	4.11365	0.032029	2.43089	2.17717	1.3456	3.5392	8.87573	6778.22	6076.3	0.825889	1.00068
natural[146,1]	0.102764	0.00113108	0.0859368	0.0649562	0.0148126	0.078324	0.269368	6221.21	6019.94	0.758021	1.0005
natural[146,2]	0.0821636	0.000372883	0.0348559	0.0311485	0.036316	0.0764119	0.147271	8556.92	5887.22	1.04261	1.00051
natural[146,3]	15.3978	0.0364537	4.27314	4.22315	8.74284	15.1121	22.8171	14596.7	6431.23	1.77853	1.00089
natural[147,1]	0.120332	0.00238541	0.129875	0.0680774	0.0131192	0.0731666	0.392851	2527.06	5144.8	0.307908	1.00153
natural[147,2]	0.135707	0.00321283	0.155812	0.0944589	0.00276251	0.0683664	0.449102	1901.71	5503.32	0.231713	1.00079
natural[147,3]	7.22781	0.220157	8.74227	2.3145	0.0155716	1.57753	24.3434	2117.39	5322.71	0.257993	1.00127
natural[148,1]	0.26495	0.00187288	0.174441	0.182461	0.0421943	0.231801	0.601827	7881.5	5069.32	0.960318	0.999783
natural[148,2]	0.0890348	0.000882583	0.083232	0.0480368	0.0157098	0.0631142	0.256918	7312.32	5139.1	0.890966	1.00015
natural[148,3]	10.7125	0.063859	5.57933	6.15848	2.6252	10.2391	20.5614	8365.15	5480.65	1.01925	1.0011
natural[149,1]	0.123416	0.00116937	0.0956729	0.0769243	0.0187136	0.0982237	0.314859	6655.43	5632.2	0.810928	1.00007
natural[149,2]	0.0849326	0.000374715	0.036062	0.0323992	0.0383134	0.0786308	0.152584	8716.94	4827.45	1.06211	1.00219
natural[149,3]	15.365	0.037759	4.2984	4.31184	8.70046	15.1407	22.7936	13963.7	5582.56	1.7014	1.00011
natural[150,1]	0.0536682	0.00071623	0.0479976	0.0318498	0.00871414	0.0401465	0.137974	5859.36	5516.34	0.713931	1.00027
natural[150,2]	0.585845	0.00267075	0.213136	0.215293	0.24799	0.580744	0.94915	6007.42	2767.48	0.731971	1.00089
natural[150,3]	0.217231	0.0448489	1.06727	0.126284	0.00104777	0.0948702	0.506424	6228.11	3429.29	0.758861	1.00083
natural[151,1]	0.0166425	0.000118017	0.011489	0.00981161	0.00343256	0.0139504	0.0390893	8864.02	5918.45	1.08003	1.00037
natural[151,2]	2.6444	0.00630499	0.673496	0.645165	1.65753	2.57791	3.83898	11436.4	6545.24	1.39346	1.00036
natural[151,3]	0.658861	0.000982381	0.0870006	0.0803013	0.53735	0.647876	0.815094	7989.11	7353.07	0.973429	1.00033
natural[152,1]	0.15278	0.00166704	0.132211	0.0988916	0.0194488	0.112152	0.425047	9869.66	5556.75	1.20256	0.99975
natural[152,2]	0.089416	0.0010291	0.0978199	0.0469918	0.0125401	0.0564029	0.28333	8338.67	5505.3	1.01602	0.999852
natural[152,3]	10.61	0.0652765	6.00888	6.63549	1.96112	10.1257	21.0681	9203.46	6302.04	1.12139	0.999985
natural[153,1]	0.196624	0.00213716	0.153778	0.12702	0.0291684	0.153736	0.51126	4781.69	5425.12	0.582623	1.00094
natural[153,2]	0.0211037	0.000225426	0.0206197	0.011084	0.00366721	0.0151528	0.0603784	8775.66	5067.91	1.06927	0.999696
natural[153,3]	14.3778	0.0613024	6.60612	6.91821	3.36295	14.387	25.3962	11836.5	6263.42	1.44221	1.00033
natural[154,1]	0.174499	0.00185846	0.147305	0.118107	0.0201309	0.129457	0.48161	6281.33	5571.96	0.765345	0.999791
natural[154,2]	0.184595	0.00304796	0.187211	0.11405	0.0179649	0.104816	0.576024	3112.53	5121.25	0.379245	1.00044
natural[154,3]	7.25232	0.109965	6.17312	5.5086	0.956007	5.17208	19.1501	3543.66	5746.24	0.431775	1.00032
natural[155,1]	0.0571413	0.000496627	0.0411194	0.03662	0.00975266	0.047713	0.135721	6842.35	5942.11	0.833702	0.999862
natural[155,2]	0.871682	0.00461357	0.305143	0.298286	0.369969	0.867194	1.38366	4287.22	2749.4	0.522374	1.0008
natural[155,3]	1.87569	0.0316769	1.28134	0.50921	1.00047	1.58955	3.49254	4491.36	2420.64	0.547248	1.00067
natural[156,1]	0.0773898	0.000866859	0.0638543	0.0468969	0.0125015	0.0610533	0.197429	6496.22	5861.66	0.791529	1.00083
natural[156,2]	0.546203	0.00597058	0.288845	0.310196	0.0784919	0.548566	1.02805	2230.17	2095.74	0.271734	1.00205
natural[156,3]	2.93082	0.086865	3.14151	0.853605	0.980796	1.82303	9.97949	2468.63	1789.86	0.30079	1.00136
natural[157,1]	0.103983	0.000731958	0.0631321	0.0552321	0.0238707	0.0938183	0.219983	7127.64	4677.39	0.868465	1.00093
natural[157,2]	0.365817	0.00443121	0.236741	0.269509	0.0497244	0.339691	0.789106	2461.5	3199.74	0.29992	1.0018
natural[157,3]	4.38153	0.0952114	4.05335	1.70753	1.24692	2.75899	13.6146	2736.31	2719.47	0.333405	1.0018
natural[158,1]	0.0900547	0.00112637	0.0867597	0.0516605	0.0132281	0.0643425	0.257023	7491.01	5400.9	0.912738	1.00026
natural[158,2]	0.0701286	0.000440578	0.0452931	0.032611	0.0227776	0.0588425	0.157576	9893.97	5976.94	1.20553	0.999898
natural[158,3]	12.8575	0.0487964	5.01859	5.19601	5.24378	12.5418	21.7326	11406.8	6104.93	1.38986	0.999956
natural[159,1]	0.128516	0.00192382	0.137243	0.0779065	0.0117363	0.0805198	0.419492	5101.69	5410.99	0.621613	1.00012
natural[159,2]	0.412674	0.00734358	0.485462	0.305358	0.00794889	0.222123	1.37903	3243.85	5609.95	0.395245	1.00001
natural[159,3]	5.47047	0.137454	7.1965	1.58507	0.00478765	1.07842	20.4929	3854.64	5855.54	0.469667	0.999998
natural[160,1]	0.211837	0.001849	0.157426	0.140418	0.0327312	0.170885	0.529406	6542.66	5357.05	0.797187	1.00052
natural[160,2]	0.0420001	0.000658338	0.056915	0.0181864	0.00458759	0.0207893	0.16471	7101.37	5575.43	0.865263	1.00015
natural[160,3]	11.9643	0.0826014	7.18826	8.28888	0.991586	12.1158	23.9081	8063.07	6541.6	0.982441	1.0001
natural[161,1]	0.0749541	0.000695513	0.0612546	0.0464473	0.0117047	0.0591928	0.194829	8035.13	5946.91	0.979037	1.0008
natural[161,2]	0.235125	0.00269038	0.186657	0.14453	0.044728	0.17366	0.621076	3920.82	5726.34	0.47773	1.00136
natural[161,3]	7.22769	0.0840658	4.90233	4.50653	1.76139	5.83141	16.9473	3985.6	5553.6	0.485624	1.00099
natural[162,1]	0.0194721	0.000167242	0.0145878	0.0114565	0.00381354	0.0157963	0.0470299	7693.09	5889.58	0.93736	1.00018
natural[162,2]	2.25517	0.00713632	0.596348	0.589238	1.38867	2.19662	3.33694	6159.49	4175.72	0.7505	1.00035
natural[162,3]	0.344429	0.00163234	0.105374	0.0916908	0.138478	0.360304	0.48616	5354.03	3060.83	0.652359	0.999839
natural[163,1]	0.0647143	0.000477065	0.0487848	0.039304	0.0121314	0.0521182	0.157183	10107.7	5280.46	1.23157	1.00047
natural[163,2]	0.187558	0.00108631	0.104231	0.0894017	0.0658237	0.163249	0.392409	8492.21	6685.22	1.03473	0.999985
natural[163,3]	10.4834	0.0501406	4.41742	4.59088	4.24532	9.93829	18.3878	8910.1	5908.1	1.08565	1.00067
natural[164,1]	0.0631849	0.000411651	0.0427206	0.0379772	0.0126444	0.0545029	0.142059	10020.1	5455.01	1.2209	1.00051
natural[164,2]	0.409796	0.00264031	0.203364	0.212078	0.121093	0.389526	0.779676	5229.33	5538.93	0.637165	1.0001
natural[164,3]	6.16534	0.057814	3.47159	2.74858	2.34197	5.2204	13.2727	4978.33	4486.22	0.606583	1.0
natural[165,1]	0.209209	0.00192387	0.155512	0.136155	0.031394	0.170977	0.51795	5687.19	5355.82	0.692953	1.00093
natural[165,2]	0.0298697	0.000411778	0.0356102	0.0144452	0.00417007	0.0185092	0.0974316	7461.37	5323.32	0.909127	0.999919
natural[165,3]	13.1481	0.0694597	6.75985	7.32273	2.10164	13.2824	24.0455	9606.4	6409.78	1.17049	1.00088
natural[166,1]	0.018479	0.000137189	0.012936	0.0114051	0.00341535	0.015574	0.0431807	8544.16	6072.39	1.04106	1.00101
natural[166,2]	3.23012	0.0143844	1.33189	1.16169	1.49155	3.01128	5.72871	8201.98	5243.12	0.999366	1.00001
natural[166,3]	0.553145	0.00168663	0.133376	0.0817506	0.411384	0.53937	0.737933	8269.51	6311.07	1.0076	1.00009
natural[167,1]	0.188058	0.001185	0.121783	0.109433	0.0411074	0.161048	0.428549	9615.46	4815.46	1.17159	1.00017
natural[167,2]	0.0922794	0.00115054	0.102462	0.0418316	0.016456	0.0547846	0.305243	7061.48	6123.29	0.860403	1.00023
natural[167,3]	10.3292	0.0699866	5.95803	6.79699	1.87994	9.8864	20.9003	7855.48	6227.12	0.957147	1.00044
natural[168,1]	0.0549579	0.000479855	0.0442961	0.0343482	0.00855274	0.0430959	0.1411	6911.32	5686.24	0.842107	1.00036
natural[168,2]	0.3312	0.00147372	0.150023	0.147095	0.126768	0.309936	0.611628	9273.36	4902.75	1.12991	1.0001
natural[168,3]	10.9276	0.0406463	3.87484	3.9327	5.20426	10.5631	17.8737	10462.8	4735.02	1.27484	1.00134
natural[169,1]	0.0471976	0.000435398	0.037598	0.0291577	0.00757241	0.0373775	0.11877	7918.81	5911.59	0.964863	1.00006
natural[169,2]	0.819177	0.0025015	0.229479	0.226454	0.467711	0.809	1.21389	8067.33	4923.91	0.98296	1.00023
natural[169,3]	0.117673	0.00335669	0.277662	0.0898098	0.000566836	0.0656046	0.375679	8216.11	5484.33	1.00109	0.999965
natural[170,1]	0.115436	0.00109042	0.095212	0.0766513	0.0154006	0.0884834	0.30828	7285.66	6074.64	0.887718	0.999947
natural[170,2]	0.117183	0.000515667	0.0493693	0.0454053	0.0524221	0.108805	0.208737	9075.57	5274.07	1.10581	0.999958
natural[170,3]	14.4582	0.0376738	4.16692	4.27223	8.10532	14.1846	21.8326	13277.1	5579.82	1.61775	1.00071
natural[171,1]	0.145505	0.00197904	0.13294	0.0926864	0.017849	0.103787	0.419593	4958.73	5435.91	0.604194	1.00032
natural[171,2]	0.155988	0.00312545	0.176534	0.0930497	0.00745477	0.0739022	0.520005	2556.94	5008.33	0.311549	1.0013
natural[171,3]	7.17148	0.145686	7.30022	4.82207	0.33794	3.82795	21.307	3567.93	5142.29	0.434733	1.00144
natural[172,1]	0.105304	0.00107105	0.0890638	0.0638975	0.0156298	0.0787406	0.28897	5951.85	4740.59	0.725201	1.00078
natural[172,2]	0.0818996	0.000372959	0.0336062	0.0310096	0.0374204	0.076592	0.144975	7923.42	4545.28	0.965425	1.00009
natural[172,3]	16.2098	0.038916	4.11947	4.14607	9.87856	15.9678	23.2887	11835.6	5309.52	1.4421	1.00093
natural[173,1]	0.0424797	0.000554532	0.043085	0.0250731	0.00510949	0.0286749	0.126271	7130.45	6231.66	0.868807	1.00056
natural[173,2]	0.877688	0.00299126	0.271055	0.266661	0.458148	0.863779	1.35012	7809.78	4143.67	0.951579	1.00038
natural[173,3]	7.23412	0.0368958	3.10072	3.00044	3.01367	6.77079	12.9834	8519.39	5650.1	1.03804	1.00012
natural[174,1]	0.22664	0.00268467	0.186162	0.165018	0.0231477	0.172222	0.60837	4666.58	5866.19	0.568597	1.00074
natural[174,2]	0.0850684	0.00176243	0.111962	0.0322892	0.00399664	0.0274369	0.327478	3435.0	5569.42	0.418535	1.00064
natural[174,3]	9.09808	0.14319	8.16967	10.2576	0.0826375	7.75368	23.4245	3929.58	6820.77	0.478798	1.00037
natural[175,1]	0.0665428	0.000777802	0.0615335	0.0391354	0.00932013	0.0466843	0.189471	5717.32	6023.91	0.696624	0.999981
natural[175,2]	0.200276	0.000994989	0.0872565	0.0797435	0.0843078	0.185552	0.368533	7722.86	5302.59	0.940988	1.00137
natural[175,3]	13.4147	0.0395359	4.02056	4.10126	7.2965	13.1537	20.5296	11336.5	6075.69	1.38129	1.00073
natural[176,1]	0.124847	0.00111004	0.0948978	0.0746021	0.0213923	0.102523	0.305242	6687.66	4840.23	0.814855	1.00043
natural[176,2]	0.0470534	0.000305004	0.0312126	0.0223332	0.0140355	0.0394811	0.105104	9787.66	5730.03	1.19257	1.0001
natural[176,3]	13.5604	0.0495823	5.2174	5.27737	5.40173	13.2912	22.6575	11847.6	6276.82	1.44357	0.999799
natural[177,1]	0.118864	0.000784672	0.0519956	0.0432779	0.0516533	0.111645	0.206785	6037.26	4423.56	0.735607	1.00017
natural[177,2]	0.749884	0.00443588	0.285384	0.278146	0.278681	0.748524	1.22327	4050.9	1870.84	0.49358	1.00081
natural[177,3]	1.48161	0.0411757	1.46187	0.40351	0.678605	1.19428	2.70754	5774.84	2005.59	0.703633	1.00089
natural[178,1]	0.202062	0.00217361	0.166019	0.13052	0.0265704	0.151691	0.542218	5280.38	5330.06	0.643385	1.00049
natural[178,2]	0.0354639	0.000656491	0.0517311	0.0145884	0.00289583	0.0153926	0.14786	5983.46	6289.06	0.729052	1.00074
natural[178,3]	12.2248	0.102605	7.84646	9.14095	0.368492	12.5486	25.0454	6633.62	6449.19	0.80827	0.999908
natural[179,1]	0.334922	0.00123643	0.102234	0.0996469	0.171041	0.334734	0.502326	6964.35	4349.12	0.848568	1.00005
natural[179,2]	0.536616	0.0027882	0.233521	0.232305	0.188913	0.515128	0.954478	6266.44	4385.06	0.763532	1.00062
natural[179,3]	4.15212	0.0367206	2.4478	1.7973	1.6039	3.52303	8.72087	6407.33	4310.7	0.780699	1.00019
natural[180,1]	0.0955377	0.000731548	0.071295	0.0596875	0.015048	0.0780844	0.237872	9057.46	5362.64	1.1036	1.00027
natural[180,2]	0.342793	0.00207593	0.187719	0.179363	0.106631	0.305314	0.707043	6992.43	6356.57	0.851989	1.00031
natural[180,3]	7.92165	0.0549754	3.96532	3.84906	2.89256	7.15902	15.4137	6553.08	5066.34	0.798457	1.00053
natural[181,1]	0.0836235	0.000859936	0.0702117	0.0514533	0.0127684	0.0632508	0.227843	5892.53	5047.29	0.717973	0.999977
natural[181,2]	0.120201	0.000605466	0.058482	0.0502154	0.0489897	0.109387	0.23251	9134.34	5699.66	1.11297	1.00085
natural[181,3]	13.1466	0.0432199	4.37327	4.52034	6.56677	12.7931	20.7978	11699.0	5269.68	1.42546	1.00036
natural[182,1]	0.285271	0.00203197	0.177162	0.17977	0.050653	0.255689	0.629721	6350.32	4927.67	0.773752	0.999931
natural[182,2]	0.0235104	0.000242211	0.0237042	0.0122389	0.00400939	0.0164332	0.0681724	8904.4	5873.21	1.08495	1.00051
natural[182,3]	14.0373	0.0637267	6.48236	6.83386	3.38322	14.0441	24.7408	10708.1	5965.58	1.30472	1.00102
natural[183,1]	0.0362222	0.000284208	0.0277057	0.0238165	0.0051333	0.0289731	0.09295	9030.48	5665.17	1.10031	1.00047
natural[183,2]	4.7905	0.0149341	1.30326	1.1936	3.01941	4.59822	7.21367	8363.06	5258.39	1.01899	1.00018
natural[183,3]	0.0217584	0.000454514	0.041424	0.00514725	6.42431e-06	0.00349328	0.114459	9730.53	6088.42	1.18561	1.00017
natural[184,1]	0.125893	0.000914204	0.0791671	0.0766288	0.0248294	0.110901	0.279303	6469.15	5086.46	0.78823	0.999971
natural[184,2]	0.608181	0.00267206	0.227531	0.232236	0.267173	0.593557	1.00698	6759.15	4817.73	0.823566	1.00047
natural[184,3]	8.26426	0.0411615	3.37883	3.28949	3.53686	7.83957	14.5415	8130.61	5827.8	0.99067	0.999865
natural[185,1]	0.231796	0.00175843	0.160227	0.154672	0.0357159	0.197732	0.540788	7687.44	4724.48	0.936672	1.00012
natural[185,2]	0.0689933	0.000821983	0.0753641	0.033516	0.0104549	0.0421505	0.229617	7355.33	5860.03	0.896207	1.00015
natural[185,3]	10.7312	0.0719944	6.24537	7.13154	1.67692	10.3789	21.648	8862.4	5449.29	1.07983	1.00084
natural[186,1]	0.0870068	0.00073186	0.0664317	0.0534825	0.0138269	0.0695303	0.22008	8358.46	6389.01	1.01843	1.00079
natural[186,2]	0.435458	0.00191528	0.182454	0.187709	0.173742	0.416296	0.763251	8627.93	6042.21	1.05127	1.0011
natural[186,3]	9.69511	0.039358	3.63264	3.64015	4.54352	9.25063	16.2705	10020.7	6148.57	1.22097	0.999894
natural[187,1]	0.0824664	0.000772062	0.0663903	0.0522665	0.0125332	0.0643978	0.212619	6375.02	5401.88	0.776761	1.00039
natural[187,2]	0.105778	0.000485801	0.0422443	0.0395009	0.0493403	0.0995445	0.183122	8190.02	5190.35	0.997909	1.00012
natural[187,3]	16.3889	0.0359634	4.15355	4.1873	10.058	16.196	23.7207	14331.9	6265.24	1.74626	1.00022
natural[188,1]	0.0358639	0.000491753	0.0384025	0.0208501	0.00423361	0.0233836	0.112531	6964.06	6018.34	0.848532	0.999872
natural[188,2]	0.581931	0.00257082	0.230797	0.233996	0.242354	0.558986	0.990495	7412.75	4794.31	0.903203	0.999874
natural[188,3]	8.84005	0.042119	3.50059	3.49773	3.90764	8.38244	15.2131	8245.2	4934.5	1.00463	1.00081
natural[189,1]	0.0527662	0.000808971	0.0559986	0.0301147	0.00691182	0.035427	0.160812	5633.47	5873.91	0.686407	1.00087
natural[189,2]	0.42587	0.00516099	0.274086	0.316134	0.0536787	0.40178	0.909725	2528.26	3711.6	0.308055	1.00181
natural[189,3]	4.17259	0.0920819	4.04963	1.53104	1.13389	2.47138	13.4499	2506.88	3208.67	0.30545	1.00184
natural[190,1]	0.0296848	0.00020175	0.0204765	0.0174647	0.00580815	0.025293	0.0678324	9654.75	5849.07	1.17638	1.00002
natural[190,2]	1.2656	0.00412239	0.350292	0.352118	0.731953	1.2382	1.87076	6837.44	5643.74	0.833105	1.00038
natural[190,3]	0.375741	0.00193415	0.152719	0.140609	0.0805039	0.389641	0.603697	6633.07	4309.21	0.808204	1.00078
natural[191,1]	0.0924035	0.00227184	0.105893	0.0520967	0.0101041	0.0583439	0.299557	2907.33	2806.03	0.354243	1.00109
natural[191,2]	0.396563	0.00619326	0.273539	0.298701	0.00730097	0.381977	0.876447	1607.99	1782.81	0.195925	1.00188
natural[191,3]	2.30978	0.196542	5.68044	0.243565	0.00145514	0.175115	16.9488	1866.98	1723.23	0.227481	1.00132
natural[192,1]	0.0964098	0.000912199	0.0842958	0.0606237	0.0122397	0.0719348	0.265965	8500.28	5851.72	1.03571	1.00006
natural[192,2]	0.256073	0.00146047	0.15014	0.134221	0.0725489	0.225617	0.547758	9886.34	5207.64	1.2046	0.999999
natural[192,3]	11.1282	0.0414535	4.23769	4.30383	4.77853	10.7585	18.7001	11936.1	6179.09	1.45435	1.00001
natural[193,1]	0.185752	0.00150068	0.131858	0.118868	0.030764	0.154117	0.438659	7105.71	5999.97	0.865792	1.00024
natural[193,2]	0.0410735	0.000433876	0.0428411	0.0203128	0.00714776	0.0276539	0.127374	9012.53	6021.99	1.09813	1.00002
natural[193,3]	12.409	0.0591274	6.25179	6.70237	2.53353	12.3342	23.0724	11855.5	6126.43	1.44453	0.999853
natural[194,1]	0.0309092	0.000346776	0.0282204	0.0178734	0.00489301	0.0231582	0.083377	7737.05	5416.6	0.942718	1.0007
natural[194,2]	1.23524	0.00640664	0.493177	0.468754	0.514902	1.19386	2.12068	5229.39	4594.0	0.637172	1.00029
natural[194,3]	0.445458	0.00444828	0.33172	0.206905	0.0258964	0.44157	0.816616	5901.57	3877.35	0.719074	1.00006
natural[195,1]	0.0342267	0.00025262	0.0243347	0.0202509	0.00640389	0.0286799	0.0808005	8237.0	5640.29	1.00363	1.0003
natural[195,2]	1.37432	0.00368376	0.36623	0.358344	0.815594	1.34877	2.02233	9100.56	4663.24	1.10885	1.00055
natural[195,3]	0.479782	0.0016894	0.136805	0.118858	0.249607	0.483384	0.697619	6897.94	4240.33	0.840476	1.00017
natural[196,1]	0.0621609	0.000684588	0.0453725	0.0363876	0.0118236	0.0522388	0.141453	5634.58	4204.7	0.686543	1.00081
natural[196,2]	0.644983	0.00570744	0.2885	0.28877	0.143965	0.645413	1.12687	2441.42	1513.88	0.297474	1.00147
natural[196,3]	1.93613	0.0604807	2.19186	0.511348	0.785817	1.3496	4.9184	2616.47	1414.91	0.318802	1.0015
natural[197,1]	0.0261179	0.000276068	0.0214396	0.0149943	0.00500142	0.0210345	0.063512	7886.85	5605.69	0.960969	1.00019
natural[197,2]	0.864396	0.00376718	0.294182	0.288799	0.399923	0.856622	1.36008	5862.19	3449.33	0.714275	1.00006
natural[197,3]	0.757237	0.0187929	0.838796	0.215704	0.326508	0.679747	1.20162	6784.75	4494.66	0.826685	1.00074
natural[198,1]	0.225467	0.00177189	0.152741	0.142879	0.0387674	0.193264	0.52449	6186.67	4941.57	0.753812	1.00044
natural[198,2]	0.0298435	0.000260172	0.0253555	0.0146059	0.00664541	0.0228468	0.0772423	9197.07	5323.36	1.12061	0.999955
natural[198,3]	13.7834	0.0544444	5.9736	6.30115	4.12216	13.634	23.6044	12321.4	6628.28	1.5013	1.0011
natural[199,1]	0.037702	0.000339774	0.0272917	0.0222878	0.00775084	0.0315185	0.0869033	6765.55	5470.2	0.824345	1.00029
natural[199,2]	0.812149	0.00271549	0.24864	0.244227	0.424157	0.80007	1.2452	7996.46	5008.68	0.974325	0.999777
natural[199,3]	0.184008	0.00198862	0.169331	0.177296	0.00151023	0.149687	0.482608	6050.23	5601.84	0.737187	1.00033
natural[200,1]	0.086786	0.000680491	0.0690668	0.0558509	0.0131133	0.0683161	0.227156	9813.04	6140.05	1.19567	1.0011
natural[200,2]	0.188016	0.001342	0.129603	0.0974204	0.0527512	0.149445	0.450974	7910.2	6335.12	0.963814	1.00003
natural[200,3]	9.3507	0.05855	4.77114	4.97983	2.95292	8.63739	18.2195	7790.81	5743.31	0.949268	1.00036
natural[201,1]	0.195481	0.0027824	0.174932	0.129279	0.0215774	0.135459	0.563639	3614.34	5357.11	0.440388	1.00139
natural[201,2]	0.0927559	0.00201677	0.1249	0.0316639	0.00337356	0.0260469	0.363799	3163.61	5309.96	0.385469	1.00069
natural[201,3]	9.07237	0.154736	8.4666	10.3534	0.0482383	7.47036	23.771	3624.63	6283.81	0.441641	1.00072
natural[202,1]	0.253309	0.00275264	0.203644	0.188947	0.0256459	0.195372	0.666266	5327.33	6200.11	0.649105	1.00012
natural[202,2]	0.178169	0.00299686	0.186289	0.145179	0.0062097	0.111154	0.544821	3122.2	5123.52	0.380422	1.00014
natural[202,3]	6.12885	0.145038	7.42165	2.86146	0.0166141	1.96989	21.2201	3520.64	5843.83	0.428971	1.00002
natural[203,1]	0.13098	0.0014672	0.111614	0.0792832	0.0204879	0.0985047	0.361542	5888.0	5099.11	0.71742	1.00104
natural[203,2]	0.0384929	0.000361591	0.0364874	0.0195375	0.00771056	0.0284268	0.103678	9352.96	5311.92	1.13961	0.999868
natural[203,3]	13.1496	0.0579643	5.96858	6.16153	3.69882	12.9538	23.2989	11176.2	5988.27	1.36176	1.00087
natural[204,1]	0.0930155	0.000998174	0.0770799	0.0595063	0.0133119	0.0709735	0.244963	5489.26	5403.37	0.668836	1.00039
natural[204,2]	0.10119	0.000453183	0.0392963	0.0361677	0.0479466	0.0951859	0.173116	8130.85	5130.13	0.990699	1.00033
natural[204,3]	16.3673	0.037063	3.98299	4.01402	10.092	16.1469	23.1022	12117.0	5827.4	1.47639	0.99999
natural[205,1]	0.100492	0.000946031	0.0774551	0.0660974	0.0143454	0.0795797	0.255584	6270.97	5119.43	0.764083	1.00076
natural[205,2]	0.121785	0.000533013	0.0488889	0.0455336	0.0570122	0.114409	0.213863	8528.8	5164.13	1.03919	1.00016
natural[205,3]	15.5343	0.0373884	4.05295	4.10113	9.18433	15.3302	22.4801	12508.3	6018.37	1.52406	1.0
natural[206,1]	0.0995499	0.000975293	0.0889083	0.0618705	0.0131531	0.0730817	0.279472	8350.67	4620.71	1.01748	1.00048
natural[206,2]	0.116972	0.000620864	0.0632294	0.0554302	0.0383275	0.105109	0.237734	10292.6	4869.6	1.2541	1.0001
natural[206,3]	14.0135	0.0396752	4.36387	4.31016	7.27175	13.7996	21.663	12755.4	6218.34	1.55417	1.00054
natural[207,1]	0.0460864	0.000378345	0.0326219	0.0267329	0.00907516	0.0391668	0.106089	7104.17	5357.02	0.865605	1.00043
natural[207,2]	1.04383	0.00454039	0.339557	0.329768	0.508682	1.03694	1.61936	5405.06	3243.86	0.658577	1.00109
natural[207,3]	1.64403	0.0208458	0.965859	0.449312	0.915737	1.44279	2.86888	5930.01	3318.21	0.722539	1.0014
natural[208,1]	0.0651381	0.000711961	0.0590204	0.0380152	0.0100057	0.0470593	0.177746	8164.58	5992.52	0.99481	0.999991
natural[208,2]	0.410315	0.00419316	0.246748	0.272761	0.0753067	0.379939	0.850594	3036.57	4070.86	0.369989	1.00054
natural[208,3]	4.70143	0.0798367	3.69163	2.0315	1.49552	3.32189	12.7949	2992.94	3042.44	0.364674	1.00049
natural[209,1]	0.061431	0.00216617	0.0573333	0.0341184	0.0110869	0.0478749	0.151191	1822.85	839.143	0.222104	1.0012
natural[209,2]	0.486724	0.00668137	0.214807	0.210232	0.125133	0.485306	0.841952	1005.04	268.149	0.122459	1.0012
natural[209,3]	0.704493	0.243921	3.3041	0.118846	0.00106807	0.0882147	0.780862	1100.12	264.882	0.134044	1.00107
natural[210,1]	0.0870436	0.000644927	0.0529776	0.0545216	0.0151888	0.0794253	0.185963	5798.54	4705.86	0.70652	1.00057
natural[210,2]	1.98883	0.00560845	0.502029	0.483109	1.24634	1.94153	2.89204	7939.15	6473.52	0.967342	1.00061
natural[210,3]	2.1334	0.012563	0.962507	0.729809	1.08172	1.89519	3.97857	6638.29	6104.05	0.80884	1.00081
natural[211,1]	0.0373735	0.00029614	0.0269814	0.0225747	0.00702231	0.0309651	0.0895983	7776.14	5853.86	0.94748	1.00015
natural[211,2]	0.936082	0.00252652	0.236527	0.230734	0.566498	0.927681	1.34556	8614.12	4970.87	1.04958	1.00053
natural[211,3]	0.066557	0.000881707	0.0873923	0.0413676	0.000217539	0.0293394	0.257376	8381.01	6221.11	1.02118	1.00036
natural[212,1]	0.0372625	0.000420274	0.0337601	0.0216963	0.0062212	0.0282199	0.0977792	8155.66	5561.99	0.993723	1.00056
natural[212,2]	1.35665	0.00694157	0.542766	0.531047	0.585193	1.2962	2.34036	5177.64	4461.2	0.630868	1.00046
natural[212,3]	0.530965	0.0175155	0.673717	0.20336	0.0636289	0.520903	0.883176	5224.52	3126.54	0.636579	1.00179
natural[213,1]	0.152584	0.00108476	0.113544	0.106375	0.0212626	0.125381	0.375673	10360.4	6167.5	1.26236	0.999937
natural[213,2]	0.112964	0.000918208	0.0899464	0.0536056	0.0305354	0.085233	0.294567	8812.17	6015.7	1.07371	0.999955
natural[213,3]	10.5391	0.054219	5.11908	5.45835	3.08571	10.1187	19.7004	9853.77	5754.43	1.20063	0.999939
natural[214,1]	0.102237	0.000994879	0.0841517	0.0655722	0.0151359	0.07827	0.271947	6295.32	5741.46	0.76705	1.00013
natural[214,2]	0.100883	0.000427817	0.0397655	0.0374738	0.0476555	0.0949434	0.175773	8585.45	5004.48	1.04609	1.00016
natural[214,3]	16.3229	0.0361531	4.09752	4.08572	9.99916	16.1396	23.445	13750.1	6353.4	1.67538	1.00033
natural[215,1]	0.069321	0.000330154	0.0300956	0.0309447	0.02291	0.0676415	0.121059	7390.5	4147.45	0.900492	1.00031
natural[215,2]	1.8786	0.00463082	0.430471	0.422973	1.22507	1.84973	2.63226	8620.56	5945.7	1.05037	0.999958
natural[215,3]	0.601906	0.00116838	0.104215	0.0977071	0.439047	0.599171	0.773048	7909.67	6341.15	0.963751	1.00023
natural[216,1]	0.0726159	0.000603289	0.0508898	0.0442612	0.0127653	0.061138	0.170338	7112.46	5945.08	0.866615	1.00023
natural[216,2]	0.656316	0.00390856	0.268747	0.270227	0.218073	0.647964	1.10636	4305.57	2568.74	0.524611	1.00095
natural[216,3]	2.21538	0.039384	1.67257	0.686773	0.997853	1.76118	4.82067	4126.26	2457.18	0.502763	1.00117
natural[217,1]	0.0660874	0.000912555	0.0726491	0.0390264	0.00691797	0.042007	0.212991	7160.95	6232.96	0.872522	0.999959
natural[217,2]	1.2627	0.0046623	0.382404	0.378288	0.665845	1.24528	1.9182	6552.88	4802.85	0.798432	1.00041
natural[217,3]	1.52704	0.0104187	0.647555	0.402655	0.89606	1.37118	2.6717	5582.16	4478.34	0.680156	1.00048
natural[218,1]	0.122268	0.00144554	0.110978	0.0762106	0.0154902	0.0878737	0.352416	5863.57	6034.5	0.714444	1.00068
natural[218,2]	0.275764	0.00402102	0.221815	0.239201	0.025416	0.225384	0.698536	2466.45	3397.9	0.300523	1.00235
natural[218,3]	5.17074	0.113453	5.22945	2.29739	0.94192	2.74361	16.7333	3011.83	3460.37	0.366974	1.00203
natural[219,1]	0.140231	0.00115107	0.109306	0.0908868	0.0203987	0.110945	0.358232	9138.33	6016.96	1.11346	1.00024
natural[219,2]	0.113749	0.000621399	0.0599279	0.0491459	0.0433856	0.100682	0.225393	8620.72	5808.51	1.05039	1.00042
natural[219,3]	12.4558	0.0456068	4.46487	4.46559	5.6281	12.1274	20.3135	10856.5	5506.03	1.32281	0.999878
natural[220,1]	0.145838	0.00122058	0.107344	0.0944079	0.0215566	0.119206	0.360036	7475.13	5918.33	0.910804	1.0004
natural[220,2]	0.085505	0.000383839	0.0356153	0.0319257	0.0387022	0.0795605	0.153195	8278.49	5209.2	1.00869	1.00101
natural[220,3]	15.5133	0.0384848	4.19706	4.21873	9.13204	15.2479	22.8898	12704.2	5457.3	1.54794	1.00103
natural[221,1]	0.126164	0.00131342	0.101838	0.0814799	0.0173477	0.101943	0.327586	6393.42	5443.38	0.779003	1.00022
natural[221,2]	0.312505	0.00506077	0.253176	0.294633	0.020354	0.271311	0.791412	2152.89	3735.8	0.262318	1.00036
natural[221,3]	4.63257	0.121119	5.41069	1.5607	0.696894	1.94515	16.8988	2780.24	3923.02	0.338757	1.00055
natural[222,1]	0.0747664	0.000630247	0.0576023	0.045002	0.0131897	0.0603419	0.188648	8103.22	5082.23	0.987332	1.00018
natural[222,2]	0.131452	0.000675915	0.0661367	0.0559033	0.0521243	0.118368	0.255049	9290.9	6665.63	1.13205	1.00019
natural[222,3]	12.7304	0.0428677	4.341	4.52985	6.15283	12.3817	20.3601	11208.2	6320.0	1.36566	1.00075
natural[223,1]	0.0498887	0.000449794	0.0348417	0.0294058	0.010014	0.0424008	0.114357	6666.46	5435.32	0.812272	1.00103
natural[223,2]	0.724306	0.0052665	0.292593	0.283049	0.235027	0.725653	1.20194	2880.23	1417.9	0.35094	1.00035
natural[223,3]	2.05378	0.0697728	2.03269	0.576608	0.925361	1.56509	4.4334	2827.36	1360.07	0.344498	1.00069
natural[224,1]	0.178974	0.00172079	0.140999	0.115589	0.0264092	0.140665	0.467581	6713.67	5219.97	0.818023	1.00009
natural[224,2]	0.0474721	0.000600253	0.0537284	0.0227374	0.00752229	0.0294193	0.156135	7289.25	5261.5	0.888155	1.00034
natural[224,3]	11.7708	0.0713985	6.44277	7.23834	1.95702	11.5998	22.7189	8482.88	6019.89	1.03359	1.00056
natural[225,1]	0.18056	0.00201214	0.152576	0.11506	0.0235829	0.131491	0.500783	5821.33	5397.63	0.709298	1.00086
natural[225,2]	0.0299487	0.000346706	0.0314333	0.0143587	0.00538617	0.0206823	0.0899829	8171.01	5577.62	0.995593	1.00016
natural[225,3]	13.3813	0.0643891	6.31625	6.64964	3.01981	13.3703	24.1214	10108.7	6142.5	1.23169	1.00018
natural[226,1]	0.10172	0.000788787	0.081529	0.0636326	0.0164138	0.080515	0.261602	10757.0	5811.14	1.31068	1.00013
natural[226,2]	0.144079	0.00101035	0.10526	0.0738746	0.0386516	0.111518	0.356798	8523.35	6027.79	1.03852	0.999669
natural[226,3]	9.49202	0.0579863	4.91875	5.19397	2.78357	8.8256	18.4996	8398.39	5568.26	1.0233	0.999824
natural[227,1]	0.268513	0.00150285	0.156442	0.153945	0.0623345	0.240898	0.567419	10655.5	4962.94	1.29832	1.00029
natural[227,2]	0.104323	0.00108914	0.092868	0.0535339	0.0224384	0.0724369	0.296055	5864.12	5623.55	0.714511	1.00014
natural[227,3]	9.69299	0.0771107	5.52209	6.07457	2.23897	9.03573	19.6802	5838.34	5487.73	0.71137	1.00035
natural[228,1]	0.0939317	0.000884126	0.0718189	0.0589553	0.0156751	0.0758912	0.237564	5903.65	6153.35	0.719328	1.00025
natural[228,2]	0.101765	0.000432099	0.0410594	0.0373133	0.0471578	0.0951602	0.178588	8961.06	5201.53	1.09186	1.00113
natural[228,3]	16.193	0.0372753	4.13081	4.01726	9.76159	15.9743	23.5623	13456.9	5563.54	1.63965	1.00014
natural[229,1]	0.0834274	0.00075264	0.0671597	0.0533265	0.0117294	0.0655973	0.218929	6804.44	5776.67	0.829083	1.00045
natural[229,2]	0.242544	0.00114076	0.110223	0.102969	0.0958735	0.223628	0.449471	9381.59	5730.63	1.1431	1.00106
natural[229,3]	12.3177	0.0402136	4.06659	4.13916	6.16327	11.9918	19.449	11546.8	5681.18	1.40691	1.00072
natural[230,1]	0.146718	0.0012686	0.112393	0.0984695	0.0209399	0.116513	0.367788	7281.79	6274.2	0.887247	1.00019
natural[230,2]	0.0589429	0.000295375	0.0289935	0.0249743	0.0229756	0.0531445	0.113151	9036.68	5096.13	1.10107	0.99979
natural[230,3]	14.7401	0.0412679	4.59266	4.71169	7.63817	14.5483	22.7554	13026.1	6146.76	1.58716	1.00112
natural[231,1]	0.115309	0.00108786	0.083872	0.0759718	0.0162082	0.0966098	0.277714	6260.62	5246.26	0.762823	1.00021
natural[231,2]	0.998293	0.00695388	0.464284	0.453034	0.292433	0.962003	1.80323	3950.86	2897.95	0.481391	1.00062
natural[231,3]	1.63025	0.0339238	1.53561	0.537943	0.64811	1.2414	3.60303	5250.64	2366.53	0.639761	1.00175
natural[232,1]	0.22309	0.00161901	0.145097	0.158855	0.0309619	0.20122	0.490275	7570.17	5375.31	0.922384	0.999895
natural[232,2]	0.117944	0.000622748	0.0589149	0.0504221	0.0460353	0.105762	0.235163	8180.64	5554.01	0.996767	1.0001
natural[232,3]	12.953	0.0416073	4.31333	4.45073	6.46779	12.667	20.5593	11974.6	6185.28	1.45904	1.0006
natural[233,1]	0.137073	0.00124561	0.10739	0.0893857	0.0206784	0.107705	0.343567	7113.03	5552.23	0.866684	1.00076
natural[233,2]	0.049913	0.000463337	0.0447079	0.0243576	0.0109555	0.0372585	0.132981	7826.52	4915.53	0.953618	1.00051
natural[233,3]	12.4488	0.0581627	5.71989	6.05793	3.62675	12.163	22.4162	10455.9	6244.61	1.274	1.00056
natural[234,1]	0.221894	0.00180275	0.163498	0.149152	0.0327473	0.1809	0.553553	7882.03	5444.87	0.960382	1.00101
natural[234,2]	0.0375374	0.000300019	0.0305477	0.0190847	0.00896161	0.0290699	0.0960437	8716.02	5356.37	1.062	1.00075
natural[234,3]	13.171	0.0541741	5.62919	5.88796	4.16159	13.0556	22.6439	11449.7	5927.9	1.39508	1.00014
natural[235,1]	0.0246288	0.00014753	0.0149726	0.0145447	0.00517044	0.022209	0.0516152	8441.99	5426.93	1.02861	1.00013
natural[235,2]	3.38669	0.00866694	0.908632	0.854082	2.11826	3.27963	5.03004	11755.9	6798.55	1.43239	1.00054
natural[235,3]	0.545104	0.000764821	0.069306	0.0624512	0.444866	0.538595	0.668574	8275.62	7447.95	1.00834	1.00048
natural[236,1]	0.103461	0.00102463	0.0850984	0.062558	0.0169305	0.0806338	0.267885	7710.23	5686.14	0.939449	1.00031
natural[236,2]	0.0695067	0.000570228	0.05466	0.0327078	0.0183572	0.0537995	0.178238	8514.03	5177.66	1.03739	1.00017
natural[236,3]	11.9724	0.0545631	5.32084	5.72011	3.83158	11.7548	21.1688	10003.7	6600.25	1.2189	1.001
natural[237,1]	0.111084	0.000990971	0.0861814	0.0707852	0.0171438	0.0880506	0.28411	6641.12	5855.11	0.809184	1.00001
natural[237,2]	0.088011	0.000406979	0.0399051	0.0355884	0.0375354	0.0809577	0.163341	9269.36	5574.95	1.12942	1.00007
natural[237,3]	14.376	0.041247	4.32172	4.30333	7.77172	14.1092	21.8803	11890.8	5713.6	1.44883	1.00065
natural[238,1]	0.111841	0.00108322	0.0924317	0.0704296	0.0162055	0.0859534	0.301523	6716.46	5495.04	0.818364	0.999957
natural[238,2]	0.0679863	0.000387923	0.0381059	0.0294581	0.0247388	0.0588628	0.141477	7809.87	5253.64	0.951589	1.00056
natural[238,3]	13.4209	0.0478775	4.81226	4.90311	6.01125	13.1144	21.8717	10922.3	6229.46	1.33082	1.00032
natural[239,1]	0.0481069	0.000667083	0.052656	0.0273501	0.00630643	0.0321271	0.148024	7346.3	6237.4	0.895107	1.00018
natural[239,2]	0.661788	0.00312204	0.254699	0.255991	0.278615	0.646411	1.10604	6337.02	4387.47	0.772131	1.00015
natural[239,3]	8.08058	0.0408077	3.37199	3.32908	3.40976	7.61695	14.3319	8150.23	5657.78	0.99306	0.999888
natural[240,1]	0.127343	0.00145322	0.113378	0.0785646	0.0171534	0.092382	0.361056	6029.52	5965.86	0.734664	1.00025
natural[240,2]	0.0371617	0.000308826	0.0302042	0.0186404	0.00861122	0.0291897	0.091748	8610.46	4998.72	1.04914	1.00058
natural[240,3]	13.5149	0.054672	5.71197	6.04206	4.51937	13.3871	23.0428	11347.3	6016.46	1.3826	1.00122
natural[241,1]	0.23454	0.00195206	0.173595	0.159759	0.0330975	0.191676	0.582458	7752.74	5919.81	0.944629	0.999995
natural[241,2]	0.0339198	0.000308831	0.0295939	0.0173264	0.00737036	0.0257439	0.0902316	8027.81	5383.36	0.978144	1.00042
natural[241,3]	13.2734	0.0590748	5.96023	6.29321	3.82362	13.0724	23.4515	10841.2	5768.01	1.32094	1.0003
natural[242,1]	0.115272	0.00116659	0.0988348	0.0719776	0.0162379	0.0849511	0.314413	8134.99	5956.37	0.991204	1.00081
natural[242,2]	0.112701	0.000794854	0.0813564	0.0578771	0.0275636	0.0923396	0.270946	9749.64	5198.82	1.18794	1.00027
natural[242,3]	11.6998	0.0460736	4.90556	5.05641	4.2946	11.3237	20.3401	12952.4	5699.43	1.57818	1.00032
natural[243,1]	0.0768777	0.000732944	0.0651258	0.0478532	0.0110384	0.0579518	0.210769	7208.54	6208.42	0.878321	0.999805
natural[243,2]	0.212628	0.00102784	0.0995001	0.0913436	0.0825997	0.194792	0.40165	9627.02	5408.76	1.173	0.999924
natural[243,3]	12.741	0.0377577	4.03158	4.06766	6.64998	12.4165	19.8939	12592.1	6168.72	1.53428	1.00001
natural[244,1]	0.196222	0.00147491	0.139696	0.133322	0.0276659	0.167037	0.466476	7141.88	5176.11	0.870199	1.00059
natural[244,2]	0.0892904	0.00113271	0.0992539	0.0410327	0.0150214	0.0534088	0.300155	6217.75	5547.24	0.757599	1.00031
natural[244,3]	10.3159	0.073571	6.07835	6.86391	1.66408	9.90096	20.7147	7908.7	6113.97	0.963632	1.00044
natural[245,1]	0.238898	0.0014956	0.143334	0.140653	0.0488024	0.216157	0.507528	8498.5	5537.11	1.0355	1.00045
natural[245,2]	0.0478602	0.000283913	0.0282221	0.0223236	0.0151654	0.041798	0.100471	8688.43	6054.83	1.05864	0.999885
natural[245,3]	14.1457	0.0448433	4.88759	4.95659	6.4734	13.9395	22.6606	12611.8	6289.89	1.53668	1.00063
natural[246,1]	0.183506	0.00166825	0.13908	0.11711	0.0287307	0.148099	0.461975	7662.64	5570.4	0.93365	1.00012
natural[246,2]	0.0365934	0.000297577	0.0291644	0.0179639	0.00873869	0.0287868	0.091302	7951.05	4987.36	0.968792	1.00023
natural[246,3]	13.4384	0.0533172	5.59324	5.90423	4.57984	13.2618	22.9629	11514.4	6315.74	1.40297	1.00077
natural[247,1]	0.143634	0.0013319	0.114911	0.0876157	0.0226604	0.112486	0.369223	6762.29	5138.46	0.823947	1.00004
natural[247,2]	0.0344087	0.000330111	0.031075	0.0174328	0.00693583	0.0257	0.0920723	9088.63	5929.77	1.1074	0.999949
natural[247,3]	13.4038	0.0569933	6.02129	6.17854	3.83249	13.1773	23.7163	11620.9	6945.57	1.41594	1.00011
natural[248,1]	0.178538	0.00160828	0.139942	0.111247	0.0270712	0.141201	0.469193	7778.87	5563.51	0.947813	1.0002
natural[248,2]	0.0470269	0.000307232	0.0312943	0.022979	0.0126513	0.0395543	0.107208	7997.41	4495.82	0.974441	1.00023
natural[248,3]	13.5251	0.0527084	5.24304	5.35308	5.43365	13.2028	22.7062	10756.3	5342.25	1.31059	1.00014
natural[249,1]	0.200799	0.00170308	0.153411	0.140618	0.0254601	0.158721	0.503247	7815.81	6102.85	0.952314	1.00012
natural[249,2]	0.0646561	0.000347126	0.0335546	0.0277381	0.024817	0.0575447	0.128129	8347.43	5044.05	1.01709	1.00019
natural[249,3]	13.9429	0.043878	4.62063	4.77815	6.79191	13.7276	21.9989	11733.8	6088.85	1.4297	0.999882
natural[250,1]	0.193751	0.00159661	0.149259	0.129921	0.0271414	0.15444	0.496217	9033.8	5511.54	1.10072	0.999866
natural[250,2]	0.0688	0.000643482	0.0629109	0.0369624	0.0121592	0.0500544	0.188651	8273.33	5321.44	1.00806	1.00032
natural[250,3]	11.7089	0.0576778	5.7338	6.04368	3.0441	11.2977	21.6029	10728.0	5757.4	1.30715	1.00006
natural[251,1]	0.0547437	0.000504906	0.04565	0.0333334	0.00886022	0.0426359	0.140898	6969.9	5268.63	0.849244	1.00066
natural[251,2]	0.746218	0.00256551	0.224228	0.224804	0.390849	0.737833	1.12711	7411.73	4870.59	0.903079	1.00035
natural[251,3]	0.11664	0.00139386	0.13479	0.0901321	0.000642717	0.0658977	0.394521	6987.41	5165.5	0.851378	1.00062
natural[252,1]	0.10488	0.000991515	0.0821943	0.0642777	0.0169268	0.0824739	0.267114	6810.76	6076.72	0.829853	1.00039
natural[252,2]	0.0772413	0.000388688	0.0375333	0.0314947	0.0317442	0.0701759	0.148174	9314.45	5417.0	1.13491	1.00009
natural[252,3]	14.0056	0.0428311	4.49636	4.65407	7.25859	13.7117	21.7189	12034.3	5687.72	1.46631	1.00059
natural[253,1]	0.0276631	0.000228107	0.0201705	0.0161402	0.0055336	0.0230828	0.0663827	8067.43	6097.24	0.982972	0.999879
natural[253,2]	0.925926	0.0030601	0.263209	0.253222	0.522243	0.910887	1.38046	7035.25	4848.83	0.857207	0.999885
natural[253,3]	0.183319	0.00196674	0.15709	0.183232	0.00140763	0.156216	0.464983	5625.42	5218.58	0.685427	1.00015
natural[254,1]	0.169391	0.0013669	0.124692	0.111579	0.0264178	0.138649	0.416256	8059.65	5886.78	0.982024	1.00081
natural[254,2]	0.0677026	0.000455572	0.0454334	0.0321946	0.0212157	0.056203	0.15573	8982.13	5316.94	1.09442	1.00058
natural[254,3]	12.2568	0.049523	5.08891	5.24266	4.50883	11.8873	21.2334	11910.6	6004.22	1.45125	1.00046
natural[255,1]	0.0591246	0.000708321	0.0548487	0.034663	0.00854212	0.0427746	0.166454	6715.9	5844.76	0.818295	1.00067
natural[255,2]	0.464936	0.00355549	0.251288	0.264296	0.126425	0.431938	0.935007	4437.38	4811.99	0.54067	1.00216
natural[255,3]	6.36995	0.0675858	3.77087	3.12337	2.20983	5.31273	14.2158	4017.78	4073.51	0.489544	1.00225
natural[256,1]	0.0507524	0.000161918	0.0157988	0.0161482	0.0260227	0.0502277	0.0779312	9241.13	6272.62	1.12598	1.0002
natural[256,2]	5.19983	0.0125418	1.38499	1.28079	3.23122	5.02863	7.71703	12946.6	6427.33	1.57747	1.00025
natural[256,3]	0.715812	0.000844993	0.0792911	0.0767641	0.599395	0.708135	0.857855	8659.27	7083.78	1.05508	1.00012
natural[257,1]	0.139721	0.000853931	0.0910882	0.08755	0.025124	0.122601	0.311723	9876.65	5564.05	1.20342	1.00018
natural[257,2]	0.163183	0.00130745	0.117062	0.092783	0.0393486	0.129289	0.401465	6473.99	5870.04	0.78882	0.999971
natural[257,3]	8.62303	0.0658339	4.90038	5.03749	2.48824	7.66447	17.8336	6662.98	5467.45	0.811848	1.00006
natural[258,1]	0.0343822	0.000260713	0.0256238	0.0204828	0.00607019	0.0281248	0.0839102	8654.14	5852.32	1.05446	1.00001
natural[258,2]	1.6655	0.00429919	0.436233	0.426527	1.02116	1.63184	2.44228	9934.93	6112.43	1.21052	1.00028
natural[258,3]	0.665177	0.00142266	0.125459	0.113231	0.489709	0.649439	0.895347	7917.58	6676.66	0.964713	1.00023
natural[259,1]	0.118027	0.00125504	0.0996343	0.0712901	0.0187962	0.0899094	0.316835	6060.89	5392.9	0.738487	1.0015
natural[259,2]	0.0504587	0.000303009	0.0301455	0.0223456	0.0169265	0.0437402	0.107412	8536.77	5162.53	1.04016	1.00046
natural[259,3]	13.9574	0.0477167	5.03824	5.1437	6.19533	13.6705	22.6337	12136.8	5723.66	1.47881	1.00008
natural[260,1]	0.104071	0.00101087	0.0856032	0.0637769	0.0158494	0.0806066	0.269942	8021.93	6036.88	0.977428	1.00014
natural[260,2]	0.115484	0.000648009	0.0639638	0.0551196	0.0388278	0.102706	0.235507	9737.19	4691.13	1.18642	1.00022
natural[260,3]	13.9843	0.0378425	4.35	4.39291	7.29087	13.7717	21.5905	14252.6	6277.67	1.7366	1.00039
natural[261,1]	0.136894	0.0015738	0.121607	0.0883515	0.0175563	0.0998968	0.385248	6058.45	6031.85	0.738188	1.00052
natural[261,2]	0.110728	0.00207846	0.140352	0.0494017	0.00801174	0.0468787	0.426864	4008.61	5159.03	0.488428	1.00082
natural[261,3]	9.15081	0.10742	7.12915	8.56353	0.801044	7.87698	21.8959	4948.13	6391.23	0.602903	1.00093
natural[262,1]	0.112067	0.00110827	0.0905133	0.073295	0.0147569	0.0854435	0.29511	5835.55	5116.86	0.71103	1.0002
natural[262,2]	0.132263	0.00062614	0.0583466	0.0526533	0.05552	0.1221	0.24107	8550.95	5207.11	1.04189	1.00005
natural[262,3]	13.6694	0.0408844	4.17785	4.12	7.31162	13.3522	21.0751	11761.4	5684.85	1.43306	1.00011
natural[263,1]	0.0946703	0.00078906	0.0663072	0.0585813	0.0171765	0.0817721	0.213005	7073.27	5147.22	0.861839	1.00019
natural[263,2]	0.814651	0.00357685	0.279738	0.27043	0.373222	0.808132	1.29505	5839.35	3169.4	0.711493	1.00088
natural[263,3]	1.19759	0.019361	0.848262	0.355742	0.60062	1.04996	2.0779	7152.67	3986.39	0.871513	1.00016
natural[264,1]	0.178551	0.00280347	0.168764	0.108986	0.0212341	0.118267	0.548754	2933.15	5266.88	0.357389	1.00017
natural[264,2]	0.0950964	0.00236109	0.11419	0.049598	0.00245469	0.0364776	0.332209	2014.68	5608.51	0.245477	1.00056
natural[264,3]	8.21091	0.209992	8.98503	5.23261	0.0162757	3.55235	24.721	2485.56	6630.14	0.302852	1.00019
natural[265,1]	0.1045	0.000826955	0.0784092	0.0644911	0.0179403	0.0847759	0.258984	8375.1	5391.26	1.02046	1.00057
natural[265,2]	0.0859985	0.00050912	0.0514784	0.0385357	0.0293614	0.0738923	0.186026	8707.64	5504.7	1.06098	0.999893
natural[265,3]	12.4402	0.0492194	4.83938	5.08201	5.08219	12.107	20.8865	10953.6	5687.89	1.33464	1.00043
natural[266,1]	0.0925959	0.000872991	0.0764665	0.0564571	0.0146237	0.0708644	0.246747	8154.96	5399.9	0.993637	1.00062
natural[266,2]	0.107079	0.000549375	0.0531749	0.0436762	0.0436779	0.0949789	0.207921	8981.46	5760.64	1.09434	1.00045
natural[266,3]	13.1214	0.0423712	4.35953	4.50034	6.42849	12.8331	20.7318	11512.5	6475.99	1.40273	1.00005
natural[267,1]	0.0986397	0.000903336	0.0787637	0.0615236	0.0153678	0.0767916	0.254789	7242.93	5634.73	0.882512	1.00047
natural[267,2]	0.0984249	0.000441596	0.0403683	0.0372583	0.0447648	0.0918642	0.172757	8397.36	4667.79	1.02317	1.00073
natural[267,3]	16.2326	0.0374366	4.12955	4.13757	9.84458	15.9891	23.2756	12915.1	6051.95	1.57364	1.00008
natural[268,1]	0.0889624	0.000748105	0.0703882	0.0567637	0.0132781	0.0698747	0.229229	8085.89	5639.93	0.985222	1.00013
natural[268,2]	0.259678	0.0012531	0.119587	0.1113	0.102265	0.239478	0.482596	8785.22	4646.04	1.07043	1.00011
natural[268,3]	12.0253	0.0390267	3.9471	4.00758	6.14213	11.6908	19.036	11462.9	5842.51	1.39669	1.00028
natural[269,1]	0.124006	0.00144028	0.109691	0.0774348	0.0171118	0.0915744	0.343704	5901.83	5842.45	0.719106	0.999885
natural[269,2]	0.0510609	0.000373873	0.0386025	0.024729	0.0135818	0.0407576	0.123966	9253.02	5276.77	1.12743	1.00013
natural[269,3]	13.0318	0.051849	5.43674	5.80836	4.62017	12.8183	22.2372	11692.2	6489.3	1.42464	0.999888
natural[270,1]	0.0552352	0.000474995	0.0435754	0.0370344	0.00703023	0.0444819	0.142336	6892.51	5159.51	0.839815	1.00006
natural[270,2]	3.01614	0.0129472	1.25595	1.1247	1.37483	2.82076	5.37847	9830.99	6551.46	1.19785	1.00008
natural[270,3]	0.66642	0.00179103	0.148542	0.114328	0.491508	0.637814	0.935901	7783.06	6244.03	0.948323	0.999976
natural[271,1]	0.0533127	0.000422862	0.0403546	0.0312646	0.00972973	0.0431316	0.131589	8986.15	5411.99	1.09491	1.00037
natural[271,2]	0.27537	0.00163224	0.153375	0.145359	0.0868296	0.244586	0.569446	7470.3	5585.06	0.910215	1.0006
natural[271,3]	8.53296	0.0556189	4.17769	4.06003	3.1906	7.7681	16.6482	7462.18	5000.09	0.909226	1.00092
natural[272,1]	0.0973319	0.00099043	0.0792122	0.062874	0.0135748	0.0755452	0.259346	5204.37	5649.32	0.634124	1.00053
natural[272,2]	0.102325	0.000451836	0.0401591	0.0367263	0.0488042	0.0957411	0.178723	8107.71	5738.96	0.987881	1.0005
natural[272,3]	16.1603	0.0353404	4.0588	4.00207	9.89612	15.8892	23.0925	14162.6	5947.27	1.72563	0.999708
natural[273,1]	0.0215311	0.000161434	0.0152039	0.013664	0.00370088	0.0179754	0.0519019	8332.1	5893.12	1.01522	1.00001
natural[273,2]	3.77674	0.00937606	0.819257	0.776378	2.58888	3.6901	5.26227	7706.08	5952.16	0.938943	1.00223
natural[273,3]	0.0356929	0.000580797	0.0560785	0.0128059	1.84227e-05	0.00871778	0.161699	7957.46	5385.36	0.969573	1.00084
natural[274,1]	0.22008	0.00200436	0.177348	0.142767	0.0288524	0.164417	0.594238	8841.24	6624.97	1.07726	1.00019
natural[274,2]	0.0771126	0.000832394	0.0759938	0.0383385	0.013757	0.0510954	0.241248	6955.35	5729.63	0.847472	1.00045
natural[274,3]	10.5068	0.0708823	5.88388	6.62099	2.17843	9.9679	20.9389	7660.21	5880.21	0.933355	1.00042
natural[275,1]	0.108652	0.000922147	0.0864263	0.0722518	0.0140236	0.0842818	0.281456	7891.39	6038.35	0.961523	1.00066
natural[275,2]	0.30123	0.00145485	0.134647	0.130377	0.119362	0.280907	0.553164	7937.73	5213.45	0.967169	1.00075
natural[275,3]	11.2469	0.0405024	3.82007	3.84584	5.67133	10.9218	18.0702	10337.3	6172.87	1.25954	1.00067
natural[276,1]	0.0720001	0.000796723	0.0594616	0.0437546	0.0114494	0.0573305	0.179889	6544.72	5433.38	0.797438	1.0001
natural[276,2]	0.683195	0.00469408	0.292175	0.293589	0.19651	0.679984	1.17324	3592.37	2300.63	0.43771	1.00042
natural[276,3]	2.20155	0.0463748	1.92289	0.650946	0.982457	1.68443	5.02614	3725.79	2078.88	0.453967	1.00022
natural[277,1]	0.103991	0.00108807	0.0931059	0.0646597	0.0146926	0.0773454	0.28656	6675.57	5947.18	0.813382	1.00055
natural[277,2]	0.0556626	0.000328906	0.0329213	0.0256611	0.0180315	0.0480484	0.118442	9013.57	4914.88	1.09825	0.999892
natural[277,3]	13.7868	0.0483066	4.97826	5.15171	6.15421	13.5096	22.2624	11625.3	5560.25	1.41648	1.00031
natural[278,1]	0.155575	0.00114795	0.113419	0.0994102	0.0249977	0.128843	0.379339	9355.01	5747.78	1.13986	1.00087
natural[278,2]	0.110778	0.000979293	0.0906257	0.0550069	0.0265615	0.0812091	0.302419	7279.97	5830.42	0.887025	1.00053
natural[278,3]	10.1047	0.0648755	5.38671	5.83574	2.64423	9.44936	19.9678	7782.52	6159.19	0.948257	1.00034
natural[279,1]	0.0989045	0.00105626	0.0826853	0.0628362	0.0145941	0.0754345	0.265086	5582.39	5637.93	0.680184	1.00022
natural[279,2]	0.0700564	0.000308824	0.0290856	0.0265229	0.0303661	0.0660674	0.123459	8208.56	4461.29	1.00017	1.00006
natural[279,3]	15.9485	0.0398988	4.34459	4.28568	9.32824	15.6492	23.4393	13184.1	6122.97	1.60641	0.999999
natural[280,1]	0.142891	0.00150954	0.120617	0.0879091	0.0207933	0.107648	0.383883	6558.53	6359.88	0.799121	1.00016
natural[280,2]	0.0364306	0.000455397	0.0401782	0.0177344	0.0058942	0.0234759	0.114547	7855.9	6328.06	0.957199	1.00011
natural[280,3]	12.6284	0.068745	6.50202	7.12915	2.21149	12.5918	23.4881	9138.65	6607.3	1.11349	0.999965
natural[281,1]	0.153936	0.00120272	0.110429	0.103356	0.0219142	0.129526	0.371836	7778.02	5691.15	0.947709	1.00053
natural[281,2]	0.276866	0.00128904	0.121588	0.11953	0.111084	0.258034	0.504384	8541.99	5514.41	1.0408	1.00032
natural[281,3]	11.4329	0.0390607	3.86496	3.85238	5.69472	11.0942	18.4012	11444.1	5276.39	1.3944	1.00001
natural[282,1]	0.199769	0.00230532	0.174959	0.121343	0.0272498	0.139934	0.577572	6421.66	5741.4	0.782444	1.00091
natural[282,2]	0.0472195	0.000556333	0.0522291	0.0227368	0.00784026	0.0301157	0.152861	7815.45	4450.18	0.952269	1.00088
natural[282,3]	11.9489	0.0625167	6.31673	6.95137	2.1834	11.8374	22.7444	10739.5	6901.45	1.30855	1.00067
natural[283,1]	0.148562	0.00144925	0.125547	0.100594	0.0178231	0.108008	0.409236	8253.84	6284.99	1.00569	0.999934
natural[283,2]	0.157533	0.000940283	0.094688	0.073456	0.0523781	0.133137	0.348427	8917.82	5745.0	1.08659	0.99999
natural[283,3]	10.7071	0.0494562	4.62482	4.78572	3.93819	10.2686	19.0699	10139.7	5867.1	1.23547	1.00046
natural[284,1]	0.136741	0.00184592	0.127956	0.0869939	0.0149983	0.0945849	0.407931	4935.7	5712.45	0.601387	1.00041
natural[284,2]	0.167489	0.00294582	0.177699	0.0979001	0.0134223	0.086594	0.533405	3205.94	5557.94	0.390626	1.00022
natural[284,3]	7.42632	0.115555	6.38741	5.8088	0.877836	5.2603	19.6987	3514.66	5815.17	0.428242	1.00036
natural[285,1]	0.0791611	0.000800336	0.0629072	0.0466141	0.013272	0.0616264	0.206157	6615.95	6175.3	0.806117	1.00042
natural[285,2]	0.106855	0.000460721	0.0430576	0.0397474	0.0496156	0.100162	0.188277	8399.94	5055.02	1.02349	0.999794
natural[285,3]	16.3488	0.0371656	4.10576	4.13186	9.97355	16.112	23.3779	12841.5	5899.11	1.56466	0.999996
natural[286,1]	0.239163	0.00227795	0.173957	0.165673	0.0331102	0.199259	0.588559	5307.91	5163.29	0.64674	0.999968
natural[286,2]	0.0277989	0.000287308	0.0272533	0.0140392	0.00498625	0.0196396	0.0797627	8547.09	5109.7	1.04142	0.999932
natural[286,3]	13.6803	0.0608983	6.36845	6.73977	3.2444	13.6765	24.1931	11263.2	6024.96	1.37236	0.999907
natural[287,1]	0.185778	0.00198096	0.162554	0.126484	0.0200521	0.136784	0.533443	6609.51	5721.63	0.805333	1.00036
natural[287,2]	0.0913474	0.0016848	0.120949	0.0365092	0.00626218	0.034702	0.363056	4428.96	5883.96	0.539645	1.00104
natural[287,3]	9.43904	0.118624	7.44535	9.58862	0.36974	8.69629	22.4144	4551.84	6630.18	0.554616	1.00066
natural[288,1]	0.0810146	0.000822924	0.0640588	0.0501398	0.0132911	0.0637887	0.208068	6546.63	5650.87	0.797671	1.00014
natural[288,2]	0.0975958	0.000403075	0.0385951	0.0368561	0.0458482	0.0917415	0.168869	9155.63	5457.66	1.11556	1.00013
natural[288,3]	16.5458	0.0376493	4.1773	4.3117	10.176	16.2852	23.7197	13474.7	5355.96	1.64182	1.00032
natural[289,1]	0.127261	0.000826525	0.0705476	0.0697185	0.0265375	0.119549	0.251825	6247.14	4700.15	0.76118	1.00086
natural[289,2]	0.64479	0.00285967	0.221082	0.219137	0.29958	0.634023	1.02508	5616.16	3739.29	0.684298	1.00061
natural[289,3]	0.455543	0.0102184	0.580583	0.293206	0.0113345	0.415124	0.948953	6654.45	5164.33	0.810808	1.00003
natural[290,1]	0.112168	0.000999471	0.089797	0.0723501	0.0161462	0.0879611	0.296216	7017.2	5871.5	0.855007	0.999875
natural[290,2]	0.071609	0.000320652	0.032548	0.0277116	0.0306636	0.065449	0.132	9666.2	5465.35	1.17777	1.00018
natural[290,3]	14.8705	0.0399675	4.50704	4.48944	7.7616	14.6531	22.7754	13661.6	5589.8	1.6646	0.999838
natural[291,1]	0.0671094	0.000632141	0.0587417	0.0417992	0.00865063	0.0501864	0.182995	8821.89	6126.19	1.0749	1.00016
natural[291,2]	0.270841	0.00120007	0.120846	0.113915	0.107038	0.25313	0.496691	9636.85	5318.22	1.1742	1.00032
natural[291,3]	11.9378	0.0387269	3.92863	3.94025	6.10578	11.6416	18.9294	11611.0	6272.71	1.41474	0.999871
natural[292,1]	0.179779	0.00174579	0.140782	0.12615	0.0223059	0.142094	0.464537	5903.84	5082.22	0.71935	1.00022
natural[292,2]	0.230408	0.00392058	0.207191	0.199439	0.0161587	0.170033	0.637088	2368.38	4372.14	0.288575	1.00043
natural[292,3]	5.78924	0.125128	5.9938	2.70584	0.722188	2.79513	18.4373	3154.69	4268.85	0.384381	1.00022
natural[293,1]	0.0787433	0.000813261	0.0692419	0.049105	0.0108905	0.0589796	0.214384	6828.29	5601.3	0.83199	1.00012
natural[293,2]	0.133845	0.00061099	0.0568163	0.0528351	0.0594247	0.124748	0.240385	8499.46	4659.92	1.03561	1.00083
natural[293,3]	15.0457	0.0363281	4.0606	4.08698	8.77159	14.8216	22.0965	13500.3	5803.44	1.64494	1.00023
natural[294,1]	0.0565391	0.000459297	0.0429059	0.0385507	0.00745793	0.0458235	0.140371	7473.51	5074.49	0.910606	1.0008
natural[294,2]	1.73102	0.00475266	0.442227	0.419988	1.07385	1.69554	2.50192	8294.14	5360.23	1.0106	1.0003
natural[294,3]	5.14363	0.0377296	2.67558	2.59609	1.8002	4.64345	10.3055	6291.29	4593.44	0.766559	0.999976
natural[295,1]	0.096221	0.000705544	0.0675717	0.0643823	0.0151607	0.0828527	0.227034	7613.06	5588.46	0.92761	1.0004
natural[295,2]	0.246776	0.00115385	0.110499	0.106686	0.0973426	0.228795	0.458341	9303.51	5861.0	1.13358	1.00089
natural[295,3]	11.937	0.0399734	4.05848	4.08606	5.97708	11.5569	19.0742	11829.2	5207.56	1.44132	1.00033
natural[296,1]	0.0904985	0.000713155	0.0655642	0.0536537	0.0173939	0.0754254	0.214737	7759.2	5971.42	0.945416	0.999683
natural[296,2]	0.132386	0.00125865	0.114477	0.0692862	0.0278421	0.091474	0.376474	6422.88	5812.28	0.782593	1.00032
natural[296,3]	9.32137	0.0687599	5.4293	6.02563	2.2341	8.42151	19.2332	6849.53	5579.68	0.834577	1.00059
natural[297,1]	0.0723575	0.000660261	0.0589246	0.044607	0.0108462	0.0564836	0.188784	7584.88	4715.59	0.924176	1.00012
natural[297,2]	0.104649	0.000485143	0.0450257	0.0408499	0.0470204	0.0970194	0.19084	8613.5	6076.26	1.04951	1.00055
natural[297,3]	15.0302	0.0403841	4.24935	4.26351	8.35824	14.769	22.4035	11988.0	5820.03	1.46067	1.00038
natural[298,1]	0.13377	0.000948943	0.0902312	0.0776013	0.0260901	0.114169	0.309188	9133.51	6091.88	1.11287	1.00054
natural[298,2]	0.178608	0.00171097	0.138765	0.109571	0.0347534	0.134507	0.465568	5213.88	5293.64	0.635283	0.999841
natural[298,3]	7.76915	0.0755905	5.05284	4.8779	1.96139	6.50177	17.64	5280.81	4476.66	0.643438	1.00053
natural[299,1]	0.042253	0.000299196	0.0272558	0.0249507	0.008625	0.0369329	0.0941154	7844.43	5076.24	0.9558	1.00012
natural[299,2]	1.09424	0.00374514	0.320816	0.317543	0.591478	1.07775	1.63515	7113.32	4550.55	0.866719	1.00138
natural[299,3]	1.19945	0.0120216	0.52548	0.279756	0.762088	1.10956	1.87335	6455.19	4909.73	0.78653	1.00057
natural[300,1]	0.101717	0.000830803	0.0767655	0.0627019	0.0171138	0.0817424	0.255323	7053.34	5221.19	0.859411	1.00026
natural[300,2]	0.0843526	0.000444483	0.0437598	0.0358703	0.0326484	0.0747943	0.168558	9267.86	5965.52	1.12924	0.999951
natural[300,3]	13.3715	0.0464104	4.68835	4.79808	6.23367	13.0388	21.4844	11647.4	5931.73	1.41917	1.00087
natural[301,1]	0.0420403	0.00033923	0.0302056	0.0276859	0.00678523	0.0350245	0.101494	6616.21	4786.46	0.806149	1.00002
natural[301,2]	1.66401	0.00448142	0.411116	0.400122	1.04612	1.63643	2.38627	8189.43	5562.84	0.997838	1.00167
natural[301,3]	5.45288	0.0346196	2.72917	2.52306	2.06649	4.92108	10.6505	7563.34	5889.16	0.921552	0.999845
natural[302,1]	0.172111	0.00141423	0.132824	0.112659	0.0253131	0.136792	0.445549	8201.2	5472.28	0.999272	1.00071
natural[302,2]	0.0511119	0.000322531	0.0320889	0.0238636	0.0159514	0.0436364	0.112698	9060.94	4731.06	1.10403	1.00052
natural[302,3]	13.5002	0.0480005	5.01618	5.05224	5.67706	13.2791	22.3879	11630.4	5868.98	1.4171	1.0005
natural[303,1]	0.1997	0.00374458	0.181457	0.131003	0.0213571	0.136232	0.600398	2263.65	4395.73	0.275813	1.00037
natural[303,2]	0.133185	0.00311291	0.135636	0.12945	0.00301704	0.0950684	0.394235	1582.83	4595.34	0.192859	1.00108
natural[303,3]	6.32557	0.226795	8.3644	1.41724	0.00967738	0.973366	23.0789	1987.22	5281.55	0.242131	1.00185
natural[304,1]	0.288582	0.00174416	0.171201	0.168604	0.0589064	0.262852	0.615225	8539.96	4887.69	1.04055	1.00113
natural[304,2]	0.116305	0.00173382	0.12116	0.072968	0.0100079	0.0669123	0.368491	3824.25	5793.23	0.465964	1.00077
natural[304,3]	7.90172	0.110094	6.6359	6.45908	0.703239	5.84457	20.488	4940.83	5794.46	0.602014	1.0007
natural[305,1]	0.113934	0.000907268	0.0834618	0.0682688	0.0197271	0.0945042	0.273156	8336.61	5087.13	1.01577	1.00039
natural[305,2]	0.0795976	0.00034933	0.033546	0.0306917	0.0354012	0.0740393	0.141899	8462.87	4946.1	1.03115	1.0004
natural[305,3]	15.3885	0.0383021	4.24441	4.28934	8.78091	15.1445	22.8059	13135.3	6165.66	1.60046	1.0005
natural[306,1]	0.113068	0.00142799	0.0733842	0.0539313	0.0288586	0.100354	0.233055	4173.82	2470.38	0.508557	1.00058
natural[306,2]	0.582653	0.00495352	0.253969	0.245381	0.143809	0.580786	1.00534	2505.35	972.45	0.305263	1.00315
natural[306,3]	1.48434	0.095362	2.61169	0.404642	0.389852	0.961645	2.98985	3429.21	1011.21	0.41783	1.00199
natural[307,1]	0.171821	0.00140216	0.104132	0.11275	0.0261292	0.16074	0.360406	5393.29	5328.86	0.657143	1.00029
natural[307,2]	0.595654	0.00334255	0.247883	0.25431	0.219983	0.579008	1.03793	5148.32	4706.41	0.627295	1.00054
natural[307,3]	4.96292	0.0485396	2.95302	2.20377	1.86326	4.09264	11.0997	4758.37	4262.24	0.579781	1.00024
natural[308,1]	0.133194	0.00111904	0.0982998	0.0774301	0.0250881	0.110378	0.320244	8537.95	5799.99	1.0403	1.00162
natural[308,2]	0.0879443	0.00109026	0.0934909	0.0445091	0.0139491	0.0544211	0.284623	6331.99	5483.1	0.771519	1.00067
natural[308,3]	10.0235	0.0750069	6.07776	6.87151	1.71467	9.44743	20.9762	7031.47	5603.18	0.856746	1.00046
natural[309,1]	0.11349	0.00078648	0.0625443	0.0671836	0.0211552	0.107582	0.223133	5855.59	5150.13	0.713471	1.00027
natural[309,2]	1.69738	0.00553953	0.49262	0.474104	0.988612	1.64487	2.57607	7595.56	5997.72	0.925477	1.00042
natural[309,3]	5.22313	0.0352999	2.71581	2.5697	1.8751	4.65659	10.5268	7300.57	5376.17	0.889535	1.00008
natural[310,1]	0.101464	0.00100348	0.082646	0.0633143	0.0151944	0.0779161	0.266094	6119.38	5519.75	0.745613	1.00033
natural[310,2]	0.092959	0.000403343	0.0387926	0.0359725	0.0423314	0.0862656	0.16502	9338.1	5246.21	1.1378	1.0001
natural[310,3]	15.7409	0.0382005	4.19216	4.2527	9.31218	15.4834	23.0836	13238.3	6151.51	1.61301	1.00044
natural[311,1]	0.30831	0.00197232	0.176942	0.199377	0.0530485	0.290679	0.621309	7707.92	6076.01	0.939168	1.0007
natural[311,2]	0.0622656	0.000331547	0.0313261	0.0279407	0.0229645	0.0567616	0.120676	8024.67	5797.76	0.977763	1.00024
natural[311,3]	14.7143	0.0448362	4.4727	4.57082	7.81978	14.495	22.3298	10577.5	5707.55	1.28881	1.00086
natural[312,1]	0.0165568	0.000132647	0.01211	0.00976754	0.00318398	0.0135423	0.0396775	8447.48	5834.0	1.02928	1.00008
natural[312,2]	2.18712	0.00573539	0.511102	0.479708	1.47034	2.12053	3.11788	7163.95	5608.84	0.872888	0.99999
natural[312,3]	0.114889	0.00141161	0.108457	0.118841	0.00025902	0.0858784	0.318352	5122.54	5025.87	0.624153	1.00029
natural[313,1]	0.0956712	0.00103086	0.0794806	0.0593378	0.0145822	0.0730056	0.253951	5821.54	5785.56	0.709323	1.00025
natural[313,2]	0.085274	0.000367052	0.0343099	0.0314403	0.0396194	0.079708	0.150174	8888.64	5386.44	1.08303	1.00058
natural[313,3]	16.2313	0.0398112	4.27031	4.22264	9.59685	15.9833	23.6516	12752.7	5548.07	1.55385	0.999855
natural[314,1]	0.106414	0.00094359	0.0901682	0.0677785	0.0143812	0.0793575	0.290901	8543.97	5287.64	1.04104	1.00044
natural[314,2]	0.159185	0.00126277	0.118087	0.0821545	0.0412378	0.122153	0.399536	6738.14	6310.1	0.821006	1.00085
natural[314,3]	9.24248	0.0652821	4.90389	5.20162	2.74836	8.45997	18.5012	6914.98	5066.17	0.842552	1.00049
natural[315,1]	0.118937	0.00193769	0.104066	0.0700736	0.0171697	0.0891547	0.336783	3467.72	4342.08	0.422522	1.00073
natural[315,2]	0.461399	0.00721421	0.294151	0.32738	0.0239984	0.454857	0.959731	1544.43	2011.73	0.18818	1.00258
natural[315,3]	2.82558	0.137543	4.47143	0.598243	0.471546	1.10624	13.8021	2326.28	1637.16	0.283445	1.00334
natural[316,1]	0.0258416	0.000204779	0.0192553	0.0157022	0.0046078	0.0209302	0.0634863	8073.06	6072.98	0.983658	1.00011
natural[316,2]	1.76586	0.00500588	0.451163	0.436149	1.08968	1.72939	2.56233	7994.52	5952.46	0.974088	1.00037
natural[316,3]	1.4607	0.00556619	0.414379	0.367116	0.940009	1.38523	2.24476	6805.8	5718.25	0.829249	1.00014
natural[317,1]	0.0441485	0.000421339	0.0368661	0.0283084	0.00577014	0.0332086	0.116912	7079.89	5558.99	0.862645	1.00016
natural[317,2]	1.93483	0.00564639	0.490357	0.470186	1.20228	1.89044	2.81045	7304.64	5745.95	0.890031	1.00055
natural[317,3]	4.95513	0.0368351	2.69049	2.5101	1.7278	4.38314	10.072	6668.22	5440.85	0.812487	0.99988
natural[318,1]	0.172221	0.00234118	0.129911	0.0896764	0.0339435	0.138887	0.445088	3672.84	3974.71	0.447516	1.0013
natural[318,2]	0.322771	0.00540287	0.239486	0.297252	0.0178822	0.310912	0.740722	1770.52	3606.65	0.215729	1.00168
natural[318,3]	4.12375	0.145104	5.51506	1.13684	0.465342	1.47182	17.0332	2297.04	2930.92	0.279882	1.00204
natural[319,1]	0.0493049	0.000522073	0.0453685	0.0305461	0.00644757	0.0353543	0.139377	7561.43	6112.22	0.921319	1.00022
natural[319,2]	0.804174	0.00303235	0.262498	0.26531	0.397929	0.793622	1.26204	7069.8	4257.87	0.861417	1.00077
natural[319,3]	7.36519	0.0399469	3.22096	3.17074	3.05005	6.89059	13.4111	8241.55	4863.6	1.00419	1.00005
natural[320,1]	0.119174	0.00109548	0.0900192	0.076744	0.0190702	0.0969912	0.294246	6523.73	5371.65	0.79488	1.00026
natural[320,2]	0.087625	0.000401763	0.0370027	0.0337557	0.0393587	0.0814393	0.156624	7863.93	5135.75	0.958177	1.00047
natural[320,3]	15.4629	0.0415578	4.18636	4.14782	8.894	15.2412	22.7762	11055.7	6227.73	1.34707	1.00019
natural[321,1]	0.0981843	0.00108215	0.0889615	0.0621645	0.0122139	0.0703805	0.286761	5713.89	5820.64	0.696206	1.00034
natural[321,2]	0.13812	0.000620545	0.0580486	0.0538635	0.0625319	0.128129	0.247148	9034.05	4930.29	1.10075	1.0018
natural[321,3]	14.9436	0.0380433	4.06211	4.10333	8.66742	14.7139	21.9925	12347.8	5998.29	1.50451	1.00055
natural[322,1]	0.107734	0.000937822	0.0847605	0.0702387	0.016355	0.0851318	0.277204	7801.34	6082.35	0.950551	1.00011
natural[322,2]	0.105098	0.000524478	0.0530315	0.0461418	0.0407238	0.0943377	0.205548	9732.43	5631.3	1.18584	1.00102
natural[322,3]	13.1014	0.0453496	4.52544	4.51565	6.30425	12.6747	21.1689	11283.9	5727.58	1.37489	1.00022
natural[323,1]	0.112383	0.000918668	0.0823689	0.0722227	0.0184305	0.0926956	0.273501	7665.65	5379.55	0.934017	1.00007
natural[323,2]	0.0708924	0.000315529	0.0301655	0.0268126	0.0310925	0.0659738	0.126339	9065.5	5350.9	1.10458	1.00112
natural[323,3]	15.736	0.0366674	4.27541	4.33919	9.10668	15.5178	23.0611	14561.3	5938.75	1.77422	1.00222
natural[324,1]	0.0228758	0.000183735	0.0172819	0.0142724	0.00389197	0.0186735	0.0574274	7807.13	5825.45	0.951257	1.0007
natural[324,2]	1.63305	0.00468642	0.411995	0.398239	1.00477	1.59709	2.36486	7601.1	5378.45	0.926152	1.0006
natural[324,3]	5.50195	0.0376716	2.79944	2.64169	1.97161	4.93467	11.0237	6711.54	5376.85	0.817764	1.00033
natural[325,1]	0.159323	0.00112677	0.110315	0.103643	0.026865	0.137045	0.372928	8294.14	5501.06	1.0106	1.00043
natural[325,2]	0.0682014	0.000378746	0.037261	0.0299875	0.0244476	0.06012	0.140762	8451.06	4875.2	1.02972	1.00009
natural[325,3]	13.5308	0.0447335	4.70907	4.73373	6.2847	13.1437	21.747	12109.8	5973.8	1.47551	1.00066
natural[326,1]	0.137005	0.00117687	0.11349	0.0913754	0.0189364	0.104926	0.363223	8353.41	4817.49	1.01782	1.00034
natural[326,2]	0.0936214	0.00100406	0.0920977	0.0451914	0.0179619	0.0594249	0.291974	7186.54	6021.22	0.87564	0.99986
natural[326,3]	10.044	0.0699184	5.83315	6.6783	2.00996	9.46668	20.3349	7549.59	5732.58	0.919876	0.999929
natural[327,1]	0.0620537	0.00047699	0.0432514	0.0404409	0.0101257	0.0528996	0.143615	7167.92	5630.15	0.873372	1.00094
natural[327,2]	0.852196	0.00364475	0.288974	0.285339	0.415214	0.831748	1.36561	5878.84	4386.54	0.716305	1.00127
natural[327,3]	2.22281	0.0197027	1.07178	0.730411	1.13868	1.97478	4.0443	4979.15	3302.15	0.606682	1.00223
natural[328,1]	0.0495279	0.000471179	0.0410048	0.028991	0.00828008	0.0389908	0.124917	7866.72	5694.76	0.958516	1.00055
natural[328,2]	0.98364	0.00362818	0.308767	0.305285	0.499442	0.97446	1.51009	6907.79	5015.98	0.841676	1.00031
natural[328,3]	0.660443	0.00275166	0.235722	0.176278	0.349285	0.642087	1.02038	6977.04	4076.96	0.850114	0.999806
natural[329,1]	0.177883	0.00165418	0.14037	0.108217	0.030482	0.138902	0.465713	7998.36	5343.94	0.974556	1.00004
natural[329,2]	0.0353321	0.000273573	0.0273213	0.0171977	0.00854724	0.0278523	0.0882627	8864.89	5383.56	1.08014	1.0003
natural[329,3]	13.6087	0.0534744	5.70025	5.93366	4.55144	13.4434	23.3177	11883.0	6807.01	1.44788	1.00103
natural[330,1]	0.101084	0.00112982	0.0918393	0.06153	0.0146214	0.073646	0.2832	6988.73	5865.73	0.851539	1.00036
natural[330,2]	0.0845249	0.00046022	0.0442585	0.035259	0.032979	0.0748596	0.170223	9145.71	6037.98	1.11435	1.00043
natural[330,3]	13.1731	0.046392	4.57732	4.68931	6.15959	12.8174	21.1756	10617.9	6005.76	1.29373	1.00028
natural[331,1]	0.195749	0.00159586	0.143864	0.131679	0.028772	0.161363	0.478152	7327.14	5591.6	0.892772	1.00089
natural[331,2]	0.0678688	0.000386836	0.0392512	0.0304796	0.0233604	0.058919	0.143916	8653.28	5512.53	1.05436	1.00054
natural[331,3]	13.1871	0.0491654	4.78739	4.92278	5.90448	12.8481	21.6233	10512.7	5573.51	1.28091	1.00038
natural[332,1]	0.0740431	0.000401735	0.0358546	0.0328708	0.0243277	0.0699662	0.138339	7514.66	5035.23	0.915621	1.00056
natural[332,2]	1.00957	0.00360409	0.310685	0.31526	0.524537	0.990967	1.54266	7076.07	4827.0	0.862181	1.00017
natural[332,3]	1.44305	0.0107398	0.601996	0.368125	0.881738	1.33562	2.3093	7091.22	4900.69	0.864026	1.00001
natural[333,1]	0.120511	0.00102981	0.0961736	0.0738372	0.0188125	0.0953203	0.307531	8901.66	5885.26	1.08462	1.0
natural[333,2]	0.102877	0.000813299	0.0779191	0.0541441	0.0247715	0.0812502	0.254581	9142.64	5268.95	1.11398	1.00019
natural[333,3]	11.339	0.0492204	5.09075	5.28081	3.62985	10.9982	20.3489	11802.6	6248.72	1.43808	1.00059
natural[334,1]	0.0922746	0.00202154	0.110819	0.0494348	0.00915215	0.0530926	0.324764	3991.17	4592.53	0.486302	1.00068
natural[334,2]	0.737659	0.0104784	0.494317	0.556685	0.0469877	0.715086	1.59644	1964.38	2815.27	0.239349	1.00123
natural[334,3]	2.99572	0.111223	4.14843	0.769856	0.556296	1.28332	13.1071	2585.15	2285.21	0.314987	1.0014
natural[335,1]	0.146552	0.000765909	0.0570617	0.0559451	0.0499272	0.14753	0.238425	5387.49	3297.05	0.656437	1.00031
natural[335,2]	1.2886	0.00434025	0.367081	0.355512	0.726467	1.26397	1.93568	6830.86	4713.36	0.832303	1.00001
natural[335,3]	2.01821	0.0109731	0.743281	0.557134	1.178	1.86137	3.32656	6953.7	4301.48	0.84727	1.00015
natural[336,1]	0.140334	0.00124877	0.108297	0.0912664	0.0210557	0.111879	0.358945	7393.97	6118.88	0.900915	0.999969
natural[336,2]	0.0708573	0.000343689	0.0335866	0.0287935	0.0292779	0.0650714	0.133445	9031.24	5694.36	1.10041	1.00001
natural[336,3]	14.46	0.0423156	4.47887	4.48772	7.56173	14.1486	22.3348	12148.8	5638.08	1.48027	1.00057
natural[337,1]	0.0291674	0.000337377	0.0229119	0.0172419	0.00571474	0.0241676	0.0692078	7290.14	5966.04	0.888264	1.00043
natural[337,2]	1.01951	0.0040531	0.309299	0.30147	0.533147	1.00323	1.54747	5503.82	3905.01	0.67061	1.00081
natural[337,3]	0.432481	0.00608712	0.315408	0.170004	0.070019	0.433423	0.721297	5384.54	2966.1	0.656076	1.00056
natural[338,1]	0.0583436	0.000422631	0.0394429	0.0362847	0.0105009	0.0503993	0.132356	7903.72	5643.64	0.963025	0.999923
natural[338,2]	1.10289	0.00356882	0.309519	0.30564	0.643737	1.0756	1.64648	6873.39	5370.04	0.837485	1.00021
natural[338,3]	0.266136	0.0023154	0.170801	0.19722	0.0042722	0.269661	0.542946	5194.04	4145.2	0.632865	1.00069
natural[339,1]	0.22159	0.00200164	0.167975	0.145968	0.0314564	0.177741	0.566622	6932.9	5520.46	0.844736	1.00054
natural[339,2]	0.0342177	0.000223926	0.022728	0.0163993	0.00978095	0.0289383	0.0756635	8308.63	5081.96	1.01236	1.00034
natural[339,3]	14.2756	0.0501988	5.28035	5.34182	6.01072	14.0638	23.4386	11835.3	5703.17	1.44206	1.00088
natural[340,1]	0.147406	0.00105031	0.0999913	0.0944185	0.0238577	0.127349	0.336336	9032.16	6159.06	1.10052	1.00025
natural[340,2]	0.297784	0.00314009	0.193367	0.212916	0.0525604	0.268434	0.655175	3296.69	4263.91	0.401684	1.00106
natural[340,3]	5.38311	0.0857467	4.30142	2.57729	1.48446	3.75334	14.6807	3331.04	3379.16	0.405869	1.00098
natural[341,1]	0.0689741	0.000772375	0.0621508	0.0425628	0.00931242	0.049142	0.197498	5561.01	5204.4	0.677579	1.00039
natural[341,2]	0.177479	0.000829162	0.0780353	0.0733362	0.0761319	0.164416	0.324621	9180.86	5097.43	1.11864	1.00055
natural[341,3]	13.7909	0.0396968	4.14856	4.11233	7.36155	13.5064	21.1706	11966.4	5861.01	1.45804	1.00023
natural[342,1]	0.128135	0.00121836	0.108511	0.0819986	0.0178371	0.09671	0.352962	8173.15	5042.56	0.995853	1.00028
natural[342,2]	0.0746703	0.000480494	0.0489489	0.0340599	0.0238685	0.0616794	0.169497	9354.99	6469.72	1.13985	0.999844
natural[342,3]	12.3559	0.0482745	5.00614	5.23113	4.70276	12.0136	21.1856	11548.4	6535.92	1.40711	1.00066
natural[343,1]	0.0428553	0.000422287	0.0361776	0.0274008	0.00606747	0.0322534	0.113461	8072.86	6210.04	0.983634	0.9999
natural[343,2]	1.53237	0.00663297	0.571938	0.551887	0.682265	1.48488	2.55226	7090.81	5103.62	0.863977	1.00093
natural[343,3]	5.48003	0.0380248	2.88875	2.84931	1.81318	4.97676	10.8928	6992.32	5797.31	0.851976	0.999969
Omega[1,2]	-0.471166	0.00437182	0.0959861	0.0974805	-0.62243	-0.475348	-0.306416	487.83	1088.11	0.0594394	1.00431
Omega[1,3]	0.27247	0.00433219	0.111933	0.110704	0.0816159	0.277243	0.447751	676.161	1497.15	0.0823866	1.00364
Omega[2,1]	-0.471166	0.00437182	0.0959861	0.0974805	-0.62243	-0.475348	-0.306416	487.83	1088.11	0.0594394	1.00431
Omega[2,3]	-0.725534	0.000754049	0.0398091	0.0395509	-0.788842	-0.727039	-0.656722	2774.95	4182.71	0.338113	1.00087
Omega[3,1]	0.27247	0.00433219	0.111933	0.110704	0.0816159	0.277243	0.447751	676.161	1497.15	0.0823866	1.00364
Omega[3,2]	-0.725534	0.000754049	0.0398091	0.0395509	-0.788842	-0.727039	-0.656722	2774.95	4182.71	0.338113	1.00087
