parameter	Mean	MCSE	StdDev	MAD	5%	50%	95%	ESS_bulk	ESS_tail	ESS_bulk/s	R_hat
mu[1]	-2.0163	0.00259888	0.191981	0.187528	-2.34881	-2.00643	-1.72008	5498.72	11516.3	0.49955	1.00171
mu[2]	-1.64798	0.000953827	0.10255	0.101817	-1.81942	-1.6461	-1.48134	11603.8	18721.9	1.05419	1.00041
mu[3]	7.19233	0.00466507	0.564272	0.566224	6.29805	7.17442	8.15315	14688.5	20373.1	1.33442	1.00026
tau[1]	1.10371	0.00161895	0.170508	0.166555	0.838633	1.09573	1.3966	10967.7	17775.1	0.996395	1.00054
tau[2]	1.37842	0.000855732	0.0794703	0.0792076	1.25184	1.37626	1.51265	8606.38	16744.8	0.781877	1.00063
tau[3]	5.3297	0.00271364	0.397893	0.397068	4.69835	5.31775	6.00079	21511.0	24240.8	1.95425	1.00024
natural[1,1]	0.224372	0.00111368	0.16049	0.137813	0.0401728	0.184001	0.551627	20250.3	20996.6	1.83971	1.00017
natural[1,2]	0.056968	0.000360805	0.0670885	0.0289637	0.00715492	0.0344278	0.189417	34709.8	24330.8	3.15333	0.999928
natural[1,3]	9.23595	0.0272131	5.39321	6.02605	1.027	9.06826	18.4678	42093.5	24174.7	3.82413	1.00008
natural[2,1]	0.0999161	0.000537888	0.0842339	0.0597388	0.0158314	0.0755319	0.264699	25561.0	22702.3	2.32218	1.00008
natural[2,2]	0.204708	0.000567554	0.120298	0.104629	0.061005	0.177727	0.43883	48351.5	21510.6	4.39266	1.00037
natural[2,3]	10.7321	0.0163182	3.68617	3.69775	5.12696	10.4614	17.1881	56806.2	22462.5	5.16075	1.00012
natural[3,1]	0.172911	0.000606369	0.119364	0.106937	0.0310469	0.146658	0.408545	36737.3	21399.7	3.33753	1.00017
natural[3,2]	0.198712	0.000748532	0.149933	0.106178	0.0470662	0.156698	0.497692	37528.3	24002.5	3.40939	1.00003
natural[3,3]	8.63757	0.0209107	4.04082	4.18708	2.82016	8.19834	15.9278	43333.6	24115.0	3.93679	1.00011
natural[4,1]	0.176011	0.000800377	0.130617	0.111651	0.0283119	0.142436	0.435221	26514.0	21397.1	2.40875	1.00009
natural[4,2]	0.095044	0.000390091	0.0780434	0.0510912	0.0192003	0.0730288	0.24791	36242.0	20856.5	3.29253	1.0001
natural[4,3]	9.41316	0.0216786	4.44505	4.7017	2.8438	9.06821	17.2664	46897.6	24701.9	4.26057	1.00006
natural[5,1]	0.195431	0.00106731	0.147938	0.122962	0.0315951	0.155688	0.497252	19451.6	19565.1	1.76715	1.00039
natural[5,2]	0.0513241	0.000288105	0.0529905	0.0269391	0.00806561	0.0345941	0.1547	37178.2	24593.1	3.37758	0.999972
natural[5,3]	9.66147	0.0256997	5.1695	5.59733	1.68584	9.50341	18.5451	42394.4	24465.4	3.85146	1.00011
natural[6,1]	0.111964	0.000306708	0.0516842	0.05423	0.0314938	0.109787	0.199936	26718.4	19569.9	2.42733	1.00023
natural[6,2]	2.06839	0.00426012	0.738632	0.699481	1.03349	1.97951	3.41876	26634.4	21588.5	2.4197	1.00021
natural[6,3]	0.687106	0.00220181	0.304039	0.291411	0.109067	0.70978	1.15307	19776.8	15094.4	1.79669	1.0003
natural[7,1]	0.165476	0.000900456	0.133741	0.102775	0.025783	0.128277	0.439465	22884.8	22187.3	2.07905	1.00016
natural[7,2]	0.137166	0.00098554	0.167847	0.0697461	0.0105176	0.0669791	0.502305	23518.8	23663.5	2.13665	1.0001
natural[7,3]	6.88674	0.0353617	5.42643	6.1745	0.441402	5.83048	16.8676	28142.7	24847.8	2.55672	1.0
natural[8,1]	0.104087	0.00059423	0.0908168	0.0613063	0.0161814	0.0783228	0.282577	27565.8	23188.4	2.50431	1.00031
natural[8,2]	0.508802	0.00311488	0.40635	0.401152	0.0577357	0.405917	1.28907	14122.3	20587.0	1.28299	1.0006
natural[8,3]	4.4989	0.0363978	3.92093	2.45169	0.896204	2.9248	12.8951	14834.8	17657.4	1.34772	1.00076
natural[9,1]	0.259965	0.00127471	0.173792	0.171593	0.0418874	0.225775	0.600938	17132.0	19353.2	1.55642	1.00037
natural[9,2]	0.183781	0.00147954	0.166171	0.175892	0.00772906	0.145647	0.500472	10614.9	18747.9	0.964349	1.00088
natural[9,3]	4.1261	0.0590638	5.53628	1.59257	0.0165643	1.13004	16.0642	12173.9	19821.5	1.10598	1.00084
natural[10,1]	0.19397	0.000797733	0.134917	0.119005	0.0351651	0.163472	0.460137	27918.4	21702.8	2.53634	1.00017
natural[10,2]	0.0932822	0.000304661	0.0633315	0.0479178	0.0235324	0.0779639	0.214902	37924.4	20310.0	3.44537	1.0003
natural[10,3]	10.4556	0.0183008	4.16192	4.27896	4.10026	10.1795	17.7211	57120.8	25142.1	5.18933	1.00018
natural[11,1]	0.133115	0.000578769	0.0981749	0.0856498	0.021234	0.108788	0.327164	27761.2	24809.3	2.52206	1.00013
natural[11,2]	0.22597	0.000611162	0.12024	0.109383	0.0745428	0.2031	0.454728	37809.4	19728.3	3.43493	1.00033
natural[11,3]	10.7337	0.0161444	3.57318	3.58516	5.33003	10.4683	17.0883	55048.3	23268.0	5.00105	1.00014
natural[12,1]	0.0995294	0.00041605	0.0727594	0.0589219	0.0183483	0.08223	0.238628	31453.1	22508.8	2.85746	1.00018
natural[12,2]	0.567618	0.00154079	0.303372	0.299169	0.159601	0.521289	1.13131	32672.8	20355.2	2.96827	1.0001
natural[12,3]	7.86669	0.0179279	3.36141	3.32559	3.08754	7.48036	14.0525	41878.6	23429.7	3.80461	1.00005
natural[13,1]	0.155236	0.000606541	0.108762	0.0912055	0.0300393	0.130559	0.370942	30923.3	21497.1	2.80934	1.00024
natural[13,2]	0.12902	0.000416152	0.0852573	0.0658489	0.0356463	0.10769	0.296791	40136.9	22317.7	3.64638	1.00008
natural[13,3]	9.82186	0.0193291	4.02638	4.13489	3.83798	9.51079	16.939	49014.3	24219.8	4.45288	1.00032
natural[14,1]	0.181344	0.00058541	0.121795	0.113635	0.032867	0.155625	0.417112	42971.3	23447.5	3.90388	0.999984
natural[14,2]	0.215019	0.000733437	0.151262	0.115128	0.0537685	0.173007	0.521341	37795.1	22932.1	3.43362	0.999924
natural[14,3]	8.29307	0.0217465	4.09575	4.29435	2.5542	7.80929	15.7134	43743.3	23856.0	3.97401	1.00002
natural[15,1]	0.14442	0.000705317	0.112404	0.0939015	0.0214358	0.114703	0.367543	22580.6	22751.1	2.05141	1.00019
natural[15,2]	0.134212	0.000342511	0.0681487	0.0619359	0.0466742	0.122071	0.261693	36979.2	18446.1	3.3595	1.00031
natural[15,3]	12.3065	0.0155824	3.63665	3.64238	6.71843	12.1213	18.6482	59340.4	23995.3	5.39099	1.00009
natural[16,1]	0.137302	0.000662474	0.106531	0.0850087	0.0217927	0.109088	0.350081	23879.0	21437.7	2.16937	1.00013
natural[16,2]	0.133434	0.000354868	0.0707612	0.0629844	0.0443172	0.12008	0.266843	37006.0	18341.7	3.36194	1.00013
natural[16,3]	12.0232	0.0157359	3.68792	3.7413	6.32021	11.7997	18.4196	59521.0	24331.3	5.4074	1.0001
natural[17,1]	0.148239	0.000676405	0.109622	0.0930154	0.0245765	0.120534	0.366682	25085.1	19932.8	2.27894	1.00034
natural[17,2]	0.126272	0.000320603	0.0633112	0.0575641	0.04466	0.115447	0.244757	37189.3	19642.3	3.37859	1.00017
natural[17,3]	12.4672	0.0153186	3.67072	3.68555	6.81206	12.2559	18.8557	62755.2	22982.9	5.70122	1.00042
natural[18,1]	0.141165	0.000784876	0.106572	0.086026	0.0233794	0.115673	0.347794	23875.5	17231.0	2.16906	1.0001
natural[18,2]	1.0819	0.00393774	0.513199	0.505709	0.259755	1.05624	1.97058	14508.1	8464.92	1.31804	1.00021
natural[18,3]	1.76282	0.023871	1.83138	0.530574	0.67999	1.24121	4.68009	14955.7	7268.94	1.35871	1.00022
natural[19,1]	0.0513319	0.000228377	0.0399983	0.0315449	0.00869383	0.0411569	0.12793	29775.1	24500.4	2.70502	1.00013
natural[19,2]	1.8914	0.00379019	0.690821	0.653817	0.880347	1.82623	3.13399	29933.2	18636.9	2.71939	1.00013
natural[19,3]	4.76749	0.0175201	2.70571	2.61236	1.37802	4.23069	9.9549	29476.7	22072.5	2.67791	1.00024
natural[20,1]	0.0893652	0.000429072	0.0721528	0.0560639	0.0138017	0.0703884	0.23137	29897.3	23951.8	2.71612	1.0001
natural[20,2]	1.05536	0.00243383	0.44291	0.442266	0.395003	1.01984	1.84374	29871.7	18034.4	2.71379	1.00012
natural[20,3]	6.03599	0.0182837	2.99619	2.91905	2.04056	5.54114	11.6507	33730.7	23007.9	3.06438	1.00026
natural[21,1]	0.0667866	0.000266255	0.0514923	0.0410967	0.0111097	0.0531299	0.170026	38018.3	23491.3	3.45391	1.00022
natural[21,2]	2.01527	0.00423103	0.798028	0.715954	0.971327	1.88369	3.49811	30256.1	22168.1	2.74872	1.00004
natural[21,3]	0.367292	0.00129874	0.213546	0.21477	0.014642	0.378174	0.709026	25729.7	20145.7	2.33751	1.00028
natural[22,1]	0.136323	0.000703343	0.106682	0.0851076	0.020901	0.107742	0.349399	22888.0	22738.2	2.07934	1.00032
natural[22,2]	0.121204	0.000309891	0.0618273	0.0556356	0.0412681	0.11033	0.237631	36809.4	17371.1	3.34408	1.00023
natural[22,3]	12.4631	0.0151344	3.70968	3.74074	6.73671	12.2483	18.8979	65078.2	23205.1	5.91226	1.00053
natural[23,1]	0.234761	0.000727644	0.140001	0.138817	0.0485723	0.21137	0.498856	34088.5	20603.8	3.09689	1.00012
natural[23,2]	0.173335	0.000551512	0.111554	0.0907153	0.0463179	0.146297	0.390779	35014.0	21521.9	3.18096	1.00016
natural[23,3]	9.62713	0.0191962	3.92122	4.01946	3.83671	9.27802	16.6356	50079.3	23006.0	4.54963	1.00038
natural[24,1]	0.0720692	0.000348474	0.0552557	0.0441002	0.0127053	0.0583914	0.177838	28058.7	23567.2	2.54909	0.999989
natural[24,2]	1.02412	0.00220533	0.385989	0.368669	0.457399	0.99024	1.70836	26952.1	16000.4	2.44856	1.00009
natural[24,3]	0.25952	0.00965692	0.592582	0.21017	0.00369292	0.202361	0.59627	24484.3	20508.6	2.22436	1.00009
natural[25,1]	0.303876	0.000792091	0.157078	0.161657	0.0750753	0.288293	0.589029	37213.0	22020.7	3.38075	1.00043
natural[25,2]	0.177186	0.00139048	0.205747	0.0920079	0.0168161	0.0925393	0.619897	18818.0	21937.8	1.70959	1.00034
natural[25,3]	6.9518	0.0367447	5.14329	5.72593	0.81518	5.94023	16.546	22778.7	23277.6	2.06941	1.00039
natural[26,1]	0.175609	0.000756798	0.126137	0.115546	0.0272009	0.146304	0.424748	25822.4	23530.8	2.34592	1.00006
natural[26,2]	0.141094	0.000380467	0.0725982	0.0655113	0.0484439	0.127599	0.279202	35378.5	20235.4	3.21408	1.00028
natural[26,3]	11.8569	0.0163808	3.70062	3.72351	6.13806	11.6257	18.3001	55421.5	24061.9	5.03496	1.00012
natural[27,1]	0.107623	0.000779875	0.0872895	0.0625265	0.0190721	0.0857609	0.267548	19427.3	13991.3	1.76494	1.00013
natural[27,2]	0.841281	0.00376118	0.428374	0.412974	0.138208	0.813933	1.59126	10940.4	5106.78	0.993914	1.00038
natural[27,3]	0.961277	0.0303351	2.02267	0.369022	0.0362267	0.559632	2.45176	14961.3	5022.33	1.35921	1.00056
natural[28,1]	0.150887	0.000929584	0.130393	0.0922089	0.0216735	0.110516	0.423019	20605.8	21016.2	1.87201	1.00048
natural[28,2]	0.0926281	0.000547147	0.100738	0.0491201	0.0122194	0.0587428	0.296639	31804.7	23810.3	2.88941	1.00001
natural[28,3]	8.67339	0.0265661	4.95144	5.45375	1.60201	8.22902	17.3859	38952.9	24810.2	3.53881	1.00045
natural[29,1]	0.169432	0.000808085	0.123552	0.110572	0.0258189	0.139771	0.411039	21838.7	22161.4	1.98401	1.0002
natural[29,2]	0.106307	0.000272358	0.0534572	0.0485727	0.0374074	0.0969378	0.2058	36477.6	17199.7	3.31393	1.00016
natural[29,3]	12.6799	0.0159338	3.75142	3.73593	6.8481	12.4658	19.1971	60476.6	22674.0	5.4942	1.00044
natural[30,1]	0.192608	0.000994089	0.151751	0.123674	0.0275814	0.151106	0.501856	24315.5	20781.1	2.20903	1.00019
natural[30,2]	0.148456	0.00101313	0.168095	0.0834737	0.011185	0.0770965	0.505514	21877.3	22943.6	1.98752	1.00024
natural[30,3]	6.40886	0.0374889	5.4223	5.61364	0.381294	5.01638	16.6653	25998.7	24302.7	2.36194	1.00014
natural[31,1]	0.0733043	0.000354507	0.0558871	0.0484244	0.0106289	0.059063	0.18415	23993.8	22636.1	2.1798	1.00012
natural[31,2]	2.50803	0.00535785	0.980928	0.902383	1.19154	2.36152	4.30922	32863.9	21043.9	2.98564	1.00028
natural[31,3]	4.39602	0.0164822	2.59706	2.47357	1.25615	3.84547	9.44256	30165.6	23190.3	2.7405	1.00012
natural[32,1]	0.166416	0.000739067	0.122694	0.109181	0.0256523	0.136769	0.408644	24573.1	21734.2	2.23242	1.00019
natural[32,2]	0.109339	0.000290878	0.0554657	0.0492938	0.0382125	0.0995726	0.213989	34228.0	17987.1	3.10956	1.00008
natural[32,3]	12.5812	0.0155435	3.72299	3.76093	6.7968	12.3654	19.0876	60432.8	25230.0	5.49023	1.00023
natural[33,1]	0.0867152	0.000403323	0.0579586	0.0482113	0.0187249	0.0754569	0.192003	24829.6	19587.4	2.25573	1.00023
natural[33,2]	1.0376	0.0043048	0.506377	0.504242	0.203174	1.01956	1.90287	12209.5	7687.1	1.10922	1.00021
natural[33,3]	1.92184	0.0255485	1.94175	0.558408	0.764072	1.35868	5.29973	13230.5	6817.97	1.20197	1.0002
natural[34,1]	0.0912737	0.000256919	0.0448697	0.0452587	0.0247867	0.0875238	0.169884	26950.1	18666.5	2.44838	1.00003
natural[34,2]	1.96138	0.00413507	0.721543	0.69063	0.953669	1.87619	3.26649	25892.7	19223.7	2.35231	1.0004
natural[34,3]	0.550456	0.00182809	0.244061	0.225497	0.0725072	0.57382	0.91466	18441.9	13796.8	1.67542	1.00026
natural[35,1]	0.0850027	0.000474636	0.061706	0.0482424	0.0172767	0.0715979	0.195048	23108.3	16868.9	2.09936	1.00038
natural[35,2]	0.751659	0.00221063	0.326406	0.313815	0.251303	0.731954	1.32336	17978.5	7439.92	1.63332	1.00028
natural[35,3]	0.387337	0.0221862	1.21754	0.233691	0.00381617	0.19356	0.849407	19368.4	8199.07	1.75959	1.0005
natural[36,1]	0.220603	0.000889365	0.150848	0.138085	0.0405578	0.18489	0.517509	27522.5	20847.1	2.50037	1.00029
natural[36,2]	0.0728274	0.000329015	0.0660385	0.0393864	0.0128471	0.0530857	0.20124	37756.4	22784.4	3.43011	1.00012
natural[36,3]	9.53246	0.0225411	4.76097	5.0487	2.35151	9.2225	17.9171	48834.8	23443.3	4.43657	1.00032
natural[37,1]	0.144456	0.000677862	0.107091	0.0926152	0.0237177	0.117415	0.353406	23634.7	22371.8	2.14718	1.00007
natural[37,2]	0.123248	0.000309148	0.0612919	0.0561128	0.0432061	0.112917	0.237049	36480.6	18587.1	3.3142	1.00017
natural[37,3]	12.5906	0.0161601	3.67272	3.68979	6.93456	12.3901	18.9601	54967.6	24352.4	4.99372	1.00014
natural[38,1]	0.200729	0.000664092	0.128132	0.117261	0.0409016	0.175556	0.448412	34439.3	20665.0	3.12875	1.00009
natural[38,2]	0.139077	0.000625048	0.124566	0.0746811	0.0256098	0.0991546	0.398178	33266.3	21497.2	3.02219	1.00006
natural[38,3]	8.41012	0.0237542	4.48552	4.84097	2.08118	7.9702	16.4901	41155.5	23605.2	3.73891	1.00002
natural[39,1]	0.166065	0.00104511	0.136388	0.0960024	0.0278536	0.126369	0.449223	17999.9	20389.6	1.63527	1.00029
natural[39,2]	0.209826	0.00173214	0.222098	0.157823	0.00819639	0.122831	0.658837	12428.7	21032.1	1.12913	1.00064
natural[39,3]	4.88099	0.0539582	5.69812	2.51323	0.0501662	1.8179	16.4968	15193.7	22156.1	1.38033	1.0005
natural[40,1]	0.161566	0.0006757	0.110342	0.0918448	0.0335554	0.137209	0.373736	26733.9	20376.8	2.42873	1.00012
natural[40,2]	0.1239	0.000591002	0.115729	0.0698624	0.0194045	0.086777	0.360324	32013.8	22995.2	2.9084	0.99999
natural[40,3]	8.16559	0.0253721	4.6463	4.99589	1.81879	7.60764	16.6344	39172.0	24366.0	3.55872	0.999984
natural[41,1]	0.302518	0.000843928	0.148779	0.158927	0.0747881	0.293208	0.562007	29447.3	20151.7	2.67524	1.00003
natural[41,2]	0.140709	0.000424748	0.0831558	0.0719052	0.0411852	0.123094	0.301524	31424.1	20757.8	2.85483	1.00002
natural[41,3]	10.6061	0.0184984	3.90101	3.91564	4.70889	10.3144	17.5061	50287.8	22599.4	4.56857	0.999996
natural[42,1]	0.0784422	0.000308405	0.0545862	0.0461119	0.0154307	0.0663304	0.182152	32296.0	25747.3	2.93404	1.0003
natural[42,2]	0.788957	0.00207243	0.386225	0.39132	0.235698	0.746381	1.48245	30659.2	19530.4	2.78534	1.00031
natural[42,3]	6.95787	0.0178312	3.19214	3.19711	2.50983	6.54532	12.8443	38772.1	24219.0	3.52238	1.00001
natural[43,1]	0.185316	0.000971357	0.139672	0.114041	0.0310406	0.149415	0.462322	19902.1	21643.1	1.80807	1.00033
natural[43,2]	0.0436094	0.000169719	0.0349139	0.0240039	0.00852371	0.0344954	0.109878	40971.4	21900.5	3.72219	1.00008
natural[43,3]	10.8586	0.0210287	4.66951	4.79173	3.4556	10.6631	18.9089	51316.6	25294.1	4.66203	1.00012
natural[44,1]	0.0671092	0.000361325	0.0585929	0.0382789	0.0111574	0.0510636	0.177116	29516.1	23557.7	2.68149	1.00017
natural[44,2]	0.574125	0.00151328	0.318982	0.316089	0.145287	0.52548	1.1678	38544.4	21223.5	3.5017	1.00042
natural[44,3]	7.80994	0.0184343	3.43306	3.4583	2.93961	7.40577	14.0475	41687.4	24451.7	3.78723	1.00029
natural[45,1]	0.0354787	0.000141182	0.0256389	0.0212966	0.00663354	0.0295724	0.0843441	35004.1	23771.0	3.18007	1.00028
natural[45,2]	2.21306	0.00450068	0.898968	0.821859	0.981112	2.09048	3.87672	36275.1	18610.0	3.29554	1.00008
natural[45,3]	0.835568	0.00362695	0.357008	0.176958	0.555886	0.775582	1.26726	31622.7	22066.8	2.87288	1.00008
natural[46,1]	0.219543	0.00116094	0.152164	0.143521	0.0349272	0.187166	0.519554	17626.7	21386.4	1.60136	1.00012
natural[46,2]	0.415124	0.00265451	0.288434	0.313363	0.0223283	0.392428	0.932167	9829.06	13154.9	0.892955	1.00039
natural[46,3]	2.36671	0.0464226	3.92508	0.903976	0.0249605	0.807024	12.0443	13055.2	12465.9	1.18604	1.00043
natural[47,1]	0.154905	0.000784555	0.118582	0.0892364	0.0282349	0.124662	0.385838	26684.4	22707.5	2.42423	1.00017
natural[47,2]	0.180374	0.00125271	0.186129	0.115621	0.0145078	0.106853	0.568048	17434.5	21145.1	1.58389	1.00032
natural[47,3]	5.9146	0.0390315	5.08348	4.54173	0.544788	4.25735	15.8837	23583.2	20799.4	2.1425	1.00011
natural[48,1]	0.258101	0.00086896	0.155556	0.152513	0.0532793	0.231897	0.557926	29366.1	20145.5	2.66787	1.00007
natural[48,2]	0.0644369	0.00020547	0.0419914	0.0342211	0.0154983	0.0552346	0.144708	33839.1	20054.3	3.07423	1.00019
natural[48,3]	11.4603	0.0180936	4.22312	4.26986	4.93224	11.2291	18.7584	58133.0	23170.0	5.28129	1.00017
natural[49,1]	0.167098	0.000566612	0.10511	0.0975167	0.0342417	0.147615	0.36739	31493.5	21386.8	2.86114	1.00025
natural[49,2]	0.115214	0.000339645	0.0675705	0.055613	0.0354297	0.100438	0.246641	36341.7	19428.3	3.30159	1.00046
natural[49,3]	10.7366	0.0170945	3.89008	3.96742	4.82314	10.4802	17.568	58329.9	24880.1	5.29918	1.00009
natural[50,1]	0.144791	0.000798116	0.115052	0.0820452	0.0263493	0.114343	0.370302	23647.9	21183.6	2.14838	1.00001
natural[50,2]	0.147969	0.0010068	0.165572	0.0833393	0.0120701	0.080632	0.501012	22306.3	22822.7	2.02649	1.00005
natural[50,3]	6.67238	0.0347778	5.16569	5.4754	0.67586	5.497	16.4586	27495.2	24325.0	2.4979	0.999984
natural[51,1]	0.185341	0.000683737	0.124063	0.116363	0.0318551	0.159583	0.427272	30215.8	20240.7	2.74506	1.00002
natural[51,2]	0.18491	0.000507082	0.0989157	0.0875401	0.0613034	0.165816	0.374904	37261.2	20732.2	3.38512	1.0
natural[51,3]	11.0083	0.0167559	3.61887	3.63237	5.46907	10.7569	17.347	52408.8	23321.2	4.76126	1.0002
natural[52,1]	0.0835867	0.000337056	0.0616936	0.0493442	0.0155965	0.0687929	0.202158	32091.9	23630.5	2.9155	1.00017
natural[52,2]	0.628376	0.00162729	0.328606	0.329623	0.178751	0.584581	1.23199	34553.0	20301.9	3.13909	1.00022
natural[52,3]	7.53621	0.0178472	3.3301	3.30135	2.82856	7.1312	13.6169	41940.0	23667.5	3.81018	1.00009
natural[53,1]	0.135299	0.000644588	0.104466	0.0908355	0.0195174	0.10829	0.340724	23455.0	23566.9	2.13085	1.00018
natural[53,2]	0.153479	0.000395903	0.0767788	0.0695226	0.0547248	0.140011	0.298513	36045.4	18851.4	3.27467	1.00035
natural[53,3]	12.0271	0.0152013	3.63459	3.62209	6.42493	11.816	18.3499	62187.5	24732.2	5.64964	1.00011
natural[54,1]	0.213481	0.00102961	0.141714	0.133815	0.0383611	0.182814	0.489163	20522.3	22077.7	1.86442	1.00025
natural[54,2]	0.676714	0.00393665	0.433337	0.456156	0.0514365	0.649315	1.44426	10153.7	11455.4	0.922452	1.00094
natural[54,3]	2.13934	0.0404374	3.28478	0.672117	0.205089	0.891545	9.98162	12920.8	8766.35	1.17383	1.00104
natural[55,1]	0.149557	0.000680462	0.113048	0.0921534	0.0251415	0.120606	0.376853	26143.6	22074.2	2.37511	1.00027
natural[55,2]	0.138302	0.00036987	0.0736536	0.0656485	0.045633	0.123901	0.278331	35989.6	18899.9	3.2696	1.00006
natural[55,3]	11.882	0.016088	3.65532	3.63723	6.26567	11.6586	18.2819	56279.1	24426.1	5.11287	1.00008
natural[56,1]	0.201551	0.000733911	0.134404	0.126537	0.0368441	0.174548	0.464258	30556.2	21419.4	2.77598	1.00007
natural[56,2]	0.100053	0.000364862	0.0734321	0.0510747	0.0244993	0.0806252	0.243712	37137.2	20997.3	3.37386	0.999997
natural[56,3]	9.88413	0.0203377	4.25072	4.38014	3.45912	9.56658	17.3731	48850.4	23786.2	4.43799	0.999986
natural[57,1]	0.111522	0.00055025	0.0950454	0.0667181	0.0176249	0.0839975	0.301021	32330.8	24324.7	2.93721	1.00006
natural[57,2]	0.259618	0.000933343	0.186381	0.146229	0.0592665	0.208861	0.635976	33888.9	23910.1	3.07876	1.00003
natural[57,3]	7.62881	0.02303	3.91658	3.99573	2.39684	7.02847	14.9434	36301.2	22236.6	3.29791	1.00039
natural[58,1]	0.104891	0.000433273	0.0797777	0.0628908	0.0188495	0.0859933	0.251676	36557.0	25149.6	3.32115	1.00008
natural[58,2]	0.360276	0.00133944	0.269407	0.22347	0.0632014	0.286753	0.894105	33952.3	20794.1	3.08452	0.999951
natural[58,3]	7.14637	0.0229813	3.85485	3.90161	2.06882	6.50217	14.365	36054.8	22591.8	3.27553	1.00016
natural[59,1]	0.186871	0.000683192	0.125014	0.110453	0.0367816	0.159329	0.435665	32013.4	23875.2	2.90837	1.00016
natural[59,2]	0.125568	0.000411375	0.0836226	0.0633244	0.035827	0.105111	0.290323	39519.7	22485.3	3.5903	1.00004
natural[59,3]	10.0661	0.0188971	4.1276	4.2371	3.77493	9.77378	17.3573	53703.3	23815.2	4.87886	1.00052
natural[60,1]	0.206922	0.000767799	0.135895	0.126261	0.040106	0.178613	0.472154	29153.1	21318.7	2.64851	1.00011
natural[60,2]	0.100485	0.000270287	0.0544103	0.0480188	0.032131	0.0902659	0.203995	35610.3	20378.1	3.23514	1.00008
natural[60,3]	11.8915	0.0165074	3.82475	3.84548	6.01814	11.6785	18.5363	59218.3	23466.5	5.37989	1.00032
natural[61,1]	0.230518	0.00143677	0.179973	0.156948	0.03062	0.180851	0.6036	15570.1	21500.0	1.41452	1.00023
natural[61,2]	0.0776087	0.000666014	0.10908	0.0315631	0.00460179	0.0294416	0.31743	21218.7	23725.1	1.92769	1.00005
natural[61,3]	7.69704	0.0435703	6.33149	8.28697	0.0779059	7.089	18.6505	24093.9	27642.5	2.18889	1.00008
natural[62,1]	0.211764	0.00137906	0.174068	0.129101	0.0308279	0.156988	0.58632	16110.1	22291.5	1.46358	1.00029
natural[62,2]	0.265386	0.0023599	0.263769	0.246491	0.00815109	0.187805	0.77139	10275.1	20192.3	0.933478	1.00055
natural[62,3]	4.1126	0.0580343	5.66576	1.18123	0.0167326	0.843013	16.3466	12935.7	23286.4	1.17519	1.00066
natural[63,1]	0.176245	0.000758446	0.128509	0.108462	0.0302463	0.145127	0.433239	27111.4	21491.9	2.46303	1.00012
natural[63,2]	0.0860703	0.000248789	0.0511865	0.0428979	0.0245194	0.0755125	0.183244	36342.3	19561.5	3.30164	1.00025
natural[63,3]	11.3276	0.0167659	3.99937	4.07352	5.20242	11.0788	18.239	62430.2	23767.6	5.67169	1.00062
natural[64,1]	0.146524	0.000796385	0.128798	0.085052	0.0225016	0.106318	0.420134	33178.5	23573.4	3.01421	1.00008
natural[64,2]	0.25439	0.00105327	0.195481	0.150527	0.0505751	0.196648	0.651594	28253.6	23534.6	2.5668	0.999947
natural[64,3]	6.99125	0.0258044	4.0568	4.07725	1.90678	6.18935	14.6908	31073.5	22332.0	2.82298	1.00006
natural[65,1]	0.0857845	0.000327111	0.0587191	0.0540509	0.0149379	0.0736876	0.196587	30487.3	23912.9	2.76973	1.00004
natural[65,2]	0.909844	0.00204617	0.385857	0.384098	0.336046	0.875329	1.59768	31955.7	19101.0	2.90312	1.0003
natural[65,3]	6.53477	0.0174684	3.03404	3.02574	2.40372	6.10572	12.1855	37308.8	22191.5	3.38945	1.00004
natural[66,1]	0.162516	0.000721297	0.123575	0.0976681	0.0282468	0.130218	0.411074	29410.5	22819.8	2.6719	1.00016
natural[66,2]	0.108273	0.000372846	0.0782732	0.05727	0.026504	0.0878787	0.260184	40881.0	21592.9	3.71398	1.00008
natural[66,3]	9.76642	0.0195691	4.22888	4.42146	3.42512	9.42761	17.177	52454.4	24138.9	4.7654	1.00037
natural[67,1]	0.140384	0.000539514	0.0939278	0.0833235	0.0281993	0.120584	0.32191	28031.1	21115.3	2.54659	1.00047
natural[67,2]	0.163131	0.000432743	0.0861674	0.0773043	0.0545259	0.14694	0.327384	38727.5	18897.3	3.51833	1.00009
natural[67,3]	11.4175	0.015688	3.68299	3.67714	5.74484	11.1763	17.8593	61834.9	23954.3	5.61761	1.00031
natural[68,1]	0.126112	0.000555969	0.098779	0.0798207	0.0192468	0.0991652	0.327943	31793.9	24469.7	2.88843	1.0001
natural[68,2]	0.341619	0.000958438	0.191994	0.177434	0.102467	0.302633	0.709287	38255.9	20979.5	3.47549	1.00027
natural[68,3]	9.3815	0.0171916	3.59106	3.58244	4.10939	9.02872	15.8617	51777.9	23983.7	4.70394	1.00031
natural[69,1]	0.153431	0.000680409	0.114119	0.0950661	0.0258711	0.124763	0.380439	27408.4	22452.0	2.49001	1.00006
natural[69,2]	0.126776	0.000335066	0.0677036	0.0601513	0.0418112	0.113955	0.255751	40684.9	19406.3	3.69616	1.00012
natural[69,3]	11.9152	0.0160699	3.70768	3.7311	6.22341	11.6944	18.3557	58316.6	24591.4	5.29797	1.00022
natural[70,1]	0.160925	0.000904077	0.131552	0.0922551	0.0275939	0.122571	0.436482	24254.7	22788.4	2.2035	1.00011
natural[70,2]	0.0984025	0.000545082	0.103496	0.05349	0.0130363	0.0629025	0.310812	32547.9	24105.0	2.95693	0.999889
natural[70,3]	8.46481	0.0264781	4.92389	5.43588	1.55067	7.98078	17.2551	39089.8	24082.2	3.55125	1.00028
natural[71,1]	0.166691	0.000624002	0.109596	0.0999336	0.0326928	0.14362	0.380644	27482.2	21507.1	2.49671	1.00015
natural[71,2]	0.142931	0.000379384	0.0752465	0.0668021	0.0488095	0.128496	0.284103	38513.5	20878.5	3.49889	1.00047
natural[71,3]	11.8397	0.015183	3.68929	3.72361	6.17868	11.6	18.2523	64377.0	24406.5	5.84855	1.00072
natural[72,1]	0.351938	0.001241	0.206076	0.234338	0.0634666	0.327839	0.724474	24782.7	20535.8	2.25147	1.00001
natural[72,2]	0.06766	0.000348996	0.0659119	0.0370833	0.0102314	0.0461233	0.203732	31570.7	21822.6	2.86815	0.999933
natural[72,3]	9.28632	0.025393	5.09151	5.58104	1.62402	9.04165	18.0669	44030.3	24416.9	4.00008	0.99994
natural[73,1]	0.19825	0.00071271	0.134841	0.12641	0.0336318	0.17032	0.459625	35228.0	22841.6	3.20041	1.00003
natural[73,2]	0.134955	0.000479523	0.100586	0.0689576	0.0342228	0.107646	0.330884	42887.4	24855.9	3.89626	1.00013
natural[73,3]	9.23843	0.0204482	4.26776	4.45886	2.87159	8.90486	16.7083	48986.1	23956.5	4.45031	1.00006
natural[74,1]	0.241335	0.000777237	0.143857	0.147181	0.0488344	0.218743	0.51297	32809.9	22787.0	2.98073	0.999967
natural[74,2]	0.291312	0.000890088	0.161579	0.152492	0.084693	0.261896	0.599283	29552.5	21910.5	2.6848	1.00013
natural[74,3]	8.09388	0.019197	3.53516	3.46838	3.1861	7.63513	14.6831	42426.4	23222.8	3.85437	1.00021
natural[75,1]	0.219622	0.00105594	0.159144	0.138901	0.0372468	0.178287	0.541348	21900.5	22655.8	1.98963	1.00024
natural[75,2]	0.0490546	0.0002141	0.0427281	0.0270473	0.00891007	0.0372175	0.129311	38218.5	21247.5	3.47209	0.999994
natural[75,3]	10.3979	0.0220787	4.84262	5.04315	2.74705	10.2214	18.6663	50590.6	23508.6	4.59608	1.00018
natural[76,1]	0.0931935	0.00029487	0.052768	0.0460488	0.0258874	0.0847297	0.187995	34144.9	20854.2	3.10201	1.00023
natural[76,2]	1.10991	0.00274378	0.454682	0.433433	0.441106	1.06652	1.92381	22894.7	12536.3	2.07994	1.00018
natural[76,3]	0.737117	0.00811485	0.694622	0.250931	0.224427	0.668074	1.26338	27430.5	16546.8	2.49202	1.00025
natural[77,1]	0.156678	0.000695494	0.114639	0.0976645	0.0264687	0.128938	0.383287	26501.3	20842.8	2.4076	1.00015
natural[77,2]	0.162057	0.000437716	0.0860465	0.0779156	0.0542046	0.145258	0.326439	37528.0	20662.7	3.40936	1.00044
natural[77,3]	11.5861	0.0156734	3.6408	3.64542	5.9859	11.3589	17.9232	58609.0	23226.2	5.32454	1.00052
natural[78,1]	0.192312	0.000755203	0.135225	0.1148	0.03561	0.159191	0.465248	29771.5	21568.0	2.7047	0.999966
natural[78,2]	0.0851696	0.000231841	0.0483952	0.041598	0.0263202	0.0752902	0.177098	39225.5	19687.7	3.56358	1.00015
natural[78,3]	11.6174	0.0169719	3.97982	4.04387	5.48558	11.3754	18.5217	61110.2	22599.1	5.55177	1.00032
natural[79,1]	0.154963	0.000476961	0.0903765	0.086226	0.0367158	0.141022	0.321479	32074.5	20641.5	2.91392	1.00015
natural[79,2]	0.159789	0.000551739	0.11055	0.0823318	0.041756	0.130642	0.375386	35434.3	23149.2	3.21915	1.00007
natural[79,3]	9.02506	0.0203361	3.99076	4.13605	3.2584	8.62399	16.2006	45013.4	23667.0	4.0894	1.00002
natural[80,1]	0.172856	0.000556275	0.100964	0.0990669	0.0355918	0.157627	0.358976	29608.2	20913.2	2.68986	1.00009
natural[80,2]	0.537268	0.00156576	0.290026	0.275297	0.156151	0.488378	1.08193	30964.7	22399.5	2.8131	1.0003
natural[80,3]	8.21171	0.0181413	3.37955	3.4033	3.37421	7.81621	14.3075	40911.5	24534.4	3.71675	1.00024
natural[81,1]	0.234811	0.00112655	0.165086	0.152528	0.0383672	0.19672	0.5622	19531.6	18757.4	1.77441	1.00032
natural[81,2]	0.0519424	0.00027653	0.0529896	0.0276992	0.00784374	0.035167	0.155431	33929.1	23889.3	3.0824	1.00004
natural[81,3]	9.50664	0.0254839	5.19772	5.63796	1.53544	9.29291	18.3795	44136.2	24108.1	4.00971	1.00026
natural[82,1]	0.233793	0.000740162	0.143578	0.131975	0.053216	0.205602	0.516134	38209.8	23425.2	3.4713	1.0003
natural[82,2]	0.126816	0.00043605	0.0902072	0.0673756	0.030534	0.103682	0.299825	36525.3	22215.2	3.31827	1.00009
natural[82,3]	9.9715	0.0203697	4.16017	4.30601	3.76645	9.6768	17.2982	47986.9	21883.2	4.35954	1.00033
natural[83,1]	0.0450519	0.000232751	0.035892	0.0292434	0.00634852	0.0350814	0.118888	22069.7	24954.7	2.005	1.00016
natural[83,2]	5.87691	0.0223771	4.05443	2.36909	2.23643	4.89172	12.6476	42552.0	27240.4	3.86578	0.999991
natural[83,3]	3.44583	0.0151526	2.28817	2.01662	0.915841	2.84565	8.06162	26092.3	26161.7	2.37045	1.00012
natural[84,1]	0.25246	0.00113872	0.171404	0.165572	0.0401453	0.217903	0.588567	20907.3	20577.1	1.8994	1.00014
natural[84,2]	0.153898	0.00123757	0.185661	0.0838497	0.00695432	0.0683998	0.546858	17100.9	23050.9	1.55359	1.00024
natural[84,3]	5.92825	0.0482516	6.03154	5.17437	0.0359041	3.68237	17.4894	19585.2	25561.2	1.77929	1.00015
natural[85,1]	0.0443548	0.000257516	0.0380767	0.0255281	0.00784973	0.034519	0.112609	26690.8	22513.7	2.42482	1.00012
natural[85,2]	1.10864	0.00274202	0.488867	0.496649	0.361004	1.07745	1.95807	28223.7	16909.8	2.56408	1.00066
natural[85,3]	5.92184	0.0183659	3.03753	2.99268	1.90118	5.44307	11.6221	34544.5	23824.6	3.13832	1.00015
natural[86,1]	0.11884	0.000900183	0.11973	0.0694485	0.0147048	0.0782002	0.370636	18577.4	20818.7	1.68773	1.00029
natural[86,2]	0.314858	0.00262687	0.334227	0.215487	0.016689	0.175075	1.00241	12980.7	19849.5	1.17928	1.00008
natural[86,3]	5.0559	0.0460594	5.08752	3.01073	0.458207	2.70951	15.5169	16101.1	20201.7	1.46276	1.00032
natural[87,1]	0.0182584	6.97083e-05	0.0125191	0.010426	0.00392516	0.0154856	0.041636	35929.0	25684.7	3.2641	1.00032
natural[87,2]	4.13663	0.0120666	2.18297	1.61892	1.72283	3.65458	8.17521	34770.3	23919.7	3.15882	1.00001
natural[87,3]	0.571568	0.000513621	0.0956976	0.0751036	0.43719	0.563692	0.73132	34701.6	28812.4	3.15259	0.999957
natural[88,1]	0.21422	0.000909782	0.159339	0.14205	0.0311878	0.173074	0.532714	30123.0	20294.4	2.73663	1.00023
natural[88,2]	0.0935991	0.000421733	0.0833619	0.0476852	0.0198876	0.0692705	0.252946	39566.5	22313.3	3.59456	1.00024
natural[88,3]	9.40127	0.0211958	4.56133	4.82041	2.52135	9.08828	17.4305	50571.5	25638.8	4.59435	1.00016
natural[89,1]	0.041045	0.000224011	0.0285662	0.0247167	0.00815311	0.0352683	0.092154	34651.9	24322.7	3.14807	1.00006
natural[89,2]	2.32001	0.00470825	0.854022	0.803214	1.10136	2.22986	3.87243	27719.1	15425.4	2.51824	1.00004
natural[89,3]	0.556169	0.0108188	0.519735	0.105533	0.349254	0.529723	0.760789	26234.5	18932.3	2.38336	1.00038
natural[90,1]	0.255681	0.00123811	0.182361	0.170705	0.0388335	0.212025	0.623679	20718.9	22627.0	1.88228	1.00013
natural[90,2]	0.0790756	0.000567655	0.099137	0.0383362	0.00660638	0.0383158	0.294306	25825.0	22087.2	2.34616	1.00001
natural[90,3]	7.72843	0.0363875	5.88714	7.19385	0.250139	7.04287	18.1026	29867.5	26727.7	2.71341	1.00005
natural[91,1]	0.231787	0.00109678	0.156898	0.142365	0.0432375	0.1969	0.54454	19438.3	21011.0	1.76594	1.00044
natural[91,2]	0.0410234	0.000169657	0.0345745	0.0233755	0.0072118	0.0317423	0.10706	39388.7	21283.6	3.5784	0.9999
natural[91,3]	10.7991	0.0209661	4.8289	4.95721	3.11024	10.659	19.048	55000.9	24015.9	4.99675	1.00006
natural[92,1]	0.0908703	0.00146716	0.121523	0.0392076	0.0104781	0.048274	0.366895	9196.0	10968.6	0.835443	1.00065
natural[92,2]	0.812418	0.00647457	0.548536	0.59249	0.0222365	0.794712	1.7656	6377.55	9584.04	0.579391	1.00065
natural[92,3]	1.76005	0.0515786	3.64912	0.355504	0.0390753	0.50048	10.9931	10643.3	8096.66	0.966927	1.00112
natural[93,1]	0.0925793	0.000374501	0.0662442	0.0566276	0.0163696	0.077168	0.22106	29343.1	24144.5	2.66578	1.00015
natural[93,2]	0.64509	0.00161324	0.316134	0.313779	0.206418	0.605689	1.22535	33573.0	19415.2	3.05006	1.00023
natural[93,3]	7.77126	0.0176799	3.25042	3.24559	3.17949	7.36311	13.7132	41083.7	23161.1	3.73239	1.00037
natural[94,1]	0.179111	0.00108267	0.136576	0.11909	0.0245378	0.145442	0.449801	17387.9	19891.5	1.57967	1.00019
natural[94,2]	0.563657	0.00302212	0.322345	0.319875	0.0470881	0.549468	1.12662	9729.23	7174.7	0.883886	1.00032
natural[94,3]	1.48309	0.0382496	2.89395	0.593588	0.0225475	0.625686	7.76092	13595.4	6782.04	1.23512	1.00059
natural[95,1]	0.176088	0.00106273	0.144703	0.103998	0.029232	0.133641	0.479555	19225.9	22378.5	1.74664	1.00011
natural[95,2]	0.0593477	0.000320423	0.0599795	0.0333074	0.008533	0.0410275	0.174507	37025.5	23407.0	3.36371	1.00007
natural[95,3]	9.59609	0.0246174	4.99838	5.39352	1.94653	9.37299	18.224	44394.0	23925.3	4.03312	1.00026
natural[96,1]	0.156129	0.000566895	0.103436	0.0973462	0.0282862	0.134143	0.354705	30891.7	23835.9	2.80646	1.00017
natural[96,2]	0.313557	0.000817398	0.161734	0.154219	0.100312	0.286482	0.618021	36521.4	21195.7	3.31792	1.00039
natural[96,3]	9.6181	0.0163281	3.48078	3.50973	4.42508	9.32745	15.8436	52224.2	24065.5	4.74449	1.00023
natural[97,1]	0.177247	0.000631831	0.118101	0.10774	0.0335154	0.152117	0.40601	32867.0	22490.3	2.98592	1.00019
natural[97,2]	0.170642	0.000467609	0.092016	0.0814856	0.056626	0.15252	0.347167	39185.7	21439.3	3.55996	1.00049
natural[97,3]	11.1545	0.0160687	3.64464	3.63556	5.57669	10.9383	17.5322	56102.7	25396.8	5.09685	1.00064
natural[98,1]	0.185143	0.000678074	0.135017	0.120614	0.0295573	0.152162	0.452159	40352.4	23952.9	3.66595	1.00024
natural[98,2]	0.225794	0.000962486	0.180579	0.132262	0.0434186	0.170184	0.595274	27821.9	22449.8	2.52758	1.00005
natural[98,3]	7.30761	0.0258824	4.22537	4.40407	1.85381	6.58496	15.2831	32579.4	22153.1	2.95978	0.999995
natural[99,1]	0.14155	0.000541137	0.101232	0.0877589	0.0247047	0.11825	0.339144	33679.9	22753.1	3.05977	0.999968
natural[99,2]	0.248261	0.000650187	0.136666	0.125043	0.0780072	0.222016	0.509186	43429.7	21965.2	3.94552	0.999934
natural[99,3]	9.99219	0.0166843	3.65469	3.68868	4.4873	9.70093	16.4683	53893.0	24442.6	4.89609	1.00026
natural[100,1]	0.194842	0.000970342	0.146916	0.110798	0.036002	0.154266	0.506241	23572.8	21165.5	2.14156	1.00015
natural[100,2]	0.30785	0.00251458	0.299865	0.244493	0.0190427	0.206399	0.911992	11839.9	21572.8	1.07563	1.0002
natural[100,3]	4.85616	0.0451062	4.87531	2.57538	0.529362	2.5623	15.1092	16250.4	19846.7	1.47633	1.00025
natural[101,1]	0.135192	0.00115714	0.132614	0.077918	0.0175083	0.0913124	0.416266	14844.7	19551.3	1.34862	1.00061
natural[101,2]	0.371762	0.00288869	0.313365	0.350938	0.0174673	0.315329	0.961408	9810.41	16466.4	0.891261	1.00057
natural[101,3]	3.39088	0.0492234	4.49237	1.1812	0.158688	1.24194	13.7586	14018.6	15289.3	1.27357	1.00079
natural[102,1]	0.204086	0.000857387	0.139988	0.126157	0.0373482	0.172212	0.478606	23773.8	20351.8	2.15981	1.00028
natural[102,2]	0.0700741	0.000269482	0.0545501	0.0377663	0.0145946	0.0557116	0.175069	35517.4	20992.1	3.2267	0.99995
natural[102,3]	10.2501	0.0201857	4.46099	4.64786	3.40984	9.99543	17.9686	53290.4	23105.1	4.84135	1.00027
natural[103,1]	0.12335	0.000509148	0.093135	0.073898	0.0219965	0.100474	0.304391	35973.9	22322.0	3.26817	1.00029
natural[103,2]	0.247328	0.00106315	0.196723	0.150072	0.0452446	0.186313	0.650968	27346.6	23409.8	2.4844	1.00003
natural[103,3]	6.68938	0.0279894	4.13262	4.11803	1.62822	5.82053	14.6004	27293.9	21471.6	2.47961	1.00009
natural[104,1]	0.237625	0.000691504	0.10403	0.101452	0.086537	0.227017	0.422953	21016.3	15724.9	1.9093	1.00045
natural[104,2]	0.880491	0.0026393	0.374841	0.351149	0.33573	0.844909	1.5482	16665.7	9736.12	1.51405	1.00039
natural[104,3]	0.465145	0.0178277	1.0256	0.306307	0.00927534	0.349273	0.940211	19765.2	10942.8	1.79564	1.00024
natural[105,1]	0.132483	0.000634526	0.107864	0.0800601	0.0214524	0.101855	0.348111	30545.6	21424.8	2.77502	0.999991
natural[105,2]	0.198815	0.000547303	0.11263	0.0982216	0.0621514	0.174626	0.416355	43141.0	21080.7	3.9193	1.00011
natural[105,3]	10.8453	0.0159336	3.65805	3.67654	5.29435	10.6009	17.2798	58981.0	24691.1	5.35833	1.00022
natural[106,1]	0.125549	0.000644782	0.100169	0.0737406	0.0222262	0.0987885	0.320703	25015.7	23087.9	2.27264	1.00005
natural[106,2]	0.120791	0.000412868	0.0841582	0.0619027	0.0304964	0.099371	0.283921	37668.3	22326.9	3.42211	1.00013
natural[106,3]	9.88693	0.019807	4.0621	4.22526	3.82439	9.54124	17.0509	47520.4	23901.6	4.31715	1.00055
natural[107,1]	0.145435	0.000596386	0.114094	0.0947491	0.0215516	0.11437	0.376406	38984.3	24446.5	3.54166	1.00013
natural[107,2]	0.31378	0.00127739	0.241104	0.186336	0.0635239	0.241558	0.807569	28559.0	23635.8	2.59454	0.99995
natural[107,3]	6.83507	0.0255227	3.95988	4.02088	1.84998	6.09844	14.3615	30033.3	22529.0	2.72848	1.00007
natural[108,1]	0.259638	0.000857392	0.158443	0.158048	0.0510413	0.233145	0.56266	30671.0	19893.5	2.78642	1.0003
natural[108,2]	0.0980541	0.00045933	0.0916906	0.0521454	0.0175257	0.0691913	0.283633	36411.9	23384.4	3.30797	0.999945
natural[108,3]	8.84297	0.0234907	4.76202	5.16255	1.89501	8.47814	17.2343	44990.1	25116.5	4.08728	1.0002
natural[109,1]	0.274489	0.00100423	0.188375	0.195068	0.0399656	0.234994	0.634911	36932.6	25340.6	3.35527	1.00003
natural[109,2]	0.162761	0.000846621	0.162233	0.0869136	0.0258997	0.107806	0.496479	28955.0	21016.9	2.63052	1.00015
natural[109,3]	7.78346	0.0273373	4.66796	5.14033	1.4231	7.2258	16.2247	33587.1	24145.0	3.05134	1.00022
natural[110,1]	0.119603	0.000567814	0.0941724	0.0705228	0.0213994	0.0951511	0.302859	27770.5	19666.6	2.5229	1.00028
natural[110,2]	0.13821	0.000538153	0.109485	0.0729791	0.0302734	0.106307	0.35816	38476.9	24112.1	3.49556	1.00001
natural[110,3]	8.76929	0.0221229	4.27584	4.44266	2.63095	8.35171	16.5775	42461.2	24695.9	3.85754	1.00003
natural[111,1]	0.161579	0.000613706	0.115233	0.104898	0.0257185	0.134359	0.390941	34893.1	24970.9	3.16999	0.999925
natural[111,2]	0.355765	0.0010755	0.203501	0.185887	0.102021	0.316743	0.74468	34874.4	21883.6	3.16829	1.00049
natural[111,3]	9.14199	0.0176721	3.57675	3.58983	3.87027	8.79368	15.5679	47285.7	24340.5	4.29583	1.0002
natural[112,1]	0.106903	0.000634545	0.0838091	0.0649277	0.0178095	0.086926	0.259558	20457.9	18638.6	1.85856	1.00012
natural[112,2]	0.854194	0.00308501	0.39451	0.376969	0.231482	0.833369	1.53843	13828.6	6060.6	1.2563	1.00043
natural[112,3]	0.504568	0.0258933	1.58964	0.265301	0.00544871	0.253823	0.919743	16575.8	6684.03	1.50589	1.00042
natural[113,1]	0.270498	0.00101163	0.174202	0.175054	0.0472075	0.235871	0.608264	28659.5	20878.8	2.60367	1.00026
natural[113,2]	0.0608372	0.000201857	0.041013	0.0322398	0.0144094	0.051683	0.138129	34618.0	19249.0	3.14499	1.00004
natural[113,3]	11.2978	0.0182661	4.32452	4.41547	4.53067	11.106	18.6699	60379.4	22889.5	5.48538	1.00021
natural[114,1]	0.152835	0.00040568	0.0716326	0.0641855	0.0507605	0.144721	0.28163	28017.6	18939.4	2.54536	1.0004
natural[114,2]	0.946578	0.00269978	0.486475	0.471319	0.282137	0.878473	1.84556	27738.1	19873.1	2.51996	1.0002
natural[114,3]	6.45275	0.0191059	3.14554	3.13101	2.20196	5.99574	12.2981	33642.1	21739.1	3.05634	1.00038
natural[115,1]	0.181296	0.000583089	0.110504	0.103928	0.0400658	0.162608	0.391201	34616.3	23069.5	3.14484	1.00009
natural[115,2]	0.116466	0.000313275	0.0633492	0.0551625	0.0385202	0.103722	0.23687	39046.3	21082.9	3.5473	1.00024
natural[115,3]	11.4266	0.0160104	3.83879	3.83096	5.55469	11.1915	18.1114	63875.4	23741.0	5.80298	1.00053
natural[116,1]	0.145061	0.00133495	0.141063	0.0851655	0.0177812	0.0966117	0.448565	11325.3	19044.3	1.02888	1.00034
natural[116,2]	0.319272	0.00277479	0.290868	0.329271	0.00777485	0.260787	0.87269	8766.13	16345.3	0.79639	1.00066
natural[116,3]	3.33392	0.0638602	5.33345	0.732439	0.0119723	0.548952	15.6699	11015.2	17209.4	1.00072	1.00078
natural[117,1]	0.0490979	0.000274197	0.0412784	0.0317969	0.00628259	0.0369596	0.134947	20563.1	25094.5	1.86812	1.00009
natural[117,2]	5.66067	0.0224217	4.01792	2.26143	2.16958	4.68679	12.0899	40302.4	27571.8	3.66142	1.00029
natural[117,3]	3.69768	0.0152133	2.3127	2.08602	1.06066	3.13651	8.27556	27658.3	23986.9	2.51272	1.00017
natural[118,1]	0.151063	0.000728313	0.122227	0.0931732	0.0238088	0.116209	0.401677	29665.4	24781.8	2.69505	0.999987
natural[118,2]	0.132785	0.000425232	0.08984	0.0686367	0.0344072	0.110452	0.307311	40585.7	22255.3	3.68715	1.00003
natural[118,3]	9.6302	0.0184204	4.06605	4.16699	3.6117	9.28062	16.8803	55603.3	25208.5	5.05147	1.00055
natural[119,1]	0.121943	0.00050094	0.0870361	0.0711669	0.0235655	0.101768	0.289252	29136.4	21402.4	2.647	1.00016
natural[119,2]	0.194201	0.000516409	0.106693	0.0924796	0.0628111	0.172811	0.399239	42916.2	21752.2	3.89887	1.00024
natural[119,3]	11.0838	0.0156512	3.67148	3.70931	5.4709	10.8233	17.5149	61119.9	24547.0	5.55265	1.00027
natural[120,1]	0.325821	0.00106662	0.194484	0.205551	0.0631973	0.295127	0.688428	32604.1	22415.8	2.96204	1.00002
natural[120,2]	0.0772941	0.000383838	0.0726493	0.0418148	0.0131631	0.0552382	0.221405	33106.5	21956.5	3.00768	1.00001
natural[120,3]	9.43534	0.0253656	4.85657	5.19311	2.06229	9.13084	17.8535	40821.9	24198.2	3.70861	1.00004
natural[121,1]	0.161977	0.000624037	0.122411	0.102753	0.025577	0.129622	0.411037	42381.5	24429.8	3.8503	1.00004
natural[121,2]	0.255909	0.000938598	0.184637	0.145284	0.0581676	0.204037	0.628986	32271.0	25176.0	2.93177	1.00014
natural[121,3]	7.30613	0.0242627	4.03175	4.11569	2.03958	6.63619	14.8709	34316.8	22743.0	3.11762	1.00027
natural[122,1]	0.0409075	0.00018878	0.0310961	0.0250187	0.00671517	0.0329216	0.102632	27249.0	23729.0	2.47553	1.00025
natural[122,2]	2.37617	0.00481999	0.886203	0.829546	1.12716	2.2739	3.99015	31891.1	20127.5	2.89726	1.00021
natural[122,3]	4.6958	0.0167677	2.57688	2.45113	1.51446	4.16749	9.6969	29137.7	22741.6	2.64712	1.00017
natural[123,1]	0.0434388	0.000174078	0.030004	0.0270917	0.00797886	0.0366929	0.10127	27257.1	23453.2	2.47627	0.999998
natural[123,2]	2.19538	0.00433091	0.816117	0.769363	1.03273	2.10228	3.67052	33499.4	21723.5	3.04337	1.00022
natural[123,3]	4.63388	0.0164561	2.60733	2.48581	1.42214	4.10634	9.65366	31363.4	23469.0	2.84932	1.0
natural[124,1]	0.194491	0.000968595	0.152166	0.126168	0.0292281	0.151625	0.506869	22679.8	23694.0	2.06043	1.00018
natural[124,2]	0.0836857	0.000246073	0.0479774	0.0413069	0.0247381	0.0741773	0.174151	34546.8	18529.4	3.13853	1.00027
natural[124,3]	11.6396	0.0171077	3.96599	4.02992	5.54026	11.4274	18.5481	57855.7	24268.3	5.2561	1.00015
natural[125,1]	0.16524	0.0014357	0.156655	0.103772	0.0184478	0.111149	0.501631	11434.2	18967.8	1.03878	1.00062
natural[125,2]	0.164344	0.00162225	0.203531	0.0877089	0.00489574	0.0670439	0.597724	11990.2	21660.5	1.08929	1.00058
natural[125,3]	5.55483	0.0617294	6.29691	3.31406	0.0202951	2.27703	17.8239	12822.0	25131.0	1.16486	1.0007
natural[126,1]	0.247735	0.000939873	0.173925	0.171043	0.03655	0.207431	0.588898	35215.0	23854.4	3.19923	1.00022
natural[126,2]	0.13889	0.000763689	0.143343	0.0705426	0.0230373	0.0927598	0.430925	32664.5	23552.8	2.96752	1.00023
natural[126,3]	8.86498	0.0251919	4.77325	5.24227	1.78457	8.58496	17.2175	37833.9	24215.3	3.43715	1.00025
natural[127,1]	0.18995	0.000837876	0.137962	0.121554	0.0307945	0.155606	0.467574	26171.4	22277.6	2.37763	1.00016
natural[127,2]	0.0891189	0.000242911	0.0478017	0.0417125	0.0291006	0.0803423	0.179577	34443.7	19305.7	3.12916	0.999951
natural[127,3]	11.9215	0.0162293	3.8639	3.88139	5.92317	11.722	18.6013	61210.8	23062.2	5.56091	1.00021
natural[128,1]	0.183505	0.00147124	0.164266	0.115532	0.0219087	0.128203	0.537512	12427.5	21126.3	1.12902	1.00038
natural[128,2]	0.272871	0.00241094	0.259171	0.270389	0.00757044	0.208684	0.769361	9265.3	18896.4	0.841738	1.00034
natural[128,3]	3.79943	0.063913	5.57911	0.986315	0.0137546	0.710837	16.2791	11271.8	20056.8	1.02402	1.00046
natural[129,1]	0.0389141	0.000274151	0.0291021	0.0220851	0.00832827	0.0332408	0.0859494	23645.9	16997.4	2.1482	1.00027
natural[129,2]	1.79118	0.00498055	0.687945	0.649807	0.751076	1.7476	2.98326	17204.8	8518.51	1.56303	1.00049
natural[129,3]	1.0504	0.0200455	0.9488	0.22913	0.618819	0.898334	1.64371	18573.1	8435.8	1.68734	1.00052
natural[130,1]	0.259844	0.00137604	0.18189	0.171583	0.0421459	0.21729	0.624083	16729.7	20724.3	1.51986	1.00034
natural[130,2]	0.0347386	0.000226481	0.0397668	0.018016	0.004802	0.0220419	0.110359	33703.4	23931.3	3.0619	1.00012
natural[130,3]	10.0698	0.0287652	5.62698	6.11739	1.0259	9.98173	19.4858	39296.5	26122.3	3.57003	1.00007
natural[131,1]	0.0885055	0.000770309	0.0898418	0.0488661	0.0126567	0.0605362	0.272383	18755.8	17409.4	1.70393	1.00045
natural[131,2]	0.826559	0.00507901	0.519934	0.563421	0.0642719	0.806925	1.73051	9001.69	9195.75	0.81779	1.00037
natural[131,3]	2.34101	0.0422616	3.12298	0.631214	0.559332	1.16368	9.70192	10567.4	7228.62	0.960034	1.00074
natural[132,1]	0.093256	0.000458179	0.0793567	0.0570645	0.013966	0.0701348	0.25184	30713.5	25424.0	2.79027	1.00031
natural[132,2]	0.604543	0.00157407	0.310855	0.30996	0.177332	0.563467	1.1781	34346.5	19793.7	3.12033	1.00038
natural[132,3]	7.52443	0.0184943	3.32646	3.34478	2.85616	7.13274	13.5882	40616.7	22478.9	3.68996	0.999984
natural[133,1]	0.212398	0.000906097	0.150801	0.132644	0.03621	0.175823	0.517226	27982.6	21371.2	2.54218	1.00016
natural[133,2]	0.101675	0.000634272	0.117429	0.0514809	0.0122395	0.0580021	0.35354	30473.3	21164.6	2.76845	1.0
natural[133,3]	8.06667	0.0293124	5.24153	6.06271	0.9578	7.56472	17.4045	36099.9	24171.2	3.27962	1.00038
natural[134,1]	0.367319	0.00109076	0.124346	0.120909	0.142412	0.374451	0.560701	13551.8	14463.3	1.23116	1.00033
natural[134,2]	0.766364	0.00228374	0.371958	0.358622	0.229687	0.72318	1.44366	22700.6	19101.1	2.06232	1.00021
natural[134,3]	5.49595	0.022628	3.06235	2.88607	1.68197	4.88414	11.4142	20132.3	22952.1	1.82899	1.00021
natural[135,1]	0.202616	0.000960986	0.160201	0.129262	0.0304769	0.155846	0.539136	28751.7	23636.5	2.61205	1.00011
natural[135,2]	0.0865963	0.000295525	0.0599977	0.043673	0.0232902	0.0713375	0.201067	39929.7	21123.0	3.62755	1.00014
natural[135,3]	10.5477	0.0188316	4.25492	4.39627	3.97938	10.3318	17.9402	55454.5	25386.7	5.03796	1.00014
natural[136,1]	0.250478	0.0012185	0.17327	0.162045	0.0410146	0.211296	0.595541	19447.1	20939.6	1.76674	1.00036
natural[136,2]	0.0565517	0.000397203	0.0728332	0.0273007	0.00550628	0.0295521	0.207711	31015.4	25432.3	2.8177	1.00022
natural[136,3]	8.84034	0.032466	5.84828	6.90704	0.417879	8.62079	18.8544	35146.9	25183.3	3.19304	1.0001
natural[137,1]	0.162999	0.000632012	0.120603	0.102373	0.0257668	0.132817	0.405212	34219.7	24137.6	3.1088	1.00005
natural[137,2]	0.261216	0.000720998	0.143579	0.132728	0.0798327	0.23356	0.536512	38373.3	20824.2	3.48616	1.00005
natural[137,3]	9.72912	0.0167449	3.65939	3.71052	4.26615	9.43143	16.1669	55297.3	25079.5	5.02367	1.00061
natural[138,1]	0.0438304	0.000336974	0.0361356	0.0246682	0.00843215	0.0353568	0.105195	30491.4	17274.6	2.77009	1.00016
natural[138,2]	1.56614	0.00389926	0.613032	0.589188	0.671264	1.50886	2.65531	20259.0	11701.3	1.8405	1.00029
natural[138,3]	0.52163	0.0152639	0.584149	0.162609	0.142667	0.500053	0.819672	23210.0	16425.4	2.10859	1.00027
natural[139,1]	0.113218	0.000502859	0.0880098	0.0676065	0.0200173	0.0903687	0.284669	30631.5	20669.3	2.78282	1.00003
natural[139,2]	0.249121	0.000654208	0.144178	0.129094	0.073002	0.218798	0.525433	47340.3	22067.8	4.30079	1.00022
natural[139,3]	10.0034	0.0171903	3.66674	3.69926	4.46492	9.71595	16.5042	51866.8	23880.4	4.71202	0.999976
natural[140,1]	0.113434	0.000421249	0.0761009	0.0651848	0.0234142	0.0971864	0.25981	31439.4	23700.1	2.85622	1.00014
natural[140,2]	0.329012	0.000876212	0.179557	0.165184	0.102426	0.294873	0.673179	40340.5	21927.3	3.66488	1.00006
natural[140,3]	9.55588	0.0167292	3.52072	3.54349	4.37391	9.2231	15.8336	51927.6	22636.2	4.71754	0.999974
natural[141,1]	0.261216	0.00114095	0.177056	0.167546	0.0443488	0.22334	0.617809	21556.4	18934.4	1.95837	1.00018
natural[141,2]	0.0441316	0.000238131	0.0448478	0.0238655	0.00694135	0.0305186	0.12897	38173.9	24667.4	3.46804	1.00014
natural[141,3]	10.0708	0.0251146	5.24888	5.63329	1.75011	9.95395	18.9424	45836.2	25886.7	4.16415	0.999986
natural[142,1]	0.338231	0.000942395	0.170841	0.186004	0.0788163	0.328911	0.636584	31857.3	23001.0	2.89419	1.00023
natural[142,2]	0.133333	0.000595634	0.118721	0.0759873	0.0230354	0.0977134	0.366544	32429.8	22115.5	2.94619	1.00008
natural[142,3]	8.77436	0.0241782	4.58586	4.91958	2.02782	8.41873	16.8544	38478.8	25014.3	3.49574	1.00012
natural[143,1]	0.119877	0.00048579	0.0877216	0.0730285	0.021256	0.0990944	0.289906	32977.0	25189.6	2.99591	1.00013
natural[143,2]	0.289998	0.000794534	0.165391	0.150556	0.0831647	0.256634	0.609699	41013.5	20697.3	3.72601	1.00012
natural[143,3]	9.52728	0.0165948	3.65677	3.66389	4.08606	9.20995	16.0796	55464.4	23352.0	5.03886	0.999946
natural[144,1]	0.196773	0.00108647	0.151223	0.130548	0.0274762	0.157738	0.501551	20614.1	21817.8	1.87276	1.00057
natural[144,2]	0.513688	0.00306574	0.332982	0.345936	0.0325289	0.48884	1.09318	9874.23	11344.8	0.897058	1.00064
natural[144,3]	1.97053	0.0398398	3.29352	0.647587	0.0853889	0.852139	9.89585	14388.3	9261.62	1.30716	1.00122
natural[145,1]	0.121405	0.000529917	0.0920893	0.0739416	0.0208594	0.0978638	0.300922	29523.9	22283.5	2.6822	1.00014
natural[145,2]	0.238173	0.000633883	0.131127	0.117365	0.0742908	0.21213	0.490463	42850.0	21692.3	3.89286	1.00033
natural[145,3]	10.3663	0.0164972	3.62286	3.68558	4.91526	10.1147	16.6946	54554.7	23702.5	4.95621	1.00025
natural[146,1]	0.176756	0.000868986	0.1318	0.107143	0.030622	0.143842	0.44266	21987.4	19083.3	1.99752	1.00045
natural[146,2]	0.110806	0.000747418	0.132448	0.0570752	0.00940933	0.0570102	0.398715	25387.9	23390.2	2.30645	1.00012
natural[146,3]	7.1806	0.0343553	5.46667	6.41468	0.465483	6.338	17.1282	29657.1	26033.0	2.6943	1.00012
natural[147,1]	0.203024	0.000830605	0.143429	0.128388	0.0346687	0.16834	0.4884	27872.5	23443.3	2.53217	1.00005
natural[147,2]	0.0897096	0.000240812	0.0469213	0.0412476	0.0308845	0.08059	0.178884	36425.4	19548.5	3.3092	1.0002
natural[147,3]	12.1643	0.0163538	3.84883	3.9249	6.22219	11.952	18.7935	59621.0	24178.1	5.41647	1.00035
natural[148,1]	0.10272	0.000479537	0.0806544	0.0668405	0.0150764	0.0803008	0.265797	29090.6	23712.0	2.64283	1.00007
natural[148,2]	0.800694	0.00176837	0.334087	0.327919	0.315862	0.76581	1.39695	32770.7	18761.4	2.97716	1.00008
natural[148,3]	7.08879	0.0166589	3.0694	3.0356	2.80377	6.70241	12.7647	41439.3	23450.1	3.7647	1.00009
natural[149,1]	0.229727	0.00113472	0.168201	0.146849	0.0364984	0.186855	0.573504	21480.9	21646.3	1.95151	1.00038
natural[149,2]	0.0622634	0.000365473	0.0694103	0.0321289	0.0088199	0.0397735	0.196156	37037.4	23867.2	3.36479	1.00004
natural[149,3]	9.30016	0.0251485	5.16235	5.65325	1.46453	9.08074	18.2241	44871.1	24384.0	4.07647	1.00031
natural[150,1]	0.128157	0.000578004	0.0978865	0.0791085	0.0209845	0.10292	0.326302	28484.3	24670.4	2.58775	1.00039
natural[150,2]	0.223273	0.000618807	0.122513	0.108753	0.0722218	0.198686	0.459522	36729.9	19939.2	3.33686	1.00007
natural[150,3]	10.5955	0.0168125	3.60232	3.62158	5.12548	10.3395	16.9245	51896.5	23410.8	4.71472	1.00001
natural[151,1]	0.181877	0.000945385	0.138262	0.10917	0.032304	0.14507	0.464376	21825.3	22279.7	1.9828	1.00028
natural[151,2]	0.0546717	0.000226995	0.0459317	0.0301165	0.0104394	0.0423795	0.140914	41178.1	22589.9	3.74097	1.00015
natural[151,3]	10.3064	0.0212152	4.69866	4.83065	2.99502	10.064	18.4607	52494.3	23103.5	4.76903	1.00034
natural[152,1]	0.148708	0.00124699	0.136988	0.0836386	0.0210975	0.104605	0.446406	14255.2	18330.5	1.29507	1.0002
natural[152,2]	0.479039	0.00358938	0.358443	0.406133	0.0175393	0.447003	1.12221	8392.86	13585.6	0.762479	1.00042
natural[152,3]	2.44536	0.0507223	4.16991	0.763807	0.0255268	0.734827	12.8317	12140.2	12885.8	1.10292	1.00052
natural[153,1]	0.152607	0.00139868	0.141512	0.0916348	0.0199379	0.107445	0.454405	11162.1	15796.7	1.01406	1.00033
natural[153,2]	0.296768	0.00240495	0.248631	0.289185	0.00654309	0.26033	0.758603	8143.02	13890.3	0.739781	1.00038
natural[153,3]	2.72085	0.0697765	5.18516	0.339902	0.00413433	0.245113	15.3822	9341.26	13662.2	0.848639	1.0006
natural[154,1]	0.346234	0.000835385	0.134684	0.135937	0.129749	0.342254	0.574047	25494.3	18129.5	2.31611	1.00058
natural[154,2]	0.40379	0.00164657	0.254863	0.254757	0.0725131	0.362762	0.879221	20068.7	19301.4	1.82321	1.00045
natural[154,3]	4.53139	0.0274535	3.55412	2.6567	0.906497	3.42984	11.9554	23529.4	18493.6	2.13761	1.00035
natural[155,1]	0.11213	0.000421331	0.0802285	0.0682399	0.0200907	0.0930632	0.26972	33941.2	23140.3	3.0835	1.0002
natural[155,2]	0.488615	0.0013453	0.277831	0.266888	0.131451	0.438613	1.01668	37635.9	21077.7	3.41916	1.00006
natural[155,3]	8.17588	0.0182658	3.49801	3.50054	3.12224	7.79682	14.5394	44287.9	24494.7	4.02349	1.00033
natural[156,1]	0.140175	0.000556459	0.108199	0.0894999	0.0219247	0.110907	0.357471	38819.6	24204.7	3.5267	1.0001
natural[156,2]	0.240245	0.000927805	0.18349	0.136065	0.051951	0.185157	0.612392	33078.9	24146.6	3.00517	0.99997
natural[156,3]	7.47436	0.0231986	4.03919	4.26895	2.09639	6.86385	14.9294	36887.7	24279.8	3.35119	1.00007
natural[157,1]	0.397958	0.00103254	0.195313	0.216496	0.101758	0.383546	0.738823	34959.3	21362.3	3.176	1.00041
natural[157,2]	0.0875118	0.000474303	0.0874703	0.0499171	0.0113912	0.0571109	0.269386	29040.9	23246.9	2.63832	1.00025
natural[157,3]	8.51856	0.0300935	5.17591	5.76813	1.08953	8.07933	17.6718	33143.0	24841.6	3.01099	1.00003
natural[158,1]	0.0432807	0.000173816	0.0308633	0.0277058	0.007084	0.0357412	0.104936	32326.8	25470.9	2.93684	1.00007
natural[158,2]	5.167	0.0106522	1.97247	1.73257	2.65556	4.82982	8.81394	36802.7	26536.4	3.34346	0.999978
natural[158,3]	0.0409516	0.000298552	0.0594498	0.0209313	8.61294e-05	0.0146186	0.173002	35249.0	24531.9	3.20231	0.999932
natural[159,1]	0.125288	0.000473892	0.0872405	0.0777725	0.0219969	0.105532	0.296199	32749.3	23277.5	2.97523	1.00012
natural[159,2]	0.36135	0.000974263	0.197089	0.185407	0.109709	0.326724	0.736612	39851.7	21989.3	3.62047	0.999958
natural[159,3]	9.05556	0.0172884	3.51027	3.54402	3.88796	8.71981	15.3344	48714.5	25278.6	4.42564	1.00007
natural[160,1]	0.277188	0.000950035	0.176011	0.179515	0.0477429	0.245509	0.615186	32133.6	21618.3	2.91929	1.00045
natural[160,2]	0.150916	0.00102831	0.178049	0.0785576	0.0133996	0.078169	0.535759	24947.6	24852.1	2.26645	1.00011
natural[160,3]	7.04931	0.0331183	5.34704	6.18349	0.504885	6.2088	16.7989	31337.0	24966.5	2.84692	1.00008
natural[161,1]	0.123013	0.000478848	0.0882496	0.0767027	0.0209715	0.102094	0.29781	32921.1	24353.6	2.99083	0.999999
natural[161,2]	0.52928	0.00139732	0.267563	0.262084	0.165556	0.491583	1.02546	32885.4	20031.4	2.98758	1.00035
natural[161,3]	8.20514	0.0172479	3.30214	3.30355	3.47472	7.8436	14.1847	42780.3	24435.0	3.88652	0.999972
natural[162,1]	0.148306	0.000553658	0.0950436	0.0875212	0.0300771	0.129668	0.3306	25447.5	19830.9	2.31187	1.00033
natural[162,2]	0.152662	0.000392806	0.0775568	0.0699253	0.0540374	0.138544	0.297841	37981.3	20259.5	3.45054	1.00028
natural[162,3]	11.8403	0.0153426	3.62942	3.61317	6.24535	11.6212	18.159	60709.3	24252.0	5.51535	1.0005
natural[163,1]	0.0762344	0.0004041	0.0678373	0.0457151	0.0112066	0.056174	0.212512	30431.7	25322.6	2.76467	1.00007
natural[163,2]	0.688827	0.00172347	0.338737	0.334373	0.21733	0.645098	1.31057	33867.4	19038.6	3.0768	1.00011
natural[163,3]	7.31681	0.016993	3.23668	3.21898	2.78347	6.92061	13.2342	43317.2	24605.0	3.9353	1.00029
natural[164,1]	0.116214	0.000686395	0.103345	0.0704876	0.0166977	0.0850255	0.320842	26461.0	23450.1	2.40394	1.00028
natural[164,2]	0.26347	0.00165709	0.256952	0.167645	0.0279383	0.166554	0.796274	18602.2	20413.9	1.68998	1.00015
natural[164,3]	5.93583	0.0361445	4.63155	4.28049	0.947151	4.56112	15.0909	20767.1	18653.4	1.88666	1.00033
natural[165,1]	0.0859941	0.000369454	0.0540562	0.0467473	0.0199365	0.0771425	0.179976	27961.2	18165.3	2.54023	1.00018
natural[165,2]	0.99663	0.00295081	0.432773	0.4131	0.35423	0.959955	1.76532	17800.9	9446.94	1.61718	1.00021
natural[165,3]	0.6648	0.0161728	1.02492	0.277004	0.0708405	0.550646	1.20877	21433.9	10784.5	1.94723	1.00039
natural[166,1]	0.247672	0.00106693	0.159728	0.152711	0.0458351	0.216295	0.557976	20778.0	19431.8	1.88765	1.0005
natural[166,2]	0.0599922	0.000419801	0.0757785	0.0290969	0.00652319	0.0328198	0.21887	32459.0	24052.6	2.94885	1.00005
natural[166,3]	8.86894	0.0301661	5.64749	6.5439	0.610035	8.65159	18.605	37502.0	25759.0	3.407	0.999931
natural[167,1]	0.073001	0.000883765	0.0815203	0.0380221	0.0108287	0.0493443	0.218049	12929.3	10123.7	1.1746	1.00053
natural[167,2]	0.824054	0.00476359	0.462726	0.458541	0.0557497	0.806168	1.62334	8160.28	5222.2	0.741349	1.00045
natural[167,3]	1.33865	0.0407932	2.64759	0.338348	0.122777	0.663532	6.31096	12479.2	4647.09	1.13371	1.00033
natural[168,1]	0.196783	0.000561812	0.0942736	0.0942915	0.0553868	0.190527	0.360953	27685.9	20413.6	2.51522	1.00026
natural[168,2]	0.638451	0.00195771	0.341889	0.344996	0.165521	0.593498	1.27276	25759.2	20088.3	2.34019	1.00025
natural[168,3]	5.29654	0.0222787	3.18094	2.8927	1.53705	4.547	11.5556	25261.8	20511.4	2.295	1.00021
natural[169,1]	0.103197	0.000807554	0.107633	0.0575214	0.0131956	0.0669712	0.323718	18639.8	22175.9	1.69339	1.00024
natural[169,2]	0.348461	0.00282423	0.346397	0.258693	0.0216843	0.216388	1.04129	12670.9	20436.7	1.15113	1.00033
natural[169,3]	5.04843	0.0440951	4.8016	2.9569	0.691518	2.9236	14.9483	15202.9	18971.6	1.38116	1.00061
natural[170,1]	0.255793	0.00120368	0.173053	0.16358	0.0441314	0.21727	0.597169	19150.5	20373.1	1.7398	1.00035
natural[170,2]	0.0630335	0.000489413	0.0850506	0.0285712	0.00590985	0.0307503	0.240322	28326.6	24287.0	2.57343	0.999959
natural[170,3]	8.52031	0.0346513	5.8503	7.02788	0.326215	8.27083	18.5278	30922.3	25438.2	2.80925	1.00018
natural[171,1]	0.130375	0.00106354	0.129572	0.0760799	0.0162163	0.0860378	0.400569	15562.0	19872.8	1.41379	1.00018
natural[171,2]	0.258538	0.0021975	0.264021	0.222454	0.00887521	0.170732	0.781823	11419.7	19389.6	1.03746	1.00029
natural[171,3]	4.31785	0.053888	5.50203	1.72409	0.0427809	1.28903	16.0813	14747.7	20131.3	1.33981	1.00036
natural[172,1]	0.0957636	0.000457601	0.0793028	0.0575133	0.014936	0.0742331	0.250823	35094.8	23356.3	3.18831	1.00038
natural[172,2]	0.682973	0.00176109	0.342943	0.33998	0.203498	0.640024	1.30773	33465.9	20273.2	3.04032	1.0006
natural[172,3]	7.1704	0.0179876	3.29067	3.30679	2.58425	6.75241	13.2009	40883.7	24024.5	3.71422	1.00004
natural[173,1]	0.249855	0.00160848	0.200063	0.175224	0.0295455	0.190239	0.662375	14466.8	21080.0	1.31428	1.00041
natural[173,2]	0.112215	0.00100999	0.149892	0.0473679	0.00535653	0.0405538	0.44275	16617.4	22133.3	1.50967	1.00022
natural[173,3]	6.76645	0.0494065	6.34269	7.04454	0.056992	5.18723	18.3448	19158.1	26881.0	1.74049	1.00003
natural[174,1]	0.203122	0.000976308	0.148981	0.129104	0.0334522	0.16531	0.501413	21641.0	19852.9	1.96605	1.00024
natural[174,2]	0.0549288	0.000229301	0.0462264	0.0296355	0.0107668	0.0422469	0.141704	40482.7	23427.0	3.67779	0.999955
natural[174,3]	10.2908	0.0208415	4.72431	4.95687	2.96908	10.0702	18.4163	55330.6	24530.6	5.0267	1.00027
natural[175,1]	0.161703	0.000675372	0.116373	0.102038	0.0274889	0.133759	0.39115	26573.8	21717.1	2.41418	1.00019
natural[175,2]	0.115444	0.000296851	0.0577857	0.0522667	0.041365	0.105376	0.224816	38964.9	20089.4	3.53991	1.00005
natural[175,3]	12.4624	0.0153206	3.70473	3.71243	6.73422	12.2657	18.8436	62607.3	23797.0	5.68778	1.00033
natural[176,1]	0.135388	0.000540998	0.0937204	0.0815526	0.0259152	0.114618	0.313752	28846.1	22809.0	2.62062	1.00034
natural[176,2]	0.151596	0.000400164	0.0804908	0.0714158	0.0508411	0.136234	0.303335	39746.3	18306.3	3.61089	1.00031
natural[176,3]	11.5774	0.0161795	3.66158	3.69357	5.96587	11.3716	17.9049	56131.6	23205.1	5.09947	0.99993
natural[177,1]	0.0802912	0.000387767	0.0611139	0.0477607	0.0140526	0.066126	0.190222	28662.4	22477.4	2.60393	1.00019
natural[177,2]	1.22914	0.00388587	0.553964	0.542764	0.362198	1.19643	2.1945	17850.2	12030.1	1.62166	1.00014
natural[177,3]	2.11589	0.0185107	1.69223	0.7629	0.834045	1.62142	5.07114	16169.4	9859.93	1.46896	1.00022
natural[178,1]	0.134576	0.000512027	0.0920471	0.0851712	0.0229843	0.115232	0.313541	31473.9	23882.0	2.85936	1.00014
natural[178,2]	0.477796	0.00125641	0.244971	0.236992	0.149518	0.439962	0.930566	34765.7	19281.4	3.15841	1.00013
natural[178,3]	8.59302	0.0172846	3.33702	3.34543	3.79452	8.21835	14.5627	44511.8	23235.7	4.04383	1.00032
natural[179,1]	0.141405	0.0013558	0.136262	0.0782858	0.0200774	0.0949246	0.436252	10838.2	16385.8	0.984636	1.00047
natural[179,2]	0.286866	0.00247221	0.259631	0.296302	0.00716508	0.234203	0.776947	8808.7	17000.4	0.800257	1.0006
natural[179,3]	3.38235	0.0639399	5.3704	0.758787	0.0104802	0.553446	15.6845	10254.3	17988.9	0.931585	1.00099
natural[180,1]	0.0611954	0.000253906	0.0455226	0.0392141	0.00946567	0.0499902	0.150907	28358.5	22865.6	2.57633	1.00007
natural[180,2]	2.11445	0.00407634	0.763777	0.715029	1.02337	2.02743	3.49655	32566.7	19092.4	2.95864	1.00042
natural[180,3]	4.52968	0.0169413	2.65654	2.51861	1.28562	3.97096	9.6753	30137.0	23682.6	2.7379	1.00012
natural[181,1]	0.0587079	0.000230139	0.0386272	0.033986	0.0121861	0.0515163	0.129073	27594.3	20556.6	2.5069	1.00014
natural[181,2]	1.25519	0.00210053	0.397678	0.389173	0.649268	1.22907	1.94961	34168.8	20955.6	3.10418	1.00013
natural[181,3]	0.120805	0.00432161	0.329891	0.0854239	0.000832355	0.0636737	0.393819	33085.4	23259.4	3.00576	0.999974
natural[182,1]	0.319379	0.000878643	0.144745	0.157173	0.0881875	0.318305	0.560812	27247.6	22440.4	2.4754	1.0
natural[182,2]	0.333997	0.00159827	0.285813	0.193905	0.0581687	0.248224	0.91735	26255.5	23002.9	2.38527	1.00036
natural[182,3]	7.38172	0.0274185	4.30497	4.68261	1.54296	6.82453	15.2019	26579.3	22803.6	2.41469	1.00017
natural[183,1]	0.181773	0.000727152	0.126126	0.114046	0.0319535	0.153457	0.430899	28290.2	21636.5	2.57012	1.00032
natural[183,2]	0.111411	0.000301845	0.0574085	0.0506917	0.038663	0.100746	0.219783	35355.7	18038.3	3.21201	1.00017
natural[183,3]	12.3318	0.0159754	3.70723	3.77075	6.60322	12.1126	18.7375	57774.9	23434.0	5.24876	1.00091
natural[184,1]	0.153447	0.000880883	0.124283	0.0939095	0.0236074	0.120086	0.410141	23905.3	20869.9	2.17176	1.00007
natural[184,2]	0.63594	0.00428967	0.465076	0.533307	0.054736	0.574922	1.4796	10231.7	16322.0	0.929536	1.00052
natural[184,3]	3.49427	0.0421678	3.76073	1.26225	0.744837	1.81181	12.041	11459.5	13185.5	1.04108	1.00037
natural[185,1]	0.118965	0.000494062	0.090572	0.0768022	0.0183991	0.0950986	0.301241	33443.3	24750.5	3.03827	1.00007
natural[185,2]	0.585678	0.00152971	0.291084	0.286151	0.182179	0.546243	1.12448	32760.9	20256.6	2.97627	1.00015
natural[185,3]	7.63027	0.017034	3.32746	3.35456	2.87462	7.23455	13.6621	44437.1	23540.4	4.03704	1.00022
natural[186,1]	0.243047	0.00120041	0.160887	0.178719	0.0340555	0.215911	0.53968	19372.4	24560.8	1.75996	1.0001
natural[186,2]	0.784833	0.00236019	0.373533	0.367758	0.237959	0.747547	1.4585	22399.9	20143.6	2.03499	1.00036
natural[186,3]	4.57822	0.0219395	2.78877	2.31426	1.47196	3.86572	10.1401	20179.3	19961.4	1.83326	1.00048
natural[187,1]	0.270716	0.000970096	0.189606	0.189452	0.0393627	0.226807	0.644665	40613.2	25151.6	3.68965	1.00003
natural[187,2]	0.17453	0.000842979	0.162283	0.0987315	0.0271028	0.119122	0.512199	29111.6	22185.8	2.64475	0.999956
natural[187,3]	7.50471	0.0283039	4.63652	5.04889	1.41308	6.87097	16.0215	33167.4	21623.3	3.01321	1.0
natural[188,1]	0.155957	0.000649675	0.1182	0.0974876	0.025136	0.124186	0.396408	32636.4	24300.7	2.96497	1.00016
natural[188,2]	0.243321	0.000663054	0.134931	0.121776	0.0761716	0.215271	0.502101	42309.7	22677.9	3.84377	1.00013
natural[188,3]	10.1242	0.0159158	3.61375	3.66322	4.67903	9.85311	16.4992	57790.8	25994.9	5.25021	1.00001
natural[189,1]	0.218718	0.000788525	0.142104	0.139291	0.0384404	0.191835	0.491862	29861.3	23683.1	2.71285	1.00017
natural[189,2]	0.103805	0.000292334	0.057158	0.0503049	0.032679	0.0929122	0.213741	33933.5	19442.0	3.08281	1.00014
natural[189,3]	11.7399	0.0164898	3.89425	3.92844	5.77909	11.5091	18.5055	61391.1	23043.5	5.57728	1.00048
natural[190,1]	0.204401	0.000910924	0.151781	0.132037	0.0321896	0.164293	0.508746	24670.2	22923.1	2.24125	1.00025
natural[190,2]	0.110481	0.000796387	0.140565	0.0524285	0.0105476	0.0551921	0.410662	28109.1	23977.6	2.55367	1.00003
natural[190,3]	7.68882	0.0310868	5.42242	6.44612	0.642186	7.07452	17.3607	34845.3	26145.0	3.16564	1.00064
natural[191,1]	0.169009	0.000687782	0.120039	0.098622	0.0320357	0.139524	0.4083	30577.9	22276.5	2.77796	1.0002
natural[191,2]	0.10816	0.000320667	0.0667125	0.0538843	0.0316696	0.092947	0.235022	40266.3	22126.7	3.65813	1.00013
natural[191,3]	10.5571	0.0177632	4.01254	4.08203	4.41466	10.307	17.4955	57411.8	23337.6	5.21578	0.99998
natural[192,1]	0.128085	0.000647656	0.0994855	0.074037	0.0238457	0.10255	0.321437	26516.5	22377.6	2.40898	1.0002
natural[192,2]	0.183912	0.000982044	0.176756	0.107878	0.0251996	0.119886	0.554986	25186.6	21636.2	2.28816	1.00026
natural[192,3]	6.87538	0.0293142	4.62209	4.93648	1.2043	5.98665	15.5363	29705.5	24304.7	2.6987	1.00006
natural[193,1]	0.20868	0.00102281	0.152617	0.131935	0.0341505	0.170294	0.518045	20907.7	19687.8	1.89943	1.00024
natural[193,2]	0.0775617	0.000517982	0.0946232	0.0382958	0.00797878	0.0414086	0.281277	30951.5	25574.0	2.81189	1.00011
natural[193,3]	8.174	0.0318771	5.60829	6.6023	0.536108	7.70736	18.0498	34609.9	26651.9	3.14425	1.00026
natural[194,1]	0.237993	0.00139405	0.179821	0.156988	0.0353944	0.189005	0.606632	16175.7	19444.8	1.46954	1.00029
natural[194,2]	0.0325593	0.00021934	0.0398428	0.0160777	0.00419594	0.0194387	0.108886	34111.6	23308.8	3.09899	1.00007
natural[194,3]	10.1588	0.0296198	5.75453	6.32292	0.965788	10.142	19.7005	39085.5	25530.6	3.55086	1.00043
natural[195,1]	0.153293	0.000505823	0.103533	0.090679	0.0298899	0.130975	0.355416	42090.2	22372.7	3.82383	1.00024
natural[195,2]	0.329882	0.00110726	0.22182	0.186085	0.0803255	0.274624	0.771224	35369.1	25024.0	3.21323	0.999917
natural[195,3]	7.46984	0.0215321	3.79369	3.82438	2.33864	6.89426	14.557	40011.5	22189.6	3.63498	1.00025
natural[196,1]	0.455991	0.00135693	0.197924	0.22118	0.134308	0.456027	0.78302	21705.6	22293.1	1.97192	1.00021
natural[196,2]	0.184067	0.000860389	0.136528	0.121217	0.030338	0.150693	0.453448	20888.1	21944.9	1.89765	1.0
natural[196,3]	7.67151	0.0300041	4.38124	4.55018	1.77852	7.0419	15.8155	25567.5	21911.5	2.32277	1.00008
natural[197,1]	0.1587	0.000718089	0.117151	0.0989118	0.027158	0.129856	0.391088	25499.7	23829.1	2.31661	1.00045
natural[197,2]	0.115933	0.000299772	0.0602326	0.0539298	0.0396181	0.104694	0.230318	38492.6	18967.3	3.497	1.00031
natural[197,3]	12.4064	0.0164913	3.75495	3.78691	6.57054	12.2242	18.8812	56885.5	23340.5	5.16796	1.00009
natural[198,1]	0.12979	0.000502542	0.0928467	0.0787384	0.0228754	0.107405	0.313642	33090.4	21703.4	3.00621	1.00002
natural[198,2]	0.238181	0.000645051	0.137087	0.120546	0.0722085	0.209084	0.50455	45690.2	21422.8	4.15088	1.00026
natural[198,3]	10.1807	0.0164523	3.62243	3.66483	4.68358	9.91138	16.552	52884.5	23949.7	4.80448	1.00001
natural[199,1]	0.150649	0.000645856	0.107504	0.0945476	0.0263167	0.125192	0.362255	25918.3	22803.3	2.35464	1.00029
natural[199,2]	0.130313	0.000334893	0.0657105	0.0586389	0.0464221	0.118165	0.253719	38202.6	18989.7	3.47064	1.00007
natural[199,3]	12.1957	0.0155348	3.64599	3.63436	6.5447	11.9681	18.5726	59753.2	23587.9	5.42849	1.00017
natural[200,1]	0.153053	0.00061915	0.111121	0.0967811	0.0256152	0.126117	0.372532	32417.8	23442.3	2.94511	1.00024
natural[200,2]	0.234425	0.00063249	0.123553	0.115114	0.0759964	0.212428	0.469055	35394.6	20423.4	3.21554	1.00026
natural[200,3]	10.4997	0.0158342	3.58763	3.6276	5.11531	10.2415	16.8143	56672.1	24086.8	5.14857	1.00031
natural[201,1]	0.185959	0.000863929	0.131202	0.115005	0.0329247	0.156329	0.440535	20891.4	19893.4	1.89795	1.00027
natural[201,2]	0.0746628	0.0004138	0.0787522	0.0387418	0.0114648	0.0494987	0.227938	35977.2	23008.2	3.26847	1.00022
natural[201,3]	9.11414	0.0243312	4.99254	5.4455	1.67087	8.80457	17.8375	44591.6	26851.1	4.05108	1.0002
natural[202,1]	0.220703	0.000889559	0.150499	0.136098	0.0399112	0.186229	0.51682	27508.4	20586.8	2.4991	1.00019
natural[202,2]	0.0670796	0.000276406	0.0550388	0.0358129	0.0135578	0.0523289	0.171219	37853.6	20628.4	3.43895	1.00006
natural[202,3]	10.1097	0.0211528	4.55395	4.7301	3.1105	9.8348	18.0364	50673.7	23823.7	4.60363	1.00017
natural[203,1]	0.0591524	0.00022389	0.0390281	0.0345	0.0122511	0.0511209	0.133852	30708.2	22512.7	2.78979	1.00007
natural[203,2]	2.35082	0.00463542	0.866171	0.813193	1.14686	2.24166	3.92565	30507.1	20333.3	2.77152	1.00022
natural[203,3]	0.372018	0.000979377	0.160159	0.142283	0.0943676	0.375729	0.623243	25105.5	14068.4	2.2808	1.00035
natural[204,1]	0.140751	0.000791036	0.115769	0.0837572	0.0233094	0.108038	0.37127	21656.3	22709.3	1.96744	1.00013
natural[204,2]	0.0743706	0.000239243	0.0506833	0.0397631	0.0179576	0.0625875	0.17222	41100.5	21070.5	3.73392	1.00062
natural[204,3]	10.5823	0.019207	4.24637	4.33316	4.09692	10.3107	17.9397	53060.7	23783.7	4.82048	1.00008
natural[205,1]	0.167112	0.000658624	0.120704	0.102071	0.0294055	0.137324	0.411019	32490.5	22057.2	2.95171	0.99997
natural[205,2]	0.151325	0.000424361	0.0839177	0.0721459	0.0493883	0.134222	0.311493	38307.0	21445.0	3.48013	1.00033
natural[205,3]	10.9073	0.016524	3.76128	3.79517	5.18271	10.622	17.535	58301.4	23577.3	5.2966	1.00006
natural[206,1]	0.183689	0.000787593	0.136645	0.115402	0.0304539	0.149322	0.458683	28191.7	22235.2	2.56118	1.00009
natural[206,2]	0.10239	0.000322999	0.0653796	0.0523943	0.0279778	0.0873915	0.22907	37635.7	20696.8	3.41914	1.00003
natural[206,3]	10.4973	0.0181183	4.03123	4.10395	4.34193	10.2091	17.6129	55946.0	23836.7	5.08261	1.00005
natural[207,1]	0.069825	0.000374581	0.0607119	0.0408955	0.011315	0.0536859	0.184568	29319.7	24208.5	2.66365	1.0001
natural[207,2]	1.11468	0.00280244	0.499779	0.491135	0.374044	1.07136	2.00432	27791.1	17271.4	2.52478	1.00009
natural[207,3]	6.04588	0.0180315	3.01127	2.95223	2.07486	5.54841	11.7435	33888.8	23311.8	3.07875	1.00011
natural[208,1]	0.145541	0.000701288	0.110443	0.0873989	0.0258445	0.116977	0.366263	24476.6	22019.2	2.22366	1.00025
natural[208,2]	0.0832292	0.000253915	0.052007	0.042025	0.0228665	0.0716103	0.183382	40326.2	20597.6	3.66357	1.00011
natural[208,3]	10.9803	0.0180248	4.06267	4.14641	4.73867	10.7471	18.0236	56233.2	23655.8	5.1087	1.00015
natural[209,1]	0.269917	0.00100352	0.178996	0.180839	0.0441118	0.234025	0.616103	30102.2	23512.0	2.73474	1.0007
natural[209,2]	0.0714188	0.000302839	0.0591641	0.0383583	0.0146385	0.0547322	0.186681	34271.1	21269.2	3.11348	1.00023
natural[209,3]	9.78933	0.022094	4.6346	4.92438	2.71684	9.53774	17.8265	47970.1	25261.0	4.35801	1.00015
natural[210,1]	0.132025	0.000549112	0.0972047	0.083155	0.0218898	0.108815	0.323534	29803.7	21760.6	2.70762	1.00016
natural[210,2]	0.216694	0.000596748	0.12218	0.107358	0.0671528	0.191488	0.450865	42956.1	20308.6	3.90249	1.00038
natural[210,3]	10.5189	0.0160516	3.66112	3.67002	4.95172	10.2514	16.9774	58616.7	23924.3	5.32524	0.999985
natural[211,1]	0.20261	0.000895617	0.161125	0.132966	0.0277947	0.156727	0.534551	34401.8	23408.6	3.12535	0.999982
natural[211,2]	0.149051	0.000740666	0.141358	0.0801304	0.0257549	0.102364	0.438496	35543.1	22705.1	3.22903	1.00002
natural[211,3]	8.23803	0.0239338	4.62717	5.05647	1.69091	7.79112	16.5901	42416.1	24741.7	3.85344	1.00012
natural[212,1]	0.283411	0.000852503	0.160358	0.15205	0.0681356	0.256364	0.594876	34841.8	22662.8	3.16532	1.00044
natural[212,2]	0.0737882	0.000257445	0.0531637	0.041971	0.0152172	0.0608089	0.177341	37625.1	22359.7	3.41818	1.0001
natural[212,3]	10.9243	0.0194973	4.36431	4.46854	4.15366	10.7262	18.4635	53726.4	22906.5	4.88096	1.00086
natural[213,1]	0.212089	0.00104644	0.153338	0.128913	0.037773	0.173431	0.526721	22020.9	20324.7	2.00057	1.00056
natural[213,2]	0.0694542	0.000435702	0.0804657	0.0360804	0.00800124	0.0406668	0.236842	32570.3	24521.1	2.95896	1.0001
natural[213,3]	8.59676	0.0290328	5.38679	6.11217	0.898871	8.24941	18.0017	38379.6	25214.3	3.48673	1.00016
natural[214,1]	0.229994	0.00109777	0.165022	0.147987	0.0380048	0.189519	0.562067	21554.3	20662.8	1.95817	1.0003
natural[214,2]	0.052435	0.000252697	0.0502785	0.0282362	0.00905575	0.0376641	0.147039	41663.8	23045.2	3.7851	1.0001
natural[214,3]	10.0018	0.0223605	4.9921	5.26725	2.17354	9.82009	18.5328	53249.8	25211.7	4.83767	1.00021
natural[215,1]	0.24834	0.00101383	0.173283	0.159219	0.0421332	0.205869	0.593461	27101.3	21809.5	2.46211	1.00031
natural[215,2]	0.0548845	0.000215592	0.0443216	0.0303237	0.0109137	0.0429155	0.139712	40660.8	21951.0	3.69398	1.00024
natural[215,3]	10.5553	0.0203807	4.67334	4.86899	3.27741	10.3465	18.6009	56258.5	23874.0	5.111	1.00024
natural[216,1]	0.307148	0.000948054	0.184132	0.198842	0.0571536	0.279626	0.645741	35982.3	22789.5	3.26893	0.999981
natural[216,2]	0.0830397	0.000310157	0.0610332	0.0432467	0.0200398	0.0667933	0.199888	35470.3	22480.2	3.22243	1.00001
natural[216,3]	10.1843	0.0203141	4.41361	4.56558	3.41284	9.90782	17.8647	51812.5	24964.0	4.70709	1.00031
natural[217,1]	0.0650718	0.000536196	0.0626358	0.0375614	0.00978879	0.0478098	0.175774	20316.3	16962.9	1.8457	1.00003
natural[217,2]	0.849845	0.00229412	0.344815	0.340341	0.29736	0.83733	1.43317	20532.4	10210.7	1.86534	1.00023
natural[217,3]	0.201048	0.015589	1.01624	0.0846414	0.0010708	0.0641277	0.445949	26291.6	12669.9	2.38855	1.00019
natural[218,1]	0.148762	0.00059132	0.106157	0.0932285	0.0257385	0.12324	0.358231	30883.9	24248.1	2.80576	1.00016
natural[218,2]	0.167632	0.000467425	0.0915109	0.0797698	0.0560491	0.149399	0.341434	39261.8	20651.5	3.56687	1.00054
natural[218,3]	11.3154	0.0159834	3.68359	3.7129	5.70641	11.0532	17.7641	58445.2	24113.6	5.30966	1.00032
natural[219,1]	0.0733921	0.000324288	0.0512861	0.0440439	0.0142785	0.063043	0.164484	31268.1	24244.9	2.84066	1.00001
natural[219,2]	1.65998	0.00378211	0.628111	0.611963	0.734277	1.60376	2.77824	23004.1	15776.6	2.08989	1.00017
natural[219,3]	0.573607	0.00586704	0.374811	0.170093	0.200679	0.571056	0.884871	24862.8	15795.2	2.25875	1.00007
natural[220,1]	0.244394	0.000920722	0.169683	0.161507	0.0386895	0.206596	0.584115	34152.2	22464.7	3.10267	1.00007
natural[220,2]	0.116043	0.000388484	0.0791598	0.0601236	0.0306584	0.0962566	0.272011	36661.5	22431.0	3.33064	0.999884
natural[220,3]	9.66986	0.0193688	4.1946	4.35318	3.40237	9.32611	17.1333	53706.1	24717.9	4.87912	1.00011
natural[221,1]	0.109733	0.000486506	0.0888767	0.0678965	0.0170307	0.0846081	0.286507	36308.2	25756.9	3.29854	0.999942
natural[221,2]	0.415472	0.00167046	0.305426	0.252547	0.0836524	0.328377	1.0332	27177.6	25113.7	2.46905	1.00007
natural[221,3]	6.54656	0.0265607	3.90881	3.91529	1.78051	5.72952	14.0293	26300.7	21835.9	2.38938	0.999984
natural[222,1]	0.0396122	0.000179757	0.0296957	0.024288	0.00671316	0.032107	0.097087	27771.2	24035.4	2.52297	1.00017
natural[222,2]	2.83984	0.00556117	1.05148	0.967296	1.4026	2.69561	4.77772	34629.9	22414.8	3.14608	1.00032
natural[222,3]	4.21686	0.0161319	2.49229	2.32762	1.24342	3.66447	9.07714	29213.6	23328.2	2.65401	0.999971
natural[223,1]	0.216552	0.000676982	0.134214	0.139661	0.0394365	0.194794	0.464406	38468.6	23311.1	3.49481	1.00004
natural[223,2]	0.240323	0.000831915	0.165273	0.133897	0.0577322	0.196725	0.56771	34033.5	24828.4	3.09189	0.999968
natural[223,3]	8.10059	0.0219182	3.98904	4.08689	2.51858	7.58382	15.3605	40720.6	24286.6	3.69941	1.00035
natural[224,1]	0.0699045	0.00044309	0.0590167	0.0404157	0.0127464	0.0561231	0.167905	27073.6	19648.1	2.45959	1.00019
natural[224,2]	1.16176	0.0033678	0.504361	0.480365	0.408096	1.12002	2.05849	18979.6	11737.9	1.72426	1.00034
natural[224,3]	0.582597	0.0102569	0.876276	0.217221	0.0862836	0.500653	1.01279	25351.2	14235.3	2.30312	1.00026
natural[225,1]	0.199627	0.000761805	0.135873	0.120775	0.0382142	0.169232	0.465728	30689.0	23611.8	2.78805	1.0001
natural[225,2]	0.0886007	0.000271949	0.0563299	0.0445025	0.023714	0.0757643	0.196058	34556.1	20376.0	3.13936	1.00006
natural[225,3]	10.9243	0.017717	4.07811	4.17284	4.71553	10.6615	18.0869	59568.2	24397.2	5.41168	1.00044
natural[226,1]	0.194489	0.00130441	0.170341	0.136695	0.0196819	0.14177	0.55263	16251.1	23291.8	1.47638	1.0003
natural[226,2]	0.15221	0.00132426	0.189241	0.0752371	0.00739426	0.0632728	0.559893	16694.8	24181.4	1.51669	1.00039
natural[226,3]	6.24438	0.0463793	5.94538	5.83965	0.0855295	4.41557	17.3985	19412.1	25771.8	1.76356	1.00036
natural[227,1]	0.159425	0.000639917	0.113897	0.102921	0.0257709	0.13257	0.382546	30752.4	24840.7	2.79381	1.0
natural[227,2]	0.195286	0.000525566	0.102004	0.09256	0.064965	0.176044	0.389187	37018.1	21198.5	3.36304	1.0002
natural[227,3]	10.9233	0.0160261	3.61044	3.62227	5.42767	10.672	17.2452	55620.6	25382.3	5.05305	1.0002
natural[228,1]	0.157377	0.000642525	0.120463	0.0979431	0.0256665	0.125487	0.402395	39705.6	24910.2	3.6072	1.00067
natural[228,2]	0.231732	0.00116439	0.208461	0.140827	0.0340778	0.159464	0.665894	25005.1	21558.2	2.27167	1.00018
natural[228,3]	6.6832	0.0291199	4.43776	4.54443	1.30146	5.74031	15.1732	29413.0	21706.6	2.67212	1.00012
natural[229,1]	0.231397	0.00157419	0.185954	0.157045	0.0296957	0.176687	0.622017	13700.5	20037.9	1.24467	1.00038
natural[229,2]	0.068668	0.000632361	0.0952404	0.0288269	0.00383536	0.0260369	0.275529	19062.2	23689.8	1.73177	1.00054
natural[229,3]	7.61095	0.0481803	6.49431	8.42912	0.0693164	6.80316	19.0333	20916.3	27457.1	1.90022	1.0004
natural[230,1]	0.187322	0.000682054	0.1258	0.114432	0.0348334	0.160687	0.431516	31640.9	23441.8	2.87453	1.00016
natural[230,2]	0.110972	0.000343496	0.0695222	0.0552518	0.0321676	0.0952194	0.245055	39156.5	20517.7	3.55731	1.00001
natural[230,3]	10.5489	0.0175804	3.95897	4.05237	4.49863	10.2856	17.4818	55831.1	24690.2	5.07217	1.00017
natural[231,1]	0.107922	0.00055298	0.0907961	0.0637074	0.0175228	0.0824704	0.285589	30204.4	23824.5	2.74402	1.00023
natural[231,2]	0.25449	0.00114696	0.215179	0.148554	0.0459716	0.183215	0.704699	28692.2	24498.1	2.60664	1.0001
natural[231,3]	7.04444	0.0268896	4.22199	4.42828	1.69815	6.31325	14.9931	29648.3	23950.3	2.6935	1.0002
natural[232,1]	0.149129	0.000623344	0.104061	0.0883659	0.028814	0.125185	0.351922	26526.7	22034.7	2.40991	1.00028
natural[232,2]	0.129211	0.000325376	0.0669127	0.0599134	0.043806	0.117052	0.255819	38334.7	17851.1	3.48265	1.00015
natural[232,3]	12.2832	0.0156708	3.68449	3.68108	6.59647	12.0791	18.7318	59800.0	23763.0	5.43274	1.00026
natural[233,1]	0.118786	0.000520236	0.0895856	0.0729896	0.0199748	0.0954774	0.29736	29537.1	22775.1	2.6834	1.00002
natural[233,2]	0.246626	0.000653741	0.134231	0.121001	0.0785711	0.220842	0.503317	41080.5	20755.2	3.7321	1.00016
natural[233,3]	10.3532	0.0162887	3.61693	3.69288	4.88115	10.0769	16.7024	55261.6	24203.7	5.02043	1.00008
natural[234,1]	0.186014	0.000928054	0.141325	0.117498	0.0295735	0.148505	0.474031	21888.1	22474.5	1.9885	1.00018
natural[234,2]	0.0704401	0.000269632	0.0549729	0.0374679	0.015226	0.0557859	0.1758	40770.4	22876.7	3.70393	0.999915
natural[234,3]	10.1542	0.0198493	4.49406	4.67268	3.22126	9.8846	18.0139	54628.0	25608.6	4.96287	0.999952
natural[235,1]	0.14604	0.000565702	0.106419	0.0915243	0.0242457	0.120384	0.357975	33466.8	22823.5	3.04041	0.999979
natural[235,2]	0.23036	0.000616187	0.123379	0.112969	0.0750873	0.206569	0.467595	39557.9	20880.1	3.59378	1.00016
natural[235,3]	10.2806	0.0157409	3.5752	3.63353	4.83963	10.0075	16.5444	56651.3	25175.9	5.14669	1.00033
natural[236,1]	0.15281	0.000650614	0.109775	0.0952618	0.026179	0.126806	0.368519	26151.3	22898.1	2.3758	1.00021
natural[236,2]	0.125862	0.000323756	0.0650383	0.0581468	0.0436612	0.113626	0.249099	38349.1	20034.0	3.48396	1.00005
natural[236,3]	12.0868	0.0162415	3.75012	3.77004	6.29125	11.8562	18.6001	57497.4	23302.8	5.22355	1.00101
natural[237,1]	0.0390683	0.00016256	0.029785	0.0247647	0.00632989	0.0312391	0.0984408	32931.5	23929.3	2.99177	1.00026
natural[237,2]	5.07986	0.0102331	1.82099	1.62692	2.71414	4.78405	8.47391	34733.5	25438.1	3.15548	1.00009
natural[237,3]	0.0409266	0.000304819	0.0598589	0.0205995	8.68508e-05	0.0143781	0.175424	35187.5	24871.8	3.19673	1.00012
natural[238,1]	0.177987	0.00102365	0.157163	0.103008	0.0262237	0.126993	0.520994	26099.0	21630.8	2.37105	1.00025
natural[238,2]	0.105338	0.000467411	0.0924962	0.0560911	0.0201677	0.0775868	0.286447	37573.9	23599.6	3.41353	0.99996
natural[238,3]	9.12754	0.0219892	4.47397	4.7523	2.51242	8.77942	17.0269	45726.9	24542.8	4.15422	1.00013
natural[239,1]	0.128013	0.000522328	0.0964783	0.079646	0.0212252	0.103688	0.321264	33985.7	23425.5	3.08755	1.00009
natural[239,2]	0.36829	0.000999259	0.203017	0.189109	0.110589	0.330222	0.754617	38384.7	20940.3	3.48719	1.00034
natural[239,3]	9.01587	0.0176576	3.54734	3.5574	3.86274	8.66249	15.4061	48551.0	23349.4	4.41079	1.0001
natural[240,1]	0.0893892	0.000414429	0.0648671	0.053472	0.0163051	0.074568	0.211611	27028.5	24003.7	2.45549	1.00032
natural[240,2]	0.81531	0.00332212	0.449014	0.456735	0.173314	0.768381	1.62997	15285.4	13342.3	1.38866	1.00041
natural[240,3]	2.93814	0.0257112	2.38086	1.17426	0.992959	2.13754	7.92416	14473.8	10324.9	1.31492	1.00046
natural[241,1]	0.155012	0.000781556	0.120374	0.0942157	0.0254789	0.123347	0.395953	24568.2	22667.0	2.23199	1.00007
natural[241,2]	0.0764404	0.000283934	0.0574218	0.0399725	0.0174343	0.0612924	0.186803	38030.7	21621.9	3.45503	1.00001
natural[241,3]	10.194	0.0206543	4.38168	4.53379	3.52467	9.91625	17.8586	49573.9	23853.2	4.50372	1.00029
natural[242,1]	0.253738	0.000756865	0.143451	0.153237	0.0514522	0.236826	0.512402	34318.3	23372.8	3.11776	1.00022
natural[242,2]	0.241718	0.00074777	0.149133	0.129696	0.0649996	0.208648	0.53226	35498.8	24296.9	3.22501	0.999966
natural[242,3]	8.68658	0.0199101	3.82395	3.93215	3.13441	8.33225	15.5594	43401.2	25059.9	3.94294	1.00016
natural[243,1]	0.177825	0.00083855	0.133013	0.110479	0.0299997	0.142121	0.447299	23485.5	20618.6	2.13362	1.00018
natural[243,2]	0.0694474	0.000197984	0.0405977	0.0345659	0.0199862	0.0613267	0.145259	36994.4	19356.2	3.36088	1.0001
natural[243,3]	11.8305	0.0164361	4.05478	4.10505	5.6032	11.6367	18.8168	66601.1	23334.7	6.0506	1.00066
natural[244,1]	0.193114	0.00117095	0.156421	0.127482	0.0261451	0.148362	0.517179	17486.8	22766.2	1.58865	1.00024
natural[244,2]	0.0744939	0.00059976	0.100733	0.0331186	0.00604725	0.0336431	0.293203	24440.8	24925.7	2.22041	1.00012
natural[244,3]	8.04511	0.0378609	5.94411	7.31916	0.287634	7.52562	18.5133	27347.3	26248.3	2.48446	1.00011
natural[245,1]	0.179287	0.000586453	0.113883	0.107376	0.0351737	0.157626	0.400018	36092.6	22876.9	3.27895	1.00004
natural[245,2]	0.294565	0.000764801	0.152886	0.144565	0.095127	0.269245	0.581214	37328.6	21772.0	3.39125	1.00012
natural[245,3]	9.522	0.0167867	3.5387	3.54968	4.27034	9.22322	15.8721	50998.2	25148.2	4.63311	1.00004
natural[246,1]	0.207744	0.000755792	0.134658	0.130605	0.03678	0.181704	0.471883	33200.2	23442.8	3.01619	1.00009
natural[246,2]	0.411607	0.001999	0.316215	0.280967	0.0649982	0.323851	1.03695	20150.2	21309.9	1.83061	1.00017
natural[246,3]	5.67485	0.0314058	4.07496	3.5935	1.28446	4.45164	13.8386	20867.8	20340.7	1.8958	1.00023
natural[247,1]	0.180502	0.000671366	0.130684	0.112653	0.0305113	0.1471	0.444868	36862.4	22404.4	3.34889	1.0003
natural[247,2]	0.226546	0.000649286	0.134931	0.120278	0.0634285	0.198115	0.487156	41918.3	21706.1	3.80821	1.0002
natural[247,3]	9.91607	0.0171312	3.70945	3.74747	4.32164	9.63216	16.5015	52891.0	22541.9	4.80507	1.00034
natural[248,1]	0.168506	0.0014052	0.158302	0.0999295	0.0203646	0.112403	0.51836	14261.1	20551.7	1.2956	1.00053
natural[248,2]	0.362397	0.00305513	0.311252	0.36051	0.0136019	0.308418	0.947658	8631.43	16094.3	0.784152	1.00078
natural[248,3]	3.32987	0.0555181	4.84034	1.05613	0.0442994	0.916314	14.5035	12367.4	17102.8	1.12355	1.00084
natural[249,1]	0.151077	0.00059476	0.101875	0.0873078	0.0304839	0.129463	0.345633	28013.8	20811.2	2.54501	1.00011
natural[249,2]	0.122557	0.000313973	0.0644056	0.0567241	0.0413022	0.110753	0.243333	40422.2	19819.1	3.6723	1.00015
natural[249,3]	12.0881	0.0161365	3.75305	3.74357	6.32038	11.8754	18.5874	58942.9	23071.0	5.35487	1.0001
natural[250,1]	0.238706	0.000984326	0.160508	0.151528	0.0415641	0.204019	0.552856	24868.9	21535.5	2.2593	1.00018
natural[250,2]	0.0565661	0.000267808	0.052819	0.0309468	0.00959985	0.0407882	0.158982	38487.2	23145.2	3.4965	1.00012
natural[250,3]	9.79759	0.0230252	4.93879	5.2221	2.158	9.57619	18.3038	49302.1	23846.1	4.47902	1.00015
natural[251,1]	0.258599	0.00132591	0.200803	0.186665	0.0314357	0.202714	0.667931	23816.5	24947.2	2.16369	1.00035
natural[251,2]	0.162997	0.00127807	0.197154	0.0818952	0.00984678	0.0717037	0.586853	19469.2	24168.9	1.76875	1.00052
natural[251,3]	6.25318	0.0421742	5.81883	5.94323	0.111312	4.58898	17.1774	22820.9	25532.1	2.07325	1.00048
natural[252,1]	0.130871	0.000549449	0.0925537	0.0745018	0.0267605	0.10945	0.30712	27195.1	21719.2	2.47063	1.0002
natural[252,2]	0.132146	0.000345746	0.069326	0.061857	0.0444789	0.119405	0.26306	39494.2	20827.9	3.58799	1.00028
natural[252,3]	12.0946	0.0157657	3.67082	3.69506	6.47542	11.8571	18.4609	57641.0	24335.3	5.2366	1.00008
natural[253,1]	0.165886	0.000587049	0.088659	0.0939543	0.0340482	0.159824	0.319791	21311.3	18891.6	1.9361	1.00019
natural[253,2]	0.913578	0.00171881	0.313447	0.304991	0.44334	0.890764	1.46172	31110.8	18929.9	2.82637	1.00005
natural[253,3]	0.284143	0.00703319	0.566119	0.24246	0.00352427	0.204566	0.743404	29748.2	23456.1	2.70258	1.00005
natural[254,1]	0.153379	0.000725828	0.11698	0.0973506	0.0241557	0.122876	0.388759	23876.4	20509.5	2.16914	1.00004
natural[254,2]	0.11682	0.000302418	0.0598359	0.0533082	0.0410744	0.106025	0.230134	37699.9	18597.5	3.42498	1.00034
natural[254,3]	12.3878	0.0153061	3.70136	3.69693	6.64364	12.1791	18.8166	62927.2	23958.7	5.71684	1.00028
natural[255,1]	0.138647	0.000558793	0.103449	0.087427	0.0228269	0.113481	0.342708	33929.2	23457.2	3.08241	1.00003
natural[255,2]	0.295299	0.000802439	0.156787	0.145345	0.0938275	0.266834	0.592507	36814.3	20915.9	3.34452	1.00036
natural[255,3]	9.78964	0.0166595	3.52386	3.52165	4.4968	9.49056	16.1075	51954.3	22920.1	4.71996	1.0003
natural[256,1]	0.183005	0.000834326	0.130194	0.122896	0.0280021	0.15459	0.432537	24453.0	23878.7	2.22152	1.00017
natural[256,2]	0.567	0.00287716	0.316086	0.315036	0.0462751	0.556358	1.10977	10670.5	7803.1	0.9694	1.00028
natural[256,3]	1.42323	0.0345516	2.75804	0.521875	0.0396626	0.667654	6.95699	15344.8	7075.8	1.39405	1.00073
natural[257,1]	0.121917	0.000621323	0.0974889	0.0754509	0.0197367	0.0952109	0.313845	23410.4	21722.8	2.1268	1.0003
natural[257,2]	0.154061	0.000405514	0.0835834	0.073482	0.050638	0.137203	0.313625	42303.2	19269.9	3.84318	1.00026
natural[257,3]	11.5959	0.0157818	3.71958	3.73774	5.90813	11.3613	18.1285	60710.5	26067.6	5.51545	1.00016
natural[258,1]	0.0993185	0.000362168	0.0632823	0.0617279	0.0185743	0.0880632	0.219505	28058.9	22527.4	2.5491	1.00022
natural[258,2]	1.43499	0.00306051	0.559462	0.533084	0.625718	1.37892	2.44564	30117.2	19473.4	2.7361	0.99997
natural[258,3]	5.52999	0.0170889	2.79443	2.7215	1.91871	5.02858	10.8218	33220.3	23338.5	3.01801	1.00011
natural[259,1]	0.124393	0.000575173	0.0992787	0.0826678	0.0172406	0.0971988	0.322235	28685.1	25448.3	2.60599	1.00045
natural[259,2]	0.215696	0.000617078	0.120355	0.105337	0.0691946	0.190748	0.446207	39273.0	20277.1	3.56789	1.00005
natural[259,3]	10.4763	0.0163453	3.63947	3.66723	4.97283	10.2247	16.8689	56713.6	23939.6	5.15234	1.00023
natural[260,1]	0.161511	0.000908025	0.128951	0.0963301	0.0270836	0.126106	0.423581	21630.8	20268.7	1.96512	1.00013
natural[260,2]	0.111232	0.000747642	0.130549	0.0573636	0.0111394	0.0616028	0.387513	25514.5	22246.2	2.31796	1.00015
natural[260,3]	7.75597	0.0322055	5.25166	6.05561	0.915635	7.08679	17.2256	30533.6	23907.1	2.77393	1.0001
natural[261,1]	0.116045	0.000594283	0.0920842	0.0669984	0.0207659	0.0922016	0.29496	23939.3	22133.7	2.17485	1.00031
natural[261,2]	0.115041	0.000315853	0.0657398	0.0573088	0.0348505	0.101966	0.241178	41864.4	21245.6	3.80332	0.999989
natural[261,3]	11.0804	0.0171379	3.86938	3.88806	5.18194	10.8167	17.8296	55330.4	22976.1	5.02668	1.00028
natural[262,1]	0.180376	0.000755694	0.129617	0.104871	0.0345538	0.148389	0.443155	30779.0	22031.3	2.79623	1.00038
natural[262,2]	0.107744	0.000447384	0.0918926	0.0580215	0.0214278	0.0812763	0.28397	37486.0	21828.2	3.40555	1.00018
natural[262,3]	9.24058	0.0206509	4.43669	4.68325	2.66542	8.8702	17.1269	52555.4	24502.7	4.77458	0.999972
natural[263,1]	0.0979806	0.000422655	0.076335	0.0575906	0.0176748	0.0784843	0.244921	34833.3	22493.3	3.16455	1.0002
natural[263,2]	0.360565	0.00185749	0.290681	0.253466	0.05163	0.275612	0.939738	19989.3	22604.7	1.816	1.00012
natural[263,3]	5.36628	0.0316269	4.01694	3.31353	1.15758	4.06703	13.5246	20794.0	20035.7	1.8891	1.00003
natural[264,1]	0.187015	0.000750939	0.134091	0.115569	0.0328491	0.153906	0.455971	32213.8	22440.3	2.92658	0.999983
natural[264,2]	0.119591	0.000354526	0.0721939	0.0605709	0.0353402	0.103415	0.258875	39422.2	22018.7	3.58144	1.00006
natural[264,3]	10.4792	0.0174432	3.95082	3.98147	4.50536	10.1842	17.4701	58443.0	23565.2	5.30946	1.00033
natural[265,1]	0.0646906	0.000235343	0.0433676	0.0396433	0.0122892	0.0553302	0.148228	32333.5	24141.7	2.93745	1.00004
natural[265,2]	1.06387	0.00255098	0.467755	0.458539	0.371439	1.01962	1.90478	30051.8	18387.4	2.73016	1.00021
natural[265,3]	6.39205	0.0179189	2.96854	2.88033	2.41472	5.91431	11.9614	33867.7	22705.9	3.07683	1.00032
natural[266,1]	0.261797	0.000897568	0.165895	0.161691	0.0497194	0.23028	0.588516	31482.0	21526.6	2.86009	1.00027
natural[266,2]	0.0645213	0.000235627	0.0484201	0.0345453	0.0142759	0.051895	0.156368	38070.2	22143.1	3.45862	1.00002
natural[266,3]	10.539	0.0199319	4.5161	4.71825	3.52662	10.3182	18.2403	55539.2	23591.6	5.04565	1.00072
natural[267,1]	0.263239	0.0014394	0.188939	0.179142	0.0382132	0.21728	0.639149	16143.7	18609.5	1.46663	1.00068
natural[267,2]	0.0579309	0.000504428	0.0814098	0.0242868	0.00401049	0.0237283	0.232445	22811.4	24182.4	2.07238	1.00034
natural[267,3]	8.2561	0.0439288	6.42586	8.39373	0.117656	7.90843	19.3217	23884.2	26458.6	2.16984	1.00032
natural[268,1]	0.326189	0.00102903	0.196051	0.199953	0.0668025	0.290889	0.70394	38210.3	21139.9	3.47134	1.00006
natural[268,2]	0.12512	0.000617404	0.116201	0.0686951	0.0211956	0.0872982	0.35935	30934.5	24792.7	2.81035	1.00006
natural[268,3]	8.3543	0.0264783	4.67084	5.09751	1.81294	7.87265	16.7541	35542.8	24895.4	3.22901	1.00014
natural[269,1]	0.158581	0.000889458	0.130085	0.0920756	0.0267135	0.12048	0.432904	22905.4	20353.8	2.08092	1.00027
natural[269,2]	0.0817809	0.000236277	0.048113	0.0412516	0.0224078	0.0725074	0.173909	34872.7	18899.8	3.16813	1.00012
natural[269,3]	11.729	0.0166266	3.93784	3.98922	5.62557	11.4992	18.5808	60267.6	25003.6	5.47522	1.00056
natural[270,1]	0.194124	0.00116096	0.153727	0.113653	0.0320982	0.148212	0.520457	19208.6	21675.8	1.74508	1.00018
natural[270,2]	0.245661	0.00211985	0.263861	0.166763	0.0126776	0.13561	0.798385	13177.5	23540.0	1.19716	1.00019
natural[270,3]	5.2956	0.0468767	5.39332	3.41915	0.227493	2.80598	16.0873	17474.9	23008.5	1.58757	1.00018
natural[271,1]	0.0772454	0.000317633	0.0588597	0.0478995	0.0127126	0.0627874	0.192037	32695.7	23814.0	2.97035	1.0001
natural[271,2]	0.764007	0.00176545	0.347683	0.342341	0.264783	0.723096	1.39152	34989.5	18597.9	3.17874	1.00041
natural[271,3]	6.99678	0.0174813	3.1427	3.14294	2.62049	6.60049	12.7992	39443.8	22544.6	3.58341	1.00007
natural[272,1]	0.191139	0.0010305	0.150163	0.121292	0.0288912	0.149641	0.497703	21004.6	21354.0	1.90824	1.00039
natural[272,2]	0.149315	0.00112954	0.181907	0.0790297	0.00930796	0.0706397	0.539578	20269.3	22989.9	1.84143	1.0003
natural[272,3]	6.45644	0.0404842	5.61077	6.01501	0.203555	5.07111	16.9771	23652.2	24360.7	2.14877	1.00004
natural[273,1]	0.0547841	0.000250999	0.0423005	0.034107	0.00870059	0.0437135	0.138713	26403.6	22563.0	2.39873	1.00007
natural[273,2]	2.2399	0.0045784	0.866286	0.815435	1.03323	2.1312	3.83378	33533.9	19770.4	3.0465	0.999986
natural[273,3]	4.62713	0.0169558	2.64243	2.52979	1.37711	4.10369	9.67682	29818.0	23631.2	2.70892	1.00008
natural[274,1]	0.143429	0.000625089	0.105074	0.0878298	0.025265	0.117467	0.351304	27223.0	23134.7	2.47317	1.00011
natural[274,2]	0.132358	0.000345918	0.0689848	0.0616571	0.0443515	0.119826	0.262087	38648.8	19456.3	3.51118	1.00049
natural[274,3]	12.1201	0.0152557	3.67807	3.70479	6.44187	11.9169	18.5053	63698.5	24452.5	5.78691	1.00058
natural[275,1]	0.240744	0.000874123	0.156357	0.150797	0.044339	0.207918	0.548914	30475.7	22560.2	2.76867	1.00013
natural[275,2]	0.0995308	0.000292889	0.0587807	0.0492074	0.0296524	0.0869695	0.212016	36484.6	21014.5	3.31457	1.00007
natural[275,3]	11.2732	0.0171332	3.9975	4.01466	5.10817	11.0502	18.2136	60079.0	22948.1	5.45809	1.00027
natural[276,1]	0.0291888	0.000138673	0.0231558	0.0170684	0.00552668	0.0232366	0.0731136	29712.9	24111.2	2.69937	0.999962
natural[276,2]	1.68652	0.00337748	0.636162	0.57915	0.825401	1.59493	2.86694	31118.5	22329.8	2.82707	1.00002
natural[276,3]	0.213907	0.00108951	0.171995	0.203123	0.0029482	0.201441	0.486417	25714.2	22601.5	2.33609	1.00003
natural[277,1]	0.168176	0.000629574	0.114974	0.0987978	0.0339124	0.141836	0.396992	32814.6	23591.4	2.98115	1.00001
natural[277,2]	0.105202	0.000278361	0.0572606	0.0494687	0.0347392	0.094072	0.213437	41000.9	20888.4	3.72487	1.00076
natural[277,3]	11.7171	0.0163643	3.83503	3.87304	5.85833	11.4594	18.4169	60404.5	24356.5	5.48765	0.999942
natural[278,1]	0.162674	0.000677523	0.122832	0.100898	0.0272646	0.131584	0.408339	34722.6	22562.7	3.15449	1.00009
natural[278,2]	0.132641	0.000530894	0.109246	0.0699597	0.0286098	0.0998682	0.350506	36828.0	22698.3	3.34577	1.00012
natural[278,3]	8.68987	0.0218143	4.34019	4.58862	2.46039	8.28019	16.4829	45685.7	23352.5	4.15048	1.00024
natural[279,1]	0.162583	0.000701321	0.122277	0.100819	0.0267324	0.13062	0.405289	32167.6	22179.3	2.92237	1.00013
natural[279,2]	0.145934	0.000838758	0.156155	0.0765942	0.0189992	0.0874404	0.479681	28095.1	21865.7	2.5524	1.00013
natural[279,3]	7.46645	0.0289748	4.84747	5.41744	1.17944	6.75076	16.3747	32831.1	24083.2	2.98266	1.00003
natural[280,1]	0.0594542	0.000254055	0.0435624	0.0384263	0.00930786	0.0486526	0.146976	27144.4	22618.1	2.46603	1.00011
natural[280,2]	2.62331	0.00552058	1.01685	0.922111	1.26811	2.46566	4.52105	33365.0	22544.4	3.03116	0.99995
natural[280,3]	4.33542	0.0159236	2.53603	2.4045	1.28292	3.78929	9.20261	31497.8	24323.2	2.86152	1.00018
natural[281,1]	0.100913	0.00042851	0.069523	0.0679723	0.0154515	0.0861673	0.236096	25218.8	23284.3	2.29109	0.999983
natural[281,2]	1.73765	0.0037852	0.671178	0.628876	0.791959	1.65719	2.95553	28989.7	18818.8	2.63367	1.00015
natural[281,3]	5.00665	0.0166852	2.69644	2.61094	1.60543	4.50383	10.1252	32363.7	23993.6	2.94019	1.00027
natural[282,1]	0.246613	0.000715187	0.133965	0.126196	0.0650943	0.228439	0.496293	34105.7	21261.1	3.09845	1.00003
natural[282,2]	0.182403	0.00109274	0.183767	0.112468	0.018292	0.110698	0.56909	22688.1	23962.7	2.06118	1.00009
natural[282,3]	6.34006	0.0343393	5.05193	5.22182	0.567197	5.09316	15.9563	26481.0	24691.1	2.40576	1.00001
natural[283,1]	0.0997176	0.00041563	0.0730474	0.0625866	0.0164738	0.0819079	0.244973	30625.7	24307.6	2.7823	1.00012
natural[283,2]	0.925222	0.0023495	0.421288	0.419915	0.308278	0.886162	1.67956	28190.4	16896.4	2.56105	1.00033
natural[283,3]	6.53743	0.0187678	3.09635	3.04597	2.35037	6.07123	12.2546	33532.1	22971.2	3.04634	1.00007
natural[284,1]	0.141795	0.00058338	0.0962917	0.0834398	0.0285185	0.121048	0.327207	26676.6	21560.5	2.42353	1.00001
natural[284,2]	0.147106	0.000389717	0.0784987	0.0692918	0.0488579	0.132023	0.297355	39876.6	19360.3	3.62272	1.00036
natural[284,3]	11.8666	0.0157397	3.64672	3.64444	6.21976	11.6524	18.1896	58710.8	24444.5	5.33378	1.00043
natural[285,1]	0.184502	0.000806881	0.137406	0.122345	0.0273638	0.149118	0.460822	28756.7	23253.6	2.6125	1.00052
natural[285,2]	0.178189	0.00049323	0.0944933	0.0846487	0.0597938	0.159912	0.357855	36087.3	19981.2	3.27848	1.0007
natural[285,3]	11.1122	0.0162876	3.65493	3.61993	5.50323	10.8613	17.5307	55922.1	24892.2	5.08044	1.00027
natural[286,1]	0.169569	0.000579553	0.113361	0.104036	0.0313805	0.145177	0.388086	36016.0	22287.3	3.272	1.00014
natural[286,2]	0.154921	0.000503959	0.100047	0.0798338	0.0424012	0.130291	0.351035	36398.5	22259.5	3.30675	1.00001
natural[286,3]	9.16112	0.0192116	3.94699	4.0496	3.40142	8.77488	16.1903	49329.1	24791.8	4.48147	1.0004
natural[287,1]	0.177863	0.000705628	0.117401	0.106175	0.0349324	0.153692	0.404196	24643.2	19989.2	2.2388	1.00004
natural[287,2]	0.0757236	0.000218031	0.0432442	0.0372229	0.0223431	0.0673114	0.158043	34455.9	19388.1	3.13026	1.0002
natural[287,3]	11.6339	0.0171659	3.97264	3.97799	5.487	11.3967	18.4992	58268.7	24408.5	5.29362	1.00032
natural[288,1]	0.0671348	0.000287384	0.051789	0.0405428	0.0115368	0.0542595	0.165105	32160.6	22167.2	2.92174	1.00023
natural[288,2]	0.908186	0.00199607	0.38666	0.382842	0.344248	0.869074	1.6049	33724.6	19070.3	3.06383	1.00023
natural[288,3]	6.49821	0.0176507	3.01728	3.01145	2.36712	6.08237	12.1183	36332.7	22547.3	3.30077	1.00039
natural[289,1]	0.153025	0.000614863	0.109406	0.0935775	0.0278796	0.126472	0.369435	30002.9	21696.7	2.72572	1.0002
natural[289,2]	0.154463	0.000414444	0.0837348	0.0744175	0.0495552	0.138517	0.312265	40196.9	18754.4	3.65182	1.0002
natural[289,3]	11.3529	0.0156729	3.65789	3.66984	5.7711	11.1206	17.7111	58740.4	23634.1	5.33647	1.00032
natural[290,1]	0.169188	0.000777896	0.123802	0.103059	0.029564	0.13854	0.411406	24973.0	22095.2	2.26876	1.00003
natural[290,2]	0.0945119	0.000424226	0.0821992	0.0496918	0.018628	0.0699977	0.255963	36798.4	22949.5	3.34307	0.999976
natural[290,3]	9.23304	0.0230958	4.55132	4.80959	2.51636	8.90334	17.2946	42733.2	24239.4	3.88225	1.00018
natural[291,1]	0.129913	0.000461632	0.0883744	0.0813615	0.0230183	0.110861	0.300022	34074.3	22953.5	3.0956	1.00023
natural[291,2]	0.825464	0.00185953	0.354289	0.342434	0.312214	0.784257	1.47166	33006.2	18591.1	2.99856	0.99999
natural[291,3]	6.55857	0.0167523	3.09637	3.06918	2.27556	6.13724	12.2673	42199.1	24178.4	3.83373	1.00004
natural[292,1]	0.135388	0.000815407	0.0993127	0.0702394	0.0294934	0.11195	0.326147	20243.4	14892.1	1.83909	1.00052
natural[292,2]	0.688349	0.00432072	0.42055	0.442445	0.0564242	0.66525	1.42523	7922.55	7891.52	0.719751	1.001
natural[292,3]	2.12167	0.0415231	2.8884	0.593552	0.485465	1.13854	8.84	11361.6	6329.74	1.03218	1.00093
natural[293,1]	0.275528	0.00121801	0.188469	0.1794	0.0464845	0.231578	0.651627	22584.1	18966.8	2.05173	1.00038
natural[293,2]	0.0488993	0.000295364	0.0563129	0.0253104	0.00655322	0.0307576	0.155607	37239.2	23760.4	3.38313	1.00011
natural[293,3]	9.66944	0.0261961	5.44181	5.98823	1.16531	9.5567	18.8508	45916.8	24009.4	4.17147	1.00036
natural[294,1]	0.133489	0.000621085	0.104928	0.0834769	0.0210661	0.105277	0.344256	29474.2	24195.8	2.67769	1.00013
natural[294,2]	0.218933	0.000594244	0.120197	0.106582	0.0692359	0.194972	0.450944	39630.5	19872.5	3.60037	1.00017
natural[294,3]	10.7008	0.0163228	3.63288	3.62617	5.20826	10.4472	17.0887	55194.7	24081.9	5.01436	1.00022
natural[295,1]	0.191995	0.000802043	0.146589	0.127545	0.0279413	0.152729	0.487616	32823.2	23629.6	2.98194	1.00006
natural[295,2]	0.139919	0.000488375	0.0998444	0.0733333	0.0351577	0.11284	0.339461	37250.5	22715.0	3.38415	1.00005
natural[295,3]	9.22494	0.0205227	4.16479	4.33127	3.13179	8.83445	16.671	49435.2	23818.2	4.49112	1.00012
natural[296,1]	0.0729614	0.000802989	0.073197	0.0350614	0.0139231	0.0541393	0.198817	12808.1	10133.3	1.16359	1.00017
natural[296,2]	1.00134	0.00576792	0.55052	0.55489	0.0720782	0.997677	1.92776	8297.87	5936.42	0.753849	1.00006
natural[296,3]	1.62923	0.036575	2.51141	0.385388	0.423467	0.934478	6.60409	12567.2	5151.27	1.14171	1.00016
natural[297,1]	0.229416	0.000694396	0.0934798	0.0923265	0.0767533	0.227949	0.388052	17438.7	16082.1	1.58428	1.0002
natural[297,2]	1.30454	0.00325717	0.540044	0.502093	0.546771	1.23702	2.29626	24923.7	20043.4	2.26428	1.00018
natural[297,3]	5.76746	0.0184984	2.88226	2.83093	1.95353	5.31459	11.1508	29045.4	23354.1	2.63873	1.00032
natural[298,1]	0.1517	0.000646174	0.10911	0.0924115	0.0272651	0.125714	0.363905	27082.6	21293.1	2.46041	1.00046
natural[298,2]	0.0981107	0.000268209	0.0561908	0.0479976	0.029997	0.0862421	0.205218	39403.9	20100.2	3.57978	1.00025
natural[298,3]	11.3575	0.0166706	3.91642	3.95169	5.4163	11.0976	18.2069	60810.5	23238.3	5.52454	1.00011
natural[299,1]	0.0603239	0.000922615	0.073148	0.0312894	0.0085703	0.0396569	0.176728	11493.2	7730.16	1.04414	1.00031
natural[299,2]	0.823548	0.00438461	0.435603	0.423629	0.100952	0.800725	1.57988	8009.13	3563.98	0.727617	1.00056
natural[299,3]	0.847463	0.0391122	2.24699	0.303081	0.0155978	0.393972	2.29144	12543.7	3484.82	1.13957	1.00035
natural[300,1]	0.152906	0.000492292	0.0766409	0.0760177	0.0408147	0.145368	0.288687	21870.8	16574.4	1.98693	1.00014
natural[300,2]	1.38774	0.00293881	0.494769	0.477269	0.659289	1.34123	2.27215	25421.0	19482.1	2.30946	1.0001
natural[300,3]	0.378677	0.0033625	0.346737	0.242659	0.0156036	0.369373	0.76562	25499.1	17927.6	2.31656	1.00037
natural[301,1]	0.255224	0.00109365	0.170277	0.160984	0.0461773	0.218572	0.592526	22661.1	21789.0	2.05872	1.00017
natural[301,2]	0.0467839	0.000182892	0.0374558	0.0260456	0.00930386	0.0368717	0.118139	39247.5	22094.6	3.56558	1.00007
natural[301,3]	10.6839	0.0204096	4.7214	4.95549	3.2872	10.5003	18.6778	56263.5	25171.1	5.11145	1.00004
natural[302,1]	0.209412	0.000819185	0.147928	0.138568	0.0316957	0.176201	0.499266	31399.8	21557.4	2.85262	1.0001
natural[302,2]	0.231248	0.00148417	0.220202	0.159048	0.0228681	0.152428	0.678287	17178.2	21323.8	1.56062	1.00021
natural[302,3]	5.53239	0.0369161	4.70614	3.91793	0.728971	3.9055	14.9296	21475.5	20612.0	1.95102	1.00009
natural[303,1]	0.16955	0.000671344	0.119087	0.111321	0.0272593	0.141676	0.404036	29000.8	24251.1	2.63468	1.00018
natural[303,2]	0.186503	0.000542168	0.103004	0.0901901	0.0604136	0.165428	0.382095	36812.4	20504.1	3.34435	1.00023
natural[303,3]	10.923	0.0159825	3.7053	3.717	5.27356	10.6705	17.4563	59654.4	24309.8	5.41951	1.00017
natural[304,1]	0.15624	0.00066593	0.1194	0.0967539	0.0249777	0.124707	0.393687	29884.3	22057.8	2.71494	1.00004
natural[304,2]	0.173342	0.000484968	0.0986935	0.0853984	0.0532698	0.153152	0.36262	39340.9	22233.0	3.57406	1.00016
natural[304,3]	10.0598	0.0172378	3.76144	3.82782	4.47594	9.75691	16.7645	55686.5	24377.0	5.05903	1.00012
Omega[1,2]	-0.464694	0.00265552	0.121227	0.121313	-0.654209	-0.470482	-0.255113	2087.86	4550.04	0.189679	1.00409
Omega[1,3]	0.295798	0.00252063	0.14122	0.142608	0.0572013	0.300544	0.521147	3119.72	5755.98	0.283421	1.00242
Omega[2,1]	-0.464694	0.00265552	0.121227	0.121313	-0.654209	-0.470482	-0.255113	2087.86	4550.04	0.189679	1.00409
Omega[2,3]	-0.633125	0.00058148	0.0651885	0.064855	-0.735159	-0.636133	-0.520723	12380.8	18439.5	1.12478	1.00028
Omega[3,1]	0.295798	0.00252063	0.14122	0.142608	0.0572013	0.300544	0.521147	3119.72	5755.98	0.283421	1.00242
Omega[3,2]	-0.633125	0.00058148	0.0651885	0.064855	-0.735159	-0.636133	-0.520723	12380.8	18439.5	1.12478	1.00028
