parameter	Mean	MCSE	StdDev	MAD	5%	50%	95%	ESS_bulk	ESS_tail	ESS_bulk/s	R_hat
mu[1]	-1.66669	0.00700972	0.225304	0.219867	-2.04682	-1.66368	-1.30782	1040.73	3549.98	0.143006	1.00739
mu[2]	-1.13048	0.00162513	0.103711	0.104107	-1.30469	-1.1282	-0.96412	4110.08	7222.49	0.564767	1.0016
mu[3]	2.05774	0.0033063	0.184132	0.185482	1.77445	2.04754	2.37549	3121.84	6446.74	0.428972	1.00227
mu[4]	0.729621	0.00129522	0.0813343	0.0802144	0.601534	0.726697	0.869602	3975.42	6516.92	0.546264	1.00142
tau[1]	1.23829	0.00257491	0.199109	0.194655	0.927296	1.2283	1.58113	5958.99	9917.12	0.818826	1.00061
tau[2]	1.26126	0.00199052	0.0898117	0.0893227	1.11853	1.25827	1.41336	2001.17	5818.99	0.274982	1.00371
tau[3]	1.4141	0.00243081	0.152663	0.149971	1.17586	1.40651	1.67767	3979.14	7808.22	0.546774	1.00226
tau[4]	0.903782	0.00136665	0.0917079	0.0899483	0.762004	0.899363	1.06218	4582.0	9758.68	0.629613	1.00094
natural[1,1]	0.361849	0.00244828	0.208885	0.219291	0.080126	0.325038	0.760495	6983.25	9258.98	0.95957	1.00114
natural[1,2]	0.102032	0.000732346	0.0890249	0.0535763	0.0200621	0.0765815	0.272938	13429.2	11222.8	1.84532	1.00026
natural[1,3]	2.55201	0.0113961	1.30302	1.35888	0.612293	2.45564	4.83468	13830.7	11399.3	1.90048	1.00057
natural[1,4]	1.28998	0.00550086	0.744137	0.753108	0.2144	1.22142	2.62552	20584.1	12136.6	2.82847	1.00031
natural[2,1]	0.107224	0.00139852	0.102809	0.0587106	0.0174901	0.0765149	0.305895	5961.64	9285.19	0.819191	1.00044
natural[2,2]	0.38799	0.0018767	0.234378	0.205844	0.11093	0.337727	0.842552	13028.4	11464.9	1.79023	1.0001
natural[2,3]	2.89173	0.00830852	0.945706	0.916747	1.53772	2.78777	4.59236	14252.7	11329.4	1.95846	0.999929
natural[2,4]	0.882688	0.00487744	0.518128	0.435334	0.279398	0.761542	1.9005	15297.3	10112.4	2.10201	1.00099
natural[3,1]	0.202912	0.00142879	0.141965	0.118857	0.0394073	0.170541	0.483089	10286.2	10083.5	1.41343	1.00066
natural[3,2]	0.291421	0.00176323	0.196361	0.1658	0.0681121	0.244203	0.669374	10344.0	11325.7	1.42136	1.00028
natural[3,3]	2.25724	0.00993905	1.00295	0.93223	0.932274	2.08175	4.16678	11868.0	10776.5	1.63078	1.00026
natural[3,4]	0.538096	0.00607499	0.596584	0.467656	-0.167021	0.388555	1.72064	12845.5	10074.9	1.76511	1.00025
natural[4,1]	0.308712	0.00227439	0.197509	0.2029	0.0550653	0.270014	0.691995	7086.28	11420.3	0.973727	1.00048
natural[4,2]	0.129581	0.00069158	0.0906242	0.0677205	0.0324348	0.106781	0.30554	13918.6	10559.0	1.91256	1.00013
natural[4,3]	2.70008	0.00919932	1.1446	1.14642	1.08126	2.56937	4.78857	17327.3	11491.2	2.38095	0.999919
natural[4,4]	1.05202	0.00554421	0.730453	0.734271	0.0119105	0.971404	2.3666	19749.0	11620.5	2.71372	1.00027
natural[5,1]	0.360634	0.00267549	0.216148	0.230145	0.0699311	0.325156	0.767698	6179.11	9329.86	0.849073	1.00133
natural[5,2]	0.0764393	0.000428595	0.0587214	0.0429883	0.0155029	0.0605036	0.191502	16570.5	11728.9	2.27695	1.00052
natural[5,3]	2.59428	0.0106401	1.3177	1.35672	0.667505	2.48394	4.93957	17057.7	11389.1	2.34391	1.00038
natural[5,4]	0.997802	0.00642794	0.856922	0.868517	-0.269916	0.931512	2.50396	19510.8	11724.8	2.68098	1.00051
natural[6,1]	0.126251	0.000528179	0.0604333	0.0582467	0.0410267	0.119607	0.2341	12581.2	9934.74	1.72878	1.00032
natural[6,2]	1.73752	0.00746434	0.88148	0.786531	0.615445	1.58699	3.42952	10743.6	9167.67	1.47628	1.00011
natural[6,3]	0.26029	0.00158974	0.154231	0.112102	-0.0112758	0.286297	0.444985	12028.2	10439.5	1.6528	1.0001
natural[6,4]	-0.158264	0.00236979	0.23493	0.190954	-0.615312	-0.104003	0.11372	12514.2	9907.03	1.71957	1.00013
natural[7,1]	0.288105	0.0024278	0.200269	0.183195	0.0512778	0.23893	0.696167	6666.1	10164.7	0.915991	1.00082
natural[7,2]	0.150215	0.00142116	0.146746	0.0909503	0.0192474	0.101817	0.439826	9191.56	10872.9	1.26301	1.0001
natural[7,3]	1.94299	0.0131985	1.30202	1.27166	0.343254	1.67354	4.4006	11387.6	10792.0	1.56477	1.00028
natural[7,4]	0.615347	0.0076968	0.81868	0.734176	-0.44798	0.433356	2.17909	13197.6	11098.6	1.81349	1.00039
natural[8,1]	0.105698	0.00087264	0.0839627	0.0593682	0.0209645	0.0842706	0.262637	11172.0	10105.2	1.53514	1.00006
natural[8,2]	0.690701	0.00463806	0.468739	0.372083	0.158143	0.580244	1.60536	7809.7	7570.85	1.07313	1.00019
natural[8,3]	1.24875	0.00857171	0.691854	0.556608	0.465638	1.08919	2.58593	8622.02	7109.68	1.18475	1.00003
natural[8,4]	0.0715139	0.00338139	0.316242	0.199384	-0.351286	0.0583866	0.550391	13070.4	6287.83	1.79601	1.0004
natural[9,1]	0.390174	0.00227015	0.199915	0.214831	0.0948374	0.371817	0.751869	7554.06	8720.72	1.038	1.00015
natural[9,2]	0.230406	0.00222574	0.17182	0.169929	0.0205221	0.199708	0.555065	4738.31	7070.33	0.651092	1.00021
natural[9,3]	0.591723	0.0188476	1.19068	0.593583	-0.621838	0.248255	3.2812	5594.38	5512.34	0.768725	1.00014
natural[9,4]	0.472007	0.00781594	0.618972	0.424249	-0.344197	0.382485	1.70465	8347.45	5935.69	1.14702	1.00002
natural[10,1]	0.281949	0.00191984	0.174941	0.167076	0.0620725	0.246741	0.632401	7295.11	9069.5	1.00242	1.00058
natural[10,2]	0.198724	0.000807605	0.111591	0.0891854	0.0701356	0.174828	0.416708	15835.8	11148.9	2.176	1.00004
natural[10,3]	2.97906	0.00856355	1.10176	1.11799	1.3588	2.88259	4.93771	18184.3	11705.7	2.49871	1.00015
natural[10,4]	1.54028	0.00457768	0.628671	0.621448	0.630915	1.46939	2.68763	21887.3	11177.5	3.00753	1.00006
natural[11,1]	0.187275	0.00145544	0.139534	0.120886	0.0293646	0.151305	0.465096	7185.42	9961.09	0.98735	1.00043
natural[11,2]	0.290841	0.00133835	0.167459	0.148463	0.088878	0.255253	0.618809	13849.8	11226.0	1.90311	1.00007
natural[11,3]	2.87358	0.00861084	0.959104	0.92669	1.50743	2.75924	4.59661	14139.2	11196.7	1.94287	1.00017
natural[11,4]	0.821312	0.00526297	0.564486	0.495748	0.118599	0.700941	1.89872	15019.0	10116.6	2.06377	1.00061
natural[12,1]	0.0870539	0.000678505	0.0690406	0.0493798	0.0159565	0.0711002	0.208827	10705.3	9748.79	1.47102	1.0009
natural[12,2]	1.04525	0.00481366	0.527736	0.502771	0.325348	0.973408	2.01168	9844.64	7332.65	1.35275	0.99999
natural[12,3]	1.89633	0.0066292	0.687825	0.667012	0.926162	1.8175	3.14107	12817.1	10092.2	1.7612	1.00004
natural[12,4]	0.241121	0.0024875	0.205313	0.116103	0.00326878	0.216837	0.543269	12593.9	6813.01	1.73053	1.00001
natural[13,1]	0.230061	0.001754	0.155194	0.137225	0.0457542	0.194529	0.53956	6572.84	8140.71	0.903176	1.00022
natural[13,2]	0.288176	0.00111724	0.15183	0.126318	0.109009	0.255604	0.579965	16661.6	11589.4	2.28947	1.00023
natural[13,3]	2.93002	0.00847151	1.0653	1.07693	1.33699	2.84305	4.82844	17302.5	13337.6	2.37753	1.00022
natural[13,4]	1.47073	0.00448573	0.596844	0.595418	0.628774	1.39884	2.55607	20671.7	11913.7	2.8405	1.00012
natural[14,1]	0.161705	0.00134782	0.123909	0.0933966	0.0306693	0.130175	0.405234	8341.52	9590.16	1.14621	1.00043
natural[14,2]	0.339861	0.00179329	0.186212	0.176777	0.0886075	0.31152	0.685173	8772.24	7783.96	1.2054	0.999994
natural[14,3]	1.91461	0.00925192	0.849813	0.733974	0.840887	1.75638	3.52444	10918.0	7858.94	1.50024	0.999991
natural[14,4]	0.216544	0.00558829	0.497375	0.338001	-0.393851	0.128232	1.18978	11130.0	7488.69	1.52938	1.00018
natural[15,1]	0.264834	0.00213961	0.179649	0.172007	0.043173	0.22538	0.622006	6200.37	9596.01	0.851994	1.00028
natural[15,2]	0.262724	0.000884219	0.115611	0.102335	0.111558	0.244216	0.476645	16146.1	8881.24	2.21864	1.00037
natural[15,3]	3.7295	0.00752734	1.01552	1.01894	2.20808	3.65336	5.52469	19428.5	12151.4	2.66968	1.00082
natural[15,4]	1.7987	0.00419781	0.594487	0.594813	0.919005	1.74519	2.85766	22183.2	11219.9	3.0482	1.00093
natural[16,1]	0.204218	0.00211032	0.154688	0.129241	0.0342521	0.162386	0.522891	4762.93	10008.4	0.654475	1.00072
natural[16,2]	0.27164	0.000931654	0.120165	0.109264	0.115019	0.250509	0.499835	15599.0	10471.5	2.14346	1.00033
natural[16,3]	3.78481	0.0079986	1.03051	1.01728	2.21511	3.71276	5.59079	17465.0	12341.5	2.39986	1.00046
natural[16,4]	1.81408	0.00433337	0.614484	0.607452	0.906166	1.75592	2.90417	22666.7	12020.8	3.11464	1.00004
natural[17,1]	0.225695	0.00219173	0.159434	0.143981	0.0380926	0.187891	0.545957	4496.3	8334.32	0.617838	1.0013
natural[17,2]	0.307756	0.000964959	0.123399	0.115136	0.142032	0.288933	0.537306	15614.3	9389.1	2.14556	0.999952
natural[17,3]	3.97365	0.00749308	1.01465	1.01562	2.41343	3.92498	5.73084	19038.2	11910.7	2.61604	1.00014
natural[17,4]	2.06596	0.00417724	0.599059	0.590931	1.15684	2.02092	3.10269	22665.3	11591.7	3.11444	1.00031
natural[18,1]	0.116146	0.000836766	0.082746	0.0692766	0.0214631	0.0963076	0.27837	9929.88	10972.9	1.36447	1.00095
natural[18,2]	0.889184	0.00316858	0.380765	0.35029	0.37217	0.830323	1.59599	12219.7	9540.27	1.67911	1.00023
natural[18,3]	0.723171	0.00298537	0.30831	0.248803	0.360919	0.66229	1.30374	14549.7	10131.9	1.99928	1.00007
natural[18,4]	-0.362311	0.00240516	0.294841	0.279662	-0.899002	-0.329273	0.0433285	17585.9	13028.6	2.41648	1.00023
natural[19,1]	0.0483526	0.000318869	0.0364295	0.0288986	0.00857702	0.0393286	0.118254	12300.7	11262.3	1.69024	1.00011
natural[19,2]	1.92086	0.0057789	0.822442	0.739424	0.847543	1.78517	3.44118	18680.3	12176.5	2.56686	1.00022
natural[19,3]	1.47056	0.00499485	0.582932	0.570408	0.657073	1.39456	2.54569	16021.3	10767.3	2.20149	1.00039
natural[19,4]	-0.0819073	0.00148006	0.175041	0.151248	-0.416725	-0.0482093	0.134386	16958.7	12282.2	2.3303	1.0001
natural[20,1]	0.0794496	0.000536241	0.0620623	0.0478031	0.0132434	0.0632811	0.200736	12591.0	10008.0	1.73013	1.00025
natural[20,2]	1.22565	0.00382863	0.505426	0.477026	0.538147	1.15391	2.15191	16200.0	10976.9	2.22605	1.00003
natural[20,3]	1.60894	0.00494831	0.579271	0.570807	0.797582	1.53996	2.68094	15484.2	10397.2	2.12769	1.00038
natural[20,4]	-0.0288695	0.00140199	0.180395	0.15621	-0.366909	0.00180683	0.200888	18318.8	13281.5	2.51719	0.999977
natural[21,1]	0.0949302	0.000543503	0.0642915	0.0557695	0.0188127	0.080473	0.221459	13758.4	11258.9	1.89055	1.00065
natural[21,2]	1.45609	0.00532529	0.698938	0.59711	0.585757	1.32226	2.79178	15779.7	11339.6	2.16829	1.00001
natural[21,3]	0.161976	0.00140273	0.157452	0.119042	-0.121702	0.188511	0.360786	14382.4	11351.8	1.97629	1.00033
natural[21,4]	-0.435826	0.00260945	0.324258	0.313545	-1.03166	-0.389805	0.00508969	17779.0	12178.4	2.44301	1.00011
natural[22,1]	0.195517	0.00283725	0.166783	0.126689	0.0241848	0.141912	0.547794	3049.39	7807.4	0.419017	1.00111
natural[22,2]	0.293509	0.00105216	0.123313	0.113491	0.130904	0.273049	0.523708	13845.1	10166.7	1.90245	0.999972
natural[22,3]	4.06284	0.008019	1.03381	1.02144	2.50223	3.98746	5.87861	17254.4	11956.0	2.37094	1.00023
natural[22,4]	2.06566	0.00460794	0.610664	0.598396	1.15037	2.0166	3.13272	19323.1	11526.8	2.6552	1.00029
natural[23,1]	0.268387	0.00160453	0.171635	0.154975	0.0587953	0.228622	0.611151	11194.8	9988.9	1.53828	1.00053
natural[23,2]	0.216709	0.00116229	0.142179	0.116865	0.0564774	0.181535	0.494566	12608.3	10274.0	1.73251	1.00029
natural[23,3]	2.50358	0.00944443	1.03133	0.99741	1.0991	2.35414	4.43449	13804.5	10852.3	1.89688	1.00062
natural[23,4]	0.800075	0.00570032	0.631907	0.578605	-0.0237202	0.682803	2.02046	15492.7	10494.9	2.12885	1.00006
natural[24,1]	0.0929102	0.00107051	0.0743113	0.0521075	0.0180297	0.0745745	0.227295	6381.9	6121.08	0.876938	1.00078
natural[24,2]	1.62106	0.0153355	1.27431	0.955003	0.277731	1.33683	3.92451	4218.09	3816.79	0.579608	1.00036
natural[24,3]	0.172702	0.0053858	0.269074	0.0892354	-0.110059	0.181815	0.363014	11428.2	5084.73	1.57036	1.00009
natural[24,4]	0.0890565	0.0033499	0.246886	0.135519	-0.379602	0.152272	0.303575	8099.37	6825.36	1.11294	1.00042
natural[25,1]	0.376751	0.00150951	0.169747	0.164413	0.132793	0.355229	0.696631	12337.4	10057.7	1.69529	1.00009
natural[25,2]	0.33393	0.00426701	0.32961	0.208098	0.0378435	0.213242	1.02906	5132.93	10812.5	0.705317	1.00093
natural[25,3]	1.57202	0.016586	1.19275	0.974932	0.333443	1.18878	3.99554	5791.04	8888.63	0.795748	1.00067
natural[25,4]	0.74482	0.00769996	0.641081	0.473368	0.0255084	0.556094	2.05049	8707.22	8982.21	1.19646	1.00024
natural[26,1]	0.290128	0.00186474	0.177082	0.181298	0.0543903	0.260998	0.623004	7445.66	8568.97	1.02311	1.00043
natural[26,2]	0.192428	0.0007415	0.0980014	0.0870441	0.0690179	0.174952	0.382461	15592.2	10857.3	2.14252	1.00001
natural[26,3]	3.27494	0.00783928	1.01189	0.988512	1.7987	3.18025	5.06641	18342.3	12095.4	2.52042	1.00001
natural[26,4]	1.25024	0.00467044	0.622178	0.59205	0.373963	1.17501	2.3838	20861.8	11628.3	2.86663	0.99992
natural[27,1]	0.149388	0.00175706	0.118791	0.0820034	0.0291897	0.117452	0.377675	5620.75	5263.68	0.772348	1.00024
natural[27,2]	1.00715	0.0106305	0.784805	0.660337	0.105996	0.822185	2.5322	3622.06	3476.6	0.497708	1.00078
natural[27,3]	0.470283	0.0111983	0.569213	0.159325	0.0638028	0.333647	1.34902	6118.48	3112.87	0.840741	1.00094
natural[27,4]	0.0913238	0.00491441	0.345814	0.171094	-0.383005	0.101418	0.46752	10030.6	3575.31	1.37831	1.00076
natural[28,1]	0.244882	0.00251806	0.196591	0.160302	0.0341593	0.183339	0.658063	6158.96	10131.4	0.846303	1.0004
natural[28,2]	0.1409	0.00117434	0.11596	0.0933977	0.020283	0.10733	0.370514	8327.92	11692.3	1.14434	1.00002
natural[28,3]	2.10934	0.0130986	1.2199	1.15804	0.585763	1.85844	4.47999	10318.5	10100.4	1.41787	1.00026
natural[28,4]	0.477843	0.00911907	0.847934	0.778611	-0.620143	0.297216	2.0943	10385.9	10572.5	1.42713	1.00019
natural[29,1]	0.27702	0.00221488	0.172695	0.178835	0.0455453	0.252172	0.598053	5220.6	7218.13	0.717363	1.00047
natural[29,2]	0.305668	0.000910532	0.119136	0.11237	0.144305	0.28749	0.527787	16613.7	9788.31	2.28289	1.0002
natural[29,3]	3.973	0.00805856	1.03005	1.02021	2.38114	3.91049	5.76107	17220.6	10812.4	2.36628	1.00015
natural[29,4]	2.14179	0.00416401	0.587296	0.582208	1.26007	2.09922	3.19143	21879.8	11082.4	3.00651	1.00009
natural[30,1]	0.30895	0.00210797	0.200014	0.191558	0.0614143	0.265062	0.71271	8664.16	9948.61	1.19054	1.00021
natural[30,2]	0.173226	0.00153899	0.15719	0.109204	0.0232575	0.123158	0.489091	8672.43	10806.1	1.19168	1.00021
natural[30,3]	1.75039	0.013435	1.24546	1.12434	0.298872	1.43053	4.20647	10588.3	10109.6	1.45494	1.00028
natural[30,4]	0.559284	0.00766968	0.757437	0.639558	-0.39771	0.378643	2.04165	11663.6	10043.6	1.6027	1.0001
natural[31,1]	0.0640146	0.000427762	0.0496715	0.0412726	0.00980579	0.0506758	0.16343	12431.3	11247.8	1.70819	1.00062
natural[31,2]	3.39683	0.0164907	2.09868	1.39374	1.29534	2.8892	7.16342	19061.4	12661.8	2.61923	1.00006
natural[31,3]	1.35766	0.00526494	0.585415	0.573661	0.572672	1.26376	2.43434	14609.1	11261.6	2.00744	1.00012
natural[31,4]	0.0309589	0.00138108	0.162652	0.13716	-0.277844	0.0667627	0.221598	16247.3	12773.6	2.23255	1.00028
natural[32,1]	0.259203	0.00219041	0.163819	0.166159	0.0445121	0.23354	0.570631	4951.44	8985.47	0.680378	1.00044
natural[32,2]	0.31894	0.000995139	0.124388	0.116626	0.15114	0.300718	0.551641	15485.8	10405.2	2.1279	1.00005
natural[32,3]	3.95224	0.00764842	1.04282	1.01513	2.35164	3.888	5.76078	19511.5	11275.9	2.68108	1.0001
natural[32,4]	2.11095	0.00413354	0.591826	0.588028	1.2255	2.06524	3.15312	22521.5	11785.4	3.09468	1.00011
natural[33,1]	0.0890414	0.000529409	0.056869	0.0489549	0.0205297	0.0773274	0.196265	11136.3	10710.0	1.53024	1.00059
natural[33,2]	0.830744	0.00309775	0.37032	0.343376	0.340418	0.772071	1.5153	12190.2	10600.7	1.67506	1.00026
natural[33,3]	0.794882	0.00315804	0.325175	0.267107	0.404641	0.725092	1.41882	13749.6	9934.76	1.88934	1.00021
natural[33,4]	-0.326813	0.00210481	0.274501	0.260824	-0.833631	-0.290178	0.048305	18963.9	13168.3	2.60583	1.00009
natural[34,1]	0.0890536	0.000420272	0.0455172	0.040353	0.02966	0.0815866	0.173605	11980.7	10207.1	1.64627	1.00035
natural[34,2]	3.51558	0.0248693	2.57851	1.87433	0.842094	2.87091	8.33515	7932.5	7906.33	1.09001	1.00049
natural[34,3]	0.267427	0.000912286	0.0992733	0.0574772	0.10559	0.28441	0.373065	14660.4	10819.5	2.01449	1.00045
natural[34,4]	0.073986	0.00182227	0.158546	0.0984269	-0.235978	0.121206	0.220239	9915.29	8222.41	1.36246	1.00035
natural[35,1]	0.102049	0.000777985	0.0723592	0.0586879	0.0209835	0.0854804	0.236481	8199.27	10274.5	1.12666	1.00018
natural[35,2]	0.553613	0.00195819	0.248311	0.230072	0.220526	0.514798	1.01614	13379.5	9549.81	1.83848	0.99983
natural[35,3]	-0.0152059	0.00276034	0.317484	0.253586	-0.600736	0.0314337	0.388422	15083.7	10300.8	2.07265	0.999982
natural[35,4]	-0.751407	0.00315012	0.406153	0.395449	-1.47217	-0.709547	-0.160718	18076.3	11884.0	2.48387	1.00048
natural[36,1]	0.351501	0.00203229	0.193613	0.20282	0.0839325	0.323525	0.713183	8218.3	9979.59	1.12928	1.00044
natural[36,2]	0.125044	0.000704692	0.094972	0.0651902	0.0285876	0.0986416	0.305772	15254.4	10214.8	2.09612	0.999983
natural[36,3]	2.59618	0.0100368	1.20528	1.24348	0.895513	2.45288	4.78406	16111.0	10980.9	2.21381	1.00021
natural[36,4]	1.225	0.00538381	0.710282	0.695438	0.212348	1.14365	2.51537	20512.2	11089.3	2.81858	1.00041
natural[37,1]	0.214424	0.00166422	0.132339	0.118464	0.0485633	0.1886	0.470059	5441.09	7082.66	0.747661	1.00086
natural[37,2]	0.362468	0.00112859	0.147424	0.136318	0.16399	0.339563	0.638579	16944.4	10612.9	2.32834	1.00038
natural[37,3]	3.88288	0.00779443	1.02176	0.991084	2.33148	3.80713	5.68772	18375.8	11918.5	2.52502	1.00005
natural[37,4]	2.04168	0.00427624	0.57551	0.565934	1.18659	1.991	3.06285	20180.4	11066.8	2.773	1.00041
natural[38,1]	0.251015	0.00201476	0.174655	0.147951	0.0482549	0.206611	0.614212	6677.74	9531.21	0.917589	1.00133
natural[38,2]	0.184402	0.00141795	0.154236	0.108134	0.0331993	0.138805	0.485496	10041.3	11069.9	1.37978	1.00016
natural[38,3]	2.19568	0.0120938	1.16511	1.12098	0.723356	1.96768	4.44758	10857.1	10114.2	1.49187	0.999915
natural[38,4]	0.713201	0.00698721	0.71442	0.625335	-0.189475	0.556149	2.11143	13108.2	10143.9	1.8012	1.0001
natural[39,1]	0.26471	0.00263461	0.196382	0.150222	0.0525635	0.204055	0.695342	5750.29	9489.9	0.790148	1.00076
natural[39,2]	0.178376	0.00206022	0.166493	0.130964	0.0157714	0.128093	0.510091	5286.75	9280.3	0.726454	1.00048
natural[39,3]	1.30761	0.0182634	1.35254	0.932464	-0.12255	0.828669	4.14175	6924.93	9128.54	0.951556	1.00046
natural[39,4]	0.309443	0.0099531	0.830319	0.603746	-0.699354	0.0913023	1.98801	8665.23	9441.96	1.19069	1.00017
natural[40,1]	0.24682	0.00206058	0.174448	0.145153	0.0465889	0.201621	0.610904	7194.25	9816.14	0.988563	1.00176
natural[40,2]	0.166296	0.00121414	0.130058	0.106476	0.0257655	0.131189	0.424451	9273.65	10329.7	1.27429	1.00048
natural[40,3]	2.02181	0.0124438	1.14714	1.04498	0.63394	1.7691	4.26822	10379.4	9467.38	1.42624	1.00029
natural[40,4]	0.494103	0.00770028	0.748682	0.6315	-0.441038	0.321556	1.96859	11469.0	9653.02	1.57596	1.00067
natural[41,1]	0.336472	0.00186007	0.187608	0.195308	0.0790224	0.310191	0.69153	9272.91	9406.7	1.27419	1.00032
natural[41,2]	0.160372	0.000773608	0.0982564	0.0831433	0.044774	0.138998	0.349183	13842.5	10635.3	1.9021	1.00033
natural[41,3]	2.68497	0.00905947	1.05716	1.04964	1.20177	2.55086	4.5845	15924.0	10486.0	2.18812	1.00092
natural[41,4]	1.04507	0.00532453	0.65397	0.629424	0.144233	0.955674	2.24345	17909.0	11126.5	2.46088	1.00059
natural[42,1]	0.0440841	0.000274836	0.0315171	0.0264409	0.0080574	0.0367306	0.104644	11062.3	9771.56	1.52008	1.00016
natural[42,2]	2.99375	0.029541	2.19423	1.36159	0.935378	2.54455	6.38647	15562.1	10859.6	2.1384	1.00008
natural[42,3]	1.61408	0.00567291	0.648528	0.651133	0.690848	1.54144	2.78423	14759.9	10788.4	2.02816	1.00014
natural[42,4]	0.220299	0.000543952	0.0655507	0.045337	0.12238	0.220819	0.315563	15187.2	10676.9	2.08687	1.00041
natural[43,1]	0.356572	0.00302094	0.219749	0.230941	0.0651293	0.316953	0.772521	5023.94	9422.79	0.69034	1.0014
natural[43,2]	0.0648337	0.00030824	0.0429867	0.0348633	0.0154407	0.0554758	0.14591	15775.4	8623.16	2.1677	1.00001
natural[43,3]	3.1847	0.0103873	1.23827	1.22838	1.29124	3.10365	5.33916	15511.3	10865.7	2.1314	1.00032
natural[43,4]	1.44186	0.00564692	0.782321	0.778059	0.235632	1.39778	2.79107	20434.9	11839.7	2.80797	1.00004
natural[44,1]	0.0536999	0.000431379	0.0419128	0.0310492	0.00996003	0.0433684	0.130301	8179.95	9465.22	1.12401	1.00089
natural[44,2]	0.721391	0.00208884	0.272524	0.26405	0.337552	0.686793	1.21974	15857.1	12551.6	2.17893	1.00032
natural[44,3]	1.73119	0.00514934	0.584964	0.568895	0.900206	1.66019	2.79097	14420.4	10482.8	1.98151	1.00034
natural[44,4]	-0.289043	0.0020717	0.265434	0.247816	-0.768416	-0.259584	0.0823769	16741.1	12450.6	2.3004	1.00027
natural[45,1]	0.0551448	0.000368831	0.0399574	0.0317701	0.0108738	0.0456005	0.131486	11175.9	9549.53	1.53569	1.00088
natural[45,2]	1.53585	0.00630216	0.763743	0.657609	0.589597	1.3904	2.97432	12947.0	11736.4	1.77904	1.00006
natural[45,3]	0.490821	0.00175629	0.177047	0.133948	0.293387	0.450535	0.823281	13372.1	9925.52	1.83747	1.00003
natural[45,4]	-0.398871	0.00257296	0.305476	0.295544	-0.963372	-0.3575	0.0228351	15726.2	12513.1	2.16094	1.00013
natural[46,1]	0.275113	0.00205481	0.168265	0.152044	0.0637073	0.240633	0.609204	7192.29	8356.79	0.988294	1.00059
natural[46,2]	0.417115	0.00421998	0.32892	0.280851	0.0373705	0.339791	1.05994	4226.88	5050.84	0.580817	1.00043
natural[46,3]	0.573922	0.0147659	0.86229	0.329635	-0.217765	0.365556	2.42499	5688.86	4113.9	0.781707	1.00047
natural[46,4]	0.149176	0.00709372	0.513412	0.288167	-0.507361	0.10404	1.09731	8349.16	4706.75	1.14726	1.00059
natural[47,1]	0.253642	0.00215126	0.182474	0.142598	0.0505474	0.202922	0.643444	7580.97	10270.1	1.0417	1.00134
natural[47,2]	0.204615	0.00188893	0.172985	0.138889	0.0258147	0.158208	0.542236	6652.51	10462.2	0.914123	1.00019
natural[47,3]	1.60114	0.0142441	1.15284	0.903928	0.33947	1.26616	3.9441	8702.06	9039.29	1.19575	1.00011
natural[47,4]	0.402492	0.00815232	0.721377	0.524689	-0.482062	0.226292	1.84758	9934.99	9474.22	1.36517	1.00022
natural[48,1]	0.375053	0.00216832	0.196939	0.209593	0.0942189	0.352606	0.740605	7294.36	7481.95	1.00232	1.00064
natural[48,2]	0.136081	0.000570121	0.0732446	0.0617656	0.0473037	0.121042	0.27499	14388.8	11222.1	1.97717	0.999999
natural[48,3]	3.10948	0.00895508	1.12271	1.12211	1.42054	3.0165	5.09305	17300.1	11968.7	2.37721	1.00029
natural[48,4]	1.78329	0.00454659	0.648961	0.639317	0.8168	1.72944	2.92623	21790.8	12117.2	2.99428	1.00013
natural[49,1]	0.233068	0.00164714	0.137825	0.131441	0.0544086	0.208086	0.494717	6074.48	8908.36	0.834695	1.00065
natural[49,2]	0.328247	0.0011371	0.151041	0.131634	0.137275	0.300658	0.61622	16657.1	12337.1	2.28885	1.00002
natural[49,3]	3.03113	0.00817741	1.05008	1.06079	1.46759	2.94771	4.88585	18149.7	12312.9	2.49395	0.999997
natural[49,4]	1.74243	0.00412602	0.576223	0.566986	0.894744	1.68721	2.77923	22596.8	11631.0	3.10503	1.0002
natural[50,1]	0.287087	0.00230099	0.204648	0.181291	0.052437	0.231768	0.711143	7530.08	10787.0	1.03471	1.00149
natural[50,2]	0.162075	0.00157761	0.162848	0.0935319	0.0216587	0.106683	0.488583	9172.87	11301.0	1.26045	1.0005
natural[50,3]	1.98392	0.0132031	1.26428	1.23663	0.43944	1.72559	4.40736	10320.4	10848.7	1.41813	1.00056
natural[50,4]	0.712264	0.00715102	0.771054	0.68327	-0.26683	0.540191	2.19823	14044.9	11337.1	1.92991	1.00014
natural[51,1]	0.275858	0.00138716	0.147322	0.144282	0.0738911	0.253864	0.552844	10083.0	9488.58	1.38551	1.00022
natural[51,2]	0.436234	0.00150159	0.207248	0.187916	0.172544	0.39995	0.826071	17299.7	11823.1	2.37715	0.999856
natural[51,3]	3.01609	0.00778786	0.981262	0.963426	1.58213	2.92728	4.77714	17566.3	11617.8	2.41379	0.999965
natural[51,4]	1.3912	0.00421006	0.534403	0.520366	0.664544	1.31285	2.37891	19952.8	11537.5	2.74171	1.00053
natural[52,1]	0.0450189	0.000292225	0.033753	0.026518	0.00810608	0.0368246	0.107648	13298.8	12044.9	1.8274	1.00019
natural[52,2]	2.9276	0.0156749	1.95301	1.35972	0.880932	2.48738	6.45547	13451.7	9477.34	1.8484	1.00045
natural[52,3]	1.64516	0.00596504	0.666372	0.664335	0.692029	1.57428	2.86292	14158.3	11484.3	1.94549	1.00005
natural[52,4]	0.258756	0.00077008	0.0827655	0.045365	0.163913	0.249426	0.375573	15548.1	9906.24	2.13647	1.00082
natural[53,1]	0.262896	0.00176527	0.169429	0.16959	0.0443867	0.232285	0.587447	7684.82	9731.09	1.05597	1.00038
natural[53,2]	0.217971	0.000765531	0.102263	0.0920122	0.0850819	0.200125	0.411923	16210.7	10201.4	2.22751	1.00011
natural[53,3]	3.44389	0.00767656	0.993071	0.979319	1.97347	3.35679	5.20556	18577.2	11684.8	2.5527	1.00028
natural[53,4]	1.40612	0.00434565	0.594371	0.582512	0.556264	1.33679	2.49096	21854.9	11034.3	3.00309	1.00028
natural[54,1]	0.237947	0.00143187	0.133886	0.136667	0.054254	0.218919	0.483023	8400.81	9535.71	1.15436	1.00047
natural[54,2]	0.668734	0.0041192	0.377326	0.337072	0.181795	0.59994	1.3868	6730.7	6079.3	0.924867	1.00014
natural[54,3]	0.582725	0.00575024	0.426999	0.259482	0.163371	0.494071	1.2589	10291.3	6200.6	1.41414	0.999953
natural[54,4]	-0.154422	0.00307428	0.323438	0.261297	-0.695795	-0.127537	0.236667	14630.9	8031.69	2.01043	1.00018
natural[55,1]	0.216064	0.0017627	0.14995	0.12915	0.040614	0.181455	0.516462	5339.84	8236.54	0.733748	1.0008
natural[55,2]	0.267096	0.00089667	0.121949	0.110026	0.111167	0.245385	0.497752	17355.4	10129.9	2.3848	1.00024
natural[55,3]	3.5325	0.00777304	0.991319	0.973087	2.03099	3.44563	5.30099	17467.8	12129.8	2.40026	1.00053
natural[55,4]	1.57184	0.00417159	0.583578	0.581581	0.731588	1.5099	2.6253	22870.6	10809.2	3.14265	1.00022
natural[56,1]	0.25382	0.00167527	0.160832	0.145195	0.057113	0.218713	0.572654	8875.92	10386.8	1.21964	1.00043
natural[56,2]	0.201793	0.000960244	0.128876	0.0946106	0.0619118	0.169177	0.454418	15125.6	11128.1	2.07841	1.00023
natural[56,3]	2.78536	0.00901512	1.11773	1.14184	1.1514	2.6877	4.76772	16720.7	12427.6	2.29759	1.00033
natural[56,4]	1.31584	0.00482507	0.640054	0.641258	0.431251	1.23542	2.49095	21101.1	11186.9	2.89951	1.00007
natural[57,1]	0.133627	0.00140372	0.123912	0.0746095	0.0205382	0.0948402	0.384387	7875.99	9133.91	1.08224	1.00068
natural[57,2]	0.390082	0.00224041	0.235435	0.210307	0.0950174	0.347289	0.836105	9033.45	9421.2	1.24129	1.00022
natural[57,3]	1.96922	0.00886396	0.838491	0.748342	0.893264	1.81921	3.56776	10888.6	8822.06	1.49621	1.00033
natural[57,4]	0.292343	0.00496492	0.465744	0.30496	-0.268938	0.205964	1.2122	12235.2	7813.78	1.68124	1.00035
natural[58,1]	0.136232	0.00139151	0.123576	0.0756055	0.0226436	0.0994935	0.39349	8306.71	9198.94	1.14143	1.00073
natural[58,2]	0.463632	0.00300165	0.289505	0.273615	0.0831965	0.417179	1.00337	7530.52	7921.2	1.03477	1.00006
natural[58,3]	1.77806	0.00999452	0.860424	0.700713	0.75101	1.60083	3.43268	9894.84	7381.07	1.35965	1.00023
natural[58,4]	0.148191	0.00630509	0.514111	0.311631	-0.457375	0.0533137	1.18911	9117.4	6846.97	1.25282	1.00059
natural[59,1]	0.216533	0.00158692	0.148566	0.123942	0.0463491	0.17921	0.517593	8019.76	10049.0	1.102	1.00115
natural[59,2]	0.234091	0.000977294	0.131349	0.107292	0.0829202	0.205134	0.483147	16428.8	12391.0	2.25749	1.00022
natural[59,3]	2.97812	0.00864464	1.08759	1.09489	1.35969	2.88457	4.91885	17015.5	12220.4	2.33811	1.00054
natural[59,4]	1.3275	0.00482936	0.628476	0.619109	0.446525	1.25099	2.48812	20356.1	12017.2	2.79714	1.00011
natural[60,1]	0.256864	0.00180714	0.150912	0.135551	0.0673521	0.228105	0.551726	6068.76	8038.57	0.833909	1.00055
natural[60,2]	0.23742	0.000804046	0.110856	0.0973438	0.0965876	0.217378	0.446457	16899.1	11282.3	2.32211	1.0001
natural[60,3]	3.35523	0.00838298	1.05714	1.05724	1.76892	3.27522	5.21274	17905.4	10055.6	2.46038	1.00017
natural[60,4]	1.78489	0.00431827	0.594788	0.59601	0.90857	1.73807	2.83881	22160.6	10778.4	3.0451	1.00022
natural[61,1]	0.368739	0.00308548	0.228342	0.245949	0.0684973	0.327607	0.800544	5606.36	9900.21	0.770372	1.00188
natural[61,2]	0.0817587	0.000741793	0.0848479	0.0476035	0.00981583	0.0519392	0.247237	10544.7	11521.0	1.44895	1.00012
natural[61,3]	1.92876	0.01609	1.57651	1.72577	-0.223034	1.74302	4.73753	10529.7	10514.1	1.44689	1.00032
natural[61,4]	0.781613	0.00802558	0.93345	0.950297	-0.548138	0.666718	2.4458	14653.4	12029.4	2.01353	1.00051
natural[62,1]	0.32113	0.00279322	0.205135	0.197333	0.0653999	0.274557	0.732923	5495.25	9310.87	0.755104	1.00038
natural[62,2]	0.201963	0.00298918	0.219141	0.133257	0.0154191	0.123214	0.649612	4321.71	10064.7	0.593846	1.00029
natural[62,3]	1.28919	0.0202459	1.4351	1.04313	-0.207135	0.761591	4.1771	6072.43	9039.87	0.834413	1.00043
natural[62,4]	0.5631	0.0088411	0.784503	0.572536	-0.38219	0.3375	2.1426	9645.54	10519.4	1.3254	1.00056
natural[63,1]	0.273138	0.00217508	0.176394	0.163978	0.054999	0.232974	0.624113	6041.93	9895.05	0.830223	1.00112
natural[63,2]	0.14229	0.000563676	0.0747562	0.063923	0.0497139	0.128004	0.283418	14868.4	9572.21	2.04307	1.00034
natural[63,3]	3.36102	0.0089095	1.09621	1.0907	1.72633	3.27171	5.30247	16517.1	11215.2	2.26962	1.00028
natural[63,4]	1.53332	0.00465606	0.662507	0.660304	0.558358	1.47931	2.71428	23339.3	10979.8	3.20706	1.00013
natural[64,1]	0.154934	0.00148828	0.132575	0.091095	0.0251199	0.114685	0.43182	8528.49	9107.48	1.1719	1.00115
natural[64,2]	0.392099	0.00186601	0.195378	0.182279	0.116762	0.366611	0.754154	9073.48	7525.13	1.24679	1.00008
natural[64,3]	1.57632	0.00756258	0.686385	0.56994	0.738854	1.44696	2.84866	11075.7	8160.28	1.52191	1.00011
natural[64,4]	-0.0195838	0.00436425	0.419242	0.310096	-0.607649	-0.046552	0.687509	12182.1	7343.59	1.67395	1.00033
natural[65,1]	0.0724697	0.00039385	0.048899	0.0423774	0.0143739	0.0622068	0.16344	13644.4	10463.9	1.87488	1.00055
natural[65,2]	1.25438	0.00383401	0.538688	0.505172	0.531165	1.17343	2.24774	18238.4	11195.2	2.50615	1.00026
natural[65,3]	1.69507	0.00519977	0.592629	0.578114	0.860806	1.62807	2.79058	15058.9	10442.7	2.06925	1.00065
natural[65,4]	0.0749365	0.00111702	0.144048	0.122726	-0.1876	0.0962365	0.261459	17439.2	10778.4	2.39633	1.00004
natural[66,1]	0.136145	0.00142915	0.110167	0.0782758	0.0242616	0.10566	0.355289	5358.29	9017.52	0.736283	1.00018
natural[66,2]	1.0661	0.00830539	0.728046	0.673701	0.221166	0.903607	2.46965	6153.54	9668.09	0.845559	1.0001
natural[66,3]	1.39275	0.0143982	0.992027	0.721467	0.413268	1.04471	3.45311	5494.84	7492.05	0.755047	0.999989
natural[66,4]	1.14469	0.00572895	0.480978	0.404345	0.562797	1.04064	2.08592	8811.26	9237.36	1.21076	1.00009
natural[67,1]	0.208923	0.00145452	0.142405	0.117254	0.0460272	0.174408	0.500864	8319.72	8765.28	1.14321	1.00048
natural[67,2]	0.234656	0.000885519	0.121442	0.105698	0.0855826	0.210707	0.468288	17345.5	12133.5	2.38345	1.00015
natural[67,3]	3.22223	0.00779047	0.995805	0.961816	1.75896	3.13063	5.01147	18103.8	11106.1	2.48765	1.00046
natural[67,4]	1.19099	0.00466487	0.591163	0.575175	0.379559	1.10905	2.28713	19791.6	11177.7	2.71957	1.0003
natural[68,1]	0.172484	0.00167722	0.149826	0.10517	0.0240381	0.124381	0.490471	7835.78	10895.1	1.07672	1.00002
natural[68,2]	0.483481	0.00253236	0.263252	0.244981	0.142534	0.43643	0.987549	9154.55	9282.38	1.25793	1.00023
natural[68,3]	2.28505	0.00788182	0.803337	0.758887	1.17196	2.17751	3.73561	11832.1	10671.7	1.62586	1.00016
natural[68,4]	0.397273	0.00448526	0.411255	0.279047	-0.0880812	0.312459	1.18605	11080.6	7915.14	1.52259	1.00029
natural[69,1]	0.212071	0.00184992	0.14293	0.128109	0.0399172	0.180384	0.49767	5250.21	8817.52	0.721432	1.00069
natural[69,2]	0.4166	0.00128959	0.169476	0.159173	0.185641	0.391961	0.733715	17517.4	10411.1	2.40707	1.00036
natural[69,3]	3.67359	0.00794979	1.02684	1.03652	2.1156	3.60242	5.46847	17764.3	11831.9	2.441	1.00038
natural[69,4]	1.93516	0.00408027	0.576567	0.570608	1.07957	1.87945	2.96403	22209.5	10976.5	3.05181	1.00016
natural[70,1]	0.288524	0.00254835	0.20662	0.18761	0.0479901	0.231619	0.712346	5968.83	10577.0	0.820177	1.00128
natural[70,2]	0.123279	0.000908632	0.110949	0.0691613	0.0210408	0.0895456	0.337496	12203.7	10843.3	1.67691	1.00001
natural[70,3]	2.40323	0.0120809	1.25746	1.27258	0.710757	2.21523	4.74016	12287.1	10825.9	1.68837	1.00011
natural[70,4]	0.894829	0.00681584	0.794394	0.776641	-0.184929	0.767951	2.37753	16010.1	10327.7	2.19995	1.00004
natural[71,1]	0.219934	0.00171203	0.142026	0.123211	0.0499039	0.189275	0.502584	6097.42	10030.9	0.837848	1.00082
natural[71,2]	0.298081	0.000952199	0.127678	0.114662	0.130705	0.276621	0.537429	17499.5	10235.4	2.40461	1.00013
natural[71,3]	3.66753	0.00762364	1.01548	1.00632	2.11471	3.60042	5.4511	19053.2	12485.6	2.61811	1.00011
natural[71,4]	1.77133	0.00396332	0.59025	0.582425	0.899561	1.72079	2.81285	25314.6	12609.7	3.47849	1.00013
natural[72,1]	0.514803	0.00198487	0.201581	0.222665	0.167221	0.525455	0.831999	10689.7	8988.12	1.46887	1.00038
natural[72,2]	0.287821	0.00246122	0.202435	0.197838	0.0496265	0.243713	0.673082	5878.97	9275.71	0.80783	1.00159
natural[72,3]	1.56206	0.0145826	1.10012	0.842519	0.382816	1.20463	3.82173	6965.97	9304.8	0.957195	1.001
natural[72,4]	1.23036	0.00535272	0.545598	0.490437	0.511499	1.14779	2.25232	12735.1	9343.97	1.74993	1.00088
natural[73,1]	0.218594	0.00145498	0.147294	0.122198	0.0464405	0.183583	0.519529	10549.6	10886.7	1.44962	1.00078
natural[73,2]	0.268717	0.00164759	0.187645	0.143946	0.0672811	0.221452	0.640485	10720.9	10097.5	1.47316	1.00044
natural[73,3]	2.31623	0.01001	1.03767	1.01576	0.897086	2.16431	4.27157	12087.5	10507.0	1.66094	1.00063
natural[73,4]	0.826312	0.00542403	0.578124	0.493569	0.110467	0.703196	1.94138	15133.8	9953.91	2.07954	1.00053
natural[74,1]	0.348257	0.00157955	0.150574	0.153579	0.115859	0.337752	0.613186	9040.95	10468.4	1.24232	1.00079
natural[74,2]	0.775563	0.00411275	0.396637	0.364747	0.248628	0.714458	1.52362	8098.22	8785.57	1.11278	1.00023
natural[74,3]	1.73935	0.00850891	0.723388	0.663744	0.825542	1.60776	3.10989	8509.21	9891.68	1.16925	1.00016
natural[74,4]	0.718896	0.00339976	0.309456	0.232032	0.348818	0.663086	1.29047	12240.7	8340.3	1.682	1.00005
natural[75,1]	0.345397	0.00226117	0.197015	0.202867	0.0801001	0.313212	0.724317	6654.83	7831.38	0.914441	1.00136
natural[75,2]	0.0982269	0.000464424	0.0644526	0.0500522	0.0262562	0.0829125	0.22054	16475.1	10051.1	2.26384	1.00049
natural[75,3]	2.95859	0.00961228	1.21087	1.23295	1.14234	2.86742	5.10219	17158.1	11680.7	2.3577	1.00026
natural[75,4]	1.47743	0.00491217	0.705378	0.696613	0.410559	1.42204	2.70746	22232.1	11907.2	3.05491	0.999897
natural[76,1]	0.113719	0.000687123	0.0667036	0.052884	0.035038	0.100423	0.233492	10908.0	9766.58	1.49887	1.00031
natural[76,2]	1.31944	0.0101053	0.859453	0.693963	0.329332	1.12475	2.94349	5275.56	6069.93	0.724915	1.00098
natural[76,3]	0.372506	0.00278488	0.212998	0.105031	0.166054	0.335966	0.676046	11848.2	6342.04	1.62806	1.00049
natural[76,4]	0.0285388	0.00203361	0.213325	0.157104	-0.372525	0.0758164	0.255614	13357.6	10171.9	1.83548	1.00006
natural[77,1]	0.17121	0.0016172	0.125424	0.106036	0.0289073	0.140347	0.421849	4931.17	8508.12	0.677593	1.0006
natural[77,2]	0.424472	0.00130744	0.177135	0.165706	0.187892	0.398296	0.750782	17384.9	10672.6	2.38886	1.00015
natural[77,3]	3.69776	0.00749817	0.999178	0.994681	2.16819	3.6295	5.4251	18547.5	13528.3	2.54862	1.00113
natural[77,4]	1.86566	0.00408964	0.582478	0.583357	0.995713	1.81948	2.89773	22992.1	11280.2	3.15935	1.00035
natural[78,1]	0.277736	0.00203255	0.165879	0.158942	0.0632889	0.24746	0.60213	5886.29	8080.16	0.808836	1.00065
natural[78,2]	0.24034	0.000802979	0.103675	0.0935357	0.105099	0.223573	0.436498	15701.8	11229.8	2.15759	1.0002
natural[78,3]	3.46102	0.0081541	1.07043	1.0774	1.82829	3.39705	5.32393	18454.8	12212.4	2.53588	1.00018
natural[78,4]	1.96522	0.00432153	0.609684	0.60147	1.05273	1.91523	3.04499	21707.8	11752.9	2.98287	1.00024
natural[79,1]	0.237645	0.00140406	0.14954	0.132494	0.0550627	0.204684	0.535685	11221.1	10850.9	1.54189	1.00001
natural[79,2]	0.262737	0.00136517	0.170676	0.131992	0.0775319	0.21915	0.597184	13132.5	11301.2	1.80454	1.00012
natural[79,3]	2.51726	0.00960363	1.03797	1.02955	1.06552	2.37699	4.42926	13164.9	11051.7	1.809	1.00052
natural[79,4]	1.02185	0.00497165	0.593946	0.561089	0.248663	0.912955	2.14548	18646.5	10952.0	2.56222	0.999961
natural[80,1]	0.171183	0.00104657	0.107196	0.0920024	0.040497	0.148622	0.380581	10276.2	9742.15	1.41206	1.00007
natural[80,2]	0.897221	0.00457054	0.480836	0.454819	0.259235	0.822243	1.80828	9502.15	8603.5	1.30569	1.00054
natural[80,3]	1.97766	0.0080449	0.737588	0.690999	0.970501	1.87818	3.333	9765.18	8424.66	1.34184	1.0005
natural[80,4]	0.407478	0.00341689	0.295913	0.179982	0.0897581	0.340768	0.967979	11560.0	7422.09	1.58846	1.00069
natural[81,1]	0.396308	0.00207518	0.204848	0.224525	0.0987487	0.375254	0.767216	9058.31	11141.1	1.2447	1.00049
natural[81,2]	0.0905687	0.000518178	0.0703721	0.0486482	0.0194945	0.0714396	0.229419	15676.6	10238.3	2.15413	1.00008
natural[81,3]	2.5342	0.0102639	1.26846	1.30266	0.677283	2.41638	4.77608	17056.8	10270.5	2.34378	1.00021
natural[81,4]	1.18734	0.00542721	0.745636	0.739059	0.100608	1.10966	2.49731	21703.9	9928.92	2.98234	0.999977
natural[82,1]	0.284779	0.00196689	0.181336	0.168624	0.0612222	0.245722	0.647458	7555.65	9241.25	1.03822	1.00047
natural[82,2]	0.177197	0.000942895	0.118921	0.0871404	0.0502234	0.147467	0.403569	13791.6	9653.79	1.8951	1.00005
natural[82,3]	2.78324	0.00902136	1.1308	1.14099	1.13181	2.66176	4.80441	17451.6	11726.8	2.39803	0.999879
natural[82,4]	1.2834	0.00502917	0.67076	0.672327	0.339558	1.20381	2.51703	21000.7	11786.8	2.88572	0.999905
natural[83,1]	0.0332524	0.000260893	0.0290397	0.0210922	0.00425486	0.024606	0.0929646	11831.9	11423.2	1.62582	1.00016
natural[83,2]	6.17141	0.0408777	4.71576	2.61219	2.15022	4.89324	14.2659	21071.2	11468.7	2.8954	1.00004
natural[83,3]	1.09637	0.00485191	0.532644	0.492415	0.43585	0.986841	2.12611	14024.4	11767.5	1.9271	0.999986
natural[83,4]	-0.390989	0.00296534	0.357687	0.344623	-1.06522	-0.331879	0.0737802	16244.3	13109.9	2.23214	0.999982
natural[84,1]	0.372336	0.00229425	0.208558	0.217954	0.0831665	0.339809	0.768912	8077.29	9087.33	1.1099	1.00048
natural[84,2]	0.161134	0.00169368	0.165187	0.108029	0.0147364	0.104406	0.497162	7464.08	9716.2	1.02564	1.00027
natural[84,3]	1.33708	0.0181012	1.48668	1.23578	-0.414183	0.889506	4.24925	7960.02	9008.34	1.09379	1.00038
natural[84,4]	0.603367	0.00872795	0.813386	0.676414	-0.454081	0.419193	2.18443	10253.7	9264.2	1.40896	1.00024
natural[85,1]	0.0279821	0.000206716	0.0210343	0.0166776	0.00532423	0.0231614	0.0660743	9521.45	10559.6	1.30834	1.00001
natural[85,2]	3.04154	0.015673	1.90485	1.37188	1.00235	2.61418	6.44949	15023.3	10830.2	2.06435	1.00023
natural[85,3]	1.62436	0.00601921	0.66218	0.658087	0.672137	1.54813	2.82625	13071.2	11150.4	1.79611	1.00004
natural[85,4]	0.165947	0.000618765	0.0776341	0.0553915	0.0244019	0.182196	0.250695	17632.5	11972.2	2.42289	1.00026
natural[86,1]	0.151955	0.00207018	0.148537	0.0826224	0.0234304	0.103792	0.481018	6084.32	6388.5	0.836048	1.00134
natural[86,2]	0.355152	0.00305964	0.241705	0.221904	0.0445593	0.312861	0.806775	4909.05	6428.18	0.674553	1.00098
natural[86,3]	1.11212	0.014474	0.917271	0.530244	0.252001	0.839502	3.05781	6152.22	5025.16	0.845378	1.00041
natural[86,4]	-0.14092	0.00871223	0.617158	0.363118	-0.877658	-0.240972	1.12061	7526.02	5142.32	1.03415	1.00054
natural[87,1]	0.0258138	0.000155872	0.0195228	0.0152354	0.00462773	0.021188	0.0631072	14720.9	12011.1	2.0228	0.999969
natural[87,2]	3.52382	0.0181597	2.23116	1.50499	1.23964	2.98724	7.4967	18658.9	12984.9	2.56392	0.999964
natural[87,3]	0.287086	0.000462958	0.0548593	0.0413361	0.21276	0.282402	0.377706	14350.7	14531.4	1.97194	1.00005
natural[87,4]	-0.690889	0.00327852	0.401743	0.398747	-1.40528	-0.645416	-0.113089	16857.4	11272.1	2.31638	1.00024
natural[88,1]	0.307335	0.00208561	0.198743	0.206319	0.0543672	0.268589	0.689562	8319.72	11065.4	1.14321	1.00043
natural[88,2]	0.146966	0.000747775	0.102349	0.0723008	0.0413564	0.122185	0.336078	16977.6	10121.0	2.33289	1.00016
natural[88,3]	2.78205	0.00873996	1.15264	1.16414	1.08621	2.67266	4.83749	19176.1	11621.6	2.635	1.00057
natural[88,4]	1.21047	0.00495329	0.709943	0.7086	0.18369	1.1388	2.47415	23051.4	12070.3	3.16749	1.00052
natural[89,1]	0.0563226	0.000458522	0.0441982	0.0311575	0.0114609	0.0465559	0.13059	10103.6	10225.0	1.38833	1.00035
natural[89,2]	2.08814	0.013515	1.33691	1.08772	0.553841	1.82199	4.52842	7605.12	7638.37	1.04502	1.00035
natural[89,3]	0.303184	0.00162353	0.136697	0.0643132	0.174054	0.280906	0.495644	14172.3	9521.11	1.94742	1.00022
natural[89,4]	-0.15296	0.00294774	0.256243	0.211016	-0.647676	-0.0901672	0.137189	8758.83	9592.71	1.20355	1.00053
natural[90,1]	0.420216	0.00242005	0.219684	0.250617	0.0960194	0.402427	0.807766	7754.98	9005.33	1.06561	1.00022
natural[90,2]	0.102648	0.000833687	0.0956312	0.0587122	0.0158501	0.0720236	0.288075	11281.1	11060.1	1.55013	1.00027
natural[90,3]	2.02436	0.0141617	1.3946	1.45851	0.178858	1.82474	4.58681	11180.0	9676.83	1.53624	1.00047
natural[90,4]	0.953035	0.00692493	0.797035	0.777086	-0.141698	0.844404	2.43157	15092.3	10954.3	2.07383	0.999985
natural[91,1]	0.384552	0.00262837	0.208787	0.229072	0.0904958	0.358443	0.767518	5930.7	8811.54	0.814939	1.00138
natural[91,2]	0.0835721	0.000451821	0.0597132	0.0431927	0.0197089	0.0686231	0.196119	14938.9	10547.6	2.05276	1.00004
natural[91,3]	2.96503	0.00980399	1.23392	1.24914	1.0794	2.88037	5.14817	16803.5	11713.5	2.30897	1.00046
natural[91,4]	1.58247	0.00487135	0.709122	0.698559	0.513344	1.53671	2.82023	22503.1	11448.9	3.09216	1.00043
natural[92,1]	0.154129	0.0027189	0.160922	0.0797168	0.0211412	0.0965146	0.51661	4370.09	5556.98	0.600495	1.0019
natural[92,2]	0.537984	0.00567487	0.402668	0.356369	0.0430828	0.459454	1.31216	3506.0	3552.77	0.481761	1.00138
natural[92,3]	0.555876	0.0157068	0.826347	0.253585	-0.0816891	0.33336	2.32	5567.78	3130.85	0.765069	1.00213
natural[92,4]	-0.236231	0.00941821	0.573581	0.334004	-0.946314	-0.289143	0.843532	6308.6	3177.84	0.866866	1.00098
natural[93,1]	0.0806605	0.000612033	0.0648376	0.0470675	0.0139975	0.0640552	0.20578	11091.0	11026.6	1.52402	1.00051
natural[93,2]	0.973664	0.00390715	0.469419	0.436453	0.340767	0.90053	1.85244	12324.5	7867.4	1.69351	1.00042
natural[93,3]	1.90586	0.00621745	0.651505	0.627325	0.986471	1.83204	3.07824	13692.5	9905.33	1.88148	1.00039
natural[93,4]	0.16586	0.00185983	0.190147	0.12459	-0.096382	0.159609	0.432336	13630.0	7986.86	1.8729	1.0009
natural[94,1]	0.228815	0.00174209	0.150338	0.134536	0.0470933	0.195119	0.528245	7362.43	9327.79	1.01167	1.00011
natural[94,2]	0.447299	0.00292698	0.271719	0.243816	0.0958931	0.397422	0.961944	6229.14	4345.16	0.855948	1.00013
natural[94,3]	0.350999	0.00907378	0.562237	0.276043	-0.283523	0.295155	1.06563	8609.06	4133.94	1.18297	1.00032
natural[94,4]	-0.175467	0.00525379	0.419836	0.308566	-0.817255	-0.158577	0.34839	10267.4	4975.22	1.41085	1.00004
natural[95,1]	0.319914	0.00261702	0.209203	0.207757	0.0587804	0.272918	0.726279	5330.7	7929.31	0.732492	1.00097
natural[95,2]	0.105683	0.000698231	0.0842654	0.0558664	0.0230147	0.0840426	0.26249	12766.1	10606.1	1.75419	1.00015
natural[95,3]	2.81497	0.0104502	1.2343	1.27363	0.959692	2.71676	4.99514	14761.6	12176.6	2.02839	1.00007
natural[95,4]	1.38463	0.00526884	0.725362	0.728284	0.324818	1.32035	2.65695	21044.6	11283.4	2.89175	1.00002
natural[96,1]	0.187367	0.00113863	0.133555	0.110784	0.0338239	0.155083	0.450787	12856.3	11758.5	1.76658	1.00025
natural[96,2]	0.551613	0.00271181	0.300322	0.274663	0.17611	0.492751	1.12945	11139.2	10984.4	1.53063	1.00035
natural[96,3]	2.46453	0.00779387	0.841942	0.804915	1.27739	2.36718	3.99698	12945.7	10815.9	1.77887	1.00016
natural[96,4]	0.745546	0.00454224	0.429506	0.334843	0.265448	0.637728	1.60891	12776.3	8514.06	1.75559	1.00082
natural[97,1]	0.209307	0.00139089	0.134091	0.118339	0.0438235	0.182384	0.473311	8145.91	9197.59	1.11933	1.0002
natural[97,2]	0.541657	0.00171385	0.232825	0.217227	0.234636	0.505991	0.971113	18946.4	10625.7	2.60343	1.00028
natural[97,3]	3.40096	0.00737993	1.0089	1.00977	1.86731	3.335	5.16514	19868.3	11985.4	2.73011	1.00056
natural[97,4]	1.77282	0.00412252	0.569823	0.564455	0.937191	1.7212	2.78996	22126.3	10963.7	3.04038	1.00064
natural[98,1]	0.195075	0.00141401	0.144712	0.11482	0.0362011	0.157365	0.489819	11164.2	11407.3	1.53407	1.00048
natural[98,2]	0.557043	0.00518469	0.462624	0.350835	0.0903603	0.425755	1.49421	6390.81	9822.16	0.878162	1.00001
natural[98,3]	1.60912	0.0123387	0.96302	0.819273	0.531771	1.35857	3.55508	6756.67	8224.78	0.928435	0.999918
natural[98,4]	0.539958	0.00535819	0.46512	0.261887	0.0589039	0.409187	1.50804	11309.5	7365.59	1.55404	0.999989
natural[99,1]	0.148594	0.000861479	0.0997793	0.0935494	0.0274804	0.128455	0.335508	12535.2	10685.6	1.72246	1.00009
natural[99,2]	0.823191	0.00351638	0.426643	0.394813	0.273387	0.747648	1.6365	12361.7	10323.7	1.69862	1.00008
natural[99,3]	2.39163	0.00803335	0.877626	0.850677	1.1293	2.29822	3.96843	13303.5	10759.7	1.82804	1.00003
natural[99,4]	0.864171	0.00395102	0.400957	0.324278	0.409836	0.767276	1.65925	13754.9	9875.86	1.89006	0.999942
natural[100,1]	0.186587	0.00226612	0.148228	0.102021	0.0362056	0.144924	0.494751	5962.44	5582.39	0.8193	1.00149
natural[100,2]	0.371547	0.00272361	0.227519	0.208718	0.0584363	0.33659	0.796813	5093.38	3708.17	0.699882	1.00089
natural[100,3]	0.789394	0.0132757	0.738556	0.354918	0.110685	0.608916	2.16246	6911.7	3645.49	0.949738	1.00131
natural[100,4]	-0.264673	0.00853263	0.536369	0.350848	-0.955346	-0.308592	0.604692	7189.34	3436.37	0.987888	1.00059
natural[101,1]	0.126149	0.00158927	0.119563	0.0693954	0.0203324	0.0907999	0.353968	6692.18	7543.29	0.919574	1.00059
natural[101,2]	0.39061	0.00235669	0.219384	0.201709	0.0843186	0.359934	0.796847	6817.52	4715.83	0.936796	1.00033
natural[101,3]	0.608551	0.00893895	0.601449	0.310903	0.0160493	0.490376	1.57419	8243.18	4554.21	1.1327	1.00024
natural[101,4]	-0.439722	0.00586136	0.492642	0.372303	-1.15673	-0.449546	0.250925	10607.8	5055.39	1.45762	1.00028
natural[102,1]	0.33944	0.00228396	0.206994	0.216456	0.066981	0.301671	0.737682	8100.44	9253.22	1.11308	1.00064
natural[102,2]	0.095344	0.000465329	0.0634035	0.0498894	0.0238591	0.0803318	0.22036	15404.1	9566.91	2.11668	1.00013
natural[102,3]	2.89496	0.00913852	1.18887	1.19731	1.15948	2.78505	5.01771	18975.1	12093.1	2.60738	1.00007
natural[102,4]	1.21486	0.00541771	0.761578	0.777617	0.0961488	1.15114	2.57401	21759.9	11884.4	2.99004	1.00003
natural[103,1]	0.170903	0.00131098	0.126168	0.0981315	0.0336278	0.139139	0.422217	9631.08	10291.7	1.32341	1.00004
natural[103,2]	0.379955	0.00241104	0.242273	0.214881	0.0851373	0.332433	0.846783	7985.48	7822.95	1.09729	1.0
natural[103,3]	1.81597	0.0106966	0.907689	0.784301	0.703824	1.62178	3.59271	9156.7	8494.7	1.25822	1.00002
natural[103,4]	0.389785	0.00529814	0.479096	0.309039	-0.162169	0.279787	1.36895	11611.4	7988.08	1.59552	1.00009
natural[104,1]	0.288444	0.00122807	0.119892	0.11444	0.116197	0.276436	0.50106	9636.27	10030.7	1.32412	1.00005
natural[104,2]	0.845022	0.00487514	0.454829	0.434299	0.210601	0.789515	1.68139	6779.87	4536.33	0.931623	1.00011
natural[104,3]	0.224376	0.00778874	0.374137	0.155352	-0.144248	0.204765	0.556498	9736.59	4574.06	1.33791	0.99998
natural[104,4]	0.154341	0.00360533	0.263023	0.178224	-0.220708	0.153133	0.496101	13135.0	6887.23	1.80489	0.999968
natural[105,1]	0.205304	0.0017246	0.164861	0.13307	0.0286644	0.156552	0.549994	8326.85	10629.7	1.14419	1.00045
natural[105,2]	0.336603	0.00143492	0.183762	0.156675	0.116914	0.296797	0.68668	15006.3	11202.9	2.06202	0.999989
natural[105,3]	3.12016	0.00827649	0.991953	0.975311	1.68112	3.01629	4.90061	16118.4	10677.9	2.21484	1.00016
natural[105,4]	1.21201	0.0050605	0.583565	0.556331	0.437482	1.11919	2.31605	17889.1	9712.2	2.45814	1.00027
natural[106,1]	0.227733	0.00184901	0.166185	0.139979	0.0407972	0.183772	0.571218	7059.12	10027.8	0.969994	1.00128
natural[106,2]	0.16719	0.00082248	0.109917	0.0849349	0.046368	0.140018	0.382682	15080.2	11187.3	2.07218	1.0001
natural[106,3]	2.91393	0.00947001	1.09414	1.09382	1.33082	2.79927	4.8882	15024.0	10677.3	2.06446	1.0006
natural[106,4]	1.053	0.00547562	0.692128	0.686666	0.108846	0.955168	2.32109	19442.4	10691.5	2.67159	1.00034
natural[107,1]	0.136262	0.00147347	0.123514	0.0780391	0.0205193	0.0979505	0.394585	7600.6	9219.6	1.0444	1.00027
natural[107,2]	1.49219	0.0163567	1.28932	0.996231	0.197571	1.15916	3.91797	4026.2	6332.63	0.55324	1.00047
natural[107,3]	1.20239	0.0136075	0.823672	0.578262	0.410702	0.931643	2.87492	4291.97	5598.07	0.589761	1.00035
natural[107,4]	0.437566	0.004521	0.326098	0.125403	0.173806	0.334557	1.1054	8824.3	5505.65	1.21255	1.00016
natural[108,1]	0.329893	0.001878	0.194473	0.196867	0.07128	0.29523	0.702856	10207.1	8268.14	1.40256	1.00049
natural[108,2]	0.150926	0.00104933	0.123981	0.0843421	0.0294853	0.115925	0.393471	12008.7	11476.5	1.65012	1.00022
natural[108,3]	2.23313	0.0112052	1.20176	1.21499	0.620339	2.05976	4.45632	13194.1	11470.7	1.813	1.00086
natural[108,4]	0.879799	0.00604407	0.721537	0.669209	-0.0973014	0.757696	2.23155	17250.6	11038.7	2.37041	1.00018
natural[109,1]	0.220765	0.00180269	0.157198	0.133151	0.0417831	0.179887	0.53547	7526.83	10469.4	1.03426	1.00017
natural[109,2]	0.31929	0.00223112	0.205406	0.193682	0.0545264	0.285802	0.704421	6600.29	7554.41	0.906947	1.0
natural[109,3]	1.37639	0.01193	0.898587	0.645131	0.414272	1.13669	3.21199	8100.8	6182.13	1.11313	1.00007
natural[109,4]	-0.0515723	0.00773819	0.598778	0.377253	-0.761458	-0.170302	1.18242	8136.19	6432.51	1.118	1.00009
natural[110,1]	0.22581	0.00175284	0.161405	0.140386	0.0407217	0.184737	0.553467	7420.15	11100.5	1.0196	1.0009
natural[110,2]	0.215729	0.00115648	0.147584	0.11262	0.0572305	0.177908	0.506112	13661.0	11752.0	1.87716	1.00033
natural[110,3]	2.60532	0.00975869	1.09443	1.07887	1.07392	2.4593	4.60106	14328.8	11286.2	1.96892	1.00069
natural[110,4]	0.930535	0.00561891	0.659727	0.611996	0.0821585	0.806216	2.18158	17530.2	10193.5	2.40883	1.00025
natural[111,1]	0.167765	0.00133348	0.127021	0.105215	0.0257141	0.135839	0.420197	8515.29	11365.6	1.17009	1.00057
natural[111,2]	0.469946	0.00248048	0.2614	0.251202	0.131693	0.425905	0.959686	9505.22	9527.97	1.30611	1.00043
natural[111,3]	2.33525	0.00864423	0.851593	0.787431	1.17428	2.21529	3.8783	11359.4	10206.0	1.56089	1.00033
natural[111,4]	0.457917	0.00511249	0.454414	0.312744	-0.0581139	0.350065	1.3672	11074.7	7905.6	1.52177	1.00045
natural[112,1]	0.180934	0.00160812	0.13203	0.103588	0.0352648	0.14806	0.439982	8037.42	7844.53	1.10442	1.00024
natural[112,2]	0.575584	0.00370363	0.350766	0.305764	0.138402	0.507934	1.24522	6500.96	4820.81	0.893298	1.0005
natural[112,3]	0.156106	0.00699734	0.438729	0.21654	-0.39587	0.14851	0.632109	9231.53	4305.36	1.26851	1.00078
natural[112,4]	-0.331678	0.00463351	0.398059	0.320362	-0.988793	-0.29715	0.136173	11775.7	6481.64	1.6181	1.00036
natural[113,1]	0.364658	0.00232689	0.199842	0.217109	0.0822807	0.339702	0.73431	6744.6	8050.61	0.926777	1.00138
natural[113,2]	0.123414	0.000544178	0.070025	0.0575486	0.0394716	0.108291	0.258345	14246.0	9918.77	1.95755	1.00012
natural[113,3]	3.12094	0.00861465	1.13246	1.14153	1.40651	3.04112	5.10708	18582.5	11864.4	2.55342	1.00014
natural[113,4]	1.69677	0.00446283	0.655389	0.645215	0.706308	1.65328	2.854	23003.8	12462.9	3.16096	1.00015
natural[114,1]	0.111119	0.000488238	0.0581806	0.0512131	0.0362476	0.100838	0.219663	12859.2	10383.1	1.76698	1.00025
natural[114,2]	2.68783	0.0106981	1.38676	1.20489	0.941761	2.42966	5.30365	16162.4	11646.6	2.22087	1.00017
natural[114,3]	1.46059	0.00610766	0.616656	0.605191	0.621375	1.37887	2.59659	12367.9	9917.58	1.69948	1.00031
natural[114,4]	0.26606	0.00104083	0.108286	0.0665006	0.150117	0.247381	0.434432	14364.9	10755.5	1.97389	0.999989
natural[115,1]	0.242567	0.00152049	0.149543	0.13273	0.0583554	0.211796	0.540005	8365.13	8237.55	1.14945	1.00009
natural[115,2]	0.271663	0.000928831	0.122279	0.109708	0.116275	0.250134	0.499063	16197.1	11214.3	2.22564	0.999959
natural[115,3]	3.3934	0.00804507	1.04392	1.03226	1.82499	3.31515	5.2415	18231.8	12088.5	2.50524	1.00021
natural[115,4]	1.73603	0.00443995	0.598096	0.587462	0.861245	1.67933	2.80947	21185.2	10856.2	2.91107	1.00005
natural[116,1]	0.277764	0.00312484	0.217235	0.176302	0.042317	0.205961	0.737251	4814.59	9889.62	0.661574	1.00155
natural[116,2]	0.199797	0.00259044	0.19254	0.154143	0.0142747	0.1456	0.586555	4222.64	8597.07	0.580234	1.00066
natural[116,3]	0.976373	0.0214125	1.40211	0.78301	-0.455517	0.452382	3.95838	5484.77	8377.3	0.753664	1.00096
natural[116,4]	0.149713	0.0121558	0.862398	0.580741	-0.891553	-0.0710807	1.93409	6329.78	7725.53	0.869777	1.00067
natural[117,1]	0.035021	0.00030106	0.0324285	0.0215388	0.00432829	0.0249558	0.100563	12793.1	11586.7	1.7579	1.0
natural[117,2]	6.05388	0.0441904	5.04399	2.56111	2.02588	4.75521	14.2454	22391.7	11956.5	3.07685	0.999867
natural[117,3]	1.12661	0.00471168	0.532159	0.489382	0.471889	1.02086	2.15178	14984.6	11295.8	2.05904	0.999948
natural[117,4]	-0.380684	0.00294708	0.354501	0.341176	-1.04723	-0.318946	0.0758736	15957.5	12489.3	2.19272	1.00002
natural[118,1]	0.252537	0.00197656	0.179812	0.163897	0.0421765	0.206422	0.619755	8121.38	10121.3	1.11596	1.00073
natural[118,2]	0.196234	0.000905588	0.11922	0.0998816	0.0553117	0.169333	0.427102	14707.7	9962.21	2.02099	1.00013
natural[118,3]	2.69651	0.00833923	1.02369	0.988498	1.25337	2.5749	4.56683	17504.9	11842.4	2.40535	1.00041
natural[118,4]	0.942944	0.00521722	0.650259	0.624641	0.0336585	0.860578	2.13463	17870.6	10362.8	2.45561	1.00032
natural[119,1]	0.0984614	0.000959957	0.0777026	0.0562574	0.0181229	0.0791462	0.245939	5541.73	9162.93	0.76149	1.00055
natural[119,2]	0.709139	0.00233527	0.333598	0.309008	0.274748	0.651039	1.33011	19858.9	11190.7	2.72882	1.0002
natural[119,3]	3.31794	0.00843307	1.02689	1.01785	1.74421	3.24782	5.1264	15601.9	12178.8	2.14385	1.00068
natural[119,4]	1.57229	0.00446706	0.5541	0.540346	0.786357	1.50819	2.58814	18642.8	10507.2	2.56172	1.0004
natural[120,1]	0.422241	0.00197509	0.206407	0.230912	0.107667	0.40991	0.782821	10352.5	10204.8	1.42254	1.00012
natural[120,2]	0.15614	0.000934499	0.11983	0.0833692	0.0361564	0.122016	0.39314	12886.9	11152.0	1.77079	1.00022
natural[120,3]	2.33716	0.0103786	1.19741	1.25164	0.679567	2.1822	4.50578	15011.8	12720.7	2.06277	1.00011
natural[120,4]	1.28092	0.0051563	0.673926	0.65933	0.329726	1.20031	2.49141	19275.8	11650.8	2.6487	1.00009
natural[121,1]	0.141313	0.0011007	0.109191	0.0789257	0.0280288	0.112614	0.350446	10310.6	10663.3	1.41678	1.00021
natural[121,2]	0.565467	0.00404274	0.391125	0.326751	0.126857	0.473347	1.32066	7786.67	10020.3	1.06997	1.00033
natural[121,3]	1.77432	0.0105198	0.891088	0.817955	0.653686	1.61018	3.47496	8268.7	8681.5	1.1362	1.00007
natural[121,4]	0.503498	0.00452638	0.411054	0.249163	0.0622877	0.395802	1.33036	12403.8	8298.29	1.70441	1.00036
natural[122,1]	0.0355452	0.00026282	0.0290357	0.0211516	0.00616087	0.0281025	0.0909028	12141.3	11141.2	1.66834	1.00028
natural[122,2]	3.13993	0.0152301	1.90703	1.33486	1.1481	2.70135	6.53746	18025.7	12652.1	2.47691	1.00006
natural[122,3]	1.488	0.00533076	0.600437	0.576598	0.666053	1.40534	2.59806	14992.9	10538.7	2.06017	1.00056
natural[122,4]	0.00936346	0.00124922	0.147991	0.123477	-0.272356	0.0417801	0.182549	16128.9	13274.1	2.21628	1.00008
natural[123,1]	0.0412686	0.000246437	0.0282414	0.0241422	0.00815759	0.035021	0.0961369	11234.7	11087.0	1.54376	1.00012
natural[123,2]	2.17583	0.00646484	0.939484	0.835215	0.962094	2.01549	3.92747	19132.8	12042.3	2.62905	0.999832
natural[123,3]	1.45904	0.00519931	0.579979	0.556844	0.668628	1.37565	2.5389	15063.0	10178.4	2.06982	0.999951
natural[123,4]	-0.0990907	0.00157767	0.189157	0.163588	-0.459844	-0.0614017	0.131397	17242.1	13099.1	2.36924	1.00012
natural[124,1]	0.342969	0.00213562	0.199294	0.214607	0.0649944	0.316733	0.712193	7523.92	9621.46	1.03386	1.00043
natural[124,2]	0.153578	0.000529212	0.0701704	0.0639665	0.0617935	0.14252	0.284853	15247.8	9703.77	2.0952	1.00028
natural[124,3]	3.52961	0.00794587	1.07979	1.07333	1.89188	3.44713	5.44716	19923.8	11923.9	2.73774	1.0004
natural[124,4]	1.72145	0.00446601	0.658248	0.650761	0.726361	1.67307	2.88002	23421.0	11615.7	3.21828	1.00071
natural[125,1]	0.282944	0.00355589	0.231753	0.185115	0.0369664	0.202107	0.776376	4366.18	9169.53	0.599957	1.00106
natural[125,2]	0.148323	0.00188352	0.141613	0.118302	0.0103164	0.10622	0.415688	4684.97	10434.9	0.643762	1.0009
natural[125,3]	1.15683	0.0230431	1.58609	1.12649	-0.586988	0.584363	4.34812	5462.31	8664.7	0.750577	1.00083
natural[125,4]	0.180434	0.0135972	1.00046	0.758849	-1.02661	-0.113146	2.19915	6335.39	9163.02	0.870547	1.00079
natural[126,1]	0.246924	0.00219743	0.19286	0.160962	0.0371735	0.187646	0.650044	6857.52	11040.5	0.942293	1.00076
natural[126,2]	0.237518	0.00340025	0.293936	0.118246	0.0313413	0.138693	0.802998	6997.61	9742.16	0.961543	1.00005
natural[126,3]	2.17568	0.0139208	1.25344	1.28455	0.551663	1.96091	4.5583	8398.2	9755.73	1.154	1.00049
natural[126,4]	0.806643	0.00733614	0.726951	0.648272	-0.0932268	0.638453	2.21926	12426.7	10339.6	1.70755	1.00009
natural[127,1]	0.284515	0.00252471	0.188464	0.182255	0.0514126	0.241044	0.658386	4968.11	8779.76	0.682668	1.00096
natural[127,2]	0.160363	0.000576592	0.0754257	0.0664372	0.063375	0.146848	0.300682	15728.7	10651.0	2.16129	1.00008
natural[127,3]	3.57529	0.00769396	1.05967	1.05398	1.9735	3.50499	5.45473	20567.4	10949.3	2.82617	1.0002
natural[127,4]	1.72811	0.0043217	0.639817	0.638369	0.772159	1.68056	2.85623	24365.3	11380.5	3.34804	1.00055
natural[128,1]	0.318432	0.0029066	0.219637	0.211402	0.0544068	0.262628	0.759365	5710.97	9428.97	0.784746	1.00087
natural[128,2]	0.183795	0.00236327	0.19121	0.131254	0.0142088	0.122419	0.566963	5082.95	11684.8	0.698449	1.00023
natural[128,3]	1.13694	0.0192682	1.42571	0.935334	-0.379963	0.609328	4.08597	6792.55	9011.18	0.933365	1.00038
natural[128,4]	0.393161	0.009989	0.83311	0.604009	-0.630481	0.175676	2.10629	8617.76	9372.14	1.18417	1.00021
natural[129,1]	0.0570287	0.000380061	0.0406615	0.03199	0.0123578	0.0484365	0.128306	12598.4	11080.6	1.73114	1.00021
natural[129,2]	1.26829	0.00598877	0.653119	0.57919	0.455895	1.14655	2.51484	10096.8	11097.5	1.38741	1.00031
natural[129,3]	0.603422	0.00267854	0.253713	0.182869	0.332716	0.542748	1.08248	11870.2	9961.15	1.63108	0.999917
natural[129,4]	-0.279995	0.00224215	0.261901	0.239315	-0.767776	-0.235373	0.0585962	14813.0	12858.4	2.03546	1.00015
natural[130,1]	0.407201	0.00266425	0.214788	0.24008	0.0919193	0.38385	0.793192	6086.28	7697.82	0.836317	1.001
natural[130,2]	0.116505	0.0010018	0.106441	0.0608717	0.0211358	0.0819543	0.339041	9940.14	11147.1	1.36588	0.999925
natural[130,3]	2.44658	0.0135756	1.3979	1.48695	0.425664	2.3374	4.91195	10949.0	11919.7	1.5045	1.00019
natural[130,4]	1.57932	0.00511935	0.702314	0.677015	0.554203	1.51593	2.83978	20225.4	11639.3	2.77917	1.00062
natural[131,1]	0.1018	0.000916989	0.0821572	0.0571654	0.0197392	0.0801082	0.253924	8631.48	8653.07	1.18605	1.00083
natural[131,2]	0.67186	0.00338289	0.350409	0.303221	0.221024	0.609593	1.33105	8331.64	6531.64	1.14485	1.00047
natural[131,3]	0.805702	0.00627906	0.455367	0.318169	0.331947	0.700553	1.60571	9903.67	6422.28	1.36087	1.00008
natural[131,4]	-0.278087	0.00302534	0.306367	0.257217	-0.784449	-0.255979	0.110021	15347.8	7456.1	2.10895	0.999995
natural[132,1]	0.0439902	0.000309126	0.0340282	0.0251885	0.00858022	0.0358477	0.105206	12134.0	11239.6	1.66733	1.00007
natural[132,2]	3.08543	0.0162072	2.02014	1.46424	0.903157	2.62998	6.77106	15274.1	9258.02	2.09882	1.00024
natural[132,3]	1.62268	0.00569821	0.658521	0.65876	0.687302	1.54896	2.82025	14675.1	11654.2	2.01651	0.999915
natural[132,4]	0.262459	0.000599717	0.0738622	0.0415941	0.169196	0.258818	0.36045	16156.4	10727.0	2.22006	1.00002
natural[133,1]	0.111883	0.00127177	0.0843654	0.0592271	0.0242796	0.0925094	0.262485	6415.83	5144.98	0.881601	1.00047
natural[133,2]	2.65516	0.0201077	1.86608	1.43162	0.468686	2.27153	6.09916	5224.93	2429.71	0.717959	1.00049
natural[133,3]	0.417882	0.00943777	0.384361	0.0751035	0.2411	0.326706	0.801619	6348.35	2525.45	0.872329	1.0004
natural[133,4]	0.507156	0.00445904	0.237426	0.124547	0.311879	0.445032	0.907304	6864.94	3839.61	0.943313	1.00048
natural[134,1]	0.271241	0.00164316	0.135129	0.137997	0.077168	0.255632	0.513269	6761.77	9818.68	0.929137	1.00175
natural[134,2]	1.00193	0.00525215	0.507708	0.4779	0.324605	0.924944	1.94808	7381.17	7302.14	1.01425	1.00012
natural[134,3]	0.979655	0.00553644	0.443731	0.336646	0.477977	0.879096	1.81894	9074.2	7412.19	1.24689	1.00043
natural[134,4]	0.157749	0.00169077	0.191712	0.146184	-0.153549	0.170437	0.407846	14063.7	8534.26	1.93249	1.00006
natural[135,1]	0.280155	0.00220048	0.19605	0.184174	0.0464554	0.230441	0.675844	7636.22	10684.9	1.0493	1.00088
natural[135,2]	0.129274	0.000588398	0.080351	0.065112	0.03784	0.111223	0.282876	16284.3	11136.0	2.23763	1.00002
natural[135,3]	2.9922	0.00889498	1.12244	1.10686	1.32493	2.89408	5.01357	17625.2	10929.9	2.42189	1.00006
natural[135,4]	1.12206	0.00542721	0.723091	0.731977	0.0848792	1.04976	2.41806	19801.7	10988.9	2.72096	1.00005
natural[136,1]	0.392324	0.00241308	0.210841	0.225036	0.0957729	0.364799	0.784524	7339.66	9678.56	1.00854	1.00069
natural[136,2]	0.0912685	0.000713103	0.0886289	0.0497263	0.0145312	0.0635886	0.266441	12565.5	11688.4	1.72663	1.0007
natural[136,3]	2.30454	0.0130611	1.40064	1.48676	0.324707	2.16375	4.79044	12462.3	11459.2	1.71244	1.00074
natural[136,4]	1.16831	0.00638896	0.791029	0.768154	0.0270102	1.07847	2.59002	16979.6	11639.3	2.33316	1.00045
natural[137,1]	0.216705	0.00145956	0.149439	0.131927	0.0393187	0.18212	0.517619	10779.1	10983.8	1.48116	1.00046
natural[137,2]	0.421786	0.00198368	0.224725	0.207554	0.134329	0.38157	0.845122	11158.8	9422.94	1.53333	1.00006
natural[137,3]	2.48098	0.00785093	0.857578	0.820756	1.27195	2.37574	4.0467	13444.4	11661.1	1.8474	1.00065
natural[137,4]	0.731905	0.00449377	0.44566	0.356034	0.194381	0.633264	1.59393	12884.0	9034.68	1.77039	1.00007
natural[138,1]	0.0705754	0.000926082	0.0622381	0.0392482	0.0131709	0.0548349	0.174268	7315.39	7013.63	1.00521	1.00021
natural[138,2]	1.61813	0.013509	1.16634	0.898146	0.357527	1.34066	3.81672	5350.94	5659.51	0.735274	1.0005
natural[138,3]	0.30244	0.00406714	0.198864	0.0835105	0.110915	0.280226	0.540809	12402.1	7267.8	1.70417	1.00017
natural[138,4]	-0.0957094	0.00330182	0.267725	0.213401	-0.613601	-0.0318064	0.1904	8620.16	10027.4	1.1845	1.00018
natural[139,1]	0.133384	0.00133388	0.118603	0.0747942	0.0214855	0.0979978	0.373619	8155.66	9359.74	1.12067	1.00069
natural[139,2]	0.365159	0.00198963	0.213612	0.198881	0.0981908	0.325338	0.765307	10170.2	10334.5	1.39749	1.00077
natural[139,3]	2.54537	0.00850204	0.88681	0.835228	1.30361	2.43127	4.19247	12272.6	10508.6	1.68638	1.00022
natural[139,4]	0.534801	0.00540257	0.493197	0.344152	-0.0350002	0.414185	1.52156	11128.1	8792.93	1.52911	1.00101
natural[140,1]	0.0949017	0.000858667	0.0820684	0.0554982	0.0155464	0.0724061	0.251938	8707.63	11181.5	1.19652	1.00026
natural[140,2]	0.733805	0.00366203	0.425747	0.379855	0.216413	0.648609	1.54742	11478.5	10486.7	1.57727	1.00026
natural[140,3]	2.53662	0.00856561	0.884158	0.847627	1.27849	2.44877	4.14614	11803.6	9697.19	1.62193	1.00018
natural[140,4]	0.785418	0.0049349	0.445337	0.339879	0.30788	0.670985	1.66891	12338.5	8341.02	1.69544	1.00036
natural[141,1]	0.398874	0.00240354	0.212706	0.230786	0.0922026	0.372531	0.787478	7180.09	8771.57	0.986617	1.00093
natural[141,2]	0.0779501	0.000466674	0.0603699	0.0416262	0.0169364	0.0623407	0.1927	14571.1	11069.7	2.00222	1.00046
natural[141,3]	2.72372	0.0107149	1.31111	1.34414	0.763904	2.62037	5.01505	16646.3	11393.1	2.28737	1.00025
natural[141,4]	1.35695	0.00543647	0.765062	0.769405	0.212178	1.30491	2.68261	21081.8	12037.0	2.89685	0.999997
natural[142,1]	0.314871	0.00204475	0.192774	0.189976	0.0658648	0.27723	0.690477	8781.85	11012.4	1.20672	1.00056
natural[142,2]	0.167764	0.00149428	0.152712	0.102988	0.023716	0.121564	0.466936	8645.62	10958.8	1.188	1.00019
natural[142,3]	1.91953	0.0136661	1.20557	1.11614	0.485806	1.6516	4.26912	9424.04	9642.17	1.29496	1.00031
natural[142,4]	0.621103	0.00777373	0.753205	0.646916	-0.350044	0.455676	2.08815	11507.0	10266.7	1.58118	1.00011
natural[143,1]	0.137922	0.00113574	0.111364	0.0820087	0.0231997	0.10747	0.355763	9143.6	10219.9	1.25642	1.00059
natural[143,2]	0.462094	0.00236506	0.267217	0.24809	0.123367	0.412408	0.977012	10244.7	10376.2	1.40772	1.00012
natural[143,3]	2.42194	0.00840303	0.866279	0.800058	1.20944	2.31124	4.01983	12066.9	9948.8	1.65812	1.00046
natural[143,4]	0.538543	0.00486989	0.444019	0.29037	0.0555312	0.42669	1.42419	11802.8	8270.3	1.62182	1.00007
natural[144,1]	0.236056	0.00178722	0.152731	0.140159	0.0477061	0.204623	0.533913	7295.59	9195.01	1.00249	1.00126
natural[144,2]	0.422696	0.00313083	0.257119	0.239008	0.0726837	0.381601	0.906236	5093.32	3699.06	0.699874	1.00126
natural[144,3]	0.571295	0.0118345	0.658485	0.294306	-0.0467282	0.43081	1.71028	6903.49	3322.44	0.948609	1.0023
natural[144,4]	-0.155085	0.0066126	0.459655	0.316419	-0.790515	-0.174103	0.515356	8730.41	3802.26	1.19965	1.00107
natural[145,1]	0.149216	0.00139344	0.124443	0.0883056	0.023802	0.112427	0.408384	7559.63	9996.85	1.03877	1.0004
natural[145,2]	0.426475	0.00202384	0.253791	0.219129	0.12916	0.369034	0.914161	13152.4	11688.8	1.80728	0.999981
natural[145,3]	2.82883	0.00855131	0.94703	0.913004	1.47921	2.71808	4.54603	13612.5	11454.8	1.8705	1.0001
natural[145,4]	0.932688	0.0051887	0.527553	0.451776	0.313465	0.804649	1.97703	14264.6	9675.79	1.9601	1.00016
natural[146,1]	0.305529	0.00236094	0.200397	0.180797	0.0632876	0.256649	0.724786	6453.8	8803.51	0.886818	1.00136
natural[146,2]	0.124665	0.00103071	0.117811	0.0747456	0.0173493	0.0859667	0.360161	10745.7	11701.7	1.47656	1.00021
natural[146,3]	2.01761	0.01313	1.32508	1.32854	0.334148	1.7817	4.50139	11665.2	10758.5	1.60292	1.00012
natural[146,4]	0.721495	0.00753866	0.820827	0.784902	-0.365703	0.570502	2.27765	14093.5	10657.4	1.93659	1.00042
natural[147,1]	0.288115	0.00240158	0.17685	0.173355	0.0579203	0.256554	0.632791	4725.06	7342.5	0.649271	1.00107
natural[147,2]	0.260715	0.000820918	0.105084	0.0973087	0.1192	0.245661	0.454745	16150.3	11006.6	2.21922	1.00015
natural[147,3]	3.69993	0.00799714	1.06967	1.07344	2.07524	3.62326	5.59018	18740.3	11688.6	2.57511	0.999936
natural[147,4]	2.06734	0.00420966	0.600732	0.593953	1.17223	2.01816	3.12629	22496.8	11839.0	3.09129	1.0
natural[148,1]	0.0886048	0.000631085	0.0680401	0.0568878	0.0138503	0.0712706	0.224337	10774.9	10891.4	1.48057	1.00034
natural[148,2]	2.92249	0.0157693	1.99686	1.35302	0.914572	2.44305	6.50268	17969.3	12263.9	2.46916	1.00018
natural[148,3]	1.57803	0.00556779	0.610357	0.603696	0.717084	1.50198	2.69538	13668.7	12256.6	1.87822	1.00008
natural[148,4]	0.264319	0.000622211	0.0744428	0.056535	0.141654	0.26788	0.372073	14418.9	11447.0	1.98131	1.00011
natural[149,1]	0.361597	0.00252742	0.218356	0.234887	0.0715144	0.324214	0.773897	6943.51	10219.5	0.954109	1.00076
natural[149,2]	0.0886338	0.000603855	0.0773047	0.0488921	0.0167382	0.0661856	0.234509	14457.3	11174.1	1.98658	1.00009
natural[149,3]	2.5325	0.0116466	1.31595	1.37319	0.632226	2.41697	4.88024	14125.0	11774.9	1.94092	1.00012
natural[149,4]	1.07876	0.00614378	0.801781	0.818014	-0.0959732	1.00857	2.5114	18920.5	11769.0	2.59988	0.999931
natural[150,1]	0.116413	0.0009622	0.0895493	0.0717904	0.0194331	0.0937359	0.293708	6960.91	8888.18	0.956501	1.00025
natural[150,2]	1.55508	0.00518871	0.703894	0.644704	0.606885	1.45524	2.85632	17009.7	10261.1	2.33731	1.0001
natural[150,3]	2.66142	0.00781492	0.949633	0.947268	1.25224	2.58383	4.3527	15975.8	12772.8	2.19524	1.00015
natural[150,4]	1.29895	0.00419171	0.483749	0.463154	0.649046	1.22185	2.20316	16616.8	10620.8	2.28332	1.00041
natural[151,1]	0.329027	0.00236848	0.203664	0.206712	0.0690909	0.288148	0.727368	6705.73	10342.9	0.921436	1.00147
natural[151,2]	0.0990983	0.00048276	0.0651605	0.049716	0.026987	0.083559	0.223035	15244.9	10069.0	2.09481	1.00057
natural[151,3]	3.02044	0.0093933	1.19492	1.19984	1.23218	2.92037	5.11845	17649.7	9394.55	2.42525	1.00026
natural[151,4]	1.45949	0.00498074	0.71775	0.717296	0.395954	1.40306	2.72685	22733.7	10726.3	3.12384	1.00028
natural[152,1]	0.201985	0.00238424	0.162037	0.110147	0.0386812	0.15318	0.556921	5527.8	5908.66	0.759576	1.00035
natural[152,2]	0.37217	0.00349182	0.263088	0.233506	0.0389897	0.320337	0.871884	4056.61	3998.89	0.55742	1.00037
natural[152,3]	0.475309	0.0152169	0.847858	0.333023	-0.353166	0.311191	2.19079	5633.77	3256.77	0.774138	1.00065
natural[152,4]	-0.208454	0.00867232	0.566047	0.343646	-0.943933	-0.253342	0.798075	7184.92	3530.39	0.987282	1.00034
natural[153,1]	0.274036	0.00324349	0.203256	0.16577	0.0485684	0.214053	0.70749	3870.25	8060.68	0.531812	1.00077
natural[153,2]	0.284585	0.00400551	0.258379	0.238957	0.0150088	0.218756	0.801449	3201.76	7602.75	0.439955	1.00033
natural[153,3]	0.515022	0.0258352	1.44106	0.663502	-0.89439	-0.00796699	3.75508	4215.81	6333.48	0.579295	1.00025
natural[153,4]	0.375222	0.00974787	0.711949	0.402824	-0.506051	0.236028	1.90569	7292.75	7108.26	1.0021	1.00016
natural[154,1]	0.305015	0.00144895	0.141014	0.134811	0.105985	0.28529	0.568654	9275.31	9821.17	1.27452	1.00034
natural[154,2]	0.595715	0.00364367	0.332045	0.306913	0.16299	0.539604	1.21601	6285.53	5917.06	0.863696	1.00123
natural[154,3]	0.851798	0.00698929	0.514171	0.32971	0.333078	0.731543	1.77224	8939.7	6359.28	1.22841	1.0008
natural[154,4]	0.13257	0.00313899	0.316742	0.237949	-0.364269	0.143124	0.569811	12700.2	7446.63	1.74514	1.00033
natural[155,1]	0.0935959	0.000807847	0.0775491	0.0547352	0.0159284	0.0733216	0.24103	9838.07	10945.1	1.35185	1.00079
natural[155,2]	0.767429	0.00380006	0.41418	0.386213	0.214858	0.698833	1.55642	10074.8	8675.69	1.38438	1.0003
natural[155,3]	2.01001	0.00694157	0.726398	0.69092	0.990605	1.92016	3.32843	12685.8	9925.3	1.74316	1.00039
natural[155,4]	0.242439	0.00308495	0.27219	0.158428	-0.0674821	0.200991	0.694797	11657.8	6805.13	1.60189	1.00039
natural[156,1]	0.181594	0.00144665	0.141614	0.11066	0.0305858	0.140393	0.475599	9904.69	12031.6	1.361	1.00047
natural[156,2]	0.460186	0.00331209	0.323144	0.266755	0.0998193	0.380443	1.08559	7586.79	9398.84	1.0425	1.00029
natural[156,3]	1.90823	0.010502	0.928755	0.834013	0.745214	1.73312	3.69396	9096.81	8802.68	1.24999	1.00024
natural[156,4]	0.491913	0.0051799	0.471585	0.290652	-0.0193979	0.364425	1.45814	11803.8	8803.96	1.62196	1.00062
natural[157,1]	0.408355	0.00152013	0.157826	0.158523	0.180373	0.390653	0.69855	10552.2	8753.68	1.44998	0.999978
natural[157,2]	0.546701	0.00312232	0.27638	0.265601	0.131126	0.522262	1.04815	6515.18	5135.99	0.895252	1.00065
natural[157,3]	0.760388	0.00909378	0.617707	0.296895	0.206276	0.599544	1.98875	7898.53	4930.75	1.08534	1.00035
natural[157,4]	1.14211	0.00372909	0.405751	0.371225	0.578117	1.09434	1.87075	13822.6	9478.68	1.89936	1.00011
natural[158,1]	0.0588163	0.000370027	0.0396052	0.0352049	0.0117572	0.0502253	0.134477	9714.51	11423.0	1.33487	1.00027
natural[158,2]	4.07722	0.0338712	3.49763	1.84299	1.24995	3.20607	9.73208	11606.6	11191.0	1.59487	1.00014
natural[158,3]	-0.486417	0.00403296	0.432491	0.389211	-1.31042	-0.397114	0.0387593	13301.3	11772.4	1.82773	1.00005
natural[158,4]	-0.230258	0.00373029	0.358543	0.308082	-0.939695	-0.137819	0.167336	10717.6	10732.6	1.4727	1.00034
natural[159,1]	0.122478	0.000971721	0.0989683	0.071534	0.0202465	0.0957777	0.320726	11043.5	10456.1	1.51748	1.00016
natural[159,2]	0.760082	0.00401272	0.43562	0.397634	0.209071	0.682418	1.57813	9991.28	9235.39	1.3729	0.999906
natural[159,3]	2.17078	0.00761472	0.764948	0.734255	1.08088	2.08257	3.55557	11423.1	9668.87	1.56965	1.00031
natural[159,4]	0.479346	0.00358774	0.318267	0.191845	0.156458	0.39802	1.0984	11785.9	8248.77	1.6195	1.00002
natural[160,1]	0.339408	0.00175081	0.193194	0.19699	0.0790208	0.307085	0.711464	11998.6	10894.8	1.64873	1.00029
natural[160,2]	0.204692	0.00202347	0.202583	0.126561	0.0241495	0.136878	0.615548	8428.73	11203.9	1.15819	1.00024
natural[160,3]	1.69818	0.013768	1.26754	1.14489	0.259684	1.37185	4.19368	10334.7	9920.17	1.4201	1.00058
natural[160,4]	0.613713	0.00747004	0.755852	0.626645	-0.345549	0.441212	2.08938	11998.4	10790.5	1.6487	1.00013
natural[161,1]	0.114375	0.00098659	0.093569	0.0677664	0.018881	0.0886319	0.299052	9047.51	10431.4	1.24322	1.00007
natural[161,2]	0.870619	0.00412169	0.445969	0.415333	0.278192	0.798979	1.70882	9703.18	9087.58	1.33332	1.0006
natural[161,3]	1.96841	0.00663176	0.682223	0.662201	1.00311	1.89463	3.18483	12314.3	10329.3	1.69211	1.00048
natural[161,4]	0.267379	0.00258618	0.225392	0.137469	-0.00136133	0.234457	0.647428	12412.5	6694.18	1.7056	1.00047
natural[162,1]	0.22205	0.00164248	0.139418	0.125421	0.0502907	0.193829	0.495392	6805.79	8969.52	0.935185	1.00036
natural[162,2]	0.38579	0.00115536	0.155391	0.143315	0.178533	0.362028	0.67918	17408.2	10381.8	2.39206	1.0004
natural[162,3]	3.71001	0.00752883	1.02414	1.02214	2.13858	3.65441	5.48568	19515.0	11569.6	2.68156	1.00014
natural[162,4]	1.92739	0.00401462	0.585717	0.58322	1.04866	1.8826	2.96721	23595.8	11936.9	3.2423	1.00057
natural[163,1]	0.0565296	0.000243459	0.031154	0.0291005	0.0153326	0.0514289	0.113944	15196.4	12116.1	2.08813	1.00012
natural[163,2]	4.78523	0.024888	3.18173	2.22086	1.45937	4.01715	10.6504	17857.2	10806.0	2.45376	1.00007
natural[163,3]	1.49335	0.00564835	0.630205	0.632999	0.609742	1.4135	2.63054	13960.7	11993.3	1.91834	1.00039
natural[163,4]	0.316412	0.000469354	0.0560381	0.0460942	0.231042	0.315976	0.40371	14446.8	12981.8	1.98514	0.999964
natural[164,1]	0.111389	0.00134271	0.106733	0.0615162	0.0177013	0.0812124	0.310055	6971.19	7641.92	0.957913	1.00133
natural[164,2]	0.399192	0.00218439	0.21009	0.194055	0.0979237	0.372034	0.778935	7542.4	5599.73	1.0364	1.00068
natural[164,3]	1.16933	0.0085423	0.68298	0.500805	0.415739	1.01932	2.42897	9694.2	6145.1	1.33208	1.00069
natural[164,4]	-0.29867	0.00551529	0.463537	0.336597	-0.936209	-0.325485	0.424766	10236.1	5410.08	1.40655	1.00088
natural[165,1]	0.108392	0.000722783	0.0679901	0.0560369	0.0271654	0.096214	0.227726	9430.93	9112.46	1.29591	1.00085
natural[165,2]	0.755906	0.00371696	0.384824	0.359431	0.24405	0.696187	1.47354	8545.85	6932.9	1.17429	1.00081
natural[165,3]	0.325331	0.00417521	0.270646	0.154254	0.00460002	0.30764	0.675532	11589.3	6736.2	1.59249	1.00081
natural[165,4]	-0.336284	0.00321757	0.345351	0.322658	-0.952068	-0.29705	0.125516	15718.8	12126.3	2.15992	1.00072
natural[166,1]	0.385887	0.00274788	0.21332	0.229486	0.0896158	0.357212	0.784197	6016.18	9551.38	0.826684	1.00191
natural[166,2]	0.0895368	0.000775752	0.0883759	0.0483082	0.0146077	0.0625722	0.262776	11859.3	11099.9	1.62958	1.00028
natural[166,3]	2.34961	0.0123564	1.40517	1.51435	0.336989	2.21941	4.85784	14602.7	11723.8	2.00655	1.00024
natural[166,4]	1.16499	0.00624404	0.799583	0.810542	0.0266152	1.08727	2.59327	18451.9	10472.7	2.53548	1.00014
natural[167,1]	0.121075	0.00213038	0.127529	0.0623226	0.0182871	0.0800735	0.378815	4263.89	5280.53	0.585902	1.00066
natural[167,2]	0.872568	0.0115277	0.770947	0.600153	0.0671509	0.654468	2.39259	3120.77	4155.85	0.428826	1.00063
natural[167,3]	0.602801	0.012445	0.685952	0.194628	0.138332	0.391259	1.97101	5842.39	3560.28	0.802804	1.00089
natural[167,4]	0.0374807	0.00537108	0.4172	0.224655	-0.551547	0.0480296	0.614821	9299.5	3418.57	1.27785	1.00039
natural[168,1]	0.13124	0.000844986	0.0834681	0.0760592	0.0271831	0.114719	0.291874	9558.12	11061.5	1.31338	1.00003
natural[168,2]	0.696088	0.00234623	0.280945	0.260962	0.310517	0.656552	1.21263	12612.6	9349.12	1.7331	1.0003
natural[168,3]	1.07399	0.00378645	0.406753	0.366071	0.547453	1.0047	1.83602	13955.3	10117.4	1.9176	1.00029
natural[168,4]	-0.302065	0.00229353	0.27924	0.259486	-0.796172	-0.271378	0.0826362	16449.2	12611.2	2.26029	1.00055
natural[169,1]	0.106753	0.0016264	0.107209	0.0565337	0.0179306	0.0762112	0.301698	5403.85	6277.45	0.742544	1.00085
natural[169,2]	0.427444	0.00284469	0.249017	0.22329	0.081096	0.389155	0.895123	5449.81	3812.32	0.748859	1.00046
natural[169,3]	1.04254	0.011954	0.726687	0.43775	0.341751	0.860028	2.40662	7156.25	3821.4	0.983342	1.0004
natural[169,4]	-0.285897	0.00735097	0.488165	0.321617	-0.922884	-0.320155	0.476703	7756.37	3590.14	1.0658	1.00039
natural[170,1]	0.402267	0.00279448	0.2234	0.251029	0.0884302	0.373598	0.809544	5909.66	8325.72	0.812047	1.00121
natural[170,2]	0.0838047	0.00071421	0.0830962	0.0449165	0.0136786	0.0572332	0.24669	12246.1	11793.4	1.68274	1.00042
natural[170,3]	2.28103	0.0133598	1.44031	1.54399	0.222537	2.16665	4.84468	12630.3	11369.1	1.73554	1.00033
natural[170,4]	1.16028	0.00627757	0.805706	0.813795	0.00441659	1.07692	2.61443	18290.6	12418.5	2.51332	1.00019
natural[171,1]	0.274063	0.00286234	0.211009	0.188894	0.0357987	0.213513	0.709035	5123.94	10849.9	0.704082	1.00219
natural[171,2]	0.187119	0.00295542	0.243361	0.0974638	0.0166349	0.0979598	0.683692	5505.15	9792.75	0.756464	1.00147
natural[171,3]	1.75368	0.0183535	1.42562	1.4138	0.117523	1.40082	4.46947	6781.55	9702.08	0.931854	1.00112
natural[171,4]	0.650189	0.00887394	0.818548	0.686871	-0.383409	0.43391	2.22454	10430.1	10493.5	1.4332	1.00055
natural[172,1]	0.0847419	0.000593969	0.0636346	0.0477791	0.0167817	0.0702074	0.201664	12389.6	11889.0	1.70246	1.00032
natural[172,2]	1.06835	0.00406204	0.502764	0.466969	0.40548	0.989319	1.9998	13114.1	10262.0	1.80201	1.00012
natural[172,3]	1.75315	0.0057801	0.621645	0.604234	0.863992	1.68671	2.88399	13097.6	9621.75	1.79974	1.00009
natural[172,4]	0.106025	0.00142887	0.172862	0.141866	-0.197766	0.126691	0.331096	16001.8	10953.9	2.19881	1.00001
natural[173,1]	0.388175	0.00279331	0.235718	0.26557	0.0673235	0.351193	0.819995	7060.41	9293.89	0.970173	1.00091
natural[173,2]	0.0989677	0.0010407	0.107926	0.0582025	0.0106601	0.0610962	0.313041	8592.51	11689.7	1.1807	1.00086
natural[173,3]	1.7367	0.0169306	1.55815	1.59278	-0.216728	1.43297	4.65289	9577.93	11844.9	1.31611	1.0007
natural[173,4]	0.712094	0.00846076	0.920728	0.902044	-0.539849	0.551303	2.39901	13263.4	11727.5	1.82253	1.00074
natural[174,1]	0.345194	0.00254458	0.20863	0.218643	0.069415	0.308297	0.745647	6514.61	9276.87	0.895174	1.00076
natural[174,2]	0.0832456	0.000384044	0.0553254	0.0438563	0.0202539	0.0708533	0.189585	16881.5	10269.3	2.31969	1.0001
natural[174,3]	2.96414	0.00910724	1.22423	1.22989	1.11613	2.85995	5.1469	19323.6	11877.5	2.65526	1.00027
natural[174,4]	1.29926	0.00538695	0.778127	0.78349	0.129983	1.23715	2.66129	22208.2	12285.3	3.05163	1.0008
natural[175,1]	0.208117	0.00235637	0.155049	0.135132	0.0309228	0.166933	0.519846	3681.69	8377.52	0.505902	1.00149
natural[175,2]	0.285008	0.000936489	0.114082	0.105887	0.132752	0.267137	0.498124	14630.0	9836.27	2.01031	1.0
natural[175,3]	4.04884	0.00799672	1.04196	1.03768	2.47448	3.97762	5.85016	17049.8	11706.0	2.34281	1.00034
natural[175,4]	2.0819	0.00430928	0.603231	0.598721	1.17306	2.0398	3.14938	21301.7	12012.2	2.92706	0.999978
natural[176,1]	0.200557	0.00192822	0.155444	0.124576	0.0321945	0.156733	0.526761	5160.49	10365.6	0.709105	1.00096
natural[176,2]	0.264075	0.000880664	0.116789	0.105878	0.112258	0.244587	0.483135	16863.3	11694.8	2.31719	1.0004
natural[176,3]	3.66038	0.00743924	1.02011	1.01328	2.12131	3.58015	5.4303	20098.9	12079.0	2.7618	1.00025
natural[176,4]	1.6717	0.00415495	0.606293	0.598141	0.785037	1.61958	2.75041	23845.5	11687.5	3.27662	1.0001
natural[177,1]	0.0774688	0.000459469	0.0540591	0.0437768	0.0162467	0.0654972	0.179066	13279.3	9492.86	1.82471	1.00073
natural[177,2]	1.19074	0.00534343	0.619053	0.524807	0.444829	1.06605	2.38094	11606.0	10639.1	1.59478	0.999975
natural[177,3]	0.934399	0.00417834	0.407453	0.360486	0.435252	0.853058	1.72203	12009.6	9504.72	1.65024	0.999916
natural[177,4]	-0.0912294	0.00169007	0.208217	0.186362	-0.483475	-0.0528866	0.171638	17608.0	13031.7	2.41952	1.00047
natural[178,1]	0.0904279	0.000690627	0.0756725	0.0550076	0.0139106	0.069332	0.241065	10646.2	11499.6	1.46289	0.99995
natural[178,2]	1.27924	0.00614709	0.714765	0.650771	0.362764	1.15469	2.62677	11398.4	9738.78	1.56626	1.00038
natural[178,3]	1.96542	0.00675755	0.714987	0.680977	0.969469	1.8731	3.27186	12752.8	10383.4	1.75236	1.0001
natural[178,4]	0.40273	0.00256759	0.228047	0.123101	0.188971	0.344599	0.807229	13018.8	8220.77	1.78892	1.00051
natural[179,1]	0.212692	0.00327381	0.189797	0.108401	0.0371773	0.144555	0.6563	3942.14	5450.06	0.54169	1.0006
natural[179,2]	0.218435	0.00242514	0.168874	0.162455	0.014983	0.189369	0.53625	3722.71	6371.54	0.511539	1.00048
natural[179,3]	0.568627	0.0232876	1.27958	0.576037	-0.695679	0.186019	3.48661	4421.98	4957.46	0.607625	1.00049
natural[179,4]	-0.101055	0.0130305	0.812433	0.488687	-1.06628	-0.263388	1.67778	5640.3	5445.52	0.775035	1.00071
natural[180,1]	0.0482814	0.000316448	0.0377883	0.0300196	0.00759311	0.0384573	0.122883	13658.8	11292.7	1.87685	1.00009
natural[180,2]	3.12685	0.014693	1.88373	1.33697	1.13792	2.66408	6.60188	18098.9	11773.3	2.48697	1.00013
natural[180,3]	1.4259	0.00544852	0.613377	0.602395	0.582222	1.3422	2.55982	14906.8	10268.3	2.04834	1.00011
natural[180,4]	0.0475462	0.0010762	0.130922	0.105554	-0.204514	0.0776711	0.19694	18036.3	12777.1	2.47837	1.00038
natural[181,1]	0.0859622	0.000613901	0.058553	0.0483937	0.0188261	0.0730329	0.197489	8170.75	9314.69	1.12274	1.0007
natural[181,2]	0.712332	0.00252901	0.320113	0.293568	0.296942	0.656814	1.31678	14367.3	11340.1	1.97422	1.00004
natural[181,3]	-0.280285	0.00323916	0.370225	0.318781	-0.98462	-0.208957	0.176598	15824.0	11503.2	2.17437	1.00035
natural[181,4]	-0.663625	0.00330008	0.4077	0.392935	-1.3925	-0.615116	-0.0931603	17097.6	12124.2	2.34939	1.0002
natural[182,1]	0.21647	0.00163364	0.153239	0.122333	0.0463715	0.174589	0.534353	9902.15	10473.7	1.36066	1.00049
natural[182,2]	0.447903	0.00445826	0.376051	0.285434	0.0619671	0.345084	1.20883	5475.1	7860.13	0.752335	1.00039
natural[182,3]	1.43964	0.0133095	0.949409	0.682305	0.482047	1.15878	3.39539	6661.22	6413.24	0.91532	1.0001
natural[182,4]	0.252687	0.0069498	0.553012	0.319477	-0.37214	0.123757	1.41263	9281.17	6950.81	1.27533	1.00044
natural[183,1]	0.25549	0.00243635	0.174789	0.170111	0.0378635	0.21942	0.596374	4517.23	8236.62	0.620713	1.00097
natural[183,2]	0.259075	0.000788401	0.0988529	0.0911757	0.124098	0.24487	0.442183	15205.1	9060.62	2.08934	1.00048
natural[183,3]	4.07119	0.00753327	1.04228	1.03243	2.46621	4.00774	5.87874	20302.3	11480.2	2.78975	1.00049
natural[183,4]	2.12831	0.00429172	0.614854	0.604242	1.20691	2.08135	3.19919	22282.2	11839.5	3.0618	1.00047
natural[184,1]	0.148646	0.00106349	0.108304	0.0846438	0.0296933	0.122273	0.357848	11384.9	10810.8	1.5644	1.00078
natural[184,2]	0.644183	0.00387188	0.372695	0.332816	0.1611	0.580677	1.35005	7207.78	6624.09	0.990423	1.00021
natural[184,3]	0.934166	0.00727929	0.552085	0.358606	0.396775	0.793548	1.94768	9026.13	6143.26	1.24028	1.00037
natural[184,4]	-0.11653	0.00327142	0.321137	0.217972	-0.581456	-0.11412	0.287038	14203.2	6411.95	1.95167	1.00026
natural[185,1]	0.123281	0.00081899	0.0917852	0.0745384	0.0214865	0.101358	0.296433	12149.5	11392.1	1.66947	1.00013
natural[185,2]	1.3318	0.00595702	0.679155	0.62129	0.438118	1.2182	2.59283	11021.0	8532.18	1.5144	1.00025
natural[185,3]	1.73043	0.00594539	0.64482	0.631978	0.816309	1.65698	2.89847	13026.9	10566.7	1.79002	1.00063
natural[185,4]	0.259268	0.00136012	0.143977	0.0947923	0.052659	0.256065	0.467773	13668.6	7268.84	1.8782	1.0002
natural[186,1]	0.176475	0.00162346	0.134343	0.111124	0.0286156	0.140011	0.448744	8192.55	10905.6	1.12574	1.0005
natural[186,2]	0.92709	0.00324564	0.397242	0.36758	0.397383	0.86634	1.6703	13101.3	10666.6	1.80025	1.00015
natural[186,3]	1.26999	0.00464612	0.492533	0.462628	0.613866	1.19409	2.19033	13326.1	9621.08	1.83114	1.00014
natural[186,4]	-0.0115979	0.00163041	0.20117	0.177069	-0.37418	0.0131345	0.262531	15936.3	11242.5	2.18981	1.00005
natural[187,1]	0.260537	0.00173902	0.177344	0.159426	0.0493393	0.217629	0.618764	10085.7	11343.0	1.38588	1.00025
natural[187,2]	0.309004	0.00295576	0.280214	0.186006	0.0455847	0.22707	0.87168	7224.98	10386.0	0.992787	1.00026
natural[187,3]	1.68217	0.0121839	1.0368	0.906446	0.48034	1.43393	3.74334	8845.62	8253.71	1.21548	1.00035
natural[187,4]	0.476202	0.00616006	0.587454	0.408744	-0.250315	0.34437	1.67796	11936.7	8771.27	1.64022	1.00047
natural[188,1]	0.188888	0.00157967	0.150125	0.115618	0.0292293	0.145694	0.506334	8373.83	9762.34	1.15065	1.00004
natural[188,2]	0.35023	0.00178039	0.197846	0.180677	0.104728	0.311816	0.72009	10700.7	10371.2	1.47039	1.00026
natural[188,3]	2.5765	0.00859801	0.897521	0.846515	1.3261	2.46627	4.21907	12975.8	10179.1	1.78301	1.00041
natural[188,4]	0.630061	0.00538851	0.505816	0.377409	0.0498924	0.507219	1.64569	12397.6	9273.47	1.70356	1.00058
natural[189,1]	0.277095	0.00198953	0.16719	0.159336	0.0592193	0.246211	0.603906	5613.36	8234.61	0.771333	1.00078
natural[189,2]	0.181909	0.000634474	0.0886054	0.0776119	0.071026	0.164771	0.346805	17444.4	11941.5	2.39704	1.00023
natural[189,3]	3.37772	0.00791575	1.05471	1.03586	1.8352	3.28653	5.26569	19811.5	11230.8	2.7223	0.999963
natural[189,4]	1.61303	0.00434319	0.62375	0.606173	0.710593	1.55153	2.74527	23989.8	11394.1	3.29645	1.00027
natural[190,1]	0.314003	0.00233782	0.201116	0.196915	0.0617023	0.270771	0.713487	6987.26	10329.7	0.960121	1.00123
natural[190,2]	0.13571	0.00127765	0.134709	0.0777821	0.0193474	0.0916638	0.40072	9497.31	9864.26	1.30503	1.00002
natural[190,3]	2.0786	0.0140423	1.32129	1.32899	0.399139	1.8398	4.55056	10257.2	9247.21	1.40945	1.00028
natural[190,4]	0.743112	0.00771807	0.80654	0.755343	-0.311335	0.585197	2.27403	12973.1	10756.8	1.78263	1.00006
natural[191,1]	0.256936	0.00166245	0.160234	0.146542	0.0570468	0.224182	0.573781	8482.0	9721.03	1.16551	1.00021
natural[191,2]	0.235106	0.000881002	0.123573	0.103075	0.0866871	0.209011	0.472125	17405.3	11384.1	2.39166	1.0001
natural[191,3]	3.07047	0.00833547	1.07537	1.08726	1.46982	2.97937	4.98094	17886.3	12038.7	2.45776	1.00039
natural[191,4]	1.48526	0.00457454	0.611876	0.610366	0.608745	1.42129	2.59301	21184.2	11650.4	2.91092	0.999972
natural[192,1]	0.178455	0.00135064	0.126736	0.0935239	0.0400874	0.147158	0.429922	9278.04	9396.15	1.2749	1.00011
natural[192,2]	0.403052	0.00393089	0.356946	0.234923	0.0683239	0.285444	1.11946	6546.24	10086.7	0.899521	1.00019
natural[192,3]	1.84682	0.0145198	1.11903	1.08986	0.503319	1.60554	4.0276	6678.84	8384.85	0.917741	1.00041
natural[192,4]	0.748058	0.0065801	0.565249	0.42661	0.130482	0.589416	1.90297	10482.3	8120.77	1.44037	1.00029
natural[193,1]	0.342695	0.00243202	0.204285	0.207563	0.0732807	0.306015	0.738626	7023.62	10102.4	0.965117	1.00091
natural[193,2]	0.097084	0.000704963	0.0863819	0.0546743	0.0168089	0.0711827	0.267201	12653.2	11743.7	1.73868	1.00029
natural[193,3]	2.31887	0.0119661	1.3526	1.40117	0.450213	2.15774	4.77215	14114.4	11492.9	1.93946	1.00021
natural[193,4]	0.994758	0.00649668	0.819115	0.821678	-0.16075	0.891011	2.48321	18076.9	11485.3	2.48395	0.999998
natural[194,1]	0.374501	0.00301379	0.216423	0.232399	0.0823015	0.340631	0.785428	4676.18	7172.62	0.642555	1.00125
natural[194,2]	0.0808919	0.000720351	0.0788972	0.0399518	0.0162317	0.0589298	0.221865	12146.9	11847.1	1.66911	1.00023
natural[194,3]	2.7914	0.0130226	1.40744	1.46459	0.580498	2.73437	5.19189	11717.5	12532.0	1.61011	1.0004
natural[194,4]	1.54065	0.00528972	0.758581	0.75702	0.407605	1.47916	2.87668	22129.8	10946.5	3.04086	1.0004
natural[195,1]	0.162576	0.0011253	0.118199	0.0868778	0.0357724	0.13305	0.398702	12611.2	10919.2	1.7329	1.00015
natural[195,2]	0.800643	0.00550057	0.526205	0.465069	0.180042	0.682535	1.81305	7382.41	8627.83	1.01442	1.00005
natural[195,3]	1.7058	0.010193	0.830162	0.738862	0.670116	1.54205	3.29266	8027.14	7802.0	1.10301	1.00013
natural[195,4]	0.473707	0.00439394	0.362307	0.196649	0.127247	0.371333	1.2109	10793.5	7140.28	1.48313	1.00033
natural[196,1]	0.449756	0.00190544	0.198658	0.221408	0.132464	0.446074	0.786472	11066.8	10943.8	1.52069	1.00027
natural[196,2]	0.31388	0.00285979	0.225438	0.21944	0.0483253	0.263447	0.746172	5429.72	9778.2	0.746099	1.00065
natural[196,3]	1.41639	0.0140086	0.986954	0.653143	0.420776	1.08968	3.49148	7278.47	7402.67	1.00014	1.00144
natural[196,4]	0.726799	0.00641477	0.546486	0.407806	0.0637025	0.605925	1.83353	9312.22	8853.41	1.27959	1.00104
natural[197,1]	0.212617	0.00192259	0.136932	0.126385	0.0424767	0.185926	0.478739	4432.19	8535.3	0.609028	1.00061
natural[197,2]	0.319864	0.000975007	0.128187	0.119333	0.146767	0.30031	0.558746	16847.2	9625.31	2.31498	1.00024
natural[197,3]	3.94979	0.00744868	1.02396	1.00802	2.36898	3.89275	5.70479	19934.3	12380.9	2.73918	1.00022
natural[197,4]	2.05764	0.00420616	0.598384	0.578625	1.15533	2.00965	3.10771	22223.5	12071.1	3.05373	1.00004
natural[198,1]	0.0856983	0.000633074	0.0648444	0.0525799	0.0150298	0.0696602	0.209166	9025.34	10671.7	1.24017	1.00025
natural[198,2]	2.16067	0.00794019	1.07706	0.95123	0.786813	1.9643	4.19296	19146.6	10718.8	2.63093	1.00003
natural[198,3]	2.4704	0.00825513	0.942065	0.936195	1.07251	2.38451	4.15701	13898.1	11747.2	1.90973	0.999964
natural[198,4]	1.14801	0.00438478	0.465809	0.4414	0.540512	1.06943	2.032	14291.5	10499.4	1.9638	1.00057
natural[199,1]	0.233909	0.00214652	0.160725	0.142798	0.0425567	0.196481	0.556822	4647.02	10229.0	0.638548	1.0009
natural[199,2]	0.271164	0.000854741	0.113186	0.103528	0.121701	0.252387	0.483752	16406.8	10264.3	2.25446	1.00008
natural[199,3]	3.81491	0.00753493	1.02862	1.02717	2.23037	3.74699	5.6029	19602.3	12180.9	2.69355	0.999938
natural[199,4]	1.86486	0.00423789	0.602229	0.596299	0.957222	1.81374	2.92609	22765.2	11044.3	3.12817	1.0002
natural[200,1]	0.258259	0.00176606	0.172816	0.165992	0.0458378	0.220781	0.597239	9169.98	10133.0	1.26005	1.00051
natural[200,2]	0.309522	0.00141892	0.162754	0.153397	0.098918	0.281658	0.613087	12081.8	10680.3	1.66016	1.00028
natural[200,3]	2.67819	0.00788292	0.891656	0.854121	1.41873	2.57208	4.30189	14386.9	11709.9	1.97691	1.00026
natural[200,4]	0.757603	0.00482758	0.512492	0.44419	0.100783	0.660782	1.73461	13926.1	9914.39	1.91359	1.00047
natural[201,1]	0.318086	0.00224307	0.203466	0.200432	0.0612965	0.27495	0.722534	6542.92	8896.57	0.899064	1.00109
natural[201,2]	0.101019	0.000644207	0.0841786	0.0563081	0.0193227	0.0772089	0.262145	14211.4	11139.2	1.9528	1.00016
natural[201,3]	2.55745	0.0105772	1.27926	1.31348	0.741409	2.42014	4.86475	15877.0	11798.4	2.18166	1.00003
natural[201,4]	1.00953	0.00625188	0.796494	0.813451	-0.125988	0.923507	2.45501	18551.7	11108.7	2.54919	1.00002
natural[202,1]	0.349317	0.00266596	0.214714	0.228357	0.0660553	0.309334	0.756447	5978.44	8972.63	0.821499	1.00056
natural[202,2]	0.0998847	0.000519733	0.0677618	0.0499049	0.0266492	0.0840048	0.22758	15329.8	10914.0	2.10646	1.00046
natural[202,3]	2.92679	0.00937305	1.19099	1.18778	1.13981	2.83117	5.04106	17864.0	11118.6	2.45469	1.0001
natural[202,4]	1.37534	0.00535905	0.72972	0.727144	0.292335	1.3156	2.65842	20145.0	11697.9	2.76812	1.00006
natural[203,1]	0.0742087	0.00049066	0.0523067	0.0424787	0.0152252	0.0627498	0.171751	11069.9	10736.0	1.52111	1.00084
natural[203,2]	1.9868	0.0125829	1.29959	0.966951	0.596651	1.69217	4.38135	8647.77	8870.6	1.18829	1.00047
natural[203,3]	0.225364	0.0010702	0.122365	0.0837664	0.0538583	0.219022	0.421546	14547.8	10078.7	1.99901	1.00045
natural[203,4]	-0.174966	0.0026377	0.252963	0.220851	-0.657693	-0.120481	0.129654	10005.3	10995.7	1.37484	1.00017
natural[204,1]	0.294126	0.00228292	0.192182	0.184022	0.0545819	0.252574	0.677998	6258.06	8918.09	0.859922	1.00097
natural[204,2]	0.107897	0.000460964	0.0641867	0.0540431	0.0304933	0.094931	0.231184	17315.5	10663.5	2.37933	1.00007
natural[204,3]	3.15975	0.00880081	1.12745	1.12121	1.48581	3.06749	5.16224	17867.4	12230.0	2.45516	1.00033
natural[204,4]	1.28572	0.00512798	0.720504	0.724414	0.216438	1.22757	2.55215	21684.5	11866.8	2.97968	1.00048
natural[205,1]	0.212246	0.00174351	0.155552	0.129671	0.0369592	0.170781	0.53307	7013.1	9412.08	0.963671	1.00043
natural[205,2]	0.29766	0.0011921	0.156248	0.128648	0.112214	0.263631	0.60327	15573.2	10535.5	2.13992	1.00008
natural[205,3]	3.10562	0.0082401	1.02637	1.0303	1.58492	3.01843	4.90566	17024.9	11538.5	2.33939	1.00034
natural[205,4]	1.41251	0.00471652	0.587055	0.574218	0.590033	1.33998	2.48425	18696.3	10203.0	2.56906	1.00008
natural[206,1]	0.293154	0.00176076	0.183612	0.177107	0.0596946	0.256151	0.652517	9951.51	9441.47	1.36744	1.00032
natural[206,2]	0.178266	0.000776754	0.104007	0.0841952	0.0579088	0.155053	0.378982	15852.4	11152.2	2.17828	1.0001
natural[206,3]	2.97245	0.00893751	1.08622	1.07965	1.40391	2.84797	4.91277	16622.1	11284.8	2.28405	1.00037
natural[206,4]	1.30749	0.00503929	0.649347	0.639691	0.402033	1.22417	2.50883	20003.6	11425.4	2.7487	1.00014
natural[207,1]	0.0417888	0.000251232	0.0284062	0.0245033	0.00828611	0.0359588	0.093389	12262.4	10198.0	1.68498	1.0007
natural[207,2]	4.11235	0.0209187	2.74056	1.99749	1.20962	3.44909	9.37525	16485.7	10370.9	2.2653	1.00015
natural[207,3]	1.49118	0.00575606	0.632774	0.640249	0.604248	1.41489	2.65515	13988.3	11054.8	1.92214	1.00018
natural[207,4]	0.182704	0.000493637	0.0620681	0.0414846	0.0739049	0.194918	0.250753	17154.5	12010.9	2.35721	0.999851
natural[208,1]	0.273057	0.00226498	0.179889	0.167918	0.0503984	0.233465	0.630785	5784.87	9122.74	0.7949	1.0011
natural[208,2]	0.145036	0.000568931	0.0772852	0.0654329	0.0512778	0.129452	0.290864	15424.4	9847.46	2.11948	1.00033
natural[208,3]	3.33878	0.00837918	1.08767	1.0903	1.71388	3.25583	5.27159	18355.5	10439.6	2.52224	1.00067
natural[208,4]	1.5309	0.00474806	0.657112	0.655143	0.563692	1.47337	2.69675	21292.9	10974.9	2.92586	1.00031
natural[209,1]	0.417036	0.00184774	0.207938	0.236084	0.102457	0.405845	0.77793	12113.4	10386.1	1.66451	1.00045
natural[209,2]	0.12979	0.00063973	0.0824638	0.0647765	0.0372144	0.110157	0.286491	13603.0	9661.28	1.86919	1.00031
natural[209,3]	2.686	0.00988815	1.15737	1.15789	1.01554	2.55627	4.76678	15275.7	10981.4	2.09903	1.00028
natural[209,4]	1.33285	0.00531975	0.687633	0.668703	0.338561	1.26494	2.5738	18626.3	10949.0	2.55944	1.00071
natural[210,1]	0.172973	0.00136612	0.134589	0.103525	0.0291404	0.134618	0.449734	8775.59	10532.9	1.20586	1.00029
natural[210,2]	0.361458	0.00184969	0.221887	0.190722	0.103892	0.308299	0.797357	12218.7	10204.1	1.67897	1.0
natural[210,3]	2.80899	0.00875562	0.965432	0.920915	1.42093	2.6954	4.56395	13709.6	10286.3	1.88384	1.00002
natural[210,4]	0.868845	0.00524979	0.534172	0.44748	0.235288	0.740787	1.91691	14064.6	9997.68	1.93262	1.00027
natural[211,1]	0.214233	0.00180933	0.16982	0.131446	0.0347617	0.164035	0.573741	8731.49	10878.1	1.1998	1.00055
natural[211,2]	0.237447	0.00170579	0.180636	0.144447	0.0433318	0.192101	0.587549	9542.65	10609.5	1.31126	1.00006
natural[211,3]	2.02679	0.0107768	1.07437	1.00092	0.639405	1.83131	4.10806	11721.2	10218.2	1.61061	1.00003
natural[211,4]	0.507518	0.00650692	0.661387	0.519247	-0.318472	0.354057	1.83413	12972.1	10180.4	1.7825	1.00014
natural[212,1]	0.382309	0.00231933	0.204993	0.22135	0.093313	0.353624	0.758276	7321.75	8409.16	1.00608	1.00077
natural[212,2]	0.0878276	0.000453009	0.0627747	0.047091	0.0202794	0.0717994	0.208971	16897.5	10863.1	2.32188	1.00002
natural[212,3]	2.79031	0.00956372	1.21035	1.23864	1.03568	2.67723	4.96047	17713.8	10647.9	2.43405	1.00006
natural[212,4]	1.28426	0.00521937	0.749319	0.754794	0.176294	1.2196	2.60778	22288.5	11293.8	3.06266	1.0002
natural[213,1]	0.345156	0.00234265	0.195122	0.191617	0.0887984	0.309262	0.727899	6522.03	8871.41	0.896193	1.00057
natural[213,2]	0.121361	0.000919358	0.11126	0.0656084	0.0217273	0.0874913	0.338452	12496.5	10491.7	1.71715	1.00025
natural[213,3]	2.37142	0.0116303	1.31387	1.35947	0.546202	2.2079	4.74821	13836.0	11613.5	1.90121	1.00006
natural[213,4]	1.18029	0.0056824	0.731626	0.722455	0.162146	1.09497	2.51162	18911.3	11702.1	2.59861	1.00034
natural[214,1]	0.330259	0.00220012	0.189431	0.196707	0.0712331	0.301591	0.686813	6913.15	8125.32	0.949937	1.00094
natural[214,2]	0.290219	0.00239286	0.239745	0.158582	0.0596937	0.209432	0.78602	8052.25	9805.3	1.10646	1.00095
natural[214,3]	2.03748	0.0141645	1.25024	1.33239	0.465771	1.81024	4.37978	8548.35	10773.7	1.17463	1.001
natural[214,4]	1.51121	0.00521559	0.599063	0.576679	0.683888	1.42863	2.60653	15516.6	10068.3	2.13214	1.00028
natural[215,1]	0.38111	0.00218092	0.203131	0.221203	0.0886571	0.358628	0.751238	7829.61	9135.37	1.07587	1.00123
natural[215,2]	0.107303	0.000529239	0.0695067	0.0554027	0.0290903	0.0908923	0.243015	14903.3	10890.4	2.04786	0.999888
natural[215,3]	2.87096	0.00949622	1.19283	1.21005	1.13198	2.76143	5.02574	17992.2	10729.5	2.47232	1.00007
natural[215,4]	1.46777	0.00500652	0.700593	0.68953	0.433749	1.41075	2.72779	22329.1	11119.2	3.06824	0.999893
natural[216,1]	0.409172	0.00146196	0.178288	0.189808	0.13267	0.401075	0.718104	13997.9	7763.26	1.92346	1.00015
natural[216,2]	0.301593	0.00183308	0.198128	0.159569	0.083592	0.25104	0.693828	9741.98	9749.79	1.33865	1.00003
natural[216,3]	2.16883	0.0116695	1.10613	1.08912	0.741975	1.97262	4.26182	10303.0	9723.16	1.41574	0.999916
natural[216,4]	1.43214	0.00480696	0.574964	0.539753	0.658543	1.34937	2.49375	17246.0	10972.8	2.36978	1.00023
natural[217,1]	0.144874	0.00226644	0.13452	0.0855376	0.0204164	0.101593	0.418233	4355.48	4954.44	0.598488	1.00042
natural[217,2]	0.685169	0.00637672	0.501266	0.421346	0.121908	0.558584	1.69189	3898.67	2639.64	0.535716	1.00038
natural[217,3]	-0.141456	0.0110247	0.589131	0.29372	-0.916258	-0.11376	0.300232	8035.02	2898.9	1.10409	1.00065
natural[217,4]	-0.0221297	0.00547375	0.385672	0.241497	-0.67363	0.0375719	0.34611	8430.38	3968.19	1.15842	0.999944
natural[218,1]	0.206485	0.00162125	0.14174	0.126933	0.0387463	0.173731	0.48667	7086.68	10255.3	0.973783	1.00071
natural[218,2]	0.309809	0.00107889	0.153577	0.13208	0.121251	0.278631	0.605532	17438.4	10684.6	2.39621	1.00009
natural[218,3]	3.25666	0.00776662	0.997947	0.984867	1.76321	3.1733	5.02143	18319.4	12185.3	2.51727	1.0005
natural[218,4]	1.35783	0.0045311	0.570672	0.55303	0.574421	1.27822	2.40888	20775.5	9468.22	2.85476	1.001
natural[219,1]	0.106141	0.00089276	0.0776747	0.0574814	0.0224089	0.0877327	0.252051	9424.81	8404.18	1.29507	1.00012
natural[219,2]	1.43719	0.00934078	0.874105	0.758236	0.379329	1.25925	3.11427	6403.01	5320.13	0.879839	1.00062
natural[219,3]	0.294315	0.00436287	0.20184	0.0873092	0.0815837	0.290202	0.49802	12074.9	5967.42	1.65922	1.00078
natural[219,4]	-0.151508	0.00324092	0.261437	0.205402	-0.650888	-0.0942638	0.134595	9452.28	8524.5	1.29884	1.00024
natural[220,1]	0.316738	0.00170562	0.184343	0.188613	0.069383	0.287978	0.668766	10731.0	10325.9	1.47454	1.00017
natural[220,2]	0.206246	0.000965248	0.126538	0.101165	0.0616808	0.176624	0.452454	14449.0	10898.6	1.98544	0.999908
natural[220,3]	2.5848	0.00876615	1.05205	1.04467	1.08567	2.46274	4.51191	16453.7	10947.3	2.26091	0.99995
natural[220,4]	1.03869	0.00495701	0.614463	0.585485	0.20286	0.943177	2.19552	18449.8	10913.2	2.53518	1.00006
natural[221,1]	0.0824544	0.000717303	0.0622702	0.0477874	0.0160288	0.0675218	0.198458	7181.93	9394.4	0.986871	1.00023
natural[221,2]	0.624459	0.00203196	0.246881	0.232724	0.28256	0.593634	1.07856	13057.3	9496.84	1.7942	1.0002
natural[221,3]	1.31768	0.00443612	0.476864	0.435021	0.693315	1.24354	2.2049	14378.4	9497.28	1.97574	1.0007
natural[221,4]	-0.353549	0.00208204	0.264462	0.246575	-0.816402	-0.329237	0.0258483	16583.4	11241.2	2.27872	1.00025
natural[222,1]	0.0341266	0.000254212	0.0268314	0.0202325	0.00567665	0.0271476	0.0869207	10424.4	10966.2	1.43242	1.00059
natural[222,2]	2.64652	0.00748487	1.03027	0.922833	1.28192	2.4785	4.58856	19147.6	13162.7	2.63107	0.999958
natural[222,3]	1.2416	0.00490555	0.536745	0.506634	0.551117	1.14508	2.26809	14883.1	10354.6	2.04509	0.999988
natural[222,4]	-0.453249	0.0025845	0.326168	0.310257	-1.06877	-0.404496	-0.0134421	17820.5	13548.4	2.44871	1.00009
natural[223,1]	0.175983	0.0012568	0.124575	0.110683	0.0299629	0.147942	0.418229	8722.7	9276.56	1.19859	1.00032
natural[223,2]	0.372837	0.00171849	0.185865	0.178958	0.112995	0.349145	0.71708	9876.28	8428.05	1.3571	1.00061
natural[223,3]	1.72353	0.00786354	0.747621	0.645506	0.766507	1.59183	3.13232	11261.7	8870.67	1.54747	1.00042
natural[223,4]	0.0721571	0.00476605	0.441921	0.316539	-0.513526	0.0220448	0.860046	11763.1	7286.61	1.61638	1.00022
natural[224,1]	0.112089	0.000967132	0.084604	0.0641924	0.0221413	0.091849	0.275492	9114.73	9416.35	1.25246	1.00084
natural[224,2]	0.817565	0.00345752	0.381497	0.346307	0.315269	0.75552	1.51983	9884.88	7875.35	1.35828	1.00033
natural[224,3]	0.322092	0.00274569	0.224912	0.147454	0.0398783	0.303898	0.648404	12376.9	9018.01	1.70071	1.00041
natural[224,4]	-0.477604	0.00261699	0.325925	0.30712	-1.06476	-0.440041	-0.0265768	17406.3	12981.6	2.39181	0.999916
natural[225,1]	0.304244	0.00185282	0.179524	0.176787	0.0727673	0.269664	0.65209	8757.18	10107.5	1.20333	1.00068
natural[225,2]	0.18507	0.000753862	0.10116	0.081269	0.0670342	0.162981	0.37425	15827.3	10623.2	2.17484	1.00004
natural[225,3]	3.09181	0.00925435	1.11139	1.11051	1.42786	2.99686	5.05367	15763.7	9238.07	2.1661	1.00045
natural[225,4]	1.61439	0.00482019	0.63917	0.628023	0.687029	1.55658	2.76276	20407.5	10641.0	2.8042	1.00078
natural[226,1]	0.189612	0.0027952	0.18011	0.107516	0.0258119	0.126163	0.60435	4518.5	7041.55	0.620888	1.00115
natural[226,2]	0.231317	0.00214156	0.156725	0.154575	0.0214345	0.212102	0.519298	4368.45	6386.25	0.60027	1.00192
natural[226,3]	0.721744	0.0173746	1.06833	0.509294	-0.331018	0.431304	3.10997	5472.06	5512.35	0.751917	1.00141
natural[226,4]	-0.307133	0.0117577	0.765506	0.472317	-1.22264	-0.453834	1.3499	5919.03	5451.48	0.813334	1.00142
natural[227,1]	0.270804	0.001373	0.149122	0.155486	0.0588047	0.254656	0.542554	10868.1	9434.29	1.49339	1.00013
natural[227,2]	0.531682	0.00207646	0.25018	0.234788	0.207917	0.489896	1.00461	13359.9	11148.4	1.83579	1.00031
natural[227,3]	2.84657	0.00827375	0.927824	0.905623	1.4765	2.75559	4.49477	13742.4	10599.6	1.88834	1.00001
natural[227,4]	1.2863	0.00425854	0.487118	0.448547	0.652164	1.20361	2.20439	16667.1	10463.6	2.29023	1.00031
natural[228,1]	0.202469	0.00149217	0.149421	0.121658	0.0362133	0.163785	0.508999	10355.5	10114.5	1.42295	1.00096
natural[228,2]	0.377632	0.0032608	0.313698	0.231581	0.0615564	0.293432	0.991306	7155.51	10092.2	0.983239	1.00124
natural[228,3]	1.76381	0.0122052	1.01917	0.894987	0.554593	1.52243	3.78676	8378.62	8648.14	1.15131	1.00105
natural[228,4]	0.500474	0.00625999	0.552144	0.353047	-0.12633	0.351044	1.64085	10321.1	8364.53	1.41822	1.00109
natural[229,1]	0.409254	0.00317293	0.234733	0.266324	0.0793156	0.379128	0.834922	5140.62	9181.28	0.706374	1.0015
natural[229,2]	0.0673013	0.000681224	0.0715638	0.0382282	0.00833751	0.0431669	0.210945	8691.12	11486.9	1.19425	1.00049
natural[229,3]	2.04491	0.0168649	1.6169	1.76755	-0.220253	1.88578	4.93319	10200.2	12579.2	1.40161	1.00017
natural[229,4]	0.921769	0.00809359	0.936349	0.956829	-0.422327	0.816967	2.5872	14465.2	12192.6	1.98766	1.00032
natural[230,1]	0.242194	0.00170192	0.161166	0.143806	0.0487468	0.207176	0.56483	7904.91	9135.31	1.08621	1.00042
natural[230,2]	0.160616	0.000696835	0.096427	0.0801559	0.0468393	0.139821	0.348859	15590.4	10701.4	2.14228	1.00019
natural[230,3]	3.00186	0.00844819	1.08376	1.06975	1.42744	2.90196	4.9586	18168.2	11520.5	2.4965	1.00042
natural[230,4]	1.11904	0.00505348	0.676656	0.664342	0.170095	1.03063	2.34252	21301.7	11622.0	2.92707	1.00011
natural[231,1]	0.119996	0.00148547	0.114374	0.0634126	0.020639	0.0862703	0.349267	6365.31	8085.9	0.874659	1.00104
natural[231,2]	0.382205	0.00226924	0.225843	0.205534	0.0848512	0.343338	0.806224	7904.53	7414.44	1.08616	1.0008
natural[231,3]	1.70231	0.00971684	0.824606	0.677924	0.71707	1.53423	3.32716	9716.3	7313.32	1.33512	1.00064
natural[231,4]	0.0997834	0.00565883	0.485882	0.303268	-0.497248	0.0314054	1.012	10927.6	6519.93	1.50157	1.00018
natural[232,1]	0.207258	0.00196014	0.13977	0.121878	0.0411176	0.174276	0.486113	4365.03	8146.59	0.5998	1.00134
natural[232,2]	0.314942	0.00095051	0.126808	0.116593	0.145322	0.295339	0.551383	17670.9	10626.6	2.42817	1.00021
natural[232,3]	3.95372	0.00757838	1.03862	1.0303	2.34817	3.88658	5.74815	19596.7	13073.4	2.69279	0.999956
natural[232,4]	2.036	0.0042631	0.60933	0.606141	1.12469	1.98868	3.10314	22361.0	11117.0	3.07263	0.999981
natural[233,1]	0.111209	0.000838996	0.0878295	0.0683853	0.0174909	0.0873623	0.288724	9819.49	11422.7	1.3493	1.00003
natural[233,2]	1.18935	0.00480275	0.607835	0.549805	0.414414	1.07886	2.33625	13986.8	11137.9	1.92192	1.00006
natural[233,3]	2.40991	0.00772777	0.863107	0.848678	1.15242	2.32801	3.96707	13703.5	11408.5	1.883	0.999908
natural[233,4]	0.945147	0.00408595	0.409959	0.352286	0.460244	0.856243	1.73615	12868.7	9965.67	1.76829	1.0001
natural[234,1]	0.306435	0.00224174	0.19654	0.194321	0.0569777	0.26657	0.69224	6831.33	9238.88	0.938694	1.00064
natural[234,2]	0.112573	0.000536982	0.0737434	0.0569429	0.030536	0.0949852	0.253271	17124.5	10461.3	2.35308	1.00014
natural[234,3]	2.93687	0.00914707	1.14731	1.1465	1.23698	2.84485	4.98912	17344.7	12016.9	2.38334	1.00016
natural[234,4]	1.27106	0.00507657	0.709908	0.701889	0.227282	1.2064	2.53068	23186.0	11783.5	3.18599	1.00002
natural[235,1]	0.170586	0.00121763	0.126359	0.100419	0.0305143	0.138402	0.425367	9147.25	10258.6	1.25693	1.00057
natural[235,2]	0.365807	0.00172282	0.199802	0.182237	0.116207	0.327494	0.742018	12327.7	10912.6	1.69395	1.00014
natural[235,3]	2.70052	0.00802724	0.896504	0.85953	1.4164	2.60285	4.32246	14124.8	11605.5	1.94089	1.00011
natural[235,4]	0.787371	0.00488166	0.491272	0.402829	0.199414	0.678131	1.75751	13561.8	8879.76	1.86353	1.0004
natural[236,1]	0.220889	0.00207627	0.156091	0.137797	0.0371835	0.182949	0.534246	4953.06	9596.54	0.680601	1.00057
natural[236,2]	0.212566	0.00071815	0.0920563	0.0830718	0.0933878	0.196666	0.388186	16120.0	10003.3	2.21506	1.00079
natural[236,3]	3.78112	0.00762339	1.03166	1.02724	2.22207	3.71084	5.59497	18708.8	12306.1	2.57078	1.00046
natural[236,4]	1.709	0.0042983	0.608329	0.602555	0.801631	1.66	2.79055	22352.7	11899.8	3.0715	1.00083
natural[237,1]	0.0449715	0.000324447	0.0362519	0.0280421	0.0071156	0.0352988	0.116065	12329.7	12104.4	1.69423	1.00043
natural[237,2]	3.52236	0.0128633	1.6162	1.3554	1.5278	3.23058	6.56677	18601.3	12281.9	2.556	1.00011
natural[237,3]	-0.84566	0.00571871	0.639393	0.590155	-2.07272	-0.715735	-0.0545271	14664.9	11018.6	2.01511	1.00012
natural[237,4]	-1.02293	0.0044012	0.535853	0.5332	-1.99858	-0.972234	-0.240161	16434.3	11756.6	2.25824	0.999956
natural[238,1]	0.234393	0.00238939	0.19552	0.14485	0.0348417	0.167312	0.658142	6471.71	9968.3	0.88928	1.00117
natural[238,2]	0.18565	0.00126284	0.128654	0.121312	0.0327875	0.157375	0.429312	8705.58	10201.5	1.19624	1.00047
natural[238,3]	2.01981	0.0113182	1.05817	0.929044	0.713007	1.79347	4.08356	10980.4	9698.45	1.50882	1.00042
natural[238,4]	0.304566	0.00801816	0.754921	0.62722	-0.64855	0.142327	1.80587	10521.3	9852.85	1.44573	1.00014
natural[239,1]	0.129873	0.00103606	0.102803	0.0749949	0.0227719	0.10307	0.333981	10148.2	10622.6	1.39447	1.0008
natural[239,2]	0.709769	0.00358357	0.390823	0.369718	0.200314	0.644889	1.45203	10317.5	9227.48	1.41773	1.00027
natural[239,3]	2.14152	0.00729266	0.758106	0.720008	1.07039	2.04474	3.50375	12197.6	9489.06	1.67607	1.00016
natural[239,4]	0.424169	0.00375216	0.316684	0.182702	0.0926067	0.350383	1.03028	11912.7	7247.2	1.63693	1.00095
natural[240,1]	0.089517	0.00067729	0.0673614	0.0509016	0.017872	0.0733168	0.21439	10423.3	10988.4	1.43227	1.00077
natural[240,2]	1.18638	0.00941631	0.893885	0.591083	0.316605	0.960737	2.77558	7090.63	7472.45	0.974324	1.00097
natural[240,3]	0.964676	0.00644851	0.493494	0.399529	0.418845	0.848233	1.88829	7529.79	7125.01	1.03467	1.00068
natural[240,4]	0.0892208	0.00172849	0.197336	0.149742	-0.251028	0.114555	0.32561	15501.1	7647.12	2.13001	1.00027
natural[241,1]	0.262679	0.00230198	0.181774	0.163963	0.0473336	0.218973	0.633395	4952.91	8851.77	0.68058	1.00129
natural[241,2]	0.141722	0.000724434	0.0902698	0.0679467	0.0420947	0.120701	0.310195	14149.6	9594.71	1.9443	1.00017
natural[241,3]	3.05095	0.00945328	1.13919	1.14028	1.35241	2.96447	5.1022	15582.8	10781.7	2.14123	1.00042
natural[241,4]	1.41178	0.00499404	0.682003	0.671872	0.425576	1.34484	2.62628	21573.1	12004.6	2.96436	1.00061
natural[242,1]	0.240021	0.00139796	0.160234	0.14808	0.0464322	0.205007	0.560023	12807.7	10570.3	1.75991	1.00045
natural[242,2]	0.352865	0.0019933	0.216426	0.193517	0.0912591	0.309665	0.768475	9666.17	9403.39	1.32823	1.00042
natural[242,3]	2.0343	0.00922911	0.895213	0.807161	0.880397	1.87777	3.72569	11306.3	9204.18	1.5536	1.00032
natural[242,4]	0.50327	0.00514947	0.490634	0.355881	-0.0777097	0.392034	1.47758	12376.4	8620.3	1.70064	1.00005
natural[243,1]	0.26861	0.00237372	0.170008	0.157514	0.0566177	0.232434	0.604911	4486.08	8001.59	0.616433	1.00128
natural[243,2]	0.199893	0.000691165	0.0906104	0.0791272	0.0835327	0.184473	0.368807	16287.0	11191.3	2.238	1.00015
natural[243,3]	3.50359	0.00823775	1.06913	1.05576	1.855	3.43922	5.37173	17613.0	11217.2	2.4202	1.00022
natural[243,4]	1.98473	0.00432965	0.610605	0.600809	1.07156	1.93911	3.06209	21656.7	11418.4	2.97585	1.00043
natural[244,1]	0.348665	0.00285165	0.226296	0.237134	0.058973	0.30104	0.785945	6175.73	9425.08	0.848608	1.00158
natural[244,2]	0.0816084	0.000742048	0.0827404	0.0437092	0.0130874	0.0559503	0.234744	11191.3	11126.0	1.53781	1.00083
natural[244,3]	2.44051	0.0135536	1.41859	1.51577	0.394037	2.31395	4.94817	11576.8	11361.6	1.59077	1.00047
natural[244,4]	1.07179	0.00666305	0.844452	0.867535	-0.149122	0.992204	2.56042	17867.5	11197.0	2.45518	1.00016
natural[245,1]	0.167195	0.000746393	0.0922819	0.0885685	0.0425899	0.153982	0.336872	13212.2	10083.7	1.81549	1.0002
natural[245,2]	0.943852	0.00380421	0.474569	0.424929	0.342112	0.857266	1.84568	13358.4	11348.8	1.83558	1.0001
natural[245,3]	2.30397	0.00774172	0.838817	0.811926	1.08531	2.21589	3.79964	12791.5	11063.9	1.75768	1.0004
natural[245,4]	0.891866	0.0037895	0.381641	0.316106	0.4446	0.806333	1.63526	14394.8	9097.58	1.97799	1.00045
natural[246,1]	0.161357	0.00117696	0.111251	0.0880127	0.0355891	0.136459	0.370719	11087.5	9473.64	1.52353	0.999993
natural[246,2]	0.871107	0.00784404	0.626758	0.563513	0.14176	0.726596	2.08381	4832.17	6073.11	0.663989	1.00044
natural[246,3]	1.17036	0.0120618	0.769781	0.507554	0.436968	0.930832	2.74916	5345.83	5519.67	0.734571	1.00029
natural[246,4]	0.310005	0.00447658	0.336823	0.160171	-0.0552356	0.248677	0.930619	9552.52	5583.08	1.31261	1.00061
natural[247,1]	0.192572	0.0013462	0.145547	0.120317	0.0312131	0.154816	0.488456	10543.3	11301.1	1.44876	1.0004
natural[247,2]	0.458515	0.00181968	0.245168	0.213271	0.159223	0.407969	0.924355	15905.7	12000.2	2.1856	1.00015
natural[247,3]	2.87801	0.00788126	0.9902	0.979509	1.43241	2.78366	4.66474	17093.0	12593.9	2.34876	1.00052
natural[247,4]	1.20206	0.0048346	0.556904	0.526573	0.477258	1.10758	2.25971	17700.9	10182.5	2.43229	1.00017
natural[248,1]	0.243249	0.00265273	0.195226	0.141854	0.0410245	0.179606	0.674595	5673.69	9103.94	0.779623	1.00106
natural[248,2]	0.289393	0.003199	0.241812	0.205914	0.0238446	0.230935	0.766734	4139.88	7039.94	0.568862	1.00029
natural[248,3]	0.894601	0.0178788	1.08414	0.492055	-0.091317	0.530544	3.31742	5537.15	4840.11	0.760861	1.0005
natural[248,4]	0.0515446	0.00991323	0.693803	0.414642	-0.788441	-0.0722472	1.52283	7026.45	5953.4	0.965506	1.00037
natural[249,1]	0.28757	0.00201164	0.176288	0.174017	0.0605106	0.253887	0.633168	6944.02	8771.64	0.954179	1.00047
natural[249,2]	0.361573	0.00119852	0.147384	0.135713	0.16283	0.337814	0.640686	15354.7	10302.9	2.10989	0.999953
natural[249,3]	3.78565	0.00811561	1.05145	1.0463	2.17526	3.72588	5.63436	17599.1	12052.1	2.41829	1.00001
natural[249,4]	2.04863	0.004219	0.593743	0.593825	1.15774	2.0016	3.107	21262.7	11732.8	2.92171	1.00014
natural[250,1]	0.37695	0.00257464	0.212223	0.231169	0.0817572	0.347722	0.771641	6347.99	8731.6	0.872278	1.00075
natural[250,2]	0.0861369	0.000486861	0.0653162	0.0472584	0.0183607	0.0690225	0.213534	14298.5	9983.15	1.96475	1.00008
natural[250,3]	2.66917	0.0101956	1.26811	1.31079	0.806401	2.56484	4.91281	17067.1	12079.9	2.34519	1.00027
natural[250,4]	1.2056	0.00559666	0.774515	0.773451	0.0569405	1.14353	2.57741	21215.8	11559.0	2.91526	1.00011
natural[251,1]	0.333546	0.00220064	0.211021	0.223144	0.0583155	0.293551	0.736151	8430.02	10184.7	1.15837	1.00042
natural[251,2]	0.223639	0.00302913	0.263045	0.126341	0.0214165	0.128316	0.761624	6081.56	10602.6	0.835669	1.00044
natural[251,3]	1.56186	0.0171291	1.36495	1.24797	0.0508117	1.18031	4.21949	7574.37	9273.38	1.0408	1.00071
natural[251,4]	0.719487	0.00788876	0.730861	0.555759	-0.17021	0.5274	2.19333	11649.3	8983.95	1.60073	1.00021
natural[252,1]	0.179825	0.00163551	0.126278	0.102301	0.0375357	0.147623	0.430122	5331.7	9440.97	0.732629	1.00109
natural[252,2]	0.30829	0.000931504	0.124446	0.117017	0.140727	0.288698	0.542398	16970.2	10588.5	2.33187	1.00014
natural[252,3]	3.96631	0.00786566	1.03063	1.00939	2.39924	3.89812	5.79025	18030.4	11795.4	2.47757	1.00095
natural[252,4]	2.00725	0.0043033	0.601771	0.601616	1.09507	1.96625	3.06668	21905.3	10736.8	3.01001	1.00003
natural[253,1]	0.211771	0.0011853	0.112342	0.111358	0.0527939	0.19865	0.41613	8449.64	9512.17	1.16107	1.00027
natural[253,2]	0.617607	0.00239012	0.291443	0.266839	0.241163	0.565275	1.17134	11828.1	9228.89	1.6253	1.00022
natural[253,3]	-0.057056	0.00288085	0.317137	0.252786	-0.644338	-0.00231198	0.339896	14378.7	11822.8	1.97578	1.00026
natural[253,4]	-0.376384	0.00302406	0.348394	0.322607	-1.03164	-0.322056	0.0899039	15825.5	10779.4	2.17459	1.00023
natural[254,1]	0.232218	0.00225152	0.168436	0.146754	0.0381112	0.188964	0.579441	5026.8	8347.32	0.690733	1.0005
natural[254,2]	0.223984	0.000758863	0.0985712	0.0881503	0.098063	0.207566	0.408206	16406.1	9877.33	2.25436	1.00061
natural[254,3]	3.81368	0.00726242	1.02334	1.02251	2.24245	3.7557	5.60489	20938.4	12299.4	2.87714	1.00003
natural[254,4]	1.78418	0.00407481	0.604955	0.595617	0.882031	1.73531	2.84616	24350.6	11317.2	3.34602	1.00018
natural[255,1]	0.163992	0.00111517	0.113635	0.0914612	0.034298	0.138782	0.380406	10898.8	10331.3	1.49761	1.00014
natural[255,2]	0.495048	0.00249486	0.27716	0.256549	0.140316	0.443537	1.01963	10176.0	9103.43	1.39829	1.00019
natural[255,3]	2.34103	0.00759097	0.796284	0.73875	1.21546	2.23951	3.81484	12371.1	10782.6	1.69992	1.001
natural[255,4]	0.503945	0.00395105	0.377526	0.255437	0.052121	0.425522	1.2307	12331.4	8304.75	1.69446	1.0001
natural[256,1]	0.252108	0.00173069	0.155857	0.145752	0.0556414	0.222492	0.556541	8560.52	9797.23	1.1763	1.00089
natural[256,2]	0.486916	0.00348601	0.310406	0.286759	0.0769655	0.43379	1.07276	5984.61	5281.24	0.822346	1.00056
natural[256,3]	0.534215	0.00943742	0.647095	0.271127	-0.0530921	0.393036	1.65202	8386.29	5017.37	1.15236	1.00096
natural[256,4]	-0.0460012	0.00491174	0.421624	0.276355	-0.632804	-0.0545311	0.541733	11167.8	5279.78	1.53457	1.0005
natural[257,1]	0.117702	0.00140738	0.103817	0.0676388	0.0188503	0.0873247	0.324204	4936.1	9024.21	0.67827	1.00073
natural[257,2]	0.610454	0.00197329	0.273383	0.260736	0.248645	0.566437	1.11739	18559.1	10561.4	2.55021	1.00013
natural[257,3]	3.47037	0.00852818	1.01921	1.01091	1.912	3.41076	5.23387	15052.8	11985.0	2.06841	1.00005
natural[257,4]	1.6967	0.00429119	0.554289	0.541219	0.903835	1.63184	2.70109	20045.7	10814.8	2.75448	1.00022
natural[258,1]	0.0894516	0.000772842	0.0671871	0.0567664	0.0146212	0.0727954	0.221735	7719.66	11042.0	1.06076	1.00078
natural[258,2]	1.37343	0.00344052	0.49087	0.464697	0.697186	1.31116	2.27243	19106.0	12626.7	2.62535	0.999948
natural[258,3]	1.42814	0.004479	0.517027	0.497178	0.724078	1.35599	2.38478	15951.9	10976.6	2.19195	0.999965
natural[258,4]	-0.28978	0.0019627	0.250231	0.237141	-0.757894	-0.254494	0.0529388	18203.0	12310.7	2.50128	0.999964
natural[259,1]	0.0549768	0.00041297	0.0445715	0.0324753	0.00973989	0.0439701	0.137064	9998.09	10676.8	1.37384	1.00014
natural[259,2]	2.73662	0.0163424	1.94406	1.33339	0.762185	2.26159	6.2393	12863.7	10779.3	1.7676	0.999945
natural[259,3]	1.98294	0.0072292	0.792202	0.780715	0.81624	1.9131	3.39067	12781.0	12080.2	1.75624	1.00052
natural[259,4]	0.637575	0.00280687	0.26773	0.190177	0.359658	0.570031	1.14649	11904.2	9708.34	1.63575	0.999958
natural[260,1]	0.247118	0.00285998	0.197786	0.14924	0.0392297	0.183615	0.682231	4525.04	9310.72	0.621787	1.0013
natural[260,2]	0.145104	0.00132778	0.127527	0.0961604	0.0187686	0.106266	0.397541	7671.76	11148.6	1.05418	1.00033
natural[260,3]	1.94121	0.0141212	1.27722	1.17205	0.394427	1.6442	4.45781	9510.9	11167.6	1.3069	1.00028
natural[260,4]	0.493895	0.00888011	0.838864	0.72202	-0.571849	0.296192	2.12757	10638.3	10587.0	1.46181	1.00023
natural[261,1]	0.225149	0.00210683	0.168815	0.144422	0.0356882	0.180622	0.57674	5392.74	10319.6	0.741017	1.00061
natural[261,2]	0.179685	0.000676836	0.0930578	0.0789612	0.0647211	0.161518	0.354204	17069.4	10109.6	2.34551	1.00005
natural[261,3]	3.44965	0.00806877	1.0499	1.02703	1.85886	3.3678	5.30609	18235.4	11423.1	2.50573	1.00014
natural[261,4]	1.45541	0.00472348	0.649414	0.636102	0.517963	1.3858	2.624	21591.4	11332.2	2.96688	1.00017
natural[262,1]	0.283745	0.00219237	0.189755	0.180057	0.0550308	0.237979	0.65962	6925.62	10923.0	0.951651	1.00094
natural[262,2]	0.161505	0.000974354	0.121788	0.080008	0.0413687	0.128043	0.39401	13682.1	10523.9	1.88006	1.0
natural[262,3]	2.66157	0.00957164	1.15275	1.18696	0.984349	2.54181	4.72165	15720.3	11804.3	2.16013	1.00021
natural[262,4]	1.16387	0.00526653	0.676343	0.682927	0.218415	1.08014	2.39311	19380.9	11647.3	2.66313	1.00045
natural[263,1]	0.137739	0.00124585	0.109519	0.0760886	0.0269435	0.109032	0.34793	8818.0	9005.8	1.21168	1.00014
natural[263,2]	0.494018	0.00310442	0.309269	0.27239	0.114743	0.432593	1.08878	7487.33	7599.05	1.02884	1.00009
natural[263,3]	1.49285	0.00971569	0.777388	0.646061	0.58058	1.32571	2.98869	8450.04	6645.01	1.16112	1.00008
natural[263,4]	0.167284	0.0047609	0.411016	0.262773	-0.358638	0.1171	0.911555	11937.7	5828.99	1.64036	1.00019
natural[264,1]	0.218542	0.00178621	0.155133	0.133975	0.0393686	0.179529	0.534932	6769.92	9186.78	0.930256	1.00052
natural[264,2]	0.286911	0.00116922	0.152535	0.125029	0.106146	0.254131	0.584793	15599.6	11515.2	2.14355	0.999972
natural[264,3]	2.98941	0.00855068	1.06824	1.06288	1.39034	2.89886	4.90044	16769.6	11489.2	2.30431	1.00089
natural[264,4]	1.51652	0.00438299	0.598017	0.587747	0.667718	1.44733	2.61093	21527.3	10956.9	2.95808	1.00006
natural[265,1]	0.0480904	0.000334362	0.0363231	0.0281637	0.00885555	0.0394517	0.116853	10402.5	11662.7	1.42941	1.00003
natural[265,2]	1.95494	0.0076995	0.987414	0.858784	0.706995	1.77043	3.7929	14931.8	10189.4	2.05178	1.00029
natural[265,3]	1.68426	0.00573509	0.62365	0.613134	0.808866	1.60201	2.83383	13864.0	10612.4	1.90506	0.999931
natural[265,4]	0.14853	0.000850238	0.106326	0.080128	-0.0374806	0.162195	0.283152	16127.1	11421.4	2.21602	0.999918
natural[266,1]	0.346593	0.00200206	0.18905	0.19536	0.0826525	0.320826	0.698869	8396.52	8845.5	1.15377	1.00044
natural[266,2]	0.15522	0.000784598	0.0973062	0.0749731	0.0465851	0.13153	0.342072	13476.4	10190.9	1.85179	1.0001
natural[266,3]	2.79356	0.0096897	1.15586	1.17947	1.07136	2.68766	4.82181	15702.5	12256.2	2.15769	1.00028
natural[266,4]	1.58781	0.00468525	0.646739	0.638573	0.643473	1.53219	2.74072	21212.5	11281.6	2.91481	1.00026
natural[267,1]	0.385992	0.00274412	0.220888	0.238482	0.0865588	0.348269	0.800026	6108.43	8540.32	0.83936	1.00101
natural[267,2]	0.201492	0.00379649	0.245408	0.100094	0.0133843	0.0899291	0.720521	4066.55	11164.9	0.558785	1.00093
natural[267,3]	1.5819	0.0224234	1.56667	1.51311	-0.150789	1.15592	4.58688	5046.66	10955.5	0.693463	1.00124
natural[267,4]	1.11007	0.00603221	0.708572	0.597469	0.125996	0.994735	2.45069	15462.3	11851.2	2.12467	1.00024
natural[268,1]	0.394217	0.00173382	0.201105	0.220405	0.105866	0.369782	0.762218	13047.4	10778.5	1.79285	1.00008
natural[268,2]	0.171777	0.00105268	0.130837	0.0948477	0.0369611	0.136009	0.427464	12437.0	10911.1	1.70897	0.999917
natural[268,3]	2.17804	0.0112992	1.14134	1.14098	0.67075	2.0003	4.31515	11954.1	10114.4	1.64261	1.00001
natural[268,4]	0.975619	0.00573306	0.68826	0.669236	0.0308079	0.879468	2.27121	16742.0	10668.4	2.30052	0.999878
natural[269,1]	0.319867	0.00255262	0.20022	0.20458	0.0598204	0.281757	0.708806	5359.97	8320.83	0.736514	1.00041
natural[269,2]	0.138836	0.000509857	0.067138	0.0591141	0.0528356	0.127042	0.265252	15033.5	8773.96	2.06575	1.00015
natural[269,3]	3.53687	0.00779292	1.05172	1.04514	1.94372	3.45625	5.39392	19570.7	12239.8	2.68921	1.00029
natural[269,4]	1.73412	0.00453707	0.651841	0.646661	0.760403	1.68441	2.87348	22574.1	10475.0	3.10191	1.00014
natural[270,1]	0.19499	0.00304301	0.175383	0.103613	0.0345485	0.130015	0.588741	3398.39	7372.69	0.466974	1.00101
natural[270,2]	0.764494	0.0148031	0.795007	0.597594	0.0341208	0.480678	2.34978	2315.11	6830.12	0.318119	1.00169
natural[270,3]	1.05967	0.0228154	1.13167	0.363336	0.223689	0.525322	3.59092	2921.14	5055.83	0.401394	1.00135
natural[270,4]	0.539416	0.00973238	0.580943	0.216448	0.0124931	0.329188	1.82091	5319.98	5873.01	0.73102	1.00091
natural[271,1]	0.0604593	0.000382674	0.0425845	0.0353007	0.0119539	0.0509146	0.137854	12579.9	9905.57	1.7286	0.999986
natural[271,2]	1.52893	0.00566798	0.740738	0.6699	0.564986	1.40082	2.91254	14628.7	10042.5	2.01013	1.00003
natural[271,3]	1.74798	0.00535369	0.626085	0.615785	0.843634	1.67702	2.88762	15504.6	10754.6	2.13049	1.00021
natural[271,4]	0.194472	0.000946217	0.121768	0.089597	-0.0130117	0.207063	0.354541	16963.0	9764.86	2.33088	1.00029
natural[272,1]	0.326227	0.00251302	0.216188	0.216715	0.0585433	0.277103	0.750368	6831.93	10662.3	0.938777	1.0006
natural[272,2]	0.148212	0.00168148	0.163465	0.0858002	0.0161752	0.0918959	0.468383	8182.71	11724.5	1.12439	1.00044
natural[272,3]	1.83155	0.0146867	1.36438	1.31305	0.201359	1.51269	4.4263	9952.18	11045.5	1.36753	1.00026
natural[272,4]	0.680842	0.00808865	0.824897	0.750515	-0.390594	0.502555	2.26356	12168.2	10582.3	1.67203	1.00026
natural[273,1]	0.0561985	0.00043799	0.0461784	0.0341903	0.00901737	0.0433255	0.148667	11055.8	10617.8	1.51917	1.00079
natural[273,2]	1.9798	0.0056287	0.803504	0.708854	0.939926	1.83678	3.4983	20259.3	12930.3	2.78384	1.0001
natural[273,3]	1.36481	0.00487235	0.545433	0.526089	0.637384	1.28378	2.37834	15219.8	10908.7	2.09136	1.00026
natural[273,4]	-0.251483	0.0018019	0.232527	0.219409	-0.685643	-0.215256	0.060497	18699.3	13635.0	2.56947	0.999993
natural[274,1]	0.202941	0.00173144	0.144739	0.119188	0.040149	0.165971	0.49611	5848.44	9642.71	0.803635	1.00047
natural[274,2]	0.293191	0.000981881	0.1259	0.114954	0.128587	0.271919	0.527292	16763.6	11565.2	2.30349	1.00005
natural[274,3]	3.75126	0.0079318	1.01125	1.01059	2.21803	3.67855	5.50858	16970.1	12926.1	2.33186	1.00009
natural[274,4]	1.79442	0.00425173	0.586571	0.583157	0.930021	1.73731	2.84111	20802.8	12081.7	2.85852	1.00039
natural[275,1]	0.285345	0.00213779	0.181909	0.176152	0.05663	0.245777	0.64153	6782.84	9460.3	0.932031	1.0001
natural[275,2]	0.227453	0.000780577	0.103687	0.0920382	0.0943003	0.208951	0.423935	16394.7	9879.4	2.2528	1.00029
natural[275,3]	3.38756	0.00782641	1.07829	1.08452	1.7512	3.30824	5.27893	20066.2	12180.1	2.7573	1.00009
natural[275,4]	1.86172	0.00425205	0.625661	0.624609	0.931634	1.81569	2.95371	23476.8	12924.5	3.22595	1.00017
natural[276,1]	0.0478542	0.00038829	0.0385157	0.0271923	0.00904698	0.0379223	0.119492	9978.41	11431.8	1.37114	1.00028
natural[276,2]	1.15401	0.00456353	0.560657	0.497548	0.442398	1.05495	2.19184	13525.6	11157.5	1.85856	1.00037
natural[276,3]	0.0662687	0.0016128	0.183687	0.138368	-0.289104	0.10248	0.28192	15357.5	11440.0	2.11027	1.0001
natural[276,4]	-0.599058	0.00316826	0.374832	0.36765	-1.2893	-0.55517	-0.0634702	15129.2	12272.9	2.07891	1.00009
natural[277,1]	0.205686	0.00158026	0.129066	0.104663	0.0541593	0.177253	0.460298	6135.22	9091.05	0.843042	1.00065
natural[277,2]	0.29049	0.000940332	0.124081	0.113938	0.128377	0.269727	0.524294	17249.8	10845.2	2.3703	1.0002
natural[277,3]	3.57613	0.00763137	1.04445	1.04655	1.97449	3.50026	5.40399	20086.7	12371.9	2.76012	1.00028
natural[277,4]	1.9174	0.00418636	0.603978	0.592701	1.01888	1.86982	2.98942	23387.6	11801.6	3.21369	1.00016
natural[278,1]	0.237163	0.00162401	0.16688	0.141718	0.0454263	0.195623	0.580752	9550.51	10686.2	1.31234	1.00009
natural[278,2]	0.230697	0.00148354	0.17272	0.121737	0.0556699	0.182732	0.571794	11286.3	11518.3	1.55086	0.999907
natural[278,3]	2.40781	0.0108459	1.09874	1.10441	0.905582	2.2634	4.43917	11573.4	10333.4	1.5903	0.999978
natural[278,4]	0.898589	0.00550601	0.634286	0.586394	0.0977009	0.777062	2.10026	17067.5	10076.9	2.34524	1.00017
natural[279,1]	0.263687	0.00190543	0.187133	0.163053	0.0484859	0.213911	0.652678	9156.37	10987.9	1.25818	1.00115
natural[279,2]	0.220538	0.00201804	0.210938	0.126911	0.0342061	0.154909	0.641792	9332.03	10721.2	1.28232	1.00031
natural[279,3]	2.00409	0.0126579	1.16406	1.11376	0.545927	1.77393	4.2204	9948.57	9563.15	1.36704	1.00049
natural[279,4]	0.644835	0.00688912	0.688816	0.564103	-0.205285	0.473787	1.99037	12776.9	10084.5	1.75568	1.00027
natural[280,1]	0.0502644	0.000309825	0.0366327	0.0307029	0.00899024	0.0420073	0.121355	14095.1	11566.0	1.93681	1.00001
natural[280,2]	3.82743	0.0234319	2.71354	1.66684	1.31313	3.13697	8.57813	18250.8	12133.7	2.50785	1.00016
natural[280,3]	1.3803	0.00531173	0.585415	0.580466	0.581745	1.2983	2.46471	14303.3	10312.6	1.96542	1.0001
natural[280,4]	0.0330558	0.00137194	0.162445	0.134367	-0.27895	0.0713098	0.216826	16206.5	13006.9	2.22694	1.00021
natural[281,1]	0.0758362	0.000495926	0.0546094	0.0488045	0.0124121	0.0627868	0.184856	11997.6	10697.4	1.64859	1.00031
natural[281,2]	3.31358	0.0167601	2.16767	1.48312	1.13443	2.7935	7.16948	18290.9	11215.0	2.51336	1.00011
natural[281,3]	1.40009	0.00523262	0.589319	0.586148	0.588366	1.32186	2.49348	14440.6	11550.3	1.98429	1.00031
natural[281,4]	0.112426	0.000794334	0.098977	0.0764989	-0.0771265	0.135522	0.223744	18402.8	12845.8	2.52873	1.00019
natural[282,1]	0.286504	0.00193258	0.182285	0.15756	0.0683063	0.24264	0.659549	8852.85	9704.43	1.21647	1.00062
natural[282,2]	0.243127	0.00264807	0.228564	0.162394	0.0250103	0.170934	0.712048	5868.51	9464.7	0.806392	1.00025
natural[282,3]	1.37383	0.0153309	1.17872	0.8421	0.173025	0.993038	3.81837	7514.2	8262.44	1.03253	1.00068
natural[282,4]	0.443258	0.00786761	0.686992	0.464196	-0.395749	0.284704	1.85844	9897.61	8322.56	1.36003	1.00036
natural[283,1]	0.092063	0.000671356	0.0700546	0.0544435	0.0166624	0.0743188	0.229737	10961.6	10839.0	1.50624	1.00016
natural[283,2]	1.08532	0.00356863	0.46791	0.435639	0.461079	1.0126	1.94354	15614.5	11640.6	2.14559	1.0002
natural[283,3]	1.65255	0.00508847	0.574771	0.556763	0.845221	1.58169	2.70571	14764.0	11602.8	2.02873	1.00005
natural[283,4]	-0.0372994	0.00143605	0.179968	0.15577	-0.368996	-0.00964995	0.19746	17717.8	11936.9	2.43461	1.00011
natural[284,1]	0.174397	0.0014779	0.117707	0.0940693	0.0403385	0.14638	0.40847	5678.2	8731.5	0.780242	1.00013
natural[284,2]	0.36338	0.00111083	0.153952	0.140876	0.160497	0.337865	0.651811	19079.2	11083.3	2.62168	1.00008
natural[284,3]	3.77579	0.00731107	1.02425	1.00165	2.20936	3.70587	5.57833	20480.6	11982.8	2.81424	1.00004
natural[284,4]	1.8874	0.0041506	0.593552	0.584329	1.01417	1.84155	2.94263	23116.0	12020.6	3.17637	1.00047
natural[285,1]	0.283789	0.00177882	0.187528	0.186483	0.0486024	0.243862	0.6506	10618.3	9721.34	1.45907	1.00038
natural[285,2]	0.268011	0.00110847	0.136664	0.122115	0.0962438	0.241895	0.530657	13744.1	11464.9	1.88858	1.00038
natural[285,3]	3.06529	0.00778231	0.979597	0.961902	1.63944	2.97269	4.81621	17906.3	11530.7	2.4605	1.00051
natural[285,4]	1.15998	0.00482212	0.571696	0.54012	0.393846	1.06818	2.22844	17571.9	10717.8	2.41455	1.00096
natural[286,1]	0.284357	0.00124	0.155911	0.157141	0.0723105	0.26123	0.575339	14988.5	10943.7	2.05958	1.00013
natural[286,2]	0.438316	0.00222372	0.262034	0.220498	0.136782	0.378329	0.950512	12051.7	11761.7	1.65602	0.999961
natural[286,3]	2.23554	0.00944861	0.993051	0.976854	0.897033	2.07151	4.06965	12989.9	11432.5	1.78495	1.00074
natural[286,4]	1.10543	0.00439535	0.506765	0.453816	0.475721	1.00405	2.08617	17151.2	10566.7	2.35674	1.00002
natural[287,1]	0.287896	0.0022218	0.170338	0.16842	0.0635047	0.259056	0.614257	5126.48	7039.55	0.70443	1.00048
natural[287,2]	0.192582	0.00064726	0.0847472	0.0752952	0.0827796	0.177948	0.350094	15752.1	10142.2	2.16449	1.0002
natural[287,3]	3.52427	0.00819439	1.07951	1.07093	1.86982	3.4517	5.42699	18220.9	12395.7	2.50373	1.00047
natural[287,4]	1.99665	0.00425093	0.622371	0.622957	1.05927	1.95707	3.09748	23005.3	11775.5	3.16116	1.00061
natural[288,1]	0.0621697	0.000348229	0.0404484	0.0347186	0.0138101	0.054114	0.138165	12145.2	11109.5	1.66888	1.00013
natural[288,2]	1.4587	0.00491745	0.668221	0.600193	0.595949	1.3405	2.7151	17548.6	11837.7	2.41136	1.00042
natural[288,3]	1.71347	0.00536987	0.610359	0.606758	0.838467	1.64566	2.81575	14578.7	10692.6	2.00327	1.00015
natural[288,4]	0.151871	0.00114998	0.148705	0.123561	-0.119322	0.172512	0.35017	17306.7	12099.3	2.37812	1.00013
natural[289,1]	0.250447	0.00169623	0.160672	0.150829	0.049561	0.217964	0.567252	7715.88	9884.11	1.06024	1.00044
natural[289,2]	0.217698	0.000874378	0.117909	0.101789	0.0736108	0.194714	0.443415	15846.0	10453.8	2.1774	1.00076
natural[289,3]	3.18449	0.00804572	0.992152	0.973248	1.72094	3.09391	4.96259	16643.7	11708.8	2.28701	1.00019
natural[289,4]	1.20802	0.00492362	0.609426	0.590003	0.362778	1.12896	2.32502	18477.0	10282.6	2.53893	1.00039
natural[290,1]	0.264513	0.00199417	0.179976	0.162037	0.0495037	0.22105	0.62959	7909.25	10630.8	1.08681	1.0006
natural[290,2]	0.161289	0.00100384	0.123291	0.0815199	0.0391773	0.127249	0.401418	13454.0	11097.7	1.84872	1.00022
natural[290,3]	2.64608	0.00983054	1.16971	1.19569	0.97052	2.52241	4.74202	15349.2	11502.2	2.10914	1.00029
natural[290,4]	1.15263	0.00539825	0.68816	0.677239	0.212564	1.05647	2.41621	19372.5	11028.5	2.66198	1.00012
natural[291,1]	0.11226	0.000744325	0.0794132	0.0672629	0.0211484	0.093875	0.267629	11323.2	11064.5	1.55593	1.00036
natural[291,2]	1.06558	0.00349912	0.458405	0.419196	0.465395	0.991368	1.93269	16140.9	11514.3	2.21793	1.00053
natural[291,3]	1.66005	0.00532786	0.598729	0.582979	0.805491	1.58996	2.74802	14354.8	11108.2	1.9725	1.00042
natural[291,4]	0.0656578	0.00127394	0.161087	0.134745	-0.220226	0.084204	0.284742	16433.0	10299.6	2.25807	1.00003
natural[292,1]	0.162169	0.00139075	0.110767	0.0805383	0.041575	0.136574	0.367682	8056.85	7460.76	1.10709	1.00059
natural[292,2]	0.812801	0.007698	0.584335	0.52215	0.107175	0.690431	1.93122	4177.69	4803.84	0.574057	1.00228
natural[292,3]	0.743854	0.0110112	0.62014	0.254311	0.283552	0.54912	1.97109	5743.88	4292.88	0.789267	1.00106
natural[292,4]	0.118582	0.00518241	0.332758	0.162934	-0.296855	0.103322	0.614667	10151.7	4192.8	1.39494	1.00134
natural[293,1]	0.408423	0.00249618	0.223549	0.250163	0.0896737	0.378933	0.814851	7579.45	9505.24	1.04149	1.00122
natural[293,2]	0.0791764	0.000528727	0.0686381	0.0429957	0.0153315	0.0599238	0.211242	15715.5	10615.5	2.15947	1.00016
natural[293,3]	2.5744	0.0109776	1.34664	1.39631	0.597259	2.46403	4.95465	16520.6	11919.9	2.2701	1.00031
natural[293,4]	1.28323	0.00564434	0.787566	0.789135	0.122588	1.21744	2.6742	21719.3	11411.9	2.98446	1.0
natural[294,1]	0.214751	0.00191666	0.176242	0.139783	0.0296741	0.159516	0.58824	7666.48	12006.9	1.05345	1.0002
natural[294,2]	0.298054	0.00138362	0.171147	0.147728	0.0951633	0.260563	0.626878	13165.1	10570.7	1.80902	1.00005
natural[294,3]	2.95056	0.00844291	0.97262	0.933489	1.56766	2.84064	4.72155	14728.2	11512.2	2.0238	1.0001
natural[294,4]	0.9669	0.00533367	0.586479	0.544604	0.23049	0.858529	2.08592	15489.0	10138.9	2.12834	1.00008
natural[295,1]	0.254349	0.00154384	0.165821	0.157205	0.0475248	0.220918	0.577959	10002.1	10562.5	1.37438	1.00021
natural[295,2]	0.230539	0.00118117	0.147797	0.119543	0.0647528	0.194281	0.525001	12960.2	10372.9	1.78087	1.00006
natural[295,3]	2.52486	0.00912887	1.04581	1.01738	1.07796	2.385	4.47357	15033.0	11149.5	2.06569	0.999943
natural[295,4]	0.939881	0.00519631	0.617883	0.570816	0.127223	0.833375	2.1051	17432.4	11512.7	2.39539	0.999927
natural[296,1]	0.0934258	0.001811	0.104053	0.0453185	0.0156061	0.0618732	0.28554	4246.23	4309.91	0.583475	1.00021
natural[296,2]	1.51538	0.0195647	1.34665	1.06825	0.117036	1.18528	3.98801	2921.02	3243.36	0.401379	1.00091
natural[296,3]	0.560962	0.0100565	0.522604	0.145714	0.250967	0.416454	1.40486	4873.59	3093.63	0.669681	1.0006
natural[296,4]	0.0612983	0.00400874	0.318482	0.143251	-0.384946	0.0857727	0.314591	9304.52	3471.66	1.27854	1.00069
natural[297,1]	0.142035	0.000742103	0.0749237	0.0702466	0.0416614	0.12996	0.280891	10048.9	10342.3	1.38082	1.00002
natural[297,2]	2.38605	0.00916302	1.19021	0.997391	0.947525	2.15287	4.63791	16396.9	11450.1	2.2531	0.999963
natural[297,3]	1.41828	0.00590572	0.579796	0.56481	0.622004	1.33646	2.48091	11065.7	10784.2	1.52054	1.00003
natural[297,4]	0.197073	0.000698376	0.0895617	0.0743549	0.0392763	0.207861	0.316952	16448.3	11487.0	2.26016	1.00009
natural[298,1]	0.245715	0.00203233	0.16296	0.15061	0.0467117	0.209667	0.56776	5496.82	8723.73	0.75532	1.00093
natural[298,2]	0.164415	0.000622977	0.0845102	0.072644	0.0599159	0.148805	0.323856	16352.7	10812.2	2.24702	1.00017
natural[298,3]	3.38102	0.00836368	1.05799	1.06266	1.80989	3.30766	5.23717	17255.9	11733.7	2.37113	1.00013
natural[298,4]	1.51107	0.00475835	0.632836	0.629165	0.586064	1.45041	2.63425	20937.8	10361.1	2.87706	1.00025
natural[299,1]	0.101603	0.00149161	0.0954714	0.0550749	0.0182279	0.0757566	0.27118	6176.06	6134.14	0.848653	1.00113
natural[299,2]	0.535091	0.00323748	0.29506	0.264066	0.143378	0.489855	1.08418	6185.39	4144.1	0.849936	1.00102
natural[299,3]	0.314	0.00797094	0.463099	0.217323	-0.165071	0.262364	0.851589	8721.9	4142.4	1.19848	1.00041
natural[299,4]	-0.482887	0.00515488	0.412211	0.330216	-1.12961	-0.465408	0.0209031	11528.2	5391.99	1.5841	1.0002
natural[300,1]	0.181933	0.000930169	0.0946815	0.0844885	0.0571829	0.167023	0.356472	10281.8	8063.26	1.41282	1.00139
natural[300,2]	1.21439	0.00646004	0.653657	0.614629	0.35644	1.10544	2.43701	7849.16	6687.72	1.07855	1.00064
natural[300,3]	0.176292	0.00176758	0.186599	0.118633	-0.122536	0.197106	0.394019	14818.9	10423.4	2.03626	1.00064
natural[300,4]	-0.106693	0.00248129	0.239507	0.185673	-0.56817	-0.0512365	0.159974	12396.9	9551.24	1.70346	1.00046
natural[301,1]	0.401595	0.00249426	0.211121	0.235245	0.0939502	0.380932	0.781652	6757.34	8064.56	0.928528	1.00091
natural[301,2]	0.0939985	0.000460192	0.060934	0.0477627	0.025164	0.0802809	0.209775	15080.0	10229.3	2.07214	1.00026
natural[301,3]	2.91339	0.00966035	1.20581	1.20602	1.08972	2.83588	5.02567	16525.4	12070.5	2.27076	1.00033
natural[301,4]	1.55164	0.00511159	0.703535	0.700477	0.502921	1.49439	2.78476	20389.6	11298.8	2.80173	1.00009
natural[302,1]	0.254778	0.00186127	0.177743	0.155021	0.0473508	0.209895	0.617879	9262.17	11188.4	1.27272	0.999904
natural[302,2]	0.295107	0.00297478	0.254235	0.188037	0.0408219	0.222847	0.794592	5883.02	9586.88	0.808388	1.00001
natural[302,3]	1.46155	0.0137543	1.04715	0.79395	0.368409	1.15359	3.63788	7364.08	8057.95	1.0119	1.00003
natural[302,4]	0.408317	0.0069115	0.602692	0.397544	-0.317701	0.267527	1.64862	10193.2	8420.61	1.40065	1.00013
natural[303,1]	0.158348	0.000874566	0.0807858	0.052563	0.0598755	0.143382	0.311417	8227.5	7697.3	1.13054	1.00103
natural[303,2]	2.90799	0.0206068	2.24727	1.57602	0.678726	2.3047	7.10854	10374.7	11218.7	1.42558	1.00016
natural[303,3]	2.30565	0.00949816	0.979074	0.975242	0.865133	2.21439	4.05874	10957.3	11944.3	1.50564	0.999934
natural[303,4]	1.23241	0.00451805	0.490631	0.466149	0.583438	1.15265	2.16305	13704.4	11164.8	1.88313	1.00042
natural[304,1]	0.162546	0.00122556	0.12406	0.0967182	0.0285644	0.129244	0.412042	9235.33	10819.8	1.26903	1.00053
natural[304,2]	0.648443	0.0028691	0.372026	0.308964	0.219252	0.560507	1.37193	14591.6	11881.4	2.00503	1.00052
natural[304,3]	2.38994	0.00883132	0.989527	0.982786	0.991284	2.27492	4.20164	13950.0	11754.0	1.91687	1.00023
natural[304,4]	1.21768	0.00440784	0.509087	0.478068	0.562622	1.12483	2.17952	16758.4	10949.4	2.30277	1.00014
Omega[1,2]	-0.636126	0.00434478	0.113322	0.110808	-0.802345	-0.648298	-0.432143	685.098	2118.78	0.0941394	1.01098
Omega[1,3]	0.291011	0.0052477	0.147174	0.149295	0.0415899	0.295679	0.522369	778.253	1515.03	0.10694	1.00457
Omega[1,4]	0.461725	0.00484706	0.134338	0.135151	0.232164	0.468231	0.671224	752.135	1369.95	0.103351	1.00407
Omega[2,1]	-0.636126	0.00434478	0.113322	0.110808	-0.802345	-0.648298	-0.432143	685.098	2118.78	0.0941394	1.01098
Omega[2,3]	-0.48696	0.0014688	0.084477	0.0852957	-0.619282	-0.490497	-0.34203	3300.1	6003.87	0.453468	1.00186
Omega[2,4]	-0.497693	0.0010443	0.0739099	0.0740657	-0.613532	-0.500389	-0.370697	4989.2	8632.97	0.685567	1.00058
Omega[3,1]	0.291011	0.0052477	0.147174	0.149295	0.0415899	0.295679	0.522369	778.253	1515.03	0.10694	1.00457
Omega[3,2]	-0.48696	0.0014688	0.084477	0.0852957	-0.619282	-0.490497	-0.34203	3300.1	6003.87	0.453468	1.00186
Omega[3,4]	0.816071	0.000976502	0.0518864	0.051081	0.723212	0.821271	0.891571	2791.32	6780.29	0.383555	1.00137
Omega[4,1]	0.461725	0.00484706	0.134338	0.135151	0.232164	0.468231	0.671224	752.135	1369.95	0.103351	1.00407
Omega[4,2]	-0.497693	0.0010443	0.0739099	0.0740657	-0.613532	-0.500389	-0.370697	4989.2	8632.97	0.685567	1.00058
Omega[4,3]	0.816071	0.000976502	0.0518864	0.051081	0.723212	0.821271	0.891571	2791.32	6780.29	0.383555	1.00137
