parameter	Mean	MCSE	StdDev	MAD	5%	50%	95%	ESS_bulk	ESS_tail	ESS_bulk/s	R_hat
mu_ext[1]	0.444466	0.00094809	0.0922475	0.0914848	0.292034	0.444787	0.596793	9532.67	16188.1	0.59779	1.00063
tau_ext[1]	1.20919	0.000724426	0.0746953	0.0744241	1.08988	1.20743	1.3337	10646.3	17883.4	0.667623	1.00078
mu[1]	-2.54332	0.0023903	0.171263	0.1672	-2.83323	-2.5395	-2.26889	5070.11	12819.8	0.317945	1.00245
mu[2]	-0.338946	0.00108629	0.109355	0.108423	-0.524234	-0.335623	-0.16437	10258.6	16221.5	0.643315	1.00058
mu[3]	1.08663	0.00195062	0.210264	0.205982	0.759666	1.07696	1.449	11994.1	17512.2	0.752146	1.00049
mu[4]	-1.43819	0.00154402	0.21036	0.206638	-1.80314	-1.42788	-1.11143	18793.8	22394.3	1.17856	1.00025
mu[5]	1.17126	0.000563511	0.0859348	0.085447	1.03007	1.16995	1.31392	23314.8	23760.2	1.46206	1.00015
tau[1]	1.19663	0.00129934	0.148849	0.148648	0.959693	1.19264	1.44922	13072.1	21777.1	0.819746	1.00051
tau[2]	1.25364	0.00128108	0.0982333	0.098341	1.09743	1.25035	1.42033	5958.99	13428.8	0.373686	1.00152
tau[3]	1.4449	0.00195072	0.193195	0.190003	1.14953	1.43214	1.78072	9784.64	17357.7	0.613592	1.00067
tau[4]	1.2303	0.00183532	0.191111	0.188809	0.940059	1.21698	1.56381	10749.5	18347.7	0.674095	1.00037
tau[5]	1.09484	0.000689253	0.082205	0.0817833	0.964427	1.09222	1.23378	14272.1	22397.6	0.895001	1.00022
natural[1,1]	0.0799245	0.000502763	0.0723582	0.0465472	0.0123986	0.0598492	0.216424	19566.6	22428.5	1.22701	1.00024
natural[1,2]	0.70243	0.00290974	0.473196	0.437837	0.132842	0.597961	1.62108	23618.3	22620.6	1.4811	1.00003
natural[1,3]	0.524246	0.00283756	0.467565	0.306587	0.0768058	0.388729	1.43013	31206.6	24110.0	1.95696	0.99999
natural[1,4]	0.189875	0.00133384	0.208615	0.122986	0.0138348	0.120066	0.591384	27875.5	24828.7	1.74806	1.00004
natural[1,5]	2.80411	0.00325801	0.731289	0.723484	1.64708	2.77691	4.04779	51461.5	25730.3	3.22713	0.999995
natural[1,6]	0.115237	0.0027547	0.519503	0.496554	-0.691507	0.087201	1.00861	36377.9	24187.5	2.28125	0.999931
natural[2,1]	0.0299906	0.000141096	0.0232685	0.0162946	0.0066963	0.0243888	0.0711959	31579.4	23652.9	1.98033	1.00004
natural[2,2]	1.55124	0.00365148	0.671182	0.673027	0.576402	1.4784	2.76706	32845.5	25812.5	2.05973	1.00006
natural[2,3]	1.80806	0.00462681	0.860151	0.812384	0.679753	1.66367	3.41452	40403.3	24175.6	2.53368	1.00038
natural[2,4]	0.272975	0.000969278	0.180107	0.16767	0.0450447	0.24361	0.59919	31640.3	23114.1	1.98415	1.00012
natural[2,5]	2.09488	0.00300197	0.70234	0.699486	0.962229	2.07662	3.28126	55452.7	24607.5	3.47742	1.00016
natural[2,6]	0.94711	0.00337878	0.658783	0.651331	-0.0728892	0.908819	2.09516	38575.0	26145.6	2.41902	1.00031
natural[3,1]	0.105579	0.000460898	0.0805073	0.0621419	0.019859	0.084819	0.263563	30059.4	22688.0	1.88502	1.00021
natural[3,2]	0.775312	0.00289504	0.471465	0.411953	0.207211	0.673103	1.69364	24399.3	22498.2	1.53007	1.00008
natural[3,3]	1.79438	0.00512252	0.892329	0.832326	0.64729	1.63718	3.47995	33920.9	25352.7	2.12717	1.00003
natural[3,4]	0.193294	0.000868605	0.164303	0.114745	0.0302547	0.14855	0.50382	41853.8	25158.7	2.62464	0.999976
natural[3,5]	0.93287	0.00271925	0.617732	0.612346	-0.074953	0.926237	1.95771	52007.5	26737.2	3.26137	1.00002
natural[3,6]	0.313176	0.00260199	0.49506	0.480595	-0.468227	0.294736	1.15029	37039.2	25659.3	2.32271	1.00006
natural[4,1]	0.0684386	0.000527958	0.0757082	0.0374625	0.00886292	0.0438899	0.213738	23282.8	22985.0	1.46006	1.00022
natural[4,2]	0.720674	0.00302408	0.463892	0.425558	0.156888	0.619976	1.61814	21304.9	21653.8	1.33602	1.00008
natural[4,3]	1.11837	0.00432357	0.708823	0.590741	0.281982	0.953778	2.50192	29033.8	23669.1	1.8207	1.00027
natural[4,4]	0.15633	0.000832984	0.154123	0.0975009	0.0181151	0.109912	0.447666	44025.3	25546.5	2.76081	0.999989
natural[4,5]	2.06097	0.00295755	0.673675	0.675663	0.985987	2.04415	3.19263	52559.8	25677.4	3.29601	1.00019
natural[4,6]	0.242434	0.00288965	0.518435	0.496374	-0.555017	0.208944	1.14344	33219.0	26063.3	2.08315	1.00005
natural[5,1]	0.154531	0.000997672	0.139174	0.0953819	0.0204276	0.109654	0.450399	20557.6	22293.4	1.28916	1.00058
natural[5,2]	0.213738	0.00111788	0.185867	0.124659	0.035937	0.158861	0.588105	28323.8	25358.1	1.77618	1.00032
natural[5,3]	1.10713	0.00465749	0.830264	0.709431	0.172006	0.900606	2.7594	36858.3	24733.4	2.31137	1.00015
natural[5,4]	0.166478	0.00108126	0.189792	0.098595	0.0157332	0.106438	0.518456	43665.2	24112.1	2.73823	0.999956
natural[5,5]	0.676855	0.00276765	0.611762	0.609908	-0.30943	0.667722	1.68653	49259.7	27025.7	3.08906	1.00029
natural[5,6]	0.669832	0.00187506	0.40829	0.4043	0.0160294	0.660379	1.35642	48539.2	25359.7	3.04388	1.00005
natural[6,1]	0.0958764	0.000352159	0.0591837	0.0510506	0.0229464	0.0865294	0.198749	25733.3	20105.5	1.61373	1.00037
natural[6,2]	2.77729	0.0125148	1.72867	1.71597	0.444325	2.53838	5.95897	16003.3	16047.7	1.00356	1.00028
natural[6,3]	0.785532	0.00333669	0.444772	0.271884	0.323487	0.686516	1.6018	23188.0	17192.7	1.45411	1.00021
natural[6,4]	0.15826	0.000677622	0.114089	0.0938566	0.0290441	0.137059	0.35256	28480.0	23402.4	1.78597	1.00014
natural[6,5]	1.60364	0.00442011	0.783437	0.784281	0.331109	1.59346	2.90759	31725.9	24822.8	1.98952	1.00033
natural[6,6]	-0.663444	0.00644159	0.934294	0.957341	-2.11061	-0.703967	0.941679	20759.1	24415.0	1.3018	1.00007
natural[7,1]	0.0283894	0.000286468	0.0360927	0.0145396	0.00439456	0.0189801	0.0790484	19285.0	17815.2	1.20936	1.00033
natural[7,2]	2.11071	0.00659547	0.96312	0.977509	0.468925	2.10931	3.7096	20251.7	13557.0	1.26998	1.00037
natural[7,3]	0.377052	0.0026564	0.306628	0.154887	0.108727	0.310621	0.862551	19669.4	14321.9	1.23346	1.00043
natural[7,4]	0.0945977	0.000444173	0.0776618	0.059898	0.0137144	0.0761566	0.23203	31952.9	22652.6	2.00376	1.00019
natural[7,5]	1.7057	0.00338693	0.687186	0.686935	0.593841	1.69587	2.85406	41431.5	23541.4	2.59816	1.00012
natural[7,6]	1.4034	0.00553004	0.858448	0.885109	0.0281879	1.38615	2.85228	23073.8	18785.1	1.44695	1.00014
natural[8,1]	0.0749811	0.000319877	0.0572968	0.0439717	0.0143631	0.0604471	0.18479	32837.2	22177.1	2.05921	1.00023
natural[8,2]	0.978296	0.00294515	0.571025	0.454746	0.334623	0.84815	2.07498	35002.8	25445.8	2.19501	1.0
natural[8,3]	1.9915	0.00489805	0.872339	0.813912	0.864268	1.83657	3.65127	35520.6	25754.0	2.22749	1.00031
natural[8,4]	0.34298	0.00126077	0.238773	0.211075	0.0593967	0.294445	0.78987	37458.4	24960.2	2.34901	1.00014
natural[8,5]	0.872675	0.00276772	0.648496	0.647277	-0.185375	0.868044	1.94057	55263.9	24595.5	3.46558	1.00002
natural[8,6]	-1.11697	0.00295852	0.577525	0.569287	-2.08128	-1.10731	-0.185099	38373.8	26709.6	2.40641	1.00023
natural[9,1]	0.207149	0.000809796	0.140778	0.12638	0.0378647	0.176572	0.486602	28139.8	23228.7	1.76464	1.00006
natural[9,2]	0.466941	0.00212381	0.333339	0.29206	0.0838909	0.387013	1.11311	22009.4	22292.1	1.3802	1.00028
natural[9,3]	0.805563	0.00435598	0.665022	0.483172	0.129058	0.613983	2.15214	30306.5	21155.9	1.90051	1.00001
natural[9,4]	0.364544	0.00240348	0.383857	0.243374	0.0277999	0.24155	1.12627	29374.8	23582.5	1.84208	1.00028
natural[9,5]	1.21089	0.00279385	0.584585	0.587834	0.267499	1.20208	2.18574	44268.5	26092.9	2.77606	1.0003
natural[9,6]	-0.318942	0.00274551	0.479564	0.466621	-1.06628	-0.337576	0.496029	31057.3	24431.4	1.9476	1.00012
natural[10,1]	0.130767	0.000655334	0.103103	0.0750453	0.025022	0.103556	0.329986	27091.6	22880.0	1.69891	1.00015
natural[10,2]	0.461861	0.0016463	0.298671	0.261153	0.101813	0.397909	1.03571	28893.5	23762.8	1.8119	1.00024
natural[10,3]	1.66798	0.0051656	0.921101	0.852694	0.459153	1.50803	3.40124	35478.8	23788.9	2.22486	1.00025
natural[10,4]	0.435926	0.0022331	0.396063	0.302059	0.0411897	0.31993	1.22507	33397.1	25506.3	2.09432	1.00009
natural[10,5]	0.983305	0.00280341	0.630508	0.630231	-0.0386529	0.974403	2.03583	50899.8	26944.6	3.19191	1.00011
natural[10,6]	0.683339	0.00213465	0.442456	0.431928	-0.0417278	0.679567	1.4114	43199.8	27580.4	2.70905	1.0001
natural[11,1]	0.0502353	0.000289616	0.0438604	0.0301907	0.00788224	0.03773	0.134281	22329.4	23639.3	1.40027	1.00029
natural[11,2]	1.30432	0.00329368	0.55956	0.560212	0.487654	1.24978	2.31578	27261.2	21041.3	1.70954	1.00009
natural[11,3]	1.79564	0.00473123	0.834907	0.785926	0.691812	1.65751	3.36379	35304.1	23914.7	2.21391	0.999891
natural[11,4]	0.150049	0.000633285	0.118495	0.0938737	0.0235772	0.120279	0.374587	37523.1	24053.6	2.35306	1.00023
natural[11,5]	2.6939	0.00345294	0.762531	0.751813	1.47642	2.67122	3.99011	49993.7	23726.7	3.13509	1.00053
natural[11,6]	0.931693	0.00312297	0.611259	0.59435	-0.0118105	0.89249	1.98638	39799.7	24662.1	2.49582	1.00015
natural[12,1]	0.0478355	0.000167811	0.0316048	0.027922	0.0103729	0.0412522	0.106756	32639.7	22715.1	2.04682	1.00006
natural[12,2]	2.68512	0.00554984	1.05329	1.03072	1.16435	2.57217	4.59115	34753.4	26093.2	2.17937	1.00003
natural[12,3]	1.81453	0.00449901	0.821319	0.766235	0.757041	1.66589	3.36394	39287.4	25351.5	2.4637	1.0001
natural[12,4]	0.221681	0.000607006	0.111713	0.104202	0.0639152	0.210403	0.415401	32388.7	22248.4	2.03109	1.00007
natural[12,5]	1.76509	0.00274282	0.689765	0.687515	0.654986	1.75244	2.91848	64279.4	24424.8	4.03094	1.00059
natural[12,6]	0.700966	0.00375266	0.766567	0.765395	-0.492732	0.671604	2.00623	41934.9	25280.2	2.62973	1.00016
natural[13,1]	0.0903005	0.000388109	0.0695454	0.0530827	0.0171373	0.0724276	0.224599	34608.4	23890.3	2.17028	1.00012
natural[13,2]	1.01781	0.00330869	0.534754	0.518286	0.297645	0.934975	2.01668	23796.9	21778.3	1.4923	0.999965
natural[13,3]	1.2745	0.00413736	0.732864	0.635309	0.392342	1.11397	2.69234	36148.5	25473.4	2.26686	1.00003
natural[13,4]	0.408005	0.00174218	0.318665	0.257705	0.0589361	0.33268	1.01941	37294.3	24948.1	2.33871	1.00003
natural[13,5]	1.42786	0.0030207	0.71421	0.711959	0.284185	1.41128	2.63856	56630.8	25103.7	3.5513	1.00026
natural[13,6]	1.11006	0.00325053	0.588945	0.566228	0.201224	1.07791	2.13294	33838.6	24230.0	2.12201	1.00019
natural[14,1]	0.140441	0.000534325	0.092962	0.0824163	0.0289451	0.121412	0.318742	27694.5	22280.5	1.73671	1.00018
natural[14,2]	0.509728	0.00154633	0.267848	0.232104	0.175046	0.458375	1.02229	28216.4	22356.5	1.76944	1.00008
natural[14,3]	2.41181	0.00580274	1.03071	1.00313	0.96453	2.28483	4.30029	33587.3	23926.4	2.10625	1.00006
natural[14,4]	0.269941	0.00118053	0.218236	0.165683	0.0419641	0.211967	0.698113	38223.7	25003.0	2.397	1.0002
natural[14,5]	-0.0608458	0.0025777	0.573391	0.575003	-0.995014	-0.062069	0.871985	49726.3	27818.5	3.11832	0.99998
natural[14,6]	0.22082	0.00231146	0.443076	0.437971	-0.501651	0.217195	0.9523	37391.1	25796.8	2.34478	1.00017
natural[15,1]	0.123268	0.000679538	0.112208	0.0765306	0.016559	0.0881716	0.35124	31628.8	24891.3	1.98343	1.00027
natural[15,2]	0.536815	0.00198856	0.371657	0.331549	0.100416	0.452747	1.26415	31644.3	22043.7	1.9844	1.00012
natural[15,3]	1.75389	0.00493829	1.03768	1.03694	0.348823	1.60051	3.64496	47418.9	22256.8	2.97362	0.999994
natural[15,4]	0.280184	0.00152653	0.284324	0.180076	0.026175	0.189533	0.844108	49403.8	24140.6	3.0981	1.00032
natural[15,5]	1.45901	0.00378565	0.848491	0.839342	0.0917338	1.44006	2.90333	51479.6	22648.3	3.22827	1.00028
natural[15,6]	2.41112	0.00290861	0.618282	0.607367	1.46281	2.37579	3.47651	48509.4	23069.0	3.04201	1.00032
natural[16,1]	0.12697	0.000756285	0.116087	0.074052	0.0197108	0.0910808	0.359092	27285.2	23308.3	1.71104	1.00014
natural[16,2]	0.43954	0.00160893	0.31922	0.279517	0.0716939	0.363278	1.0625	34885.5	23498.9	2.18766	1.00013
natural[16,3]	2.15318	0.00524416	1.09557	1.09225	0.579395	2.02868	4.15866	44860.3	23915.1	2.81317	1.00028
natural[16,4]	0.399644	0.00214677	0.381963	0.265268	0.0384693	0.280093	1.15376	41161.0	25147.2	2.5812	0.999999
natural[16,5]	0.485128	0.00330558	0.743963	0.730857	-0.716999	0.477542	1.72971	51334.1	25121.4	3.21915	1.00038
natural[16,6]	1.98701	0.00244106	0.534242	0.528536	1.1475	1.96499	2.90217	49487.3	25701.6	3.10333	1.0001
natural[17,1]	0.129466	0.000709847	0.114552	0.0774322	0.0193243	0.0950114	0.363842	28939.9	23819.3	1.81481	1.00024
natural[17,2]	0.455398	0.00157456	0.329484	0.28385	0.0797668	0.37457	1.09763	37190.0	22571.1	2.33217	1.00019
natural[17,3]	1.796	0.00510065	1.06902	1.05034	0.350748	1.63609	3.80455	48490.5	23337.9	3.04082	1.00043
natural[17,4]	0.366658	0.00228794	0.389578	0.235441	0.0288792	0.235847	1.16263	42078.1	24757.5	2.6387	1.00021
natural[17,5]	1.27249	0.00366056	0.857941	0.856694	-0.100589	1.25896	2.72608	56064.4	24368.8	3.51578	1.00043
natural[17,6]	2.71266	0.00297118	0.650314	0.639786	1.70934	2.67779	3.84075	51019.9	24712.9	3.19944	1.00041
natural[18,1]	0.154694	0.000660947	0.10729	0.0982081	0.0265366	0.13078	0.364513	25615.6	22938.4	1.60635	1.00006
natural[18,2]	0.860145	0.00314892	0.515952	0.416974	0.282008	0.728067	1.88698	25351.2	25656.9	1.58976	1.00017
natural[18,3]	2.04518	0.00667745	1.02177	0.982697	0.757444	1.84309	3.99648	24470.9	24520.1	1.53456	1.00031
natural[18,4]	0.240304	0.00107872	0.194514	0.144525	0.0398598	0.188841	0.615082	34281.5	25034.9	2.14978	1.00012
natural[18,5]	0.145859	0.00265121	0.636398	0.643424	-0.895521	0.14386	1.18982	58392.3	26117.1	3.66176	1.00034
natural[18,6]	-0.62637	0.00326289	0.55629	0.531184	-1.50469	-0.644032	0.314801	30129.0	23812.0	1.88938	1.00015
natural[19,1]	0.0381327	0.000189316	0.0318371	0.0222188	0.00660585	0.0291924	0.100234	28772.7	23768.8	1.80433	1.00013
natural[19,2]	2.86585	0.00717034	1.37095	1.28256	1.07641	2.63545	5.4383	36741.2	28499.7	2.30403	1.00001
natural[19,3]	2.01324	0.00486673	0.863047	0.817807	0.879419	1.86454	3.6273	35300.4	23104.5	2.21368	1.00036
natural[19,4]	0.173841	0.000529945	0.104629	0.100321	0.0380514	0.156838	0.36235	38172.4	25962.4	2.39378	1.00028
natural[19,5]	1.23393	0.00325586	0.754052	0.746556	-0.000181641	1.22705	2.48845	54072.4	25978.2	3.39086	1.00039
natural[19,6]	-0.618543	0.00427673	0.803295	0.793728	-1.88665	-0.644675	0.750427	35745.0	25897.8	2.24156	1.00001
natural[20,1]	0.101198	0.000461913	0.0716206	0.0613603	0.0185802	0.0839284	0.241386	22512.8	22250.9	1.41177	1.00007
natural[20,2]	1.22817	0.0032317	0.557333	0.507978	0.512449	1.13219	2.27949	29499.9	24322.2	1.84993	1.00013
natural[20,3]	2.94071	0.0058447	1.03071	1.00949	1.45921	2.83145	4.8023	33086.8	24006.5	2.07487	1.0001
natural[20,4]	0.312568	0.0011343	0.202744	0.182281	0.0650142	0.273373	0.693122	31865.2	25363.5	1.99825	1.00001
natural[20,5]	-0.240202	0.00313557	0.678207	0.672479	-1.36791	-0.231185	0.860811	47307.5	26067.7	2.96664	1.00056
natural[20,6]	-0.492228	0.00328744	0.600086	0.580702	-1.46466	-0.499459	0.503165	33690.4	23762.2	2.11272	0.999993
natural[21,1]	0.0698579	0.000459751	0.0716346	0.0421837	0.00802192	0.0467712	0.210314	25599.5	23243.1	1.60534	1.00025
natural[21,2]	2.2176	0.0109202	1.69569	1.51447	0.296133	1.82414	5.52294	19190.0	20484.4	1.2034	1.00019
natural[21,3]	0.767324	0.00451089	0.567689	0.28353	0.265271	0.58488	1.91185	20981.1	18227.8	1.31572	1.00039
natural[21,4]	0.146553	0.00073065	0.12633	0.0891548	0.0219195	0.113755	0.375894	32005.5	22673.2	2.00705	1.00009
natural[21,5]	1.46438	0.00365949	0.759214	0.759063	0.231635	1.45556	2.73676	43132.6	25043.1	2.70483	1.00027
natural[21,6]	-1.2042	0.00533579	0.828002	0.818265	-2.47201	-1.26099	0.263447	23618.6	26275.4	1.48112	1.00016
natural[22,1]	0.127265	0.00073635	0.118683	0.0768038	0.017037	0.0888138	0.372268	30220.0	23868.9	1.89509	1.00009
natural[22,2]	0.47991	0.00172157	0.345879	0.294912	0.0860349	0.396943	1.16715	36305.0	22349.0	2.27668	1.00002
natural[22,3]	1.75472	0.00497667	1.05053	1.0338	0.342876	1.59092	3.71204	48903.6	22771.4	3.06673	1.00016
natural[22,4]	0.366364	0.00229974	0.395579	0.233286	0.0280851	0.232407	1.17235	42882.3	24611.5	2.68914	1.00015
natural[22,5]	1.36111	0.00360254	0.869454	0.866372	-0.0258348	1.34837	2.81858	59400.1	24271.1	3.72496	1.00063
natural[22,6]	2.67279	0.00300263	0.664282	0.651502	1.64096	2.64014	3.81643	51491.9	24761.5	3.22904	1.00019
natural[23,1]	0.111789	0.000608499	0.0956631	0.0636621	0.0196346	0.0841648	0.297566	27323.2	23831.5	1.71343	1.00039
natural[23,2]	0.697136	0.00274898	0.431554	0.387874	0.166658	0.608393	1.53197	22300.2	20448.9	1.39844	1.00025
natural[23,3]	1.66217	0.00540533	0.891015	0.823237	0.524157	1.49759	3.35845	28856.4	25339.8	1.80958	1.0004
natural[23,4]	0.189511	0.000836803	0.162404	0.116338	0.0274795	0.14574	0.497649	43816.2	25033.4	2.7477	1.00042
natural[23,5]	1.20229	0.00276313	0.643378	0.642397	0.166363	1.1898	2.28256	54713.9	24876.5	3.43109	1.00023
natural[23,6]	0.729311	0.00269557	0.493974	0.470621	-0.0323583	0.70502	1.58588	35945.5	24101.6	2.25413	1.00007
natural[24,1]	0.0254799	0.000178849	0.0250821	0.0143762	0.00408182	0.0185334	0.0694287	21547.3	22757.2	1.35122	1.00017
natural[24,2]	6.44214	0.0340344	4.59921	3.61942	1.42514	5.38767	14.7487	14070.5	16987.2	0.882357	1.00038
natural[24,3]	0.354933	0.000873619	0.12306	0.0800667	0.183864	0.358916	0.481552	27114.4	20522.6	1.70033	1.00031
natural[24,4]	0.332137	0.00103611	0.1289	0.113909	0.0746608	0.359941	0.494181	17939.8	15100.3	1.125	1.00041
natural[24,5]	2.57278	0.00432448	0.755679	0.751363	1.36706	2.55414	3.85847	30949.6	24956.4	1.94084	1.00012
natural[24,6]	0.255629	0.00539659	0.886605	0.889788	-1.18892	0.244208	1.72329	26804.7	20487.8	1.68091	0.999972
natural[25,1]	0.252434	0.000645514	0.1129	0.104475	0.0930437	0.238286	0.4603	28729.3	17552.9	1.8016	1.00028
natural[25,2]	0.867675	0.00413704	0.570474	0.524628	0.179342	0.743163	1.95823	17022.1	22419.5	1.06745	1.00008
natural[25,3]	1.08549	0.00495619	0.699714	0.520154	0.322905	0.900215	2.47163	23141.2	21146.4	1.45118	1.00024
natural[25,4]	0.325589	0.00154717	0.263363	0.199647	0.0474807	0.261491	0.820147	29206.8	23305.0	1.83155	1.0
natural[25,5]	1.08191	0.0031413	0.621666	0.620015	0.0799602	1.07342	2.13114	39785.3	27521.7	2.49492	1.00027
natural[25,6]	0.171365	0.00275856	0.487336	0.474928	-0.603649	0.158343	0.99244	31921.8	24691.5	2.0018	1.00009
natural[26,1]	0.159645	0.000636051	0.112283	0.0999787	0.0283059	0.134955	0.37845	29312.4	23326.9	1.83817	1.00008
natural[26,2]	0.668597	0.0022933	0.374147	0.353802	0.176027	0.607507	1.36883	24176.7	20701.1	1.51611	1.00002
natural[26,3]	1.81457	0.00531928	0.997446	0.985644	0.450174	1.67528	3.65478	38697.3	24343.3	2.4267	1.00009
natural[26,4]	0.217911	0.00111393	0.198823	0.134331	0.0293365	0.161346	0.599515	44440.3	24692.0	2.78683	1.00005
natural[26,5]	1.44693	0.00365962	0.762607	0.752859	0.208208	1.43159	2.72726	44191.9	25511.4	2.77126	1.00003
natural[26,6]	1.91432	0.00287016	0.583067	0.563659	1.0212	1.87875	2.93061	44357.8	24569.5	2.78166	0.999993
natural[27,1]	0.0509982	0.000295984	0.0463901	0.0292663	0.00831919	0.037755	0.137385	25092.5	23087.0	1.57354	1.00022
natural[27,2]	2.73925	0.0129514	1.9042	1.56826	0.575124	2.28341	6.46979	18477.2	21129.0	1.1587	1.00035
natural[27,3]	0.697341	0.0025625	0.360722	0.200324	0.35129	0.59861	1.39473	25510.8	20353.0	1.59977	1.0001
natural[27,4]	0.28765	0.00101044	0.168693	0.170221	0.0471018	0.281776	0.558642	26020.1	21302.8	1.63171	1.0003
natural[27,5]	2.74818	0.00374977	0.754933	0.746743	1.55314	2.7296	4.03793	41188.8	24532.8	2.58294	1.00046
natural[27,6]	-0.976297	0.00445944	0.780518	0.771307	-2.2085	-1.00473	0.353937	30461.4	25965.2	1.91022	1.00046
natural[28,1]	0.0755236	0.0005637	0.0800207	0.0405319	0.0111612	0.0503761	0.229547	22712.0	23272.7	1.42426	1.00049
natural[28,2]	0.412924	0.00163571	0.291451	0.244108	0.0818238	0.34218	0.986966	28815.7	24144.3	1.80702	1.00012
natural[28,3]	1.34721	0.00453623	0.810332	0.736154	0.320477	1.1889	2.89553	33029.9	23964.5	2.07129	1.00005
natural[28,4]	0.140525	0.000773235	0.140995	0.0857109	0.0162952	0.0978672	0.407367	41264.4	24591.0	2.58768	1.00005
natural[28,5]	1.37343	0.00264215	0.582703	0.579355	0.421149	1.36901	2.34653	48963.4	27477.2	3.07048	1.00011
natural[28,6]	-0.272128	0.00215164	0.424953	0.413157	-0.96243	-0.274944	0.435219	39701.3	25040.3	2.48966	1.00019
natural[29,1]	0.144441	0.000770691	0.125322	0.0898489	0.0201706	0.10656	0.40162	29281.0	24327.2	1.8362	1.00002
natural[29,2]	0.416337	0.00149194	0.310369	0.258323	0.0717432	0.339395	1.02995	38877.8	21769.0	2.43801	1.00014
natural[29,3]	1.7203	0.00499591	1.04943	1.03381	0.328801	1.55475	3.68268	48711.3	22286.4	3.05467	1.0001
natural[29,4]	0.34896	0.00221186	0.383171	0.218619	0.0275369	0.219731	1.11744	47364.2	24625.5	2.9702	1.00005
natural[29,5]	1.18156	0.00388474	0.894445	0.883434	-0.25938	1.16468	2.67788	53810.6	23799.2	3.37444	0.999931
natural[29,6]	3.1402	0.00333144	0.72451	0.716544	2.02567	3.10053	4.4028	50122.8	23905.9	3.14318	1.00051
natural[30,1]	0.102666	0.000566089	0.0928983	0.0617017	0.0150705	0.0749382	0.287939	30916.9	24530.1	1.93879	1.0003
natural[30,2]	0.668869	0.00303898	0.478014	0.426505	0.115707	0.552547	1.62034	22727.0	23322.5	1.42521	1.00015
natural[30,3]	0.893776	0.00428746	0.664585	0.485461	0.194478	0.709447	2.23436	27351.6	23402.6	1.71521	1.00008
natural[30,4]	0.179195	0.000965194	0.174399	0.112203	0.0206144	0.128505	0.503389	43162.6	25814.1	2.70671	1.00005
natural[30,5]	1.2824	0.00267541	0.605962	0.60391	0.303283	1.27321	2.3019	51516.9	27095.5	3.23061	1.0004
natural[30,6]	-0.0868219	0.00313144	0.526025	0.496092	-0.884315	-0.121042	0.841115	29027.0	23630.9	1.82028	1.00023
natural[31,1]	0.0480407	0.00026043	0.0427488	0.030845	0.00605557	0.0344935	0.135258	24886.5	23852.4	1.56062	1.00025
natural[31,2]	7.09989	0.025228	4.80774	3.45895	2.08494	6.0035	15.4736	39906.4	29198.4	2.50252	1.0001
natural[31,3]	1.77546	0.00501079	0.851956	0.786942	0.73137	1.59888	3.42413	34730.5	25009.9	2.17794	1.00021
natural[31,4]	0.258348	0.000669453	0.127978	0.136933	0.0644067	0.251959	0.471403	34643.7	25384.1	2.1725	1.00012
natural[31,5]	1.53956	0.00391894	0.880579	0.879546	0.118895	1.52562	3.00182	51701.0	24707.1	3.24215	1.00023
natural[31,6]	0.182759	0.00501188	1.04975	1.04594	-1.47531	0.143193	1.94916	43968.7	24695.2	2.75726	1.00025
natural[32,1]	0.129604	0.000684784	0.114195	0.0800818	0.0181278	0.0950239	0.36022	28396.1	23355.3	1.78071	1.00008
natural[32,2]	0.481724	0.0017618	0.35152	0.294551	0.0852618	0.397074	1.18437	36808.5	22486.7	2.30825	0.999965
natural[32,3]	1.75448	0.00505479	1.04688	1.03953	0.346859	1.59733	3.68832	47228.5	24308.1	2.96168	1.00017
natural[32,4]	0.38329	0.00246428	0.410922	0.245349	0.029361	0.24235	1.2227	38722.6	24972.8	2.42828	1.00007
natural[32,5]	1.32925	0.00373603	0.865652	0.857783	-0.0578556	1.30788	2.78237	55013.4	25424.5	3.44987	1.00018
natural[32,6]	2.72682	0.00304535	0.658013	0.650486	1.71397	2.69138	3.87508	49774.0	23665.0	3.12131	1.00029
natural[33,1]	0.0858902	0.000304343	0.0556313	0.0500801	0.0180449	0.0745163	0.193675	30567.4	21579.3	1.91687	1.00024
natural[33,2]	0.945101	0.00318806	0.538809	0.454348	0.317105	0.820865	1.98573	26954.5	27775.1	1.69031	0.999919
natural[33,3]	1.92893	0.00566966	0.903062	0.844664	0.798317	1.75221	3.6511	26954.0	25197.2	1.69027	1.0001
natural[33,4]	0.203585	0.000858795	0.158329	0.121492	0.0349775	0.163443	0.505008	36932.3	24298.8	2.31601	1.00022
natural[33,5]	0.432024	0.00253072	0.625046	0.622725	-0.591997	0.431533	1.45851	61277.6	23858.5	3.8427	1.00005
natural[33,6]	-0.746885	0.00332881	0.565637	0.546215	-1.65364	-0.757167	0.194331	29410.8	23292.5	1.84434	1.00032
natural[34,1]	0.125257	0.000463932	0.0775357	0.0645256	0.0318971	0.110715	0.267399	28641.3	20872.2	1.79609	1.0003
natural[34,2]	1.57993	0.0141557	1.94982	0.832623	0.180869	0.931263	5.1782	16375.6	23498.9	1.02691	1.00029
natural[34,3]	1.41939	0.00538676	0.815125	0.642471	0.556472	1.18584	3.05271	25272.5	23416.9	1.58483	1.00017
natural[34,4]	0.371082	0.00138708	0.263331	0.222424	0.0573589	0.332177	0.859616	34492.7	22920.0	2.16302	1.00003
natural[34,5]	0.729467	0.00340466	0.733225	0.729532	-0.456132	0.721101	1.95014	47085.7	25107.9	2.95273	1.00013
natural[34,6]	-1.93817	0.0040129	0.698019	0.666492	-3.06916	-1.94091	-0.794597	30822.4	23765.9	1.93286	1.00017
natural[35,1]	0.0846653	0.000437195	0.0716367	0.0481058	0.0148022	0.06635	0.214814	28964.4	22036.9	1.81635	1.00016
natural[35,2]	0.756881	0.0035379	0.560475	0.517236	0.10675	0.620671	1.86259	22501.6	23594.5	1.41107	1.00016
natural[35,3]	0.643607	0.00352364	0.541165	0.351923	0.112486	0.485602	1.73501	27386.6	23191.5	1.7174	1.0
natural[35,4]	0.120793	0.000705003	0.124298	0.0732337	0.0144591	0.0851115	0.348047	41101.4	24483.7	2.57746	1.00003
natural[35,5]	1.54289	0.00279557	0.64298	0.64119	0.503823	1.52983	2.61559	53100.5	27264.7	3.32991	1.00038
natural[35,6]	-0.97049	0.00361045	0.598902	0.571583	-1.9003	-1.00155	0.0731903	27868.0	24582.2	1.74759	0.999928
natural[36,1]	0.0883722	0.000522213	0.0805594	0.0506572	0.013747	0.0644064	0.246863	25582.4	24071.1	1.60426	1.00022
natural[36,2]	0.770501	0.00315412	0.491484	0.468722	0.158852	0.669708	1.72285	22440.4	23156.5	1.40723	1.00011
natural[36,3]	0.766698	0.00351885	0.574783	0.422264	0.147149	0.61672	1.88304	30585.4	24300.7	1.918	1.00022
natural[36,4]	0.183306	0.000973074	0.181417	0.118373	0.0191582	0.128841	0.525361	41234.2	25595.0	2.58578	1.00013
natural[36,5]	2.27597	0.00303774	0.698817	0.699225	1.16891	2.25513	3.45902	54457.7	25370.3	3.41503	1.00022
natural[36,6]	0.534348	0.00320152	0.546506	0.519527	-0.288139	0.491505	1.50031	29758.6	23986.6	1.86615	1.00009
natural[37,1]	0.136817	0.000702052	0.122516	0.0828831	0.0199111	0.0985709	0.388962	33808.3	23768.5	2.12011	1.00005
natural[37,2]	0.429381	0.00155345	0.334582	0.265861	0.0705002	0.338762	1.09136	44721.5	22856.1	2.80447	1.00025
natural[37,3]	1.74551	0.00500168	1.06485	1.06221	0.326107	1.58136	3.73521	50098.7	23971.8	3.14168	1.00015
natural[37,4]	0.352606	0.00227456	0.389173	0.22197	0.0264286	0.219489	1.13002	44561.7	24097.6	2.79445	0.999966
natural[37,5]	1.142	0.00378081	0.885748	0.874229	-0.284685	1.11893	2.63356	55943.0	24275.4	3.50817	1.00037
natural[37,6]	3.16492	0.00328468	0.720351	0.714664	2.06258	3.11803	4.41314	50939.8	24453.3	3.19442	1.00013
natural[38,1]	0.0651849	0.000342624	0.0559685	0.0390478	0.0105149	0.0498015	0.170233	29655.5	24318.2	1.85969	1.00033
natural[38,2]	1.09206	0.00384451	0.61271	0.603402	0.280728	0.994648	2.24024	22848.0	20893.8	1.43279	1.00037
natural[38,3]	1.06876	0.0041936	0.652664	0.494421	0.355808	0.901486	2.35189	26923.8	23589.4	1.68838	1.00003
natural[38,4]	0.160266	0.000724483	0.136114	0.100169	0.0224843	0.123858	0.419423	40384.2	25967.3	2.53248	1.00019
natural[38,5]	2.10055	0.00281679	0.664071	0.662347	1.04833	2.08302	3.22351	57134.7	24721.8	3.5829	1.00017
natural[38,6]	0.13632	0.00355494	0.600219	0.578593	-0.77716	0.0957055	1.19202	28764.7	25653.7	1.80383	1.00008
natural[39,1]	0.0759341	0.000409577	0.0671626	0.0426181	0.0130764	0.0575329	0.200295	28063.2	21843.0	1.75984	1.00013
natural[39,2]	0.828378	0.00404553	0.585296	0.576266	0.122352	0.703309	1.9508	19452.3	23574.3	1.21985	1.00004
natural[39,3]	0.57535	0.00361168	0.523358	0.304931	0.0973825	0.411003	1.63471	22622.0	23734.9	1.41862	1.00005
natural[39,4]	0.12566	0.000689882	0.123055	0.077964	0.0150907	0.0899649	0.349305	40579.4	25365.3	2.54472	1.00005
natural[39,5]	1.46626	0.00268752	0.611318	0.603774	0.478226	1.45678	2.49348	52203.1	25498.5	3.27364	1.00024
natural[39,6]	-0.0343485	0.00381662	0.588382	0.564363	-0.902415	-0.0884334	1.02175	24099.0	24314.5	1.51124	1.00018
natural[40,1]	0.116125	0.000530387	0.0873427	0.0667305	0.0222108	0.0947683	0.283484	27864.1	22563.6	1.74735	1.00015
natural[40,2]	0.407776	0.00150423	0.265817	0.2284	0.0917926	0.35009	0.918854	27955.0	22289.0	1.75305	1.00011
natural[40,3]	1.66001	0.00500642	0.892842	0.845677	0.468533	1.51859	3.32665	33380.7	24315.4	2.09329	1.0005
natural[40,4]	0.194256	0.000967531	0.181089	0.119296	0.0254683	0.141652	0.536864	44465.4	24774.2	2.78841	1.00034
natural[40,5]	0.64029	0.00251595	0.564784	0.561342	-0.283935	0.643904	1.57743	50547.7	27858.0	3.16983	1.00009
natural[40,6]	0.095839	0.00207749	0.419573	0.41464	-0.577924	0.0893497	0.786674	41297.2	25540.7	2.58973	1.00018
natural[41,1]	0.201307	0.000763189	0.120565	0.120954	0.0391378	0.185446	0.420372	23932.7	21474.3	1.50081	1.00014
natural[41,2]	0.524646	0.00169723	0.274719	0.250864	0.164045	0.478419	1.03949	24123.4	20814.3	1.51277	1.0
natural[41,3]	1.8206	0.00633927	1.00352	0.972023	0.485432	1.66188	3.68372	26103.6	23897.4	1.63695	1.00012
natural[41,4]	0.278169	0.0014019	0.254859	0.178743	0.0328021	0.203368	0.784758	35616.7	25849.5	2.23351	1.00001
natural[41,5]	1.46943	0.0029521	0.656597	0.651902	0.417456	1.45487	2.58292	50064.3	25739.3	3.13952	1.00006
natural[41,6]	0.718393	0.00245715	0.475959	0.464843	-0.0409334	0.701126	1.52084	38492.8	25109.8	2.41387	1.0001
natural[42,1]	0.0210146	9.99667e-05	0.0174417	0.0126707	0.0034228	0.0160591	0.054946	30284.3	24124.8	1.89912	1.00003
natural[42,2]	8.99852	0.0340997	6.15144	4.38108	2.6167	7.62381	19.7833	31816.5	26347.8	1.9952	1.00011
natural[42,3]	1.62483	0.00457821	0.785644	0.718217	0.679343	1.45119	3.14322	35521.7	25869.2	2.22755	1.00012
natural[42,4]	0.384246	0.000428406	0.0760886	0.0645243	0.250436	0.391722	0.484398	33588.0	26385.4	2.10629	1.00011
natural[42,5]	2.54254	0.004005	0.847058	0.845633	1.20143	2.51461	3.98316	45983.3	23102.0	2.8836	1.00001
natural[42,6]	0.378355	0.0043702	0.94761	0.944578	-1.14148	0.358561	1.97127	47339.7	25306.1	2.96866	1.00028
natural[43,1]	0.117871	0.000798892	0.111535	0.0708712	0.015964	0.0827932	0.34191	19236.1	22992.8	1.20629	1.00035
natural[43,2]	0.23527	0.00103764	0.185466	0.137659	0.0433953	0.185086	0.601249	30688.7	24040.9	1.92448	1.00022
natural[43,3]	1.00901	0.00466927	0.783454	0.661624	0.142203	0.814163	2.54538	35983.9	23954.7	2.25654	1.0003
natural[43,4]	0.160197	0.00114433	0.189379	0.0955637	0.01355	0.0987293	0.505963	40249.6	24174.5	2.52404	1.00015
natural[43,5]	1.37566	0.00290573	0.655584	0.654633	0.326967	1.35634	2.47547	51784.9	26163.8	3.24742	1.00035
natural[43,6]	0.728576	0.00193015	0.417414	0.409109	0.0607074	0.719049	1.43042	47643.9	25693.0	2.98773	1.00021
natural[44,1]	0.0419181	0.000221696	0.0344032	0.0231125	0.00842696	0.032772	0.106824	24867.7	22804.0	1.55945	1.00025
natural[44,2]	1.1703	0.00299142	0.520883	0.504528	0.450157	1.09811	2.12468	29033.5	23279.9	1.82068	0.999943
natural[44,3]	2.29698	0.0050143	0.910908	0.88487	1.04345	2.16964	3.97725	35582.6	24571.5	2.23137	1.00001
natural[44,4]	0.135843	0.000568926	0.104801	0.0805627	0.0243455	0.109819	0.33329	37686.3	24723.3	2.3633	1.00021
natural[44,5]	1.14018	0.00278579	0.639422	0.633086	0.104558	1.12911	2.20868	53162.8	25509.0	3.33382	1.0003
natural[44,6]	-0.230303	0.00307015	0.561536	0.551575	-1.11989	-0.247952	0.713897	33955.0	24385.6	2.12931	0.999972
natural[45,1]	0.0225507	0.000129483	0.0210271	0.0129723	0.00358387	0.0163631	0.0621908	29912.3	25752.9	1.87579	1.00039
natural[45,2]	3.95171	0.0141329	2.3137	2.1918	0.926699	3.55777	8.35595	22888.4	16959.3	1.43532	1.00008
natural[45,3]	0.765608	0.00335045	0.398185	0.187368	0.451628	0.641188	1.52258	23434.5	15606.9	1.46957	1.00025
natural[45,4]	0.121281	0.000457984	0.0870244	0.0752966	0.0209923	0.101566	0.285715	35611.6	23141.5	2.23319	1.00029
natural[45,5]	1.78541	0.00381798	0.791769	0.791593	0.526771	1.76435	3.11842	43433.7	23031.2	2.72371	0.99988
natural[45,6]	-0.358073	0.00552601	0.913968	0.921303	-1.77719	-0.402271	1.20552	26813.3	25092.4	1.68145	1.00025
natural[46,1]	0.0614216	0.000369555	0.0517097	0.0388047	0.008762	0.0489006	0.154415	18877.4	20074.7	1.1838	1.00031
natural[46,2]	2.10956	0.00619356	0.985112	0.967221	0.616123	2.03725	3.84795	23056.0	18451.2	1.44583	1.0001
natural[46,3]	0.391467	0.00186725	0.264317	0.182015	0.0996394	0.346084	0.821104	24424.7	19587.0	1.53167	1.0001
natural[46,4]	0.168203	0.000695852	0.123576	0.11637	0.0214692	0.144991	0.385195	29765.8	24331.6	1.86661	1.0001
natural[46,5]	3.0653	0.00337851	0.720921	0.719418	1.91802	3.04861	4.27751	45875.4	25006.7	2.87683	1.00029
natural[46,6]	-0.137951	0.00428134	0.776098	0.785298	-1.37804	-0.157002	1.15959	32405.8	24387.0	2.03216	1.00002
natural[47,1]	0.0478711	0.000195891	0.0343588	0.0287556	0.00902532	0.0405066	0.111753	26924.7	21106.5	1.68844	1.00023
natural[47,2]	1.91162	0.00453518	0.794292	0.804778	0.68222	1.86694	3.29709	29067.9	22914.4	1.82284	1.00035
natural[47,3]	0.415612	0.00170533	0.259584	0.178321	0.125921	0.364317	0.8704	27800.0	22167.7	1.74333	1.00014
natural[47,4]	0.102764	0.000431397	0.0847138	0.0661217	0.0142999	0.0805682	0.265026	39086.2	24435.0	2.45109	1.00001
natural[47,5]	2.86642	0.00321829	0.718335	0.71507	1.72978	2.84844	4.08557	51044.1	25079.1	3.20096	1.00007
natural[47,6]	0.846501	0.00435988	0.777109	0.781936	-0.385367	0.825456	2.17583	31097.0	22823.2	1.95008	1.00031
natural[48,1]	0.226356	0.000915711	0.15609	0.137857	0.0414174	0.18987	0.541203	27641.3	23310.1	1.73337	1.00021
natural[48,2]	0.247125	0.000962127	0.188494	0.146622	0.0448779	0.197431	0.619405	35732.4	24398.7	2.24077	1.00028
natural[48,3]	1.46189	0.00503462	0.980311	0.923186	0.249525	1.2653	3.3609	44294.3	24104.0	2.77768	1.00037
natural[48,4]	0.335974	0.00202002	0.363591	0.212592	0.0266329	0.21325	1.07046	47020.9	25429.9	2.94866	1.00001
natural[48,5]	0.578995	0.00316155	0.70868	0.707007	-0.566203	0.566331	1.75985	50583.0	27771.9	3.17205	1.00004
natural[48,6]	1.80841	0.00217601	0.490083	0.485814	1.03535	1.78757	2.64518	52676.9	24717.2	3.30335	1.00008
natural[49,1]	0.139675	0.000471117	0.0828555	0.0739181	0.0363784	0.125067	0.292794	29816.3	21365.8	1.86977	1.00032
natural[49,2]	0.647279	0.00207909	0.35024	0.332652	0.176377	0.594434	1.29959	25483.0	21279.5	1.59803	1.00013
natural[49,3]	1.99902	0.00500059	0.968715	0.925178	0.686335	1.85422	3.80754	41541.7	25100.4	2.60507	1.00019
natural[49,4]	0.906421	0.00368279	0.636478	0.604423	0.112271	0.788501	2.1032	27904.1	21705.4	1.74986	1.00002
natural[49,5]	0.210171	0.00300198	0.656356	0.649744	-0.86335	0.205449	1.29933	48499.5	27081.5	3.04139	1.00007
natural[49,6]	1.31236	0.00281055	0.522154	0.516265	0.475113	1.30237	2.18378	34979.0	25688.4	2.19352	1.00016
natural[50,1]	0.037735	0.000186151	0.0308906	0.0224274	0.00658268	0.0300397	0.0937858	27665.3	22026.5	1.73488	1.00014
natural[50,2]	1.74603	0.00461005	0.794918	0.803935	0.54	1.68853	3.14278	27505.7	19093.7	1.72487	0.999964
natural[50,3]	0.551002	0.00214181	0.322334	0.227383	0.184109	0.486507	1.1268	26793.2	20896.3	1.68019	1.00006
natural[50,4]	0.134224	0.000537937	0.10647	0.0892646	0.0178574	0.107662	0.336646	39351.6	25870.3	2.46773	0.999945
natural[50,5]	2.94494	0.00306092	0.716592	0.713134	1.79317	2.93255	4.14181	55730.1	23263.0	3.49482	1.0002
natural[50,6]	0.319353	0.00386304	0.710669	0.713683	-0.786839	0.286376	1.53717	33148.3	25860.6	2.07872	1.00013
natural[51,1]	0.111076	0.000401857	0.0740277	0.0600405	0.0257154	0.0954544	0.248794	34194.9	22647.1	2.14435	1.00026
natural[51,2]	1.14433	0.0032112	0.560609	0.546868	0.37007	1.06718	2.1748	27760.3	21984.9	1.74084	1.00014
natural[51,3]	2.15897	0.00507257	1.01175	0.988129	0.760372	2.02344	4.02795	45198.7	24678.6	2.8344	0.999981
natural[51,4]	0.498361	0.00176656	0.332434	0.290771	0.0918576	0.435154	1.12366	34756.0	24246.5	2.17954	0.999998
natural[51,5]	1.13524	0.00290503	0.721624	0.708412	-0.0278635	1.11693	2.34794	62625.0	23985.2	3.92719	1.00007
natural[51,6]	1.57415	0.00317952	0.618951	0.60055	0.620889	1.54104	2.64418	39200.8	23971.4	2.45827	1.00039
natural[52,1]	0.0320084	0.000132715	0.0246112	0.0189976	0.00579257	0.0256352	0.0796035	33977.6	25128.6	2.13072	1.00023
natural[52,2]	4.9802	0.0209116	3.79037	2.36323	1.47117	3.99918	11.5608	37181.8	27504.3	2.33166	0.999976
natural[52,3]	2.10163	0.0050037	0.889436	0.860854	0.92132	1.95995	3.7801	35945.1	25679.8	2.25411	1.00016
natural[52,4]	0.516946	0.000702243	0.13175	0.0929901	0.343716	0.497163	0.756661	38491.7	26420.5	2.4138	1.00003
natural[52,5]	1.72436	0.00334401	0.761098	0.751566	0.499081	1.70984	3.00298	52528.2	23366.4	3.29403	1.00044
natural[52,6]	-0.95131	0.00399431	0.84141	0.822549	-2.32818	-0.955142	0.434995	44729.2	24144.5	2.80496	1.00018
natural[53,1]	0.130345	0.000562957	0.0986788	0.0875203	0.0194668	0.106953	0.317991	28519.4	24507.0	1.78844	1.00003
natural[53,2]	0.634539	0.00195353	0.334918	0.322986	0.177447	0.586576	1.25259	26036.0	19972.7	1.63271	1.00011
natural[53,3]	2.17337	0.00537782	1.04953	1.01929	0.682812	2.04867	4.08338	40858.2	24493.8	2.56221	1.00035
natural[53,4]	0.318883	0.00157475	0.292425	0.205171	0.0373453	0.233401	0.893996	43273.2	25757.6	2.71365	0.999988
natural[53,5]	1.45631	0.00322941	0.73686	0.728131	0.270685	1.44034	2.69611	52918.8	24794.4	3.31852	1.00006
natural[53,6]	1.51917	0.00262075	0.539242	0.529781	0.685838	1.49168	2.44798	43662.3	25930.3	2.73805	1.00002
natural[54,1]	0.128852	0.000591424	0.103319	0.0803028	0.0199554	0.0992619	0.339195	32797.7	24265.3	2.05673	1.0
natural[54,2]	0.898258	0.00381021	0.6064	0.521782	0.211148	0.743101	2.09383	23575.0	25963.5	1.47838	1.00014
natural[54,3]	1.18944	0.00496659	0.774489	0.612761	0.347778	0.979311	2.73545	25477.3	24678.1	1.59767	1.00037
natural[54,4]	0.199248	0.000956968	0.177694	0.122551	0.0278992	0.150765	0.531854	40729.5	24762.3	2.55413	1.00027
natural[54,5]	1.21289	0.00283439	0.645515	0.645628	0.167325	1.20393	2.28324	52129.8	26971.2	3.26904	1.00012
natural[54,6]	-0.775234	0.00320796	0.544419	0.519466	-1.63373	-0.79455	0.153115	29577.4	24275.1	1.85479	1.00026
natural[55,1]	0.127412	0.000587555	0.103198	0.077437	0.0212647	0.0984363	0.333224	33852.3	26070.9	2.12287	1.00022
natural[55,2]	0.611216	0.00205306	0.373859	0.347305	0.140447	0.541544	1.32879	29611.1	21470.8	1.8569	1.00008
natural[55,3]	1.95194	0.00496891	1.02557	1.01772	0.521672	1.81767	3.83319	46613.2	23113.6	2.9231	1.00025
natural[55,4]	0.333131	0.00154618	0.298361	0.219874	0.0376281	0.247998	0.919529	47786.1	25292.5	2.99665	1.00018
natural[55,5]	1.25985	0.00327671	0.736602	0.727064	0.0812803	1.23938	2.5016	51266.2	26157.5	3.21488	1.00004
natural[55,6]	1.72175	0.0026101	0.541455	0.525253	0.869691	1.69907	2.64802	44698.7	24714.2	2.80304	1.00004
natural[56,1]	0.0711929	0.000397938	0.0636757	0.0416728	0.0114616	0.0527926	0.192445	27781.0	24905.0	1.74214	1.00012
natural[56,2]	0.920433	0.00368264	0.561437	0.534696	0.215204	0.808232	2.00478	21529.5	22417.8	1.35011	1.00007
natural[56,3]	1.05986	0.00423918	0.685503	0.536784	0.287712	0.890514	2.41209	29110.5	22322.8	1.82551	1.00023
natural[56,4]	0.274004	0.00129836	0.237326	0.188022	0.0293936	0.211314	0.723383	35951.0	24743.2	2.25448	0.999959
natural[56,5]	2.12247	0.00318395	0.720171	0.714449	0.982709	2.10214	3.34335	52452.3	25492.7	3.28927	1.00017
natural[56,6]	0.632131	0.00323299	0.556148	0.53252	-0.211557	0.594612	1.6061	30562.1	23997.6	1.91654	1.00006
natural[57,1]	0.0437278	0.000247776	0.0382385	0.0250989	0.00761623	0.0330863	0.115559	24317.3	23939.7	1.52493	1.00029
natural[57,2]	1.26414	0.00306207	0.54823	0.51249	0.528242	1.18007	2.27666	29899.9	23792.9	1.87501	1.00009
natural[57,3]	1.74758	0.00434434	0.711662	0.641419	0.845397	1.61451	3.09911	29867.1	23732.5	1.87295	1.00019
natural[57,4]	0.212127	0.000868219	0.159814	0.137107	0.031159	0.174283	0.521703	36104.4	24533.8	2.26409	1.00019
natural[57,5]	2.74515	0.00322493	0.701862	0.697061	1.62529	2.72904	3.93069	48120.6	26107.2	3.01763	1.00021
natural[57,6]	-0.853961	0.00341653	0.601263	0.590472	-1.83349	-0.859512	0.129024	31220.0	23831.0	1.9578	1.00019
natural[58,1]	0.05869	0.000278948	0.0455763	0.0336829	0.0117637	0.0477385	0.139838	29108.7	24100.8	1.8254	1.00019
natural[58,2]	0.983225	0.00303155	0.530267	0.480661	0.302967	0.885038	2.00513	28268.7	20813.2	1.77272	1.00011
natural[58,3]	2.07898	0.0049395	0.881648	0.84265	0.886743	1.94086	3.74166	35455.3	23663.2	2.22339	1.00046
natural[58,4]	0.206952	0.000834699	0.163209	0.126853	0.0337289	0.165178	0.522541	43511.4	23832.8	2.72859	1.00034
natural[58,5]	0.894094	0.00282992	0.659694	0.653747	-0.182328	0.888969	1.99426	54709.9	24552.7	3.43084	1.00012
natural[58,6]	-0.219351	0.00301593	0.575751	0.560426	-1.14373	-0.229663	0.738603	36781.5	24939.2	2.30656	0.999978
natural[59,1]	0.0829187	0.000441625	0.0706831	0.045988	0.0154749	0.0631916	0.219383	27126.2	23019.2	1.70107	1.0005
natural[59,2]	0.814912	0.00289224	0.478663	0.447057	0.212277	0.724012	1.73204	25269.3	22005.8	1.58463	1.00051
natural[59,3]	1.27503	0.00435856	0.787148	0.693425	0.323403	1.10381	2.78938	36211.2	25144.2	2.27079	1.00023
natural[59,4]	0.258708	0.00122809	0.229667	0.168274	0.0308101	0.196498	0.705166	39918.5	24333.5	2.50328	1.00021
natural[59,5]	1.9282	0.00312381	0.720123	0.716612	0.780985	1.9146	3.14003	54007.8	24334.3	3.38682	1.00004
natural[59,6]	0.70768	0.00277894	0.529009	0.512734	-0.116157	0.682352	1.61256	37850.4	23873.6	2.37359	1.00011
natural[60,1]	0.156851	0.000732053	0.124708	0.0992289	0.024086	0.122518	0.409381	29927.0	24158.5	1.87672	1.00019
natural[60,2]	0.408506	0.00149437	0.298417	0.244009	0.0766731	0.333118	1.00267	35519.8	21027.9	2.22743	1.00025
natural[60,3]	1.44701	0.00495361	0.972149	0.920115	0.244751	1.25243	3.30142	46696.6	24333.4	2.92833	1.00008
natural[60,4]	0.282534	0.0016736	0.300067	0.180435	0.0238573	0.183527	0.877045	45451.5	25154.9	2.85025	1.00003
natural[60,5]	1.39724	0.00350698	0.854282	0.858306	0.0361656	1.38045	2.83629	60388.0	25179.7	3.78691	1.00059
natural[60,6]	2.36628	0.00266283	0.596866	0.586604	1.44181	2.33709	3.40915	53440.6	23838.1	3.35125	1.00031
natural[61,1]	0.214089	0.00121075	0.164366	0.133902	0.0354546	0.168114	0.55654	17879.3	21825.8	1.1212	1.00045
natural[61,2]	0.12913	0.000608236	0.109843	0.0751018	0.0223264	0.098089	0.340413	31267.9	24727.5	1.9608	1.00017
natural[61,3]	1.40588	0.00579555	0.970798	0.897856	0.232748	1.19343	3.28378	31245.2	24538.0	1.95938	1.00032
natural[61,4]	0.24484	0.0016147	0.277251	0.149035	0.0198564	0.1537	0.783302	40560.6	25186.4	2.54354	1.00005
natural[61,5]	-0.043378	0.00267751	0.56513	0.562541	-0.971314	-0.0414196	0.883178	44879.2	28783.2	2.81436	1.0002
natural[61,6]	-0.138722	0.00170215	0.399089	0.399681	-0.798714	-0.139228	0.520681	55424.2	24877.3	3.47563	1.00026
natural[62,1]	0.0704111	0.000534315	0.0752417	0.0387131	0.00991724	0.047203	0.210022	22240.4	21817.6	1.39469	1.00017
natural[62,2]	1.1611	0.00529627	0.761686	0.80225	0.164594	1.0454	2.57797	18314.6	21674.2	1.1485	0.99998
natural[62,3]	0.408129	0.00308818	0.410607	0.203234	0.0712792	0.287291	1.18135	22112.6	20143.8	1.38667	1.00001
natural[62,4]	0.152222	0.000778968	0.142564	0.0998519	0.0172493	0.114146	0.405733	39298.4	25807.7	2.46439	1.0
natural[62,5]	1.88351	0.00297853	0.643429	0.62983	0.85077	1.87011	2.96249	47261.0	24988.8	2.96372	1.0002
natural[62,6]	-0.0332145	0.00419913	0.654114	0.636699	-1.00324	-0.0962191	1.13563	23771.4	25028.0	1.4907	0.999948
natural[63,1]	0.122216	0.000742956	0.11328	0.0735459	0.0169051	0.0870487	0.350763	25513.8	23625.9	1.59997	1.00049
natural[63,2]	0.395266	0.00163789	0.296241	0.238156	0.0730991	0.317045	0.983733	30287.5	21297.6	1.89932	1.00011
natural[63,3]	1.28606	0.00452238	0.870898	0.797979	0.228527	1.1033	2.97152	42092.6	25056.7	2.63961	1.00027
natural[63,4]	0.196556	0.00117889	0.210073	0.122878	0.0193684	0.132025	0.586913	49255.5	24793.3	3.0888	1.00013
natural[63,5]	1.35427	0.00315165	0.744046	0.7444	0.171024	1.33367	2.59704	56713.4	24851.7	3.55648	1.0003
natural[63,6]	1.52681	0.00241834	0.495155	0.48613	0.753084	1.50435	2.36986	43690.0	23857.6	2.73979	1.00043
natural[64,1]	0.0435608	0.000246344	0.0387876	0.0260567	0.00677097	0.0333114	0.11371	25338.6	22235.6	1.58898	1.00029
natural[64,2]	1.68781	0.00388111	0.689106	0.691633	0.681415	1.61966	2.91455	29902.8	25606.0	1.8752	0.999992
natural[64,3]	1.08699	0.00316859	0.517954	0.402598	0.496168	0.968948	2.07862	32165.2	22847.1	2.01707	1.00012
natural[64,4]	0.104825	0.000488727	0.0895404	0.0644379	0.0156288	0.0807394	0.274402	38600.3	24078.2	2.42061	1.00019
natural[64,5]	3.05691	0.00339487	0.754803	0.74721	1.86748	3.02765	4.34123	50333.6	25275.2	3.15641	1.00061
natural[64,6]	0.0994418	0.00373609	0.692017	0.693373	-0.979493	0.07009	1.29073	34217.2	26463.1	2.14575	1.00022
natural[65,1]	0.0392667	0.000162897	0.0264859	0.0239468	0.00756727	0.0337945	0.0899909	22379.3	20561.2	1.4034	1.00011
natural[65,2]	3.17834	0.00602384	1.17858	1.15265	1.49045	3.0488	5.3347	37729.5	27157.5	2.366	1.00013
natural[65,3]	1.73697	0.00426493	0.75276	0.690375	0.786879	1.58919	3.18335	37163.8	25271.7	2.33053	1.00032
natural[65,4]	0.181182	0.000502961	0.0991178	0.101375	0.0421611	0.169106	0.358213	36595.7	24264.9	2.29491	1.00021
natural[65,5]	2.64132	0.00334884	0.754396	0.749298	1.43184	2.62621	3.90944	51629.3	24348.3	3.23766	1.00013
natural[65,6]	0.196838	0.00406417	0.815275	0.816298	-1.10713	0.177027	1.56495	40422.3	26688.8	2.53487	1.00012
natural[66,1]	0.0411537	0.000209517	0.0299763	0.0236169	0.00858806	0.0338529	0.0982963	19294.8	21756.5	1.20997	1.00005
natural[66,2]	2.8979	0.00829843	1.31133	1.24593	1.12221	2.7034	5.3306	22025.0	19030.5	1.38118	1.00023
natural[66,3]	0.860152	0.00330277	0.422051	0.280441	0.443055	0.743002	1.67464	22522.5	17833.8	1.41238	1.00009
natural[66,4]	1.14758	0.00287749	0.473353	0.404523	0.579329	1.04719	2.05359	29915.7	25763.3	1.876	1.00026
natural[66,5]	0.802907	0.00465805	0.767409	0.759759	-0.4439	0.791378	2.08986	27765.1	23296.1	1.74114	1.00043
natural[66,6]	0.818288	0.00477791	0.77659	0.764495	-0.402657	0.788952	2.14502	26631.6	25636.3	1.67006	1.00027
natural[67,1]	0.115206	0.00056628	0.0940822	0.0671218	0.0202039	0.0901321	0.30046	31589.3	23738.1	1.98095	1.00019
natural[67,2]	0.69803	0.00290657	0.480967	0.437234	0.123583	0.593353	1.63621	25087.8	20430.1	1.57325	1.00004
natural[67,3]	1.83638	0.00486187	0.999509	0.984215	0.467157	1.69586	3.68583	46187.0	24425.0	2.89637	1.00016
natural[67,4]	0.203341	0.000970522	0.182417	0.123989	0.0279686	0.153086	0.546181	44903.8	23250.3	2.8159	1.00006
natural[67,5]	0.745312	0.00328113	0.742799	0.745967	-0.442173	0.731924	1.98053	51681.1	24332.5	3.2409	1.00007
natural[67,6]	2.09714	0.00301818	0.605599	0.584873	1.17206	2.05867	3.14804	42952.0	24951.0	2.69351	1.00006
natural[68,1]	0.0642802	0.000380547	0.0579115	0.0369	0.01033	0.0469947	0.178197	27190.0	25203.4	1.70508	1.00008
natural[68,2]	1.26546	0.00338882	0.580456	0.576165	0.451479	1.18961	2.32396	27244.1	21361.5	1.70847	1.00022
natural[68,3]	2.14446	0.00522931	0.938515	0.899175	0.87628	2.0023	3.89296	36496.9	22663.7	2.28871	1.00005
natural[68,4]	0.195713	0.000783977	0.147692	0.11681	0.0350534	0.161603	0.472434	40068.6	25235.8	2.51269	0.999993
natural[68,5]	1.07577	0.00275604	0.649062	0.638913	0.0235884	1.065	2.15586	56044.6	26526.6	3.51454	1.00008
natural[68,6]	0.655427	0.00307207	0.588728	0.565187	-0.248439	0.623885	1.6729	37267.9	25164.5	2.33706	1.00021
natural[69,1]	0.120897	0.000526271	0.0912959	0.0708856	0.0229346	0.0982332	0.297096	31936.6	23839.4	2.00273	0.99997
natural[69,2]	0.933022	0.00321808	0.523565	0.530331	0.203907	0.869486	1.89245	24084.8	21447.2	1.51035	1.00003
natural[69,3]	2.30405	0.00550762	1.11544	1.12154	0.726525	2.17322	4.31417	45231.7	23212.1	2.83646	1.00012
natural[69,4]	0.836218	0.00336924	0.60011	0.558779	0.10314	0.719732	1.99137	30347.6	23721.3	1.90309	1.00003
natural[69,5]	0.748614	0.0034889	0.75213	0.745694	-0.470988	0.731667	2.01298	46891.2	25472.0	2.94053	1.00038
natural[69,6]	2.0955	0.00305029	0.626119	0.607639	1.12408	2.06489	3.16401	43803.4	23665.0	2.7469	1.00025
natural[70,1]	0.0583477	0.000367053	0.0571752	0.0321115	0.00978148	0.042762	0.15747	27732.3	24715.4	1.73908	1.00021
natural[70,2]	0.881307	0.00358128	0.551293	0.537706	0.176655	0.780549	1.93063	21831.4	21816.8	1.36904	1.00031
natural[70,3]	0.911798	0.00378338	0.606714	0.457274	0.238049	0.760709	2.0936	27765.0	23230.9	1.74114	1.00004
natural[70,4]	0.161232	0.000798337	0.14966	0.102463	0.0197561	0.11984	0.439276	41742.3	25469.0	2.61765	1.00008
natural[70,5]	1.7355	0.0027358	0.634169	0.629912	0.709879	1.72254	2.79757	54013.4	25985.1	3.38717	1.00019
natural[70,6]	0.263486	0.00332726	0.560843	0.539282	-0.582856	0.222181	1.25015	28739.1	24389.5	1.80222	0.999976
natural[71,1]	0.152928	0.000760623	0.13014	0.0921405	0.0237159	0.113279	0.420871	34211.7	23109.9	2.14541	1.0002
natural[71,2]	0.433958	0.00152897	0.317837	0.26799	0.0752802	0.354798	1.06034	39054.2	23594.1	2.44908	0.999977
natural[71,3]	1.96759	0.00521557	1.10042	1.09553	0.45016	1.82525	3.99333	50266.7	23178.7	3.15221	1.00008
natural[71,4]	0.353315	0.00191071	0.35009	0.232449	0.0324247	0.244744	1.04738	45585.2	23198.1	2.85863	0.99998
natural[71,5]	0.704945	0.00341791	0.803591	0.800049	-0.59678	0.692298	2.0472	56017.7	25671.7	3.51286	1.00026
natural[71,6]	2.40098	0.00266027	0.59192	0.585974	1.47716	2.37197	3.42353	51487.4	25924.5	3.22876	1.00042
natural[72,1]	0.335009	0.001365	0.200413	0.239209	0.046701	0.322342	0.680981	20913.6	21371.2	1.31149	1.00023
natural[72,2]	0.501636	0.00218805	0.344829	0.278498	0.108342	0.422097	1.17203	22837.2	24550.0	1.43212	1.00025
natural[72,3]	1.16424	0.00500023	0.815714	0.675761	0.242057	0.959909	2.7761	30886.7	23253.0	1.93689	1.00025
natural[72,4]	0.581306	0.00313701	0.499537	0.420046	0.0524748	0.453579	1.55286	24476.1	23706.2	1.53489	1.00014
natural[72,5]	0.941684	0.00298586	0.63476	0.629435	-0.0829915	0.930204	2.00326	45448.9	28122.7	2.85009	1.0002
natural[72,6]	0.62459	0.0025987	0.469262	0.454025	-0.117152	0.608278	1.42123	33125.7	25375.4	2.0773	1.00022
natural[73,1]	0.0786763	0.000369056	0.0617776	0.046759	0.0140717	0.0618308	0.200135	29492.2	24582.1	1.84945	1.00005
natural[73,2]	0.915312	0.00314208	0.525339	0.47715	0.269805	0.803467	1.92843	25671.8	23819.3	1.60987	1.00015
natural[73,3]	1.35961	0.00471926	0.780343	0.664831	0.438452	1.17678	2.88059	30676.3	23715.9	1.9237	1.00008
natural[73,4]	0.323562	0.00143918	0.263647	0.219509	0.0395782	0.259172	0.823794	35194.5	26222.0	2.20704	1.00003
natural[73,5]	1.88985	0.0027261	0.654098	0.657234	0.838778	1.87342	2.98579	58073.1	26623.1	3.64174	1.00008
natural[73,6]	-0.0536995	0.00299956	0.54908	0.527106	-0.925281	-0.0729333	0.878486	33743.0	25367.3	2.11601	1.00026
natural[74,1]	0.248355	0.000618936	0.0977014	0.100117	0.0917066	0.245605	0.414204	23608.8	18245.1	1.4805	1.00045
natural[74,2]	1.27595	0.00266673	0.486298	0.451216	0.618288	1.20638	2.18109	31901.9	27288.2	2.00056	1.00018
natural[74,3]	2.42079	0.00578388	0.947908	0.907192	1.11138	2.29429	4.17769	28858.5	23377.1	1.80971	0.999991
natural[74,4]	1.07909	0.00360095	0.531765	0.482318	0.344583	1.00473	2.05495	21461.2	21568.6	1.34583	1.00033
natural[74,5]	1.05355	0.00381671	0.723578	0.709303	-0.109566	1.03671	2.26896	36416.9	26143.1	2.28369	1.00035
natural[74,6]	0.174334	0.00416257	0.698831	0.691506	-0.973411	0.173204	1.31746	28325.7	25656.4	1.7763	1.00021
natural[75,1]	0.117413	0.000752393	0.10803	0.0710293	0.0162677	0.0836694	0.338375	21615.4	23875.6	1.35549	1.00056
natural[75,2]	0.325265	0.00136146	0.245847	0.191476	0.0615575	0.260248	0.811806	31428.5	23688.1	1.97087	1.00011
natural[75,3]	0.934749	0.00435948	0.730678	0.587403	0.134616	0.740987	2.38634	34053.2	23302.5	2.13546	1.00025
natural[75,4]	0.199599	0.0013999	0.235265	0.119627	0.0150963	0.119973	0.648445	38776.3	24423.5	2.43165	1.00009
natural[75,5]	1.72483	0.00302858	0.692589	0.684802	0.623914	1.70428	2.90909	53538.0	24623.6	3.35735	1.00001
natural[75,6]	0.663914	0.00203958	0.428973	0.420909	-0.0222863	0.649389	1.39092	45318.0	25827.7	2.84188	1.00018
natural[76,1]	0.0595164	0.00022073	0.0379469	0.0303656	0.0156092	0.0518373	0.128166	29266.6	21229.5	1.8353	1.00007
natural[76,2]	2.82167	0.0111586	1.70984	1.52558	0.663668	2.50328	6.11722	19539.1	17261.7	1.22529	1.0002
natural[76,3]	0.606927	0.00255408	0.312809	0.156204	0.322545	0.526239	1.16998	23926.4	16084.1	1.50041	1.00047
natural[76,4]	0.222833	0.000695223	0.131299	0.13391	0.0421629	0.210863	0.436991	33226.1	22980.4	2.0836	1.00026
natural[76,5]	1.38552	0.002998	0.651657	0.650188	0.33214	1.3778	2.46444	47940.5	24504.8	3.00633	1.00073
natural[76,6]	0.110845	0.00515736	0.810159	0.81684	-1.15044	0.0732756	1.49345	24030.7	24237.3	1.50696	1.00028
natural[77,1]	0.0960471	0.000451202	0.0786032	0.0572306	0.0163572	0.0743794	0.250624	30304.9	23880.3	1.90041	1.00004
natural[77,2]	1.17376	0.00319285	0.544878	0.5441	0.384546	1.11804	2.15302	26969.0	20047.5	1.69122	1.00009
natural[77,3]	2.15441	0.00519557	1.04138	1.01403	0.73361	2.00224	4.08571	45906.0	24142.1	2.87875	1.00005
natural[77,4]	0.696903	0.00280567	0.503578	0.428245	0.107155	0.583395	1.6824	34907.1	22834.0	2.18901	1.00006
natural[77,5]	1.46539	0.00342042	0.766284	0.760972	0.233773	1.44904	2.74965	51295.0	25045.0	3.21669	1.00019
natural[77,6]	1.88961	0.00321474	0.650288	0.636451	0.890422	1.85784	3.01918	42675.2	24006.9	2.67615	1.00033
natural[78,1]	0.154414	0.000839867	0.134516	0.0952414	0.0216128	0.113177	0.43566	26141.2	22895.8	1.63931	1.00011
natural[78,2]	0.348551	0.00133308	0.269626	0.210198	0.0614088	0.276563	0.88181	39989.0	22274.7	2.5077	1.00009
natural[78,3]	1.29581	0.00476167	0.917893	0.828246	0.199454	1.08882	3.08724	46564.8	23006.7	2.92006	1.00031
natural[78,4]	0.292791	0.0020299	0.340259	0.178722	0.0217556	0.176889	0.974187	44928.9	25034.0	2.81748	1.0002
natural[78,5]	1.27222	0.00370318	0.880251	0.869107	-0.136607	1.25268	2.74332	57396.2	24109.7	3.5993	1.00023
natural[78,6]	2.65585	0.00280948	0.638441	0.63075	1.67608	2.62133	3.76643	55007.5	21933.1	3.44951	1.0003
natural[79,1]	0.114676	0.000383288	0.0694243	0.0619518	0.0284061	0.102589	0.240025	31563.6	20917.9	1.97935	1.00008
natural[79,2]	0.668816	0.00189283	0.348169	0.313542	0.219111	0.608091	1.33137	29704.2	21958.7	1.86274	1.00006
natural[79,3]	2.06071	0.00496016	0.910334	0.870935	0.823787	1.92437	3.74603	37137.8	24379.1	2.3289	1.00013
natural[79,4]	0.448984	0.00175835	0.332464	0.28492	0.0691478	0.373371	1.09267	37477.4	25712.0	2.3502	1.00011
natural[79,5]	0.725571	0.00251503	0.609858	0.605593	-0.271442	0.715296	1.73902	59012.4	26241.4	3.70065	1.00013
natural[79,6]	0.242157	0.00244469	0.477729	0.466268	-0.542683	0.243472	1.02345	37951.7	26130.7	2.37994	1.00014
natural[80,1]	0.117875	0.000366047	0.0642264	0.0581249	0.0344378	0.10687	0.239221	28439.3	20670.2	1.78342	1.00012
natural[80,2]	1.51284	0.00365667	0.661669	0.620737	0.617509	1.40749	2.7564	31442.9	24483.8	1.97177	1.00004
natural[80,3]	2.51657	0.00525836	0.965462	0.949944	1.15817	2.39734	4.28377	38027.0	25125.9	2.38466	1.00007
natural[80,4]	0.395024	0.00120528	0.222364	0.201613	0.101936	0.361008	0.803716	32466.3	23136.2	2.03595	1.00011
natural[80,5]	0.800789	0.00274434	0.647137	0.638682	-0.253886	0.792643	1.88071	56080.0	25054.9	3.51676	1.00006
natural[80,6]	0.242204	0.00305544	0.590078	0.574392	-0.695728	0.225716	1.23498	37898.1	26418.4	2.37658	1.00003
natural[81,1]	0.197866	0.000935533	0.15088	0.126835	0.0303583	0.15608	0.506837	25250.3	23976.8	1.58344	1.00036
natural[81,2]	0.291853	0.00164238	0.25601	0.174531	0.044178	0.213041	0.807292	23291.5	24988.0	1.4606	1.00013
natural[81,3]	1.04675	0.00497565	0.821406	0.670793	0.157422	0.82086	2.70706	31449.0	24199.3	1.97215	1.00014
natural[81,4]	0.247806	0.00155846	0.272371	0.152799	0.022786	0.160438	0.773852	42370.1	25434.1	2.65701	1.00008
natural[81,5]	0.409772	0.00276688	0.603744	0.595488	-0.572644	0.405242	1.40656	47846.5	25374.4	3.00044	1.00008
natural[81,6]	0.934035	0.00226597	0.439568	0.42881	0.242795	0.914589	1.68315	39175.4	24702.1	2.45668	1.00038
natural[82,1]	0.100933	0.000552413	0.0873993	0.059742	0.0163313	0.0766157	0.26742	27093.6	23076.4	1.69903	1.00006
natural[82,2]	0.95934	0.00425835	0.628694	0.589843	0.189693	0.824709	2.18231	20029.2	21918.6	1.25602	1.00013
natural[82,3]	1.16361	0.00491093	0.784705	0.624463	0.286731	0.960492	2.71656	28647.5	24544.9	1.79648	1.00076
natural[82,4]	0.217894	0.00106889	0.20066	0.133174	0.0281395	0.163095	0.591445	41765.4	23597.4	2.6191	1.00025
natural[82,5]	1.49347	0.00307048	0.706355	0.702075	0.362344	1.47302	2.68736	54047.9	24799.9	3.38933	1.00023
natural[82,6]	1.12861	0.00368397	0.610187	0.569686	0.239979	1.06582	2.2376	28752.7	23590.7	1.80307	1.00024
natural[83,1]	0.0235823	0.000154683	0.0244339	0.0142474	0.00260725	0.0154158	0.072986	25213.7	23532.9	1.58114	1.00019
natural[83,2]	13.3681	0.0782962	12.833	7.22192	2.68751	10.2678	34.0112	33652.7	26313.9	2.11035	1.00007
natural[83,3]	1.58079	0.00492415	0.802758	0.71111	0.656824	1.38919	3.143	31611.8	25870.9	1.98237	1.00005
natural[83,4]	0.168187	0.000533712	0.101284	0.103064	0.0337247	0.151824	0.355739	34085.4	25740.4	2.13749	1.00029
natural[83,5]	1.94965	0.00535729	1.07116	1.07093	0.199081	1.93813	3.72943	40294.1	25930.7	2.52683	1.0
natural[83,6]	-0.423021	0.00597767	1.2009	1.21385	-2.35653	-0.445615	1.56868	40345.9	26459.5	2.53008	1.00043
natural[84,1]	0.238335	0.000917456	0.155879	0.147314	0.0432546	0.207883	0.54121	26675.9	21395.4	1.67284	1.00061
natural[84,2]	0.279303	0.00149865	0.256671	0.166394	0.0405503	0.19956	0.795695	28256.3	26273.9	1.77194	1.00032
natural[84,3]	1.25647	0.00531966	0.911318	0.790334	0.207073	1.03152	3.07696	32824.0	24422.4	2.05838	1.00035
natural[84,4]	0.309282	0.00181362	0.321611	0.196474	0.0280812	0.206556	0.933981	40506.4	25273.4	2.54014	1.00005
natural[84,5]	0.138293	0.00286177	0.610111	0.605491	-0.865564	0.138735	1.1379	45848.5	27834.0	2.87515	1.00002
natural[84,6]	0.0126683	0.00225635	0.460047	0.452462	-0.734263	0.00919643	0.777082	42178.1	23431.1	2.64497	1.00058
natural[85,1]	0.0163228	7.9887e-05	0.013577	0.00942595	0.00290393	0.0125426	0.0424817	32736.8	24810.9	2.05291	1.00004
natural[85,2]	7.26901	0.0311952	5.3569	3.67655	2.04297	5.99363	16.5616	29478.1	26083.4	1.84856	1.00004
natural[85,3]	1.68878	0.00496433	0.787617	0.728308	0.72032	1.53012	3.19081	30413.1	23289.6	1.9072	1.0002
natural[85,4]	0.363023	0.000569559	0.0960624	0.0796813	0.178034	0.377488	0.486492	31611.3	20244.4	1.98233	1.00035
natural[85,5]	2.57277	0.00409391	0.853604	0.842866	1.21798	2.54497	4.03395	44366.4	25788.6	2.7822	1.00021
natural[85,6]	-0.468579	0.00420807	0.90741	0.902412	-1.92463	-0.489357	1.05969	46872.6	25317.6	2.93937	1.00014
natural[86,1]	0.0779753	0.000573617	0.0841443	0.0431714	0.0107638	0.0513154	0.239469	23935.7	23186.6	1.501	1.00039
natural[86,2]	0.553741	0.00251471	0.407193	0.317242	0.113321	0.443719	1.35868	24207.0	23279.6	1.51802	1.00033
natural[86,3]	1.49855	0.00495905	0.838536	0.756521	0.467991	1.32511	3.10835	29266.1	24481.1	1.83527	1.00025
natural[86,4]	0.169823	0.000882824	0.160568	0.104592	0.022029	0.123472	0.475065	39399.3	24824.6	2.47072	1.00005
natural[86,5]	0.799894	0.00259375	0.596539	0.592301	-0.165452	0.794078	1.79068	53479.1	25839.3	3.35366	1.00019
natural[86,6]	-0.632374	0.00256224	0.478244	0.459145	-1.40927	-0.638517	0.156429	35467.0	24448.9	2.22412	1.00001
natural[87,1]	0.00707868	4.26939e-05	0.00646042	0.0039799	0.00129382	0.0054229	0.0179511	27510.7	24051.8	1.72519	1.00014
natural[87,2]	14.2948	0.0561686	9.15481	6.54664	4.1611	12.5335	29.8547	24870.5	18860.6	1.55962	1.00007
natural[87,3]	0.49988	0.00078426	0.0953875	0.038179	0.424768	0.485779	0.605757	30763.6	20616.6	1.92917	1.00002
natural[87,4]	0.0987438	0.000364183	0.0700499	0.0639565	0.0159271	0.0825542	0.237333	34540.4	24170.9	2.16602	0.999991
natural[87,5]	3.09594	0.0048335	0.914349	0.912714	1.61251	3.08246	4.61895	35964.9	22488.2	2.25535	1.00046
natural[87,6]	0.254044	0.00544996	1.07247	1.07384	-1.52354	0.262975	1.99763	39157.2	21226.4	2.45553	1.00032
natural[88,1]	0.107673	0.000762579	0.114075	0.0601087	0.0130211	0.0672199	0.353231	23308.4	23873.9	1.46166	1.00039
natural[88,2]	0.513524	0.00219132	0.369819	0.295235	0.107551	0.415781	1.26199	26444.2	23838.1	1.65831	0.999963
natural[88,3]	1.44694	0.00508414	0.854564	0.771814	0.391048	1.26995	3.09956	31525.3	24755.5	1.97694	1.00028
natural[88,4]	0.279068	0.00152408	0.270133	0.180377	0.0290308	0.19711	0.805602	38936.6	26160.6	2.4417	1.00005
natural[88,5]	1.38967	0.00277027	0.636661	0.630086	0.359045	1.37908	2.45354	53224.3	26805.6	3.33768	1.00001
natural[88,6]	0.0589724	0.00233693	0.454087	0.442895	-0.671535	0.0514821	0.808482	38392.8	25782.6	2.4076	1.00018
natural[89,1]	0.033259	0.000314774	0.0408188	0.0174076	0.00499416	0.0220569	0.0961283	19756.5	18567.1	1.23892	1.0001
natural[89,2]	3.77251	0.0193374	2.68597	2.31844	0.508964	3.3128	8.65927	14668.5	13463.8	0.919854	1.0002
natural[89,3]	0.682308	0.00469285	0.471724	0.136494	0.378877	0.528856	1.60124	17856.1	12061.6	1.11975	1.00019
natural[89,4]	0.161332	0.000606941	0.109543	0.104697	0.0276177	0.142855	0.34789	29203.9	20553.8	1.83136	1.00013
natural[89,5]	1.38272	0.00387251	0.720401	0.717281	0.210095	1.37337	2.57064	35123.8	23351.0	2.2026	1.0004
natural[89,6]	-0.501529	0.00635834	0.907532	0.934717	-1.91205	-0.535737	1.04487	19820.1	22541.1	1.24291	1.00024
natural[90,1]	0.14887	0.00090609	0.134968	0.0915254	0.0195432	0.105203	0.43171	20952.5	25070.9	1.31392	1.0002
natural[90,2]	0.393025	0.00173098	0.297424	0.23302	0.0748436	0.311497	0.990032	26909.9	24721.8	1.68751	1.00008
natural[90,3]	0.834378	0.00393949	0.672946	0.505916	0.129965	0.645741	2.19222	33606.3	24825.6	2.10744	1.00038
natural[90,4]	0.209668	0.00132081	0.231359	0.130287	0.0175621	0.134857	0.661586	39214.9	26056.4	2.45915	1.00006
natural[90,5]	1.63294	0.00271871	0.590895	0.581694	0.67708	1.61808	2.62623	47571.5	27625.2	2.9832	1.0002
natural[90,6]	-0.276743	0.00223859	0.434965	0.422499	-0.971088	-0.287986	0.446423	38497.3	25017.6	2.41415	1.00002
natural[91,1]	0.185312	0.00101549	0.143428	0.113045	0.0314193	0.14463	0.482083	20161.9	22680.0	1.26435	1.0006
natural[91,2]	0.178509	0.000697683	0.138666	0.104055	0.0337141	0.141034	0.44932	37673.8	24854.9	2.36252	1.00017
natural[91,3]	1.31227	0.00490701	0.91021	0.840498	0.212676	1.11473	3.07247	39445.5	25077.2	2.47362	1.00041
natural[91,4]	0.27411	0.00192435	0.318866	0.165452	0.0201959	0.16435	0.910556	40979.2	23585.1	2.56979	1.00012
natural[91,5]	0.637494	0.00279221	0.591911	0.589682	-0.321612	0.625887	1.61641	45214.3	28274.9	2.83537	1.00005
natural[91,6]	0.79087	0.00179728	0.394348	0.390404	0.158961	0.78175	1.452	48837.1	26632.1	3.06256	1.00018
natural[92,1]	0.0183503	0.000150431	0.0197545	0.0100414	0.00343727	0.0140909	0.0441401	25488.2	21320.2	1.59836	1.00024
natural[92,2]	3.02617	0.00731762	1.26033	1.22193	1.07636	2.93395	5.24544	27645.8	17311.3	1.73366	1.00013
natural[92,3]	0.36552	0.00141056	0.184443	0.113424	0.160181	0.340411	0.631892	25192.8	19458.6	1.57983	1.00022
natural[92,4]	0.0864615	0.000333905	0.0669026	0.0566852	0.0124037	0.0703012	0.213758	39100.1	23034.4	2.45196	0.999973
natural[92,5]	3.09532	0.00334097	0.731071	0.726098	1.92346	3.0798	4.32217	48285.6	24755.6	3.02798	1.00015
natural[92,6]	0.0712998	0.00441552	0.834873	0.843392	-1.28424	0.0616177	1.46275	35338.7	21502.8	2.21608	1.00003
natural[93,1]	0.0544542	0.000220207	0.0375208	0.0305437	0.0119942	0.0457377	0.12631	27258.6	23145.5	1.70938	1.00008
natural[93,2]	1.41509	0.00327241	0.602025	0.561725	0.613795	1.31997	2.54385	32593.4	24880.7	2.04392	1.00003
natural[93,3]	2.67535	0.00498387	0.94494	0.923302	1.34568	2.55711	4.41644	38457.3	26040.8	2.41165	1.0003
natural[93,4]	0.303664	0.000926696	0.175736	0.163094	0.0718514	0.27756	0.62547	33910.5	25182.2	2.12652	1.00016
natural[93,5]	0.824917	0.00276315	0.651446	0.645658	-0.23633	0.819309	1.9014	55851.7	26913.1	3.50244	1.00026
natural[93,6]	-0.337058	0.00312559	0.594588	0.587008	-1.31239	-0.337149	0.638974	36510.6	26316.6	2.28957	1.00022
natural[94,1]	0.107637	0.000696379	0.0995215	0.071237	0.0113431	0.0764724	0.311055	19647.8	23223.8	1.23211	1.00031
natural[94,2]	1.46544	0.00575049	0.851214	0.891633	0.286899	1.36341	3.0008	19342.4	20245.3	1.21296	1.00022
natural[94,3]	0.586362	0.00404339	0.506636	0.276201	0.130654	0.435451	1.60009	18455.0	19351.8	1.15731	1.00042
natural[94,4]	0.143306	0.000759427	0.127383	0.0887874	0.0200508	0.110266	0.374132	29575.3	23700.0	1.85466	1.0004
natural[94,5]	1.53567	0.00307153	0.645619	0.63995	0.484734	1.52782	2.61898	45159.8	25352.5	2.83196	1.00031
natural[94,6]	0.138514	0.00514034	0.751399	0.764908	-0.997397	0.0867568	1.44763	20603.2	25895.5	1.29202	1.00022
natural[95,1]	0.123767	0.000858565	0.117781	0.0682996	0.0193295	0.0863805	0.364552	21178.4	22036.5	1.32809	1.00041
natural[95,2]	0.292193	0.00134793	0.239043	0.176884	0.0473234	0.224407	0.766568	28819.2	23734.6	1.80724	1.00009
natural[95,3]	1.389	0.00484708	0.878354	0.806571	0.292151	1.21115	3.08121	38061.7	25040.1	2.38683	1.00017
natural[95,4]	0.341566	0.00214408	0.361825	0.221376	0.0258803	0.216732	1.07651	32752.5	26347.0	2.0539	0.999912
natural[95,5]	0.550922	0.00267792	0.580687	0.574205	-0.394412	0.550849	1.51336	47246.7	27274.7	2.96282	1.00019
natural[95,6]	0.273843	0.00193128	0.412383	0.403186	-0.402814	0.270244	0.954428	45888.6	25793.8	2.87766	1.00027
natural[96,1]	0.111719	0.000380759	0.0712455	0.0657249	0.0238049	0.098259	0.245432	30766.5	22206.1	1.92936	0.999967
natural[96,2]	1.47364	0.00340152	0.638964	0.601932	0.598457	1.38423	2.64423	34272.9	24996.8	2.14924	1.00005
natural[96,3]	2.2247	0.00516028	0.972815	0.953684	0.882607	2.08632	4.0262	41442.8	23726.0	2.59887	1.00013
natural[96,4]	0.37091	0.0011424	0.215459	0.18685	0.0946507	0.335428	0.763926	34768.0	23342.3	2.18029	1.00051
natural[96,5]	0.914456	0.00279488	0.663272	0.653662	-0.163572	0.907354	2.01138	57239.7	25027.8	3.58949	1.00014
natural[96,6]	1.11693	0.00337099	0.6503	0.635902	0.103008	1.08812	2.23504	38036.8	25404.0	2.38528	0.999934
natural[97,1]	0.166484	0.000559651	0.0994161	0.0921988	0.0397797	0.148764	0.35586	28821.9	20932.1	1.80741	1.00006
natural[97,2]	1.06579	0.0026755	0.473486	0.456145	0.393593	1.00835	1.92579	28124.1	20443.6	1.76366	1.00011
natural[97,3]	2.59001	0.00582567	1.1308	1.12638	0.977436	2.46253	4.61407	40976.0	24059.5	2.56959	1.00018
natural[97,4]	1.0482	0.00338454	0.618305	0.561247	0.243345	0.943673	2.19804	33683.5	21337.6	2.11228	1.00034
natural[97,5]	0.60307	0.00341381	0.724277	0.713378	-0.578303	0.596928	1.80673	45321.2	26618.2	2.84208	1.00024
natural[97,6]	1.5623	0.00313701	0.618112	0.612411	0.585379	1.54417	2.60325	39448.8	25447.5	2.47382	1.0001
natural[98,1]	0.0704857	0.000349205	0.055983	0.0416484	0.0127171	0.0556498	0.178311	25907.8	22304.4	1.62467	1.00006
natural[98,2]	2.59337	0.00966864	1.37398	1.32391	0.718761	2.4006	5.13171	17446.0	17768.0	1.09403	1.00045
natural[98,3]	0.897559	0.0041136	0.504105	0.300512	0.431357	0.7478	1.88834	21478.0	16304.7	1.34688	1.00032
natural[98,4]	0.360469	0.000939048	0.163557	0.139109	0.109673	0.354755	0.624792	28559.1	18718.4	1.79093	1.00055
natural[98,5]	1.21103	0.00323949	0.660886	0.653389	0.150555	1.19993	2.32877	42206.4	25493.2	2.64675	1.00017
natural[98,6]	1.01635	0.00506431	0.797003	0.805859	-0.221473	0.975637	2.3983	24080.5	23996.6	1.51008	1.00021
natural[99,1]	0.119278	0.000413616	0.0723038	0.0720917	0.0249214	0.106802	0.255719	27277.1	22129.9	1.71054	1.0002
natural[99,2]	1.42311	0.0031417	0.597152	0.546586	0.628825	1.32677	2.53477	34616.6	26034.5	2.1708	1.00012
natural[99,3]	2.76517	0.00569649	1.08229	1.06497	1.22049	2.6432	4.7415	39363.4	24974.4	2.46847	1.00026
natural[99,4]	0.98987	0.00252093	0.439346	0.3739	0.442512	0.904983	1.82328	30865.2	24671.4	1.93555	1.00031
natural[99,5]	0.187587	0.00293933	0.686029	0.685208	-0.933819	0.184544	1.31787	54786.3	25355.0	3.43563	1.00038
natural[99,6]	0.348354	0.00333751	0.64197	0.632003	-0.6999	0.343959	1.40447	37187.6	25036.6	2.33202	1.00016
natural[100,1]	0.0729923	0.0003614	0.0593655	0.0419311	0.0130309	0.0584964	0.180566	28102.8	22263.6	1.76232	0.999992
natural[100,2]	1.25669	0.00478707	0.708685	0.726503	0.279725	1.16165	2.56719	19499.5	20076.5	1.22281	1.00043
natural[100,3]	0.822461	0.00358192	0.517663	0.360868	0.261644	0.697898	1.8203	25572.2	19839.3	1.60363	1.00027
natural[100,4]	0.104878	0.000509844	0.0918145	0.0630969	0.0158179	0.0804731	0.275901	38007.1	24512.9	2.38341	1.00001
natural[100,5]	2.15162	0.00294028	0.658784	0.656513	1.09849	2.13424	3.25971	50844.9	24185.4	3.18847	1.00013
natural[100,6]	-0.160193	0.00395395	0.646287	0.632504	-1.14993	-0.204975	0.968212	26283.4	26754.0	1.64823	1.00025
natural[101,1]	0.0563123	0.000347712	0.0546042	0.0327075	0.00841969	0.0408355	0.155239	27503.7	23653.0	1.72475	1.00024
natural[101,2]	0.994976	0.00344761	0.579707	0.563203	0.239114	0.897744	2.09142	26047.9	23485.6	1.63345	1.00004
natural[101,3]	0.815734	0.00333508	0.519605	0.384569	0.232886	0.689642	1.85212	26315.0	24183.7	1.6502	1.00013
natural[101,4]	0.111829	0.000621524	0.111692	0.0679228	0.0137586	0.0792699	0.316281	41589.5	24452.8	2.60806	1.00008
natural[101,5]	2.55457	0.0028898	0.661315	0.655622	1.50305	2.53854	3.6707	53013.8	27097.8	3.32448	1.00011
natural[101,6]	-1.00606	0.00346956	0.613021	0.591095	-1.98426	-1.02184	0.0439241	31466.2	25396.9	1.97324	1.00027
natural[102,1]	0.20936	0.00100879	0.155993	0.13384	0.0348254	0.1688	0.526843	22755.5	20881.7	1.42699	1.00035
natural[102,2]	0.175771	0.000622793	0.123387	0.101661	0.0358086	0.146198	0.413722	37881.4	23504.3	2.37553	1.00011
natural[102,3]	1.9672	0.00545681	1.06218	1.05388	0.475243	1.83823	3.9244	39954.6	24860.1	2.50554	1.00009
natural[102,4]	0.286208	0.00158195	0.287548	0.180964	0.0288903	0.196151	0.854128	43338.2	26216.6	2.71772	1.00008
natural[102,5]	-0.0232417	0.00266106	0.556348	0.5554	-0.926641	-0.0291973	0.898914	43991.1	27561.6	2.75867	1.00012
natural[102,6]	0.593296	0.00180982	0.392482	0.387073	-0.0452937	0.588855	1.24492	47283.1	25176.9	2.96511	1.00007
natural[103,1]	0.0781232	0.000310784	0.057572	0.0456661	0.0150619	0.0643457	0.188457	35400.6	24195.2	2.21996	1.00008
natural[103,2]	0.944541	0.00302628	0.513593	0.46566	0.298128	0.843732	1.91895	26858.1	23964.3	1.68426	0.999934
natural[103,3]	1.52223	0.0046447	0.773917	0.683833	0.578467	1.35926	3.02222	30432.1	23690.2	1.90839	0.999854
natural[103,4]	0.243468	0.000953468	0.186153	0.151152	0.0392325	0.20138	0.594438	39476.6	23930.9	2.47557	1.00018
natural[103,5]	0.897559	0.00259085	0.611109	0.607916	-0.0998417	0.892292	1.91273	56001.9	25698.3	3.51186	0.999911
natural[103,6]	0.0925213	0.00298439	0.534348	0.517223	-0.742992	0.0707913	1.01197	32658.0	25101.0	2.04797	0.999938
natural[104,1]	0.188826	0.000539613	0.0882772	0.0874711	0.0582776	0.181941	0.342971	24718.3	18727.9	1.55008	1.00032
natural[104,2]	1.56233	0.00585869	0.816055	0.81492	0.403245	1.46659	3.04573	17888.1	18855.5	1.12176	1.00027
natural[104,3]	0.507813	0.00245195	0.331863	0.208322	0.161968	0.434478	1.09811	23810.0	17581.0	1.49312	1.00025
natural[104,4]	0.240137	0.00134196	0.201434	0.147413	0.0344496	0.19067	0.620411	21302.2	23480.8	1.33585	1.00001
natural[104,5]	1.82409	0.00418859	0.685747	0.677205	0.741874	1.79725	2.997	27924.3	24339.3	1.75112	1.00026
natural[104,6]	-0.390694	0.00409229	0.650528	0.642773	-1.40003	-0.424044	0.728342	25432.4	23923.1	1.59486	1.00016
natural[105,1]	0.0563573	0.000327099	0.048315	0.0327333	0.00978049	0.0431282	0.145908	20734.7	22218.9	1.30026	1.00032
natural[105,2]	1.34002	0.00320426	0.570617	0.562678	0.529885	1.27251	2.38273	29915.4	23566.9	1.87599	0.999985
natural[105,3]	1.89759	0.00491535	0.869614	0.826049	0.74927	1.76018	3.53432	36112.9	24179.1	2.26463	1.00025
natural[105,4]	0.315857	0.00139459	0.230264	0.197122	0.0474881	0.268625	0.752512	26020.8	23455.4	1.63176	1.00012
natural[105,5]	2.80549	0.00369396	0.761836	0.752189	1.59687	2.78234	4.09009	43466.6	24333.1	2.72578	1.0002
natural[105,6]	0.591341	0.00317856	0.614431	0.600355	-0.379222	0.568066	1.63822	38123.8	25949.0	2.39073	1.00011
natural[106,1]	0.082478	0.000593082	0.0836028	0.0444271	0.0136188	0.0576288	0.239919	23209.6	21768.2	1.45547	1.00022
natural[106,2]	0.461847	0.00190774	0.313975	0.274322	0.0883418	0.394232	1.0662	24655.9	25038.4	1.54616	1.00018
natural[106,3]	1.69128	0.0049682	0.899936	0.847793	0.480904	1.55211	3.36743	34929.5	24793.1	2.19042	1.00018
natural[106,4]	0.201557	0.00108405	0.194577	0.126925	0.0235466	0.144022	0.568628	45049.6	24945.1	2.82504	1.00013
natural[106,5]	1.07027	0.00277305	0.625541	0.619748	0.0627377	1.05544	2.12679	51373.4	26637.0	3.22161	1.00023
natural[106,6]	0.573962	0.00211604	0.434557	0.423682	-0.123807	0.564386	1.30049	42848.3	26629.5	2.68701	1.00001
natural[107,1]	0.0510458	0.000316156	0.0480368	0.0306445	0.00690577	0.035983	0.147424	23953.8	25212.2	1.50213	0.999956
natural[107,2]	3.57044	0.0191584	2.87286	1.91996	0.832317	2.79949	8.92745	18243.1	22290.9	1.14402	1.00002
natural[107,3]	1.30363	0.00541153	0.702186	0.512326	0.602768	1.09377	2.71975	18772.2	20554.4	1.1772	1.00011
natural[107,4]	0.607289	0.00158395	0.2456	0.147699	0.337347	0.548111	1.07293	26674.1	19976.0	1.67272	1.00003
natural[107,5]	1.42657	0.00373084	0.771735	0.759974	0.202556	1.40269	2.72849	43648.1	23834.2	2.73716	1.0003
natural[107,6]	-0.599684	0.00448467	0.771578	0.746256	-1.81853	-0.623545	0.712864	29947.3	24764.7	1.87799	1.00022
natural[108,1]	0.201807	0.000830389	0.141522	0.128364	0.0338756	0.170071	0.479824	27901.9	21341.9	1.74972	1.00042
natural[108,2]	0.447076	0.00267616	0.375072	0.258002	0.0767066	0.330612	1.21759	20138.8	22720.0	1.2629	1.00006
natural[108,3]	1.50883	0.00645016	1.0046	0.927077	0.306636	1.28227	3.48923	24390.5	23239.7	1.52952	1.00025
natural[108,4]	0.286363	0.00161684	0.269686	0.177956	0.0347574	0.206586	0.803833	32420.8	25313.0	2.0331	1.00025
natural[108,5]	-0.0271709	0.00272531	0.606878	0.608107	-1.01628	-0.0309554	0.987446	49779.8	27530.8	3.12168	1.00022
natural[108,6]	0.801185	0.00284357	0.479164	0.450917	0.0704646	0.77209	1.6372	30200.8	21889.6	1.89389	0.999991
natural[109,1]	0.241254	0.00111067	0.167023	0.170806	0.0360092	0.205794	0.562034	21671.8	21525.3	1.35903	1.00022
natural[109,2]	0.307801	0.00112817	0.201349	0.151649	0.0823183	0.261666	0.687806	30593.0	23734.6	1.91848	1.00001
natural[109,3]	2.38848	0.00692648	1.13831	1.12952	0.785895	2.24738	4.48201	27983.2	24052.1	1.75482	1.00002
natural[109,4]	0.269393	0.00135155	0.243246	0.165319	0.0357838	0.197323	0.743916	37253.2	25896.8	2.33614	0.999984
natural[109,5]	-0.313978	0.00265629	0.567904	0.564987	-1.2458	-0.313764	0.612144	45912.3	28041.1	2.87914	0.99999
natural[109,6]	0.0476221	0.0019814	0.426554	0.420057	-0.652635	0.0462572	0.751353	46536.6	25865.4	2.9183	0.99992
natural[110,1]	0.0569962	0.000360331	0.0533477	0.0314844	0.00989248	0.0415796	0.153922	26352.0	24119.8	1.65252	1.00045
natural[110,2]	0.975915	0.00377059	0.579892	0.570346	0.222517	0.876673	2.07249	21808.0	21616.7	1.36757	1.00012
natural[110,3]	1.15152	0.0042248	0.697332	0.561488	0.35947	0.98293	2.53613	31159.4	24706.1	1.954	1.0002
natural[110,4]	0.175106	0.000822126	0.156123	0.108173	0.0241284	0.133975	0.465047	43773.1	24918.6	2.745	1.00005
natural[110,5]	1.48829	0.00287241	0.664892	0.661697	0.42998	1.47027	2.60856	54565.6	24860.6	3.42179	1.00005
natural[110,6]	0.671362	0.00331951	0.580611	0.557465	-0.202064	0.627582	1.6965	31371.7	25837.7	1.96731	1.00013
natural[111,1]	0.0695534	0.000384326	0.0588141	0.043404	0.0105076	0.0520199	0.189015	22312.1	23294.1	1.39919	1.00008
natural[111,2]	1.50573	0.00353128	0.622604	0.619469	0.607817	1.43655	2.6385	29579.5	23022.1	1.85492	0.999989
natural[111,3]	1.79166	0.00474276	0.852211	0.797783	0.679127	1.64336	3.40301	37059.2	24618.9	2.32397	1.00003
natural[111,4]	0.166604	0.000638041	0.12328	0.101393	0.0287199	0.137636	0.399829	37110.8	24464.2	2.32721	1.00001
natural[111,5]	2.37955	0.00322647	0.737627	0.728468	1.19438	2.35889	3.62636	53091.9	23324.0	3.32938	0.999932
natural[111,6]	0.597027	0.00327874	0.652822	0.642044	-0.406578	0.561774	1.7127	40435.6	25155.6	2.53571	0.999991
natural[112,1]	0.213752	0.00103486	0.16213	0.137031	0.0330222	0.169898	0.546817	23723.5	21978.1	1.4877	1.00033
natural[112,2]	0.286322	0.00182751	0.288864	0.159838	0.0408914	0.194259	0.855183	25324.9	25024.5	1.58812	1.00006
natural[112,3]	1.58483	0.00594344	1.01651	0.957619	0.331524	1.38069	3.54304	29164.4	23725.7	1.82889	1.00035
natural[112,4]	0.285118	0.00164379	0.290111	0.177882	0.0292434	0.194856	0.845057	39603.2	24796.2	2.4835	0.999902
natural[112,5]	-0.38657	0.00285067	0.615208	0.611476	-1.41138	-0.381685	0.611206	47190.6	26587.9	2.95931	1.00012
natural[112,6]	-0.736905	0.00219013	0.441366	0.431338	-1.45874	-0.736666	-0.0208987	41489.5	24609.2	2.6018	1.00017
natural[113,1]	0.262675	0.00112611	0.175145	0.170215	0.0454304	0.225781	0.609136	21443.9	20815.3	1.34474	1.00007
natural[113,2]	0.168769	0.000621905	0.123968	0.0985391	0.0334121	0.137377	0.414135	39316.9	25006.6	2.46555	1.00008
natural[113,3]	1.92011	0.00597956	1.11322	1.10651	0.414017	1.75671	3.99002	38946.0	24586.1	2.44229	0.999997
natural[113,4]	0.408105	0.00252641	0.431152	0.261563	0.0327908	0.264534	1.27293	38012.8	24665.7	2.38377	1.00023
natural[113,5]	-0.161394	0.00289061	0.611251	0.608758	-1.16178	-0.164932	0.850177	44897.4	28698.9	2.8155	1.00016
natural[113,6]	1.33222	0.00199633	0.443992	0.443	0.614895	1.32319	2.08039	50562.4	24836.8	3.17075	1.00041
natural[114,1]	0.0833232	0.000238645	0.0433006	0.0398504	0.0268926	0.0761037	0.16412	29121.0	20473.6	1.82617	1.00018
natural[114,2]	4.44023	0.0112595	2.1253	1.90074	1.68393	4.05405	8.47255	36790.9	25634.9	2.30714	1.0001
natural[114,3]	2.00532	0.00544278	0.913039	0.876613	0.827748	1.84668	3.73379	32670.2	25101.9	2.04874	1.00007
natural[114,4]	0.381299	0.000865775	0.146779	0.108001	0.193597	0.361264	0.638407	31244.4	26315.7	1.95933	1.00005
natural[114,5]	1.2521	0.00376104	0.792768	0.782469	-0.0298372	1.24261	2.57665	45063.3	22758.8	2.82591	1.00028
natural[114,6]	0.43	0.00469128	0.886142	0.881517	-0.97681	0.404083	1.91417	36119.0	25217.8	2.26501	1.00021
natural[115,1]	0.179626	0.000766071	0.127968	0.104398	0.0355498	0.148398	0.432667	26957.1	21445.3	1.69047	1.00024
natural[115,2]	0.331912	0.00107534	0.21985	0.191274	0.0684749	0.285463	0.753155	40670.8	25301.8	2.55045	1.00011
natural[115,3]	2.21845	0.00552421	1.11634	1.09896	0.620774	2.08791	4.25063	43545.8	24524.4	2.73074	0.999979
natural[115,4]	0.519532	0.00266888	0.485258	0.356981	0.046756	0.371372	1.50113	39793.6	27259.3	2.49545	1.00016
natural[115,5]	0.275965	0.00300525	0.670344	0.671943	-0.808685	0.271458	1.39164	50147.0	28126.1	3.1447	1.00042
natural[115,6]	1.49888	0.00231592	0.497658	0.493781	0.6954	1.49127	2.33319	46581.7	26498.6	2.92112	1.00037
natural[116,1]	0.188629	0.00120541	0.162489	0.121323	0.0242048	0.137458	0.533952	17472.0	21522.1	1.09566	1.00039
natural[116,2]	0.227852	0.00170504	0.249704	0.125337	0.0283181	0.144612	0.724048	22546.2	23010.0	1.41386	1.00015
natural[116,3]	1.33013	0.00583116	0.944008	0.858186	0.22134	1.1103	3.17877	26189.1	24593.2	1.64231	1.00024
natural[116,4]	0.228521	0.00142483	0.246165	0.140096	0.0213174	0.149288	0.704198	35211.2	24379.0	2.20808	1.00008
natural[116,5]	-0.185489	0.00265106	0.564354	0.563842	-1.12012	-0.179282	0.734353	45615.5	27410.5	2.86053	0.999897
natural[116,6]	-0.24095	0.00196622	0.399861	0.392027	-0.890147	-0.243579	0.419091	42178.5	23157.5	2.645	1.00016
natural[117,1]	0.0227075	0.000152552	0.0231017	0.0138119	0.00258149	0.0152045	0.0693093	25401.0	24183.0	1.59289	1.00041
natural[117,2]	13.7866	0.0810886	13.0662	7.1479	3.00861	10.6382	34.526	33680.6	24483.5	2.1121	1.00012
natural[117,3]	1.6089	0.00490994	0.785666	0.701197	0.687343	1.42306	3.13059	28989.7	25980.2	1.81793	1.00001
natural[117,4]	0.169557	0.000506147	0.100877	0.103524	0.0342765	0.153378	0.356205	37115.2	24790.3	2.32748	1.00023
natural[117,5]	2.00515	0.00538197	1.04979	1.0572	0.292377	2.00069	3.74131	38925.6	22664.4	2.44101	1.00005
natural[117,6]	-0.334657	0.00582319	1.20014	1.21089	-2.24696	-0.359939	1.69116	42436.8	26900.9	2.6612	1.00008
natural[118,1]	0.120128	0.000683494	0.106708	0.0693952	0.0193983	0.0881106	0.335048	27690.3	24598.4	1.73645	1.00007
natural[118,2]	0.463062	0.00167297	0.291032	0.251564	0.115491	0.401153	1.01897	27642.8	20238.1	1.73347	1.00009
natural[118,3]	1.94277	0.00519048	0.971777	0.936989	0.622027	1.79682	3.73998	37433.3	24067.5	2.34743	1.00038
natural[118,4]	0.286487	0.0014097	0.265518	0.180226	0.0351794	0.20771	0.809312	47847.7	25474.7	3.00052	1.00005
natural[118,5]	0.33867	0.00276377	0.608961	0.604768	-0.658028	0.336169	1.33994	48866.7	26991.4	3.06442	1.00023
natural[118,6]	0.690681	0.00239389	0.46937	0.461236	-0.060932	0.680539	1.46932	39028.6	26088.9	2.44747	1.00005
natural[119,1]	0.0526089	0.000215321	0.0347744	0.028496	0.0128119	0.0454359	0.116592	24354.8	20268.2	1.52728	1.00013
natural[119,2]	1.48377	0.00332419	0.606547	0.595596	0.623082	1.41472	2.58089	31184.0	21225.7	1.95554	1.00022
natural[119,3]	2.62181	0.00596097	1.05512	1.03265	1.13918	2.492	4.53946	34049.7	23842.7	2.13525	0.99997
natural[119,4]	1.12288	0.00340378	0.570733	0.504263	0.398513	1.01891	2.20826	27944.0	19344.3	1.75236	1.00022
natural[119,5]	0.661135	0.00358321	0.722498	0.712172	-0.518607	0.65055	1.86419	41001.5	25066.1	2.57119	1.00005
natural[119,6]	0.861151	0.0035443	0.654798	0.64734	-0.194275	0.851438	1.95734	34310.2	24808.1	2.15158	1.00025
natural[120,1]	0.282668	0.00106204	0.180978	0.183557	0.0524723	0.246152	0.632988	28451.0	24108.5	1.78415	1.00042
natural[120,2]	0.275281	0.00105539	0.204081	0.152534	0.0582504	0.22419	0.67172	34981.9	26228.2	2.19371	1.00008
natural[120,3]	1.74815	0.00579832	1.03612	0.99804	0.402346	1.57048	3.69548	35001.1	23637.6	2.19491	1.00008
natural[120,4]	0.461287	0.00259988	0.44073	0.311855	0.0409801	0.324472	1.34247	33970.1	24499.5	2.13025	1.00008
natural[120,5]	0.273621	0.00262641	0.573421	0.569581	-0.655772	0.265546	1.22789	47791.1	29082.0	2.99696	0.999928
natural[120,6]	0.459976	0.00193787	0.421783	0.415687	-0.227296	0.458123	1.1548	47650.1	25628.6	2.98812	1.00033
natural[121,1]	0.0450012	0.000237834	0.0382608	0.0258243	0.00798489	0.0344382	0.119006	27917.4	23168.5	1.75069	0.999988
natural[121,2]	2.00445	0.00681857	1.09826	0.988157	0.637279	1.79965	4.09515	23256.8	24049.1	1.45843	1.00016
natural[121,3]	1.19403	0.00413161	0.609576	0.465032	0.535873	1.03458	2.40926	26495.6	22421.3	1.66153	1.0003
natural[121,4]	0.357271	0.00104595	0.189207	0.174914	0.0823857	0.343687	0.685005	30863.6	21577.1	1.93545	1.00018
natural[121,5]	2.23222	0.00327395	0.712743	0.703513	1.09506	2.21253	3.43949	48061.4	25443.8	3.01392	1.00062
natural[121,6]	-0.136674	0.00384298	0.688326	0.67975	-1.22354	-0.165914	1.03415	32173.3	26640.9	2.01758	1.00025
natural[122,1]	0.0300853	0.000145318	0.0236243	0.0173825	0.00581847	0.0238111	0.0758582	25926.8	24243.9	1.62586	1.00027
natural[122,2]	3.52135	0.0129239	2.30662	1.59457	1.189	2.96789	7.67048	33368.3	24696.3	2.09251	1.00019
natural[122,3]	2.37438	0.00542459	0.94368	0.918026	1.0788	2.23996	4.12595	33385.7	25958.5	2.09361	1.00014
natural[122,4]	0.255785	0.000744644	0.133847	0.13932	0.0617661	0.245128	0.48091	30894.8	24404.7	1.9374	1.00012
natural[122,5]	0.71166	0.00376408	0.811808	0.811039	-0.610482	0.702877	2.03968	46793.2	25347.5	2.93439	1.00025
natural[122,6]	-1.15144	0.00444715	0.83979	0.81034	-2.5173	-1.15913	0.23311	35902.1	24144.2	2.25141	1.00019
natural[123,1]	0.0485839	0.000230832	0.0362396	0.0291442	0.00903095	0.039334	0.119011	23361.6	22895.7	1.465	1.00024
natural[123,2]	2.40142	0.00664477	1.18396	1.06718	0.909741	2.18072	4.66687	31622.3	26744.8	1.98302	1.00001
natural[123,3]	2.44524	0.00567895	0.968314	0.94499	1.12038	2.31059	4.23173	31749.6	25851.4	1.99101	1.00025
natural[123,4]	0.217448	0.000715351	0.130443	0.122519	0.0480437	0.196117	0.455911	31700.6	25642.0	1.98793	1.00021
natural[123,5]	0.373759	0.00345899	0.758403	0.748921	-0.879141	0.37713	1.61147	48602.2	23269.2	3.04783	0.999938
natural[123,6]	-0.836931	0.00421599	0.753308	0.733476	-2.03783	-0.852659	0.426048	32485.3	24820.2	2.03714	1.00017
natural[124,1]	0.146177	0.000875789	0.134567	0.0910928	0.0183237	0.102073	0.433729	25409.3	23259.9	1.59341	1.00001
natural[124,2]	0.333229	0.00122142	0.236602	0.197474	0.0674581	0.27618	0.79574	34309.9	23302.9	2.15156	1.0001
natural[124,3]	1.29123	0.00467597	0.895505	0.828191	0.203565	1.10518	3.03002	45420.9	23794.1	2.84833	1.00048
natural[124,4]	0.205512	0.00133578	0.231736	0.125226	0.0180431	0.130351	0.651024	45144.2	24332.9	2.83098	1.00013
natural[124,5]	1.59326	0.0034149	0.810511	0.801221	0.305987	1.56699	2.96876	57516.4	25410.6	3.60683	1.00019
natural[124,6]	1.83134	0.00232921	0.514072	0.5083	1.01944	1.81302	2.70367	51067.1	25150.2	3.2024	0.999966
natural[125,1]	0.100568	0.00100068	0.120656	0.0568144	0.00821201	0.0555344	0.359997	12813.7	21547.3	0.803541	1.00065
natural[125,2]	0.485015	0.00477564	0.542342	0.2837	0.0351618	0.262286	1.67314	12850.5	22172.5	0.805852	1.00063
natural[125,3]	0.739757	0.00560203	0.732099	0.469164	0.0768276	0.486655	2.26955	15109.7	22352.6	0.947522	1.00059
natural[125,4]	0.123031	0.000901249	0.147826	0.0719192	0.0114078	0.0774457	0.38616	27168.0	23767.3	1.7037	1.00017
natural[125,5]	0.696915	0.00318738	0.633417	0.625929	-0.323531	0.682674	1.76937	39556.1	26539.4	2.48055	1.00003
natural[125,6]	0.0781912	0.00406979	0.54155	0.476647	-0.690826	0.0182131	1.08477	19379.1	20059.5	1.21526	1.0004
natural[126,1]	0.140128	0.000857133	0.120202	0.0864149	0.0208692	0.103192	0.386385	19300.5	22629.4	1.21033	1.00068
natural[126,2]	0.652155	0.00439764	0.569739	0.35577	0.112911	0.471067	1.82886	16775.9	21920.1	1.05201	1.00029
natural[126,3]	2.10482	0.00803133	1.1645	1.15588	0.635896	1.8921	4.2999	20558.9	24801.9	1.28924	1.00019
natural[126,4]	0.476075	0.00202951	0.377711	0.307789	0.0610342	0.386785	1.22132	34442.9	23581.2	2.1599	1.00004
natural[126,5]	-0.336835	0.00256183	0.597838	0.596872	-1.32243	-0.335044	0.636511	54860.3	27226.1	3.44027	1.00039
natural[126,6]	0.172865	0.00294101	0.511252	0.483375	-0.631115	0.156795	1.03051	31518.2	21611.2	1.9765	1.00011
natural[127,1]	0.173978	0.000875345	0.143474	0.110052	0.0251635	0.130416	0.469761	26280.9	25003.7	1.64806	1.00015
natural[127,2]	0.292624	0.00106588	0.208991	0.171313	0.0577896	0.242369	0.698766	33920.0	21858.9	2.12711	1.00006
natural[127,3]	1.59018	0.00508341	1.00122	0.964044	0.294903	1.41136	3.49088	43899.2	23476.1	2.75291	1.00015
natural[127,4]	0.266151	0.00158576	0.286327	0.164882	0.0235285	0.172108	0.821695	46985.0	24241.4	2.94641	1.00006
natural[127,5]	0.99627	0.00336791	0.760177	0.756176	-0.227548	0.973057	2.27637	52200.2	25238.1	3.27346	1.00026
natural[127,6]	1.86644	0.00231199	0.518455	0.51039	1.04642	1.84944	2.7538	52260.7	24363.3	3.27725	1.00032
natural[128,1]	0.144873	0.00110427	0.142572	0.088328	0.0159493	0.0943096	0.452532	15641.0	23091.5	0.98084	1.00039
natural[128,2]	0.486009	0.00392555	0.493783	0.299362	0.0484388	0.299964	1.53744	15880.5	23081.9	0.995863	1.00032
natural[128,3]	0.911356	0.00585072	0.810701	0.563471	0.125715	0.643948	2.59575	18548.6	23638.7	1.16318	1.00027
natural[128,4]	0.205134	0.00123656	0.219758	0.127341	0.0198685	0.138438	0.622044	38004.2	25062.7	2.38323	0.99996
natural[128,5]	0.473062	0.00276125	0.586198	0.584856	-0.478989	0.464186	1.45662	45211.3	26468.3	2.83519	1.00013
natural[128,6]	-0.12285	0.00346919	0.506307	0.457499	-0.863618	-0.168877	0.789717	23227.9	21033.2	1.45661	1.00009
natural[129,1]	0.0320649	0.000168241	0.0268724	0.0181262	0.00607123	0.0251	0.0809564	28317.1	23576.4	1.77576	1.00023
natural[129,2]	2.29145	0.00878005	1.34276	1.30736	0.547838	2.06067	4.83874	20460.5	20597.4	1.28307	1.0003
natural[129,3]	1.07262	0.00486466	0.621784	0.369524	0.510565	0.870427	2.36271	21181.4	18262.5	1.32828	1.00024
natural[129,4]	0.135555	0.000564864	0.100535	0.0818548	0.023481	0.113343	0.319694	31273.4	22062.6	1.96115	1.00003
natural[129,5]	1.03942	0.00317594	0.687525	0.688769	-0.0714373	1.03259	2.18577	47306.2	23701.9	2.96655	1.00009
natural[129,6]	-0.472419	0.00505481	0.777471	0.774659	-1.67086	-0.521653	0.887694	23290.3	26237.9	1.46053	1.00017
natural[130,1]	0.152205	0.00118254	0.145947	0.0969047	0.0163323	0.102476	0.466856	14036.8	22144.2	0.880243	1.00033
natural[130,2]	0.370093	0.00309406	0.386073	0.222148	0.0377695	0.229048	1.19283	15131.1	22846.3	0.948869	1.00012
natural[130,3]	0.715377	0.00509346	0.704256	0.441719	0.0812003	0.477842	2.16343	20918.6	22814.0	1.3118	1.00002
natural[130,4]	0.318099	0.00241679	0.379619	0.19472	0.0186435	0.179111	1.09432	29591.5	24799.8	1.85567	1.0003
natural[130,5]	0.821684	0.00333134	0.684974	0.679372	-0.278826	0.805358	1.97579	42750.7	26025.3	2.68088	1.00015
natural[130,6]	1.20829	0.00267616	0.481502	0.4555	0.475642	1.18183	2.03786	35049.6	21719.2	2.19795	1.00025
natural[131,1]	0.0226852	0.000167759	0.0239904	0.0122838	0.00386553	0.0166013	0.0592254	23112.3	22342.7	1.44937	1.00043
natural[131,2]	3.14492	0.0078287	1.31809	1.2978	1.10018	3.06118	5.4538	25799.9	15851.0	1.6179	1.00016
natural[131,3]	0.537001	0.00233847	0.2811	0.140177	0.298966	0.469251	0.978025	25112.8	16162.4	1.57481	1.00015
natural[131,4]	0.0858998	0.000344587	0.0610341	0.0526231	0.0154992	0.0728701	0.199265	32345.6	24259.2	2.02838	1.00016
natural[131,5]	1.64183	0.00344188	0.693926	0.692289	0.528033	1.63083	2.80377	41386.5	24119.7	2.59533	1.00053
natural[131,6]	1.01583	0.00508411	0.888629	0.896091	-0.414144	1.00184	2.52324	29782.8	19551.8	1.86767	1.00039
natural[132,1]	0.021109	0.000114624	0.0181742	0.0117925	0.00407255	0.0163718	0.0533888	27817.4	24124.9	1.74442	1.00017
natural[132,2]	7.42448	0.0268782	4.7168	3.68834	2.13392	6.49616	15.7227	28886.6	23204.1	1.81147	1.00016
natural[132,3]	1.80451	0.00552897	0.880202	0.839759	0.689852	1.64255	3.47352	30267.2	23365.4	1.89805	0.999989
natural[132,4]	0.427925	0.000480894	0.0849054	0.06057	0.29808	0.428892	0.551268	33895.3	24989.9	2.12556	1.00027
natural[132,5]	1.28104	0.00371845	0.798862	0.794474	-0.00143507	1.26189	2.61715	46901.0	23669.0	2.94115	1.00026
natural[132,6]	1.02046	0.00489528	0.958684	0.953554	-0.488409	0.979298	2.64877	38592.5	25255.5	2.42012	1.00027
natural[133,1]	0.0689009	0.000301229	0.0464652	0.0399782	0.0144027	0.058822	0.158667	22330.7	21002.8	1.40035	1.0001
natural[133,2]	3.54329	0.0188213	2.78342	1.7658	0.954674	2.80959	8.51675	17868.0	19346.9	1.12049	1.00009
natural[133,3]	0.898957	0.00307768	0.377332	0.251822	0.535972	0.792742	1.6196	19161.7	16573.3	1.20163	1.00007
natural[133,4]	1.09833	0.00329547	0.434493	0.336975	0.628881	0.98645	1.95199	20450.9	19641.7	1.28247	1.00019
natural[133,5]	1.06055	0.0039327	0.716497	0.708027	-0.0935728	1.0464	2.25715	33865.7	24214.6	2.12371	1.00002
natural[133,6]	-1.43035	0.00403099	0.76909	0.75736	-2.72088	-1.41502	-0.191416	36798.7	24921.5	2.30764	1.00026
natural[134,1]	0.185223	0.000704237	0.0956522	0.102587	0.0375882	0.182162	0.347352	17825.9	18997.8	1.11786	1.00019
natural[134,2]	1.40263	0.00364665	0.649716	0.583835	0.567385	1.28667	2.62728	30986.0	26629.7	1.94312	1.00015
natural[134,3]	1.96967	0.0062607	0.919928	0.873332	0.791593	1.80516	3.71334	22402.7	23222.4	1.40487	1.00023
natural[134,4]	0.379624	0.00127301	0.231646	0.223268	0.0757146	0.345834	0.802852	31504.2	24738.3	1.97562	1.00009
natural[134,5]	1.72049	0.00329361	0.697543	0.692476	0.593385	1.70954	2.88662	45117.8	25014.9	2.82932	1.00016
natural[134,6]	-0.810156	0.0035109	0.645251	0.628952	-1.87017	-0.810341	0.24598	33934.6	26660.4	2.12803	1.00016
natural[135,1]	0.156135	0.00111228	0.151423	0.0926508	0.0190852	0.102511	0.489418	20179.8	22131.9	1.26547	1.0003
natural[135,2]	0.273884	0.00122634	0.210749	0.157343	0.0533711	0.217835	0.693468	27746.3	24255.1	1.73996	1.00017
natural[135,3]	1.74605	0.00544399	1.00434	0.971189	0.407739	1.58764	3.62065	36336.4	24559.7	2.27865	1.00018
natural[135,4]	0.213042	0.00123581	0.221135	0.130749	0.0229873	0.145737	0.629101	44297.8	23472.2	2.7779	1.00026
natural[135,5]	0.557574	0.00297096	0.62207	0.614942	-0.453459	0.547563	1.59601	44084.7	27123.4	2.76454	1.00004
natural[135,6]	0.75951	0.00190849	0.423263	0.412589	0.07954	0.750436	1.47472	49871.6	25371.3	3.12743	1.00032
natural[136,1]	0.230364	0.00108391	0.158526	0.140976	0.043111	0.191918	0.547976	20532.8	23129.8	1.28761	1.00027
natural[136,2]	0.158429	0.000688858	0.128408	0.0925599	0.028087	0.123284	0.410426	34641.9	25465.4	2.17239	0.999878
natural[136,3]	1.55469	0.00540676	0.984668	0.942671	0.310755	1.3728	3.44369	36400.9	24493.2	2.28269	1.00021
natural[136,4]	0.370706	0.00234444	0.409266	0.232398	0.0282306	0.229374	1.20451	37774.9	26113.4	2.36885	1.00005
natural[136,5]	-0.078523	0.00262943	0.557758	0.554697	-0.990878	-0.0846678	0.84293	45206.5	28418.6	2.83488	1.0001
natural[136,6]	0.100661	0.00172787	0.397055	0.392647	-0.550897	0.101106	0.752346	53132.2	24510.2	3.3319	1.0004
natural[137,1]	0.140835	0.000498423	0.0930016	0.084474	0.0276495	0.121463	0.320816	32135.5	22000.9	2.01521	1.00011
natural[137,2]	1.20438	0.00272017	0.520811	0.493257	0.490371	1.13239	2.17241	36157.8	25999.4	2.26745	1.00003
natural[137,3]	1.9838	0.00531733	0.97976	0.950252	0.648293	1.84879	3.80838	38553.5	22938.6	2.41768	1.00029
natural[137,4]	0.323249	0.00113206	0.226951	0.192418	0.0576062	0.274751	0.754349	41306.0	25076.4	2.59028	1.00015
natural[137,5]	1.37199	0.00305687	0.705969	0.703606	0.234498	1.35843	2.55542	53751.2	25036.6	3.37072	1.00022
natural[137,6]	1.22627	0.00344725	0.668586	0.657596	0.185369	1.18811	2.38052	38316.0	25078.7	2.40279	1.00021
natural[138,1]	0.0616284	0.000387915	0.0609687	0.0352149	0.00924098	0.0436799	0.173036	29078.1	24105.2	1.82348	1.00005
natural[138,2]	1.4338	0.00837074	1.30839	0.860667	0.234694	1.05116	3.89356	21185.9	24336.5	1.32856	1.00006
natural[138,3]	1.13222	0.00474936	0.699325	0.494329	0.441461	0.918176	2.56724	24600.6	22542.9	1.5427	1.00002
natural[138,4]	0.244134	0.000974483	0.194088	0.163463	0.0334422	0.200507	0.592798	41510.2	23336.8	2.60309	1.00006
natural[138,5]	1.28262	0.00295097	0.674336	0.670928	0.180885	1.27481	2.40408	52472.9	26605.9	3.29056	1.00015
natural[138,6]	-1.59002	0.0037262	0.652576	0.623412	-2.6313	-1.60731	-0.493271	30832.2	25312.6	1.93348	1.00018
natural[139,1]	0.0603451	0.00029302	0.0491848	0.0331506	0.0123095	0.0474246	0.150277	29679.3	23729.6	1.86118	1.00033
natural[139,2]	0.92081	0.00254484	0.449063	0.436716	0.309902	0.85989	1.7541	28845.2	21119.4	1.80887	1.00014
natural[139,3]	2.14561	0.00517619	0.939415	0.912899	0.85219	2.01309	3.87101	35996.1	24505.7	2.25731	1.00007
natural[139,4]	0.218921	0.000894322	0.170692	0.13555	0.035697	0.175618	0.542615	41184.4	24644.2	2.58266	1.00028
natural[139,5]	1.23812	0.00266596	0.630254	0.63218	0.215428	1.22995	2.27971	56638.3	26627.6	3.55177	1.00014
natural[139,6]	0.422775	0.0026373	0.512342	0.500256	-0.386371	0.405533	1.28533	38504.0	25100.5	2.41458	1.00011
natural[140,1]	0.0408199	0.000177797	0.0300746	0.0231405	0.00864255	0.0331864	0.0988932	26678.1	22952.0	1.67298	1.00006
natural[140,2]	1.9336	0.00453924	0.837801	0.790535	0.807841	1.80508	3.4893	32953.3	25489.1	2.06649	1.00027
natural[140,3]	2.22336	0.00501006	0.906467	0.874223	0.995533	2.08882	3.90999	37240.7	23234.7	2.33536	0.999969
natural[140,4]	0.504252	0.00135149	0.225135	0.19034	0.193913	0.475126	0.911023	27407.3	22592.7	1.71871	1.00001
natural[140,5]	1.54507	0.00317398	0.706718	0.704403	0.417031	1.52702	2.73878	50785.3	25893.2	3.18473	1.00031
natural[140,6]	0.32893	0.00355782	0.666452	0.657773	-0.735792	0.311288	1.44318	35895.9	25106.2	2.25102	1.00011
natural[141,1]	0.209675	0.00102876	0.15421	0.131467	0.0360545	0.170496	0.524164	20876.8	20683.6	1.30918	1.00029
natural[141,2]	0.16041	0.000603356	0.113835	0.0905761	0.035141	0.131621	0.382987	35416.2	25453.8	2.22094	1.00001
natural[141,3]	1.52353	0.00514288	0.954585	0.905054	0.305238	1.34837	3.34367	39155.8	24437.5	2.45545	1.00022
natural[141,4]	0.319223	0.00216939	0.360683	0.196154	0.0242526	0.195753	1.04584	38540.1	24699.8	2.41684	1.00043
natural[141,5]	0.544236	0.00259508	0.551941	0.550552	-0.355314	0.54217	1.45266	45495.1	28086.4	2.85298	1.00014
natural[141,6]	0.0790714	0.00170304	0.380791	0.378069	-0.548701	0.0797548	0.703885	50354.9	26228.6	3.15774	1.00005
natural[142,1]	0.184681	0.000770208	0.130595	0.114417	0.0322375	0.154303	0.439993	27260.1	21766.8	1.70947	1.00006
natural[142,2]	0.429338	0.00161454	0.296937	0.23172	0.10212	0.353261	1.01458	31257.0	26034.0	1.96011	0.999945
natural[142,3]	1.82964	0.00583462	1.00643	0.95216	0.526502	1.65524	3.70818	31247.2	24975.7	1.9595	1.0002
natural[142,4]	0.273078	0.00129812	0.248906	0.175663	0.032532	0.201813	0.760036	43754.6	24963.9	2.74384	1.0001
natural[142,5]	0.816518	0.0025869	0.584289	0.57981	-0.143731	0.813402	1.78223	51230.2	27785.5	3.21263	1.00005
natural[142,6]	-0.16855	0.00206504	0.428918	0.420017	-0.87178	-0.165223	0.534606	43463.4	25712.2	2.72558	1.0001
natural[143,1]	0.079361	0.00035523	0.0563819	0.046371	0.0162474	0.0661851	0.186984	23646.8	22988.0	1.48288	1.00031
natural[143,2]	1.04324	0.00249451	0.453848	0.430429	0.423655	0.977139	1.88951	30395.1	22698.2	1.90607	1.00019
natural[143,3]	2.27332	0.00500364	0.926342	0.898061	0.982231	2.15171	3.98032	37673.3	25294.2	2.36248	1.00041
natural[143,4]	0.3193	0.00120679	0.218339	0.198163	0.0551232	0.276194	0.729625	31887.3	22427.3	1.99964	1.0002
natural[143,5]	2.02676	0.0030067	0.652668	0.647594	0.976555	2.01068	3.12757	47943.9	26056.7	3.00654	1.00014
natural[143,6]	-0.366921	0.00274805	0.53748	0.524634	-1.246	-0.367578	0.517379	38646.9	26763.6	2.42354	1.00006
natural[144,1]	0.0829934	0.00055931	0.0862257	0.0490027	0.00936115	0.054069	0.259525	26853.8	24738.2	1.68399	1.00025
natural[144,2]	1.14649	0.00433236	0.699781	0.69244	0.243496	1.02304	2.47277	23287.3	22180.4	1.46034	1.00003
natural[144,3]	0.72288	0.00345322	0.523158	0.34016	0.19255	0.579189	1.75488	25712.4	22007.9	1.61242	1.00022
natural[144,4]	0.129418	0.000684033	0.120521	0.080121	0.0167064	0.0956277	0.354407	36595.3	23602.0	2.29488	1.0001
natural[144,5]	2.08886	0.00278269	0.660793	0.662243	1.03354	2.07445	3.19598	56602.4	23955.4	3.54952	1.00033
natural[144,6]	-0.600338	0.00376945	0.635123	0.618224	-1.58685	-0.634565	0.503323	28546.1	26334.1	1.79011	1.00001
natural[145,1]	0.0633545	0.000330069	0.0528074	0.0355359	0.0121897	0.0489075	0.163151	28541.9	24388.4	1.78986	1.00021
natural[145,2]	1.22384	0.00325136	0.584707	0.565084	0.425018	1.1403	2.30048	29666.0	22246.7	1.86035	1.00014
natural[145,3]	2.25084	0.00517052	0.973969	0.949381	0.906974	2.11854	4.03936	40057.0	24921.5	2.51196	1.00012
natural[145,4]	0.388752	0.0013981	0.250331	0.214096	0.0796293	0.344525	0.85157	31474.0	23770.5	1.97372	1.00025
natural[145,5]	1.07942	0.00276521	0.658699	0.656143	0.0183072	1.07234	2.17794	57399.4	25510.9	3.5995	1.00008
natural[145,6]	0.793911	0.00296507	0.576549	0.563833	-0.107042	0.770089	1.77965	38546.1	25430.0	2.41721	1.00005
natural[146,1]	0.113544	0.000571154	0.091009	0.0682757	0.0191413	0.0898895	0.28795	29217.9	23704.1	1.83224	1.00027
natural[146,2]	0.402074	0.00163712	0.281162	0.231127	0.0833201	0.332204	0.953478	27411.9	23888.5	1.71899	1.00004
natural[146,3]	1.11414	0.0043258	0.749366	0.635887	0.22911	0.942994	2.56823	34703.8	24649.2	2.17626	0.999968
natural[146,4]	0.192515	0.00109967	0.198638	0.119484	0.0199547	0.131239	0.569983	41738.9	24890.5	2.61743	1.00008
natural[146,5]	1.36851	0.00261779	0.582168	0.574593	0.432685	1.35875	2.34463	50028.7	26873.7	3.13728	1.00034
natural[146,6]	-0.383603	0.00209464	0.429618	0.420801	-1.0831	-0.390069	0.324231	42394.9	26359.8	2.65857	1.00025
natural[147,1]	0.188504	0.000949333	0.151877	0.120268	0.0282139	0.14373	0.504978	25525.2	24065.9	1.60068	1.00018
natural[147,2]	0.277519	0.00109369	0.217514	0.168944	0.0472301	0.219552	0.704381	40851.9	23060.2	2.56181	0.999992
natural[147,3]	1.75562	0.00537597	1.07419	1.05486	0.333552	1.58066	3.79235	45690.6	22317.4	2.86524	1.00009
natural[147,4]	0.369194	0.00235207	0.402695	0.232618	0.0290802	0.231539	1.17815	44085.3	24065.5	2.76457	1.00013
natural[147,5]	0.492304	0.00358194	0.828571	0.817179	-0.847616	0.481529	1.88682	54079.6	26576.3	3.39132	1.00045
natural[147,6]	2.78483	0.00294256	0.643525	0.632221	1.79216	2.75145	3.90432	50828.4	23887.2	3.18743	1.00006
natural[148,1]	0.0506189	0.000228513	0.0403447	0.0319633	0.00791033	0.0395338	0.130971	31106.2	25046.0	1.95066	0.999968
natural[148,2]	6.56187	0.0263366	4.86742	3.33924	1.81942	5.38202	14.9528	32888.3	27217.9	2.06242	1.00025
natural[148,3]	2.06104	0.00517452	0.897878	0.862586	0.880597	1.90843	3.75487	34536.0	25402.4	2.16574	1.00008
natural[148,4]	0.498617	0.000634094	0.116284	0.0874999	0.318099	0.495018	0.690856	34232.8	23799.5	2.14673	1.00003
natural[148,5]	1.68574	0.00342177	0.791924	0.784045	0.427827	1.66717	3.01852	54551.4	24063.5	3.4209	1.00014
natural[148,6]	0.145759	0.00417582	0.873202	0.864888	-1.24674	0.125537	1.6283	43961.5	25326.1	2.75681	1.00027
natural[149,1]	0.188851	0.00108956	0.153551	0.115975	0.029544	0.144233	0.513271	20637.4	23993.8	1.29417	1.00037
natural[149,2]	0.202632	0.000805614	0.155316	0.11765	0.0384056	0.161593	0.506425	34833.0	25350.0	2.18437	1.00007
natural[149,3]	1.61431	0.00539816	0.968425	0.926121	0.354019	1.44385	3.46208	34240.4	24448.1	2.14721	1.00012
natural[149,4]	0.270069	0.00166126	0.28605	0.168008	0.0256742	0.180097	0.824566	41526.1	24599.5	2.60409	1.00004
natural[149,5]	0.250151	0.0025606	0.545431	0.544656	-0.648858	0.242862	1.14718	45622.9	29285.7	2.86099	1.00011
natural[149,6]	0.10708	0.00174992	0.386009	0.383326	-0.526863	0.104608	0.745425	48949.7	25628.9	3.06962	1.00003
natural[150,1]	0.0717622	0.000321112	0.0493426	0.0433473	0.0139904	0.0603118	0.168476	21872.4	23362.6	1.37161	1.0002
natural[150,2]	2.98595	0.00615126	1.12896	1.06078	1.44966	2.82479	5.06617	33458.8	27080.3	2.09819	1.00006
natural[150,3]	2.5857	0.00581101	1.06027	1.04928	1.10941	2.44892	4.52216	36633.1	26762.2	2.29725	1.00006
natural[150,4]	1.33817	0.00332655	0.547305	0.482527	0.663848	1.23	2.38464	31766.7	25220.6	1.99208	1.00021
natural[150,5]	0.954039	0.00372282	0.795844	0.796466	-0.344036	0.94606	2.2767	46223.0	23489.8	2.89863	1.00014
natural[150,6]	0.442451	0.00397022	0.783969	0.774692	-0.823095	0.428873	1.7502	39819.6	25415.2	2.49707	1.00008
natural[151,1]	0.089875	0.000606199	0.0858038	0.0522403	0.0131956	0.064196	0.257388	19513.6	22682.3	1.22369	1.00019
natural[151,2]	0.425984	0.00171212	0.295304	0.249214	0.089765	0.355025	1.0089	27727.7	22988.0	1.7388	1.00004
natural[151,3]	0.832368	0.003838	0.647561	0.519989	0.123351	0.665007	2.1166	32457.7	23624.0	2.03541	1.00017
natural[151,4]	0.176784	0.00124423	0.202766	0.107358	0.013716	0.107097	0.577516	33900.2	25490.7	2.12587	1.00013
natural[151,5]	2.38379	0.00331575	0.726184	0.71784	1.23807	2.35582	3.63128	49394.8	26107.4	3.09754	1.00054
natural[151,6]	0.473425	0.00228865	0.443814	0.433513	-0.234199	0.46097	1.21912	38525.5	25517.8	2.41592	1.00017
natural[152,1]	0.049845	0.000402296	0.0550737	0.0262189	0.00817916	0.0357127	0.135744	24632.8	19461.5	1.54471	1.00018
natural[152,2]	1.60727	0.00583826	0.879392	0.938204	0.301011	1.54792	3.14366	20551.1	17953.4	1.28876	1.00023
natural[152,3]	0.470301	0.0026632	0.369978	0.224159	0.107713	0.382683	1.14357	24258.0	18594.8	1.52121	1.00017
natural[152,4]	0.0932345	0.000473531	0.0828907	0.0571172	0.0134796	0.0719373	0.240525	35355.5	25483.5	2.21713	0.999943
natural[152,5]	2.22687	0.00300201	0.662043	0.658824	1.15575	2.21341	3.32195	48897.1	25422.3	3.06632	1.00007
natural[152,6]	-0.173869	0.00468276	0.741977	0.758046	-1.32627	-0.208457	1.10643	24401.0	25653.4	1.53018	1.00013
natural[153,1]	0.182636	0.00110933	0.148754	0.115209	0.0265419	0.138334	0.493537	18180.9	22198.9	1.14012	1.00059
natural[153,2]	0.220226	0.00139153	0.220192	0.128346	0.0300399	0.149133	0.652109	24541.6	25164.7	1.539	1.00046
natural[153,3]	1.03567	0.00519346	0.829102	0.673986	0.146377	0.804202	2.69688	28335.1	25058.4	1.77689	1.00037
natural[153,4]	0.297239	0.00203273	0.337204	0.184881	0.0210321	0.179715	0.96946	36407.6	25151.7	2.28311	1.00019
natural[153,5]	0.234359	0.00269869	0.581786	0.578369	-0.730114	0.234773	1.18939	46628.3	27265.2	2.92404	1.00019
natural[153,6]	-0.537691	0.00197506	0.41099	0.40137	-1.2164	-0.53636	0.128757	43797.8	24341.2	2.74655	1.00025
natural[154,1]	0.283494	0.000613679	0.10826	0.10318	0.120312	0.275319	0.474807	30056.8	20584.9	1.88485	1.00031
natural[154,2]	0.550527	0.0014716	0.267577	0.226311	0.221834	0.498075	1.05944	33019.9	26612.2	2.07067	0.999999
natural[154,3]	2.41014	0.00640503	1.05565	1.04204	0.936784	2.27821	4.36431	28201.6	23849.6	1.76851	1.00002
natural[154,4]	0.503649	0.00203441	0.381423	0.326252	0.0756157	0.410033	1.24472	36242.7	22919.9	2.27277	0.999996
natural[154,5]	0.300103	0.00276199	0.611701	0.604125	-0.710479	0.29815	1.30278	49791.4	26799.4	3.12241	1.00009
natural[154,6]	-0.654585	0.00249565	0.486351	0.476247	-1.46479	-0.64916	0.13181	38418.7	25991.0	2.40923	1.00064
natural[155,1]	0.0437775	0.00020121	0.0322125	0.0251433	0.00895632	0.0357614	0.10643	24547.2	24383.9	1.53934	1.0002
natural[155,2]	1.886	0.00399811	0.769305	0.743597	0.803149	1.78952	3.29808	35655.9	26808.1	2.23597	1.00016
natural[155,3]	1.91326	0.0046227	0.811228	0.773681	0.840236	1.78397	3.42227	34078.1	25257.7	2.13703	1.00007
natural[155,4]	0.214518	0.000719928	0.131892	0.123676	0.0441275	0.194253	0.454238	32869.1	25410.4	2.06121	0.999927
natural[155,5]	2.47807	0.0031365	0.710196	0.711907	1.34087	2.46012	3.673	52453.9	24291.5	3.28937	1.00054
natural[155,6]	-0.249408	0.00331917	0.662746	0.652621	-1.30712	-0.269795	0.86937	40107.2	25793.4	2.51511	1.00009
natural[156,1]	0.0562846	0.000336952	0.0535116	0.0320326	0.00899221	0.0405699	0.158892	27059.6	23568.7	1.6969	1.0001
natural[156,2]	1.52815	0.00450718	0.753516	0.710462	0.533473	1.40588	2.94649	25656.3	24041.1	1.6089	1.00003
natural[156,3]	1.38506	0.00414845	0.667038	0.550979	0.611568	1.23323	2.68262	29881.7	22586.3	1.87387	0.999999
natural[156,4]	0.303951	0.00106174	0.197188	0.185402	0.0528611	0.27471	0.663477	32640.1	23624.9	2.04685	1.00014
natural[156,5]	2.43216	0.00316417	0.701647	0.691541	1.31938	2.40916	3.62115	50215.4	23951.3	3.14899	1.00012
natural[156,6]	-0.457332	0.00340992	0.632817	0.6146	-1.47118	-0.471276	0.600386	34627.0	25416.3	2.17145	1.00011
natural[157,1]	0.205292	0.000718092	0.122075	0.101022	0.0604082	0.1774	0.449922	29899.2	22333.7	1.87497	1.0003
natural[157,2]	1.00646	0.00301859	0.488556	0.480831	0.316906	0.946869	1.90388	23131.7	19706.0	1.45058	1.00017
natural[157,3]	0.603811	0.00311001	0.472028	0.317175	0.130832	0.483334	1.49887	30336.4	21282.6	1.90239	1.00053
natural[157,4]	0.671355	0.00342864	0.532077	0.462894	0.0721742	0.546185	1.70153	21979.3	20563.7	1.37832	1.00021
natural[157,5]	1.57359	0.00375648	0.750806	0.743092	0.373063	1.55243	2.83503	40253.7	25422.9	2.5243	1.00046
natural[157,6]	1.17588	0.00312438	0.580382	0.567612	0.263203	1.14969	2.17215	34854.4	24296.7	2.18571	1.00015
natural[158,1]	0.0335167	0.000633814	0.0638712	0.0144069	0.00250344	0.0153944	0.122168	12460.8	10890.8	0.78141	1.00032
natural[158,2]	10.2784	0.074858	9.87234	6.77688	0.263142	8.50997	25.8805	10064.2	9377.78	0.631125	1.00052
natural[158,3]	0.264805	0.00406912	0.375242	0.116639	0.043344	0.178985	0.815437	12947.8	8447.44	0.811954	1.00033
natural[158,4]	0.180517	0.000814491	0.139724	0.134685	0.0200991	0.154535	0.408967	26690.8	23880.6	1.67377	1.0001
natural[158,5]	2.21242	0.00987558	1.17552	1.14217	0.160005	2.25819	4.06087	14702.3	15484.3	0.921975	1.00035
natural[158,6]	-0.78176	0.012091	1.39548	1.46539	-3.0804	-0.740099	1.47404	13471.6	14206.3	0.844801	1.00046
natural[159,1]	0.0588566	0.000258012	0.0450105	0.0342351	0.0111965	0.0465868	0.14808	30531.0	22706.5	1.91459	1.00016
natural[159,2]	1.51321	0.00401912	0.725012	0.664284	0.580043	1.38645	2.89624	31083.6	25633.8	1.94925	0.999989
natural[159,3]	2.28056	0.00498219	0.932739	0.905389	0.996891	2.14836	3.99022	39510.3	24971.0	2.47768	1.00024
natural[159,4]	0.40018	0.0011912	0.218229	0.202942	0.095651	0.376538	0.791383	32429.5	23979.8	2.03365	1.00027
natural[159,5]	1.41792	0.00290183	0.659237	0.6537	0.356686	1.40578	2.52114	52261.0	25301.1	3.27727	1.00015
natural[159,6]	0.0455194	0.0031532	0.612082	0.591347	-0.939513	0.0339583	1.07119	38205.6	24303.7	2.39586	1.00022
natural[160,1]	0.246577	0.000856917	0.155033	0.148298	0.0504967	0.216657	0.548311	30039.2	21814.2	1.88375	1.00039
natural[160,2]	0.31717	0.0012561	0.237069	0.178149	0.0651048	0.256684	0.77839	33635.4	24193.7	2.10926	1.00006
natural[160,3]	1.83859	0.00572499	1.03251	0.989513	0.48581	1.66595	3.79709	35097.5	25699.0	2.20095	1.00024
natural[160,4]	0.349838	0.00171952	0.326992	0.225864	0.0390688	0.254509	0.997787	44159.4	25612.5	2.76922	0.999988
natural[160,5]	0.0437521	0.0027019	0.592782	0.586434	-0.926066	0.0462653	1.01751	48350.5	27899.8	3.03204	1.00002
natural[160,6]	-0.142384	0.0019288	0.420941	0.416275	-0.841207	-0.140744	0.547282	48058.9	23424.3	3.01376	1.00023
natural[161,1]	0.05824	0.000276131	0.0447712	0.0341614	0.0108899	0.046434	0.145933	25213.2	23670.9	1.58111	1.0001
natural[161,2]	1.87018	0.00409851	0.761982	0.717803	0.828952	1.76666	3.27507	33471.2	25372.6	2.09897	1.00003
natural[161,3]	2.18206	0.00476981	0.862631	0.824076	1.01502	2.04717	3.78768	35431.2	24069.5	2.22188	1.0001
natural[161,4]	0.271333	0.000815621	0.150597	0.142467	0.0647696	0.253489	0.542468	32751.3	23826.2	2.05382	1.00011
natural[161,5]	2.04994	0.00306469	0.704185	0.695895	0.918663	2.03351	3.2344	53552.7	24461.7	3.35827	0.999986
natural[161,6]	-0.101322	0.00330911	0.656346	0.640522	-1.15225	-0.116277	0.991522	39930.1	24612.4	2.50401	1.00028
natural[162,1]	0.136125	0.000588049	0.102636	0.0789914	0.0263982	0.110297	0.332217	34208.6	23980.1	2.14521	1.00028
natural[162,2]	0.752195	0.00271223	0.481046	0.46454	0.136844	0.667241	1.66685	26199.7	19839.8	1.64298	0.999989
natural[162,3]	2.14973	0.00523124	1.09623	1.08273	0.591806	2.01708	4.15235	48168.0	22935.7	3.0206	1.00005
natural[162,4]	0.559112	0.00259907	0.49151	0.387907	0.0542614	0.419231	1.53628	40996.0	24252.7	2.57085	1.00012
natural[162,5]	0.865365	0.0034694	0.798614	0.788974	-0.425528	0.8509	2.20796	53723.1	24657.5	3.36896	1.00017
natural[162,6]	2.49392	0.00305706	0.648581	0.637194	1.49359	2.46308	3.62289	47737.2	24183.8	2.99358	1.00052
natural[163,1]	0.037644	0.000112185	0.0216342	0.019052	0.0107242	0.0334273	0.0785341	35972.9	24258.8	2.25585	1.00018
natural[163,2]	9.02259	0.0375313	6.48145	4.37048	2.58378	7.4934	20.3273	32321.2	24332.0	2.02685	1.00003
natural[163,3]	2.01857	0.00553873	0.930238	0.89761	0.822554	1.85334	3.78896	32756.2	24513.0	2.05413	1.00031
natural[163,4]	0.613488	0.000690551	0.122776	0.0954175	0.452873	0.596535	0.829161	35023.5	25548.1	2.19632	1.00008
natural[163,5]	1.3067	0.00392746	0.857034	0.864306	-0.063854	1.28641	2.74298	48222.0	25362.0	3.02399	1.00002
natural[163,6]	0.350242	0.00431473	0.912233	0.900675	-1.11313	0.328969	1.88685	44830.6	25372.7	2.81131	1.0001
natural[164,1]	0.0695946	0.000415951	0.0661164	0.0405134	0.0106251	0.0502267	0.193162	26107.2	24607.3	1.63717	1.00032
natural[164,2]	0.691126	0.00267444	0.444389	0.384913	0.166966	0.591191	1.5678	24792.2	22476.3	1.55471	1.00001
natural[164,3]	1.53222	0.00502789	0.822898	0.745508	0.518716	1.36226	3.11463	29555.3	25398.7	1.8534	1.00022
natural[164,4]	0.147419	0.000723837	0.133939	0.0886374	0.0210054	0.110362	0.398042	39516.1	22454.9	2.47804	1.00008
natural[164,5]	0.832812	0.00262355	0.603027	0.598183	-0.152808	0.827652	1.84124	53215.0	26834.9	3.3371	1.00044
natural[164,6]	-0.264348	0.0027592	0.493239	0.475777	-1.04541	-0.276998	0.5683	32584.2	25618.9	2.04334	1.00023
natural[165,1]	0.111848	0.000555227	0.0831581	0.0612261	0.02314	0.0926364	0.261853	24549.3	18665.3	1.53948	1.00031
natural[165,2]	0.798077	0.00453656	0.623921	0.51881	0.122393	0.623145	2.05461	16615.2	20830.7	1.04193	1.00021
natural[165,3]	1.17321	0.0061647	0.816825	0.611483	0.319366	0.930385	2.83832	18140.1	22506.0	1.13756	1.00027
natural[165,4]	0.224602	0.00126115	0.209718	0.137921	0.0284349	0.164074	0.625491	29328.1	23566.6	1.83916	1.00035
natural[165,5]	0.15094	0.00261197	0.609111	0.606139	-0.85129	0.148613	1.15497	54619.8	26320.4	3.42519	1.0005
natural[165,6]	-0.421991	0.00402892	0.582081	0.553286	-1.30058	-0.467223	0.600961	21618.7	22117.4	1.3557	1.00011
natural[166,1]	0.206541	0.000969072	0.144539	0.126052	0.038398	0.171895	0.494957	20129.9	20089.0	1.26234	1.00012
natural[166,2]	0.20277	0.000949753	0.173412	0.116877	0.0344608	0.152872	0.539948	32011.6	25726.6	2.00744	1.00018
natural[166,3]	1.38026	0.00529971	0.931039	0.857464	0.253128	1.17928	3.18125	34322.8	24525.8	2.15237	1.00028
natural[166,4]	0.299612	0.00183003	0.312909	0.189965	0.0265663	0.197591	0.916042	40713.4	24728.8	2.55313	1.00026
natural[166,5]	0.115169	0.00253402	0.544567	0.540352	-0.773823	0.112712	1.01357	46267.7	28208.5	2.90143	1.00014
natural[166,6]	0.280777	0.00172214	0.383299	0.380764	-0.339507	0.278637	0.914417	49807.4	25290.4	3.1234	1.00008
natural[167,1]	0.0507795	0.00035087	0.0520832	0.0283602	0.00771619	0.0353094	0.145665	27482.9	22563.3	1.72345	1.0003
natural[167,2]	1.53166	0.00776838	1.17447	0.950752	0.26218	1.24235	3.8272	18983.3	21778.3	1.19044	1.00032
natural[167,3]	0.919817	0.00417487	0.571702	0.348899	0.373512	0.742879	2.06846	23198.5	21392.6	1.45477	1.00043
natural[167,4]	0.242681	0.000918779	0.18088	0.167352	0.0324235	0.208263	0.559284	37729.1	24714.8	2.36598	1.00011
natural[167,5]	1.65369	0.00286311	0.645069	0.637941	0.608299	1.64119	2.72897	51245.3	26992.3	3.21358	1.00027
natural[167,6]	-1.01099	0.00383241	0.643197	0.613566	-2.00626	-1.04485	0.0952887	28309.6	26088.4	1.77529	1.00005
natural[168,1]	0.0785215	0.000303483	0.0478051	0.0459922	0.0165805	0.0706848	0.166654	22778.3	18944.6	1.42842	1.00035
natural[168,2]	1.96937	0.00483516	0.836885	0.832431	0.775183	1.87456	3.48895	27720.1	20696.2	1.73832	1.00007
natural[168,3]	1.25753	0.00429503	0.657697	0.523411	0.523534	1.09542	2.56146	28251.3	22444.9	1.77163	1.00017
natural[168,4]	0.108499	0.000417593	0.0790278	0.0633752	0.0210427	0.0897019	0.259651	37342.4	24986.9	2.34173	0.999943
natural[168,5]	1.92288	0.00341889	0.713392	0.709652	0.78326	1.90372	3.12301	44459.5	25021.1	2.78804	1.00016
natural[168,6]	0.286364	0.00429095	0.728694	0.730043	-0.842475	0.250338	1.53514	29228.0	26099.9	1.83288	1.00016
natural[169,1]	0.0740334	0.000490913	0.0721026	0.040903	0.0122935	0.0531669	0.205888	23195.5	23221.2	1.45458	1.00037
natural[169,2]	0.528566	0.00197219	0.343499	0.282718	0.128799	0.449422	1.20393	27720.3	23092.7	1.73833	1.0002
natural[169,3]	1.82187	0.00531092	0.891252	0.825273	0.667419	1.66172	3.52149	29652.7	26031.2	1.85951	1.00008
natural[169,4]	0.185186	0.000931624	0.167863	0.11385	0.0254356	0.137194	0.50611	37456.2	23630.7	2.34887	1.00019
natural[169,5]	0.539539	0.00263955	0.583185	0.580066	-0.411339	0.535133	1.50899	49070.8	27913.8	3.07722	1.00006
natural[169,6]	-0.659665	0.00236604	0.462988	0.454298	-1.42834	-0.654461	0.0907486	38686.4	25413.5	2.42601	1.00025
natural[170,1]	0.253938	0.0013217	0.184528	0.169971	0.038316	0.207153	0.627397	18194.6	20812.4	1.14098	1.00059
natural[170,2]	0.172654	0.00127757	0.190089	0.0940841	0.0224542	0.112299	0.537194	23392.1	25803.8	1.46691	1.00017
natural[170,3]	1.51527	0.0068952	1.06489	1.00963	0.232192	1.28563	3.60582	24581.6	24204.4	1.5415	1.00025
natural[170,4]	0.323659	0.00204852	0.347712	0.203108	0.027711	0.210441	1.0084	36471.7	24122.1	2.28713	1.00008
natural[170,5]	-0.740077	0.00269148	0.564373	0.561074	-1.66487	-0.735363	0.188484	44213.9	27613.5	2.77264	1.00007
natural[170,6]	0.823004	0.00186681	0.408437	0.401476	0.165213	0.81215	1.51368	48992.0	25137.8	3.07227	1.00007
natural[171,1]	0.113146	0.000796056	0.108101	0.0672325	0.0153725	0.0789948	0.332365	18169.0	22917.8	1.13937	1.00064
natural[171,2]	0.369662	0.00226254	0.350248	0.220171	0.0515888	0.259773	1.06178	22429.1	24722.1	1.40652	1.00052
natural[171,3]	1.29992	0.00526267	0.867161	0.758359	0.290219	1.08993	2.98922	28688.8	25053.6	1.79907	1.00023
natural[171,4]	0.287248	0.0016436	0.286601	0.187409	0.0264258	0.19643	0.857755	35555.3	24497.2	2.22966	0.999984
natural[171,5]	0.231779	0.00261662	0.569885	0.565175	-0.707699	0.234208	1.17327	47525.9	27407.8	2.98033	1.00026
natural[171,6]	-0.472456	0.00217941	0.433215	0.420698	-1.18413	-0.472916	0.232519	40230.3	24378.0	2.52283	1.00028
natural[172,1]	0.0849651	0.000314404	0.0574257	0.0469966	0.0186221	0.0724569	0.193067	30616.6	23019.1	1.91995	1.00019
natural[172,2]	1.36822	0.00351999	0.638471	0.58901	0.53963	1.25962	2.5789	31310.5	23983.2	1.96347	1.00004
natural[172,3]	2.57252	0.00521854	0.973116	0.944109	1.21021	2.44996	4.36713	38628.6	24275.9	2.42239	1.00008
natural[172,4]	0.354275	0.00114498	0.215218	0.20651	0.0719135	0.32204	0.751682	33527.9	23585.4	2.10252	0.999941
natural[172,5]	0.759148	0.0027348	0.648485	0.646346	-0.302547	0.754687	1.82337	56373.0	27029.5	3.53513	1.00067
natural[172,6]	-0.412783	0.00301001	0.591073	0.57473	-1.3743	-0.422821	0.570734	38850.5	25945.4	2.4363	1.00005
natural[173,1]	0.226243	0.00124385	0.178691	0.148339	0.0320689	0.173147	0.602304	19998.3	22903.3	1.25409	1.00034
natural[173,2]	0.168819	0.00079688	0.145014	0.0949591	0.0302953	0.126512	0.452409	34090.9	25097.4	2.13783	1.00001
natural[173,3]	1.40878	0.0056045	0.96677	0.893393	0.246249	1.20123	3.2853	33037.5	25304.4	2.07177	1.00021
natural[173,4]	0.261316	0.00159058	0.284031	0.161655	0.0221712	0.166426	0.830343	41192.9	24928.0	2.5832	1.00011
natural[173,5]	0.210697	0.00257109	0.55286	0.546452	-0.69779	0.212952	1.12361	46485.1	28529.0	2.91507	1.00013
natural[173,6]	-0.377008	0.00174884	0.399792	0.395995	-1.04001	-0.373295	0.272615	52865.4	25360.1	3.31517	1.00025
natural[174,1]	0.200465	0.00115412	0.158088	0.127415	0.0308821	0.155254	0.530432	18332.4	20907.7	1.14962	1.00047
natural[174,2]	0.165455	0.000663566	0.128457	0.0950857	0.031553	0.131225	0.413668	35951.2	24892.5	2.25449	1.0002
natural[174,3]	1.58258	0.0055949	0.997595	0.955623	0.306968	1.3924	3.48742	35622.3	24393.0	2.23387	1.0001
natural[174,4]	0.252611	0.00149368	0.272844	0.157139	0.0228902	0.164417	0.784647	45293.7	25769.1	2.84036	1.00014
natural[174,5]	0.145447	0.0026803	0.571065	0.572303	-0.78996	0.139757	1.09377	45695.8	27501.4	2.86557	1.00006
natural[174,6]	0.772345	0.00171147	0.395938	0.391112	0.129105	0.765076	1.43574	54286.7	23473.7	3.4043	1.00055
natural[175,1]	0.153882	0.000750256	0.128886	0.0947445	0.0229027	0.11621	0.417395	31022.3	22181.2	1.9454	1.00018
natural[175,2]	0.396692	0.00141284	0.297175	0.24768	0.0654134	0.321338	0.979895	40642.0	21659.2	2.54865	1.00006
natural[175,3]	1.96211	0.00531363	1.10942	1.11636	0.443554	1.81084	3.98187	48679.9	22731.7	3.0527	1.00049
natural[175,4]	0.412593	0.00246279	0.426242	0.265268	0.0347662	0.272641	1.27547	44945.9	22897.5	2.81854	1.00003
natural[175,5]	0.599622	0.00347597	0.822109	0.825512	-0.73052	0.58667	1.95779	56584.9	26106.3	3.54842	1.00015
natural[175,6]	2.81987	0.00311401	0.658322	0.64712	1.80344	2.77794	3.95341	47445.1	23905.9	2.97527	1.00022
natural[176,1]	0.138424	0.000640722	0.105424	0.0770796	0.0291695	0.111846	0.339232	30852.3	23058.1	1.93474	1.0001
natural[176,2]	0.458256	0.00144338	0.276647	0.257038	0.0991573	0.411356	0.978536	31582.2	20616.8	1.98051	1.00005
natural[176,3]	2.43651	0.00532422	1.12253	1.12474	0.787335	2.32695	4.43791	45724.7	24038.9	2.86738	1.00041
natural[176,4]	0.468302	0.00218574	0.411083	0.309515	0.0527099	0.352479	1.27657	42527.0	23479.4	2.66685	1.00031
natural[176,5]	-0.0804579	0.00305296	0.663716	0.65703	-1.17546	-0.0850902	1.01031	47523.7	25817.6	2.9802	1.0002
natural[176,6]	1.78335	0.00245153	0.517014	0.508712	0.972191	1.7648	2.64884	45282.7	25602.1	2.83966	1.00007
natural[177,1]	0.0593795	0.000284237	0.0478239	0.0348129	0.0106706	0.0465961	0.151462	29954.0	22454.9	1.8784	1.00019
natural[177,2]	1.71863	0.00576539	0.983101	0.87157	0.540484	1.5185	3.60752	26101.8	25080.9	1.63684	1.00005
natural[177,3]	1.64183	0.00545839	0.823821	0.703218	0.690593	1.44245	3.2562	25510.2	23009.7	1.59974	1.00001
natural[177,4]	0.210352	0.000692699	0.141285	0.124802	0.040456	0.182884	0.467219	40199.9	22612.7	2.52092	0.999921
natural[177,5]	0.873645	0.00286585	0.703422	0.697652	-0.269753	0.863993	2.04726	60888.1	24202.2	3.81827	1.00009
natural[177,6]	-0.637638	0.00391378	0.676744	0.656192	-1.68785	-0.670088	0.523202	30179.5	26167.8	1.89255	1.00039
natural[178,1]	0.0406205	0.000192698	0.0323463	0.0232311	0.0076327	0.0317835	0.10376	28289.0	24514.4	1.77399	1.0002
natural[178,2]	2.76493	0.00702457	1.32622	1.19523	1.08406	2.51764	5.27639	33936.3	25716.4	2.12814	0.999958
natural[178,3]	2.23651	0.0049635	0.888973	0.86133	1.04684	2.10106	3.90118	36214.0	25604.2	2.27097	1.00014
natural[178,4]	0.491213	0.000988881	0.17184	0.140682	0.24492	0.472924	0.794315	29317.9	23597.3	1.83852	1.00025
natural[178,5]	1.85091	0.00335031	0.745342	0.741589	0.652429	1.82933	3.09644	50602.9	25229.7	3.17329	1.00005
natural[178,6]	-0.247356	0.0039261	0.781113	0.753392	-1.51503	-0.253339	1.04565	39863.0	26107.2	2.4998	1.00008
natural[179,1]	0.0850597	0.000707568	0.0927905	0.0456978	0.0113419	0.0543169	0.265317	17058.7	21298.3	1.06975	1.00024
natural[179,2]	0.633287	0.0043466	0.553977	0.469374	0.0570538	0.458572	1.74882	15200.2	22477.7	0.953199	1.00016
natural[179,3]	0.61624	0.0047655	0.632796	0.341132	0.0776604	0.395817	1.92484	17666.1	22060.4	1.10783	1.00024
natural[179,4]	0.121712	0.000809046	0.135192	0.0732868	0.0126993	0.0812715	0.365431	31739.0	24637.1	1.99034	1.00004
natural[179,5]	0.917651	0.00273327	0.591111	0.589225	-0.0429929	0.910964	1.90654	47035.8	26695.4	2.9496	1.00043
natural[179,6]	-0.0547906	0.00407679	0.561679	0.515274	-0.865263	-0.116012	0.977307	19773.5	22010.9	1.23999	1.00009
natural[180,1]	0.02369	0.000125525	0.0212634	0.0137814	0.00373914	0.0175312	0.0649294	33282.7	25320.5	2.08715	1.00014
natural[180,2]	7.79203	0.0290418	5.31413	3.7033	2.38022	6.59359	16.8351	35716.5	26659.5	2.23977	1.00003
natural[180,3]	1.58473	0.00465863	0.77175	0.692668	0.673267	1.41578	3.08157	34212.4	23750.8	2.14545	1.00001
natural[180,4]	0.240375	0.000557583	0.102856	0.113305	0.0657898	0.245152	0.402961	34497.1	24794.0	2.1633	1.00032
natural[180,5]	2.32581	0.00371817	0.861724	0.855689	0.93827	2.30702	3.76968	54147.9	23356.0	3.3956	1.00016
natural[180,6]	-0.0200222	0.00478431	1.02418	1.02793	-1.65087	-0.0474566	1.70162	45971.0	25017.8	2.88283	1.00021
natural[181,1]	0.0630812	0.000424844	0.0615886	0.0355086	0.00966344	0.0466239	0.172595	23712.2	21770.6	1.48698	1.00013
natural[181,2]	1.44341	0.00610701	0.924716	0.992036	0.182729	1.33523	3.13025	19885.0	18659.2	1.24698	1.0003
natural[181,3]	0.369232	0.00298201	0.38771	0.188678	0.05896	0.259114	1.09847	22347.2	18991.2	1.40139	1.00019
natural[181,4]	0.106176	0.000608163	0.103377	0.0660004	0.0126031	0.0764731	0.291337	31667.6	22995.0	1.98587	1.00016
natural[181,5]	1.80982	0.00322401	0.685912	0.680482	0.691896	1.80118	2.95575	45500.8	24711.7	2.85334	1.00017
natural[181,6]	-0.905748	0.0048304	0.7546	0.759532	-2.05197	-0.96217	0.410394	24143.1	26197.2	1.51401	1.00023
natural[182,1]	0.0814736	0.000426463	0.0553215	0.0395836	0.0191824	0.0702939	0.18422	17422.2	18009.8	1.09254	1.00027
natural[182,2]	2.50248	0.00759257	1.13712	1.16908	0.783143	2.42522	4.48142	20233.9	16773.7	1.26886	1.00016
natural[182,3]	0.842931	0.00443382	0.512889	0.275645	0.387565	0.701917	1.79752	20736.3	14128.9	1.30037	1.0004
natural[182,4]	0.155994	0.000607681	0.105747	0.091725	0.0297112	0.137224	0.34313	31003.2	24198.3	1.9442	1.00011
natural[182,5]	2.53286	0.00393905	0.729773	0.725571	1.36563	2.51622	3.76129	34911.0	24248.6	2.18926	1.00089
natural[182,6]	0.37215	0.00490563	0.795771	0.816922	-0.870993	0.343639	1.73024	25547.2	22538.6	1.60206	1.00005
natural[183,1]	0.143738	0.000787802	0.127468	0.0881833	0.0205321	0.103521	0.408001	30691.0	24008.7	1.92462	1.00029
natural[183,2]	0.387734	0.00134741	0.284728	0.23489	0.0704415	0.317708	0.945014	40654.9	22234.3	2.54945	0.999963
natural[183,3]	1.70396	0.0049357	1.06067	1.05222	0.313593	1.52884	3.69546	52409.8	22924.1	3.2866	1.0003
natural[183,4]	0.32526	0.00208871	0.357093	0.202975	0.0262172	0.205265	1.02967	45831.3	23455.6	2.87406	1.00042
natural[183,5]	1.15043	0.00381876	0.891272	0.881992	-0.289368	1.13359	2.64097	55055.3	25067.6	3.4525	1.0003
natural[183,6]	3.1174	0.00335988	0.721161	0.709442	2.00747	3.07257	4.38017	49910.0	24460.0	3.12984	1.00038
natural[184,1]	0.136616	0.000675335	0.105063	0.086479	0.0218301	0.108912	0.344393	23091.9	23688.0	1.44809	1.00013
natural[184,2]	0.673268	0.00299209	0.455724	0.338391	0.189399	0.549843	1.59017	22966.2	23964.1	1.4402	1.00004
natural[184,3]	2.12265	0.00676726	1.05762	1.04771	0.747542	1.94704	4.1175	24335.4	24877.7	1.52607	1.00022
natural[184,4]	0.253903	0.00118711	0.210315	0.15213	0.0395707	0.196516	0.661615	31325.9	23797.1	1.96444	1.00011
natural[184,5]	-0.238669	0.00264379	0.594893	0.592177	-1.21758	-0.2399	0.739191	51338.4	27107.1	3.21942	1.00024
natural[184,6]	-0.325471	0.0028767	0.502412	0.478347	-1.13016	-0.338209	0.507006	31725.2	23358.2	1.98948	1.0
natural[185,1]	0.0480801	0.000220233	0.0375561	0.0290446	0.00844444	0.0379469	0.122472	27001.3	22158.6	1.69324	1.00013
natural[185,2]	2.89452	0.00634635	1.21845	1.14572	1.22457	2.73016	5.16048	35557.3	26999.5	2.22979	1.00012
natural[185,3]	1.77066	0.00448327	0.828837	0.779803	0.715164	1.61304	3.34789	41253.9	25222.1	2.58702	1.00004
natural[185,4]	0.304166	0.000779657	0.138435	0.134573	0.0858845	0.301521	0.534492	30178.6	21919.3	1.89249	1.00027
natural[185,5]	2.43158	0.0032607	0.746984	0.738826	1.24613	2.41084	3.69767	55412.4	23939.4	3.47489	1.00005
natural[185,6]	0.174862	0.00366794	0.762742	0.765789	-1.03308	0.151309	1.47147	43447.0	26009.1	2.72455	1.00019
natural[186,1]	0.187177	0.00083818	0.119081	0.125676	0.0319979	0.167455	0.41091	19822.8	21785.8	1.24308	1.00012
natural[186,2]	0.999742	0.0023798	0.437002	0.39158	0.439258	0.924398	1.82286	33053.1	26127.3	2.07275	0.999971
natural[186,3]	2.69686	0.00604386	1.00966	0.990942	1.28934	2.57171	4.56312	30090.2	23013.1	1.88695	0.999958
natural[186,4]	0.387666	0.00131078	0.258467	0.229899	0.0742195	0.336168	0.879121	38686.2	23551.1	2.426	1.00003
natural[186,5]	0.72367	0.00312439	0.671334	0.665576	-0.365801	0.715711	1.83543	46429.9	27287.6	2.9116	1.00021
natural[186,6]	-1.03125	0.00303552	0.584731	0.571962	-2.0062	-1.02	-0.0892247	37313.4	26130.6	2.33991	1.00012
natural[187,1]	0.250964	0.00095117	0.158881	0.161365	0.043408	0.223348	0.553333	26437.0	23471.0	1.65785	1.00047
natural[187,2]	0.493911	0.00191515	0.324299	0.243192	0.141367	0.417106	1.11734	27814.2	25518.0	1.74422	0.999971
natural[187,3]	2.36255	0.00631839	1.09282	1.07555	0.86638	2.20855	4.37343	31379.4	25937.4	1.96779	1.00002
natural[187,4]	0.638458	0.00291994	0.506512	0.447675	0.0775547	0.513859	1.62406	31060.8	25174.4	1.94781	1.00004
natural[187,5]	-0.085602	0.00277874	0.594432	0.594946	-1.07322	-0.0841926	0.884778	46162.4	27575.0	2.89483	1.00018
natural[187,6]	-0.198121	0.00218587	0.451909	0.44186	-0.941896	-0.194778	0.540098	42987.9	26682.4	2.69576	1.00019
natural[188,1]	0.113246	0.000541605	0.0895777	0.0670745	0.0196839	0.088425	0.295258	26558.1	22891.3	1.66545	0.999951
natural[188,2]	0.809513	0.0022308	0.390874	0.372378	0.287859	0.74943	1.53932	27291.0	18969.1	1.71141	1.00011
natural[188,3]	2.31747	0.00510252	0.965083	0.94454	0.95509	2.20227	4.07338	38669.6	25771.7	2.42496	1.00043
natural[188,4]	0.26663	0.0010162	0.204748	0.164298	0.0439336	0.21699	0.658492	45459.0	25495.5	2.85072	1.0001
natural[188,5]	1.23297	0.00280032	0.627669	0.626896	0.212609	1.22581	2.28178	50516.3	26175.1	3.16786	1.00002
natural[188,6]	0.328067	0.00254289	0.493581	0.487939	-0.45613	0.315138	1.1627	38307.9	24693.6	2.40228	1.00019
natural[189,1]	0.144035	0.000650317	0.108889	0.0904509	0.0230076	0.11736	0.358113	26223.3	22136.7	1.64445	1.0005
natural[189,2]	0.501022	0.00178501	0.317593	0.283377	0.113892	0.435677	1.12033	28361.7	21273.2	1.77855	1.00034
natural[189,3]	1.41004	0.00470159	0.896248	0.849226	0.278188	1.23476	3.13607	41854.7	25466.4	2.6247	1.00011
natural[189,4]	0.24754	0.00146065	0.252402	0.158938	0.0241335	0.168393	0.740116	39624.3	23764.9	2.48483	1.0001
natural[189,5]	1.82504	0.0034938	0.780225	0.774779	0.590302	1.79751	3.15071	50976.1	23658.0	3.1967	1.00045
natural[189,6]	1.65287	0.00253371	0.530719	0.514308	0.822228	1.62678	2.56499	45929.0	24515.6	2.8802	1.00035
natural[190,1]	0.113451	0.000688679	0.105408	0.0681774	0.0153869	0.079994	0.328128	21876.6	24104.2	1.37188	1.00032
natural[190,2]	0.509389	0.00278573	0.423673	0.317394	0.0788869	0.380218	1.3702	21334.1	24386.6	1.33786	1.00011
natural[190,3]	1.08328	0.00503942	0.775871	0.626516	0.228843	0.877989	2.62026	24711.7	23583.0	1.54966	1.00022
natural[190,4]	0.183466	0.00100772	0.18491	0.112776	0.0202646	0.127921	0.53441	46259.6	25510.6	2.90092	0.999919
natural[190,5]	0.965113	0.00256881	0.577717	0.571136	0.032429	0.95295	1.93011	50808.5	27408.8	3.18618	0.999987
natural[190,6]	0.00130359	0.00257331	0.457513	0.433443	-0.712713	-0.0198915	0.787907	33000.6	23781.8	2.06946	1.00009
natural[191,1]	0.0869745	0.000456582	0.0742558	0.0505749	0.0151235	0.0663559	0.22912	26094.2	22729.9	1.63636	1.00013
natural[191,2]	0.655959	0.00229687	0.404071	0.364235	0.15774	0.572505	1.4324	28894.1	22376.0	1.81194	1.00011
natural[191,3]	1.32831	0.00452405	0.813914	0.731034	0.307459	1.1702	2.88324	36308.3	25244.5	2.27688	1.00013
natural[191,4]	0.294061	0.00164323	0.284221	0.1973	0.0265404	0.207467	0.849608	35396.2	24849.1	2.21968	0.99996
natural[191,5]	2.08246	0.00332621	0.760357	0.758745	0.872797	2.06051	3.36236	53867.5	24854.6	3.37802	1.0002
natural[191,6]	0.933887	0.00250774	0.501768	0.492409	0.138532	0.916698	1.78541	41048.6	25205.4	2.57414	1.00031
natural[192,1]	0.0730541	0.000270877	0.0487637	0.0400304	0.0171607	0.0623069	0.163449	31921.5	21911.4	2.00179	1.00033
natural[192,2]	0.958557	0.00313251	0.555977	0.475065	0.294215	0.84254	2.03481	26795.9	24167.7	1.68036	0.999924
natural[192,3]	1.49068	0.00430965	0.717279	0.625947	0.618139	1.34175	2.87932	31525.8	23850.9	1.97697	1.00004
natural[192,4]	0.609227	0.00226892	0.375458	0.336283	0.109761	0.554762	1.30905	26215.3	22291.2	1.64395	1.00015
natural[192,5]	0.960291	0.00275142	0.610338	0.612137	-0.0311968	0.949686	1.97858	50601.5	25605.9	3.17321	1.00028
natural[192,6]	-0.533406	0.00313986	0.55232	0.539608	-1.45846	-0.52162	0.353761	31457.6	25632.0	1.97269	1.00008
natural[193,1]	0.17056	0.00086156	0.129121	0.107393	0.0285825	0.136948	0.427467	22615.9	23356.9	1.41824	1.00048
natural[193,2]	0.229339	0.000942746	0.17444	0.130875	0.0454755	0.183512	0.570977	33591.1	25095.4	2.10649	0.999992
natural[193,3]	1.42999	0.00485491	0.90136	0.835782	0.309157	1.2555	3.15893	39483.8	24896.9	2.47602	1.00005
natural[193,4]	0.275215	0.00159922	0.287005	0.17189	0.0255857	0.182258	0.836184	42821.2	24470.9	2.6853	1.00021
natural[193,5]	0.313837	0.00252113	0.553476	0.54859	-0.591318	0.311976	1.22746	48365.6	27872.9	3.03299	1.00036
natural[193,6]	-0.0179234	0.00174975	0.391883	0.388901	-0.654827	-0.0182817	0.631561	50579.4	25823.2	3.17182	1.00027
natural[194,1]	0.189294	0.00140135	0.166277	0.121453	0.0237048	0.13448	0.543044	13443.6	21551.6	0.843042	1.00045
natural[194,2]	0.142235	0.00101849	0.151391	0.0791355	0.0196339	0.0938307	0.429307	22058.8	26156.7	1.3833	1.0001
natural[194,3]	1.0996	0.00569643	0.869926	0.733086	0.151011	0.868098	2.83599	25208.1	25065.5	1.58079	1.00002
natural[194,4]	0.248701	0.00192829	0.306865	0.145634	0.0169585	0.141575	0.8575	34991.4	23860.5	2.1943	1.00005
natural[194,5]	0.167636	0.00297685	0.602003	0.5971	-0.816873	0.163231	1.16783	41061.4	27090.4	2.57495	1.00008
natural[194,6]	0.975095	0.00183949	0.408501	0.404241	0.318869	0.967685	1.66224	50043.8	24453.5	3.13823	0.999985
natural[195,1]	0.107049	0.000363223	0.0650668	0.0541019	0.0288469	0.0932687	0.231198	31505.4	20564.5	1.97569	1.0002
natural[195,2]	1.48114	0.00493455	0.798046	0.730677	0.484634	1.32405	3.00786	24465.0	25644.6	1.53419	1.00027
natural[195,3]	1.92469	0.00583616	0.937421	0.870234	0.739707	1.75377	3.7179	28004.9	24649.7	1.75618	1.00003
natural[195,4]	0.502388	0.00161788	0.283415	0.227154	0.14391	0.453304	1.02576	30186.6	22380.6	1.89299	1.00025
natural[195,5]	0.282401	0.00274263	0.645364	0.647832	-0.767285	0.282148	1.33961	56503.2	25179.8	3.5433	1.00023
natural[195,6]	0.270109	0.00345026	0.607369	0.585993	-0.682526	0.248088	1.31595	31465.5	25310.2	1.97319	1.00008
natural[196,1]	0.368976	0.00108853	0.184408	0.200319	0.100858	0.349106	0.700868	27928.2	22291.0	1.75137	1.0002
natural[196,2]	0.403703	0.00121856	0.22237	0.182253	0.136207	0.358896	0.822492	30649.9	23585.1	1.92204	1.00009
natural[196,3]	2.42057	0.00697997	1.14292	1.14013	0.813049	2.27625	4.52122	27409.7	24973.3	1.71886	1.00035
natural[196,4]	0.577364	0.00258335	0.451572	0.374808	0.0797731	0.465762	1.4625	31700.3	24859.2	1.98791	1.00016
natural[196,5]	0.0349188	0.00279686	0.580722	0.57434	-0.926418	0.0369635	0.983453	43311.4	25924.4	2.71605	1.00018
natural[196,6]	0.0480062	0.00236516	0.453214	0.443579	-0.695801	0.047037	0.791337	36897.2	26660.6	2.31381	1.00002
natural[197,1]	0.143912	0.000741155	0.124032	0.0881616	0.0210543	0.106303	0.395855	30091.7	22144.3	1.88704	1.00005
natural[197,2]	0.448849	0.00155941	0.338353	0.283431	0.0753285	0.362902	1.11948	42839.8	22480.3	2.68647	1.00014
natural[197,3]	1.73071	0.00489522	1.05378	1.05176	0.322584	1.56729	3.70321	53089.1	24385.3	3.3292	1.00035
natural[197,4]	0.35493	0.00218347	0.38456	0.225002	0.0284033	0.226798	1.1191	44011.0	25287.6	2.75991	1.00008
natural[197,5]	1.18039	0.00379413	0.894281	0.89714	-0.246952	1.16315	2.66859	56645.3	26434.8	3.55221	1.00039
natural[197,6]	3.11468	0.0033841	0.721339	0.711335	2.01164	3.06563	4.37104	48917.3	22366.7	3.06759	1.00034
natural[198,1]	0.0403963	0.000175951	0.0295754	0.0245329	0.00737082	0.0330524	0.0987456	25947.3	23654.3	1.62715	1.00013
natural[198,2]	5.77218	0.0119672	2.33857	2.25594	2.55377	5.45229	10.1029	38351.2	28138.7	2.40499	1.00003
natural[198,3]	2.01106	0.00554289	0.976063	0.945673	0.754247	1.83724	3.85742	37530.9	25509.2	2.35355	1.00016
natural[198,4]	1.02737	0.00283718	0.442717	0.353015	0.538416	0.916517	1.89676	28131.6	24079.6	1.76412	1.00002
natural[198,5]	2.0682	0.00444473	0.895664	0.891308	0.627586	2.05286	3.57216	41490.6	23525.0	2.60186	1.00032
natural[198,6]	0.905406	0.00463815	0.974388	0.973196	-0.63463	0.874109	2.54902	44608.3	24533.5	2.79737	1.00071
natural[199,1]	0.207898	0.000983997	0.153765	0.125419	0.0375086	0.167188	0.525226	23920.8	23376.1	1.50007	1.0005
natural[199,2]	0.275455	0.00101107	0.20413	0.178389	0.0425432	0.227552	0.672568	38843.5	24617.0	2.43586	1.00032
natural[199,3]	2.55245	0.00616429	1.21755	1.22803	0.741159	2.44899	4.71801	39625.5	23809.5	2.4849	1.00019
natural[199,4]	0.518678	0.0026659	0.481236	0.353899	0.048757	0.370812	1.48387	37972.8	22967.9	2.38126	1.0001
natural[199,5]	-0.507538	0.00333797	0.689309	0.682988	-1.64518	-0.50407	0.623889	42783.2	27140.5	2.68292	0.999988
natural[199,6]	2.25026	0.00272376	0.561532	0.552547	1.36453	2.22807	3.22154	44576.0	24145.1	2.79535	1.00021
natural[200,1]	0.183957	0.00066969	0.120028	0.107566	0.0377295	0.158604	0.419403	30128.6	23875.1	1.88935	1.00003
natural[200,2]	0.692308	0.00194154	0.329574	0.309142	0.2443	0.64328	1.30502	26586.6	21414.0	1.66724	0.999955
natural[200,3]	2.47656	0.00549692	1.04358	1.02619	0.975954	2.3697	4.36547	39173.5	23840.4	2.45656	1.00004
natural[200,4]	0.30746	0.00131744	0.24472	0.185976	0.0504906	0.244216	0.776548	42807.1	24739.8	2.68442	0.999993
natural[200,5]	0.659849	0.00297998	0.622067	0.613087	-0.34634	0.652721	1.68915	43916.0	25966.0	2.75396	1.00011
natural[200,6]	0.936954	0.00256155	0.499952	0.488122	0.148456	0.915651	1.7954	39444.0	23157.2	2.47352	1.00021
natural[201,1]	0.075027	0.00051205	0.0765256	0.0418229	0.010421	0.0506927	0.224901	23964.0	23839.6	1.50278	1.00045
natural[201,2]	0.761403	0.00361393	0.551473	0.502356	0.125446	0.623334	1.84933	21152.3	22984.4	1.32645	1.00044
natural[201,3]	0.744502	0.00383154	0.604268	0.418513	0.132221	0.569963	1.97269	26177.2	23076.5	1.64156	1.00029
natural[201,4]	0.128517	0.000749547	0.133164	0.0788723	0.0144223	0.0888438	0.375872	40887.0	25562.6	2.56401	1.00019
natural[201,5]	2.04889	0.00298988	0.675919	0.67446	0.965733	2.02847	3.19639	51745.7	25546.9	3.24496	1.0001
natural[201,6]	0.350896	0.00327259	0.552438	0.516084	-0.460215	0.29539	1.35387	29600.7	24419.3	1.85625	1.00022
natural[202,1]	0.125347	0.000900095	0.124429	0.0732868	0.0162263	0.0835095	0.389444	20096.8	23231.7	1.26026	1.00024
natural[202,2]	0.365085	0.0018516	0.307279	0.219085	0.0595088	0.273425	0.988201	26512.1	24192.7	1.66256	1.00011
natural[202,3]	1.18616	0.00495763	0.848701	0.735391	0.206548	0.979985	2.84812	31710.2	25435.5	1.98854	1.00006
natural[202,4]	0.198841	0.00118776	0.210033	0.121302	0.0198775	0.131775	0.606789	41570.1	25409.5	2.60685	0.999976
natural[202,5]	1.12624	0.00289948	0.635787	0.628773	0.100547	1.11373	2.19729	48425.2	26640.6	3.03673	1.00001
natural[202,6]	0.648544	0.00216989	0.436275	0.423929	-0.0356483	0.634495	1.38081	41779.4	25303.4	2.61997	1.00017
natural[203,1]	0.0614419	0.000414143	0.0647996	0.034332	0.00838206	0.0411185	0.186463	26277.9	23766.2	1.64788	0.999983
natural[203,2]	2.27594	0.0144435	2.10621	1.55461	0.275388	1.68173	6.24029	17975.5	23215.6	1.12724	0.999955
natural[203,3]	0.913776	0.00499067	0.670441	0.339161	0.349059	0.662451	2.33115	19913.0	22947.3	1.24873	0.999981
natural[203,4]	0.189189	0.000816351	0.151092	0.119152	0.0296993	0.155118	0.449757	36298.7	23287.9	2.27628	1.00004
natural[203,5]	1.13747	0.00352052	0.74928	0.747963	-0.0813038	1.12888	2.38813	45708.4	24724.2	2.86636	1.0002
natural[203,6]	-1.30727	0.00519311	0.806178	0.776325	-2.53373	-1.3663	0.112421	24365.5	24653.7	1.52795	1.00021
natural[204,1]	0.132183	0.000815713	0.120336	0.0785135	0.018708	0.0946534	0.381181	22355.5	21481.8	1.40191	1.00041
natural[204,2]	0.270276	0.00115491	0.211299	0.161566	0.0479376	0.213515	0.695983	33299.0	24254.7	2.08817	1.00016
natural[204,3]	1.39874	0.00484957	0.899178	0.83897	0.271297	1.22535	3.10404	39956.7	24018.1	2.50567	1.00025
natural[204,4]	0.1956	0.00118135	0.209878	0.119949	0.0196845	0.129757	0.593091	46088.2	24670.0	2.89018	0.999943
natural[204,5]	0.676213	0.00285218	0.650563	0.646314	-0.37126	0.664231	1.76193	52627.3	26608.0	3.30024	0.999927
natural[204,6]	1.15195	0.00205736	0.439861	0.435302	0.460658	1.13627	1.9051	46860.1	25498.3	2.93858	1.00006
natural[205,1]	0.0930081	0.00047579	0.0777403	0.0518696	0.0177287	0.0719068	0.240956	29148.3	24604.6	1.82788	1.00003
natural[205,2]	0.772819	0.00232251	0.412806	0.388025	0.222725	0.70714	1.5469	28132.5	21472.3	1.76418	1.00016
natural[205,3]	2.08274	0.00523226	0.957056	0.907558	0.787791	1.9415	3.84879	37242.3	24014.6	2.33545	1.00023
natural[205,4]	0.468527	0.00184298	0.345076	0.300598	0.0688348	0.393003	1.13336	34362.8	24011.4	2.15488	1.00014
natural[205,5]	0.980638	0.00284706	0.661746	0.662062	-0.0880167	0.969596	2.07881	55603.9	26256.2	3.4869	1.00026
natural[205,6]	0.886529	0.00253147	0.508241	0.498858	0.0777667	0.875518	1.72743	40974.5	26488.3	2.5695	1.00003
natural[206,1]	0.11163	0.000634266	0.100669	0.0666512	0.0167336	0.0812337	0.313862	26301.8	24280.8	1.64938	1.00007
natural[206,2]	0.573166	0.00197278	0.340472	0.303504	0.154242	0.504224	1.22231	27246.3	22815.8	1.70861	0.999964
natural[206,3]	1.45015	0.00464033	0.833378	0.764193	0.379556	1.29627	3.02919	34952.0	23789.5	2.19183	1.00027
natural[206,4]	0.266245	0.00148881	0.254992	0.171931	0.0268774	0.186496	0.772251	35518.8	25253.9	2.22737	1.00003
natural[206,5]	1.94608	0.00293375	0.677176	0.673294	0.871149	1.92479	3.09208	54415.6	24395.9	3.41239	1.00077
natural[206,6]	0.568238	0.002479	0.476097	0.459091	-0.179446	0.550353	1.37281	37644.8	27062.5	2.3607	1.00008
natural[207,1]	0.0241258	0.000114203	0.0196036	0.013889	0.0044802	0.0190062	0.0599967	30611.5	25159.8	1.91964	0.999888
natural[207,2]	9.93338	0.0390257	7.20265	4.98929	2.71678	8.3543	22.0621	34144.8	26153.5	2.14121	1.0003
natural[207,3]	1.67899	0.00475831	0.789598	0.729748	0.718564	1.51489	3.21937	32694.6	24777.6	2.05027	1.0001
natural[207,4]	0.374062	0.000431564	0.0746055	0.0619072	0.235942	0.384748	0.469689	33101.2	24295.6	2.07576	1.00032
natural[207,5]	2.4385	0.00381932	0.845813	0.841867	1.09884	2.40814	3.87236	50404.9	23330.8	3.16088	1.00033
natural[207,6]	0.0498156	0.00446293	0.94977	0.949214	-1.47887	0.0417352	1.63191	45847.4	24432.9	2.87508	1.00015
natural[208,1]	0.190397	0.000985642	0.146878	0.115641	0.0326402	0.149168	0.491602	22395.7	22539.2	1.40443	1.00032
natural[208,2]	0.200698	0.000722954	0.146287	0.119696	0.0378694	0.165781	0.486069	38965.2	24394.8	2.44349	1.00009
natural[208,3]	2.03338	0.0056786	1.08151	1.07101	0.51148	1.89819	4.01535	38290.8	23374.6	2.40121	1.00008
natural[208,4]	0.354456	0.00206834	0.36245	0.224983	0.0322962	0.236499	1.08206	40339.2	24596.6	2.52966	1.00021
natural[208,5]	-0.199074	0.00290803	0.611787	0.607682	-1.20014	-0.203366	0.822251	44079.7	28185.7	2.76422	1.00006
natural[208,6]	1.28878	0.00196434	0.442648	0.436318	0.576686	1.27757	2.03203	51636.0	24977.6	3.23808	0.999974
natural[209,1]	0.309999	0.00113185	0.195857	0.213998	0.0512358	0.27813	0.675807	28220.7	24107.3	1.76971	1.00001
natural[209,2]	0.233005	0.000902763	0.164131	0.130845	0.0503254	0.194896	0.546713	31289.7	23999.5	1.96217	0.999962
natural[209,3]	1.75065	0.00565379	1.0306	0.989995	0.395627	1.57415	3.68937	36966.3	24077.9	2.31815	1.00026
natural[209,4]	0.403265	0.00235681	0.402859	0.258974	0.0381976	0.273171	1.21043	36904.4	23963.3	2.31426	1.00006
natural[209,5]	-0.0152356	0.0027516	0.584404	0.581526	-0.967706	-0.0183187	0.951693	45398.9	27790.6	2.84695	1.00016
natural[209,6]	0.911919	0.00195301	0.42013	0.419544	0.232442	0.905057	1.61148	46893.3	25823.8	2.94067	1.00002
natural[210,1]	0.0760908	0.000422877	0.0663018	0.0422799	0.0142452	0.0576041	0.200091	27649.7	23716.1	1.73391	1.00013
natural[210,2]	0.815168	0.00244921	0.440621	0.413197	0.236117	0.741184	1.63793	29397.9	20992.8	1.84353	1.00028
natural[210,3]	2.24849	0.00492227	0.989528	0.973558	0.855281	2.12799	4.06208	43712.4	25626.3	2.74119	1.00033
natural[210,4]	0.305508	0.00117984	0.235367	0.196616	0.045507	0.251873	0.752633	41956.0	25220.2	2.63105	1.00026
natural[210,5]	0.979824	0.00277291	0.662468	0.656703	-0.0920423	0.970435	2.08499	57748.7	25216.9	3.6214	1.00029
natural[210,6]	0.712369	0.00254724	0.510265	0.495791	-0.0922943	0.695702	1.58048	41049.0	24173.6	2.57417	1.00002
natural[211,1]	0.144505	0.000732964	0.11753	0.0873446	0.0245989	0.110782	0.383495	27426.1	25210.8	1.71988	1.00026
natural[211,2]	0.397471	0.00118047	0.23043	0.192884	0.120301	0.348606	0.838729	36769.4	24155.2	2.3058	1.00013
natural[211,3]	2.26687	0.00523828	1.02794	1.00561	0.826404	2.13769	4.15704	41123.0	25432.9	2.57881	1.00003
natural[211,4]	0.357704	0.00168388	0.317876	0.231275	0.0432653	0.264672	0.992738	45868.4	25225.3	2.87639	0.999959
natural[211,5]	0.557212	0.00273619	0.633523	0.622648	-0.485188	0.561156	1.59896	53796.6	26504.0	3.37357	1.00032
natural[211,6]	-0.686076	0.00227061	0.47818	0.470624	-1.48937	-0.677101	0.0738881	44768.5	26970.5	2.80742	1.00044
natural[212,1]	0.206626	0.000775962	0.136029	0.122299	0.0411678	0.177992	0.472181	28533.8	22439.7	1.78934	1.00026
natural[212,2]	0.29952	0.00111797	0.208784	0.17261	0.0629758	0.250338	0.707772	31846.8	23271.0	1.9971	1.0001
natural[212,3]	1.48912	0.00546764	0.969934	0.92248	0.270012	1.30383	3.34535	35053.1	25016.8	2.19817	1.00012
natural[212,4]	0.22461	0.00123061	0.226092	0.140621	0.0238224	0.155769	0.66786	43269.9	23463.1	2.71344	1.00043
natural[212,5]	0.983174	0.00281791	0.629348	0.622064	-0.0309457	0.97124	2.03928	50253.0	25443.3	3.15135	1.00009
natural[212,6]	0.889679	0.00192109	0.413765	0.410451	0.222752	0.882185	1.58095	47206.6	23516.3	2.96031	1.0003
natural[213,1]	0.186382	0.000878726	0.135953	0.10546	0.0371913	0.15182	0.464854	23412.2	21730.8	1.46817	1.00008
natural[213,2]	0.292061	0.00153264	0.247296	0.179584	0.0443483	0.219409	0.788267	23909.7	24498.5	1.49937	1.00002
natural[213,3]	1.34274	0.0056585	0.898477	0.800771	0.26919	1.1392	3.12871	29007.2	23587.1	1.81903	1.00005
natural[213,4]	0.361592	0.00206153	0.364507	0.238358	0.0313278	0.244655	1.09686	39172.7	22885.6	2.4565	1.00008
natural[213,5]	-0.135094	0.00266366	0.56404	0.560471	-1.06309	-0.136097	0.795013	45008.0	28752.1	2.82244	1.00015
natural[213,6]	0.620777	0.00207281	0.412297	0.403772	-0.0433955	0.61067	1.31754	40225.6	24848.1	2.52254	1.00015
natural[214,1]	0.119063	0.00100348	0.119484	0.0657401	0.0166688	0.0782983	0.376791	13230.5	20311.0	0.829681	1.00053
natural[214,2]	0.704235	0.00543716	0.580835	0.553073	0.0691098	0.54617	1.82624	10536.7	23280.6	0.660755	1.00057
natural[214,3]	0.925007	0.00530913	0.705524	0.472932	0.215472	0.708476	2.37525	20796.2	21524.9	1.30412	1.00016
natural[214,4]	0.703583	0.00453528	0.581641	0.58139	0.0465036	0.58735	1.81523	14905.7	24788.8	0.934731	1.00028
natural[214,5]	0.802934	0.00350414	0.659796	0.653339	-0.256228	0.788171	1.91304	35792.2	26205.1	2.24452	1.00007
natural[214,6]	0.797433	0.00270612	0.51057	0.489546	-0.0116503	0.784652	1.64724	36407.5	23709.6	2.2831	1.00004
natural[215,1]	0.200195	0.00102325	0.153287	0.125695	0.0326858	0.156904	0.515262	21844.9	23462.8	1.36989	1.00015
natural[215,2]	0.218839	0.000739226	0.143681	0.12026	0.0515333	0.18649	0.498297	36245.2	26099.5	2.27293	0.999947
natural[215,3]	1.57373	0.0052686	0.958694	0.925751	0.315117	1.40888	3.38183	36517.4	24132.1	2.28999	1.00042
natural[215,4]	0.327908	0.00214457	0.356545	0.206744	0.0261451	0.206404	1.04355	36922.6	25041.7	2.31541	1.00004
natural[215,5]	0.98957	0.00267432	0.578616	0.573751	0.0533786	0.982167	1.95584	47128.4	27807.0	2.95541	1.00015
natural[215,6]	0.288366	0.00177809	0.393152	0.393067	-0.354176	0.286099	0.932925	49124.9	26872.9	3.08061	1.00036
natural[216,1]	0.184398	0.00104755	0.157482	0.1332	0.0182356	0.134581	0.507149	21950.9	24444.8	1.37653	1.00005
natural[216,2]	0.758656	0.00374064	0.568877	0.457855	0.139876	0.595535	1.91805	21873.1	24207.5	1.37165	1.00021
natural[216,3]	1.01881	0.005322	0.808498	0.588534	0.187245	0.777988	2.65305	26093.6	23883.0	1.63632	1.00021
natural[216,4]	0.431047	0.00284838	0.428955	0.291962	0.0346149	0.300584	1.26929	25683.5	24325.4	1.6106	1.00005
natural[216,5]	1.59697	0.00350753	0.767426	0.764706	0.375033	1.57135	2.89857	48937.5	26252.1	3.06885	1.00003
natural[216,6]	1.24954	0.00311243	0.559769	0.531197	0.405634	1.21278	2.22701	34462.4	23110.2	2.16113	1.00004
natural[217,1]	0.0872374	0.000829372	0.104999	0.0470694	0.00804789	0.048402	0.304481	14664.0	22984.3	0.919575	1.00056
natural[217,2]	0.940046	0.00716757	0.883097	0.723719	0.0677171	0.653465	2.70885	13580.6	21802.2	0.851637	1.0002
natural[217,3]	0.55146	0.00473764	0.57995	0.280151	0.0780187	0.343811	1.75022	16432.7	21117.2	1.03049	1.00037
natural[217,4]	0.217054	0.00113668	0.202524	0.155265	0.0201722	0.163154	0.580089	30789.2	22941.4	1.93078	1.0002
natural[217,5]	1.02865	0.00310327	0.637348	0.63395	0.00282247	1.01563	2.09682	42455.2	26056.5	2.66235	1.00043
natural[217,6]	-0.741453	0.00466039	0.632861	0.590323	-1.66302	-0.803086	0.409572	18845.4	22119.8	1.18179	1.00004
natural[218,1]	0.0696985	0.000348329	0.0585777	0.0419219	0.0112571	0.0529309	0.185326	28705.8	23671.8	1.80013	1.00033
natural[218,2]	1.30534	0.00358185	0.615664	0.618878	0.426433	1.23942	2.43087	27693.7	22305.6	1.73667	1.00013
natural[218,3]	1.69972	0.0045914	0.888768	0.833003	0.537528	1.54393	3.37629	44464.9	24332.0	2.78838	1.00014
natural[218,4]	0.268966	0.00112361	0.20959	0.170148	0.038315	0.221185	0.660333	36462.5	23946.0	2.28655	1.00006
natural[218,5]	2.29871	0.00339316	0.782919	0.778519	1.04392	2.27486	3.61803	53981.9	24371.8	3.38519	1.00055
natural[218,6]	1.6018	0.00346106	0.674364	0.658072	0.58075	1.55599	2.77333	39572.3	25470.6	2.48157	1.00022
natural[219,1]	0.0374922	0.000222532	0.0350478	0.0219658	0.00604442	0.0277735	0.0993059	27205.8	24144.3	1.70607	0.999977
natural[219,2]	3.45397	0.011528	1.90516	1.73903	0.879524	3.16972	6.99096	22897.2	17072.4	1.43588	1.00016
natural[219,3]	0.562581	0.00206546	0.255922	0.133445	0.319304	0.507581	0.982725	25128.3	17298.1	1.57579	1.0001
natural[219,4]	0.149207	0.000488417	0.0964604	0.0977548	0.0250647	0.133838	0.321577	35480.0	23087.1	2.22494	0.999989
natural[219,5]	2.41095	0.00312085	0.71204	0.708166	1.26262	2.39145	3.60884	52473.6	24591.2	3.2906	1.00023
natural[219,6]	-0.618724	0.00482207	0.836953	0.850829	-1.96075	-0.63666	0.791358	29574.0	22030.8	1.85458	1.00004
natural[220,1]	0.263133	0.00097413	0.171633	0.171386	0.0449196	0.229484	0.596614	28655.1	23622.7	1.79695	1.00005
natural[220,2]	0.404006	0.00138369	0.248965	0.202888	0.112411	0.348676	0.885053	30417.5	23063.7	1.90747	1.00002
natural[220,3]	2.0356	0.00598058	1.06958	1.03951	0.594075	1.87524	4.00752	35648.6	24224.4	2.23551	1.00015
natural[220,4]	0.467895	0.00234736	0.428782	0.301327	0.0523155	0.338627	1.31732	37677.2	25195.8	2.36272	1.00037
natural[220,5]	0.126145	0.00279181	0.604155	0.600673	-0.857625	0.121259	1.12768	47093.2	27311.7	2.9532	1.00025
natural[220,6]	0.852966	0.00222961	0.456875	0.449021	0.122937	0.836747	1.62214	42896.9	23328.0	2.69005	0.999986
natural[221,1]	0.0322353	0.000191526	0.0292791	0.0176473	0.00603833	0.0241957	0.0849702	25299.7	22836.8	1.58654	1.00007
natural[221,2]	1.40098	0.00444712	0.701054	0.686839	0.457545	1.29288	2.71508	22777.3	21537.8	1.42836	1.00012
natural[221,3]	1.54691	0.00522629	0.775855	0.64971	0.639192	1.36417	3.07236	24902.1	23249.1	1.5616	1.00009
natural[221,4]	0.0988376	0.000465382	0.0787675	0.0582119	0.0169718	0.078775	0.247439	31331.7	23178.9	1.9648	1.00041
natural[221,5]	1.2219	0.00285992	0.658656	0.652213	0.154283	1.21176	2.32553	53541.9	24263.6	3.35759	1.00073
natural[221,6]	0.0892715	0.00399601	0.633936	0.615373	-0.883275	0.0537051	1.19134	25272.7	25681.4	1.58484	1.00019
natural[222,1]	0.0297956	0.00014772	0.0248792	0.0174696	0.00517038	0.022779	0.0789323	26672.0	23301.8	1.67259	1.00011
natural[222,2]	3.60301	0.00944134	1.79344	1.64831	1.31789	3.28311	6.98604	35932.5	27919.9	2.25332	1.00004
natural[222,3]	2.00877	0.0050384	0.855141	0.811436	0.903943	1.86105	3.62683	33398.6	25205.2	2.09441	1.00012
natural[222,4]	0.140052	0.000493186	0.0931077	0.0835596	0.0271068	0.121162	0.314202	37474.8	26894.8	2.35004	1.00006
natural[222,5]	1.40237	0.00386652	0.848539	0.844785	0.0324983	1.38586	2.8094	48628.9	24783.1	3.0495	1.00038
natural[222,6]	-0.985746	0.00493282	0.88475	0.867361	-2.39431	-1.01072	0.510245	32273.5	25114.1	2.02386	1.00002
natural[223,1]	0.184865	0.000632325	0.107038	0.106397	0.0422783	0.168726	0.383024	26175.6	21958.9	1.64146	0.999984
natural[223,2]	0.450297	0.00121536	0.216042	0.193052	0.170209	0.4128	0.853022	29335.0	23267.5	1.83959	1.00005
natural[223,3]	2.78423	0.00574521	1.06715	1.05115	1.24153	2.67652	4.73075	36662.9	25501.4	2.29912	1.00019
natural[223,4]	0.323766	0.00133226	0.252935	0.199472	0.0527921	0.25758	0.815659	38556.5	23560.0	2.41786	1.00047
natural[223,5]	-0.316293	0.00277282	0.596549	0.594028	-1.29541	-0.311013	0.655537	46612.0	28137.5	2.92302	1.00004
natural[223,6]	0.0432161	0.00222356	0.449089	0.444723	-0.695559	0.0430617	0.775183	41636.0	24568.3	2.61098	1.00023
natural[224,1]	0.0700117	0.000516575	0.075588	0.0389861	0.00965779	0.0475839	0.203891	24562.5	22104.6	1.5403	1.00012
natural[224,2]	1.23689	0.0062995	0.90211	0.851394	0.184589	1.0308	2.99694	17773.8	20741.2	1.11459	1.0001
natural[224,3]	0.861713	0.00467027	0.638991	0.36782	0.274486	0.648055	2.16093	21840.6	21318.7	1.36962	1.00013
natural[224,4]	0.135533	0.000757063	0.128708	0.0814658	0.0186168	0.0998817	0.368826	34038.0	22137.5	2.13451	1.00001
natural[224,5]	1.07325	0.00285169	0.643789	0.639138	0.0190711	1.06629	2.1439	51138.2	24748.9	3.20686	1.00006
natural[224,6]	-0.638317	0.00437514	0.665627	0.642479	-1.64309	-0.69193	0.546412	23584.4	24969.8	1.47897	1.00013
natural[225,1]	0.233079	0.00102481	0.161673	0.136857	0.0468825	0.190572	0.566953	23602.7	21760.7	1.48012	1.00019
natural[225,2]	0.230129	0.000862045	0.171156	0.141514	0.03977	0.188215	0.559894	38389.1	24809.8	2.40737	1.00008
natural[225,3]	2.26267	0.0057277	1.12207	1.1099	0.639976	2.14088	4.29373	39892.6	25350.8	2.50165	1.00039
natural[225,4]	0.503457	0.00270207	0.471229	0.340609	0.0470408	0.35646	1.45289	35125.0	24704.0	2.20268	1.00014
natural[225,5]	-0.482051	0.00297672	0.603461	0.602314	-1.46791	-0.480398	0.508078	41392.8	28465.2	2.59573	1.00034
natural[225,6]	1.38159	0.00215943	0.462386	0.456767	0.642729	1.36576	2.16396	46657.4	25584.7	2.92587	1.00039
natural[226,1]	0.192622	0.0012376	0.165073	0.12652	0.02446	0.139892	0.538168	17259.9	23502.7	1.08236	1.00058
natural[226,2]	0.167229	0.000897328	0.150796	0.0974789	0.0272615	0.124103	0.454084	28549.3	26599.8	1.79032	1.00023
natural[226,3]	1.68471	0.00623641	1.04853	1.01029	0.327832	1.49848	3.65999	30858.2	25144.1	1.93511	1.00022
natural[226,4]	0.213286	0.0012695	0.225328	0.130693	0.0214126	0.142895	0.641925	40126.6	23664.2	2.51633	1.00023
natural[226,5]	-0.127304	0.00264191	0.562018	0.562645	-1.05317	-0.127091	0.796417	45418.4	28654.2	2.84818	1.00014
natural[226,6]	-0.353236	0.00170287	0.388365	0.380897	-0.99694	-0.353435	0.283035	52320.3	24500.7	3.28099	1.00019
natural[227,1]	0.156006	0.00046884	0.0795403	0.0819287	0.0401086	0.149118	0.296284	26437.5	20454.1	1.65789	1.00025
natural[227,2]	1.61908	0.00345847	0.626446	0.616807	0.720237	1.54996	2.75213	31069.9	23436.2	1.94838	1.00015
natural[227,3]	2.4681	0.00627953	1.07864	1.06791	0.942271	2.32938	4.45812	33942.0	23390.4	2.12849	1.00025
natural[227,4]	0.961051	0.00319296	0.519993	0.449711	0.297784	0.865635	1.95427	25854.6	20407.4	1.62133	1.00003
natural[227,5]	1.09373	0.00323254	0.718286	0.711097	-0.0757787	1.0854	2.29418	49756.5	24270.1	3.12021	1.00023
natural[227,6]	1.61389	0.00362239	0.710808	0.70142	0.508651	1.57982	2.83374	39092.6	25036.1	2.45149	1.00005
natural[228,1]	0.0697643	0.000331798	0.058965	0.0405841	0.012262	0.0532098	0.183079	34545.2	22312.3	2.16632	0.99997
natural[228,2]	1.14319	0.00397568	0.685374	0.578702	0.331134	0.996266	2.45683	26381.5	23782.6	1.65438	0.999945
natural[228,3]	1.41106	0.00444662	0.720148	0.602971	0.570873	1.24568	2.82035	30274.7	22601.3	1.89852	1.00037
natural[228,4]	0.315548	0.00120253	0.225607	0.2053	0.0465006	0.27474	0.735266	35087.0	25361.9	2.2003	1.00002
natural[228,5]	1.80836	0.00273272	0.656195	0.649408	0.752777	1.79512	2.90891	58181.9	25426.4	3.64857	1.00036
natural[228,6]	-0.518678	0.00309532	0.570655	0.550464	-1.43997	-0.527148	0.424867	34191.8	25838.6	2.14416	1.00003
natural[229,1]	0.20013	0.00133018	0.166745	0.128944	0.0272306	0.148974	0.556441	15137.5	20690.1	0.949267	1.00052
natural[229,2]	0.147985	0.00092045	0.143879	0.0843189	0.0222197	0.103521	0.43047	25118.2	25541.1	1.57515	1.0001
natural[229,3]	1.13326	0.00569821	0.882529	0.75227	0.159151	0.902154	2.89822	25842.4	24912.3	1.62057	1.00012
natural[229,4]	0.225838	0.00155023	0.267142	0.136257	0.0171556	0.136859	0.73442	39910.8	24016.1	2.5028	1.00011
natural[229,5]	0.101557	0.00254598	0.550917	0.551436	-0.804465	0.0986205	1.01727	47129.9	28240.7	2.9555	1.00017
natural[229,6]	0.122699	0.00172793	0.386932	0.386604	-0.510889	0.120844	0.759545	50676.0	24381.4	3.17787	1.00022
natural[230,1]	0.198751	0.00102646	0.15393	0.123121	0.0316258	0.156369	0.51946	23526.1	23588.1	1.47531	1.00035
natural[230,2]	0.235107	0.00101883	0.19152	0.142697	0.0360602	0.184306	0.607604	35050.1	22584.4	2.19798	1.00004
natural[230,3]	2.13818	0.00619837	1.12092	1.11608	0.554885	1.99918	4.19608	35272.3	23141.0	2.21192	1.00019
natural[230,4]	0.279443	0.00144696	0.264752	0.1741	0.0332498	0.19904	0.797079	40365.7	24746.0	2.53132	1.00016
natural[230,5]	-0.568168	0.00300359	0.631175	0.625484	-1.6173	-0.564183	0.465157	44365.5	26619.8	2.78214	1.00003
natural[230,6]	1.53835	0.00219027	0.480978	0.477707	0.778718	1.52477	2.35261	49985.8	23683.4	3.13459	1.00034
natural[231,1]	0.0590005	0.000281397	0.0475273	0.0331143	0.0120766	0.0470297	0.144069	30259.1	24599.6	1.89754	0.999875
natural[231,2]	0.793977	0.00227381	0.412015	0.3735	0.272832	0.714961	1.58117	30341.9	23979.9	1.90273	1.00004
natural[231,3]	1.84705	0.00480486	0.83339	0.772534	0.77101	1.70294	3.43236	33223.2	24364.8	2.08342	1.00012
natural[231,4]	0.199715	0.000822337	0.163861	0.123563	0.0302112	0.156546	0.513649	45298.2	24898.1	2.84064	1.00007
natural[231,5]	1.11256	0.00249108	0.596104	0.595679	0.148518	1.10537	2.1141	57503.7	26726.2	3.60604	1.00002
natural[231,6]	-0.390475	0.00266483	0.496846	0.480248	-1.19928	-0.396963	0.431437	35086.2	25472.2	2.20024	0.999961
natural[232,1]	0.133966	0.000705697	0.118325	0.0792352	0.0206227	0.0976443	0.377868	32121.6	22499.1	2.01434	1.00034
natural[232,2]	0.45174	0.00154449	0.343106	0.282526	0.0732626	0.364949	1.12765	46209.0	23053.4	2.89775	0.999982
natural[232,3]	1.75022	0.00480604	1.06671	1.05222	0.322538	1.58233	3.74388	57049.0	23295.6	3.57753	0.999949
natural[232,4]	0.346167	0.00224025	0.378397	0.215091	0.0286746	0.219379	1.10589	47746.9	24036.5	2.9942	1.00012
natural[232,5]	1.15394	0.0038273	0.895394	0.895897	-0.284461	1.13482	2.66343	55863.0	24564.5	3.50315	1.00023
natural[232,6]	3.13223	0.00319115	0.722099	0.712398	2.01878	3.08978	4.3931	55106.5	23464.1	3.45571	1.0002
natural[233,1]	0.0544377	0.00023512	0.0404678	0.0317189	0.0104331	0.0440123	0.135914	28349.3	22157.2	1.77778	1.00005
natural[233,2]	2.74782	0.00631978	1.16808	1.0757	1.2158	2.55422	4.94918	33630.8	27560.7	2.10898	1.00008
natural[233,3]	2.39644	0.00559328	1.00428	0.975778	1.02103	2.24742	4.26972	36680.0	24004.2	2.30019	0.999933
natural[233,4]	0.909945	0.00199325	0.351823	0.283132	0.501256	0.833789	1.58238	35028.2	26044.5	2.19661	0.999975
natural[233,5]	1.0901	0.00342044	0.769998	0.759337	-0.161262	1.08237	2.37494	51267.3	24342.0	3.21496	1.00008
natural[233,6]	0.440263	0.00389742	0.773096	0.760912	-0.796757	0.421266	1.7349	39516.5	24471.8	2.47807	1.00025
natural[234,1]	0.0862936	0.000626936	0.0937462	0.0486972	0.010357	0.0544639	0.278689	24022.4	23861.7	1.50644	1.00033
natural[234,2]	0.566756	0.00273264	0.425118	0.353217	0.0965053	0.452749	1.41899	22954.1	23227.8	1.43944	1.00029
natural[234,3]	0.974977	0.00427258	0.730818	0.581898	0.170182	0.785419	2.44295	30203.7	25244.8	1.89406	1.00038
natural[234,4]	0.165732	0.000990374	0.177854	0.101142	0.017136	0.110456	0.494722	43544.7	25562.9	2.73067	1.00029
natural[234,5]	1.64161	0.00299631	0.678045	0.673098	0.559639	1.62167	2.79779	51945.0	25226.2	3.25745	1.00014
natural[234,6]	0.738962	0.00280174	0.505188	0.477556	-0.0159901	0.698527	1.62296	34627.0	23979.3	2.17145	1.00037
natural[235,1]	0.0681424	0.000277368	0.0490067	0.0395988	0.013673	0.0567629	0.160381	30637.0	22335.8	1.92124	1.0002
natural[235,2]	1.17077	0.00284853	0.520346	0.510643	0.448619	1.10069	2.12715	31337.6	23434.0	1.96517	1.00003
natural[235,3]	1.89098	0.00486721	0.891294	0.841027	0.696424	1.74442	3.57147	38515.3	25022.1	2.41528	0.999965
natural[235,4]	0.23589	0.000897004	0.176498	0.149103	0.0371496	0.194825	0.568272	41967.6	24581.4	2.63177	1.00037
natural[235,5]	2.03764	0.00306427	0.708154	0.699865	0.901767	2.01641	3.24528	54393.5	24961.7	3.411	1.00023
natural[235,6]	0.863958	0.00321878	0.617729	0.603306	-0.0862263	0.830106	1.9287	37934.4	25438.2	2.37886	1.00004
natural[236,1]	0.127809	0.000691271	0.112994	0.0771734	0.0191053	0.0931714	0.358052	32433.5	23881.9	2.03389	1.00007
natural[236,2]	0.444162	0.00167379	0.323683	0.272179	0.0794041	0.365479	1.08345	33264.0	21862.3	2.08597	0.999979
natural[236,3]	1.78331	0.00487396	1.04799	1.02918	0.36871	1.63199	3.73412	51118.0	22732.4	3.20559	1.0005
natural[236,4]	0.254613	0.0013814	0.254542	0.157924	0.0274156	0.176073	0.740269	54307.8	25214.3	3.40562	1.0003
natural[236,5]	0.880059	0.00352589	0.810596	0.80935	-0.417298	0.864282	2.24224	53847.4	24369.0	3.37675	0.999955
natural[236,6]	2.44953	0.00278827	0.615818	0.609122	1.48917	2.41658	3.51027	51198.4	25139.7	3.21064	1.0001
natural[237,1]	0.0529134	0.000848225	0.0926377	0.0195348	0.00260381	0.0187204	0.238699	11225.4	18402.9	0.703944	1.00073
natural[237,2]	5.21111	0.041255	4.52764	5.26959	0.0997085	4.4253	13.666	9591.18	16739.4	0.60146	1.00075
natural[237,3]	0.380674	0.00565717	0.562323	0.150773	0.0380584	0.186869	1.57571	10433.5	16078.4	0.654284	1.00088
natural[237,4]	0.125234	0.00114287	0.148275	0.0741905	0.0130053	0.0833787	0.365967	20510.4	19527.5	1.2862	1.00031
natural[237,5]	1.74324	0.0109367	1.26173	1.32046	-0.342731	1.76806	3.76901	13492.4	19751.9	0.846102	1.00048
natural[237,6]	-1.4492	0.0126669	1.36673	1.48654	-3.46521	-1.56653	0.911099	11325.5	20705.4	0.71022	1.00044
natural[238,1]	0.0767913	0.000639922	0.0877857	0.0391475	0.0114658	0.0503366	0.234904	25146.6	19998.3	1.57693	1.00021
natural[238,2]	0.835987	0.00384349	0.555557	0.537463	0.152396	0.722766	1.9064	19355.1	22261.9	1.21375	1.00023
natural[238,3]	0.973795	0.00438504	0.686518	0.521477	0.231292	0.793193	2.34669	27548.4	24071.2	1.72755	1.0001
natural[238,4]	0.104825	0.000613284	0.106638	0.0620351	0.0139528	0.0743373	0.29369	36026.1	24802.9	2.25918	1.00015
natural[238,5]	1.67365	0.0029623	0.664826	0.660836	0.616475	1.65376	2.79623	50907.2	25835.5	3.19237	1.00023
natural[238,6]	0.640191	0.00360729	0.581463	0.543405	-0.211901	0.581226	1.68894	26835.3	23581.7	1.68284	1.0002
natural[239,1]	0.0897858	0.00035103	0.0611456	0.0518598	0.0189776	0.0758594	0.208415	28772.2	22826.2	1.8043	1.00005
natural[239,2]	1.26675	0.0030301	0.562624	0.536123	0.511969	1.18162	2.31162	32024.6	24032.7	2.00825	1.00037
natural[239,3]	2.52235	0.00499807	0.968821	0.948641	1.17038	2.39846	4.2934	41143.6	23670.7	2.5801	1.00021
natural[239,4]	0.414365	0.00131189	0.235709	0.211369	0.0978842	0.380949	0.845957	30954.8	24127.5	1.94117	0.999997
natural[239,5]	0.969661	0.0026018	0.627355	0.623714	-0.0479106	0.962811	2.01573	58623.9	26611.2	3.67629	1.00052
natural[239,6]	0.0122177	0.00286285	0.570494	0.556403	-0.911449	0.00412679	0.965158	39916.4	27118.3	2.50315	1.00004
natural[240,1]	0.0509268	0.000233886	0.039436	0.0310628	0.0090513	0.0403023	0.128679	27595.7	26347.4	1.73052	1.0
natural[240,2]	2.27917	0.0126411	1.87021	1.13667	0.59808	1.74197	5.71829	20469.5	25962.7	1.28364	1.00014
natural[240,3]	1.44087	0.00511586	0.742378	0.6175	0.62302	1.24431	2.91109	22075.2	22421.6	1.38433	1.00001
natural[240,4]	0.338925	0.000971035	0.187043	0.178915	0.0720589	0.328294	0.657679	36037.2	24509.2	2.25988	1.00008
natural[240,5]	1.48361	0.00322916	0.711774	0.699678	0.345785	1.46425	2.68328	49092.1	25779.2	3.07855	1.00021
natural[240,6]	-0.799959	0.00399943	0.705635	0.682273	-1.91922	-0.819414	0.393946	31418.1	25632.2	1.97022	0.999978
natural[241,1]	0.0627368	0.000438538	0.0657574	0.0350437	0.00894205	0.0424522	0.186019	24752.7	22352.9	1.55223	1.00012
natural[241,2]	0.741314	0.00339806	0.520438	0.471517	0.131137	0.618313	1.7656	21614.5	22443.9	1.35544	1.00018
natural[241,3]	0.958658	0.00416466	0.678241	0.525652	0.211086	0.782124	2.31208	27039.5	24547.1	1.69564	1.0001
natural[241,4]	0.215257	0.001094	0.207245	0.142557	0.0215785	0.153434	0.606205	40712.0	23981.6	2.55304	1.00002
natural[241,5]	1.68768	0.00311918	0.684045	0.679431	0.592835	1.672	2.83828	49076.4	26759.8	3.07757	1.00065
natural[241,6]	0.870335	0.00328484	0.554942	0.524587	0.0401592	0.826001	1.85134	30108.0	22697.1	1.88806	1.0001
natural[242,1]	0.140589	0.000586472	0.0934305	0.0894289	0.0249228	0.121671	0.321725	24597.6	23597.6	1.54251	1.00017
natural[242,2]	0.842137	0.00225642	0.390777	0.364518	0.325627	0.779835	1.57407	28107.8	23033.1	1.76263	1.00009
natural[242,3]	2.08832	0.00588497	0.955488	0.910475	0.822183	1.93096	3.88037	29513.7	22084.5	1.8508	1.00005
natural[242,4]	0.319507	0.00130124	0.246333	0.204928	0.0478044	0.260433	0.801678	38461.4	26544.4	2.4119	0.999964
natural[242,5]	1.59164	0.00285376	0.635972	0.641377	0.565771	1.57968	2.65643	49458.1	25510.6	3.1015	1.00043
natural[242,6]	-0.227395	0.00284995	0.516388	0.505266	-1.06802	-0.231116	0.619408	33015.0	25625.2	2.07036	1.00039
natural[243,1]	0.145435	0.000806431	0.130095	0.0902063	0.0191692	0.10344	0.415273	25238.0	22032.4	1.58266	1.0001
natural[243,2]	0.321534	0.00133992	0.26603	0.192519	0.0533223	0.2471	0.850159	37391.3	24366.8	2.34479	1.00027
natural[243,3]	1.1399	0.0045761	0.856517	0.752605	0.161952	0.931047	2.84204	44344.0	25234.1	2.7808	1.0003
natural[243,4]	0.258037	0.00184034	0.307141	0.153863	0.0186792	0.150971	0.863046	43923.0	23731.7	2.7544	1.00006
natural[243,5]	1.31616	0.00378612	0.874975	0.876315	-0.0899024	1.29198	2.7964	54492.7	23651.4	3.41722	1.00046
natural[243,6]	2.71961	0.00285014	0.643212	0.636219	1.73308	2.67995	3.83084	54496.9	24785.1	3.41748	1.00019
natural[244,1]	0.0864452	0.000648788	0.0862683	0.050321	0.0119997	0.059286	0.255869	19603.4	23461.1	1.22932	1.00039
natural[244,2]	0.423454	0.00211476	0.334325	0.26072	0.0717302	0.329875	1.09673	23342.4	23267.2	1.46379	1.00017
natural[244,3]	0.805918	0.00390879	0.652463	0.48063	0.131876	0.620464	2.11538	30138.8	25415.0	1.89	1.00027
natural[244,4]	0.192474	0.00127411	0.218625	0.117948	0.0165289	0.121637	0.60513	37837.6	24829.1	2.37278	0.999873
natural[244,5]	1.52758	0.00259582	0.587852	0.5859	0.577517	1.5161	2.51218	51710.6	27223.3	3.24275	1.00016
natural[244,6]	-0.31033	0.00245366	0.445266	0.430855	-1.01827	-0.321747	0.445352	33842.5	23437.3	2.12225	1.00018
natural[245,1]	0.0883642	0.000264799	0.048655	0.047502	0.0224197	0.0811525	0.178703	29171.6	19451.6	1.82934	1.00008
natural[245,2]	2.70502	0.00552299	1.07741	1.01858	1.24816	2.53905	4.70512	37640.2	27640.7	2.3604	1.00001
natural[245,3]	1.99334	0.00523572	0.958375	0.933066	0.726712	1.83973	3.78146	38428.5	24462.0	2.40984	1.00006
natural[245,4]	0.65737	0.00155787	0.268754	0.2271	0.306249	0.612753	1.15117	29593.1	23804.5	1.85577	1.00012
natural[245,5]	1.84568	0.00375935	0.79071	0.782286	0.589452	1.82146	3.17084	45235.3	24550.6	2.83669	1.00035
natural[245,6]	1.27321	0.00421218	0.814847	0.804987	-0.0115821	1.24515	2.6639	37573.0	25990.7	2.35619	1.00041
natural[246,1]	0.0958975	0.000385843	0.0685637	0.0595981	0.0171506	0.0795826	0.230014	31038.2	24627.7	1.94639	1.00001
natural[246,2]	1.5274	0.00564294	0.922854	0.781955	0.455305	1.32037	3.32654	23647.9	24564.0	1.48295	1.00008
natural[246,3]	1.5192	0.0053699	0.825247	0.666053	0.60843	1.30124	3.17696	26580.1	23826.0	1.66683	1.00038
natural[246,4]	0.405908	0.00134972	0.244563	0.208355	0.0880174	0.371172	0.849641	32399.9	22190.6	2.03179	1.00023
natural[246,5]	1.00059	0.0027173	0.667421	0.663016	-0.0839863	0.994608	2.1133	60817.1	24659.1	3.81382	1.00007
natural[246,6]	-0.27349	0.0037562	0.64503	0.614703	-1.28982	-0.299417	0.835564	29859.9	24864.0	1.87251	1.00007
natural[247,1]	0.0657143	0.000316664	0.0544039	0.0382719	0.0120764	0.0511692	0.166179	30374.6	22881.7	1.90478	0.999983
natural[247,2]	1.5682	0.00377762	0.6946	0.67174	0.593527	1.4803	2.83726	32158.4	23775.1	2.01664	1.00013
natural[247,3]	1.87808	0.00470614	0.932016	0.90114	0.647765	1.72663	3.61801	46729.3	24368.0	2.93038	1.00009
natural[247,4]	0.434774	0.00159149	0.272687	0.22314	0.0992836	0.385918	0.937369	30142.3	22700.2	1.89021	1.0001
natural[247,5]	1.80575	0.00323269	0.751	0.742595	0.606507	1.78834	3.06698	55184.3	24274.5	3.46059	0.999979
natural[247,6]	1.00099	0.0034819	0.690789	0.68287	-0.0705658	0.967709	2.18444	39924.6	25402.6	2.50366	1.00047
natural[248,1]	0.196612	0.00103639	0.156661	0.126114	0.0286945	0.149738	0.521512	23047.9	24678.3	1.44533	1.00021
natural[248,2]	0.293036	0.00142009	0.243237	0.164674	0.0542703	0.224308	0.771109	28937.0	23748.4	1.81463	0.999964
natural[248,3]	1.69988	0.00582649	1.02422	0.978424	0.391394	1.50783	3.6531	32783.6	25283.3	2.05585	1.00007
natural[248,4]	0.29633	0.00164214	0.298531	0.184954	0.0302751	0.203538	0.874777	41890.5	23591.6	2.62694	1.00025
natural[248,5]	0.00129905	0.00255198	0.568164	0.566699	-0.936867	0.00536297	0.933171	49976.0	28663.2	3.13398	0.999999
natural[248,6]	-0.532304	0.00196813	0.417962	0.414685	-1.21569	-0.531742	0.148855	45665.5	26048.6	2.86367	1.00016
natural[249,1]	0.135845	0.000680998	0.116209	0.082272	0.0214428	0.102061	0.370158	34270.2	24297.8	2.14907	1.00031
natural[249,2]	0.471527	0.00166634	0.359761	0.292211	0.0784567	0.377486	1.1869	43837.3	22569.3	2.74902	1.00021
natural[249,3]	1.72348	0.00510498	1.06109	1.04699	0.319738	1.55579	3.71618	50106.8	24092.4	3.14218	1.00019
natural[249,4]	0.359508	0.00220453	0.389002	0.22899	0.0282997	0.229497	1.13289	47744.8	24358.8	2.99406	1.00012
natural[249,5]	1.18193	0.0036391	0.882935	0.876397	-0.243109	1.16786	2.67489	59489.0	25568.7	3.73054	1.0002
natural[249,6]	3.05341	0.00323555	0.734195	0.725834	1.91792	3.00966	4.33171	55301.5	23212.7	3.46794	1.0003
natural[250,1]	0.185328	0.000882926	0.138526	0.117394	0.0309616	0.149916	0.463349	24229.3	23809.7	1.51941	1.00053
natural[250,2]	0.241916	0.000936395	0.176185	0.137251	0.0501272	0.197768	0.583007	32317.2	25149.9	2.0266	1.00032
natural[250,3]	1.36795	0.00487371	0.897695	0.831253	0.259912	1.17956	3.11208	38904.3	24743.0	2.43968	1.00005
natural[250,4]	0.250911	0.00149409	0.268669	0.155045	0.0232775	0.162536	0.775848	46629.9	23899.2	2.92415	1.00004
natural[250,5]	0.716648	0.00267159	0.576412	0.571106	-0.224047	0.712999	1.6769	46791.5	29143.0	2.93428	1.00005
natural[250,6]	0.369308	0.00186524	0.399066	0.3987	-0.275853	0.363363	1.03388	46082.8	26707.4	2.88984	1.00032
natural[251,1]	0.146026	0.000995846	0.143559	0.087348	0.0171822	0.0939807	0.461913	21765.6	24321.8	1.36492	1.00027
natural[251,2]	0.528966	0.00314053	0.483198	0.310265	0.0835613	0.373207	1.50969	20341.2	27202.9	1.27559	1.00026
natural[251,3]	1.12638	0.00526559	0.843037	0.653532	0.224603	0.888951	2.82345	29372.9	24181.8	1.84196	1.00008
natural[251,4]	0.346047	0.00193784	0.341752	0.236144	0.0302483	0.244702	1.00506	37055.2	26048.1	2.32372	1.00019
natural[251,5]	1.10536	0.00264723	0.597747	0.595951	0.127269	1.09636	2.09883	51559.2	27718.5	3.23326	0.999996
natural[251,6]	-0.662093	0.00248345	0.47979	0.459993	-1.44302	-0.664154	0.129213	37902.7	25829.1	2.37686	1.00027
natural[252,1]	0.13359	0.000742304	0.119142	0.0794378	0.0196843	0.0966657	0.381772	29901.4	22772.5	1.87511	1.00024
natural[252,2]	0.444008	0.00155275	0.335684	0.279321	0.0721797	0.358226	1.10674	43759.7	23125.5	2.74416	1.00015
natural[252,3]	1.72178	0.00483469	1.05904	1.04935	0.317672	1.55234	3.69375	54814.2	23222.1	3.43738	1.00019
natural[252,4]	0.33456	0.00202005	0.360811	0.210796	0.0273828	0.213355	1.05392	47409.1	23839.0	2.97301	1.0
natural[252,5]	1.1608	0.00375789	0.88353	0.868275	-0.267048	1.14101	2.65269	56282.9	25626.0	3.52948	1.00006
natural[252,6]	3.11991	0.00336151	0.723678	0.71032	2.01121	3.07401	4.37963	49512.1	24154.1	3.10489	1.00019
natural[253,1]	0.209814	0.000696179	0.126879	0.117416	0.0451125	0.188315	0.450488	30205.2	21391.4	1.89416	1.00062
natural[253,2]	0.347178	0.00170547	0.283995	0.205602	0.0600058	0.264288	0.91502	27125.9	23847.7	1.70105	1.00021
natural[253,3]	1.40849	0.00534981	0.919845	0.828025	0.292716	1.20712	3.2049	31259.6	23146.9	1.96028	1.00007
natural[253,4]	0.270712	0.00144969	0.263072	0.168318	0.0307817	0.190869	0.784101	40966.4	24024.5	2.56899	1.00017
natural[253,5]	0.157603	0.00270918	0.619604	0.620887	-0.862694	0.155641	1.16948	52727.6	27780.6	3.30653	1.00002
natural[253,6]	-1.10962	0.00255046	0.47872	0.464393	-1.89881	-1.10994	-0.327805	35693.1	24388.1	2.2383	1.00044
natural[254,1]	0.103541	0.000646991	0.0996093	0.0593987	0.014923	0.0725707	0.305615	27967.3	23147.2	1.75382	1.00012
natural[254,2]	0.45546	0.00160412	0.311666	0.27235	0.0909465	0.384204	1.072	33907.6	20758.7	2.12634	1.00006
natural[254,3]	1.64146	0.00493242	0.997175	0.97758	0.318087	1.47754	3.51596	45810.8	23246.7	2.87278	1.0003
natural[254,4]	0.242426	0.00145087	0.253707	0.153338	0.0216289	0.1616	0.729648	44495.8	23295.3	2.79032	1.00008
natural[254,5]	1.57829	0.00352704	0.824642	0.821937	0.266916	1.55379	2.97204	55531.0	24366.6	3.48233	1.00013
natural[254,6]	2.08955	0.00260941	0.562135	0.558017	1.22206	2.06337	3.05589	49119.0	23395.3	3.08023	1.0001
natural[255,1]	0.0673289	0.000332152	0.0558812	0.0409295	0.011052	0.0514221	0.179027	29171.2	25856.6	1.82932	1.00017
natural[255,2]	1.8561	0.00388483	0.717948	0.727368	0.781193	1.79366	3.13965	33534.1	25992.0	2.10291	1.00007
natural[255,3]	1.73417	0.00489363	0.848151	0.787686	0.647108	1.57755	3.341	36452.2	23613.2	2.2859	1.00004
natural[255,4]	0.202828	0.00070792	0.139536	0.126236	0.0355189	0.174178	0.471251	36255.6	25880.9	2.27357	0.999966
natural[255,5]	2.09137	0.00306319	0.725786	0.724936	0.927585	2.07744	3.3069	57002.8	24401.2	3.57462	1.00032
natural[255,6]	1.37582	0.00377922	0.731294	0.728117	0.24445	1.33829	2.65239	38450.0	24917.6	2.41119	0.999976
natural[256,1]	0.173605	0.000795786	0.13584	0.111763	0.0252707	0.137676	0.447586	29658.8	24595.5	1.85989	0.999998
natural[256,2]	0.505086	0.00253618	0.401382	0.302367	0.0872421	0.389868	1.31363	24058.5	25056.5	1.5087	1.00003
natural[256,3]	1.34047	0.00531258	0.86242	0.742317	0.336612	1.13039	3.04814	28188.7	23951.3	1.7677	0.999994
natural[256,4]	0.261861	0.00132196	0.243063	0.165055	0.0314803	0.192894	0.723313	40707.9	25780.0	2.55278	1.00006
natural[256,5]	0.298525	0.00264637	0.604428	0.601432	-0.69489	0.298489	1.29689	52343.2	27093.5	3.28242	1.00023
natural[256,6]	-0.472382	0.00301094	0.500705	0.474583	-1.25063	-0.494706	0.385205	28824.7	22402.2	1.80759	1.00002
natural[257,1]	0.0359623	0.000178969	0.0271254	0.0201178	0.00777825	0.0293782	0.085477	20880.8	21722.1	1.30943	1.00009
natural[257,2]	1.76152	0.00355763	0.638991	0.6232	0.818764	1.70647	2.90081	30099.1	20413.0	1.8875	1.00009
natural[257,3]	2.22219	0.00608523	1.00132	0.981989	0.865257	2.07356	4.09142	29575.5	23493.0	1.85467	1.00004
natural[257,4]	1.13971	0.00358462	0.527945	0.466457	0.450036	1.05171	2.12312	21393.0	19345.6	1.34155	1.00022
natural[257,5]	2.17778	0.00513545	0.808544	0.808701	0.885341	2.16026	3.54442	24929.3	22135.6	1.56331	1.00005
natural[257,6]	0.815202	0.00401448	0.677841	0.667225	-0.26597	0.804005	1.95342	28890.6	25933.4	1.81172	1.00024
natural[258,1]	0.0872655	0.000350072	0.0545064	0.0515281	0.0179589	0.077418	0.189432	21373.5	19972.8	1.34033	1.00022
natural[258,2]	1.53927	0.00410001	0.680685	0.63059	0.647695	1.42612	2.8252	27530.1	25901.0	1.7264	1.00027
natural[258,3]	2.71086	0.0058033	0.988003	0.959409	1.316	2.59291	4.51912	31342.2	23003.0	1.96546	1.00013
natural[258,4]	0.20174	0.000752967	0.136397	0.1161	0.0411252	0.172186	0.462089	31858.5	25269.6	1.99784	0.999968
natural[258,5]	-0.0898623	0.00338528	0.698848	0.69142	-1.24288	-0.086646	1.04428	43260.2	26313.7	2.71284	1.00027
natural[258,6]	-0.274371	0.00352602	0.629057	0.612221	-1.27146	-0.296698	0.795381	32325.5	24180.1	2.02712	1.00037
natural[259,1]	0.0183454	6.63985e-05	0.012633	0.0104073	0.0039683	0.0153966	0.0426425	35232.1	24522.4	2.20939	1.00013
natural[259,2]	9.54879	0.039605	6.70967	4.57734	2.88326	7.99015	21.0616	30647.5	25091.1	1.92189	1.00003
natural[259,3]	1.84148	0.00553227	0.919316	0.878992	0.6877	1.66781	3.60536	33303.2	23906.1	2.08844	0.99995
natural[259,4]	0.731196	0.00118992	0.199695	0.142521	0.526017	0.680567	1.1074	32503.5	26198.5	2.03828	1.00009
natural[259,5]	1.90899	0.00481059	0.934385	0.935346	0.420949	1.8879	3.47293	38219.6	25019.8	2.39674	1.00009
natural[259,6]	0.587046	0.00474043	0.99228	0.99081	-0.995534	0.561607	2.24985	43923.2	26944.7	2.75441	1.00009
natural[260,1]	0.0899748	0.000645139	0.0904331	0.0504213	0.0129764	0.0628814	0.262241	18896.7	21630.8	1.185	1.00037
natural[260,2]	0.595036	0.00374448	0.493902	0.406626	0.0721766	0.447339	1.59638	16379.3	22095.7	1.02714	1.00032
natural[260,3]	1.07298	0.00566747	0.813533	0.623927	0.21731	0.833799	2.71505	20554.3	24088.1	1.28895	1.00025
natural[260,4]	0.160982	0.000942586	0.161524	0.0973569	0.019065	0.113214	0.465922	28550.4	24843.8	1.79039	0.999948
natural[260,5]	0.34449	0.00274923	0.593273	0.594373	-0.620468	0.341202	1.33222	46666.5	25965.0	2.92644	1.00007
natural[260,6]	0.545655	0.00372218	0.534197	0.493126	-0.230819	0.494809	1.52545	21660.1	21806.2	1.3583	1.00017
natural[261,1]	0.145758	0.000944971	0.132205	0.0837644	0.0223423	0.103676	0.428645	20739.5	21973.1	1.30057	1.00046
natural[261,2]	0.280996	0.00101853	0.197003	0.167975	0.0535091	0.235726	0.661954	34177.8	23016.4	2.14328	1.00016
natural[261,3]	2.17167	0.00541516	1.07421	1.06257	0.634606	2.0537	4.12096	41646.1	24502.9	2.61161	1.00017
natural[261,4]	0.326577	0.00170974	0.314059	0.209852	0.0340207	0.229916	0.951632	43316.3	24596.0	2.71635	1.00032
natural[261,5]	-0.0727089	0.00293357	0.61984	0.621669	-1.08126	-0.0764501	0.952572	44950.4	27954.5	2.81882	1.00001
natural[261,6]	1.2971	0.00211407	0.453499	0.448651	0.567972	1.28363	2.06682	47060.1	23527.4	2.95113	1.0001
natural[262,1]	0.0982298	0.000502482	0.079652	0.0540571	0.0192437	0.0773684	0.247757	25662.7	23204.4	1.6093	1.00011
natural[262,2]	0.569282	0.00187411	0.339354	0.300843	0.149601	0.500588	1.22678	28954.9	22633.8	1.81575	1.00001
natural[262,3]	1.6798	0.00478611	0.842517	0.776183	0.57386	1.54092	3.2677	32241.0	23898.3	2.02182	0.999956
natural[262,4]	0.359596	0.00173541	0.311278	0.243583	0.0396412	0.275539	0.960009	34296.1	23959.7	2.1507	1.00008
natural[262,5]	1.34039	0.00265302	0.59868	0.594279	0.366987	1.32979	2.34214	51125.7	27222.3	3.20608	1.00009
natural[262,6]	-0.122848	0.00240143	0.453654	0.443511	-0.87449	-0.121909	0.613978	35974.6	25756.2	2.25595	1.00007
natural[263,1]	0.0693946	0.000254098	0.0495012	0.0386189	0.0150397	0.0572668	0.163452	38729.1	23246.0	2.42869	1.0001
natural[263,2]	0.926527	0.00277009	0.49076	0.450825	0.307772	0.832599	1.87198	29378.0	24983.9	1.84228	0.999983
natural[263,3]	1.65544	0.00449924	0.787265	0.715345	0.67566	1.49978	3.17217	33337.7	25810.2	2.0906	1.00009
natural[263,4]	0.26482	0.00102453	0.208875	0.166885	0.040012	0.212384	0.663744	46355.8	24499.5	2.90696	0.999971
natural[263,5]	1.01543	0.00259537	0.610636	0.607639	0.0253966	1.00613	2.03824	56006.1	26230.1	3.51212	1.0003
natural[263,6]	-0.384409	0.00280273	0.530211	0.513441	-1.23619	-0.394544	0.498974	36109.8	25117.0	2.26443	1.00024
natural[264,1]	0.0705121	0.000413683	0.0654722	0.0406531	0.0111416	0.050906	0.198239	25698.6	23299.5	1.61155	1.00021
natural[264,2]	1.22128	0.00419194	0.657974	0.635035	0.332185	1.12158	2.45616	22068.9	22119.0	1.38394	1.00034
natural[264,3]	1.22697	0.00448086	0.742315	0.614601	0.365284	1.05057	2.68123	33155.7	23405.7	2.07918	1.00009
natural[264,4]	0.514499	0.00202835	0.350861	0.30781	0.0832924	0.451471	1.16447	27656.6	22867.5	1.73434	1.00014
natural[264,5]	1.73083	0.00355729	0.735825	0.728354	0.561714	1.70961	2.97727	43671.2	23767.4	2.73861	1.00022
natural[264,6]	1.08594	0.00341394	0.633361	0.60691	0.112	1.045	2.19396	35006.9	26123.8	2.19527	1.00027
natural[265,1]	0.0406954	0.000152861	0.0259728	0.0228569	0.00971796	0.0350123	0.0911918	28195.2	23036.3	1.76811	1.00007
natural[265,2]	2.46175	0.00666136	1.2616	1.06801	0.937423	2.20314	4.89783	35487.8	26594.0	2.22543	1.00003
natural[265,3]	2.4805	0.00524293	0.927759	0.911062	1.20081	2.36191	4.16939	34386.6	23979.5	2.15637	1.00041
natural[265,4]	0.37036	0.00092263	0.163877	0.149985	0.120569	0.361147	0.650303	30879.9	23183.6	1.93647	1.0001
natural[265,5]	0.870509	0.00308683	0.696814	0.68917	-0.261773	0.867965	2.01437	51237.6	25178.6	3.21309	1.00017
natural[265,6]	-0.621431	0.0036961	0.718868	0.699934	-1.78858	-0.6323	0.565299	38160.7	25665.5	2.39305	0.999934
natural[266,1]	0.137049	0.000717559	0.115638	0.0855251	0.0197883	0.103452	0.37133	26524.6	24097.0	1.66335	1.00031
natural[266,2]	0.492804	0.00207984	0.348396	0.288972	0.101036	0.405046	1.18326	26360.3	23886.1	1.65305	1.00022
natural[266,3]	1.01084	0.00433964	0.757103	0.609277	0.17769	0.814276	2.51217	34580.1	25004.0	2.16851	1.00006
natural[266,4]	0.312658	0.00196184	0.329437	0.205642	0.0243342	0.201581	0.979939	36564.6	26772.6	2.29296	1.0001
natural[266,5]	1.71601	0.0032175	0.729746	0.723037	0.552287	1.6924	2.95248	52534.1	24969.1	3.2944	1.00049
natural[266,6]	0.883762	0.00244177	0.496464	0.479278	0.11011	0.865046	1.73072	43053.3	26930.6	2.69986	1.00016
natural[267,1]	0.11283	0.000852147	0.108262	0.0644511	0.0157449	0.0794688	0.332839	16109.2	20701.2	1.0102	1.00012
natural[267,2]	0.667349	0.00542589	0.601104	0.471217	0.0654645	0.464764	1.89832	12175.7	21841.1	0.763532	1.0002
natural[267,3]	0.48748	0.00392464	0.51097	0.261059	0.0681137	0.316526	1.5238	19632.7	20752.1	1.23116	1.00012
natural[267,4]	0.379202	0.00329194	0.420574	0.25228	0.0185807	0.214106	1.23342	16850.4	26654.8	1.05668	1.00001
natural[267,5]	1.74038	0.00353893	0.671286	0.666058	0.668806	1.72352	2.87155	36352.0	25579.3	2.27962	1.00016
natural[267,6]	0.136663	0.00332023	0.534192	0.505157	-0.670513	0.0986585	1.08415	27258.8	22712.9	1.70939	0.999955
natural[268,1]	0.431032	0.00140049	0.215173	0.252947	0.103523	0.419613	0.796708	23052.3	21090.6	1.4456	1.00026
natural[268,2]	0.254444	0.00093104	0.161048	0.127544	0.0678813	0.220568	0.558901	28974.5	25247.8	1.81698	1.00007
natural[268,3]	2.59486	0.0081247	1.25479	1.24425	0.82983	2.44441	4.88804	25788.9	22334.3	1.61722	1.00015
natural[268,4]	0.608226	0.00357142	0.560374	0.396906	0.0675593	0.439879	1.73846	27804.8	22716.4	1.74363	1.00007
natural[268,5]	-1.05131	0.00293891	0.605948	0.600268	-2.06456	-1.04502	-0.0668612	42825.9	29431.0	2.6856	1.00008
natural[268,6]	0.906387	0.00214184	0.442504	0.441424	0.19061	0.897321	1.64769	43390.1	24556.3	2.72098	1.00006
natural[269,1]	0.128824	0.000886555	0.128921	0.0739377	0.0167492	0.0859318	0.40515	26659.1	22811.6	1.67178	1.00026
natural[269,2]	0.413846	0.00183255	0.322315	0.251714	0.0700082	0.325576	1.05423	31171.7	22806.1	1.95477	1.0001
natural[269,3]	1.14247	0.0046349	0.847244	0.741267	0.167521	0.934195	2.81718	40825.1	23914.4	2.56013	0.999964
natural[269,4]	0.186719	0.00125686	0.213557	0.111709	0.0170297	0.118594	0.579139	45995.5	24224.2	2.88436	1.00022
natural[269,5]	1.5931	0.00373341	0.85027	0.83847	0.234744	1.56909	3.03138	52565.9	24832.1	3.29639	1.00023
natural[269,6]	2.2292	0.00282111	0.582667	0.567603	1.33796	2.19061	3.24975	45608.1	24812.4	2.86007	1.00007
natural[270,1]	0.0475908	0.000248606	0.0350809	0.0235375	0.0123921	0.0395559	0.108371	22083.7	21302.6	1.38486	1.00037
natural[270,2]	3.25939	0.0122895	1.7609	1.68376	0.824279	3.0161	6.52255	17167.6	13845.2	1.07658	1.00068
natural[270,3]	0.53675	0.00222065	0.255373	0.125004	0.301672	0.484588	0.933387	24162.8	13563.2	1.51524	1.00027
natural[270,4]	0.353245	0.000859282	0.141387	0.112024	0.124526	0.352362	0.571406	26578.4	16633.9	1.66672	1.00018
natural[270,5]	1.77039	0.00347635	0.672049	0.663735	0.684985	1.75867	2.90446	37630.4	25221.2	2.35979	1.00004
natural[270,6]	0.465829	0.00458778	0.777477	0.78397	-0.758896	0.430947	1.79599	28091.3	23973.9	1.7616	1.00043
natural[271,1]	0.0388472	0.000139155	0.0267776	0.0222427	0.00830587	0.0325878	0.0903035	34913.5	24707.2	2.18942	0.999906
natural[271,2]	2.61998	0.00679356	1.26625	1.13831	1.00658	2.3886	5.00825	34647.6	28351.5	2.17274	1.00003
natural[271,3]	2.10942	0.00491969	0.88102	0.845113	0.93863	1.97258	3.75887	38019.4	25330.2	2.38418	1.00024
natural[271,4]	0.344467	0.000862813	0.157762	0.150508	0.0988174	0.338498	0.609084	31992.5	22530.5	2.00624	1.00016
natural[271,5]	1.48451	0.00286048	0.717835	0.713105	0.324878	1.46961	2.68256	63519.4	24667.4	3.98328	1.00048
natural[271,6]	-0.0266514	0.00376132	0.746238	0.73713	-1.2155	-0.0473365	1.24101	39678.2	23896.7	2.48821	1.00024
natural[272,1]	0.064066	0.000439666	0.065416	0.0360422	0.00963193	0.045121	0.184166	24283.8	23124.6	1.52283	1.00034
natural[272,2]	1.06105	0.00421417	0.662604	0.663029	0.202764	0.950923	2.30328	22239.8	21522.3	1.39465	1.00018
natural[272,3]	0.697772	0.00325005	0.50332	0.356437	0.155943	0.571133	1.67441	26136.5	22978.0	1.63901	1.0002
natural[272,4]	0.152619	0.000795916	0.14639	0.0988007	0.0173966	0.110726	0.419252	39999.1	24987.9	2.50833	1.00017
natural[272,5]	2.41826	0.00289979	0.661851	0.659133	1.36134	2.40351	3.53035	52579.2	26121.2	3.29722	1.00029
natural[272,6]	-0.380482	0.00356514	0.600907	0.584182	-1.2956	-0.420306	0.672236	28550.4	25857.2	1.79038	1.00015
natural[273,1]	0.0203589	0.000113223	0.0186121	0.0119896	0.00315855	0.0150487	0.0552754	27929.2	25153.8	1.75143	1.00027
natural[273,2]	5.6497	0.0121402	2.40226	2.35852	2.25879	5.37196	9.98804	39170.5	27374.0	2.45637	1.00025
natural[273,3]	1.48471	0.00423433	0.710104	0.62164	0.651503	1.32752	2.85835	35211.6	25007.7	2.20811	1.00005
natural[273,4]	0.106373	0.000331813	0.0678941	0.0638103	0.021497	0.0933135	0.23481	41233.9	26895.9	2.58576	1.00018
natural[273,5]	2.38887	0.00401036	0.884798	0.879247	0.956407	2.36996	3.87045	49270.8	24231.7	3.08976	1.00041
natural[273,6]	0.196802	0.00499082	1.01132	1.02449	-1.38224	0.159322	1.91714	41863.5	25007.4	2.62525	1.00043
natural[274,1]	0.101103	0.000675387	0.103078	0.0564177	0.0144143	0.0678331	0.308837	29563.2	23526.6	1.8539	1.00016
natural[274,2]	0.533533	0.00205864	0.389791	0.333651	0.0897109	0.436582	1.29547	34309.2	23821.4	2.15152	1.00012
natural[274,3]	1.68229	0.00500911	1.00802	1.01312	0.327975	1.53426	3.55691	44018.8	24133.5	2.76041	1.00008
natural[274,4]	0.277186	0.001582	0.281897	0.178491	0.0250263	0.187321	0.835312	45869.0	23371.6	2.87643	1.00016
natural[274,5]	1.45709	0.00374529	0.858334	0.850406	0.0861811	1.43622	2.90654	53544.6	23769.9	3.35776	1.00024
natural[274,6]	2.38378	0.00274814	0.61018	0.597032	1.43975	2.34897	3.43602	52362.7	23234.3	3.28365	1.00024
natural[275,1]	0.16408	0.000846449	0.139512	0.104372	0.0226458	0.121409	0.455543	28482.1	23766.9	1.7861	1.00019
natural[275,2]	0.382441	0.00142848	0.284745	0.22831	0.0716378	0.308823	0.946342	38632.4	22179.8	2.42263	1.00017
natural[275,3]	1.36537	0.00485904	0.945507	0.876421	0.220257	1.16091	3.19278	49034.3	23905.9	3.07492	1.00024
natural[275,4]	0.309631	0.0021145	0.353151	0.1903	0.0240177	0.18946	1.00832	44770.6	23443.7	2.80755	1.00016
natural[275,5]	1.33889	0.00371405	0.867599	0.863088	-0.0527209	1.32423	2.80958	55455.4	26580.8	3.47759	1.0
natural[275,6]	2.42406	0.00299298	0.668647	0.667104	1.38849	2.3891	3.57248	52406.0	23596.7	3.28636	1.00023
natural[276,1]	0.0387315	0.000345933	0.0499438	0.0207312	0.00476787	0.0240511	0.117656	25735.1	22776.9	1.61384	1.00021
natural[276,2]	1.66093	0.00802038	1.29118	1.14929	0.207443	1.34812	4.18731	22227.2	22812.9	1.39386	1.00013
natural[276,3]	0.602638	0.00304951	0.444303	0.243685	0.169376	0.478693	1.47319	25808.0	22078.0	1.61841	1.00016
natural[276,4]	0.121196	0.000676642	0.120999	0.0749379	0.0143104	0.085799	0.346591	39130.2	25222.2	2.45385	1.00003
natural[276,5]	2.13745	0.00341149	0.743207	0.74055	0.943083	2.12559	3.38167	47713.9	25344.2	2.99213	1.00035
natural[276,6]	-1.81879	0.00453791	0.756364	0.730682	-3.01587	-1.85215	-0.525846	27924.3	25291.1	1.75112	1.00034
natural[277,1]	0.169323	0.000849449	0.137235	0.102188	0.0281077	0.129822	0.454141	29385.7	23872.5	1.84277	1.00019
natural[277,2]	0.316294	0.00117048	0.249207	0.194838	0.0522171	0.249698	0.814204	44887.3	24791.1	2.81487	1.00006
natural[277,3]	1.69447	0.00485813	1.02636	1.01421	0.32652	1.53124	3.61028	49996.6	23403.3	3.13527	0.999972
natural[277,4]	0.366921	0.00226909	0.396513	0.235269	0.0278708	0.233483	1.16498	45234.5	23560.5	2.83664	1.0001
natural[277,5]	0.569902	0.00353554	0.817069	0.815363	-0.745459	0.553466	1.9406	54259.9	26568.2	3.40262	1.00012
natural[277,6]	2.73706	0.00295932	0.648987	0.646068	1.73971	2.69861	3.86041	50922.3	24558.2	3.19332	1.00024
natural[278,1]	0.0481572	0.000308829	0.0463985	0.02758	0.00751447	0.034748	0.134392	24353.8	22858.5	1.52722	1.00019
natural[278,2]	1.41777	0.00447899	0.721724	0.723871	0.425089	1.3202	2.74117	23595.1	20637.3	1.47964	1.00011
natural[278,3]	0.935561	0.00348479	0.538069	0.395797	0.350347	0.800475	1.99342	28936.8	22538.7	1.81462	1.00011
natural[278,4]	0.225537	0.000977806	0.179247	0.154188	0.028044	0.183589	0.562212	32268.1	24224.2	2.02352	1.00015
natural[278,5]	2.74841	0.00326642	0.726574	0.720628	1.60035	2.71869	3.98626	51464.6	24025.1	3.22733	1.00022
natural[278,6]	0.250797	0.00374234	0.647795	0.633838	-0.752408	0.213481	1.37462	29979.7	25988.9	1.88002	1.00014
natural[279,1]	0.0977998	0.000501394	0.0822423	0.056476	0.0172544	0.0747711	0.257096	29108.9	24802.7	1.82541	1.00007
natural[279,2]	0.647296	0.00273548	0.445378	0.369832	0.142321	0.536991	1.52893	23796.2	22593.8	1.49225	1.00002
natural[279,3]	1.42621	0.00487101	0.813062	0.709997	0.447091	1.25124	3.00607	30796.9	24241.3	1.93126	1.00007
natural[279,4]	0.273844	0.00125169	0.243987	0.177207	0.0324666	0.205082	0.741465	44069.6	24686.7	2.76359	1.0
natural[279,5]	1.04013	0.0024807	0.583031	0.58558	0.0979765	1.03295	2.00995	55536.5	26981.9	3.48268	1.0001
natural[279,6]	-0.223096	0.00253472	0.474431	0.459066	-0.986723	-0.23387	0.570027	35642.1	26051.4	2.2351	1.00015
natural[280,1]	0.0367929	0.000155913	0.0283303	0.0226714	0.00616604	0.029544	0.0930443	35341.1	25558.3	2.21623	1.00001
natural[280,2]	6.55653	0.0342847	5.77384	3.11621	1.77395	5.13887	15.5831	34521.0	27449.0	2.1648	1.00005
natural[280,3]	1.91154	0.00480232	0.861228	0.813463	0.814724	1.75127	3.54845	36395.8	27698.1	2.28237	1.0
natural[280,4]	0.268689	0.000701478	0.130236	0.146125	0.0641606	0.265596	0.477177	33093.7	23263.7	2.0753	1.00014
natural[280,5]	1.54294	0.00393762	0.895478	0.880877	0.0868561	1.53425	3.04092	52460.4	23343.0	3.28978	1.00003
natural[280,6]	-0.710115	0.00497423	0.982698	0.963711	-2.27524	-0.738895	0.947008	39291.2	25519.2	2.46394	1.00005
natural[281,1]	0.0757364	0.000341189	0.0565335	0.0487259	0.0123933	0.0608085	0.188378	25331.0	24431.7	1.5885	1.00014
natural[281,2]	3.89633	0.0158193	2.86131	1.87281	1.15196	3.18789	8.86203	33420.3	28620.9	2.09577	0.999992
natural[281,3]	2.26935	0.00574795	0.956671	0.913586	0.988979	2.11708	4.07895	31314.1	25679.6	1.9637	1.00008
natural[281,4]	0.330191	0.000741653	0.137039	0.129045	0.112261	0.329906	0.549499	34182.3	26063.5	2.14356	1.0001
natural[281,5]	0.703698	0.00329807	0.768024	0.765069	-0.542618	0.69493	1.96906	54698.0	26260.7	3.4301	1.00027
natural[281,6]	-0.649739	0.00403653	0.835332	0.816754	-1.98005	-0.669902	0.758227	43165.5	25587.2	2.7069	1.00023
natural[282,1]	0.0786031	0.000410678	0.0652499	0.0477474	0.0121607	0.0604192	0.205672	24354.4	21998.7	1.52726	1.00029
natural[282,2]	1.0697	0.00398681	0.635017	0.624617	0.25505	0.954973	2.27507	23299.0	23843.6	1.46108	1.00025
natural[282,3]	0.710402	0.0038085	0.570788	0.378472	0.138704	0.54326	1.87273	23514.6	23265.6	1.47459	1.00005
natural[282,4]	0.175188	0.000929947	0.168526	0.115553	0.0179858	0.125598	0.495517	34239.6	25367.4	2.14715	1.00041
natural[282,5]	2.56552	0.00286401	0.688843	0.682096	1.46699	2.54832	3.73145	59011.8	25714.1	3.70061	1.0001
natural[282,6]	-0.299805	0.00375938	0.618784	0.597482	-1.23892	-0.342015	0.785581	27064.8	25331.2	1.69723	1.0003
natural[283,1]	0.0543922	0.000255206	0.0402537	0.0333433	0.00965045	0.0441881	0.13412	23067.6	22784.1	1.44656	1.00018
natural[283,2]	2.17967	0.00460661	0.861599	0.834312	0.95585	2.07649	3.74672	33997.8	25293.8	2.13199	1.00007
natural[283,3]	2.00167	0.00483713	0.822623	0.768222	0.922884	1.86023	3.54686	33411.7	24442.3	2.09524	1.00002
natural[283,4]	0.153919	0.000468158	0.0966407	0.089385	0.0322931	0.136523	0.334375	40095.7	24629.6	2.51439	1.00014
natural[283,5]	1.95287	0.00301412	0.699963	0.698203	0.828268	1.94215	3.12706	54705.2	25377.5	3.43055	1.00011
natural[283,6]	-0.191753	0.00350839	0.700037	0.688851	-1.29441	-0.213338	1.00549	40209.4	25349.6	2.52152	1.00034
natural[284,1]	0.114242	0.000614958	0.103074	0.065177	0.01836	0.083374	0.320442	33965.9	23545.7	2.12999	1.00033
natural[284,2]	0.56409	0.00198501	0.413036	0.359638	0.092853	0.464925	1.36983	38564.9	23488.8	2.4184	1.00029
natural[284,3]	1.79544	0.00475622	1.05153	1.045	0.369721	1.64483	3.7469	53364.0	23183.8	3.34644	1.00023
natural[284,4]	0.382952	0.00227448	0.396156	0.251745	0.0312053	0.25248	1.17631	42586.4	23893.7	2.67058	1.00016
natural[284,5]	1.30718	0.00358418	0.871572	0.864265	-0.0991916	1.2882	2.7634	60055.7	24708.0	3.76607	1.00027
natural[284,6]	2.631	0.00297858	0.664512	0.654768	1.60078	2.5921	3.76515	52782.5	23843.6	3.30997	1.00019
natural[285,1]	0.267452	0.00100256	0.168789	0.176679	0.0483212	0.236998	0.589458	26269.3	22204.9	1.64734	1.00027
natural[285,2]	0.542356	0.00157972	0.274952	0.257168	0.168089	0.502258	1.05621	26975.7	18646.3	1.69164	1.00015
natural[285,3]	2.80081	0.00635829	1.18652	1.17134	1.06945	2.68286	4.92627	36608.4	22080.5	2.2957	1.00035
natural[285,4]	0.533117	0.00228426	0.416831	0.338744	0.0804623	0.431358	1.34109	38818.5	23830.9	2.4343	1.00004
natural[285,5]	-0.355517	0.00300536	0.641481	0.64146	-1.41242	-0.349462	0.701757	45882.8	28780.5	2.87729	1.00006
natural[285,6]	1.55804	0.00273258	0.533644	0.52533	0.730427	1.53037	2.47057	39502.1	26133.4	2.47716	1.00031
natural[286,1]	0.1569	0.000490788	0.0869	0.0879367	0.0361177	0.146069	0.313562	28034.0	19315.8	1.75801	0.999998
natural[286,2]	1.16345	0.00337986	0.559299	0.528382	0.419081	1.07893	2.2001	25028.5	22954.2	1.56953	1.00001
natural[286,3]	1.58252	0.00471251	0.796674	0.71032	0.594918	1.42025	3.10158	33175.9	24334.3	2.08045	0.999997
natural[286,4]	0.793221	0.00259575	0.442239	0.388634	0.203023	0.72402	1.61947	27604.7	21843.3	1.73108	1.00019
natural[286,5]	0.808731	0.00299179	0.664826	0.659403	-0.261052	0.797504	1.9157	49905.5	26642.3	3.12956	1.00021
natural[286,6]	0.72725	0.00315343	0.590796	0.577556	-0.206141	0.706895	1.72426	35394.1	25487.9	2.21955	1.00023
natural[287,1]	0.143903	0.000719439	0.120605	0.0913849	0.0205514	0.109266	0.387161	28740.1	22208.6	1.80228	1.00003
natural[287,2]	0.332759	0.00132028	0.263394	0.199943	0.0574243	0.261256	0.855488	39666.0	23302.7	2.48744	1.00007
natural[287,3]	1.17624	0.00449432	0.870599	0.776854	0.170055	0.969231	2.86716	49546.6	24334.8	3.10705	1.00012
natural[287,4]	0.257872	0.00178408	0.300519	0.155251	0.0195907	0.155355	0.855699	48163.5	23713.7	3.02031	0.999981
natural[287,5]	1.28745	0.00361532	0.877112	0.86869	-0.116207	1.26831	2.76403	59597.6	25742.1	3.73735	1.00045
natural[287,6]	2.72457	0.00288433	0.645129	0.634074	1.72629	2.68973	3.84488	53156.5	23756.1	3.33343	1.00021
natural[288,1]	0.0517098	0.00016771	0.0325384	0.0289473	0.0121706	0.0452709	0.113138	32839.1	23038.4	2.05933	1.00019
natural[288,2]	1.79878	0.00431685	0.795184	0.724089	0.774336	1.66073	3.28916	34233.7	28259.3	2.14679	1.00019
natural[288,3]	2.52827	0.00498267	0.925758	0.899171	1.25984	2.40229	4.22939	38773.1	24404.4	2.43145	1.00021
natural[288,4]	0.412526	0.0012949	0.234366	0.23161	0.0883506	0.385878	0.839614	30738.1	22688.5	1.92758	1.00015
natural[288,5]	1.13604	0.00291317	0.681362	0.680056	0.0359298	1.12615	2.28603	55290.1	26828.8	3.46723	1.00022
natural[288,6]	-0.726121	0.00341351	0.670914	0.656134	-1.82253	-0.733081	0.378116	38874.6	25590.0	2.43781	1.00017
natural[289,1]	0.212492	0.000736365	0.135677	0.127279	0.0437165	0.186351	0.475094	31723.9	22761.3	1.98939	1.00023
natural[289,2]	0.396501	0.00123022	0.237435	0.215689	0.0965906	0.352195	0.846352	32786.4	21915.1	2.05602	1.00021
natural[289,3]	2.58243	0.00580419	1.1441	1.14251	0.907288	2.47129	4.63093	40555.2	24306.5	2.5432	1.00033
natural[289,4]	0.445827	0.00225146	0.405884	0.283292	0.0519843	0.325011	1.26541	42122.9	24589.3	2.64151	1.00017
natural[289,5]	-0.173802	0.00297161	0.634973	0.631573	-1.20929	-0.173458	0.873791	45951.8	27314.9	2.88163	1.00046
natural[289,6]	1.5437	0.00231949	0.492758	0.489478	0.766671	1.52468	2.3761	46129.1	24932.7	2.89274	1.00003
natural[290,1]	0.148256	0.000947131	0.117682	0.0840976	0.028416	0.115901	0.381544	16252.0	20925.9	1.01916	1.00043
natural[290,2]	0.292704	0.00114682	0.192747	0.162408	0.0616115	0.25332	0.659063	24921.4	20697.7	1.56281	1.0001
natural[290,3]	2.54935	0.0060051	1.08735	1.07052	0.982235	2.4351	4.51985	33643.9	23657.5	2.1098	1.00044
natural[290,4]	0.602587	0.00320356	0.509674	0.431812	0.0594538	0.466365	1.59293	25768.4	23727.3	1.61593	1.00041
natural[290,5]	-0.811101	0.00268803	0.563917	0.562339	-1.74854	-0.805716	0.108309	44501.1	26169.6	2.79065	1.00002
natural[290,6]	0.255802	0.00213728	0.436069	0.430779	-0.467604	0.260104	0.962102	41909.7	26131.2	2.62814	1.00016
natural[291,1]	0.0544496	0.000262877	0.0414677	0.0336776	0.00916566	0.0436258	0.135772	22796.5	22440.8	1.42956	1.00013
natural[291,2]	2.85162	0.00562957	1.13726	1.0871	1.26066	2.70955	4.95243	39742.5	25783.5	2.49224	1.00002
natural[291,3]	1.66883	0.00474148	0.789441	0.730774	0.671416	1.51897	3.1757	32315.8	24704.9	2.02651	1.00022
natural[291,4]	0.169649	0.000497788	0.0995857	0.0977219	0.0358351	0.155594	0.348548	37201.3	21721.0	2.33288	1.00005
natural[291,5]	2.58024	0.00344474	0.766137	0.761393	1.36516	2.55787	3.87515	51468.8	25399.2	3.22759	1.00028
natural[291,6]	0.173969	0.00399301	0.817308	0.802086	-1.11866	0.146452	1.56415	42377.0	23839.0	2.65745	1.0004
natural[292,1]	0.0396052	0.000184767	0.0301546	0.0223051	0.00831909	0.0327941	0.093051	26897.6	21750.7	1.68674	1.00028
natural[292,2]	3.64783	0.0114641	1.75195	1.61065	1.23756	3.38725	6.95024	20659.3	17820.5	1.29554	1.00058
natural[292,3]	0.533023	0.0015387	0.206769	0.118296	0.326067	0.492464	0.858099	28920.8	17571.2	1.81361	1.00025
natural[292,4]	0.183294	0.000513938	0.0959	0.103388	0.0392892	0.178738	0.341958	32778.4	21187.5	2.05553	1.00011
natural[292,5]	2.31262	0.00333937	0.716738	0.709862	1.16212	2.29474	3.52305	47013.6	24854.2	2.94821	1.00011
natural[292,6]	0.7446	0.00482352	0.840886	0.84674	-0.595652	0.723037	2.16609	29689.9	21411.8	1.86185	1.00028
natural[293,1]	0.167556	0.0010592	0.15055	0.106071	0.0212029	0.118816	0.49271	19992.4	23262.6	1.25372	1.00047
natural[293,2]	0.294802	0.0017854	0.278926	0.173713	0.0418065	0.203966	0.86984	24107.3	25968.8	1.51176	1.00024
natural[293,3]	0.985501	0.00522367	0.817366	0.6376	0.13688	0.747079	2.634	27752.5	24990.3	1.74035	1.00015
natural[293,4]	0.22674	0.00141384	0.253221	0.139675	0.0188134	0.14238	0.716882	41314.0	26184.8	2.59079	1.00007
natural[293,5]	0.82241	0.00287963	0.617095	0.612415	-0.172506	0.807605	1.85868	46641.9	26531.8	2.9249	1.00012
natural[293,6]	0.605927	0.00210471	0.417852	0.406276	-0.0522708	0.593079	1.31257	40954.8	24089.7	2.56826	1.00001
natural[294,1]	0.110287	0.000753948	0.110943	0.0622972	0.0150378	0.07313	0.340435	24335.5	24746.5	1.52607	1.00014
natural[294,2]	0.784129	0.00272052	0.455434	0.421258	0.202621	0.699236	1.65394	25166.6	19285.4	1.57819	1.00007
natural[294,3]	2.36309	0.00553769	1.04187	1.02054	0.907022	2.23333	4.27376	38522.5	24278.6	2.41574	0.999982
natural[294,4]	0.288433	0.00127291	0.241047	0.174216	0.0460896	0.226386	0.734886	39715.4	25304.2	2.49054	1.00039
natural[294,5]	0.465978	0.00293204	0.646141	0.639651	-0.582794	0.454974	1.5445	49016.2	27040.8	3.07379	1.00035
natural[294,6]	1.12435	0.00269566	0.52499	0.507361	0.305954	1.09933	2.0108	39083.5	25379.6	2.45091	1.00007
natural[295,1]	0.115222	0.000578652	0.0998508	0.0736122	0.0151676	0.0839202	0.32192	31265.1	26286.4	1.96062	0.999966
natural[295,2]	0.765769	0.00282283	0.456246	0.403793	0.208456	0.666487	1.65268	23369.3	20977.5	1.46548	1.00013
natural[295,3]	1.53471	0.00491835	0.851964	0.758834	0.491093	1.35534	3.18549	33534.2	24423.8	2.10292	1.00006
natural[295,4]	0.296231	0.00132016	0.255757	0.188601	0.0390606	0.22613	0.795484	44610.4	25021.3	2.79751	1.00011
natural[295,5]	1.05983	0.00263472	0.624126	0.633618	0.0528467	1.05001	2.10462	56718.7	27280.1	3.55681	1.00037
natural[295,6]	0.590053	0.00289561	0.520405	0.497949	-0.216766	0.561046	1.48817	33367.8	24770.0	2.09249	1.00036
natural[296,1]	0.0404641	0.000225802	0.0340285	0.0225034	0.00785282	0.0317228	0.101505	23893.2	22430.8	1.49834	1.00002
natural[296,2]	2.68679	0.0171279	2.45097	1.52718	0.466891	2.01396	7.16702	14961.6	18876.1	0.938238	1.00023
natural[296,3]	1.0109	0.00438709	0.552502	0.342702	0.502073	0.839445	2.12297	19383.3	18791.4	1.21552	1.00002
natural[296,4]	0.285826	0.00085081	0.158506	0.156853	0.0557823	0.282027	0.531492	32212.1	22865.0	2.02001	1.00027
natural[296,5]	1.80926	0.00337088	0.693228	0.68471	0.69494	1.7943	2.98427	42711.7	24118.7	2.67844	1.0001
natural[296,6]	-1.0658	0.00422742	0.710305	0.687613	-2.18662	-1.09236	0.149289	28239.0	25875.2	1.77086	1.00003
natural[297,1]	0.0991227	0.000323676	0.053761	0.0506223	0.0291282	0.0903533	0.199491	25651.7	22462.8	1.60861	1.0003
natural[297,2]	4.51135	0.0114632	2.23429	2.03407	1.65394	4.10148	8.77743	37422.7	28474.4	2.34676	1.00001
natural[297,3]	1.93876	0.0054605	0.893394	0.862223	0.782468	1.78024	3.61688	30144.5	24035.4	1.89035	1.00007
natural[297,4]	0.372796	0.000767863	0.134527	0.125252	0.152056	0.373677	0.590241	30556.3	22836.0	1.91618	0.999946
natural[297,5]	1.77608	0.00402122	0.792284	0.790282	0.497823	1.76085	3.10926	39871.9	23753.5	2.50036	1.00037
natural[297,6]	0.257376	0.00518959	0.951035	0.939223	-1.22932	0.218665	1.89748	33874.6	25816.1	2.12426	1.00014
natural[298,1]	0.157738	0.000752595	0.124895	0.0954593	0.0267075	0.123867	0.412012	25871.6	21940.1	1.6224	1.00031
natural[298,2]	0.306029	0.00115181	0.225779	0.184303	0.0559499	0.250511	0.75129	34781.5	22210.7	2.18114	1.00011
natural[298,3]	1.91131	0.00522945	1.05592	1.03792	0.468995	1.75917	3.87012	44768.8	24304.8	2.80743	1.00042
natural[298,4]	0.304662	0.00158543	0.296681	0.194008	0.0319179	0.213148	0.894787	45468.3	24363.8	2.85131	0.999942
natural[298,5]	0.078681	0.00296181	0.651483	0.651141	-0.98505	0.0715038	1.16062	48607.6	27286.3	3.04816	1.0002
natural[298,6]	1.61833	0.00227999	0.477089	0.474585	0.85892	1.60426	2.42752	45069.4	25217.7	2.82629	1.00022
natural[299,1]	0.012823	8.95013e-05	0.0130292	0.00719306	0.00228976	0.0097957	0.0325449	25928.9	22447.9	1.62599	1.00019
natural[299,2]	3.48994	0.00654578	1.25895	1.23148	1.56834	3.40039	5.69977	35645.9	22300.6	2.23534	0.999987
natural[299,3]	0.304662	0.000846121	0.128495	0.0984076	0.130111	0.295646	0.496544	28969.1	20905.6	1.81664	1.00016
natural[299,4]	0.0580157	0.000240686	0.0455706	0.037216	0.00831674	0.0463575	0.148141	36464.5	24263.7	2.28668	0.999989
natural[299,5]	3.56569	0.0035275	0.775175	0.763971	2.32304	3.5411	4.88812	49958.4	23972.2	3.13288	0.999998
natural[299,6]	0.299307	0.00408771	0.8567	0.857597	-1.09982	0.28942	1.72251	43756.0	22534.7	2.74393	1.00001
natural[300,1]	0.147465	0.000609421	0.0904689	0.0693835	0.0398289	0.129476	0.318448	22610.3	17739.2	1.41788	1.00008
natural[300,2]	1.84356	0.0115569	1.32876	1.43342	0.170925	1.64522	4.29691	11064.9	16211.0	0.693875	1.00054
natural[300,3]	0.728423	0.00620365	0.637102	0.264997	0.222678	0.510453	2.10083	13480.7	15766.3	0.84537	1.00041
natural[300,4]	0.198852	0.0011705	0.167919	0.11335	0.034652	0.162431	0.480123	21019.8	21199.2	1.31815	1.00024
natural[300,5]	0.535645	0.0045321	0.712683	0.718221	-0.624285	0.53161	1.71277	24802.4	25283.4	1.55535	1.00007
natural[300,6]	-0.141014	0.00656594	0.794583	0.799811	-1.29712	-0.224497	1.28741	14224.9	23007.0	0.89204	1.00025
natural[301,1]	0.239209	0.00108879	0.169907	0.156174	0.0379327	0.198817	0.584448	21986.3	21409.6	1.37876	1.00019
natural[301,2]	0.199855	0.000877268	0.158109	0.116929	0.0366277	0.157146	0.505741	30761.0	24199.6	1.92901	1.00005
natural[301,3]	1.46136	0.00554595	0.960753	0.906561	0.264863	1.26613	3.31799	33930.7	23946.6	2.12778	1.00023
natural[301,4]	0.341012	0.00212573	0.371592	0.215672	0.0270495	0.214765	1.09801	44281.6	25090.1	2.77689	1.00026
natural[301,5]	0.155246	0.00283217	0.59696	0.592683	-0.829811	0.152933	1.13726	44655.3	27976.5	2.80032	0.999943
natural[301,6]	1.09687	0.00196985	0.42679	0.418789	0.412578	1.08495	1.8215	47769.1	24159.4	2.99559	1.00012
natural[302,1]	0.101264	0.000500892	0.0881321	0.0632386	0.0147019	0.075376	0.275858	31700.5	24558.3	1.98793	1.00014
natural[302,2]	0.806728	0.00327805	0.543454	0.455155	0.191164	0.67422	1.88469	24733.2	23989.3	1.55101	1.0001
natural[302,3]	1.25914	0.00477915	0.769201	0.615292	0.400752	1.05817	2.79433	28160.9	24609.1	1.76596	1.00011
natural[302,4]	0.263869	0.00114343	0.224011	0.170664	0.0348922	0.205473	0.683868	44544.9	24054.8	2.79339	1.00026
natural[302,5]	1.2275	0.00261341	0.605302	0.600419	0.243949	1.22085	2.24117	53900.1	26522.9	3.38006	1.00006
natural[302,6]	-0.366136	0.00297379	0.528147	0.505952	-1.19274	-0.38721	0.538326	32173.6	25807.5	2.0176	1.00007
natural[303,1]	0.132534	0.000244796	0.0361665	0.0292091	0.0800459	0.129117	0.195626	22294.1	13634.3	1.39806	1.00037
natural[303,2]	7.51292	0.0356461	5.35492	3.79033	2.12362	6.19205	17.1592	20315.6	22369.3	1.27398	1.00017
natural[303,3]	2.6278	0.00748061	1.13961	1.13968	1.07384	2.47233	4.73208	24993.4	24418.3	1.56733	1.00019
natural[303,4]	1.6294	0.00364603	0.568966	0.494586	0.941429	1.51169	2.72773	27638.6	24817.8	1.73321	1.00023
natural[303,5]	1.15067	0.00583313	0.911161	0.907433	-0.309266	1.13505	2.68136	24840.1	23188.8	1.55772	1.00039
natural[303,6]	0.0171456	0.00497022	0.963482	0.934158	-1.53576	0.00175487	1.6194	37789.5	24806.3	2.36977	1.00026
natural[304,1]	0.0779375	0.000412913	0.0569912	0.0450631	0.0158775	0.0642765	0.186064	17749.0	21142.9	1.11303	1.00035
natural[304,2]	1.33964	0.00357351	0.60368	0.537033	0.566049	1.23262	2.47966	26378.7	24200.4	1.6542	0.999948
natural[304,3]	2.38783	0.00626179	0.993609	0.956367	1.03988	2.24142	4.23808	28367.8	24167.0	1.77893	1.00005
natural[304,4]	1.29373	0.00301621	0.526537	0.472222	0.613017	1.20413	2.2853	31103.7	23307.2	1.9505	1.0
natural[304,5]	-0.253128	0.00367149	0.695199	0.696739	-1.39972	-0.249971	0.888644	36186.0	25425.7	2.26921	1.00004
natural[304,6]	0.31436	0.00334149	0.617497	0.610493	-0.691522	0.311838	1.32663	34812.8	24722.4	2.1831	1.00026
Omega[1,2]	-0.612081	0.00188369	0.0980567	0.0948721	-0.759432	-0.619499	-0.43809	2703.75	5869.27	0.169551	1.00429
Omega[1,3]	0.290568	0.00201002	0.134272	0.135212	0.0586343	0.29691	0.501189	4504.97	10165.1	0.282505	1.00086
Omega[1,4]	0.19801	0.00196365	0.154748	0.157967	-0.0656888	0.203308	0.442791	6241.56	12271.5	0.391406	1.00171
Omega[1,5]	-0.453422	0.00203955	0.120261	0.120263	-0.644193	-0.458111	-0.248193	3479.44	6209.44	0.218195	1.00343
Omega[2,1]	-0.612081	0.00188369	0.0980567	0.0948721	-0.759432	-0.619499	-0.43809	2703.75	5869.27	0.169551	1.00429
Omega[2,3]	-0.161126	0.00129311	0.124443	0.126026	-0.361321	-0.163529	0.0463395	9316.6	17574.3	0.584241	1.00074
Omega[2,4]	0.0984505	0.0014268	0.147113	0.149818	-0.142932	0.0987202	0.340967	10655.2	17974.9	0.668183	1.00027
Omega[2,5]	0.497807	0.000775192	0.0804014	0.0800171	0.360861	0.500632	0.624553	10725.7	16964.1	0.672607	1.00029
Omega[3,1]	0.290568	0.00201002	0.134272	0.135212	0.0586343	0.29691	0.501189	4504.97	10165.1	0.282505	1.00086
Omega[3,2]	-0.161126	0.00129311	0.124443	0.126026	-0.361321	-0.163529	0.0463395	9316.6	17574.3	0.584241	1.00074
Omega[3,4]	0.395779	0.00139783	0.122161	0.122712	0.184056	0.401567	0.585023	7675.75	14905.8	0.481344	1.00058
Omega[3,5]	-0.334511	0.00137965	0.114914	0.1161	-0.520777	-0.336457	-0.141117	6933.44	12613.8	0.434794	1.0013
Omega[4,1]	0.19801	0.00196365	0.154748	0.157967	-0.0656888	0.203308	0.442791	6241.56	12271.5	0.391406	1.00171
Omega[4,2]	0.0984505	0.0014268	0.147113	0.149818	-0.142932	0.0987202	0.340967	10655.2	17974.9	0.668183	1.00027
Omega[4,3]	0.395779	0.00139783	0.122161	0.122712	0.184056	0.401567	0.585023	7675.75	14905.8	0.481344	1.00058
Omega[4,5]	-0.189545	0.00173411	0.134961	0.134722	-0.407663	-0.191566	0.0371117	6235.08	12166.4	0.391	1.00166
Omega[5,1]	-0.453422	0.00203955	0.120261	0.120263	-0.644193	-0.458111	-0.248193	3479.44	6209.44	0.218195	1.00343
Omega[5,2]	0.497807	0.000775192	0.0804014	0.0800171	0.360861	0.500632	0.624553	10725.7	16964.1	0.672607	1.00029
Omega[5,3]	-0.334511	0.00137965	0.114914	0.1161	-0.520777	-0.336457	-0.141117	6933.44	12613.8	0.434794	1.0013
Omega[5,4]	-0.189545	0.00173411	0.134961	0.134722	-0.407663	-0.191566	0.0371117	6235.08	12166.4	0.391	1.00166
