model,source_run,posterior_fit_window,prediction_type,stratification,partner,offer_pair,zero_option,run_or_bin,previous_feedback,evaluation_period,n_trials,n_participants,observed_high,predicted_high,residual_high,observed_investment,predicted_investment,residual_investment,predictive_interval_low,predictive_interval_high,investment_predictive_interval_low,investment_predictive_interval_high,posterior_draws,cell_weighting,sparse_cell,history_strata
H2,H2_train_noage,training,conditional_history,partner,friend,all,all,all,all,all,2745,111,0.7787168939641232,0.4741456841835938,0.30457120978052943,4.963929540869012,3.5835680001440005,1.3803615407250116,0.4540377255552021,0.49381824450665046,3.4753656150693657,3.6787380861370647,400,equal_participant,False,observed_pretrial_labels_for_both_predictions
H2,H2_train_noage,training,conditional_history,offer,friend,0-2,zero,all,all,all,390,111,0.8821321321321322,0.48765479577283655,0.3944773363592956,1.7642642642642643,0.9753095915456731,0.7889546727185912,0.4391704204204204,0.5406156156156156,0.8783408408408409,1.081231231231231,400,equal_participant,False,observed_pretrial_labels_for_both_predictions
H2,H2_train_noage,training,conditional_history,offer,friend,0-4,zero,all,all,all,395,111,0.8746246246246245,0.47684986595873086,0.3977747586658937,3.498498498498498,1.9073994638349234,1.5910990346635747,0.42415540540540536,0.5293168168168167,1.6966216216216214,2.117267267267267,400,equal_participant,False,observed_pretrial_labels_for_both_predictions
H2,H2_train_noage,training,conditional_history,offer,friend,0-8,zero,all,all,all,386,111,0.8603603603603603,0.4613375079384872,0.39902285242187313,6.882882882882883,3.6907000635078977,3.192182819374985,0.4151463963963964,0.5105292792792792,3.321171171171171,4.084234234234233,400,equal_participant,False,observed_pretrial_labels_for_both_predictions
H2,H2_train_noage,training,conditional_history,offer,friend,2-4,positive_positive,all,all,all,389,111,0.7897897897897898,0.4863902180235333,0.3033995717662564,3.5795795795795797,2.972780436047066,0.6067991435325135,0.4338963963963964,0.5323573573573572,2.8677927927927933,3.064714714714715,400,equal_participant,False,observed_pretrial_labels_for_both_predictions
H2,H2_train_noage,training,conditional_history,offer,friend,2-8,positive_positive,all,all,all,788,111,0.7037859287859287,0.4668609759849305,0.23692495280099823,6.222715572715573,4.801165855909584,1.4215497168059885,0.43031611969111977,0.500935489060489,4.581896718146718,5.005612934362934,400,equal_participant,False,observed_pretrial_labels_for_both_predictions
H2,H2_train_noage,training,conditional_history,offer,friend,4-8,positive_positive,all,all,all,397,111,0.6373873873873874,0.4732966106819332,0.16409077670545424,6.54954954954955,5.893186442727734,0.6563631068218161,0.4173798798798799,0.5240427927927926,5.66951951951952,6.0961711711711715,400,equal_participant,False,observed_pretrial_labels_for_both_predictions
H2,H2_train_noage,training,conditional_history,zero_option,friend,all,positive_positive,all,all,all,1574,111,0.7076362076362074,0.47327042621084386,0.23436578142536352,5.6486271986271985,4.62502978883376,1.0235974097934388,0.44450262762762754,0.4984466162591163,4.486658622908621,4.745843522093522,400,equal_participant,False,observed_pretrial_labels_for_both_predictions
H2,H2_train_noage,training,conditional_history,zero_option,friend,all,zero,all,all,all,1171,111,0.8755115505115504,0.47533745232799524,0.40017409818355515,4.044227344227349,2.180974520002963,1.8632528242243862,0.4461289211289213,0.505659263159263,2.0348923436423436,2.3428662266162283,400,equal_participant,False,observed_pretrial_labels_for_both_predictions
H2,H2_train_noage,training,conditional_history,run,friend,all,all,single_run,all,all,289,21,0.795133437990581,0.4749998163509092,0.3201336216396718,4.971742543171114,3.5709718855050743,1.40077065766604,0.4175170068027211,0.5328231292517006,3.3011512297226586,3.8682365253793822,400,equal_participant,False,observed_pretrial_labels_for_both_predictions
H2,H2_train_noage,training,conditional_history,time_bin,friend,all,all,early,all,all,950,111,0.8238462488462486,0.4704683478661175,0.35337790098013105,5.312652912652913,3.6343728068405365,1.6782801058123766,0.43714483964483936,0.5049910218660218,3.455742966992967,3.7999048886548903,400,equal_participant,False,observed_pretrial_labels_for_both_predictions
H2,H2_train_noage,training,conditional_history,time_bin,friend,all,all,late,all,all,956,111,0.751151626151626,0.47583490655149574,0.27531671960013027,4.863816613816613,3.6214723578028947,1.242344256013718,0.44292111229611236,0.5098519717269716,3.4617311017311008,3.793530416030416,400,equal_participant,False,observed_pretrial_labels_for_both_predictions
H2,H2_train_noage,training,conditional_history,time_bin,friend,all,all,middle,all,all,839,111,0.7689247939247938,0.47544592610794906,0.2934788678168448,4.665890965890965,3.4394380069717863,1.2264529589191784,0.44222179534679523,0.5081499718999717,3.2827693165193153,3.60556095056095,400,equal_participant,False,observed_pretrial_labels_for_both_predictions
H2,H2_train_noage,training,conditional_history,previous_feedback,friend,all,all,all,defection,all,1321,111,0.7549592049592048,0.46423265323082064,0.29072655172838413,5.002802102802102,3.6515533451184568,1.3512487576836452,0.431327788202788,0.4915752906377906,3.4953373559623557,3.788013086138086,400,equal_participant,False,observed_pretrial_labels_for_both_predictions
H2,H2_train_noage,training,conditional_history,previous_feedback,friend,all,all,all,no_previous,all,112,111,0.9234234234234234,0.47262696210779026,0.45079646131563317,6.09009009009009,3.9905758763428754,2.0995142137472147,0.3738738738738739,0.5496621621621621,3.5306306306306308,4.45045045045045,400,equal_participant,False,observed_pretrial_labels_for_both_predictions
H2,H2_train_noage,training,conditional_history,previous_feedback,friend,all,all,all,reciprocation,all,1312,111,0.7922443047443046,0.48479825879712574,0.3074460459471789,4.829201454201453,3.480941901794876,1.3482595524065766,0.4564963933713935,0.5132353507353506,3.325931047806048,3.6293546706046707,400,equal_participant,False,observed_pretrial_labels_for_both_predictions
H2,H2_train_noage,training,conditional_history,partner,stranger,all,all,all,all,all,2752,111,0.5190448454674238,0.47546805148993326,0.043576793977490536,3.712182180252357,3.5887406602400063,0.12344152001235065,0.4542483544642203,0.49777352374797085,3.4906931293075454,3.6967261208870674,400,equal_participant,False,observed_pretrial_labels_for_both_predictions
H2,H2_train_noage,training,conditional_history,offer,stranger,0-2,zero,all,all,all,394,111,0.7575075075075075,0.4873412089767393,0.2701662985307682,1.515015015015015,0.9746824179534787,0.5403325970615364,0.43766891891891896,0.5338213213213213,0.8753378378378379,1.0676426426426426,400,equal_participant,False,observed_pretrial_labels_for_both_predictions
H2,H2_train_noage,training,conditional_history,offer,stranger,0-4,zero,all,all,all,388,111,0.7064564564564565,0.4772969347463989,0.2291595217100576,2.825825825825826,1.9091877389855956,0.9166380868402304,0.4264076576576577,0.5263138138138138,1.7056306306306308,2.1052552552552553,400,equal_participant,False,observed_pretrial_labels_for_both_predictions
H2,H2_train_noage,training,conditional_history,offer,stranger,0-8,zero,all,all,all,388,111,0.5893393393393394,0.4661200807124426,0.12321925862689675,4.714714714714715,3.7289606456995408,0.985754069015174,0.41886261261261254,0.5150525525525526,3.3509009009009003,4.1204204204204204,400,equal_participant,False,observed_pretrial_labels_for_both_predictions
H2,H2_train_noage,training,conditional_history,offer,stranger,2-4,positive_positive,all,all,all,398,111,0.47822822822822825,0.4855063475248812,-0.007278119296652952,2.956456456456457,2.9710126950497626,-0.014556238593305793,0.43616741741741744,0.5353228228228228,2.872334834834835,3.0706456456456457,400,equal_participant,False,observed_pretrial_labels_for_both_predictions
H2,H2_train_noage,training,conditional_history,offer,stranger,2-8,positive_positive,all,all,all,791,111,0.392996567996568,0.4686360372805851,-0.0756394692840171,4.357979407979408,4.811816223683511,-0.4538368157041033,0.434131006006006,0.5056987344487346,4.604786036036036,5.034192406692406,400,equal_participant,False,observed_pretrial_labels_for_both_predictions
H2,H2_train_noage,training,conditional_history,offer,stranger,4-8,positive_positive,all,all,all,393,111,0.3288288288288289,0.47510369576966743,-0.14627486694083852,5.315315315315316,5.900414783078669,-0.585099467763353,0.42038288288288284,0.5202702702702703,5.681531531531531,6.081081081081081,400,equal_participant,False,observed_pretrial_labels_for_both_predictions
H2,H2_train_noage,training,conditional_history,zero_option,stranger,all,positive_positive,all,all,all,1582,111,0.3976950976950978,0.47446608888732894,-0.07677099119223113,4.241932841932842,4.620096408273478,-0.3781635663406364,0.447857666920167,0.49960018866268857,4.4993770718770705,4.743696253071254,400,equal_participant,False,observed_pretrial_labels_for_both_predictions
H2,H2_train_noage,training,conditional_history,zero_option,stranger,all,zero,all,all,all,1170,111,0.685289835289835,0.4768693656229196,0.2084204696669154,3.0025753025753033,2.1899390497810938,0.8126362527942095,0.4483221289471289,0.5074120142870141,2.052605218855219,2.35870393120393,400,equal_participant,False,observed_pretrial_labels_for_both_predictions
H2,H2_train_noage,training,conditional_history,run,stranger,all,all,single_run,all,all,287,21,0.4468428396999826,0.4719795901152877,-0.025136750415305054,3.3790336647479498,3.568978923433359,-0.18994525868540935,0.4118240886098028,0.5364566980638411,3.2760531135531137,3.8697039072039066,400,equal_participant,False,observed_pretrial_labels_for_both_predictions
H2,H2_train_noage,training,conditional_history,time_bin,stranger,all,all,early,all,all,938,111,0.4997546247546247,0.47041270409266267,0.029341920661962007,3.717043667043666,3.613100396607423,0.10394327043624285,0.4332500926250928,0.5066197447447446,3.4331792994292987,3.7853379190879197,400,equal_participant,False,observed_pretrial_labels_for_both_predictions
H2,H2_train_noage,training,conditional_history,time_bin,stranger,all,all,late,all,all,921,111,0.5123025623025621,0.4777632332081064,0.03453932909445573,3.6706531206531223,3.5992296590114505,0.07142346164167179,0.437790339040339,0.5124680443430445,3.399916279916279,3.7843824831324833,400,equal_participant,False,observed_pretrial_labels_for_both_predictions
H2,H2_train_noage,training,conditional_history,time_bin,stranger,all,all,middle,all,all,893,111,0.5363206863206863,0.4781119503628182,0.058208735957868074,3.769345719345718,3.603031741713526,0.16631397763219224,0.4435544798044798,0.5157464582464584,3.4280492317992315,3.7889103826603825,400,equal_participant,False,observed_pretrial_labels_for_both_predictions
H2,H2_train_noage,training,conditional_history,previous_feedback,stranger,all,all,all,defection,all,1309,111,0.4927447912742031,0.466418334079103,0.026326457195100128,3.6036395212865813,3.5342091937287763,0.06943032755780498,0.436248948767331,0.4998863106399869,3.3950382099646803,3.7086631053542813,400,equal_participant,False,observed_pretrial_labels_for_both_predictions
H2,H2_train_noage,training,conditional_history,previous_feedback,stranger,all,all,all,no_previous,all,123,111,0.6081081081081081,0.47246507726228176,0.13564303084582635,4.063063063063064,3.628322167978877,0.4347408950841869,0.38434684684684683,0.5661036036036037,3.2279279279279276,4.084159159159158,400,equal_participant,False,observed_pretrial_labels_for_both_predictions
H2,H2_train_noage,training,conditional_history,previous_feedback,stranger,all,all,all,reciprocation,all,1320,111,0.5491973241973241,0.48501602144855793,0.06418130274876621,3.852864527864527,3.649041008799072,0.20382351906545493,0.458515978203478,0.5112510431260429,3.5178173728173734,3.780725381975381,400,equal_participant,False,observed_pretrial_labels_for_both_predictions
H2,H2_train_noage,training,conditional_history,partner,computer,all,all,all,all,all,2754,111,0.48026954526954524,0.4728113954897186,0.007458149779826617,3.5342567607479887,3.5692404220315415,-0.03498366128355279,0.452702005649374,0.49183336572152353,3.4769439378255154,3.6649922693913917,400,equal_participant,False,observed_pretrial_labels_for_both_predictions
H2,H2_train_noage,training,conditional_history,offer,computer,0-2,zero,all,all,all,395,111,0.6584084084084084,0.4872135962449173,0.17119481216349114,1.3168168168168168,0.9744271924898346,0.3423896243269823,0.44142267267267266,0.542042042042042,0.8828453453453453,1.084084084084084,400,equal_participant,False,observed_pretrial_labels_for_both_predictions
H2,H2_train_noage,training,conditional_history,offer,computer,0-4,zero,all,all,all,392,111,0.6006006006006005,0.47117119419201503,0.12942940640858547,2.402402402402402,1.8846847767680601,0.5177176256343419,0.42192192192192196,0.5233108108108109,1.6876876876876878,2.0932432432432435,400,equal_participant,False,observed_pretrial_labels_for_both_predictions
H2,H2_train_noage,training,conditional_history,offer,computer,0-8,zero,all,all,all,393,111,0.5157657657657658,0.459384488974462,0.056381276791303836,4.126126126126127,3.675075911795696,0.4510502143304307,0.4068506006006006,0.5067755255255254,3.2548048048048046,4.054204204204203,400,equal_participant,False,observed_pretrial_labels_for_both_predictions
H2,H2_train_noage,training,conditional_history,offer,computer,2-4,positive_positive,all,all,all,396,111,0.4872372372372373,0.48658876408095225,0.0006484731562850232,2.974474474474474,2.9731775281619046,0.0012969463125696024,0.4369181681681681,0.5375750750750751,2.8738363363363364,3.0751501501501504,400,equal_participant,False,observed_pretrial_labels_for_both_predictions
H2,H2_train_noage,training,conditional_history,offer,computer,2-8,positive_positive,all,all,all,783,111,0.3788610038610038,0.46603366423252607,-0.08717266037152227,4.273166023166023,4.7962019853951565,-0.5230359622291338,0.4305193586443587,0.5041411947661948,4.583116151866151,5.024847168597168,400,equal_participant,False,observed_pretrial_labels_for_both_predictions
H2,H2_train_noage,training,conditional_history,offer,computer,4-8,positive_positive,all,all,all,395,111,0.3498498498498498,0.4734486961769666,-0.12359884632711682,5.399399399399399,5.8937947847078656,-0.49439538530846683,0.4255442942942943,0.526295045045045,5.702177177177177,6.105180180180181,400,equal_participant,False,observed_pretrial_labels_for_both_predictions
H2,H2_train_noage,training,conditional_history,zero_option,computer,all,positive_positive,all,all,all,1574,111,0.3994088869088869,0.47311190325545655,-0.07370301634656967,4.232414832414832,4.613308956049739,-0.38089412363490727,0.44625103125103127,0.4987578271953272,4.484093784718785,4.742229805354805,400,equal_participant,False,observed_pretrial_labels_for_both_predictions
H2,H2_train_noage,training,conditional_history,zero_option,computer,all,zero,all,all,all,1180,111,0.5905015405015404,0.472341604465959,0.11815993603558134,2.6131157131157123,2.1766355371802772,0.4364801759354351,0.44429600054600044,0.5014104364104361,2.024720954720955,2.31556004056004,400,equal_participant,False,observed_pretrial_labels_for_both_predictions
H2,H2_train_noage,training,conditional_history,run,computer,all,all,single_run,all,all,284,21,0.4404127618413332,0.46961528360850946,-0.029202521767176248,3.3466137037565615,3.566549268614967,-0.21993556485840537,0.4107366839509696,0.5240354883212026,3.283924607138893,3.8391624248767102,400,equal_participant,False,observed_pretrial_labels_for_both_predictions
H2,H2_train_noage,training,conditional_history,time_bin,computer,all,all,early,all,all,859,111,0.4725676975676976,0.4704540806171277,0.002113616950569941,3.4487259987260006,3.534818906080762,-0.08609290735476138,0.4390910390910392,0.5069323544323542,3.374079095329096,3.718297177047176,400,equal_participant,False,observed_pretrial_labels_for_both_predictions
H2,H2_train_noage,training,conditional_history,time_bin,computer,all,all,late,all,all,876,111,0.523132623132623,0.47368549426462103,0.049447128868001955,3.704526754526753,3.5603862468058263,0.1441405077209268,0.4454968348718349,0.5136411042661043,3.3997964322964336,3.747220267220268,400,equal_participant,False,observed_pretrial_labels_for_both_predictions
H2,H2_train_noage,training,conditional_history,time_bin,computer,all,all,middle,all,all,1019,111,0.45108902608902623,0.47385087354338823,-0.022761847454361994,3.4197058197058188,3.576724054710978,-0.1570182350051592,0.44185213622713615,0.5047294372294373,3.4060659185659192,3.728104159354161,400,equal_participant,False,observed_pretrial_labels_for_both_predictions
H2,H2_train_noage,training,conditional_history,previous_feedback,computer,all,all,all,defection,all,1370,111,0.4542325887914125,0.4639152440475882,-0.009682655256175732,3.414402715873303,3.496708735097288,-0.08230601922398506,0.43763432403138275,0.49377280976545684,3.3618436548583603,3.641247190144249,400,equal_participant,False,observed_pretrial_labels_for_both_predictions
H2,H2_train_noage,training,conditional_history,previous_feedback,computer,all,all,all,no_previous,all,130,111,0.45495495495495497,0.470360362470916,-0.015405407515961034,3.972972972972973,4.079830150784352,-0.1068571778113796,0.38738738738738737,0.5585585585585585,3.6123873873873875,4.54054054054054,400,equal_participant,False,observed_pretrial_labels_for_both_predictions
H2,H2_train_noage,training,conditional_history,previous_feedback,computer,all,all,all,reciprocation,all,1254,111,0.5255488130488132,0.48261475341334403,0.042934059635469146,3.73904878904879,3.64736916980453,0.09167961924425994,0.4523304563929564,0.5112756547131546,3.4793004149254156,3.793829504454504,400,equal_participant,False,observed_pretrial_labels_for_both_predictions
H2,H2_train_noage,training,conditional_history,partner,friend,all,all,all,all,training,1424,111,0.8064980314980315,0.4714532722210311,0.33504475927700034,5.135605235605238,3.5837110451670666,1.5518941904381718,0.4413759701259702,0.49493165180665183,3.432137937137939,3.7048099735599735,400,equal_participant,False,observed_pretrial_labels_for_both_predictions
H2,H2_train_noage,training,conditional_history,offer,friend,0-2,zero,all,all,training,200,110,0.8954545454545455,0.48787661846072766,0.40757792699381784,1.790909090909091,0.9757532369214553,0.8151558539876357,0.41363636363636364,0.5592045454545453,0.8272727272727273,1.1184090909090907,400,equal_participant,False,observed_pretrial_labels_for_both_predictions
H2,H2_train_noage,training,conditional_history,offer,friend,0-4,zero,all,all,training,203,107,0.897196261682243,0.47532926043524953,0.42186700124699344,3.588785046728972,1.9013170417409981,1.6874680049879738,0.40654205607476634,0.5420560747663551,1.6261682242990654,2.1682242990654204,400,equal_participant,False,observed_pretrial_labels_for_both_predictions
H2,H2_train_noage,training,conditional_history,offer,friend,0-8,zero,all,all,training,201,109,0.908256880733945,0.4567923486864454,0.45146453204749953,7.26605504587156,3.6543387894915633,3.6117162563799963,0.38990825688073394,0.5229357798165137,3.1192660550458715,4.18348623853211,400,equal_participant,False,observed_pretrial_labels_for_both_predictions
H2,H2_train_noage,training,conditional_history,offer,friend,2-4,positive_positive,all,all,training,199,108,0.8101851851851852,0.4833702499858191,0.3268149351993661,3.6203703703703702,2.966740499971638,0.6536298703987322,0.4074074074074074,0.5509259259259259,2.814814814814815,3.1018518518518516,400,equal_participant,False,observed_pretrial_labels_for_both_predictions
H2,H2_train_noage,training,conditional_history,offer,friend,2-8,positive_positive,all,all,training,418,111,0.7327327327327329,0.4631101038442391,0.26962262888849375,6.396396396396397,4.778660623065435,1.6177357733309616,0.41441441441441446,0.5120307807807806,4.486486486486487,5.072184684684685,400,equal_participant,False,observed_pretrial_labels_for_both_predictions
H2,H2_train_noage,training,conditional_history,offer,friend,4-8,positive_positive,all,all,training,203,110,0.6863636363636364,0.47048514921391144,0.21587848714972496,6.745454545454545,5.881940596855645,0.8635139485989001,0.4,0.5410227272727272,5.6,6.164090909090909,400,equal_participant,False,observed_pretrial_labels_for_both_predictions
H2,H2_train_noage,training,conditional_history,zero_option,friend,all,positive_positive,all,all,training,820,111,0.738953238953239,0.4699414696912477,0.26901176926199133,5.817417417417418,4.619649981580392,1.1977674358370258,0.43333842771342784,0.5018323680823681,4.438145645645645,4.779594594594594,400,equal_participant,False,observed_pretrial_labels_for_both_predictions
H2,H2_train_noage,training,conditional_history,zero_option,friend,all,zero,all,all,training,604,111,0.9010510510510508,0.47336369180255633,0.42768735924849444,4.223723723723726,2.1802284946881385,2.0434952290355874,0.4333933933933934,0.5112762762762761,1.9781681681681687,2.382372372372373,400,equal_participant,False,observed_pretrial_labels_for_both_predictions
H2,H2_train_noage,training,conditional_history,run,friend,all,all,single_run,all,training,200,21,0.8226826083968942,0.4772524840552389,0.3454301243416553,5.261142032570605,3.6652327395915982,1.595909292979007,0.407323532948533,0.5535639129389129,3.2864874080945508,4.062632790489933,400,equal_participant,False,observed_pretrial_labels_for_both_predictions
H2,H2_train_noage,training,conditional_history,time_bin,friend,all,all,early,all,training,950,111,0.8238462488462486,0.4704683478661175,0.35337790098013105,5.312652912652913,3.6343728068405365,1.6782801058123766,0.43714483964483936,0.5049910218660218,3.455742966992967,3.7999048886548903,400,equal_participant,False,observed_pretrial_labels_for_both_predictions
H2,H2_train_noage,training,conditional_history,time_bin,friend,all,all,middle,all,training,474,111,0.7784069784069781,0.4729491630328731,0.30545781537410505,4.8404404404404415,3.495685075280854,1.3447553651595876,0.43010725010725015,0.5187296224796225,3.275904118404119,3.71210102960103,400,equal_participant,False,observed_pretrial_labels_for_both_predictions
H2,H2_train_noage,training,conditional_history,previous_feedback,friend,all,all,all,defection,training,680,111,0.7834799084799081,0.46168921431654053,0.3217906941633676,5.213913913913915,3.6821298025978297,1.5317841113160853,0.42210835835835847,0.4976734770484768,3.4867188617188627,3.875213606463607,400,equal_participant,False,observed_pretrial_labels_for_both_predictions
H2,H2_train_noage,training,conditional_history,previous_feedback,friend,all,all,all,no_previous,training,112,111,0.9234234234234234,0.47262696210779026,0.45079646131563317,6.09009009009009,3.9905758763428754,2.0995142137472147,0.3738738738738739,0.5496621621621621,3.5306306306306308,4.45045045045045,400,equal_participant,False,observed_pretrial_labels_for_both_predictions
H2,H2_train_noage,training,conditional_history,previous_feedback,friend,all,all,all,reciprocation,training,632,111,0.8201415701415703,0.48188640525717824,0.33825516488439206,4.842771342771341,3.365016939645912,1.477754403125429,0.4387695731445732,0.5173380523380521,3.175826898326898,3.5299367224367217,400,equal_participant,False,observed_pretrial_labels_for_both_predictions
H2,H2_train_noage,training,conditional_history,partner,stranger,all,all,all,all,training,1398,111,0.5187398687398684,0.4711144081799749,0.04762546055989353,3.725369225369225,3.5681969283207375,0.15717229704848767,0.44289923102423084,0.49808106308106326,3.4347212934712927,3.7090419615419616,400,equal_participant,False,observed_pretrial_labels_for_both_predictions
H2,H2_train_noage,training,conditional_history,offer,stranger,0-2,zero,all,all,training,200,107,0.7616822429906542,0.487940671427377,0.2737415715632772,1.5233644859813085,0.975881342854754,0.5474831431265544,0.4205607476635514,0.5514018691588785,0.8411214953271028,1.102803738317757,400,equal_participant,False,observed_pretrial_labels_for_both_predictions
H2,H2_train_noage,training,conditional_history,offer,stranger,0-4,zero,all,all,training,194,109,0.7110091743119266,0.4721460334808593,0.23886314083106724,2.8440366972477062,1.8885841339234373,0.955452563324269,0.4036697247706422,0.5458715596330275,1.614678899082569,2.18348623853211,400,equal_participant,False,observed_pretrial_labels_for_both_predictions
H2,H2_train_noage,training,conditional_history,offer,stranger,0-8,zero,all,all,training,193,107,0.5981308411214953,0.45801576051779486,0.14011508060370043,4.785046728971962,3.664126084142359,1.1209206448296034,0.3878504672897196,0.5327102803738317,3.102803738317757,4.261682242990654,400,equal_participant,False,observed_pretrial_labels_for_both_predictions
H2,H2_train_noage,training,conditional_history,offer,stranger,2-4,positive_positive,all,all,training,207,109,0.47706422018348627,0.4835774214167901,-0.006513201233303845,2.9541284403669725,2.96715484283358,-0.013026402466607578,0.41743119266055045,0.555045871559633,2.834862385321101,3.110091743119266,400,equal_participant,False,observed_pretrial_labels_for_both_predictions
H2,H2_train_noage,training,conditional_history,offer,stranger,2-8,positive_positive,all,all,training,408,110,0.396969696969697,0.46299705316634937,-0.0660273561966524,4.381818181818182,4.777982318998096,-0.3961641371799143,0.41431818181818186,0.5107007575757575,4.485909090909091,5.064204545454545,400,equal_participant,False,observed_pretrial_labels_for_both_predictions
H2,H2_train_noage,training,conditional_history,offer,stranger,4-8,positive_positive,all,all,training,196,108,0.3287037037037037,0.4748316576167453,-0.14612795391304156,5.314814814814815,5.899326630466982,-0.5845118156521671,0.4074074074074074,0.5462962962962963,5.62962962962963,6.185185185185185,400,equal_participant,False,observed_pretrial_labels_for_both_predictions
H2,H2_train_noage,training,conditional_history,zero_option,stranger,all,positive_positive,all,all,training,811,111,0.40072930072930085,0.47091460589112005,-0.0701853051618192,4.256327756327757,4.593267175831272,-0.3369394195035156,0.435333815958816,0.5045739489489488,4.415391462891463,4.749709352209351,400,equal_participant,False,observed_pretrial_labels_for_both_predictions
H2,H2_train_noage,training,conditional_history,zero_option,stranger,all,zero,all,all,training,587,111,0.6873873873873872,0.4713263438650293,0.21606104352235794,3.0159159159159157,2.148645017270633,0.8672708986452826,0.43288288288288296,0.5132620120120118,1.9338288288288286,2.377597597597598,400,equal_participant,False,observed_pretrial_labels_for_both_predictions
H2,H2_train_noage,training,conditional_history,run,stranger,all,all,single_run,all,training,170,21,0.41991685563114134,0.4686948803896513,-0.04877802475850995,3.395918367346939,3.634131076313793,-0.23821270896685398,0.3855224867724868,0.5492304421768707,3.2471164021164025,4.018322940287225,400,equal_participant,False,observed_pretrial_labels_for_both_predictions
H2,H2_train_noage,training,conditional_history,time_bin,stranger,all,all,early,all,training,938,111,0.4997546247546247,0.47041270409266267,0.029341920661962007,3.717043667043666,3.613100396607423,0.10394327043624285,0.4332500926250928,0.5066197447447446,3.4331792994292987,3.7853379190879197,400,equal_participant,False,observed_pretrial_labels_for_both_predictions
H2,H2_train_noage,training,conditional_history,time_bin,stranger,all,all,middle,all,training,460,111,0.5581295581295581,0.47324341097871725,0.08488614715084086,3.795795795795796,3.5057881067496375,0.2900076890461585,0.427195945945946,0.5202986915486915,3.271332046332047,3.744790862290861,400,equal_participant,False,observed_pretrial_labels_for_both_predictions
H2,H2_train_noage,training,conditional_history,previous_feedback,stranger,all,all,all,defection,training,650,111,0.5120656370656372,0.46383308603298673,0.048232551032650506,3.622408122408123,3.453520348917278,0.16888777349084494,0.4231014943514944,0.5041610360360359,3.2576716001715993,3.643760010010008,400,equal_participant,False,observed_pretrial_labels_for_both_predictions
H2,H2_train_noage,training,conditional_history,previous_feedback,stranger,all,all,all,no_previous,training,123,111,0.6081081081081081,0.47246507726228176,0.13564303084582635,4.063063063063064,3.628322167978877,0.4347408950841869,0.38434684684684683,0.5661036036036037,3.2279279279279276,4.084159159159158,400,equal_participant,False,observed_pretrial_labels_for_both_predictions
H2,H2_train_noage,training,conditional_history,previous_feedback,stranger,all,all,all,reciprocation,training,625,109,0.5613222659094216,0.48072876689887295,0.08059349901054863,3.9575506043395943,3.6658884805699214,0.2916621237696728,0.4407710790738313,0.5209352701325177,3.4734778651521787,3.8632537862239698,400,equal_participant,False,observed_pretrial_labels_for_both_predictions
H2,H2_train_noage,training,conditional_history,partner,computer,all,all,all,all,training,1412,111,0.4652083152083152,0.4712988410547959,-0.006090525846480732,3.4356873856873857,3.5456736810300615,-0.10998629534267579,0.4449952906202907,0.4961485242735243,3.4097449484949505,3.6718367793367794,400,equal_participant,False,observed_pretrial_labels_for_both_predictions
H2,H2_train_noage,training,conditional_history,offer,computer,0-2,zero,all,all,training,205,110,0.6409090909090909,0.4848318717791459,0.156077219129945,1.2818181818181817,0.9696637435582918,0.31215443825989,0.41352272727272726,0.5545454545454546,0.8270454545454545,1.1090909090909091,400,equal_participant,False,observed_pretrial_labels_for_both_predictions
H2,H2_train_noage,training,conditional_history,offer,computer,0-4,zero,all,all,training,203,109,0.5963302752293578,0.4718887139215152,0.12444156130784256,2.385321100917431,1.8875548556860609,0.49776624523137025,0.41272935779816516,0.5368119266055045,1.6509174311926607,2.147247706422018,400,equal_participant,False,observed_pretrial_labels_for_both_predictions
H2,H2_train_noage,training,conditional_history,offer,computer,2-4,positive_positive,all,all,training,207,111,0.481981981981982,0.4853606334155154,-0.003378651433533386,2.963963963963964,2.9707212668310308,-0.006757302867066883,0.4189189189189189,0.5541666666666666,2.8378378378378377,3.108333333333333,400,equal_participant,False,observed_pretrial_labels_for_both_predictions
H2,H2_train_noage,training,conditional_history,offer,computer,2-8,positive_positive,all,all,training,400,110,0.3704545454545455,0.4668368910715027,-0.09638234561695724,4.222727272727273,4.801021346429016,-0.578294073701743,0.4196969696969697,0.5174242424242425,4.5181818181818185,5.1045454545454545,400,equal_participant,False,observed_pretrial_labels_for_both_predictions
H2,H2_train_noage,training,conditional_history,offer,computer,4-8,positive_positive,all,all,training,202,107,0.3411214953271028,0.47210910646678755,-0.13098761113968477,5.364485981308412,5.888436425867151,-0.5239504445587393,0.40186915887850466,0.5373831775700935,5.607476635514018,6.149532710280374,400,equal_participant,False,observed_pretrial_labels_for_both_predictions
H2,H2_train_noage,training,conditional_history,zero_option,computer,all,positive_positive,all,all,training,809,111,0.38973616473616474,0.472837594358803,-0.08310142962263828,4.158236808236808,4.594814123403654,-0.43657731516684617,0.440119851994852,0.5123141891891893,4.4450123337623335,4.780533569283569,400,equal_participant,False,observed_pretrial_labels_for_both_predictions
H2,H2_train_noage,training,conditional_history,zero_option,computer,all,zero,all,all,training,603,111,0.5758258258258258,0.46918347638145863,0.10664234944436712,2.460660660660661,2.1044084391920266,0.35625222146863456,0.42999624624624627,0.5079954954954954,1.91753003003003,2.3048348348348355,400,equal_participant,False,observed_pretrial_labels_for_both_predictions
H2,H2_train_noage,training,conditional_history,run,computer,all,all,single_run,all,training,181,21,0.4291606541606541,0.46870028324728963,-0.03953962908663555,3.2672919672919676,3.532487338466859,-0.26519537117489156,0.3973060966810966,0.5393570483749054,3.168816652923796,3.870162938912939,400,equal_participant,False,observed_pretrial_labels_for_both_predictions
H2,H2_train_noage,training,conditional_history,time_bin,computer,all,all,early,all,training,859,111,0.4725676975676976,0.4704540806171277,0.002113616950569941,3.4487259987260006,3.534818906080762,-0.08609290735476138,0.4390910390910392,0.5069323544323542,3.374079095329096,3.718297177047176,400,equal_participant,False,observed_pretrial_labels_for_both_predictions
H2,H2_train_noage,training,conditional_history,time_bin,computer,all,all,middle,all,training,553,111,0.45373230373230383,0.4721287236990059,-0.01839641996670205,3.464571714571715,3.6018422935059276,-0.13727057893421257,0.42849849849849847,0.5163203381953382,3.363655798655799,3.8444969969969978,400,equal_participant,False,observed_pretrial_labels_for_both_predictions
H2,H2_train_noage,training,conditional_history,previous_feedback,computer,all,all,all,defection,training,644,111,0.4526169026169026,0.4635857903102458,-0.010968887693343199,3.423959673959674,3.4858060174882928,-0.06184634352861895,0.42400632775632796,0.5048650436150436,3.3020579508079506,3.7018295080795083,400,equal_participant,False,observed_pretrial_labels_for_both_predictions
H2,H2_train_noage,training,conditional_history,previous_feedback,computer,all,all,all,no_previous,training,130,111,0.45495495495495497,0.470360362470916,-0.015405407515961034,3.972972972972973,4.079830150784352,-0.1068571778113796,0.38738738738738737,0.5585585585585585,3.6123873873873875,4.54054054054054,400,equal_participant,False,observed_pretrial_labels_for_both_predictions
H2,H2_train_noage,training,conditional_history,previous_feedback,computer,all,all,all,reciprocation,training,638,111,0.508054483054483,0.47968773861115516,0.028366744443327818,3.4929143429143443,3.5354771146480823,-0.042562771733738014,0.43425461175461183,0.5201914414414415,3.330154440154441,3.7504692192192195,400,equal_participant,False,observed_pretrial_labels_for_both_predictions
H2,H2_train_noage,training,conditional_history,partner,friend,all,all,all,all,heldout,1321,111,0.7516536016536016,0.4762601090605834,0.2753934925930182,4.740434040434041,3.542331546951094,1.1981024934829465,0.44513364638364633,0.5064240114240114,3.3939364614364607,3.691756456756457,400,equal_participant,False,observed_pretrial_labels_for_both_predictions
H2,H2_train_noage,training,conditional_history,offer,friend,0-2,zero,all,all,heldout,190,104,0.8653846153846154,0.48692530737201795,0.3784593080125975,1.7307692307692308,0.9738506147440359,0.756918616025195,0.40865384615384615,0.5721153846153846,0.8173076923076923,1.1442307692307692,400,equal_participant,False,observed_pretrial_labels_for_both_predictions
H2,H2_train_noage,training,conditional_history,offer,friend,0-4,zero,all,all,heldout,192,102,0.8627450980392157,0.4769911066607497,0.38575399137846605,3.450980392156863,1.9079644266429987,1.5430159655138642,0.40183823529411766,0.5490196078431373,1.6073529411764707,2.196078431372549,400,equal_participant,False,observed_pretrial_labels_for_both_predictions
H2,H2_train_noage,training,conditional_history,offer,friend,2-4,positive_positive,all,all,heldout,190,103,0.7621359223300971,0.4896047413168506,0.27253118101324647,3.5242718446601944,2.979209482633701,0.5450623620264934,0.4174757281553398,0.5632281553398056,2.8349514563106797,3.1264563106796115,400,equal_participant,False,observed_pretrial_labels_for_both_predictions
H2,H2_train_noage,training,conditional_history,offer,friend,2-8,positive_positive,all,all,heldout,370,105,0.6706349206349206,0.469863313928853,0.20077160670606758,6.023809523809524,4.819179883573118,1.2046296402364058,0.4078571428571429,0.5238492063492063,4.4471428571428575,5.143095238095238,400,equal_participant,False,observed_pretrial_labels_for_both_predictions
H2,H2_train_noage,training,conditional_history,offer,friend,4-8,positive_positive,all,all,heldout,194,104,0.5865384615384616,0.47582295235867733,0.11071550917978423,6.346153846153846,5.903291809434709,0.44286203671913693,0.39903846153846156,0.5432692307692307,5.596153846153846,6.173076923076923,400,equal_participant,False,observed_pretrial_labels_for_both_predictions
H2,H2_train_noage,training,conditional_history,zero_option,friend,all,positive_positive,all,all,heldout,754,109,0.6772826561817387,0.47604940136382196,0.2012332548179167,5.461074705111402,4.610239939757517,0.850834765353885,0.43084261686325903,0.5127951616426386,4.39674639580603,4.775862822193098,400,equal_participant,False,observed_pretrial_labels_for_both_predictions
H2,H2_train_noage,training,conditional_history,zero_option,friend,all,zero,all,all,heldout,567,111,0.8498498498498499,0.47646080279312897,0.37338904705672094,3.8420420420420434,2.160987009818817,1.6810550322232265,0.42893018018018014,0.5261336336336336,1.9177177177177178,2.4381981981981986,400,equal_participant,False,observed_pretrial_labels_for_both_predictions
H2,H2_train_noage,training,conditional_history,run,friend,all,all,single_run,all,heldout,89,21,0.7714285714285714,0.4709467184335718,0.3004818529949996,4.3841269841269845,3.2518602820215556,1.132266702105429,0.36662698412698413,0.5753968253968252,2.777738095238095,3.769880952380952,400,equal_participant,False,observed_pretrial_labels_for_both_predictions
H2,H2_train_noage,training,conditional_history,time_bin,friend,all,all,late,all,heldout,956,111,0.751151626151626,0.47583490655149574,0.27531671960013027,4.863816613816613,3.6214723578028947,1.242344256013718,0.44292111229611236,0.5098519717269716,3.4617311017311008,3.793530416030416,400,equal_participant,False,observed_pretrial_labels_for_both_predictions
H2,H2_train_noage,training,conditional_history,previous_feedback,friend,all,all,all,defection,heldout,641,109,0.7272535313819719,0.4674509400708294,0.25980259131114253,4.714030872287755,3.5802204480921045,1.1338104241956506,0.41281290956749694,0.5094221457696226,3.362602482889182,3.775354412407167,400,equal_participant,False,observed_pretrial_labels_for_both_predictions
H2,H2_train_noage,training,conditional_history,previous_feedback,friend,all,all,all,reciprocation,heldout,680,110,0.7802669552669552,0.4867377497447039,0.2935292055222513,4.858535353535354,3.5669595113739168,1.291575842161437,0.4409669913419913,0.5291208513708514,3.342223845598846,3.7933465007215013,400,equal_participant,False,observed_pretrial_labels_for_both_predictions
H2,H2_train_noage,training,conditional_history,partner,stranger,all,all,all,all,heldout,1354,111,0.5161195911195912,0.4800196857945301,0.03609990532506108,3.668375568375568,3.5977474110098386,0.07062815736572947,0.4483693158693158,0.5094585650835651,3.4416721229221245,3.740651544401544,400,equal_participant,False,observed_pretrial_labels_for_both_predictions
H2,H2_train_noage,training,conditional_history,offer,stranger,0-2,zero,all,all,heldout,194,106,0.7594339622641509,0.48816007058864685,0.2712738916755041,1.5188679245283019,0.9763201411772937,0.5425477833510082,0.419811320754717,0.5613207547169812,0.839622641509434,1.1226415094339623,400,equal_participant,False,observed_pretrial_labels_for_both_predictions
H2,H2_train_noage,training,conditional_history,offer,stranger,0-4,zero,all,all,heldout,194,108,0.7083333333333334,0.48350162820133913,0.22483170513199424,2.8333333333333335,1.9340065128053565,0.899326820527977,0.4119212962962963,0.5555555555555556,1.6476851851851853,2.2222222222222223,400,equal_participant,False,observed_pretrial_labels_for_both_predictions
H2,H2_train_noage,training,conditional_history,offer,stranger,0-8,zero,all,all,heldout,195,106,0.5849056603773585,0.4759239630841413,0.10898169729321716,4.679245283018868,3.8073917046731305,0.8718535783457373,0.4009433962264151,0.5518867924528302,3.207547169811321,4.415094339622642,400,equal_participant,False,observed_pretrial_labels_for_both_predictions
H2,H2_train_noage,training,conditional_history,offer,stranger,4-8,positive_positive,all,all,heldout,197,105,0.3333333333333333,0.47712353546868186,-0.14379020213534854,5.333333333333333,5.908494141874727,-0.5751608085413942,0.40476190476190477,0.5428571428571428,5.619047619047619,6.171428571428572,400,equal_participant,False,observed_pretrial_labels_for_both_predictions
H2,H2_train_noage,training,conditional_history,zero_option,stranger,all,positive_positive,all,all,heldout,771,111,0.38110253110253106,0.4783125893735803,-0.09721005827104923,4.247340197340197,4.7268237601357885,-0.47948356279559157,0.43623793436293434,0.5174230480480481,4.516874731874732,4.903890497640497,400,equal_participant,False,observed_pretrial_labels_for_both_predictions
H2,H2_train_noage,training,conditional_history,zero_option,stranger,all,zero,all,all,heldout,583,111,0.6824324324324323,0.4818597785145918,0.20057265391784057,3.0030030030030037,2.245439976146143,0.7575630268568605,0.4407770270270272,0.5273423423423423,2.016201201201201,2.488693693693695,400,equal_participant,False,observed_pretrial_labels_for_both_predictions
H2,H2_train_noage,training,conditional_history,run,stranger,all,all,single_run,all,heldout,117,21,0.46014739229024937,0.4767570145454957,-0.016609622255246315,3.221315192743764,3.4452726732196948,-0.22395748047593056,0.3929861111111112,0.572596371882086,2.97358843537415,3.889920634920635,400,equal_participant,False,observed_pretrial_labels_for_both_predictions
H2,H2_train_noage,training,conditional_history,time_bin,stranger,all,all,late,all,heldout,921,111,0.5123025623025621,0.4777632332081064,0.03453932909445573,3.6706531206531223,3.5992296590114505,0.07142346164167179,0.437790339040339,0.5124680443430445,3.399916279916279,3.7843824831324833,400,equal_participant,False,observed_pretrial_labels_for_both_predictions
H2,H2_train_noage,training,conditional_history,previous_feedback,stranger,all,all,all,reciprocation,heldout,695,111,0.5523416273416275,0.488133728744538,0.06420789859708953,3.815501215501215,3.627738696463864,0.18776251903735108,0.44885412197912217,0.5287259581009582,3.426276097526099,3.840437401687402,400,equal_participant,False,observed_pretrial_labels_for_both_predictions
H2,H2_train_noage,training,conditional_history,partner,computer,all,all,all,all,heldout,1342,111,0.49848102348102347,0.47378422029308886,0.0246968031879346,3.671527571527572,3.6126957535993416,0.058831817928230556,0.44658949533949516,0.5050417187917188,3.463436510936511,3.775202320202321,400,equal_participant,False,observed_pretrial_labels_for_both_predictions
H2,H2_train_noage,training,conditional_history,offer,computer,0-2,zero,all,all,heldout,190,102,0.6764705882352942,0.4900972172942245,0.18637337094106965,1.3529411764705883,0.980194434588449,0.3727467418821393,0.43125,0.553921568627451,0.8625,1.107843137254902,400,equal_participant,False,observed_pretrial_labels_for_both_predictions
H2,H2_train_noage,training,conditional_history,offer,computer,0-4,zero,all,all,heldout,189,103,0.616504854368932,0.4721814963369156,0.1443233580320164,2.466019417475728,1.8887259853476623,0.5772934321280656,0.3979368932038835,0.5438106796116503,1.591747572815534,2.175242718446601,400,equal_participant,False,observed_pretrial_labels_for_both_predictions
H2,H2_train_noage,training,conditional_history,offer,computer,0-8,zero,all,all,heldout,198,104,0.5721153846153846,0.4685757759214721,0.10353960869391249,4.576923076923077,3.7486062073717767,0.8283168695512999,0.3942307692307692,0.5337740384615384,3.1538461538461537,4.270192307692307,400,equal_participant,False,observed_pretrial_labels_for_both_predictions
H2,H2_train_noage,training,conditional_history,offer,computer,2-4,positive_positive,all,all,heldout,189,101,0.5,0.48919004990617054,0.010809950093829457,3.0,2.978380099812341,0.021619900187658914,0.4158415841584158,0.5594059405940595,2.8316831683168315,3.118811881188119,400,equal_participant,False,observed_pretrial_labels_for_both_predictions
H2,H2_train_noage,training,conditional_history,offer,computer,2-8,positive_positive,all,all,heldout,383,110,0.39545454545454545,0.46434936626744944,-0.06889482081290399,4.372727272727273,4.786096197604697,-0.4133689248774237,0.4098295454545454,0.5159469696969696,4.458977272727273,5.095681818181818,400,equal_participant,False,observed_pretrial_labels_for_both_predictions
H2,H2_train_noage,training,conditional_history,zero_option,computer,all,positive_positive,all,all,heldout,765,111,0.4138888888888889,0.47273493389443,-0.05884604500554108,4.30948090948091,4.61471940114851,-0.3052384916676001,0.431119154869155,0.5170187151437152,4.402488738738738,4.81008151008151,400,equal_participant,False,observed_pretrial_labels_for_both_predictions
H2,H2_train_noage,training,conditional_history,zero_option,computer,all,zero,all,all,heldout,577,110,0.6177272727272728,0.4751241852833602,0.1426030874439126,2.858181818181818,2.264602436965366,0.5935793812164518,0.43104545454545445,0.5218295454545456,1.987568181818182,2.5314469696969697,400,equal_participant,False,observed_pretrial_labels_for_both_predictions
H2,H2_train_noage,training,conditional_history,run,computer,all,all,single_run,all,heldout,103,21,0.46734693877551015,0.46761431847828716,-0.0002673797027770153,3.6181405895691614,3.6993361695160423,-0.08119557994688087,0.3711479591836735,0.5722278911564627,3.1683730158730157,4.267210884353741,400,equal_participant,False,observed_pretrial_labels_for_both_predictions
H2,H2_train_noage,training,conditional_history,time_bin,computer,all,all,late,all,heldout,876,111,0.523132623132623,0.47368549426462103,0.049447128868001955,3.704526754526753,3.5603862468058263,0.1441405077209268,0.4454968348718349,0.5136411042661043,3.3997964322964336,3.747220267220268,400,equal_participant,False,observed_pretrial_labels_for_both_predictions
H2,H2_train_noage,training,conditional_history,time_bin,computer,all,all,middle,all,heldout,466,100,0.47208333333333335,0.47640909037937,-0.00432575704603666,3.521047619047621,3.5761230771510104,-0.05507545810338943,0.42472053571428575,0.5220285714285715,3.3170190476190475,3.801326190476191,400,equal_participant,False,observed_pretrial_labels_for_both_predictions
H2,H2_train_noage,training,conditional_history,previous_feedback,computer,all,all,all,defection,heldout,726,109,0.4653024345684895,0.464691868379182,0.0006105661893074932,3.522059388114434,3.576113045364153,-0.05405365724971922,0.42359714444576824,0.5109237939685187,3.349882441717303,3.8126280001853385,400,equal_participant,False,observed_pretrial_labels_for_both_predictions
H2,H2_train_noage,training,conditional_history,previous_feedback,computer,all,all,all,reciprocation,heldout,616,110,0.5516522366522365,0.4834595129563273,0.06819272369590923,4.095898596353141,3.8194779282547286,0.2764206680984125,0.4391712170405351,0.5285699281778827,3.582446149809787,4.064142693165421,400,equal_participant,False,observed_pretrial_labels_for_both_predictions
H2,H2_train_noage,training,generative_history,partner,friend,all,all,all,all,all,2745,111,0.7787168939641232,0.47404317945314317,0.3046737145109801,4.963929540869012,3.5806245127468697,1.3833050281221424,0.45448186823314696,0.4947195639870406,3.4842265525739515,3.6767521936582024,400,equal_participant,False,observed_pretrial_labels_for_both_predictions
H2,H2_train_noage,training,generative_history,offer,friend,0-2,zero,all,all,all,390,111,0.8821321321321322,0.48842154654654657,0.3937105855855856,1.7642642642642643,0.9768430930930931,0.7874211711711712,0.43840090090090095,0.536036036036036,0.8768018018018019,1.072072072072072,400,equal_participant,False,observed_pretrial_labels_for_both_predictions
H2,H2_train_noage,training,generative_history,offer,friend,0-4,zero,all,all,all,395,111,0.8746246246246245,0.4771452702702703,0.3974793543543542,3.498498498498498,1.9085810810810813,1.5899174174174169,0.4309121621621621,0.5232732732732732,1.7236486486486484,2.093093093093093,400,equal_participant,False,observed_pretrial_labels_for_both_predictions
H2,H2_train_noage,training,generative_history,offer,friend,0-8,zero,all,all,all,386,111,0.8603603603603603,0.4588457207207208,0.40151463963963957,6.882882882882883,3.670765765765766,3.2121171171171166,0.4106606606606607,0.507545045045045,3.2852852852852856,4.06036036036036,400,equal_participant,False,observed_pretrial_labels_for_both_predictions
H2,H2_train_noage,training,generative_history,offer,friend,2-4,positive_positive,all,all,all,389,111,0.7897897897897898,0.48711148648648644,0.3026783033033033,3.5795795795795797,2.974222972972973,0.6053566066066067,0.43616741741741744,0.5346096096096095,2.872334834834835,3.0692192192192196,400,equal_participant,False,observed_pretrial_labels_for_both_predictions
H2,H2_train_noage,training,generative_history,offer,friend,2-8,positive_positive,all,all,all,788,111,0.7037859287859287,0.46531571750321754,0.23847021128271118,6.222715572715573,4.791894305019305,1.4308212676962677,0.4306491312741313,0.5016800729300729,4.5838947876447875,5.010080437580438,400,equal_participant,False,observed_pretrial_labels_for_both_predictions
H2,H2_train_noage,training,generative_history,offer,friend,4-8,positive_positive,all,all,all,397,111,0.6373873873873874,0.475884009009009,0.16150337837837841,6.54954954954955,5.903536036036037,0.6460135135135125,0.4226726726726727,0.5248310810810811,5.690690690690691,6.099324324324325,400,equal_participant,False,observed_pretrial_labels_for_both_predictions
H2,H2_train_noage,training,generative_history,zero_option,friend,all,positive_positive,all,all,all,1574,111,0.7076362076362074,0.4733800005362505,0.23425620709995687,5.6486271986271985,4.623589741527241,1.0250374570999572,0.4493838481338482,0.5002741580866581,4.506798316173317,4.7517881274131275,400,equal_participant,False,observed_pretrial_labels_for_both_predictions
H2,H2_train_noage,training,generative_history,zero_option,friend,all,zero,all,all,all,1171,111,0.8755115505115504,0.47501476557726563,0.40049678493428476,4.044227344227349,2.1762656715156714,1.8679616727116777,0.44708532396032374,0.5022920647920649,2.0339924989924993,2.3225137800137796,400,equal_participant,False,observed_pretrial_labels_for_both_predictions
H2,H2_train_noage,training,generative_history,run,friend,all,all,single_run,all,all,289,21,0.795133437990581,0.47491300366300365,0.32022043432757735,4.971742543171114,3.563536106750392,1.408206436420722,0.4164769754055468,0.527740711669283,3.2752354788069074,3.8414835164835166,400,equal_participant,False,observed_pretrial_labels_for_both_predictions
H2,H2_train_noage,training,generative_history,time_bin,friend,all,all,early,all,all,950,111,0.8238462488462486,0.46955403455403455,0.354292214292214,5.312652912652913,3.6285859219609216,1.6840669906919916,0.43224299786799775,0.5023359073359072,3.425800833300833,3.814855017355019,400,equal_participant,False,observed_pretrial_labels_for_both_predictions
H2,H2_train_noage,training,generative_history,time_bin,friend,all,all,late,all,all,956,111,0.751151626151626,0.4765038353163354,0.2746477908352906,4.863816613816613,3.6216385691385686,1.242178044678044,0.44011459386459384,0.5127613177613176,3.4488089388089387,3.790317659067659,400,equal_participant,False,observed_pretrial_labels_for_both_predictions
H2,H2_train_noage,training,generative_history,time_bin,friend,all,all,middle,all,all,839,111,0.7689247939247938,0.47594424300674304,0.2929805509180508,4.665890965890965,3.4386318222568217,1.227259143634143,0.44216219903719906,0.5108090295590297,3.274438153188153,3.5913586388586394,400,equal_participant,False,observed_pretrial_labels_for_both_predictions
H2,H2_train_noage,training,generative_history,previous_feedback,friend,all,all,all,defection,all,1321,111,0.7549592049592048,0.465925138018888,0.28903406694031675,5.002802102802102,3.65822954035454,1.3445725624475617,0.43690507221757224,0.49771924959424974,3.5187818812818805,3.8127538927538938,400,equal_participant,False,observed_pretrial_labels_for_both_predictions
H2,H2_train_noage,training,generative_history,previous_feedback,friend,all,all,all,no_previous,all,112,111,0.9234234234234234,0.47458333333333336,0.44884009009009007,6.09009009009009,3.9956756756756757,2.0944144144144143,0.3783783783783784,0.5676801801801801,3.5135135135135136,4.4509009009009,400,equal_participant,False,observed_pretrial_labels_for_both_predictions
H2,H2_train_noage,training,generative_history,previous_feedback,friend,all,all,all,reciprocation,all,1312,111,0.7922443047443046,0.48292390604890606,0.30932039869539857,4.829201454201453,3.4682595198220203,1.3609419343794324,0.45654668060918063,0.5126439248314247,3.3300579356829356,3.614869697994698,400,equal_participant,False,observed_pretrial_labels_for_both_predictions
H2,H2_train_noage,training,generative_history,partner,stranger,all,all,all,all,all,2752,111,0.5190448454674238,0.47602758923393934,0.04301725623348446,3.712182180252357,3.5933544807512767,0.11882769950108019,0.45457576289460333,0.495150643011055,3.4988233671471662,3.6937530546573267,400,equal_participant,False,observed_pretrial_labels_for_both_predictions
H2,H2_train_noage,training,generative_history,offer,stranger,0-2,zero,all,all,all,394,111,0.7575075075075075,0.4881569069069069,0.2693506006006006,1.515015015015015,0.9763138138138138,0.5387012012012012,0.4368618618618618,0.5368055555555555,0.8737237237237236,1.073611111111111,400,equal_participant,False,observed_pretrial_labels_for_both_predictions
H2,H2_train_noage,training,generative_history,offer,stranger,0-4,zero,all,all,all,388,111,0.7064564564564565,0.4767267267267268,0.22972972972972971,2.825825825825826,1.9069069069069071,0.9189189189189189,0.4249061561561561,0.5278153153153152,1.6996246246246245,2.111261261261261,400,equal_participant,False,observed_pretrial_labels_for_both_predictions
H2,H2_train_noage,training,generative_history,offer,stranger,0-8,zero,all,all,all,388,111,0.5893393393393394,0.46951951951951953,0.11981981981981982,4.714714714714715,3.7561561561561563,0.9585585585585585,0.41890015015015014,0.5172672672672672,3.351201201201201,4.138138138138138,400,equal_participant,False,observed_pretrial_labels_for_both_predictions
H2,H2_train_noage,training,generative_history,offer,stranger,2-4,positive_positive,all,all,all,398,111,0.47822822822822825,0.4837931681681682,-0.00556493993993995,2.956456456456457,2.9675863363363364,-0.011129879879879567,0.43243243243243246,0.5338025525525525,2.8648648648648654,3.0676051051051045,400,equal_participant,False,observed_pretrial_labels_for_both_predictions
H2,H2_train_noage,training,generative_history,offer,stranger,2-8,positive_positive,all,all,all,791,111,0.392996567996568,0.4689449538824539,-0.07594838588588587,4.357979407979408,4.813669723294724,-0.4556903153153158,0.4323219648219649,0.5064280351780351,4.593931788931789,5.0385682110682115,400,equal_participant,False,observed_pretrial_labels_for_both_predictions
H2,H2_train_noage,training,generative_history,offer,stranger,4-8,positive_positive,all,all,all,393,111,0.3288288288288289,0.4763063063063063,-0.14747747747747741,5.315315315315316,5.905225225225224,-0.5899099099099079,0.42941066066066064,0.5277965465465465,5.717642642642643,6.111186186186186,400,equal_participant,False,observed_pretrial_labels_for_both_predictions
H2,H2_train_noage,training,generative_history,zero_option,stranger,all,positive_positive,all,all,all,1582,111,0.3976950976950978,0.4745549083986584,-0.07685981070356057,4.241932841932842,4.621643810206311,-0.37971096827346873,0.44440773565773567,0.5019780210405209,4.493229446979447,4.7524152967902955,400,equal_participant,False,observed_pretrial_labels_for_both_predictions
H2,H2_train_noage,training,generative_history,zero_option,stranger,all,zero,all,all,all,1170,111,0.685289835289835,0.4780964828464828,0.20719335244335219,3.0025753025753033,2.1988416598416602,0.803733642733643,0.44907333469833477,0.5060329079079081,2.043885817635818,2.3432698607698605,400,equal_participant,False,observed_pretrial_labels_for_both_predictions
H2,H2_train_noage,training,generative_history,run,stranger,all,all,single_run,all,all,287,21,0.4468428396999826,0.4716197889412176,-0.02477694924123497,3.3790336647479498,3.5725778388278386,-0.1935441740798889,0.4141287284144427,0.5290783621140764,3.2775444793301935,3.870975056689342,400,equal_participant,False,observed_pretrial_labels_for_both_predictions
H2,H2_train_noage,training,generative_history,time_bin,stranger,all,all,early,all,all,938,111,0.4997546247546247,0.4717210408460409,0.028033583908583792,3.717043667043666,3.6200011505011505,0.0970425165425155,0.43876593314093315,0.5047144059644059,3.4575354412854415,3.783660933660933,400,equal_participant,False,observed_pretrial_labels_for_both_predictions
H2,H2_train_noage,training,generative_history,time_bin,stranger,all,all,late,all,all,921,111,0.5123025623025621,0.478734638047138,0.0335679242554241,3.6706531206531223,3.607854092729093,0.06279902792402936,0.4432846970346968,0.5122748235248235,3.440911219661219,3.7847802997803006,400,equal_participant,False,observed_pretrial_labels_for_both_predictions
H2,H2_train_noage,training,generative_history,time_bin,stranger,all,all,middle,all,all,893,111,0.5363206863206863,0.47842941136691136,0.05789127495377494,3.769345719345718,3.606948864198864,0.16239685514685398,0.4396010021010022,0.5201547182797183,3.420104915104915,3.7981826844326845,400,equal_participant,False,observed_pretrial_labels_for_both_predictions
H2,H2_train_noage,training,generative_history,previous_feedback,stranger,all,all,all,defection,all,1309,111,0.4927447912742031,0.46827705187631663,0.02446773939788649,3.6036395212865813,3.5458061161002337,0.05783340518634761,0.4401360865515278,0.4976913633531282,3.4150367423896846,3.691576520657401,400,equal_participant,False,observed_pretrial_labels_for_both_predictions
H2,H2_train_noage,training,generative_history,previous_feedback,stranger,all,all,all,no_previous,all,123,111,0.6081081081081081,0.4737837837837838,0.13432432432432434,4.063063063063064,3.63716966966967,0.4258933933933937,0.39035285285285287,0.5646021021021022,3.225,4.048123123123124,400,equal_participant,False,observed_pretrial_labels_for_both_predictions
H2,H2_train_noage,training,generative_history,previous_feedback,stranger,all,all,all,reciprocation,all,1320,111,0.5491973241973241,0.4840976669414169,0.06509965725590722,3.852864527864527,3.6457727150852146,0.20709181277931243,0.45315708378208347,0.5148470985970987,3.495465504215504,3.7810600391850406,400,equal_participant,False,observed_pretrial_labels_for_both_predictions
H2,H2_train_noage,training,generative_history,partner,computer,all,all,all,all,all,2754,111,0.48026954526954524,0.4722409819328679,0.008028563336677341,3.5342567607479887,3.565601026804974,-0.03134426605698515,0.4514174097946028,0.4933824758956337,3.464801834512362,3.6589941476037953,400,equal_participant,False,observed_pretrial_labels_for_both_predictions
H2,H2_train_noage,training,generative_history,offer,computer,0-2,zero,all,all,all,395,111,0.6584084084084084,0.48490990990990995,0.17349849849849847,1.3168168168168168,0.9698198198198199,0.34699699699699693,0.43464714714714714,0.5368055555555554,0.8692942942942943,1.0736111111111108,400,equal_participant,False,observed_pretrial_labels_for_both_predictions
H2,H2_train_noage,training,generative_history,offer,computer,0-4,zero,all,all,all,392,111,0.6006006006006005,0.47056681681681684,0.13003378378378366,2.402402402402402,1.8822672672672673,0.5201351351351347,0.4181306306306306,0.5211336336336335,1.6725225225225224,2.084534534534534,400,equal_participant,False,observed_pretrial_labels_for_both_predictions
H2,H2_train_noage,training,generative_history,offer,computer,0-8,zero,all,all,all,393,111,0.5157657657657658,0.4560942192192192,0.059671546546546606,4.126126126126127,3.6487537537537538,0.47737237237237284,0.40765765765765766,0.5082770270270269,3.2612612612612613,4.066216216216215,400,equal_participant,False,observed_pretrial_labels_for_both_predictions
H2,H2_train_noage,training,generative_history,offer,computer,2-4,positive_positive,all,all,all,396,111,0.4872372372372373,0.487134009009009,0.00010322822822828037,2.974474474474474,2.9742680180180185,0.00020645645645567257,0.4271584084084084,0.5368618618618617,2.8543168168168167,3.073723723723724,400,equal_participant,False,observed_pretrial_labels_for_both_predictions
H2,H2_train_noage,training,generative_history,offer,computer,2-8,positive_positive,all,all,all,783,111,0.3788610038610038,0.4658184523809523,-0.08695744851994852,4.273166023166023,4.794910714285715,-0.5217446911196921,0.42689564564564564,0.498902027027027,4.561373873873874,4.993412162162162,400,equal_participant,False,observed_pretrial_labels_for_both_predictions
H2,H2_train_noage,training,generative_history,offer,computer,4-8,positive_positive,all,all,all,395,111,0.3498498498498498,0.47565690690690693,-0.12580705705705714,5.399399399399399,5.902627627627628,-0.5032282282282292,0.42265390390390395,0.524099099099099,5.6906156156156165,6.096396396396396,400,equal_participant,False,observed_pretrial_labels_for_both_predictions
H2,H2_train_noage,training,generative_history,zero_option,computer,all,positive_positive,all,all,all,1574,111,0.3994088869088869,0.47372276741026736,-0.07431388050138049,4.232414832414832,4.615247654935155,-0.38283282252032347,0.44441902410652406,0.49982635107635115,4.479378705628705,4.740490126115126,400,equal_participant,False,observed_pretrial_labels_for_both_predictions
H2,H2_train_noage,training,generative_history,zero_option,computer,all,zero,all,all,all,1180,111,0.5905015405015404,0.47026611189111184,0.12023542861042852,2.6131157131157123,2.1659445614445616,0.44717115167115074,0.43990766740766724,0.5010640185640185,2.001902421902422,2.332968682968683,400,equal_participant,False,observed_pretrial_labels_for_both_predictions
H2,H2_train_noage,training,generative_history,run,computer,all,all,single_run,all,all,284,21,0.4404127618413332,0.47055392028606313,-0.03014115844472992,3.3466137037565615,3.5721399830328404,-0.22552627927627888,0.41060497042639893,0.5317197683269113,3.275566496995068,3.8767448821020243,400,equal_participant,False,observed_pretrial_labels_for_both_predictions
H2,H2_train_noage,training,generative_history,time_bin,computer,all,all,early,all,all,859,111,0.4725676975676976,0.4704860477360478,0.0020816498316498233,3.4487259987260006,3.5349669653419653,-0.0862409666159647,0.4300185412685415,0.5071862446862445,3.345324382824384,3.72231938106938,400,equal_participant,False,observed_pretrial_labels_for_both_predictions
H2,H2_train_noage,training,generative_history,time_bin,computer,all,all,late,all,all,876,111,0.523132623132623,0.47158439002189,0.05154823311073298,3.704526754526753,3.551661484286484,0.15286527024026908,0.43730305167805184,0.5108374002124001,3.380617206867207,3.7472010797010795,400,equal_participant,False,observed_pretrial_labels_for_both_predictions
H2,H2_train_noage,training,generative_history,time_bin,computer,all,all,middle,all,all,1019,111,0.45108902608902623,0.4739165279165279,-0.02282750182750165,3.4197058197058188,3.5732630362630364,-0.15355721655721766,0.4413236375736375,0.5051176444926445,3.4047336772336765,3.7302857952857953,400,equal_participant,False,observed_pretrial_labels_for_both_predictions
H2,H2_train_noage,training,generative_history,previous_feedback,computer,all,all,all,defection,all,1370,111,0.4542325887914125,0.46488175597182946,-0.010649167180416974,3.414402715873303,3.500857168018933,-0.08645445214563008,0.4367506608866903,0.49449538626009204,3.358866951881658,3.6362197661830016,400,equal_participant,False,observed_pretrial_labels_for_both_predictions
H2,H2_train_noage,training,generative_history,previous_feedback,computer,all,all,all,no_previous,all,130,111,0.45495495495495497,0.4697409909909909,-0.014786036036035954,3.972972972972973,4.074459459459459,-0.10148648648648617,0.3783783783783784,0.5585585585585585,3.602927927927928,4.522972972972973,400,equal_participant,False,observed_pretrial_labels_for_both_predictions
H2,H2_train_noage,training,generative_history,previous_feedback,computer,all,all,all,reciprocation,all,1254,111,0.5255488130488132,0.48018798921923916,0.045360823829574015,3.73904878904879,3.634368738368739,0.10468005068005093,0.4486752661752661,0.5104430245055245,3.4829687967187968,3.78065113877614,400,equal_participant,False,observed_pretrial_labels_for_both_predictions
H2,H2_train_noage,training,generative_history,partner,friend,all,all,all,all,training,1424,111,0.8064980314980315,0.4706998432623432,0.33579818823568824,5.135605235605238,3.5780721485721485,1.55753308703309,0.4435813035813034,0.49414495851995865,3.4446035933535946,3.700431194181192,400,equal_participant,False,observed_pretrial_labels_for_both_predictions
H2,H2_train_noage,training,generative_history,offer,friend,0-2,zero,all,all,training,200,110,0.8954545454545455,0.48787499999999995,0.40757954545454556,1.790909090909091,0.9757499999999999,0.8151590909090911,0.4180681818181818,0.5501136363636363,0.8361363636363636,1.1002272727272726,400,equal_participant,False,observed_pretrial_labels_for_both_predictions
H2,H2_train_noage,training,generative_history,offer,friend,0-4,zero,all,all,training,203,107,0.897196261682243,0.4766004672897196,0.42059579439252337,3.588785046728972,1.9064018691588784,1.6823831775700935,0.4158878504672897,0.5373831775700935,1.6635514018691588,2.149532710280374,400,equal_participant,False,observed_pretrial_labels_for_both_predictions
H2,H2_train_noage,training,generative_history,offer,friend,0-8,zero,all,all,training,201,109,0.908256880733945,0.45606651376146784,0.4521903669724771,7.26605504587156,3.6485321100917427,3.617522935779817,0.3853211009174312,0.5321100917431193,3.0825688073394497,4.256880733944954,400,equal_participant,False,observed_pretrial_labels_for_both_predictions
H2,H2_train_noage,training,generative_history,offer,friend,2-4,positive_positive,all,all,training,199,108,0.8101851851851852,0.4833796296296296,0.3268055555555556,3.6203703703703702,2.966759259259259,0.6536111111111111,0.41203703703703703,0.5509259259259259,2.824074074074074,3.1018518518518516,400,equal_participant,False,observed_pretrial_labels_for_both_predictions
H2,H2_train_noage,training,generative_history,offer,friend,2-8,positive_positive,all,all,training,418,111,0.7327327327327329,0.45959084084084084,0.27314189189189203,6.396396396396397,4.757545045045045,1.6388513513513514,0.41366366366366375,0.5120307807807807,4.481981981981982,5.072184684684685,400,equal_participant,False,observed_pretrial_labels_for_both_predictions
H2,H2_train_noage,training,generative_history,offer,friend,4-8,positive_positive,all,all,training,203,110,0.6863636363636364,0.4721590909090909,0.21420454545454548,6.745454545454545,5.888636363636364,0.8568181818181815,0.39545454545454545,0.5455681818181817,5.581818181818182,6.182272727272727,400,equal_participant,False,observed_pretrial_labels_for_both_predictions
H2,H2_train_noage,training,generative_history,zero_option,friend,all,positive_positive,all,all,training,820,111,0.738953238953239,0.4685027348777349,0.27045050407550414,5.817417417417418,4.610537805662806,1.2068796117546121,0.43264425139425133,0.5023251823251822,4.4307523595023595,4.773380523380524,400,equal_participant,False,observed_pretrial_labels_for_both_predictions
H2,H2_train_noage,training,generative_history,zero_option,friend,all,zero,all,all,training,604,111,0.9010510510510508,0.4735446696696697,0.4275063813813811,4.223723723723726,2.179382132132132,2.044341591591594,0.4361786786786787,0.5123160660660662,1.9678453453453448,2.3880480480480486,400,equal_participant,False,observed_pretrial_labels_for_both_predictions
H2,H2_train_noage,training,generative_history,run,friend,all,all,single_run,all,training,200,21,0.8226826083968942,0.4743687212258641,0.3483138871710301,5.261142032570605,3.646570887445888,1.6145711451247173,0.40191365182436606,0.537183484504913,3.2800232769875626,3.9942875180375186,400,equal_participant,False,observed_pretrial_labels_for_both_predictions
H2,H2_train_noage,training,generative_history,time_bin,friend,all,all,early,all,training,950,111,0.8238462488462486,0.46955403455403455,0.354292214292214,5.312652912652913,3.6285859219609216,1.6840669906919916,0.43224299786799775,0.5023359073359072,3.425800833300833,3.814855017355019,400,equal_participant,False,observed_pretrial_labels_for_both_predictions
H2,H2_train_noage,training,generative_history,time_bin,friend,all,all,middle,all,training,474,111,0.7784069784069781,0.47333512083512075,0.3050718575718574,4.8404404404404415,3.4924319319319324,1.3480085085085092,0.4276354926354927,0.5215706778206777,3.265820820820821,3.7265737165737174,400,equal_participant,False,observed_pretrial_labels_for_both_predictions
H2,H2_train_noage,training,generative_history,previous_feedback,friend,all,all,all,defection,training,680,111,0.7834799084799081,0.46194432825682824,0.3215355802230799,5.213913913913915,3.6829471971971977,1.5309667167167174,0.42513477763477775,0.5026267338767338,3.492748105248105,3.8845633133133144,400,equal_participant,False,observed_pretrial_labels_for_both_predictions
H2,H2_train_noage,training,generative_history,previous_feedback,friend,all,all,all,no_previous,training,112,111,0.9234234234234234,0.47458333333333336,0.44884009009009007,6.09009009009009,3.9956756756756757,2.0944144144144143,0.3783783783783784,0.5676801801801801,3.5135135135135136,4.4509009009009,400,equal_participant,False,observed_pretrial_labels_for_both_predictions
H2,H2_train_noage,training,generative_history,previous_feedback,friend,all,all,all,reciprocation,training,632,111,0.8201415701415703,0.47999739918489914,0.34014417095667115,4.842771342771341,3.352974957099957,1.4897963856713838,0.4391162591162592,0.5160365722865721,3.152305341055342,3.543975761475762,400,equal_participant,False,observed_pretrial_labels_for_both_predictions
H2,H2_train_noage,training,generative_history,partner,stranger,all,all,all,all,training,1398,111,0.5187398687398684,0.4720766865141865,0.04666318222568194,3.725369225369225,3.5744454658204656,0.15092375954875958,0.44443845256345244,0.4992172504672504,3.4412677312677302,3.703270283270281,400,equal_participant,False,observed_pretrial_labels_for_both_predictions
H2,H2_train_noage,training,generative_history,offer,stranger,0-2,zero,all,all,training,200,107,0.7616822429906542,0.4907827102803738,0.27089953271028044,1.5233644859813085,0.9815654205607476,0.5417990654205609,0.4158878504672897,0.5654205607476636,0.8317757009345794,1.1308411214953271,400,equal_participant,False,observed_pretrial_labels_for_both_predictions
H2,H2_train_noage,training,generative_history,offer,stranger,0-4,zero,all,all,training,194,109,0.7110091743119266,0.4706766055045871,0.24033256880733944,2.8440366972477062,1.8827064220183485,0.9613302752293578,0.39908256880733944,0.5413990825688072,1.5963302752293578,2.165596330275229,400,equal_participant,False,observed_pretrial_labels_for_both_predictions
H2,H2_train_noage,training,generative_history,offer,stranger,0-8,zero,all,all,training,193,107,0.5981308411214953,0.4612850467289719,0.13684579439252337,4.785046728971962,3.6902803738317753,1.094766355140187,0.3925233644859813,0.5280373831775701,3.1401869158878504,4.224299065420561,400,equal_participant,False,observed_pretrial_labels_for_both_predictions
H2,H2_train_noage,training,generative_history,offer,stranger,2-4,positive_positive,all,all,training,207,109,0.47706422018348627,0.4810091743119266,-0.0039449541284403145,2.9541284403669725,2.9620183486238534,-0.007889908256880851,0.40825688073394495,0.5458715596330275,2.81651376146789,3.091743119266055,400,equal_participant,False,observed_pretrial_labels_for_both_predictions
H2,H2_train_noage,training,generative_history,offer,stranger,2-8,positive_positive,all,all,training,408,110,0.396969696969697,0.46447537878787876,-0.06750568181818178,4.381818181818182,4.786852272727272,-0.4050340909090906,0.4166287878787878,0.5143939393939394,4.4997727272727275,5.086363636363636,400,equal_participant,False,observed_pretrial_labels_for_both_predictions
H2,H2_train_noage,training,generative_history,offer,stranger,4-8,positive_positive,all,all,training,196,108,0.3287037037037037,0.4756134259259259,-0.1469097222222222,5.314814814814815,5.902453703703705,-0.5876388888888897,0.4027777777777778,0.5509259259259259,5.611111111111111,6.203703703703703,400,equal_participant,False,observed_pretrial_labels_for_both_predictions
H2,H2_train_noage,training,generative_history,zero_option,stranger,all,positive_positive,all,all,training,811,111,0.40072930072930085,0.47148750536250533,-0.07075820463320448,4.256327756327757,4.598109395109395,-0.34178163878163836,0.42986700986700976,0.5056145431145431,4.426195838695839,4.7679547404547415,400,equal_participant,False,observed_pretrial_labels_for_both_predictions
H2,H2_train_noage,training,generative_history,zero_option,stranger,all,zero,all,all,training,587,111,0.6873873873873872,0.4729902402402402,0.21439714714714703,3.0159159159159157,2.1576403903903905,0.8582755255255252,0.4338100600600602,0.5142717717717717,1.9381081081081082,2.3654879879879878,400,equal_participant,False,observed_pretrial_labels_for_both_predictions
H2,H2_train_noage,training,generative_history,run,stranger,all,all,single_run,all,training,170,21,0.41991685563114134,0.470526596749811,-0.05060974111866967,3.395918367346939,3.64426029856387,-0.24834193121693104,0.3980484693877551,0.5463383408919124,3.282205215419502,4.025013227513228,400,equal_participant,False,observed_pretrial_labels_for_both_predictions
H2,H2_train_noage,training,generative_history,time_bin,stranger,all,all,early,all,training,938,111,0.4997546247546247,0.4717210408460409,0.028033583908583792,3.717043667043666,3.6200011505011505,0.0970425165425155,0.43876593314093315,0.5047144059644059,3.4575354412854415,3.783660933660933,400,equal_participant,False,observed_pretrial_labels_for_both_predictions
H2,H2_train_noage,training,generative_history,time_bin,stranger,all,all,middle,all,training,460,111,0.5581295581295581,0.4737271557271557,0.08440240240240243,3.795795795795796,3.5112171814671815,0.2845786143286144,0.42916613041613033,0.5187060274560276,3.27612827112827,3.7392127842127842,400,equal_participant,False,observed_pretrial_labels_for_both_predictions
H2,H2_train_noage,training,generative_history,previous_feedback,stranger,all,all,all,defection,training,650,111,0.5120656370656372,0.4665710263835264,0.04549461068211086,3.622408122408123,3.47105551980552,0.15135260260260264,0.42555662805662803,0.5056418025168025,3.2984157371657368,3.645435077935077,400,equal_participant,False,observed_pretrial_labels_for_both_predictions
H2,H2_train_noage,training,generative_history,previous_feedback,stranger,all,all,all,no_previous,training,123,111,0.6081081081081081,0.4737837837837838,0.13432432432432434,4.063063063063064,3.63716966966967,0.4258933933933937,0.39035285285285287,0.5646021021021022,3.225,4.048123123123124,400,equal_participant,False,observed_pretrial_labels_for_both_predictions
H2,H2_train_noage,training,generative_history,previous_feedback,stranger,all,all,all,reciprocation,training,625,109,0.5613222659094216,0.4792973824086209,0.08202488350080067,3.9575506043395943,3.6589688000582496,0.2985818042813446,0.4393831003349352,0.5239048165137614,3.461683231396534,3.8542722440658204,400,equal_participant,False,observed_pretrial_labels_for_both_predictions
H2,H2_train_noage,training,generative_history,partner,computer,all,all,all,all,training,1412,111,0.4652083152083152,0.47187444199944195,-0.00666612679112677,3.4356873856873857,3.5467464311214316,-0.11105904543404588,0.4429378448128447,0.499495130745131,3.3919306781806777,3.6691181141181133,400,equal_participant,False,observed_pretrial_labels_for_both_predictions
H2,H2_train_noage,training,generative_history,offer,computer,0-2,zero,all,all,training,205,110,0.6409090909090909,0.4842613636363636,0.1566477272727273,1.2818181818181817,0.9685227272727271,0.3132954545454546,0.41818181818181815,0.5546590909090908,0.8363636363636363,1.1093181818181816,400,equal_participant,False,observed_pretrial_labels_for_both_predictions
H2,H2_train_noage,training,generative_history,offer,computer,0-4,zero,all,all,training,203,109,0.5963302752293578,0.475,0.1213302752293578,2.385321100917431,1.9,0.4853211009174312,0.4036697247706422,0.5458715596330275,1.614678899082569,2.18348623853211,400,equal_participant,False,observed_pretrial_labels_for_both_predictions
H2,H2_train_noage,training,generative_history,offer,computer,2-4,positive_positive,all,all,training,207,111,0.481981981981982,0.48560810810810806,-0.0036261261261260613,2.963963963963964,2.971216216216216,-0.007252252252252234,0.4143018018018018,0.5585585585585585,2.8286036036036037,3.1171171171171173,400,equal_participant,False,observed_pretrial_labels_for_both_predictions
H2,H2_train_noage,training,generative_history,offer,computer,2-8,positive_positive,all,all,training,400,110,0.3704545454545455,0.4656041666666667,-0.09514962121212123,4.222727272727273,4.793625,-0.5708977272727269,0.417405303030303,0.5174431818181818,4.504431818181819,5.104659090909091,400,equal_participant,False,observed_pretrial_labels_for_both_predictions
H2,H2_train_noage,training,generative_history,offer,computer,4-8,positive_positive,all,all,training,202,107,0.3411214953271028,0.4752920560747663,-0.13417056074766354,5.364485981308412,5.901168224299065,-0.5366822429906533,0.397196261682243,0.5467289719626168,5.588785046728972,6.186915887850467,400,equal_participant,False,observed_pretrial_labels_for_both_predictions
H2,H2_train_noage,training,generative_history,zero_option,computer,all,positive_positive,all,all,training,809,111,0.38973616473616474,0.4733434684684684,-0.08360730373230368,4.158236808236808,4.595590143715143,-0.43735333547833566,0.43690744315744307,0.5073742492492491,4.432845345345346,4.7601260188760195,400,equal_participant,False,observed_pretrial_labels_for_both_predictions
H2,H2_train_noage,training,generative_history,zero_option,computer,all,zero,all,all,training,603,111,0.5758258258258258,0.4694823573573574,0.10634346846846837,2.460660660660661,2.1040075075075078,0.3566531531531534,0.42277777777777775,0.5084234234234236,1.9090615615615607,2.3160660660660675,400,equal_participant,False,observed_pretrial_labels_for_both_predictions
H2,H2_train_noage,training,generative_history,run,computer,all,all,single_run,all,training,181,21,0.4291606541606541,0.4716846784168213,-0.04252402425616725,3.2672919672919676,3.544412878787879,-0.2771209114959112,0.3980711880711881,0.5475224180581323,3.20959398405827,3.910145674431389,400,equal_participant,False,observed_pretrial_labels_for_both_predictions
H2,H2_train_noage,training,generative_history,time_bin,computer,all,all,early,all,training,859,111,0.4725676975676976,0.4704860477360478,0.0020816498316498233,3.4487259987260006,3.5349669653419653,-0.0862409666159647,0.4300185412685415,0.5071862446862445,3.345324382824384,3.72231938106938,400,equal_participant,False,observed_pretrial_labels_for_both_predictions
H2,H2_train_noage,training,generative_history,time_bin,computer,all,all,middle,all,training,553,111,0.45373230373230383,0.47302248677248676,-0.01929018304018293,3.464571714571715,3.600570874445874,-0.13599915987415923,0.424620602745603,0.5206319712569711,3.3482028457028465,3.83533015158015,400,equal_participant,False,observed_pretrial_labels_for_both_predictions
H2,H2_train_noage,training,generative_history,previous_feedback,computer,all,all,all,defection,training,644,111,0.4526169026169026,0.4666507132132133,-0.014033810596310647,3.423959673959674,3.4981956778206778,-0.07423600386100393,0.423875750750751,0.5077152152152151,3.285212176462177,3.682446553696552,400,equal_participant,False,observed_pretrial_labels_for_both_predictions
H2,H2_train_noage,training,generative_history,previous_feedback,computer,all,all,all,no_previous,training,130,111,0.45495495495495497,0.4697409909909909,-0.014786036036035954,3.972972972972973,4.074459459459459,-0.10148648648648617,0.3783783783783784,0.5585585585585585,3.602927927927928,4.522972972972973,400,equal_participant,False,observed_pretrial_labels_for_both_predictions
H2,H2_train_noage,training,generative_history,previous_feedback,computer,all,all,all,reciprocation,training,638,111,0.508054483054483,0.4780561811811812,0.02999830187330177,3.4929143429143443,3.525756041756042,-0.03284169884169774,0.4340429715429713,0.5197147147147146,3.3063783426283417,3.7246035321035325,400,equal_participant,False,observed_pretrial_labels_for_both_predictions
H2,H2_train_noage,training,generative_history,partner,friend,all,all,all,all,heldout,1321,111,0.7516536016536016,0.4773100866850866,0.274343514968515,4.740434040434041,3.543976251976252,1.1964577884577885,0.4462115737115738,0.5113001263001261,3.393907098907098,3.6988296163296157,400,equal_participant,False,observed_pretrial_labels_for_both_predictions
H2,H2_train_noage,training,generative_history,offer,friend,0-2,zero,all,all,heldout,190,104,0.8653846153846154,0.4886658653846154,0.37671875,1.7307692307692308,0.9773317307692309,0.7534375,0.4182692307692308,0.5625,0.8365384615384616,1.125,400,equal_participant,False,observed_pretrial_labels_for_both_predictions
H2,H2_train_noage,training,generative_history,offer,friend,0-4,zero,all,all,heldout,192,102,0.8627450980392157,0.4767401960784314,0.38600490196078435,3.450980392156863,1.9069607843137255,1.5440196078431374,0.4117647058823529,0.5441176470588235,1.6470588235294117,2.176470588235294,400,equal_participant,False,observed_pretrial_labels_for_both_predictions
H2,H2_train_noage,training,generative_history,offer,friend,2-4,positive_positive,all,all,heldout,190,103,0.7621359223300971,0.4904126213592233,0.27172330097087377,3.5242718446601944,2.9808252427184465,0.5434466019417479,0.42220873786407764,0.5631067961165048,2.8444174757281555,3.1262135922330097,400,equal_participant,False,observed_pretrial_labels_for_both_predictions
H2,H2_train_noage,training,generative_history,offer,friend,2-8,positive_positive,all,all,heldout,370,105,0.6706349206349206,0.4711071428571429,0.1995277777777777,6.023809523809524,4.826642857142857,1.197166666666667,0.4142857142857143,0.5262301587301585,4.485714285714286,5.157380952380953,400,equal_participant,False,observed_pretrial_labels_for_both_predictions
H2,H2_train_noage,training,generative_history,offer,friend,4-8,positive_positive,all,all,heldout,194,104,0.5865384615384616,0.47901442307692305,0.10752403846153852,6.346153846153846,5.916057692307692,0.4300961538461534,0.40865384615384615,0.5530048076923076,5.634615384615385,6.21201923076923,400,equal_participant,False,observed_pretrial_labels_for_both_predictions
H2,H2_train_noage,training,generative_history,zero_option,friend,all,positive_positive,all,all,heldout,754,109,0.6772826561817387,0.4780471002621232,0.19923555591961545,5.461074705111402,4.618030908693753,0.8430437964176489,0.43879286806465706,0.519378003494976,4.456135321100917,4.829326124945391,400,equal_participant,False,observed_pretrial_labels_for_both_predictions
H2,H2_train_noage,training,generative_history,zero_option,friend,all,zero,all,all,heldout,567,111,0.8498498498498499,0.4760533033033033,0.3737965465465466,3.8420420420420434,2.1528723723723724,1.689169669669671,0.43227102102102083,0.5218318318318317,1.9358333333333333,2.3817792792792787,400,equal_participant,False,observed_pretrial_labels_for_both_predictions
H2,H2_train_noage,training,generative_history,run,friend,all,all,single_run,all,heldout,89,21,0.7714285714285714,0.4765714285714286,0.29485714285714276,4.3841269841269845,3.2670714285714286,1.117055555555556,0.3729563492063493,0.5723015873015873,2.8041666666666667,3.74781746031746,400,equal_participant,False,observed_pretrial_labels_for_both_predictions
H2,H2_train_noage,training,generative_history,time_bin,friend,all,all,late,all,heldout,956,111,0.751151626151626,0.4765038353163354,0.2746477908352906,4.863816613816613,3.6216385691385686,1.242178044678044,0.44011459386459384,0.5127613177613176,3.4488089388089387,3.790317659067659,400,equal_participant,False,observed_pretrial_labels_for_both_predictions
H2,H2_train_noage,training,generative_history,previous_feedback,friend,all,all,all,defection,heldout,641,109,0.7272535313819719,0.47046652468326783,0.2567870066987041,4.714030872287755,3.592484873307121,1.121545998980634,0.4254932102810543,0.5181876183194991,3.3896069972331433,3.819371996505024,400,equal_participant,False,observed_pretrial_labels_for_both_predictions
H2,H2_train_noage,training,generative_history,previous_feedback,friend,all,all,all,reciprocation,heldout,680,110,0.7802669552669552,0.48426221139971143,0.2960047438672438,4.858535353535354,3.551035101010101,1.3075002525252528,0.4408417207792206,0.5306243686868688,3.32512031024531,3.7736542207792203,400,equal_participant,False,observed_pretrial_labels_for_both_predictions
H2,H2_train_noage,training,generative_history,partner,stranger,all,all,all,all,heldout,1354,111,0.5161195911195912,0.4801593426593426,0.035960248460248534,3.668375568375568,3.601923579548579,0.066451988826989,0.4489650102150103,0.5081899425649424,3.4416725454225463,3.756331898831899,400,equal_participant,False,observed_pretrial_labels_for_both_predictions
H2,H2_train_noage,training,generative_history,offer,stranger,0-2,zero,all,all,heldout,194,106,0.7594339622641509,0.48588443396226416,0.2735495283018868,1.5188679245283019,0.9717688679245283,0.5470990566037736,0.41037735849056606,0.5566037735849056,0.8207547169811321,1.1132075471698113,400,equal_participant,False,observed_pretrial_labels_for_both_predictions
H2,H2_train_noage,training,generative_history,offer,stranger,0-4,zero,all,all,heldout,194,108,0.7083333333333334,0.4837268518518518,0.22460648148148155,2.8333333333333335,1.9349074074074073,0.8984259259259262,0.41655092592592596,0.5601851851851852,1.6662037037037039,2.240740740740741,400,equal_participant,False,observed_pretrial_labels_for_both_predictions
H2,H2_train_noage,training,generative_history,offer,stranger,0-8,zero,all,all,heldout,195,106,0.5849056603773585,0.47949292452830194,0.10541273584905653,4.679245283018868,3.8359433962264156,0.8433018867924522,0.4056603773584906,0.552004716981132,3.2452830188679247,4.416037735849056,400,equal_participant,False,observed_pretrial_labels_for_both_predictions
H2,H2_train_noage,training,generative_history,offer,stranger,4-8,positive_positive,all,all,heldout,197,105,0.3333333333333333,0.4785595238095239,-0.14522619047619056,5.333333333333333,5.914238095238096,-0.5809047619047627,0.4142857142857143,0.5477380952380951,5.6571428571428575,6.190952380952381,400,equal_participant,False,observed_pretrial_labels_for_both_predictions
H2,H2_train_noage,training,generative_history,zero_option,stranger,all,positive_positive,all,all,heldout,771,111,0.38110253110253106,0.4777944551694551,-0.09669192406692406,4.247340197340197,4.724394519519519,-0.4770543221793222,0.4342811561561562,0.5234387065637066,4.5395951308451306,4.9299050836550835,400,equal_participant,False,observed_pretrial_labels_for_both_predictions
H2,H2_train_noage,training,generative_history,zero_option,stranger,all,zero,all,all,heldout,583,111,0.6824324324324323,0.4825874624624625,0.19984496996996987,3.0030030030030037,2.254104354354354,0.7488986486486495,0.4409684684684683,0.5231418918918916,2.008573573573573,2.474144144144145,400,equal_participant,False,observed_pretrial_labels_for_both_predictions
H2,H2_train_noage,training,generative_history,run,stranger,all,all,single_run,all,heldout,117,21,0.46014739229024937,0.4741099773242631,-0.013962585034013708,3.221315192743764,3.4483755668934237,-0.22706037414965952,0.38329365079365074,0.5682001133786847,2.981961451247166,3.902103174603175,400,equal_participant,False,observed_pretrial_labels_for_both_predictions
H2,H2_train_noage,training,generative_history,time_bin,stranger,all,all,late,all,heldout,921,111,0.5123025623025621,0.478734638047138,0.0335679242554241,3.6706531206531223,3.607854092729093,0.06279902792402936,0.4432846970346968,0.5122748235248235,3.440911219661219,3.7847802997803006,400,equal_participant,False,observed_pretrial_labels_for_both_predictions
H2,H2_train_noage,training,generative_history,previous_feedback,stranger,all,all,all,reciprocation,heldout,695,111,0.5523416273416275,0.4879933326183326,0.0643482947232949,3.815501215501215,3.630037448162448,0.18546376733876668,0.4484000071500072,0.5228780566280568,3.4357073144573143,3.826117367367368,400,equal_participant,False,observed_pretrial_labels_for_both_predictions
H2,H2_train_noage,training,generative_history,partner,computer,all,all,all,all,heldout,1342,111,0.49848102348102347,0.4720251462126462,0.02645587726837728,3.671527571527572,3.604938365313365,0.06658920621420705,0.44422446547446526,0.5026790439290441,3.453356692106693,3.7680038017538022,400,equal_participant,False,observed_pretrial_labels_for_both_predictions
H2,H2_train_noage,training,generative_history,offer,computer,0-2,zero,all,all,heldout,190,102,0.6764705882352942,0.4854044117647059,0.19106617647058827,1.3529411764705883,0.9708088235294118,0.38213235294117653,0.4117647058823529,0.553921568627451,0.8235294117647058,1.107843137254902,400,equal_participant,False,observed_pretrial_labels_for_both_predictions
H2,H2_train_noage,training,generative_history,offer,computer,0-4,zero,all,all,heldout,189,103,0.616504854368932,0.46692961165048547,0.14957524271844652,2.466019417475728,1.8677184466019419,0.5983009708737861,0.39805825242718446,0.5341019417475726,1.5922330097087378,2.1364077669902906,400,equal_participant,False,observed_pretrial_labels_for_both_predictions
H2,H2_train_noage,training,generative_history,offer,computer,0-8,zero,all,all,heldout,198,104,0.5721153846153846,0.46371394230769236,0.10840144230769222,4.576923076923077,3.709711538461539,0.8672115384615378,0.3894230769230769,0.5240384615384616,3.1153846153846154,4.1923076923076925,400,equal_participant,False,observed_pretrial_labels_for_both_predictions
H2,H2_train_noage,training,generative_history,offer,computer,2-4,positive_positive,all,all,heldout,189,101,0.5,0.48912128712871294,0.010878712871287055,3.0,2.9782425742574254,0.021757425742574554,0.42066831683168315,0.5643564356435643,2.8413366336633663,3.128712871287129,400,equal_participant,False,observed_pretrial_labels_for_both_predictions
H2,H2_train_noage,training,generative_history,offer,computer,2-8,positive_positive,all,all,heldout,383,110,0.39545454545454545,0.46429166666666666,-0.06883712121212121,4.372727272727273,4.78575,-0.41302272727272715,0.41056818181818183,0.5190151515151514,4.463409090909091,5.114090909090908,400,equal_participant,False,observed_pretrial_labels_for_both_predictions
H2,H2_train_noage,training,generative_history,zero_option,computer,all,positive_positive,all,all,heldout,765,111,0.4138888888888889,0.4735328721578722,-0.05964398326898329,4.30948090948091,4.619194283569284,-0.30971337408837396,0.4317712355212356,0.5146208708708708,4.421927820677821,4.824112505362505,400,equal_participant,False,observed_pretrial_labels_for_both_predictions
H2,H2_train_noage,training,generative_history,zero_option,computer,all,zero,all,all,heldout,577,110,0.6177272727272728,0.469875,0.1478522727272728,2.858181818181818,2.240235606060606,0.617946212121212,0.42559848484848484,0.515310606060606,1.9801969696969692,2.486674242424242,400,equal_participant,False,observed_pretrial_labels_for_both_predictions
H2,H2_train_noage,training,generative_history,run,computer,all,all,single_run,all,heldout,103,21,0.46734693877551015,0.4664920634920635,0.0008548752834466322,3.6181405895691614,3.702197278911565,-0.08405668934240351,0.3638208616780046,0.5685997732426302,3.1331462585034013,4.261014739229025,400,equal_participant,False,observed_pretrial_labels_for_both_predictions
H2,H2_train_noage,training,generative_history,time_bin,computer,all,all,late,all,heldout,876,111,0.523132623132623,0.47158439002189,0.05154823311073298,3.704526754526753,3.551661484286484,0.15286527024026908,0.43730305167805184,0.5108374002124001,3.380617206867207,3.7472010797010795,400,equal_participant,False,observed_pretrial_labels_for_both_predictions
H2,H2_train_noage,training,generative_history,time_bin,computer,all,all,middle,all,heldout,466,100,0.47208333333333335,0.4738327976190476,-0.001749464285714264,3.521047619047621,3.563721607142857,-0.04267398809523604,0.4237205357142858,0.5239395833333333,3.3233244047619053,3.8020791666666667,400,equal_participant,False,observed_pretrial_labels_for_both_predictions
H2,H2_train_noage,training,generative_history,previous_feedback,computer,all,all,all,defection,heldout,726,109,0.4653024345684895,0.463847249526722,0.0014551850417675039,3.522059388114434,3.5744028654831403,-0.05234347736870637,0.4238806478944093,0.5074248298846923,3.373612600447462,3.8044369481181404,400,equal_participant,False,observed_pretrial_labels_for_both_predictions
H2,H2_train_noage,training,generative_history,previous_feedback,computer,all,all,all,reciprocation,heldout,616,110,0.5516522366522365,0.4804125836284927,0.0712396530237438,4.095898596353141,3.8041552439984265,0.2917433523547146,0.43639850616555165,0.525370613603568,3.5624180604748767,4.0411726354453625,400,equal_participant,False,observed_pretrial_labels_for_both_predictions
H2,H2_train_noage,training,conditional_history,previous_feedback,stranger,all,all,all,defection,heldout,659,107,0.5022885733166105,0.47001665211097715,0.032271921205633325,3.6139869995010185,3.5535102100481466,0.06047678945287194,0.42905852584590926,0.5159410105730198,3.3520588225377943,3.7709425867486615,400,equal_participant,False,observed_pretrial_labels_for_both_predictions
H2,H2_train_noage,training,generative_history,previous_feedback,stranger,all,all,all,defection,heldout,659,107,0.5022885733166105,0.47041456959447614,0.031874003722134336,3.6139869995010185,3.5572516958638447,0.05673530363717383,0.4244846832814124,0.512042580342814,3.358332001591348,3.7513655918328817,400,equal_participant,False,observed_pretrial_labels_for_both_predictions
H2,H2_train_noage,training,conditional_history,run,friend,all,all,run_1,all,all,1224,90,0.8027216302216302,0.4701001227930493,0.33262150742858093,5.106313316313316,3.5646893164680096,1.5416239998453065,0.43972449541199543,0.495187957875458,3.4154338716838724,3.6834998381248383,400,equal_participant,False,observed_pretrial_labels_for_both_predictions
H2,H2_train_noage,training,conditional_history,run,friend,all,all,run_2,all,all,1232,90,0.7470394420394423,0.47749990020688615,0.26953954183255613,4.823572353572355,3.610108175434653,1.213464178137702,0.44766460853960843,0.5054762136012134,3.4654918877418877,3.74917464017464,400,equal_participant,False,observed_pretrial_labels_for_both_predictions
H2,H2_train_noage,training,conditional_history,run,stranger,all,all,run_1,all,all,1228,90,0.5417985717985716,0.4716789646643838,0.0701196071341878,3.8022410922410907,3.552812293789025,0.24942879845206578,0.44233142783142787,0.5006876410626412,3.407906288156288,3.70188407888408,400,equal_participant,False,observed_pretrial_labels_for_both_predictions
H2,H2_train_noage,training,conditional_history,run,stranger,all,all,run_2,all,all,1237,90,0.5291797708464375,0.4807809757526382,0.04839879509379935,3.7726896560229894,3.6333248498275394,0.13936480619545,0.45319654882154875,0.5089223970473972,3.502657018907018,3.7773199639866304,400,equal_participant,False,observed_pretrial_labels_for_both_predictions
H2,H2_train_noage,training,conditional_history,run,computer,all,all,run_1,all,all,1231,90,0.47361943611943613,0.47190517120988074,0.0017142649095553963,3.474979649979651,3.5487504942948096,-0.07377084431515879,0.4446714281089281,0.5023421717171717,3.408170533170534,3.6965070808820815,400,equal_participant,False,observed_pretrial_labels_for_both_predictions
H2,H2_train_noage,training,conditional_history,run,computer,all,all,run_2,all,all,1239,90,0.5057456432456432,0.4752238640498759,0.030521779195767318,3.6839845339845345,3.592479656552111,0.09150487743242364,0.4486946849446848,0.5059660478410479,3.4462593193843203,3.736724086099086,400,equal_participant,False,observed_pretrial_labels_for_both_predictions
H2,H2_train_noage,training,conditional_history,run,friend,all,all,run_1,all,training,1224,90,0.8027216302216302,0.4701001227930493,0.33262150742858093,5.106313316313316,3.5646893164680096,1.5416239998453065,0.43972449541199543,0.495187957875458,3.4154338716838724,3.6834998381248383,400,equal_participant,False,observed_pretrial_labels_for_both_predictions
H2,H2_train_noage,training,conditional_history,run,stranger,all,all,run_1,all,training,1228,90,0.5417985717985716,0.4716789646643838,0.0701196071341878,3.8022410922410907,3.552812293789025,0.24942879845206578,0.44233142783142787,0.5006876410626412,3.407906288156288,3.70188407888408,400,equal_participant,False,observed_pretrial_labels_for_both_predictions
H2,H2_train_noage,training,conditional_history,offer,computer,0-8,zero,all,all,training,195,103,0.47572815533980584,0.4508036853339299,0.024924470005875943,3.8058252427184467,3.606429482671439,0.19939576004700754,0.3736650485436893,0.5195388349514561,2.9893203883495145,4.156310679611649,400,equal_participant,False,observed_pretrial_labels_for_both_predictions
H2,H2_train_noage,training,conditional_history,run,computer,all,all,run_1,all,training,1231,90,0.47361943611943613,0.47190517120988074,0.0017142649095553963,3.474979649979651,3.5487504942948096,-0.07377084431515879,0.4446714281089281,0.5023421717171717,3.408170533170534,3.6965070808820815,400,equal_participant,False,observed_pretrial_labels_for_both_predictions
H2,H2_train_noage,training,conditional_history,offer,friend,0-8,zero,all,all,heldout,185,99,0.8181818181818182,0.4656028728412726,0.3525789453405456,6.545454545454546,3.724822982730181,2.820631562724365,0.3939393939393939,0.5555555555555556,3.1515151515151514,4.444444444444445,400,equal_participant,False,observed_pretrial_labels_for_both_predictions
H2,H2_train_noage,training,conditional_history,run,friend,all,all,run_2,all,heldout,1232,90,0.7470394420394423,0.47749990020688615,0.26953954183255613,4.823572353572355,3.610108175434653,1.213464178137702,0.44766460853960843,0.5054762136012134,3.4654918877418877,3.74917464017464,400,equal_participant,False,observed_pretrial_labels_for_both_predictions
H2,H2_train_noage,training,conditional_history,time_bin,friend,all,all,middle,all,heldout,365,94,0.7526342451874366,0.47770691133307464,0.27492733385436197,4.469123606889565,3.399373921508931,1.0697496853806339,0.42117907801418414,0.5362405015197567,3.133501139817629,3.6620694022289757,400,equal_participant,False,observed_pretrial_labels_for_both_predictions
H2,H2_train_noage,training,conditional_history,offer,stranger,2-4,positive_positive,all,all,heldout,191,101,0.4900990099009901,0.4877255815952965,0.0023734283056935923,2.98019801980198,2.9754511631905927,0.004746856611387518,0.41089108910891087,0.5643564356435643,2.8217821782178216,3.128712871287129,400,equal_participant,False,observed_pretrial_labels_for_both_predictions
H2,H2_train_noage,training,conditional_history,offer,stranger,2-8,positive_positive,all,all,heldout,383,103,0.37783171521035597,0.47502234737547055,-0.09719063216511459,4.266990291262136,4.850134084252824,-0.583143792990688,0.42392799352750815,0.5283171521035599,4.543567961165048,5.169902912621359,400,equal_participant,False,observed_pretrial_labels_for_both_predictions
H2,H2_train_noage,training,conditional_history,run,stranger,all,all,run_2,all,heldout,1237,90,0.5291797708464375,0.4807809757526382,0.04839879509379935,3.7726896560229894,3.6333248498275394,0.13936480619545,0.45319654882154875,0.5089223970473972,3.502657018907018,3.7773199639866304,400,equal_participant,False,observed_pretrial_labels_for_both_predictions
H2,H2_train_noage,training,conditional_history,time_bin,stranger,all,all,middle,all,heldout,433,95,0.52265664160401,0.4840929259622941,0.03856371564171596,3.7507268170426062,3.6985917741307794,0.0521350429118268,0.4281954887218045,0.5314611528822053,3.4388652882205513,3.9331842105263166,400,equal_participant,False,observed_pretrial_labels_for_both_predictions
H2,H2_train_noage,training,conditional_history,offer,computer,4-8,positive_positive,all,all,heldout,193,100,0.355,0.47460944778867686,-0.11960944778867688,5.42,5.898437791154708,-0.4784377911547084,0.414875,0.545125,5.6595,6.180499999999999,400,equal_participant,False,observed_pretrial_labels_for_both_predictions
H2,H2_train_noage,training,conditional_history,run,computer,all,all,run_2,all,heldout,1239,90,0.5057456432456432,0.4752238640498759,0.030521779195767318,3.6839845339845345,3.592479656552111,0.09150487743242364,0.4486946849446848,0.5059660478410479,3.4462593193843203,3.736724086099086,400,equal_participant,False,observed_pretrial_labels_for_both_predictions
H2,H2_train_noage,training,generative_history,run,friend,all,all,run_1,all,all,1224,90,0.8027216302216302,0.46984377173752173,0.3328778584841085,5.106313316313316,3.562089109501609,1.5442242068117071,0.437995724183224,0.49793000286750294,3.404508274133274,3.707978151478152,400,equal_participant,False,observed_pretrial_labels_for_both_predictions
H2,H2_train_noage,training,generative_history,run,friend,all,all,run_2,all,all,1232,90,0.7470394420394423,0.4774824402449402,0.2695570017945021,4.823572353572355,3.6085873774373773,1.2149849761349776,0.44871941946941934,0.5079443010693011,3.463542735042735,3.7635989658489657,400,equal_participant,False,observed_pretrial_labels_for_both_predictions
H2,H2_train_noage,training,generative_history,run,stranger,all,all,run_1,all,all,1228,90,0.5417985717985716,0.4724383741258741,0.06936019767269752,3.8022410922410907,3.558155338180338,0.2440857540607526,0.44349645724645714,0.49993062030562035,3.43629341029341,3.698297258297259,400,equal_participant,False,observed_pretrial_labels_for_both_predictions
H2,H2_train_noage,training,generative_history,run,stranger,all,all,run_2,all,all,1237,90,0.5291797708464375,0.4815708612375279,0.04760890960890962,3.7726896560229894,3.6377514491681158,0.13493820685487368,0.4541106501523168,0.5091187901604568,3.4953078094744763,3.780623789790457,400,equal_participant,False,observed_pretrial_labels_for_both_predictions
H2,H2_train_noage,training,generative_history,run,computer,all,all,run_1,all,all,1231,90,0.47361943611943613,0.4719187201687201,0.0017007159507160252,3.474979649979651,3.547290926665927,-0.07231127668627613,0.43979984136234107,0.498071847134347,3.3840666509416515,3.6826897870647866,400,equal_participant,False,observed_pretrial_labels_for_both_predictions
H2,H2_train_noage,training,generative_history,run,computer,all,all,run_2,all,all,1239,90,0.5057456432456432,0.4733161988474488,0.032429444398194396,3.6839845339845345,3.582244618807118,0.10173991517741632,0.4458184639434638,0.503435199060199,3.4399181142931132,3.716722582972583,400,equal_participant,False,observed_pretrial_labels_for_both_predictions
H2,H2_train_noage,training,generative_history,run,friend,all,all,run_1,all,training,1224,90,0.8027216302216302,0.46984377173752173,0.3328778584841085,5.106313316313316,3.562089109501609,1.5442242068117071,0.437995724183224,0.49793000286750294,3.404508274133274,3.707978151478152,400,equal_participant,False,observed_pretrial_labels_for_both_predictions
H2,H2_train_noage,training,generative_history,run,stranger,all,all,run_1,all,training,1228,90,0.5417985717985716,0.4724383741258741,0.06936019767269752,3.8022410922410907,3.558155338180338,0.2440857540607526,0.44349645724645714,0.49993062030562035,3.43629341029341,3.698297258297259,400,equal_participant,False,observed_pretrial_labels_for_both_predictions
H2,H2_train_noage,training,generative_history,offer,computer,0-8,zero,all,all,training,195,103,0.47572815533980584,0.44925970873786414,0.026468446601941698,3.8058252427184467,3.594077669902913,0.21174757281553358,0.38349514563106796,0.5242718446601942,3.0679611650485437,4.194174757281553,400,equal_participant,False,observed_pretrial_labels_for_both_predictions
H2,H2_train_noage,training,generative_history,run,computer,all,all,run_1,all,training,1231,90,0.47361943611943613,0.4719187201687201,0.0017007159507160252,3.474979649979651,3.547290926665927,-0.07231127668627613,0.43979984136234107,0.498071847134347,3.3840666509416515,3.6826897870647866,400,equal_participant,False,observed_pretrial_labels_for_both_predictions
H2,H2_train_noage,training,generative_history,offer,friend,0-8,zero,all,all,heldout,185,99,0.8181818181818182,0.4626262626262626,0.3555555555555556,6.545454545454546,3.701010101010101,2.844444444444445,0.3888888888888889,0.5303030303030303,3.111111111111111,4.242424242424242,400,equal_participant,False,observed_pretrial_labels_for_both_predictions
H2,H2_train_noage,training,generative_history,run,friend,all,all,run_2,all,heldout,1232,90,0.7470394420394423,0.4774824402449402,0.2695570017945021,4.823572353572355,3.6085873774373773,1.2149849761349776,0.44871941946941934,0.5079443010693011,3.463542735042735,3.7635989658489657,400,equal_participant,False,observed_pretrial_labels_for_both_predictions
H2,H2_train_noage,training,generative_history,time_bin,friend,all,all,middle,all,heldout,365,94,0.7526342451874366,0.4791453267477204,0.2734889184397162,4.469123606889565,3.403311233535968,1.0658123733535971,0.4217046605876393,0.5345032294832828,3.153636018237082,3.6652862208713257,400,equal_participant,False,observed_pretrial_labels_for_both_predictions
H2,H2_train_noage,training,generative_history,offer,stranger,2-4,positive_positive,all,all,heldout,191,101,0.4900990099009901,0.48667079207920794,0.0034282178217821535,2.98019801980198,2.9733415841584154,0.006856435643564751,0.4158415841584158,0.5544554455445545,2.8316831683168315,3.108910891089109,400,equal_participant,False,observed_pretrial_labels_for_both_predictions
H2,H2_train_noage,training,generative_history,offer,stranger,2-8,positive_positive,all,all,heldout,383,103,0.37783171521035597,0.4742718446601941,-0.09644012944983815,4.266990291262136,4.845631067961165,-0.5786407766990287,0.42550566343042073,0.5283171521035599,4.553033980582525,5.169902912621359,400,equal_participant,False,observed_pretrial_labels_for_both_predictions
H2,H2_train_noage,training,generative_history,run,stranger,all,all,run_2,all,heldout,1237,90,0.5291797708464375,0.4815708612375279,0.04760890960890962,3.7726896560229894,3.6377514491681158,0.13493820685487368,0.4541106501523168,0.5091187901604568,3.4953078094744763,3.780623789790457,400,equal_participant,False,observed_pretrial_labels_for_both_predictions
H2,H2_train_noage,training,generative_history,time_bin,stranger,all,all,middle,all,heldout,433,95,0.52265664160401,0.48326246867167927,0.03939417293233077,3.7507268170426062,3.6966515037593983,0.054075313283207915,0.42897274436090216,0.5363079573934838,3.4429705513784463,3.9215513784461167,400,equal_participant,False,observed_pretrial_labels_for_both_predictions
H2,H2_train_noage,training,generative_history,offer,computer,4-8,positive_positive,all,all,heldout,193,100,0.355,0.475025,-0.12002499999999999,5.42,5.9001,-0.4801000000000002,0.405,0.545125,5.62,6.180499999999999,400,equal_participant,False,observed_pretrial_labels_for_both_predictions
H2,H2_train_noage,training,generative_history,run,computer,all,all,run_2,all,heldout,1239,90,0.5057456432456432,0.4733161988474488,0.032429444398194396,3.6839845339845345,3.582244618807118,0.10173991517741632,0.4458184639434638,0.503435199060199,3.4399181142931132,3.716722582972583,400,equal_participant,False,observed_pretrial_labels_for_both_predictions
