model,source_run,posterior_fit_window,prediction_type,stratification,partner,offer_pair,zero_option,run_or_bin,previous_feedback,evaluation_period,n_trials,n_participants,observed_high,predicted_high,residual_high,observed_investment,predicted_investment,residual_investment,predictive_interval_low,predictive_interval_high,investment_predictive_interval_low,investment_predictive_interval_high,posterior_draws,cell_weighting,sparse_cell,history_strata
H8,H8_train_noage,training,conditional_history,partner,friend,all,all,all,all,all,2745,111,0.7787168939641232,0.5537919133252186,0.22492498063890465,4.963929540869012,3.991244833203011,0.972684707666001,0.5300342949513877,0.573341293252632,3.8826593476644633,4.104285869357268,400,equal_participant,False,observed_pretrial_labels_for_both_predictions
H8,H8_train_noage,training,conditional_history,offer,friend,0-2,zero,all,all,all,390,111,0.8821321321321322,0.5324229135523547,0.34970921857977744,1.7642642642642643,1.0648458271047094,0.6994184371595549,0.48489114114114107,0.587087087087087,0.9697822822822821,1.174174174174174,400,equal_participant,False,observed_pretrial_labels_for_both_predictions
H8,H8_train_noage,training,conditional_history,offer,friend,0-4,zero,all,all,all,395,111,0.8746246246246245,0.565858762681855,0.30876586194276956,3.498498498498498,2.26343505072742,1.2350634477710782,0.512012012012012,0.6148648648648649,2.048048048048048,2.4594594594594597,400,equal_participant,False,observed_pretrial_labels_for_both_predictions
H8,H8_train_noage,training,conditional_history,offer,friend,0-8,zero,all,all,all,386,111,0.8603603603603603,0.5539078305174441,0.30645252984291627,6.882882882882883,4.431262644139553,2.45162023874333,0.5037537537537538,0.6096471471471472,4.03003003003003,4.8771771771771775,400,equal_participant,False,observed_pretrial_labels_for_both_predictions
H8,H8_train_noage,training,conditional_history,offer,friend,2-4,positive_positive,all,all,all,389,111,0.7897897897897898,0.530884376010742,0.25890541377904774,3.5795795795795797,3.061768752021484,0.5178108275580957,0.4819632132132132,0.5810810810810809,2.9639264264264265,3.1621621621621623,400,equal_participant,False,observed_pretrial_labels_for_both_predictions
H8,H8_train_noage,training,conditional_history,offer,friend,2-8,positive_positive,all,all,all,788,111,0.7037859287859287,0.5756567196889925,0.12812920909693626,6.222715572715573,5.453940318133955,0.7687752545816178,0.5391814135564136,0.6173721042471042,5.2350884813384795,5.704232625482625,400,equal_participant,False,observed_pretrial_labels_for_both_predictions
H8,H8_train_noage,training,conditional_history,offer,friend,4-8,positive_positive,all,all,all,397,111,0.6373873873873874,0.5426523571233249,0.09473503026406249,6.54954954954955,6.170609428493298,0.3789401210562513,0.493993993993994,0.5901276276276276,5.9759759759759765,6.36051051051051,400,equal_participant,False,observed_pretrial_labels_for_both_predictions
H8,H8_train_noage,training,conditional_history,zero_option,friend,all,positive_positive,all,all,all,1574,111,0.7076362076362074,0.5560017097404443,0.1516344978957631,5.6486271986271985,5.0421017372254795,0.606525461401719,0.5291181359931361,0.583597972972973,4.900973830973832,5.184134223509224,400,equal_participant,False,observed_pretrial_labels_for_both_predictions
H8,H8_train_noage,training,conditional_history,zero_option,friend,all,zero,all,all,all,1171,111,0.8755115505115504,0.5507679827914831,0.3247435677200673,4.044227344227349,2.5751923129308114,1.4690350312965377,0.5189004264004264,0.5827729027729027,2.425064723814724,2.736258710008711,400,equal_participant,False,observed_pretrial_labels_for_both_predictions
H8,H8_train_noage,training,conditional_history,run,friend,all,all,single_run,all,all,289,21,0.795133437990581,0.5348093135765434,0.2603241244140376,4.971742543171114,3.858877947374627,1.1128645957964873,0.4711930926216641,0.5919086865515435,3.5239926739926735,4.1692176870748305,400,equal_participant,False,observed_pretrial_labels_for_both_predictions
H8,H8_train_noage,training,conditional_history,time_bin,friend,all,all,early,all,all,950,111,0.8238462488462486,0.5088106163540165,0.3150356324922321,5.312652912652913,3.8104461547076003,1.5022067579453129,0.4744158444158444,0.5378319878319876,3.64223977223977,3.9668912418912425,400,equal_participant,False,observed_pretrial_labels_for_both_predictions
H8,H8_train_noage,training,conditional_history,time_bin,friend,all,all,late,all,all,956,111,0.751151626151626,0.5811385967988474,0.17001302935277862,4.863816613816613,4.180335846450585,0.6834807673660279,0.5450536444286445,0.6176971589471589,4.015395670395671,4.361116734866733,400,equal_participant,False,observed_pretrial_labels_for_both_predictions
H8,H8_train_noage,training,conditional_history,time_bin,friend,all,all,middle,all,all,839,111,0.7689247939247938,0.5705589709011726,0.19836582302362127,4.665890965890965,3.917337802076689,0.7485531638142757,0.5325747381997382,0.6050190225190224,3.7479574342074335,4.077385123635124,400,equal_participant,False,observed_pretrial_labels_for_both_predictions
H8,H8_train_noage,training,conditional_history,previous_feedback,friend,all,all,all,defection,all,1321,111,0.7549592049592048,0.5405409867307257,0.21441821822847906,5.002802102802102,4.029920494303183,0.9728816084989189,0.511091794841795,0.5703665197415199,3.8787808062808065,4.178396805896804,400,equal_participant,False,observed_pretrial_labels_for_both_predictions
H8,H8_train_noage,training,conditional_history,previous_feedback,friend,all,all,all,no_previous,all,112,111,0.9234234234234234,0.3987839674665787,0.5246394559568448,6.09009009009009,3.576746638080569,2.5133434520095213,0.3063063063063063,0.49099099099099097,3.152702702702703,3.963963963963964,400,equal_participant,False,observed_pretrial_labels_for_both_predictions
H8,H8_train_noage,training,conditional_history,previous_feedback,friend,all,all,all,reciprocation,all,1312,111,0.7922443047443046,0.5818991319288795,0.21034517281542509,4.829201454201453,3.993276472163945,0.8359249820375076,0.5478449775324775,0.6106057396682396,3.8308838440088437,4.138441016566016,400,equal_participant,False,observed_pretrial_labels_for_both_predictions
H8,H8_train_noage,training,conditional_history,partner,stranger,all,all,all,all,all,2752,111,0.5190448454674238,0.5551312518669768,-0.03608640639955296,3.712182180252357,4.00981513260071,-0.29763295234835274,0.5321538950287995,0.5791749853326893,3.8939909663479466,4.127172653617734,400,equal_participant,False,observed_pretrial_labels_for_both_predictions
H8,H8_train_noage,training,conditional_history,offer,stranger,0-2,zero,all,all,all,394,111,0.7575075075075075,0.528817079592434,0.22869042791507355,1.515015015015015,1.057634159184868,0.4573808558301471,0.4804804804804805,0.5833333333333334,0.960960960960961,1.1666666666666667,400,equal_participant,False,observed_pretrial_labels_for_both_predictions
H8,H8_train_noage,training,conditional_history,offer,stranger,0-4,zero,all,all,all,388,111,0.7064564564564565,0.5583160245600902,0.14814043189636628,2.825825825825826,2.233264098240361,0.5925617275854651,0.5112612612612613,0.613382132132132,2.045045045045045,2.453528528528528,400,equal_participant,False,observed_pretrial_labels_for_both_predictions
H8,H8_train_noage,training,conditional_history,offer,stranger,0-8,zero,all,all,all,388,111,0.5893393393393394,0.5902512216657241,-0.0009118823263847275,4.714714714714715,4.722009773325793,-0.00729505861107782,0.539039039039039,0.6493993993993994,4.312312312312312,5.195195195195195,400,equal_participant,False,observed_pretrial_labels_for_both_predictions
H8,H8_train_noage,training,conditional_history,offer,stranger,2-4,positive_positive,all,all,all,398,111,0.47822822822822825,0.525842657606713,-0.04761442937848476,2.956456456456457,3.0516853152134265,-0.09522885875696963,0.47518768768768777,0.5766328828828828,2.9503753753753754,3.153265765765765,400,equal_participant,False,observed_pretrial_labels_for_both_predictions
H8,H8_train_noage,training,conditional_history,offer,stranger,2-8,positive_positive,all,all,all,791,111,0.392996567996568,0.5664330339118975,-0.17343646591532946,4.357979407979408,5.398598203471385,-1.0406187954919774,0.5284169884169885,0.6012848562848563,5.170501930501931,5.607709137709138,400,equal_participant,False,observed_pretrial_labels_for_both_predictions
H8,H8_train_noage,training,conditional_history,offer,stranger,4-8,positive_positive,all,all,all,393,111,0.3288288288288289,0.5502980379855793,-0.2214692091567504,5.315315315315316,6.201192151942316,-0.8858768366270002,0.5006381381381382,0.6036223723723722,6.002552552552554,6.41448948948949,400,equal_participant,False,observed_pretrial_labels_for_both_predictions
H8,H8_train_noage,training,conditional_history,zero_option,stranger,all,positive_positive,all,all,all,1582,111,0.3976950976950978,0.5521163129339361,-0.15442121523883834,4.241932841932842,5.007843528792,-0.7659106868591579,0.5252072120822121,0.58225068006318,4.877200528450527,5.143403387153388,400,equal_participant,False,observed_pretrial_labels_for_both_predictions
H8,H8_train_noage,training,conditional_history,zero_option,stranger,all,zero,all,all,all,1170,111,0.685289835289835,0.559184372188521,0.12610546310131399,3.0025753025753033,2.655435656785754,0.34713964578954926,0.5285507666757665,0.5925606288106285,2.4939911502411514,2.838206160706161,400,equal_participant,False,observed_pretrial_labels_for_both_predictions
H8,H8_train_noage,training,conditional_history,run,stranger,all,all,single_run,all,all,287,21,0.4468428396999826,0.5361927182337278,-0.08934987853374521,3.3790336647479498,3.9019103880113057,-0.522876723263356,0.4735358887144602,0.598171768707483,3.5686529740101163,4.184809436595151,400,equal_participant,False,observed_pretrial_labels_for_both_predictions
H8,H8_train_noage,training,conditional_history,time_bin,stranger,all,all,early,all,all,938,111,0.4997546247546247,0.5104385749773261,-0.010683950222701466,3.717043667043666,3.825682801260909,-0.10863913421724325,0.47715303777803764,0.5432195994695994,3.671170862420862,3.9808387933387928,400,equal_participant,False,observed_pretrial_labels_for_both_predictions
H8,H8_train_noage,training,conditional_history,time_bin,stranger,all,all,late,all,all,921,111,0.5123025623025621,0.5803161836349013,-0.06801362133233924,3.6706531206531223,4.144492283716653,-0.473839163063531,0.5459990022490022,0.6173492729742729,3.9440283627783637,4.338741533741535,400,equal_participant,False,observed_pretrial_labels_for_both_predictions
H8,H8_train_noage,training,conditional_history,time_bin,stranger,all,all,middle,all,all,893,111,0.5363206863206863,0.5708863794183096,-0.03456569309762325,3.769345719345718,4.086616433311346,-0.3172707139656281,0.5335018153768154,0.6119182325432324,3.8989613002113006,4.289552314552314,400,equal_participant,False,observed_pretrial_labels_for_both_predictions
H8,H8_train_noage,training,conditional_history,previous_feedback,stranger,all,all,all,defection,all,1309,111,0.4927447912742031,0.5426432078694455,-0.04989841659524241,3.6036395212865813,3.938240301321644,-0.3346007800350628,0.5105089379721732,0.575610346566229,3.7873091628238678,4.112165475364004,400,equal_participant,False,observed_pretrial_labels_for_both_predictions
H8,H8_train_noage,training,conditional_history,previous_feedback,stranger,all,all,all,no_previous,all,123,111,0.6081081081081081,0.405837947561014,0.20227016054709412,4.063063063063064,3.297322787758375,0.7657402753046889,0.3257132132132132,0.48348348348348347,2.9096846846846844,3.717792792792793,400,equal_participant,False,observed_pretrial_labels_for_both_predictions
H8,H8_train_noage,training,conditional_history,previous_feedback,stranger,all,all,all,reciprocation,all,1320,111,0.5491973241973241,0.5833450232464922,-0.034147699049168034,3.852864527864527,4.1678133479499815,-0.31494882008545444,0.5484323218698217,0.6146114311739312,3.988016595516596,4.324376507501508,400,equal_participant,False,observed_pretrial_labels_for_both_predictions
H8,H8_train_noage,training,conditional_history,partner,computer,all,all,all,all,all,2754,111,0.48026954526954524,0.5507178550884179,-0.07044830981887262,3.5342567607479887,3.9770504631977754,-0.4427937024497868,0.5249943456434685,0.5740322584467322,3.858321993370238,4.0910217919253,400,equal_participant,False,observed_pretrial_labels_for_both_predictions
H8,H8_train_noage,training,conditional_history,offer,computer,0-2,zero,all,all,all,395,111,0.6584084084084084,0.5287939910614048,0.12961441734700363,1.3168168168168168,1.0575879821228096,0.25922883469400726,0.4714339339339339,0.580349099099099,0.9428678678678678,1.160698198198198,400,equal_participant,False,observed_pretrial_labels_for_both_predictions
H8,H8_train_noage,training,conditional_history,offer,computer,0-4,zero,all,all,all,392,111,0.6006006006006005,0.5540560291959472,0.04654457140465329,2.402402402402402,2.216224116783789,0.18617828561861316,0.5059872372372374,0.6081268768768768,2.0239489489489495,2.4325075075075073,400,equal_participant,False,observed_pretrial_labels_for_both_predictions
H8,H8_train_noage,training,conditional_history,offer,computer,0-8,zero,all,all,all,393,111,0.5157657657657658,0.5680774508918731,-0.05231168512610729,4.126126126126127,4.544619607134985,-0.4184934810088583,0.5179617117117118,0.6186373873873873,4.143693693693694,4.949099099099098,400,equal_participant,False,observed_pretrial_labels_for_both_predictions
H8,H8_train_noage,training,conditional_history,offer,computer,2-4,positive_positive,all,all,all,396,111,0.4872372372372373,0.5248833246797734,-0.037646087442536114,2.974474474474474,3.049766649359547,-0.07529217488507278,0.47743993993993994,0.5743430930930931,2.9548798798798805,3.148686186186186,400,equal_participant,False,observed_pretrial_labels_for_both_predictions
H8,H8_train_noage,training,conditional_history,offer,computer,2-8,positive_positive,all,all,all,783,111,0.3788610038610038,0.5666420253339217,-0.18778102147291792,4.273166023166023,5.39985215200353,-1.1266861288375072,0.529488416988417,0.6027388996138997,5.176930501930501,5.616433397683397,400,equal_participant,False,observed_pretrial_labels_for_both_predictions
H8,H8_train_noage,training,conditional_history,offer,computer,4-8,positive_positive,all,all,all,395,111,0.3498498498498498,0.5470192251639089,-0.1971693753140591,5.399399399399399,6.188076900655635,-0.7886775012562364,0.49620870870870865,0.5975975975975977,5.984834834834834,6.390390390390389,400,equal_participant,False,observed_pretrial_labels_for_both_predictions
H8,H8_train_noage,training,conditional_history,zero_option,computer,all,positive_positive,all,all,all,1574,111,0.3994088869088869,0.5516295905538773,-0.1522207036449904,4.232414832414832,5.008781253831753,-0.7763664214169212,0.5245474457974458,0.580001845939346,4.875110556985557,5.1456677831677835,400,equal_participant,False,observed_pretrial_labels_for_both_predictions
H8,H8_train_noage,training,conditional_history,zero_option,computer,all,zero,all,all,all,1180,111,0.5905015405015404,0.5495720762550937,0.04092946424644661,2.6131157131157123,2.601442430840395,0.011673282275317387,0.5163687551187552,0.5780023692523693,2.436223041223042,2.750126652626653,400,equal_participant,False,observed_pretrial_labels_for_both_predictions
H8,H8_train_noage,training,conditional_history,run,computer,all,all,single_run,all,all,284,21,0.4404127618413332,0.5337027637394129,-0.09329000189807973,3.3466137037565615,3.8978780748129522,-0.5512643710563907,0.4711173746888033,0.5962552328623758,3.5785298035298028,4.213165009593581,400,equal_participant,False,observed_pretrial_labels_for_both_predictions
H8,H8_train_noage,training,conditional_history,time_bin,computer,all,all,early,all,all,859,111,0.4725676975676976,0.4999292982588328,-0.02736160069113519,3.4487259987260006,3.660994788430271,-0.21226878970427032,0.45866785616785616,0.5373349323349323,3.4733735846235843,3.8343358780858776,400,equal_participant,False,observed_pretrial_labels_for_both_predictions
H8,H8_train_noage,training,conditional_history,time_bin,computer,all,all,late,all,all,876,111,0.523132623132623,0.5755634928551611,-0.052430869722538076,3.704526754526753,4.095402644554886,-0.39087589002813283,0.5385022816272818,0.6116442891442891,3.8956154481154477,4.291205963705963,400,equal_participant,False,observed_pretrial_labels_for_both_predictions
H8,H8_train_noage,training,conditional_history,time_bin,computer,all,all,middle,all,all,1019,111,0.45108902608902623,0.5688468758968318,-0.11775784980780557,3.4197058197058188,4.088779146146228,-0.6690733264404094,0.5328493497243498,0.6009789134789133,3.910724358224359,4.257322609822608,400,equal_participant,False,observed_pretrial_labels_for_both_predictions
H8,H8_train_noage,training,conditional_history,previous_feedback,computer,all,all,all,defection,all,1370,111,0.4542325887914125,0.5406326080715537,-0.08640001928014118,3.414402715873303,3.8985558465064343,-0.4841531306331315,0.5083851715653185,0.5718112961862961,3.7511232207555736,4.053511157812626,400,equal_participant,False,observed_pretrial_labels_for_both_predictions
H8,H8_train_noage,training,conditional_history,previous_feedback,computer,all,all,all,no_previous,all,130,111,0.45495495495495497,0.3920276673339062,0.06292728762104877,3.972972972972973,3.628454637201701,0.344518335771272,0.3063063063063063,0.47759009009009,3.179954954954955,4.12635135135135,400,equal_participant,False,observed_pretrial_labels_for_both_predictions
H8,H8_train_noage,training,conditional_history,previous_feedback,computer,all,all,all,reciprocation,all,1254,111,0.5255488130488132,0.5797906875707541,-0.05424187452194096,3.73904878904879,4.163174022608144,-0.4241252335593546,0.5488974979599979,0.6113651107401107,3.993743533743532,4.3177685146435145,400,equal_participant,False,observed_pretrial_labels_for_both_predictions
H8,H8_train_noage,training,conditional_history,partner,friend,all,all,all,all,training,1424,111,0.8064980314980315,0.531876669904113,0.2746213615939185,5.135605235605238,3.8807162430032975,1.2548889926019409,0.5064033101533102,0.5565654703154703,3.7550409712909723,4.0160770448270435,400,equal_participant,False,observed_pretrial_labels_for_both_predictions
H8,H8_train_noage,training,conditional_history,offer,friend,0-2,zero,all,all,training,200,110,0.8954545454545455,0.5268587991058378,0.36859574634870773,1.790909090909091,1.0537175982116755,0.7371914926974155,0.45443181818181816,0.5910227272727272,0.9088636363636363,1.1820454545454544,400,equal_participant,False,observed_pretrial_labels_for_both_predictions
H8,H8_train_noage,training,conditional_history,offer,friend,0-4,zero,all,all,training,203,107,0.897196261682243,0.5580308879869079,0.33916537369533506,3.588785046728972,2.2321235519476317,1.3566614947813402,0.4905373831775701,0.6216121495327102,1.9621495327102805,2.4864485981308406,400,equal_participant,False,observed_pretrial_labels_for_both_predictions
H8,H8_train_noage,training,conditional_history,offer,friend,0-8,zero,all,all,training,201,109,0.908256880733945,0.5032910217504,0.404965858983545,7.26605504587156,4.0263281740032,3.23972687186836,0.4402522935779817,0.5643348623853209,3.5220183486238534,4.5146788990825675,400,equal_participant,False,observed_pretrial_labels_for_both_predictions
H8,H8_train_noage,training,conditional_history,offer,friend,2-4,positive_positive,all,all,training,199,108,0.8101851851851852,0.5200599331986371,0.29012525198654815,3.6203703703703702,3.040119866397274,0.5802505039730961,0.4537037037037037,0.5925925925925926,2.9074074074074074,3.185185185185185,400,equal_participant,False,observed_pretrial_labels_for_both_predictions
H8,H8_train_noage,training,conditional_history,offer,friend,2-8,positive_positive,all,all,training,418,111,0.7327327327327329,0.5542279340213896,0.17850479871134328,6.396396396396397,5.325367604128337,1.0710287922680601,0.512743993993994,0.602102102102102,5.076463963963964,5.612612612612613,400,equal_participant,False,observed_pretrial_labels_for_both_predictions
H8,H8_train_noage,training,conditional_history,offer,friend,4-8,positive_positive,all,all,training,203,110,0.6863636363636364,0.513746115298177,0.17261752106545936,6.745454545454545,6.054984461192707,0.6904700842618379,0.44534090909090907,0.5773863636363635,5.781363636363637,6.309545454545455,400,equal_participant,False,observed_pretrial_labels_for_both_predictions
H8,H8_train_noage,training,conditional_history,zero_option,friend,all,positive_positive,all,all,training,820,111,0.738953238953239,0.5364677402927829,0.20248549866045618,5.817417417417418,4.961201546868313,0.8562158705491045,0.5062888781638782,0.5728273809523807,4.813573037323035,5.122741848991849,400,equal_participant,False,observed_pretrial_labels_for_both_predictions
H8,H8_train_noage,training,conditional_history,zero_option,friend,all,zero,all,all,training,604,111,0.9010510510510508,0.5260314319263464,0.3750196191247044,4.223723723723726,2.4196233008579493,1.8041004228657767,0.48527777777777786,0.5656306306306309,2.2137987987987993,2.6192567567567577,400,equal_participant,False,observed_pretrial_labels_for_both_predictions
H8,H8_train_noage,training,conditional_history,run,friend,all,all,single_run,all,training,200,21,0.8226826083968942,0.5184680009999793,0.30421460739691497,5.261142032570605,3.857898676526425,1.4032433560441802,0.44310451453308597,0.5849706675599532,3.4559403559403563,4.208521438878582,400,equal_participant,False,observed_pretrial_labels_for_both_predictions
H8,H8_train_noage,training,conditional_history,time_bin,friend,all,all,early,all,training,950,111,0.8238462488462486,0.5088106163540165,0.3150356324922321,5.312652912652913,3.8104461547076003,1.5022067579453129,0.4744158444158444,0.5378319878319876,3.64223977223977,3.9668912418912425,400,equal_participant,False,observed_pretrial_labels_for_both_predictions
H8,H8_train_noage,training,conditional_history,time_bin,friend,all,all,middle,all,training,474,111,0.7784069784069781,0.567638720411094,0.21076825799588417,4.8404404404404415,3.9701402236923844,0.8703002167480571,0.521586407836408,0.6073875661375661,3.76699091949092,4.173657586157586,400,equal_participant,False,observed_pretrial_labels_for_both_predictions
H8,H8_train_noage,training,conditional_history,previous_feedback,friend,all,all,all,defection,training,680,111,0.7834799084799081,0.5177800516888034,0.26569985679110475,5.213913913913915,3.9400192187760696,1.2738946951378454,0.47923593236093254,0.5522526991276994,3.73951522951523,4.098144930644929,400,equal_participant,False,observed_pretrial_labels_for_both_predictions
H8,H8_train_noage,training,conditional_history,previous_feedback,friend,all,all,all,no_previous,training,112,111,0.9234234234234234,0.3987839674665787,0.5246394559568448,6.09009009009009,3.576746638080569,2.5133434520095213,0.3063063063063063,0.49099099099099097,3.152702702702703,3.963963963963964,400,equal_participant,False,observed_pretrial_labels_for_both_predictions
H8,H8_train_noage,training,conditional_history,previous_feedback,friend,all,all,all,reciprocation,training,632,111,0.8201415701415703,0.57285032788884,0.24729124225273025,4.842771342771341,3.836011883192506,1.0067594595788352,0.5307799764049762,0.6124487880737882,3.651952488202488,4.027659802659802,400,equal_participant,False,observed_pretrial_labels_for_both_predictions
H8,H8_train_noage,training,conditional_history,partner,stranger,all,all,all,all,training,1398,111,0.5187398687398684,0.5315049311422969,-0.012765062402428473,3.725369225369225,3.889069836365898,-0.16370061099667277,0.5050690944440945,0.5601028182278182,3.750459882959882,4.027650983900982,400,equal_participant,False,observed_pretrial_labels_for_both_predictions
H8,H8_train_noage,training,conditional_history,offer,stranger,0-2,zero,all,all,training,200,107,0.7616822429906542,0.519423555475026,0.24225868751562818,1.5233644859813085,1.038847110950052,0.48451737503125636,0.4532710280373832,0.5934579439252337,0.9065420560747663,1.1869158878504673,400,equal_participant,False,observed_pretrial_labels_for_both_predictions
H8,H8_train_noage,training,conditional_history,offer,stranger,0-4,zero,all,all,training,194,109,0.7110091743119266,0.5420251727845339,0.16898400152739268,2.8440366972477062,2.1681006911381355,0.6759360061095707,0.4723623853211009,0.6146788990825688,1.8894495412844037,2.458715596330275,400,equal_participant,False,observed_pretrial_labels_for_both_predictions
H8,H8_train_noage,training,conditional_history,offer,stranger,0-8,zero,all,all,training,193,107,0.5981308411214953,0.5626479034278062,0.03548293769368904,4.785046728971962,4.50118322742245,0.28386350154951234,0.48598130841121495,0.6261682242990654,3.8878504672897196,5.009345794392523,400,equal_participant,False,observed_pretrial_labels_for_both_predictions
H8,H8_train_noage,training,conditional_history,offer,stranger,2-4,positive_positive,all,all,training,207,109,0.47706422018348627,0.5133347163514841,-0.03627049616799782,2.9541284403669725,3.0266694327029677,-0.0725409923359952,0.4494266055045872,0.5825688073394495,2.8988532110091745,3.165137614678899,400,equal_participant,False,observed_pretrial_labels_for_both_predictions
H8,H8_train_noage,training,conditional_history,offer,stranger,2-8,positive_positive,all,all,training,408,110,0.396969696969697,0.5325933488709707,-0.13562365190127368,4.381818181818182,5.195560093225825,-0.813741911407643,0.4855871212121213,0.5856060606060607,4.913522727272728,5.513636363636364,400,equal_participant,False,observed_pretrial_labels_for_both_predictions
H8,H8_train_noage,training,conditional_history,offer,stranger,4-8,positive_positive,all,all,training,196,108,0.3287037037037037,0.5312883170848578,-0.20258461338115408,5.314814814814815,6.125153268339432,-0.8103384535246168,0.46296296296296297,0.5973379629629628,5.851851851851852,6.389351851851852,400,equal_participant,False,observed_pretrial_labels_for_both_predictions
H8,H8_train_noage,training,conditional_history,zero_option,stranger,all,positive_positive,all,all,training,811,111,0.40072930072930085,0.5268909942995452,-0.12616169357024437,4.256327756327757,4.873485426713357,-0.6171576703856001,0.4907794401544402,0.5629174710424709,4.700786679536679,5.039417631917631,400,equal_participant,False,observed_pretrial_labels_for_both_predictions
H8,H8_train_noage,training,conditional_history,zero_option,stranger,all,zero,all,all,training,587,111,0.6873873873873872,0.5392291109419183,0.14815827644546897,3.0159159159159157,2.5344511960142455,0.48146471990167017,0.49921921921921913,0.5830518018018019,2.3124924924924932,2.755780780780781,400,equal_participant,False,observed_pretrial_labels_for_both_predictions
H8,H8_train_noage,training,conditional_history,run,stranger,all,all,single_run,all,training,170,21,0.41991685563114134,0.5075135119386613,-0.08759665630752,3.395918367346939,3.838752938029901,-0.4428345706829617,0.4360685941043084,0.5806259448223733,3.4206131897203322,4.189464285714285,400,equal_participant,False,observed_pretrial_labels_for_both_predictions
H8,H8_train_noage,training,conditional_history,time_bin,stranger,all,all,early,all,training,938,111,0.4997546247546247,0.5104385749773261,-0.010683950222701466,3.717043667043666,3.825682801260909,-0.10863913421724325,0.47715303777803764,0.5432195994695994,3.671170862420862,3.9808387933387928,400,equal_participant,False,observed_pretrial_labels_for_both_predictions
H8,H8_train_noage,training,conditional_history,time_bin,stranger,all,all,middle,all,training,460,111,0.5581295581295581,0.5676719388544869,-0.009542380724928745,3.795795795795796,4.0030985404272075,-0.20730274463141152,0.5190915915915916,0.6182823895323895,3.7689886314886314,4.2517706992707005,400,equal_participant,False,observed_pretrial_labels_for_both_predictions
H8,H8_train_noage,training,conditional_history,previous_feedback,stranger,all,all,all,defection,training,650,111,0.5120656370656372,0.5181419454225293,-0.006076308356892102,3.622408122408123,3.7415660369013755,-0.11915791449325264,0.4748620048620049,0.5629544723294723,3.5354205991706,3.937154118404118,400,equal_participant,False,observed_pretrial_labels_for_both_predictions
H8,H8_train_noage,training,conditional_history,previous_feedback,stranger,all,all,all,no_previous,training,123,111,0.6081081081081081,0.405837947561014,0.20227016054709412,4.063063063063064,3.297322787758375,0.7657402753046889,0.3257132132132132,0.48348348348348347,2.9096846846846844,3.717792792792793,400,equal_participant,False,observed_pretrial_labels_for_both_predictions
H8,H8_train_noage,training,conditional_history,previous_feedback,stranger,all,all,all,reciprocation,training,625,109,0.5613222659094216,0.5737436077637545,-0.012421341854332968,3.9575506043395943,4.1534165401370124,-0.19586593579741818,0.5327508373379933,0.6153587811271296,3.946994320664045,4.3470627639435,400,equal_participant,False,observed_pretrial_labels_for_both_predictions
H8,H8_train_noage,training,conditional_history,partner,computer,all,all,all,all,training,1412,111,0.4652083152083152,0.5289007014540403,-0.06369238624572515,3.4356873856873857,3.839815364267748,-0.4041279785803624,0.5016279453779455,0.5533012445512444,3.7053323015823016,3.9694770932270953,400,equal_participant,False,observed_pretrial_labels_for_both_predictions
H8,H8_train_noage,training,conditional_history,offer,computer,0-2,zero,all,all,training,205,110,0.6409090909090909,0.5185903811213248,0.12231870978776604,1.2818181818181817,1.0371807622426497,0.2446374195755321,0.44534090909090907,0.5818181818181818,0.8906818181818181,1.1636363636363636,400,equal_participant,False,observed_pretrial_labels_for_both_predictions
H8,H8_train_noage,training,conditional_history,offer,computer,0-4,zero,all,all,training,203,109,0.5963302752293578,0.5418726775428292,0.05445759768652858,2.385321100917431,2.167490710171317,0.21783039074611432,0.4724770642201835,0.6100917431192661,1.889908256880734,2.4403669724770642,400,equal_participant,False,observed_pretrial_labels_for_both_predictions
H8,H8_train_noage,training,conditional_history,offer,computer,2-4,positive_positive,all,all,training,207,111,0.481981981981982,0.5137000460365002,-0.031718064054518214,2.963963963963964,3.027400092073001,-0.06343612810903698,0.44583333333333336,0.5811936936936936,2.891666666666667,3.1623873873873873,400,equal_participant,False,observed_pretrial_labels_for_both_predictions
H8,H8_train_noage,training,conditional_history,offer,computer,2-8,positive_positive,all,all,training,400,110,0.3704545454545455,0.5407535793062088,-0.17029903385166334,4.222727272727273,5.244521475837253,-1.0217942031099803,0.49316287878787873,0.585625,4.958977272727273,5.51375,400,equal_participant,False,observed_pretrial_labels_for_both_predictions
H8,H8_train_noage,training,conditional_history,offer,computer,4-8,positive_positive,all,all,training,202,107,0.3411214953271028,0.5281049459456362,-0.1869834506185334,5.364485981308412,6.112419783782545,-0.7479338024741331,0.4485981308411215,0.5887850467289719,5.794392523364486,6.355140186915888,400,equal_participant,False,observed_pretrial_labels_for_both_predictions
H8,H8_train_noage,training,conditional_history,zero_option,computer,all,positive_positive,all,all,training,809,111,0.38973616473616474,0.5295100311482218,-0.13977386641205708,4.158236808236808,4.879301775534995,-0.7210649672981875,0.4945082582582582,0.5627397039897039,4.72085960960961,5.030485306735306,400,equal_participant,False,observed_pretrial_labels_for_both_predictions
H8,H8_train_noage,training,conditional_history,zero_option,computer,all,zero,all,all,training,603,111,0.5758258258258258,0.5281462710477447,0.04767955477808106,2.460660660660661,2.412770731511374,0.04788992914928736,0.4867304804804804,0.5695307807807809,2.2047747747747746,2.6108333333333316,400,equal_participant,False,observed_pretrial_labels_for_both_predictions
H8,H8_train_noage,training,conditional_history,run,computer,all,all,single_run,all,training,181,21,0.4291606541606541,0.5060248924264836,-0.07686423826582955,3.2672919672919676,3.698299945168303,-0.4310079778763356,0.4264454064454064,0.5796962396069539,3.3367328901257483,4.050431697931698,400,equal_participant,False,observed_pretrial_labels_for_both_predictions
H8,H8_train_noage,training,conditional_history,time_bin,computer,all,all,early,all,training,859,111,0.4725676975676976,0.4999292982588328,-0.02736160069113519,3.4487259987260006,3.660994788430271,-0.21226878970427032,0.45866785616785616,0.5373349323349323,3.4733735846235843,3.8343358780858776,400,equal_participant,False,observed_pretrial_labels_for_both_predictions
H8,H8_train_noage,training,conditional_history,time_bin,computer,all,all,middle,all,training,553,111,0.45373230373230383,0.5707956797842038,-0.11706337605189993,3.464571714571715,4.1528402036476555,-0.6882684890759405,0.5261439117689116,0.6100786500786503,3.9329688617188627,4.363061096811096,400,equal_participant,False,observed_pretrial_labels_for_both_predictions
H8,H8_train_noage,training,conditional_history,previous_feedback,computer,all,all,all,defection,training,644,111,0.4526169026169026,0.5201062504635066,-0.06748934784660393,3.423959673959674,3.780145062585325,-0.3561853886256512,0.47627806377806386,0.5557738988988989,3.6049533462033447,3.9556481481481485,400,equal_participant,False,observed_pretrial_labels_for_both_predictions
H8,H8_train_noage,training,conditional_history,previous_feedback,computer,all,all,all,no_previous,training,130,111,0.45495495495495497,0.3920276673339062,0.06292728762104877,3.972972972972973,3.628454637201701,0.344518335771272,0.3063063063063063,0.47759009009009,3.179954954954955,4.12635135135135,400,equal_participant,False,observed_pretrial_labels_for_both_predictions
H8,H8_train_noage,training,conditional_history,previous_feedback,computer,all,all,all,reciprocation,training,638,111,0.508054483054483,0.5677253554894501,-0.05967087243496716,3.4929143429143443,3.9890839992187157,-0.4961696563043714,0.5250319069069068,0.6051997533247532,3.788797547547549,4.181271986271988,400,equal_participant,False,observed_pretrial_labels_for_both_predictions
H8,H8_train_noage,training,conditional_history,partner,friend,all,all,all,all,heldout,1321,111,0.7516536016536016,0.5801935578469801,0.1714600438066215,4.740434040434041,4.088372707988037,0.6520613324460038,0.5457407457407459,0.6156000306000308,3.917091324591324,4.2644157194157195,400,equal_participant,False,observed_pretrial_labels_for_both_predictions
H8,H8_train_noage,training,conditional_history,offer,friend,0-2,zero,all,all,heldout,190,104,0.8653846153846154,0.5415018454256365,0.3238827699589789,1.7307692307692308,1.083003690851273,0.6477655399179578,0.47115384615384615,0.6105769230769231,0.9423076923076923,1.2211538461538463,400,equal_participant,False,observed_pretrial_labels_for_both_predictions
H8,H8_train_noage,training,conditional_history,offer,friend,0-4,zero,all,all,heldout,192,102,0.8627450980392157,0.5760041475297218,0.2867409505094939,3.450980392156863,2.3040165901188874,1.1469638020379755,0.5096813725490196,0.6519607843137255,2.0387254901960783,2.607843137254902,400,equal_participant,False,observed_pretrial_labels_for_both_predictions
H8,H8_train_noage,training,conditional_history,offer,friend,2-4,positive_positive,all,all,heldout,190,103,0.7621359223300971,0.5444568801067916,0.21767904222330547,3.5242718446601944,3.0889137602135825,0.43535808444661184,0.47572815533980584,0.616504854368932,2.9514563106796117,3.233009708737864,400,equal_participant,False,observed_pretrial_labels_for_both_predictions
H8,H8_train_noage,training,conditional_history,offer,friend,2-8,positive_positive,all,all,heldout,370,105,0.6706349206349206,0.6032392683762555,0.06739565225866506,6.023809523809524,5.619435610257533,0.40437391355199104,0.545218253968254,0.6604166666666667,5.271309523809523,5.9624999999999995,400,equal_participant,False,observed_pretrial_labels_for_both_predictions
H8,H8_train_noage,training,conditional_history,offer,friend,4-8,positive_positive,all,all,heldout,194,104,0.5865384615384616,0.5757315099856395,0.010806951552822075,6.346153846153846,6.302926039942559,0.04322780621128697,0.5096153846153846,0.6394230769230769,6.038461538461538,6.5576923076923075,400,equal_participant,False,observed_pretrial_labels_for_both_predictions
H8,H8_train_noage,training,conditional_history,zero_option,friend,all,positive_positive,all,all,heldout,754,109,0.6772826561817387,0.5781198565153095,0.09916279966642916,5.461074705111402,5.116139315895441,0.34493538921596123,0.5391115115771079,0.6205283420707731,4.91681629532547,5.311982306684141,400,equal_participant,False,observed_pretrial_labels_for_both_predictions
H8,H8_train_noage,training,conditional_history,zero_option,friend,all,zero,all,all,heldout,567,111,0.8498498498498499,0.580676373501985,0.2691734763478649,3.8420420420420434,2.7483736988780136,1.0936683431640297,0.534954954954955,0.6318543543543542,2.516313813813814,3.003903903903904,400,equal_participant,False,observed_pretrial_labels_for_both_predictions
H8,H8_train_noage,training,conditional_history,run,friend,all,all,single_run,all,heldout,89,21,0.7714285714285714,0.5744892342990432,0.19693933712952816,4.3841269841269845,3.773397231996348,0.6107297521306365,0.46251984126984136,0.6793849206349204,3.3078968253968255,4.243015873015873,400,equal_participant,False,observed_pretrial_labels_for_both_predictions
H8,H8_train_noage,training,conditional_history,time_bin,friend,all,all,late,all,heldout,956,111,0.751151626151626,0.5811385967988474,0.17001302935277862,4.863816613816613,4.180335846450585,0.6834807673660279,0.5450536444286445,0.6176971589471589,4.015395670395671,4.361116734866733,400,equal_participant,False,observed_pretrial_labels_for_both_predictions
H8,H8_train_noage,training,conditional_history,previous_feedback,friend,all,all,all,defection,heldout,641,109,0.7272535313819719,0.5707072282446964,0.15654630313727547,4.714030872287755,4.114744519515813,0.5992863527719416,0.5267878986456969,0.618889252948886,3.9121910950924725,4.336315530799476,400,equal_participant,False,observed_pretrial_labels_for_both_predictions
H8,H8_train_noage,training,conditional_history,previous_feedback,friend,all,all,all,reciprocation,heldout,680,110,0.7802669552669552,0.5907212635367314,0.18954569173022384,4.858535353535354,4.1196031907926285,0.7389321627427252,0.5485380591630591,0.6355077561327562,3.9055070346320337,4.334073773448774,400,equal_participant,False,observed_pretrial_labels_for_both_predictions
H8,H8_train_noage,training,conditional_history,partner,stranger,all,all,all,all,heldout,1354,111,0.5161195911195912,0.5808828392673131,-0.06476324814772194,3.668375568375568,4.129714035775045,-0.4613384673994769,0.5461353061353063,0.6141698879198878,3.9642466892466897,4.298911547661549,400,equal_participant,False,observed_pretrial_labels_for_both_predictions
H8,H8_train_noage,training,conditional_history,offer,stranger,0-2,zero,all,all,heldout,194,106,0.7594339622641509,0.5403573191752226,0.21907664308892838,1.5188679245283019,1.0807146383504451,0.43815328617785676,0.47641509433962265,0.613325471698113,0.9528301886792453,1.226650943396226,400,equal_participant,False,observed_pretrial_labels_for_both_predictions
H8,H8_train_noage,training,conditional_history,offer,stranger,0-4,zero,all,all,heldout,194,108,0.7083333333333334,0.578342155853438,0.12999117747989541,2.8333333333333335,2.313368623413752,0.5199647099195817,0.5046296296296297,0.6436342592592591,2.0185185185185186,2.5745370370370364,400,equal_participant,False,observed_pretrial_labels_for_both_predictions
H8,H8_train_noage,training,conditional_history,offer,stranger,0-8,zero,all,all,heldout,195,106,0.5849056603773585,0.6239239613934935,-0.039018301016135015,4.679245283018868,4.991391691147948,-0.3121464081290801,0.5566037735849056,0.702948113207547,4.452830188679245,5.623584905660376,400,equal_participant,False,observed_pretrial_labels_for_both_predictions
H8,H8_train_noage,training,conditional_history,offer,stranger,4-8,positive_positive,all,all,heldout,197,105,0.3333333333333333,0.5748217965690937,-0.2414884632357604,5.333333333333333,6.299287186276374,-0.9659538529430414,0.5095238095238095,0.6428571428571429,6.038095238095238,6.571428571428571,400,equal_participant,False,observed_pretrial_labels_for_both_predictions
H8,H8_train_noage,training,conditional_history,zero_option,stranger,all,positive_positive,all,all,heldout,771,111,0.38110253110253106,0.5804310393789394,-0.1993285082764083,4.247340197340197,5.232944891176626,-0.9856046938364287,0.5379716323466324,0.6228448090948091,5.023235735735736,5.44109555984556,400,equal_participant,False,observed_pretrial_labels_for_both_predictions
H8,H8_train_noage,training,conditional_history,zero_option,stranger,all,zero,all,all,heldout,583,111,0.6824324324324323,0.5807779054226498,0.1016545270097825,3.0030030030030037,2.8043285825989788,0.19867442040402494,0.5397222222222224,0.6258596096096094,2.5747672672672666,3.0477702702702705,400,equal_participant,False,observed_pretrial_labels_for_both_predictions
H8,H8_train_noage,training,conditional_history,run,stranger,all,all,single_run,all,heldout,117,21,0.46014739229024937,0.5757737920382842,-0.11562639974803479,3.221315192743764,3.9582104232785906,-0.7368952305348264,0.4787046485260771,0.6647987528344671,3.4848922902494333,4.402281746031746,400,equal_participant,False,observed_pretrial_labels_for_both_predictions
H8,H8_train_noage,training,conditional_history,time_bin,stranger,all,all,late,all,heldout,921,111,0.5123025623025621,0.5803161836349013,-0.06801362133233924,3.6706531206531223,4.144492283716653,-0.473839163063531,0.5459990022490022,0.6173492729742729,3.9440283627783637,4.338741533741535,400,equal_participant,False,observed_pretrial_labels_for_both_predictions
H8,H8_train_noage,training,conditional_history,previous_feedback,stranger,all,all,all,reciprocation,heldout,695,111,0.5523416273416275,0.5902844859896422,-0.03794285864801472,3.815501215501215,4.165396972711777,-0.3498957572105623,0.5484332546832545,0.6392703417703415,3.952854461604461,4.407212212212212,400,equal_participant,False,observed_pretrial_labels_for_both_predictions
H8,H8_train_noage,training,conditional_history,partner,computer,all,all,all,all,heldout,1342,111,0.49848102348102347,0.5751523594459782,-0.07667133596495473,3.671527571527572,4.150633128060707,-0.4791055565331348,0.5436278492528491,0.6085813004563003,3.976865173115175,4.336374953874952,400,equal_participant,False,observed_pretrial_labels_for_both_predictions
H8,H8_train_noage,training,conditional_history,offer,computer,0-2,zero,all,all,heldout,190,102,0.6764705882352942,0.5414259148164569,0.1350446734188373,1.3529411764705883,1.0828518296329137,0.2700893468376746,0.46568627450980393,0.6128676470588235,0.9313725490196079,1.225735294117647,400,equal_participant,False,observed_pretrial_labels_for_both_predictions
H8,H8_train_noage,training,conditional_history,offer,computer,0-4,zero,all,all,heldout,189,103,0.616504854368932,0.5707930858670145,0.045711768501917494,2.466019417475728,2.283172343468058,0.18284707400766997,0.5097087378640777,0.6456310679611651,2.0388349514563107,2.5825242718446604,400,equal_participant,False,observed_pretrial_labels_for_both_predictions
H8,H8_train_noage,training,conditional_history,offer,computer,0-8,zero,all,all,heldout,198,104,0.5721153846153846,0.613852520214104,-0.04173713559871939,4.576923076923077,4.910820161712832,-0.3338970847897551,0.5432692307692307,0.6780048076923076,4.346153846153846,5.424038461538461,400,equal_participant,False,observed_pretrial_labels_for_both_predictions
H8,H8_train_noage,training,conditional_history,offer,computer,2-4,positive_positive,all,all,heldout,189,101,0.5,0.5393974207843917,-0.03939742078439168,3.0,3.0787948415687834,-0.07879484156878336,0.4751237623762376,0.6089108910891089,2.9502475247524753,3.217821782178218,400,equal_participant,False,observed_pretrial_labels_for_both_predictions
H8,H8_train_noage,training,conditional_history,offer,computer,2-8,positive_positive,all,all,heldout,383,110,0.39545454545454545,0.5947444108161066,-0.19928986536156118,4.372727272727273,5.568466464896639,-1.1957391921693663,0.5408712121212121,0.6522727272727272,5.245227272727273,5.913636363636364,400,equal_participant,False,observed_pretrial_labels_for_both_predictions
H8,H8_train_noage,training,conditional_history,zero_option,computer,all,positive_positive,all,all,heldout,765,111,0.4138888888888889,0.5757868513826092,-0.1618979624937203,4.30948090948091,5.13811994424848,-0.8286390347675701,0.5401150257400257,0.6157486057486057,4.948068425568425,5.336578185328185,400,equal_participant,False,observed_pretrial_labels_for_both_predictions
H8,H8_train_noage,training,conditional_history,zero_option,computer,all,zero,all,all,heldout,577,110,0.6177272727272728,0.5742810711071764,0.04344620162009638,2.858181818181818,2.827297196043192,0.03088462213862586,0.5312083333333334,0.6199015151515151,2.590689393939394,3.0790984848484846,400,equal_participant,False,observed_pretrial_labels_for_both_predictions
H8,H8_train_noage,training,conditional_history,run,computer,all,all,single_run,all,heldout,103,21,0.46734693877551015,0.5775500293398969,-0.11020309056438671,3.6181405895691614,4.295292557065463,-0.6771519674963016,0.4740136054421768,0.6836819727891156,3.7512188208616783,4.854433106575964,400,equal_participant,False,observed_pretrial_labels_for_both_predictions
H8,H8_train_noage,training,conditional_history,time_bin,computer,all,all,late,all,heldout,876,111,0.523132623132623,0.5755634928551611,-0.052430869722538076,3.704526754526753,4.095402644554886,-0.39087589002813283,0.5385022816272818,0.6116442891442891,3.8956154481154477,4.291205963705963,400,equal_participant,False,observed_pretrial_labels_for_both_predictions
H8,H8_train_noage,training,conditional_history,time_bin,computer,all,all,middle,all,heldout,466,100,0.47208333333333335,0.5705738355876604,-0.09849050225432704,3.521047619047621,4.06894554616775,-0.5478979271201294,0.5227288690476193,0.628242261904762,3.8335357142857127,4.34168869047619,400,equal_participant,False,observed_pretrial_labels_for_both_predictions
H8,H8_train_noage,training,conditional_history,previous_feedback,computer,all,all,all,defection,heldout,726,109,0.4653024345684895,0.5644997045171484,-0.09919726994865885,3.522059388114434,4.102368283509183,-0.5803088953947486,0.5230972404252221,0.6114576383097023,3.9010698564941686,4.3484271284271285,400,equal_participant,False,observed_pretrial_labels_for_both_predictions
H8,H8_train_noage,training,conditional_history,previous_feedback,computer,all,all,all,reciprocation,heldout,616,110,0.5516522366522365,0.5926390180983095,-0.04098678144607304,4.095898596353141,4.410443242089977,-0.31454464573683616,0.5501636002886001,0.636478961694871,4.177600419782237,4.6303491899514615,400,equal_participant,False,observed_pretrial_labels_for_both_predictions
H8,H8_train_noage,training,generative_history,partner,friend,all,all,all,all,all,2745,111,0.7787168939641232,0.5438092080177758,0.23490768594634748,4.963929540869012,3.9389169363558967,1.0250126045131154,0.5211306874171324,0.5691548659394995,3.8249472096695025,4.064801862252631,400,equal_participant,False,observed_pretrial_labels_for_both_predictions
H8,H8_train_noage,training,generative_history,offer,friend,0-2,zero,all,all,all,390,111,0.8821321321321322,0.5304016516516517,0.3517304804804805,1.7642642642642643,1.0608033033033033,0.703460960960961,0.4797297297297297,0.5795983483483482,0.9594594594594594,1.1591966966966964,400,equal_participant,False,observed_pretrial_labels_for_both_predictions
H8,H8_train_noage,training,generative_history,offer,friend,0-4,zero,all,all,all,395,111,0.8746246246246245,0.5624718468468468,0.3121527777777777,3.498498498498498,2.2498873873873872,1.248611111111111,0.5067379879879881,0.6186373873873874,2.0269519519519523,2.4745495495495495,400,equal_participant,False,observed_pretrial_labels_for_both_predictions
H8,H8_train_noage,training,generative_history,offer,friend,0-8,zero,all,all,all,386,111,0.8603603603603603,0.5488138138138139,0.31154654654654645,6.882882882882883,4.390510510510511,2.4923723723723716,0.494725975975976,0.5991178678678678,3.957807807807808,4.792942942942942,400,equal_participant,False,observed_pretrial_labels_for_both_predictions
H8,H8_train_noage,training,generative_history,offer,friend,2-4,positive_positive,all,all,all,389,111,0.7897897897897898,0.5219932432432433,0.2677965465465465,3.5795795795795797,3.043986486486487,0.5355930930930928,0.466966966966967,0.5758633633633633,2.9339339339339343,3.1517267267267264,400,equal_participant,False,observed_pretrial_labels_for_both_predictions
H8,H8_train_noage,training,generative_history,offer,friend,2-8,positive_positive,all,all,all,788,111,0.7037859287859287,0.5535769251394251,0.15020900364650358,6.222715572715573,5.321461550836551,0.9012540218790219,0.5171954096954097,0.5899278743028743,5.103172458172458,5.539567245817246,400,equal_participant,False,observed_pretrial_labels_for_both_predictions
H8,H8_train_noage,training,generative_history,offer,friend,4-8,positive_positive,all,all,all,397,111,0.6373873873873874,0.5370007507507508,0.1003866366366366,6.54954954954955,6.148003003003002,0.4015465465465473,0.48941441441441436,0.5901088588588588,5.957657657657658,6.360435435435435,400,equal_participant,False,observed_pretrial_labels_for_both_predictions
H8,H8_train_noage,training,generative_history,zero_option,friend,all,positive_positive,all,all,all,1574,111,0.7076362076362074,0.5413880174817675,0.16624819015443992,5.6486271986271985,4.9661615722865715,0.682465626340627,0.5159982303732302,0.571376689189189,4.841231767481766,5.108590465465464,400,equal_participant,False,observed_pretrial_labels_for_both_predictions
H8,H8_train_noage,training,generative_history,zero_option,friend,all,zero,all,all,all,1171,111,0.8755115505115504,0.5470349115349115,0.3284766389766389,4.044227344227349,2.554733623233623,1.489493720993726,0.5150774232024232,0.57865522990523,2.3809921609921605,2.7158402720902717,400,equal_participant,False,observed_pretrial_labels_for_both_predictions
H8,H8_train_noage,training,generative_history,run,friend,all,all,single_run,all,all,289,21,0.795133437990581,0.517201726844584,0.277931711145997,4.971742543171114,3.7668772893772893,1.204865253793825,0.45444139194139205,0.5798076923076921,3.467713239141811,4.079147043432759,400,equal_participant,False,observed_pretrial_labels_for_both_predictions
H8,H8_train_noage,training,generative_history,time_bin,friend,all,all,early,all,all,950,111,0.8238462488462486,0.4873278635778636,0.33651838526838496,5.312652912652913,3.697173660673661,1.6154792519792522,0.4514979183729184,0.5222238634738631,3.5261624936624933,3.882023370773371,400,equal_participant,False,observed_pretrial_labels_for_both_predictions
H8,H8_train_noage,training,generative_history,time_bin,friend,all,all,late,all,all,956,111,0.751151626151626,0.5789514608889609,0.17220016526266513,4.863816613816613,4.170581731706732,0.6932348821098806,0.5399717824717825,0.6159615872115868,3.9862527612527625,4.349123714123714,400,equal_participant,False,observed_pretrial_labels_for_both_predictions
H8,H8_train_noage,training,generative_history,time_bin,friend,all,all,middle,all,all,839,111,0.7689247939247938,0.5651992859492858,0.20372550797550804,4.665890965890965,3.8871881479381476,0.778702817952817,0.5259044277794277,0.6034023184023184,3.7109350834350843,4.0582600057600065,400,equal_participant,False,observed_pretrial_labels_for_both_predictions
H8,H8_train_noage,training,generative_history,previous_feedback,friend,all,all,all,defection,all,1321,111,0.7549592049592048,0.530713121025621,0.2242460839335838,5.002802102802102,3.976862429174929,1.0259396736271729,0.502845257845258,0.5636255039380038,3.816408123908127,4.1383487002237,400,equal_participant,False,observed_pretrial_labels_for_both_predictions
H8,H8_train_noage,training,generative_history,previous_feedback,friend,all,all,all,no_previous,all,112,111,0.9234234234234234,0.3981531531531532,0.5252702702702703,6.09009009009009,3.572972972972973,2.517117117117117,0.3061936936936937,0.49099099099099097,3.1531531531531534,4.018018018018018,400,equal_participant,False,observed_pretrial_labels_for_both_predictions
H8,H8_train_noage,training,generative_history,previous_feedback,friend,all,all,all,reciprocation,all,1312,111,0.7922443047443046,0.5704666654979155,0.22177763924638916,4.829201454201453,3.9354037547162544,0.8937976994851984,0.5368266893266894,0.6005522727397727,3.7857239932239923,4.099760914760912,400,equal_participant,False,observed_pretrial_labels_for_both_predictions
H8,H8_train_noage,training,generative_history,partner,stranger,all,all,all,all,all,2752,111,0.5190448454674238,0.5541404182820469,-0.035095572814623055,3.712182180252357,4.0063243095481464,-0.29414212929578953,0.5308356800296159,0.5767589275976004,3.8949649088237934,4.1192486978516705,400,equal_participant,False,observed_pretrial_labels_for_both_predictions
H8,H8_train_noage,training,generative_history,offer,stranger,0-2,zero,all,all,all,394,111,0.7575075075075075,0.5288438438438439,0.22866366366366364,1.515015015015015,1.0576876876876877,0.4573273273273273,0.4744181681681681,0.5766141141141141,0.9488363363363362,1.1532282282282282,400,equal_participant,False,observed_pretrial_labels_for_both_predictions
H8,H8_train_noage,training,generative_history,offer,stranger,0-4,zero,all,all,all,388,111,0.7064564564564565,0.5575938438438438,0.1488626126126127,2.825825825825826,2.2303753753753752,0.5954504504504508,0.4969782282282283,0.6126313813813813,1.9879129129129132,2.450525525525525,400,equal_participant,False,observed_pretrial_labels_for_both_predictions
H8,H8_train_noage,training,generative_history,offer,stranger,0-8,zero,all,all,all,388,111,0.5893393393393394,0.5907357357357357,-0.0013963963963963266,4.714714714714715,4.725885885885885,-0.011171171171170613,0.5420045045045044,0.6448948948948948,4.3360360360360355,5.159159159159159,400,equal_participant,False,observed_pretrial_labels_for_both_predictions
H8,H8_train_noage,training,generative_history,offer,stranger,2-4,positive_positive,all,all,all,398,111,0.47822822822822825,0.5226463963963964,-0.04441816816816818,2.956456456456457,3.0452927927927926,-0.08883633633633581,0.46995120120120126,0.5743243243243242,2.9399024024024025,3.1486486486486487,400,equal_participant,False,observed_pretrial_labels_for_both_predictions
H8,H8_train_noage,training,generative_history,offer,stranger,2-8,positive_positive,all,all,all,791,111,0.392996567996568,0.5648983805233805,-0.17190181252681247,4.357979407979408,5.389390283140283,-1.0314108751608755,0.5271900471900471,0.6015907872157871,5.163140283140282,5.609544723294723,400,equal_participant,False,observed_pretrial_labels_for_both_predictions
H8,H8_train_noage,training,generative_history,offer,stranger,4-8,positive_positive,all,all,all,393,111,0.3288288288288289,0.5496940690690691,-0.22086524024024023,5.315315315315316,6.198776276276276,-0.88346096096096,0.5030030030030029,0.6014076576576576,6.012012012012012,6.40563063063063,400,equal_participant,False,observed_pretrial_labels_for_both_predictions
H8,H8_train_noage,training,generative_history,zero_option,stranger,all,positive_positive,all,all,all,1582,111,0.3976950976950978,0.5503682993057992,-0.15267320161070141,4.241932841932842,5.000885398385399,-0.7589525564525568,0.5235200338325336,0.5784075309075308,4.8701744520494525,5.132332031707032,400,equal_participant,False,observed_pretrial_labels_for_both_predictions
H8,H8_train_noage,training,generative_history,zero_option,stranger,all,zero,all,all,all,1170,111,0.685289835289835,0.559249453999454,0.12604038129038098,3.0025753025753033,2.6568365183365183,0.3457387842387849,0.5257331763581763,0.5909058490308491,2.4943511693511695,2.82283033033033,400,equal_participant,False,observed_pretrial_labels_for_both_predictions
H8,H8_train_noage,training,generative_history,run,stranger,all,all,single_run,all,all,287,21,0.4468428396999826,0.53504742281528,-0.08820458311529733,3.3790336647479498,3.9003538723181577,-0.5213202075702079,0.4657094889237747,0.6013300191871621,3.5837585034013597,4.231562881562883,400,equal_participant,False,observed_pretrial_labels_for_both_predictions
H8,H8_train_noage,training,generative_history,time_bin,stranger,all,all,early,all,all,938,111,0.4997546247546247,0.5072637101387102,-0.007509085384085512,3.717043667043666,3.812092720967721,-0.09504905392405494,0.4766896929396927,0.5416628479128479,3.6526172276172284,3.9671175396175413,400,equal_participant,False,observed_pretrial_labels_for_both_predictions
H8,H8_train_noage,training,generative_history,time_bin,stranger,all,all,late,all,all,921,111,0.5123025623025621,0.5803462699712699,-0.06804370766870782,3.6706531206531223,4.146161837161837,-0.4755087165087146,0.5406701425451423,0.6173527667277665,3.9673294560794554,4.3485779123279125,400,equal_participant,False,observed_pretrial_labels_for_both_predictions
H8,H8_train_noage,training,generative_history,time_bin,stranger,all,all,middle,all,all,893,111,0.5363206863206863,0.57209713009713,-0.035776443776443734,3.769345719345718,4.093761747386748,-0.32441602804102976,0.5324200611700612,0.6123695404945406,3.9152150427150407,4.280442027942027,400,equal_participant,False,observed_pretrial_labels_for_both_predictions
H8,H8_train_noage,training,generative_history,previous_feedback,stranger,all,all,all,defection,all,1309,111,0.4927447912742031,0.5444251050611344,-0.051680313786931276,3.6036395212865813,3.949982034827623,-0.3463425135410416,0.5134676325117502,0.5763725968873029,3.7988182310608782,4.089561624377801,400,equal_participant,False,observed_pretrial_labels_for_both_predictions
H8,H8_train_noage,training,generative_history,previous_feedback,stranger,all,all,all,no_previous,all,123,111,0.6081081081081081,0.4057094594594595,0.2023986486486486,4.063063063063064,3.3047672672672674,0.7582957957957963,0.32132132132132135,0.4865615615615615,2.879654654654655,3.696771771771772,400,equal_participant,False,observed_pretrial_labels_for_both_predictions
H8,H8_train_noage,training,generative_history,previous_feedback,stranger,all,all,all,reciprocation,all,1320,111,0.5491973241973241,0.578827035952036,-0.02962971175471185,3.852864527864527,4.144537929162929,-0.29167340129840236,0.5478142206267208,0.6103745422495421,3.987854922229923,4.302171386546388,400,equal_participant,False,observed_pretrial_labels_for_both_predictions
H8,H8_train_noage,training,generative_history,partner,computer,all,all,all,all,all,2754,111,0.48026954526954524,0.5495871105695668,-0.06931756530002153,3.5342567607479887,3.9749192237468556,-0.4406624629988669,0.5266786845558774,0.5718489419256964,3.8603409687006183,4.083907360881048,400,equal_participant,False,observed_pretrial_labels_for_both_predictions
H8,H8_train_noage,training,generative_history,offer,computer,0-2,zero,all,all,all,395,111,0.6584084084084084,0.5271696696696696,0.1312387387387388,1.3168168168168168,1.0543393393393392,0.2624774774774776,0.47668918918918923,0.578078078078078,0.9533783783783785,1.156156156156156,400,equal_participant,False,observed_pretrial_labels_for_both_predictions
H8,H8_train_noage,training,generative_history,offer,computer,0-4,zero,all,all,all,392,111,0.6006006006006005,0.5511373873873873,0.04946321321321323,2.402402402402402,2.204549549549549,0.19785285285285292,0.5006944444444444,0.6036223723723724,2.0027777777777778,2.4144894894894895,400,equal_participant,False,observed_pretrial_labels_for_both_predictions
H8,H8_train_noage,training,generative_history,offer,computer,0-8,zero,all,all,all,393,111,0.5157657657657658,0.5683183183183182,-0.05255255255255242,4.126126126126127,4.546546546546546,-0.4204204204204194,0.5224099099099099,0.616385135135135,4.179279279279279,4.93108108108108,400,equal_participant,False,observed_pretrial_labels_for_both_predictions
H8,H8_train_noage,training,generative_history,offer,computer,2-4,positive_positive,all,all,all,396,111,0.4872372372372373,0.521646021021021,-0.0344087837837837,2.974474474474474,3.043292042042042,-0.06881756756756774,0.47220345345345344,0.5720908408408408,2.9444069069069068,3.1441816816816814,400,equal_participant,False,observed_pretrial_labels_for_both_predictions
H8,H8_train_noage,training,generative_history,offer,computer,2-8,positive_positive,all,all,all,783,111,0.3788610038610038,0.5679920098670099,-0.18913100600600613,4.273166023166023,5.407952059202058,-1.1347860360360356,0.5301104676104675,0.6022562741312741,5.180662805662807,5.613537644787643,400,equal_participant,False,observed_pretrial_labels_for_both_predictions
H8,H8_train_noage,training,generative_history,offer,computer,4-8,positive_positive,all,all,all,395,111,0.3498498498498498,0.543415915915916,-0.1935660660660662,5.399399399399399,6.173663663663663,-0.7742642642642643,0.491722972972973,0.5916103603603602,5.966891891891892,6.366441441441441,400,equal_participant,False,observed_pretrial_labels_for_both_predictions
H8,H8_train_noage,training,generative_history,zero_option,computer,all,positive_positive,all,all,all,1574,111,0.3994088869088869,0.5506936486623987,-0.1512847617535118,4.232414832414832,5.00835368954119,-0.7759388571263584,0.5229541698291699,0.5774168055418056,4.875142168267168,5.12401672964173,400,equal_participant,False,observed_pretrial_labels_for_both_predictions
H8,H8_train_noage,training,generative_history,zero_option,computer,all,zero,all,all,all,1180,111,0.5905015405015404,0.5481606655356654,0.04234087496587491,2.6131157131157123,2.5969168519168524,0.016198861198859937,0.5195267832767834,0.5780458055458053,2.4412108537108543,2.7424841074841066,400,equal_participant,False,observed_pretrial_labels_for_both_predictions
H8,H8_train_noage,training,generative_history,run,computer,all,all,single_run,all,all,284,21,0.4404127618413332,0.5296480008087151,-0.08923523896738189,3.3466137037565615,3.8844631558917273,-0.5378494521351658,0.4652224759367616,0.5973322312608026,3.5502677877677873,4.237800889586605,400,equal_participant,False,observed_pretrial_labels_for_both_predictions
H8,H8_train_noage,training,generative_history,time_bin,computer,all,all,early,all,all,859,111,0.4725676975676976,0.494213136025636,-0.02164543845793837,3.4487259987260006,3.6402211594711593,-0.1914951607451587,0.4569090275340274,0.529592278967279,3.466841776841777,3.8164493064493064,400,equal_participant,False,observed_pretrial_labels_for_both_predictions
H8,H8_train_noage,training,generative_history,time_bin,computer,all,all,late,all,all,876,111,0.523132623132623,0.5758651238651238,-0.0527325007325008,3.704526754526753,4.097494991369992,-0.39296823684323856,0.5389674733424733,0.6160569023069021,3.901547632797633,4.291384446384447,400,equal_participant,False,observed_pretrial_labels_for_both_predictions
H8,H8_train_noage,training,generative_history,time_bin,computer,all,all,middle,all,all,1019,111,0.45108902608902623,0.5703598239223239,-0.11927079783329764,3.4197058197058188,4.1000452640452645,-0.6803394443394457,0.5337214774714775,0.6012433856183854,3.9125342675342685,4.259341146841146,400,equal_participant,False,observed_pretrial_labels_for_both_predictions
H8,H8_train_noage,training,generative_history,previous_feedback,computer,all,all,all,defection,all,1370,111,0.4542325887914125,0.5413129999563823,-0.08708041116496978,3.414402715873303,3.9051428757605233,-0.49074015988722053,0.5128742299330538,0.5742899748414452,3.7726539385730584,4.05869841042635,400,equal_participant,False,observed_pretrial_labels_for_both_predictions
H8,H8_train_noage,training,generative_history,previous_feedback,computer,all,all,all,no_previous,all,130,111,0.45495495495495497,0.3948423423423424,0.06011261261261258,3.972972972972973,3.6397522522522525,0.3332207207207203,0.3063063063063063,0.48659909909909904,3.189189189189189,4.153153153153153,400,equal_participant,False,observed_pretrial_labels_for_both_predictions
H8,H8_train_noage,training,generative_history,previous_feedback,computer,all,all,all,reciprocation,all,1254,111,0.5255488130488132,0.5757702080827081,-0.05022139503389489,3.73904878904879,4.147144346581847,-0.40809555753305693,0.5432596207596209,0.6074172599172597,3.9962251393501402,4.29902528840029,400,equal_participant,False,observed_pretrial_labels_for_both_predictions
H8,H8_train_noage,training,generative_history,partner,friend,all,all,all,all,training,1424,111,0.8064980314980315,0.5148527446027445,0.2916452868952869,5.135605235605238,3.7916114006114,1.3439938349938383,0.4868219293219292,0.5457240750990751,3.657815470315469,3.947215464715463,400,equal_participant,False,observed_pretrial_labels_for_both_predictions
H8,H8_train_noage,training,generative_history,offer,friend,0-2,zero,all,all,training,200,110,0.8954545454545455,0.5235681818181819,0.3718863636363636,1.790909090909091,1.0471363636363638,0.7437727272727273,0.45897727272727273,0.5910227272727272,0.9179545454545455,1.1820454545454544,400,equal_participant,False,observed_pretrial_labels_for_both_predictions
H8,H8_train_noage,training,generative_history,offer,friend,0-4,zero,all,all,training,203,107,0.897196261682243,0.5508878504672897,0.34630841121495326,3.588785046728972,2.203551401869159,1.385233644859813,0.4766355140186916,0.6214953271028038,1.9065420560747663,2.485981308411215,400,equal_participant,False,observed_pretrial_labels_for_both_predictions
H8,H8_train_noage,training,generative_history,offer,friend,0-8,zero,all,all,training,201,109,0.908256880733945,0.49694954128440366,0.4113073394495413,7.26605504587156,3.9755963302752293,3.2904587155963303,0.4356651376146789,0.5643348623853209,3.485321100917431,4.5146788990825675,400,equal_participant,False,observed_pretrial_labels_for_both_predictions
H8,H8_train_noage,training,generative_history,offer,friend,2-4,positive_positive,all,all,training,199,108,0.8101851851851852,0.5046412037037037,0.30554398148148154,3.6203703703703702,3.0092824074074076,0.6110879629629626,0.4305555555555556,0.5741898148148147,2.861111111111111,3.1483796296296296,400,equal_participant,False,observed_pretrial_labels_for_both_predictions
H8,H8_train_noage,training,generative_history,offer,friend,2-8,positive_positive,all,all,training,418,111,0.7327327327327329,0.5162274774774775,0.21650525525525532,6.396396396396397,5.097364864864865,1.299031531531532,0.4662162162162162,0.5645645645645645,4.797297297297297,5.387387387387387,400,equal_participant,False,observed_pretrial_labels_for_both_predictions
H8,H8_train_noage,training,generative_history,offer,friend,4-8,positive_positive,all,all,training,203,110,0.6863636363636364,0.5037045454545455,0.18265909090909094,6.745454545454545,6.014818181818182,0.7306363636363633,0.43636363636363634,0.5772727272727273,5.745454545454545,6.3090909090909095,400,equal_participant,False,observed_pretrial_labels_for_both_predictions
H8,H8_train_noage,training,generative_history,zero_option,friend,all,positive_positive,all,all,training,820,111,0.738953238953239,0.5104620066495066,0.22849123230373247,5.817417417417418,4.825371889746889,0.9920455276705287,0.47476807164307167,0.5475756113256113,4.658333333333333,4.99475815100815,400,equal_participant,False,observed_pretrial_labels_for_both_predictions
H8,H8_train_noage,training,generative_history,zero_option,friend,all,zero,all,all,training,604,111,0.9010510510510508,0.5200698198198198,0.38098123123123095,4.223723723723726,2.3882117117117114,1.8355120120120145,0.47865240240240237,0.5612087087087083,2.1696471471471472,2.6095195195195195,400,equal_participant,False,observed_pretrial_labels_for_both_predictions
H8,H8_train_noage,training,generative_history,run,friend,all,all,single_run,all,training,200,21,0.8226826083968942,0.4928139902425617,0.32986861815433255,5.261142032570605,3.7219550350443207,1.5391869975262846,0.42160671339242767,0.574629243111386,3.3527861093932523,4.1159139009139,400,equal_participant,False,observed_pretrial_labels_for_both_predictions
H8,H8_train_noage,training,generative_history,time_bin,friend,all,all,early,all,training,950,111,0.8238462488462486,0.4873278635778636,0.33651838526838496,5.312652912652913,3.697173660673661,1.6154792519792522,0.4514979183729184,0.5222238634738631,3.5261624936624933,3.882023370773371,400,equal_participant,False,observed_pretrial_labels_for_both_predictions
H8,H8_train_noage,training,generative_history,time_bin,friend,all,all,middle,all,training,474,111,0.7784069784069781,0.5625078292578292,0.21589914914914898,4.8404404404404415,3.940630702130702,0.8998097383097394,0.5132866795366794,0.6091017803517803,3.6999999999999993,4.156343843843843,400,equal_participant,False,observed_pretrial_labels_for_both_predictions
H8,H8_train_noage,training,generative_history,previous_feedback,friend,all,all,all,defection,training,680,111,0.7834799084799081,0.4987211675961676,0.28475874088374054,5.213913913913915,3.839203417703418,1.374710496210497,0.46708932146432147,0.5376121657371657,3.6566993779493777,4.024322000572,400,equal_participant,False,observed_pretrial_labels_for_both_predictions
H8,H8_train_noage,training,generative_history,previous_feedback,friend,all,all,all,no_previous,training,112,111,0.9234234234234234,0.3981531531531532,0.5252702702702703,6.09009009009009,3.572972972972973,2.517117117117117,0.3061936936936937,0.49099099099099097,3.1531531531531534,4.018018018018018,400,equal_participant,False,observed_pretrial_labels_for_both_predictions
H8,H8_train_noage,training,generative_history,previous_feedback,friend,all,all,all,reciprocation,training,632,111,0.8201415701415703,0.5540047458172457,0.2661368243243246,4.842771342771341,3.7382901115401115,1.1044812312312295,0.5140999034749031,0.5923839017589015,3.545166773916772,3.9478700128700117,400,equal_participant,False,observed_pretrial_labels_for_both_predictions
H8,H8_train_noage,training,generative_history,partner,stranger,all,all,all,all,training,1398,111,0.5187398687398684,0.5295419601044601,-0.010802091364591648,3.725369225369225,3.880764062264062,-0.1553948368948368,0.5023517004767003,0.5564466851966852,3.7366246278746273,4.0129016966516975,400,equal_participant,False,observed_pretrial_labels_for_both_predictions
H8,H8_train_noage,training,generative_history,offer,stranger,0-2,zero,all,all,training,200,107,0.7616822429906542,0.5182126168224299,0.24346962616822432,1.5233644859813085,1.0364252336448598,0.48693925233644864,0.4532710280373832,0.5841121495327103,0.9065420560747663,1.1682242990654206,400,equal_participant,False,observed_pretrial_labels_for_both_predictions
H8,H8_train_noage,training,generative_history,offer,stranger,0-4,zero,all,all,training,194,109,0.7110091743119266,0.5403211009174312,0.17068807339449532,2.8440366972477062,2.161284403669725,0.6827522935779813,0.4631880733944954,0.6147935779816512,1.8527522935779817,2.459174311926605,400,equal_participant,False,observed_pretrial_labels_for_both_predictions
H8,H8_train_noage,training,generative_history,offer,stranger,0-8,zero,all,all,training,193,107,0.5981308411214953,0.5617640186915888,0.03636682242990652,4.785046728971962,4.49411214953271,0.29093457943925216,0.5045560747663551,0.6261682242990654,4.036448598130841,5.009345794392523,400,equal_participant,False,observed_pretrial_labels_for_both_predictions
H8,H8_train_noage,training,generative_history,offer,stranger,2-4,positive_positive,all,all,training,207,109,0.47706422018348627,0.5099885321100918,-0.0329243119266055,2.9541284403669725,3.0199770642201833,-0.06584862385321077,0.43577981651376146,0.5780963302752292,2.871559633027523,3.1561926605504587,400,equal_participant,False,observed_pretrial_labels_for_both_predictions
H8,H8_train_noage,training,generative_history,offer,stranger,2-8,positive_positive,all,all,training,408,110,0.396969696969697,0.5305681818181818,-0.1335984848484848,4.381818181818182,5.183409090909091,-0.8015909090909092,0.4772537878787878,0.5818181818181818,4.863522727272727,5.490909090909091,400,equal_participant,False,observed_pretrial_labels_for_both_predictions
H8,H8_train_noage,training,generative_history,offer,stranger,4-8,positive_positive,all,all,training,196,108,0.3287037037037037,0.5296875,-0.20098379629629626,5.314814814814815,6.11875,-0.8039351851851855,0.4583333333333333,0.6018518518518519,5.833333333333333,6.407407407407407,400,equal_participant,False,observed_pretrial_labels_for_both_predictions
H8,H8_train_noage,training,generative_history,zero_option,stranger,all,positive_positive,all,all,training,811,111,0.40072930072930085,0.5244580115830115,-0.12372871085371068,4.256327756327757,4.862492277992278,-0.6061645216645211,0.48860628485628493,0.5568331724581725,4.673418597168596,5.028061990561991,400,equal_participant,False,observed_pretrial_labels_for_both_predictions
H8,H8_train_noage,training,generative_history,zero_option,stranger,all,zero,all,all,training,587,111,0.6873873873873872,0.538436936936937,0.1489504504504503,3.0159159159159157,2.5323415915915914,0.48357432432432423,0.4977477477477479,0.5828903903903904,2.3202777777777777,2.7511636636636627,400,equal_participant,False,observed_pretrial_labels_for_both_predictions
H8,H8_train_noage,training,generative_history,run,stranger,all,all,single_run,all,training,170,21,0.41991685563114134,0.5074258786848073,-0.08750902305366592,3.395918367346939,3.8416895313681025,-0.44577116402116346,0.41809571050642474,0.580930177626606,3.4649130763416474,4.193505291005291,400,equal_participant,False,observed_pretrial_labels_for_both_predictions
H8,H8_train_noage,training,generative_history,time_bin,stranger,all,all,early,all,training,938,111,0.4997546247546247,0.5072637101387102,-0.007509085384085512,3.717043667043666,3.812092720967721,-0.09504905392405494,0.4766896929396927,0.5416628479128479,3.6526172276172284,3.9671175396175413,400,equal_participant,False,observed_pretrial_labels_for_both_predictions
H8,H8_train_noage,training,generative_history,time_bin,stranger,all,all,middle,all,training,460,111,0.5581295581295581,0.5680683183183183,-0.009938760188760165,3.795795795795796,4.006261904761905,-0.21046610896610884,0.5175841913341914,0.6169031531531531,3.7692867867867883,4.236382453882456,400,equal_participant,False,observed_pretrial_labels_for_both_predictions
H8,H8_train_noage,training,generative_history,previous_feedback,stranger,all,all,all,defection,training,650,111,0.5120656370656372,0.5187452631202631,-0.006679626054625909,3.622408122408123,3.7474096060346063,-0.12500148362648345,0.4799371693121694,0.5590439546689546,3.5587584012584004,3.9425740025740033,400,equal_participant,False,observed_pretrial_labels_for_both_predictions
H8,H8_train_noage,training,generative_history,previous_feedback,stranger,all,all,all,no_previous,training,123,111,0.6081081081081081,0.4057094594594595,0.2023986486486486,4.063063063063064,3.3047672672672674,0.7582957957957963,0.32132132132132135,0.4865615615615615,2.879654654654655,3.696771771771772,400,equal_participant,False,observed_pretrial_labels_for_both_predictions
H8,H8_train_noage,training,generative_history,previous_feedback,stranger,all,all,all,reciprocation,training,625,109,0.5613222659094216,0.5666505752147952,-0.005328309305373646,3.9575506043395943,4.118838976263288,-0.16128837192369394,0.5292751565457986,0.6063618574341052,3.9351407091888744,4.312129386922965,400,equal_participant,False,observed_pretrial_labels_for_both_predictions
H8,H8_train_noage,training,generative_history,partner,computer,all,all,all,all,training,1412,111,0.4652083152083152,0.526397959085459,-0.06118964387714387,3.4356873856873857,3.832267692267692,-0.3965803065803062,0.4960856723356725,0.5514051189051189,3.695427856677856,3.9540354227854233,400,equal_participant,False,observed_pretrial_labels_for_both_predictions
H8,H8_train_noage,training,generative_history,offer,computer,0-2,zero,all,all,training,205,110,0.6409090909090909,0.5144545454545455,0.12645454545454538,1.2818181818181817,1.028909090909091,0.25290909090909075,0.44545454545454544,0.5909090909090909,0.8909090909090909,1.1818181818181819,400,equal_participant,False,observed_pretrial_labels_for_both_predictions
H8,H8_train_noage,training,generative_history,offer,computer,0-4,zero,all,all,training,203,109,0.5963302752293578,0.5361238532110092,0.06020642201834858,2.385321100917431,2.1444954128440368,0.24082568807339433,0.4724770642201835,0.6009174311926605,1.889908256880734,2.403669724770642,400,equal_participant,False,observed_pretrial_labels_for_both_predictions
H8,H8_train_noage,training,generative_history,offer,computer,2-4,positive_positive,all,all,training,207,111,0.481981981981982,0.5113175675675676,-0.029335585585585633,2.963963963963964,3.0226351351351353,-0.05867117117117138,0.44594594594594594,0.5765765765765766,2.891891891891892,3.1531531531531534,400,equal_participant,False,observed_pretrial_labels_for_both_predictions
H8,H8_train_noage,training,generative_history,offer,computer,2-8,positive_positive,all,all,training,400,110,0.3704545454545455,0.5424318181818182,-0.1719772727272727,4.222727272727273,5.2545909090909095,-1.0318636363636369,0.492405303030303,0.5924431818181817,4.954431818181818,5.554659090909091,400,equal_participant,False,observed_pretrial_labels_for_both_predictions
H8,H8_train_noage,training,generative_history,offer,computer,4-8,positive_positive,all,all,training,202,107,0.3411214953271028,0.5216355140186916,-0.18051401869158878,5.364485981308412,6.086542056074766,-0.7220560747663543,0.4485981308411215,0.5887850467289719,5.794392523364486,6.355140186915888,400,equal_participant,False,observed_pretrial_labels_for_both_predictions
H8,H8_train_noage,training,generative_history,zero_option,computer,all,positive_positive,all,all,training,809,111,0.38973616473616474,0.5282226244101245,-0.13848645967395973,4.158236808236808,4.877959298584298,-0.7197224903474906,0.4935572179322179,0.5603088803088803,4.70817513942514,5.0349930287430285,400,equal_participant,False,observed_pretrial_labels_for_both_predictions
H8,H8_train_noage,training,generative_history,zero_option,computer,all,zero,all,all,training,603,111,0.5758258258258258,0.5244921171171171,0.05133370870870868,2.460660660660661,2.3989136636636634,0.061746996996997705,0.4840803303303303,0.5623123123123123,2.2031231231231234,2.594091591591592,400,equal_participant,False,observed_pretrial_labels_for_both_predictions
H8,H8_train_noage,training,generative_history,run,computer,all,all,single_run,all,training,181,21,0.4291606541606541,0.5031991513777229,-0.07403849721706879,3.2672919672919676,3.6922576101147526,-0.42496564282278504,0.43110531333745616,0.5808896791039647,3.314407081014224,4.091178021713735,400,equal_participant,False,observed_pretrial_labels_for_both_predictions
H8,H8_train_noage,training,generative_history,time_bin,computer,all,all,early,all,training,859,111,0.4725676975676976,0.494213136025636,-0.02164543845793837,3.4487259987260006,3.6402211594711593,-0.1914951607451587,0.4569090275340274,0.529592278967279,3.466841776841777,3.8164493064493064,400,equal_participant,False,observed_pretrial_labels_for_both_predictions
H8,H8_train_noage,training,generative_history,time_bin,computer,all,all,middle,all,training,553,111,0.45373230373230383,0.573373704061204,-0.1196414003289002,3.464571714571715,4.167893554268554,-0.703321839696839,0.5263475082225079,0.6161939618189619,3.920534105534104,4.369913306163306,400,equal_participant,False,observed_pretrial_labels_for_both_predictions
H8,H8_train_noage,training,generative_history,previous_feedback,computer,all,all,all,defection,training,644,111,0.4526169026169026,0.518589392964393,-0.06597249034749036,3.423959673959674,3.7802542900042897,-0.3562946160446159,0.4770863720863721,0.5570684076934077,3.5861826111826094,3.969036000285999,400,equal_participant,False,observed_pretrial_labels_for_both_predictions
H8,H8_train_noage,training,generative_history,previous_feedback,computer,all,all,all,no_previous,training,130,111,0.45495495495495497,0.3948423423423424,0.06011261261261258,3.972972972972973,3.6397522522522525,0.3332207207207203,0.3063063063063063,0.48659909909909904,3.189189189189189,4.153153153153153,400,equal_participant,False,observed_pretrial_labels_for_both_predictions
H8,H8_train_noage,training,generative_history,previous_feedback,computer,all,all,all,reciprocation,training,638,111,0.508054483054483,0.5623043847418847,-0.054249901687401736,3.4929143429143443,3.968332296582297,-0.4754179536679528,0.5193597168597168,0.6038876376376374,3.762192192192192,4.166337051337051,400,equal_participant,False,observed_pretrial_labels_for_both_predictions
H8,H8_train_noage,training,generative_history,partner,friend,all,all,all,all,heldout,1321,111,0.7516536016536016,0.5783249824499824,0.1733286192036192,4.740434040434041,4.078793619293619,0.6616404211404214,0.5431131406131406,0.6128080403080401,3.8945923895923884,4.237495904995905,400,equal_participant,False,observed_pretrial_labels_for_both_predictions
H8,H8_train_noage,training,generative_history,offer,friend,0-2,zero,all,all,heldout,190,104,0.8653846153846154,0.54109375,0.3242908653846154,1.7307692307692308,1.0821875,0.6485817307692308,0.47115384615384615,0.6106971153846154,0.9423076923076923,1.2213942307692307,400,equal_participant,False,observed_pretrial_labels_for_both_predictions
H8,H8_train_noage,training,generative_history,offer,friend,0-4,zero,all,all,heldout,192,102,0.8627450980392157,0.5772794117647058,0.28546568627450997,3.450980392156863,2.309117647058823,1.1418627450980399,0.5098039215686274,0.6471813725490195,2.0392156862745097,2.588725490196078,400,equal_participant,False,observed_pretrial_labels_for_both_predictions
H8,H8_train_noage,training,generative_history,offer,friend,2-4,positive_positive,all,all,heldout,190,103,0.7621359223300971,0.5420266990291261,0.22010922330097094,3.5242718446601944,3.0840533980582525,0.44021844660194187,0.470752427184466,0.616504854368932,2.941504854368932,3.233009708737864,400,equal_participant,False,observed_pretrial_labels_for_both_predictions
H8,H8_train_noage,training,generative_history,offer,friend,2-8,positive_positive,all,all,heldout,370,105,0.6706349206349206,0.5995753968253967,0.07105952380952385,6.023809523809524,5.597452380952381,0.42635714285714243,0.5467857142857142,0.654861111111111,5.280714285714286,5.929166666666666,400,equal_participant,False,observed_pretrial_labels_for_both_predictions
H8,H8_train_noage,training,generative_history,offer,friend,4-8,positive_positive,all,all,heldout,194,104,0.5865384615384616,0.5740745192307692,0.012463942307692322,6.346153846153846,6.296298076923076,0.04985576923076973,0.5046875,0.6395432692307691,6.01875,6.558173076923076,400,equal_participant,False,observed_pretrial_labels_for_both_predictions
H8,H8_train_noage,training,generative_history,zero_option,friend,all,positive_positive,all,all,heldout,754,109,0.6772826561817387,0.5754986074705111,0.10178404871122759,5.461074705111402,5.102749726955002,0.35832497815639996,0.5330900502402797,0.6202107907383135,4.903465487112274,5.304149737876804,400,equal_participant,False,observed_pretrial_labels_for_both_predictions
H8,H8_train_noage,training,generative_history,zero_option,friend,all,zero,all,all,heldout,567,111,0.8498498498498499,0.579911036036036,0.2699388138138139,3.8420420420420434,2.7433408408408413,1.098701201201202,0.5306306306306307,0.629436936936937,2.499759759759759,2.9694219219219224,400,equal_participant,False,observed_pretrial_labels_for_both_predictions
H8,H8_train_noage,training,generative_history,run,friend,all,all,single_run,all,heldout,89,21,0.7714285714285714,0.5705853174603174,0.20084325396825398,4.3841269841269845,3.7562579365079363,0.6278690476190483,0.4745436507936508,0.6628174603174601,3.320555555555556,4.198571428571428,400,equal_participant,False,observed_pretrial_labels_for_both_predictions
H8,H8_train_noage,training,generative_history,time_bin,friend,all,all,late,all,heldout,956,111,0.751151626151626,0.5789514608889609,0.17220016526266513,4.863816613816613,4.170581731706732,0.6932348821098806,0.5399717824717825,0.6159615872115868,3.9862527612527625,4.349123714123714,400,equal_participant,False,observed_pretrial_labels_for_both_predictions
H8,H8_train_noage,training,generative_history,previous_feedback,friend,all,all,all,defection,heldout,641,109,0.7272535313819719,0.5714931101645552,0.15576042121741673,4.714030872287755,4.116300222076599,0.5977306502111563,0.5275140163098876,0.6177111547983108,3.9113315494393506,4.338743993010048,400,equal_participant,False,observed_pretrial_labels_for_both_predictions
H8,H8_train_noage,training,generative_history,previous_feedback,friend,all,all,all,reciprocation,heldout,680,110,0.7802669552669552,0.5861173160173159,0.19414963924963935,4.858535353535354,4.0982965007215,0.7602388528138535,0.5385347222222222,0.6285641233766233,3.889299422799422,4.307992784992784,400,equal_participant,False,observed_pretrial_labels_for_both_predictions
H8,H8_train_noage,training,generative_history,partner,stranger,all,all,all,all,heldout,1354,111,0.5161195911195912,0.581211737024237,-0.06509214590464585,3.668375568375568,4.132628720253721,-0.46425315187815297,0.5477801796551794,0.6139905964905962,3.952370764870765,4.3038068775568785,400,equal_participant,False,observed_pretrial_labels_for_both_predictions
H8,H8_train_noage,training,generative_history,offer,stranger,0-2,zero,all,all,heldout,194,106,0.7594339622641509,0.540495283018868,0.21893867924528299,1.5188679245283019,1.080990566037736,0.43787735849056597,0.46226415094339623,0.613325471698113,0.9245283018867925,1.226650943396226,400,equal_participant,False,observed_pretrial_labels_for_both_predictions
H8,H8_train_noage,training,generative_history,offer,stranger,0-4,zero,all,all,heldout,194,108,0.7083333333333334,0.5799768518518519,0.1283564814814815,2.8333333333333335,2.3199074074074075,0.513425925925926,0.5046296296296297,0.6482638888888888,2.0185185185185186,2.593055555555555,400,equal_participant,False,observed_pretrial_labels_for_both_predictions
H8,H8_train_noage,training,generative_history,offer,stranger,0-8,zero,all,all,heldout,195,106,0.5849056603773585,0.6245165094339623,-0.039610849056603836,4.679245283018868,4.9961320754716985,-0.3168867924528307,0.5518867924528302,0.6933962264150944,4.415094339622642,5.547169811320755,400,equal_participant,False,observed_pretrial_labels_for_both_predictions
H8,H8_train_noage,training,generative_history,offer,stranger,4-8,positive_positive,all,all,heldout,197,105,0.3333333333333333,0.5751190476190475,-0.24178571428571421,5.333333333333333,6.30047619047619,-0.9671428571428571,0.5095238095238095,0.6428571428571429,6.038095238095238,6.571428571428571,400,equal_participant,False,observed_pretrial_labels_for_both_predictions
H8,H8_train_noage,training,generative_history,zero_option,stranger,all,positive_positive,all,all,heldout,771,111,0.38110253110253106,0.5797407496782497,-0.19863821857571867,4.247340197340197,5.2313442192192205,-0.9840040218790236,0.5343669562419564,0.6233311883311883,5.017791184041185,5.424804804804805,400,equal_participant,False,observed_pretrial_labels_for_both_predictions
H8,H8_train_noage,training,generative_history,zero_option,stranger,all,zero,all,all,heldout,583,111,0.6824324324324323,0.5820045045045045,0.10042792792792787,3.0030030030030037,2.8117034534534535,0.1912995495495502,0.5415728228228226,0.6247822822822823,2.580810810810811,3.0530480480480486,400,equal_participant,False,observed_pretrial_labels_for_both_predictions
H8,H8_train_noage,training,generative_history,run,stranger,all,all,single_run,all,heldout,117,21,0.46014739229024937,0.5753878968253968,-0.11524050453514745,3.221315192743764,3.9603256802721085,-0.7390104875283443,0.48193594104308385,0.6753713151927438,3.4569557823129253,4.489282879818595,400,equal_participant,False,observed_pretrial_labels_for_both_predictions
H8,H8_train_noage,training,generative_history,time_bin,stranger,all,all,late,all,heldout,921,111,0.5123025623025621,0.5803462699712699,-0.06804370766870782,3.6706531206531223,4.146161837161837,-0.4755087165087146,0.5406701425451423,0.6173527667277665,3.9673294560794554,4.3485779123279125,400,equal_participant,False,observed_pretrial_labels_for_both_predictions
H8,H8_train_noage,training,generative_history,previous_feedback,stranger,all,all,all,reciprocation,heldout,695,111,0.5523416273416275,0.5883965393965394,-0.03605491205491185,3.815501215501215,4.155422261547262,-0.3399210460460469,0.5449576362076363,0.6300520163020161,3.9501719576719565,4.358717467467467,400,equal_participant,False,observed_pretrial_labels_for_both_predictions
H8,H8_train_noage,training,generative_history,partner,computer,all,all,all,all,heldout,1342,111,0.49848102348102347,0.5754418215043215,-0.07696079802329808,3.671527571527572,4.154055373305373,-0.48252780177780075,0.5428585697335697,0.6127757584007586,3.9810316072816074,4.325256286506286,400,equal_participant,False,observed_pretrial_labels_for_both_predictions
H8,H8_train_noage,training,generative_history,offer,computer,0-2,zero,all,all,heldout,190,102,0.6764705882352942,0.5428186274509804,0.13365196078431374,1.3529411764705883,1.0856372549019608,0.2673039215686275,0.47058823529411764,0.6128676470588235,0.9411764705882353,1.225735294117647,400,equal_participant,False,observed_pretrial_labels_for_both_predictions
H8,H8_train_noage,training,generative_history,offer,computer,0-4,zero,all,all,heldout,189,103,0.616504854368932,0.5718446601941747,0.044660194174757306,2.466019417475728,2.2873786407766987,0.17864077669902922,0.5,0.6456310679611651,2.0,2.5825242718446604,400,equal_participant,False,observed_pretrial_labels_for_both_predictions
H8,H8_train_noage,training,generative_history,offer,computer,0-8,zero,all,all,heldout,198,104,0.5721153846153846,0.615516826923077,-0.043401442307692384,4.576923076923077,4.924134615384616,-0.34721153846153907,0.5480769230769231,0.6778846153846154,4.384615384615385,5.423076923076923,400,equal_participant,False,observed_pretrial_labels_for_both_predictions
H8,H8_train_noage,training,generative_history,offer,computer,2-4,positive_positive,all,all,heldout,189,101,0.5,0.5361509900990099,-0.036150990099009905,3.0,3.07230198019802,-0.07230198019802003,0.4602722772277228,0.6138613861386139,2.9205445544554456,3.227722772277228,400,equal_participant,False,observed_pretrial_labels_for_both_predictions
H8,H8_train_noage,training,generative_history,offer,computer,2-8,positive_positive,all,all,heldout,383,110,0.39545454545454545,0.5959526515151515,-0.20049810606060608,4.372727272727273,5.575715909090909,-1.202988636363636,0.5439204545454546,0.651534090909091,5.263522727272727,5.909204545454545,400,equal_participant,False,observed_pretrial_labels_for_both_predictions
H8,H8_train_noage,training,generative_history,zero_option,computer,all,positive_positive,all,all,heldout,765,111,0.4138888888888889,0.5753868511368511,-0.16149796224796215,4.30948090948091,5.1400790969540955,-0.8305981874731856,0.5333311883311884,0.6184808022308023,4.930153367653368,5.364612290862291,400,equal_participant,False,observed_pretrial_labels_for_both_predictions
H8,H8_train_noage,training,generative_history,zero_option,computer,all,zero,all,all,heldout,577,110,0.6177272727272728,0.5751333333333334,0.042593939393939406,2.858181818181818,2.8313848484848485,0.02679696969696943,0.5277121212121214,0.6184128787878788,2.5749242424242413,3.0726590909090907,400,equal_participant,False,observed_pretrial_labels_for_both_predictions
H8,H8_train_noage,training,generative_history,run,computer,all,all,single_run,all,heldout,103,21,0.46734693877551015,0.5720759637188209,-0.10472902494331071,3.6181405895691614,4.273335034013606,-0.6551944444444442,0.4604563492063492,0.6769217687074829,3.6443537414965976,4.848316326530613,400,equal_participant,False,observed_pretrial_labels_for_both_predictions
H8,H8_train_noage,training,generative_history,time_bin,computer,all,all,late,all,heldout,876,111,0.523132623132623,0.5758651238651238,-0.0527325007325008,3.704526754526753,4.097494991369992,-0.39296823684323856,0.5389674733424733,0.6160569023069021,3.901547632797633,4.291384446384447,400,equal_participant,False,observed_pretrial_labels_for_both_predictions
H8,H8_train_noage,training,generative_history,time_bin,computer,all,all,middle,all,heldout,466,100,0.47208333333333335,0.5724027678571428,-0.10031943452380948,3.521047619047621,4.0818086904761905,-0.5607610714285696,0.5176017857142857,0.6267660714285712,3.8125625,4.327132738095237,400,equal_participant,False,observed_pretrial_labels_for_both_predictions
H8,H8_train_noage,training,generative_history,previous_feedback,computer,all,all,all,defection,heldout,726,109,0.4653024345684895,0.5663515561910057,-0.10104912162251622,3.522059388114434,4.113064331056304,-0.5910049429418698,0.5180462637515391,0.611425791334048,3.8722713703218297,4.33380330169321,400,equal_participant,False,observed_pretrial_labels_for_both_predictions
H8,H8_train_noage,training,generative_history,previous_feedback,computer,all,all,all,reciprocation,heldout,616,110,0.5516522366522365,0.5907928637019546,-0.0391406270497181,4.095898596353141,4.402990527023482,-0.3070919306703406,0.5439478305785124,0.6398050636232455,4.156601649613013,4.631322035287944,400,equal_participant,False,observed_pretrial_labels_for_both_predictions
H8,H8_train_noage,training,conditional_history,previous_feedback,stranger,all,all,all,defection,heldout,659,107,0.5022885733166105,0.570307200774442,-0.0680186274578315,3.6139869995010185,4.07992963703795,-0.46594263753693177,0.5264003351269707,0.6164669643700019,3.866275775107551,4.2827963715931,400,equal_participant,False,observed_pretrial_labels_for_both_predictions
H8,H8_train_noage,training,generative_history,previous_feedback,stranger,all,all,all,defection,heldout,659,107,0.5022885733166105,0.5724559218688892,-0.07016734855227869,3.6139869995010185,4.094621186834972,-0.480634187333953,0.529184308033607,0.6181132756132757,3.8810224238378437,4.30158580127038,400,equal_participant,False,observed_pretrial_labels_for_both_predictions
H8,H8_train_noage,training,conditional_history,run,friend,all,all,run_1,all,all,1224,90,0.8027216302216302,0.5350053593150775,0.2677162709065527,5.106313316313316,3.8860403418479006,1.2202729744654155,0.5085592185592186,0.5618272375772376,3.7503727152477153,4.030971745846746,400,equal_participant,False,observed_pretrial_labels_for_both_predictions
H8,H8_train_noage,training,conditional_history,run,friend,all,all,run_2,all,all,1232,90,0.7470394420394423,0.5815245666748321,0.16551487536461018,4.823572353572355,4.161866985719431,0.6617053678529237,0.5469112970362972,0.6153734043734045,4.00355945905946,4.334051420801421,400,equal_participant,False,observed_pretrial_labels_for_both_predictions
H8,H8_train_noage,training,conditional_history,run,stranger,all,all,run_1,all,all,1228,90,0.5417985717985716,0.5371029289564785,0.004695642842093117,3.8022410922410907,3.9008104459776316,-0.09856935373654085,0.510875934250934,0.5686292781292779,3.762352073852074,4.040524336774336,400,equal_participant,False,observed_pretrial_labels_for_both_predictions
H8,H8_train_noage,training,conditional_history,run,stranger,all,all,run_2,all,all,1237,90,0.5291797708464375,0.5820749502874198,-0.05289517944098232,3.7726896560229894,4.169731545357551,-0.3970418893345613,0.5482463215796549,0.6177034770784771,4.004902859486192,4.337610506777172,400,equal_participant,False,observed_pretrial_labels_for_both_predictions
H8,H8_train_noage,training,conditional_history,run,computer,all,all,run_1,all,all,1231,90,0.47361943611943613,0.534238390227137,-0.060618954107700906,3.474979649979651,3.8728356287242853,-0.3978559787446345,0.5025897829022827,0.5614849733599734,3.7311715599215605,4.013572654197652,400,equal_participant,False,observed_pretrial_labels_for_both_predictions
H8,H8_train_noage,training,conditional_history,run,computer,all,all,run_2,all,all,1239,90,0.5057456432456432,0.5745929031373972,-0.068847259891754,3.6839845339845345,4.116879261292931,-0.43289472730839673,0.5425135281385282,0.6067459970584969,3.9539872627372636,4.2843474349724335,400,equal_participant,False,observed_pretrial_labels_for_both_predictions
H8,H8_train_noage,training,conditional_history,run,friend,all,all,run_1,all,training,1224,90,0.8027216302216302,0.5350053593150775,0.2677162709065527,5.106313316313316,3.8860403418479006,1.2202729744654155,0.5085592185592186,0.5618272375772376,3.7503727152477153,4.030971745846746,400,equal_participant,False,observed_pretrial_labels_for_both_predictions
H8,H8_train_noage,training,conditional_history,run,stranger,all,all,run_1,all,training,1228,90,0.5417985717985716,0.5371029289564785,0.004695642842093117,3.8022410922410907,3.9008104459776316,-0.09856935373654085,0.510875934250934,0.5686292781292779,3.762352073852074,4.040524336774336,400,equal_participant,False,observed_pretrial_labels_for_both_predictions
H8,H8_train_noage,training,conditional_history,offer,computer,0-8,zero,all,all,training,195,103,0.47572815533980584,0.5238689751917421,-0.0481408198519363,3.8058252427184467,4.190951801533937,-0.3851265588154904,0.46116504854368934,0.5874999999999998,3.6893203883495147,4.699999999999998,400,equal_participant,False,observed_pretrial_labels_for_both_predictions
H8,H8_train_noage,training,conditional_history,run,computer,all,all,run_1,all,training,1231,90,0.47361943611943613,0.534238390227137,-0.060618954107700906,3.474979649979651,3.8728356287242853,-0.3978559787446345,0.5025897829022827,0.5614849733599734,3.7311715599215605,4.013572654197652,400,equal_participant,False,observed_pretrial_labels_for_both_predictions
H8,H8_train_noage,training,conditional_history,offer,friend,0-8,zero,all,all,heldout,185,99,0.8181818181818182,0.6290550665761834,0.18912675160563486,6.545454545454546,5.032440532609467,1.5130140128450789,0.565530303030303,0.7021464646464645,4.524242424242424,5.617171717171716,400,equal_participant,False,observed_pretrial_labels_for_both_predictions
H8,H8_train_noage,training,conditional_history,run,friend,all,all,run_2,all,heldout,1232,90,0.7470394420394423,0.5815245666748321,0.16551487536461018,4.823572353572355,4.161866985719431,0.6617053678529237,0.5469112970362972,0.6153734043734045,4.00355945905946,4.334051420801421,400,equal_participant,False,observed_pretrial_labels_for_both_predictions
H8,H8_train_noage,training,conditional_history,time_bin,friend,all,all,middle,all,heldout,365,94,0.7526342451874366,0.5770857882993937,0.17554845688804288,4.469123606889565,3.90546104812169,0.563662558767875,0.520318199088146,0.6365878292806483,3.663895010131711,4.174499113475178,400,equal_participant,False,observed_pretrial_labels_for_both_predictions
H8,H8_train_noage,training,conditional_history,offer,stranger,2-4,positive_positive,all,all,heldout,191,101,0.4900990099009901,0.5399898891075362,-0.04989087920654611,2.98019801980198,3.079979778215072,-0.099781758413092,0.4603960396039604,0.6138613861386139,2.9207920792079207,3.227722772277228,400,equal_participant,False,observed_pretrial_labels_for_both_predictions
H8,H8_train_noage,training,conditional_history,offer,stranger,2-8,positive_positive,all,all,heldout,383,103,0.37783171521035597,0.6043530631876904,-0.22652134797733448,4.266990291262136,5.626118379126142,-1.359128087864006,0.5501011326860842,0.6561690938511328,5.300606796116505,5.937014563106796,400,equal_participant,False,observed_pretrial_labels_for_both_predictions
H8,H8_train_noage,training,conditional_history,run,stranger,all,all,run_2,all,heldout,1237,90,0.5291797708464375,0.5820749502874198,-0.05289517944098232,3.7726896560229894,4.169731545357551,-0.3970418893345613,0.5482463215796549,0.6177034770784771,4.004902859486192,4.337610506777172,400,equal_participant,False,observed_pretrial_labels_for_both_predictions
H8,H8_train_noage,training,conditional_history,time_bin,stranger,all,all,middle,all,heldout,433,95,0.52265664160401,0.5817399860525458,-0.0590833444485358,3.7507268170426062,4.194992358034159,-0.4442655409915526,0.5280231829573933,0.6454965538847117,3.9449749373433587,4.4499266917293205,400,equal_participant,False,observed_pretrial_labels_for_both_predictions
H8,H8_train_noage,training,conditional_history,offer,computer,4-8,positive_positive,all,all,heldout,193,100,0.355,0.5684347292499361,-0.21343472924993612,5.42,6.2737389169997435,-0.8537389169997436,0.495,0.6401249999999999,5.98,6.560499999999999,400,equal_participant,False,observed_pretrial_labels_for_both_predictions
H8,H8_train_noage,training,conditional_history,run,computer,all,all,run_2,all,heldout,1239,90,0.5057456432456432,0.5745929031373972,-0.068847259891754,3.6839845339845345,4.116879261292931,-0.43289472730839673,0.5425135281385282,0.6067459970584969,3.9539872627372636,4.2843474349724335,400,equal_participant,False,observed_pretrial_labels_for_both_predictions
H8,H8_train_noage,training,generative_history,run,friend,all,all,run_1,all,all,1224,90,0.8027216302216302,0.5199951206201205,0.2827265096015097,5.106313316313316,3.8078645525770525,1.2984487637362636,0.4911884365634367,0.5489453648203648,3.664668336293336,3.958581696081696,400,equal_participant,False,observed_pretrial_labels_for_both_predictions
H8,H8_train_noage,training,generative_history,run,friend,all,all,run_2,all,all,1232,90,0.7470394420394423,0.5801309042809043,0.16690853775853798,4.823572353572355,4.154051945276945,0.6695204082954103,0.5434574453324452,0.6106565841565842,3.9723239353239355,4.300377437377438,400,equal_participant,False,observed_pretrial_labels_for_both_predictions
H8,H8_train_noage,training,generative_history,run,stranger,all,all,run_1,all,all,1228,90,0.5417985717985716,0.5347023791023792,0.007096192696192438,3.8022410922410907,3.889881452806453,-0.0876403605653624,0.5030251184001183,0.564010017760018,3.735573944573945,4.02304056129056,400,equal_participant,False,observed_pretrial_labels_for_both_predictions
H8,H8_train_noage,training,generative_history,run,stranger,all,all,run_2,all,all,1237,90,0.5291797708464375,0.5825706330706331,-0.053390862224195534,3.7726896560229894,4.172832762916096,-0.4001431068931067,0.5482735551485552,0.6156004335171001,4.010758762842097,4.33632689841023,400,equal_participant,False,observed_pretrial_labels_for_both_predictions
H8,H8_train_noage,training,generative_history,run,computer,all,all,run_1,all,all,1231,90,0.47361943611943613,0.5318110142172642,-0.058191578097828045,3.474979649979651,3.864936711436711,-0.3899570614570602,0.5003598369223368,0.5565707325082324,3.710059593184593,3.995956751581749,400,equal_participant,False,observed_pretrial_labels_for_both_predictions
H8,H8_train_noage,training,generative_history,run,computer,all,all,run_2,all,all,1239,90,0.5057456432456432,0.5762271883209383,-0.07048154507529514,3.6839845339845345,4.126223452473453,-0.4422389184889184,0.5472393463018463,0.6098618626743625,3.993628547378548,4.293246013246012,400,equal_participant,False,observed_pretrial_labels_for_both_predictions
H8,H8_train_noage,training,generative_history,run,friend,all,all,run_1,all,training,1224,90,0.8027216302216302,0.5199951206201205,0.2827265096015097,5.106313316313316,3.8078645525770525,1.2984487637362636,0.4911884365634367,0.5489453648203648,3.664668336293336,3.958581696081696,400,equal_participant,False,observed_pretrial_labels_for_both_predictions
H8,H8_train_noage,training,generative_history,run,stranger,all,all,run_1,all,training,1228,90,0.5417985717985716,0.5347023791023792,0.007096192696192438,3.8022410922410907,3.889881452806453,-0.0876403605653624,0.5030251184001183,0.564010017760018,3.735573944573945,4.02304056129056,400,equal_participant,False,observed_pretrial_labels_for_both_predictions
H8,H8_train_noage,training,generative_history,offer,computer,0-8,zero,all,all,training,195,103,0.47572815533980584,0.5229490291262135,-0.04722087378640771,3.8058252427184467,4.183592233009708,-0.3777669902912617,0.45145631067961167,0.5825242718446602,3.6116504854368934,4.660194174757281,400,equal_participant,False,observed_pretrial_labels_for_both_predictions
H8,H8_train_noage,training,generative_history,run,computer,all,all,run_1,all,training,1231,90,0.47361943611943613,0.5318110142172642,-0.058191578097828045,3.474979649979651,3.864936711436711,-0.3899570614570602,0.5003598369223368,0.5565707325082324,3.710059593184593,3.995956751581749,400,equal_participant,False,observed_pretrial_labels_for_both_predictions
H8,H8_train_noage,training,generative_history,offer,friend,0-8,zero,all,all,heldout,185,99,0.8181818181818182,0.6274747474747475,0.1907070707070707,6.545454545454546,5.01979797979798,1.5256565656565657,0.560479797979798,0.696969696969697,4.483838383838384,5.575757575757576,400,equal_participant,False,observed_pretrial_labels_for_both_predictions
H8,H8_train_noage,training,generative_history,run,friend,all,all,run_2,all,heldout,1232,90,0.7470394420394423,0.5801309042809043,0.16690853775853798,4.823572353572355,4.154051945276945,0.6695204082954103,0.5434574453324452,0.6106565841565842,3.9723239353239355,4.300377437377438,400,equal_participant,False,observed_pretrial_labels_for_both_predictions
H8,H8_train_noage,training,generative_history,time_bin,friend,all,all,middle,all,heldout,365,94,0.7526342451874366,0.5762998670212766,0.17633437816616004,4.469123606889565,3.898279445288754,0.5708441616008111,0.5158187689969606,0.6315973277608917,3.6371308257345474,4.144720744680851,400,equal_participant,False,observed_pretrial_labels_for_both_predictions
H8,H8_train_noage,training,generative_history,offer,stranger,2-4,positive_positive,all,all,heldout,191,101,0.4900990099009901,0.5375495049504951,-0.04745049504950505,2.98019801980198,3.07509900990099,-0.09490099009900987,0.4603960396039604,0.6139851485148513,2.9207920792079207,3.227970297029703,400,equal_participant,False,observed_pretrial_labels_for_both_predictions
H8,H8_train_noage,training,generative_history,offer,stranger,2-8,positive_positive,all,all,heldout,383,103,0.37783171521035597,0.6046804207119741,-0.22684870550161818,4.266990291262136,5.628082524271845,-1.3610922330097086,0.5477346278317152,0.6585760517799353,5.286407766990291,5.951456310679611,400,equal_participant,False,observed_pretrial_labels_for_both_predictions
H8,H8_train_noage,training,generative_history,run,stranger,all,all,run_2,all,heldout,1237,90,0.5291797708464375,0.5825706330706331,-0.053390862224195534,3.7726896560229894,4.172832762916096,-0.4001431068931067,0.5482735551485552,0.6156004335171001,4.010758762842097,4.33632689841023,400,equal_participant,False,observed_pretrial_labels_for_both_predictions
H8,H8_train_noage,training,generative_history,time_bin,stranger,all,all,middle,all,heldout,433,95,0.52265664160401,0.5841722744360902,-0.06151563283208017,3.7507268170426062,4.203427005012531,-0.45270018796992506,0.5282935463659147,0.6347274436090224,3.956862781954888,4.420307017543858,400,equal_participant,False,observed_pretrial_labels_for_both_predictions
H8,H8_train_noage,training,generative_history,offer,computer,4-8,positive_positive,all,all,heldout,193,100,0.355,0.5680625,-0.21306250000000004,5.42,6.2722500000000005,-0.8522500000000006,0.5,0.64,6.0,6.56,400,equal_participant,False,observed_pretrial_labels_for_both_predictions
H8,H8_train_noage,training,generative_history,run,computer,all,all,run_2,all,heldout,1239,90,0.5057456432456432,0.5762271883209383,-0.07048154507529514,3.6839845339845345,4.126223452473453,-0.4422389184889184,0.5472393463018463,0.6098618626743625,3.993628547378548,4.293246013246012,400,equal_participant,False,observed_pretrial_labels_for_both_predictions
