parameter,Mean,MCSE,StdDev,MAD,5%,50%,95%,ESS_bulk,ESS_tail,ESS_bulk/s,R_hat,run,n_subjects,chains,draws_per_chain,warmup_per_chain,adapt_delta,divergences,max_depth_hits,min_bfmi,passed
mu[1],-2.60567,0.00749006,0.323907,0.319016,-3.16735,-2.58977,-2.102,1875.34,5488.32,0.0807122,1.00144,N111_HPreference_zero_full,111,4,4000,3000,0.99,0,8,0.6422239970148225,False
mu[2],-0.558757,0.00176805,0.139176,0.13995,-0.7938,-0.556002,-0.336776,6223.18,9431.44,0.267838,1.00004,N111_HPreference_zero_full,111,4,4000,3000,0.99,0,8,0.6422239970148225,False
mu[3],1.07937,0.00187149,0.134415,0.133283,0.874481,1.06965,1.31348,5138.08,8531.65,0.221137,1.00017,N111_HPreference_zero_full,111,4,4000,3000,0.99,0,8,0.6422239970148225,False
mu[4],0.32177,0.00100228,0.0769197,0.0755743,0.200005,0.318529,0.453562,5932.97,9049.11,0.255348,1.00034,N111_HPreference_zero_full,111,4,4000,3000,0.99,0,8,0.6422239970148225,False
mu[5],1.85621,0.00151967,0.149047,0.149375,1.61614,1.85483,2.10298,9691.96,11179.7,0.41713,0.999888,N111_HPreference_zero_full,111,4,4000,3000,0.99,0,8,0.6422239970148225,False
tau[1],1.56216,0.00254265,0.250199,0.245233,1.1819,1.54468,1.99938,9523.47,12058.9,0.409878,1.00073,N111_HPreference_zero_full,111,4,4000,3000,0.99,0,8,0.6422239970148225,False
tau[2],1.2387,0.0015372,0.110473,0.108167,1.07044,1.23201,1.43165,5149.57,9471.47,0.221631,1.00075,N111_HPreference_zero_full,111,4,4000,3000,0.99,0,8,0.6422239970148225,False
tau[3],0.954779,0.00194939,0.135015,0.13044,0.751356,0.943167,1.18964,4804.63,8802.53,0.206786,1.00067,N111_HPreference_zero_full,111,4,4000,3000,0.99,0,8,0.6422239970148225,False
tau[4],0.638201,0.00105408,0.0837505,0.0820836,0.511401,0.633011,0.78386,6265.98,10695.5,0.26968,1.00037,N111_HPreference_zero_full,111,4,4000,3000,0.99,0,8,0.6422239970148225,False
tau[5],1.35997,0.00143321,0.131762,0.129059,1.15577,1.35415,1.58879,8454.62,11780.0,0.363877,1.00016,N111_HPreference_zero_full,111,4,4000,3000,0.99,0,8,0.6422239970148225,False
"natural[1,1]",0.0880126,0.00105854,0.0953854,0.0560807,0.00721147,0.0573786,0.270245,7329.68,11261.0,0.315461,1.00023,N111_HPreference_zero_full,111,4,4000,3000,0.99,0,8,0.6422239970148225,False
"natural[1,2]",1.30458,0.00422262,0.560046,0.524307,0.546333,1.22131,2.33327,16341.7,11479.9,0.703329,1.00018,N111_HPreference_zero_full,111,4,4000,3000,0.99,0,8,0.6422239970148225,False
"natural[1,3]",1.12936,0.00294869,0.362119,0.342893,0.626894,1.08224,1.79261,17279.0,11499.0,0.743667,0.999965,N111_HPreference_zero_full,111,4,4000,3000,0.99,0,8,0.6422239970148225,False
"natural[1,4]",0.0990531,0.000944607,0.124012,0.103628,-0.11031,0.106929,0.27556,18013.9,11700.4,0.775298,1.00004,N111_HPreference_zero_full,111,4,4000,3000,0.99,0,8,0.6422239970148225,False
"natural[1,5]",1.10583,0.004408,0.67955,0.676539,0.00269525,1.09399,2.23592,23955.0,11451.1,1.03099,1.00012,N111_HPreference_zero_full,111,4,4000,3000,0.99,0,8,0.6422239970148225,False
"natural[2,1]",0.15422,0.00143451,0.146293,0.0975369,0.016281,0.110478,0.457192,11826.2,10382.3,0.508986,1.00012,N111_HPreference_zero_full,111,4,4000,3000,0.99,0,8,0.6422239970148225,False
"natural[2,2]",0.407833,0.00245266,0.269755,0.251445,0.0753666,0.354309,0.921202,9938.84,9863.91,0.427755,1.00019,N111_HPreference_zero_full,111,4,4000,3000,0.99,0,8,0.6422239970148225,False
"natural[2,3]",1.05701,0.00604494,0.581713,0.462877,0.378525,0.924395,2.20906,12416.8,9222.96,0.534402,1.001,N111_HPreference_zero_full,111,4,4000,3000,0.99,0,8,0.6422239970148225,False
"natural[2,4]",0.154312,0.00367621,0.373103,0.274451,-0.337942,0.0994416,0.868559,12733.0,9251.22,0.548013,1.00021,N111_HPreference_zero_full,111,4,4000,3000,0.99,0,8,0.6422239970148225,False
"natural[2,5]",1.64432,0.00420843,0.637039,0.639836,0.636225,1.61943,2.72045,23052.5,13744.0,0.992151,1.00013,N111_HPreference_zero_full,111,4,4000,3000,0.99,0,8,0.6422239970148225,False
"natural[3,1]",0.084687,0.00135703,0.105029,0.0463136,0.00868121,0.0555295,0.260133,7279.05,6718.63,0.313282,1.00014,N111_HPreference_zero_full,111,4,4000,3000,0.99,0,8,0.6422239970148225,False
"natural[3,2]",0.831774,0.00563021,0.454164,0.472545,0.142544,0.802265,1.62779,5744.67,5378.98,0.247244,1.00071,N111_HPreference_zero_full,111,4,4000,3000,0.99,0,8,0.6422239970148225,False
"natural[3,3]",0.388306,0.00581629,0.378139,0.145855,0.0812496,0.297077,1.02815,8079.46,4983.07,0.34773,1.00065,N111_HPreference_zero_full,111,4,4000,3000,0.99,0,8,0.6422239970148225,False
"natural[3,4]",0.148588,0.00257329,0.217604,0.124478,-0.134721,0.140178,0.429157,11388.1,5268.81,0.490131,1.0004,N111_HPreference_zero_full,111,4,4000,3000,0.99,0,8,0.6422239970148225,False
"natural[3,5]",3.5633,0.0061142,0.756912,0.748543,2.3847,3.52542,4.87294,15528.4,11858.7,0.668322,1.00031,N111_HPreference_zero_full,111,4,4000,3000,0.99,0,8,0.6422239970148225,False
"natural[4,1]",0.0199813,0.000200087,0.0183794,0.0124583,0.00253403,0.0149835,0.0534106,7481.8,10679.6,0.322007,1.00027,N111_HPreference_zero_full,111,4,4000,3000,0.99,0,8,0.6422239970148225,False
"natural[4,2]",0.930339,0.00235405,0.299549,0.295999,0.483982,0.904992,1.45913,15393.8,11996.2,0.662529,1.00006,N111_HPreference_zero_full,111,4,4000,3000,0.99,0,8,0.6422239970148225,False
"natural[4,3]",1.22614,0.00269846,0.349191,0.339393,0.724821,1.18732,1.85184,18629.8,12209.2,0.801804,1.00012,N111_HPreference_zero_full,111,4,4000,3000,0.99,0,8,0.6422239970148225,False
"natural[4,4]",0.0302214,0.000929542,0.117957,0.106048,-0.173681,0.03819,0.202994,16419.4,12771.9,0.706669,1.0007,N111_HPreference_zero_full,111,4,4000,3000,0.99,0,8,0.6422239970148225,False
"natural[4,5]",2.69347,0.00389587,0.60308,0.60146,1.73181,2.67028,3.72534,24533.1,12958.5,1.05588,1.00114,N111_HPreference_zero_full,111,4,4000,3000,0.99,0,8,0.6422239970148225,False
"natural[5,1]",0.0815986,0.00162252,0.122381,0.0366592,0.00713371,0.0413499,0.322546,7476.96,6973.36,0.321799,1.0008,N111_HPreference_zero_full,111,4,4000,3000,0.99,0,8,0.6422239970148225,False
"natural[5,2]",0.963511,0.00791388,0.673939,0.629254,0.151043,0.812952,2.25853,5794.54,6859.59,0.24939,1.00058,N111_HPreference_zero_full,111,4,4000,3000,0.99,0,8,0.6422239970148225,False
"natural[5,3]",0.351449,0.00416245,0.331117,0.154761,0.0177688,0.290583,0.874387,10847.6,6368.54,0.466865,1.00058,N111_HPreference_zero_full,111,4,4000,3000,0.99,0,8,0.6422239970148225,False
"natural[5,4]",-0.12226,0.00263151,0.272495,0.223935,-0.607678,-0.0829906,0.196464,12052.9,9774.94,0.518742,1.00007,N111_HPreference_zero_full,111,4,4000,3000,0.99,0,8,0.6422239970148225,False
"natural[5,5]",1.13342,0.00635794,0.696259,0.706124,0.0183464,1.12031,2.31923,11858.6,11510.0,0.510379,1.0002,N111_HPreference_zero_full,111,4,4000,3000,0.99,0,8,0.6422239970148225,False
"natural[6,1]",0.079983,0.00066004,0.0674114,0.0499925,0.0111289,0.0629344,0.206414,9037.9,10591.8,0.38898,1.00009,N111_HPreference_zero_full,111,4,4000,3000,0.99,0,8,0.6422239970148225,False
"natural[6,2]",0.539201,0.00204967,0.23523,0.230163,0.207685,0.509957,0.96591,11505.7,10408.5,0.495191,1.00025,N111_HPreference_zero_full,111,4,4000,3000,0.99,0,8,0.6422239970148225,False
"natural[6,3]",1.35463,0.00406411,0.44675,0.418292,0.749784,1.29162,2.17361,14200.8,11668.8,0.611183,1.00001,N111_HPreference_zero_full,111,4,4000,3000,0.99,0,8,0.6422239970148225,False
"natural[6,4]",0.182406,0.00196541,0.212917,0.159343,-0.0974538,0.15208,0.555958,14344.0,10290.7,0.617346,1.00019,N111_HPreference_zero_full,111,4,4000,3000,0.99,0,8,0.6422239970148225,False
"natural[6,5]",1.38188,0.00321165,0.477829,0.476695,0.623983,1.36674,2.18343,22073.6,14467.3,0.950019,1.00012,N111_HPreference_zero_full,111,4,4000,3000,0.99,0,8,0.6422239970148225,False
"natural[7,1]",0.116018,0.0024453,0.131297,0.0733489,0.00716098,0.0697122,0.387777,2110.8,5518.37,0.0908461,1.00076,N111_HPreference_zero_full,111,4,4000,3000,0.99,0,8,0.6422239970148225,False
"natural[7,2]",0.39967,0.00128934,0.178081,0.166715,0.161789,0.370884,0.731413,17559.7,8965.24,0.755746,1.00051,N111_HPreference_zero_full,111,4,4000,3000,0.99,0,8,0.6422239970148225,False
"natural[7,3]",2.50191,0.00567189,0.71423,0.702416,1.4495,2.44534,3.76172,16892.1,12352.8,0.727017,1.00023,N111_HPreference_zero_full,111,4,4000,3000,0.99,0,8,0.6422239970148225,False
"natural[7,4]",1.40435,0.00321874,0.454894,0.43789,0.735758,1.36119,2.22056,21715.1,12250.8,0.93459,1.00006,N111_HPreference_zero_full,111,4,4000,3000,0.99,0,8,0.6422239970148225,False
"natural[7,5]",3.47304,0.00687699,1.00855,0.996796,1.9273,3.40988,5.23361,22601.7,12503.7,0.972748,1.00006,N111_HPreference_zero_full,111,4,4000,3000,0.99,0,8,0.6422239970148225,False
"natural[8,1]",0.143213,0.00173516,0.156963,0.0835509,0.0122289,0.0850378,0.491074,8425.95,10755.7,0.362643,1.00012,N111_HPreference_zero_full,111,4,4000,3000,0.99,0,8,0.6422239970148225,False
"natural[8,2]",0.309097,0.00214451,0.217911,0.201077,0.0537536,0.262724,0.730253,8857.16,10970.5,0.381201,1.00022,N111_HPreference_zero_full,111,4,4000,3000,0.99,0,8,0.6422239970148225,False
"natural[8,3]",1.06257,0.00735666,0.675616,0.517225,0.327234,0.881658,2.43602,10492.1,9405.61,0.451569,1.00054,N111_HPreference_zero_full,111,4,4000,3000,0.99,0,8,0.6422239970148225,False
"natural[8,4]",0.2492,0.00438592,0.428259,0.300768,-0.267668,0.151318,1.10797,11595.0,9356.46,0.499034,1.00042,N111_HPreference_zero_full,111,4,4000,3000,0.99,0,8,0.6422239970148225,False
"natural[8,5]",2.66314,0.00425695,0.626334,0.616404,1.68532,2.63051,3.74212,21862.2,13626.2,0.940924,1.00002,N111_HPreference_zero_full,111,4,4000,3000,0.99,0,8,0.6422239970148225,False
"natural[9,1]",0.288504,0.00234977,0.222879,0.214226,0.0288433,0.232678,0.740762,8243.59,10150.7,0.354794,1.00017,N111_HPreference_zero_full,111,4,4000,3000,0.99,0,8,0.6422239970148225,False
"natural[9,2]",0.118039,0.000643278,0.0859173,0.0711245,0.0226978,0.0963669,0.287112,14130.5,10939.3,0.608161,0.99992,N111_HPreference_zero_full,111,4,4000,3000,0.99,0,8,0.6422239970148225,False
"natural[9,3]",1.33513,0.00700085,0.832256,0.791608,0.219425,1.20527,2.88889,15954.9,11946.2,0.686681,0.99997,N111_HPreference_zero_full,111,4,4000,3000,0.99,0,8,0.6422239970148225,False
"natural[9,4]",0.384965,0.00460475,0.544272,0.510235,-0.378795,0.3209,1.39639,15150.1,12656.0,0.65204,1.00002,N111_HPreference_zero_full,111,4,4000,3000,0.99,0,8,0.6422239970148225,False
"natural[9,5]",1.96925,0.00375188,0.500313,0.493772,1.19427,1.94295,2.82423,18315.0,12137.9,0.788254,1.00015,N111_HPreference_zero_full,111,4,4000,3000,0.99,0,8,0.6422239970148225,False
"natural[10,1]",0.386469,0.0015281,0.188306,0.195318,0.0977631,0.373047,0.723294,14313.6,9847.25,0.616041,1.00058,N111_HPreference_zero_full,111,4,4000,3000,0.99,0,8,0.6422239970148225,False
"natural[10,2]",0.353939,0.00258326,0.238983,0.220044,0.0601686,0.307386,0.815479,7630.76,10158.2,0.328419,1.00023,N111_HPreference_zero_full,111,4,4000,3000,0.99,0,8,0.6422239970148225,False
"natural[10,3]",0.673932,0.00660533,0.592463,0.403299,-0.0098797,0.533646,1.86969,9379.18,9318.85,0.403668,1.00038,N111_HPreference_zero_full,111,4,4000,3000,0.99,0,8,0.6422239970148225,False
"natural[10,4]",0.0766253,0.00420539,0.383579,0.307144,-0.469604,0.036917,0.780085,8907.08,9787.98,0.38335,1.0003,N111_HPreference_zero_full,111,4,4000,3000,0.99,0,8,0.6422239970148225,False
"natural[10,5]",1.27835,0.00413548,0.577615,0.571248,0.370138,1.2545,2.27117,19620.5,14104.4,0.844444,1.00009,N111_HPreference_zero_full,111,4,4000,3000,0.99,0,8,0.6422239970148225,False
"natural[11,1]",0.0588335,0.000272991,0.0324166,0.0280941,0.0167197,0.0535721,0.118174,12404.6,9244.61,0.533879,1.00061,N111_HPreference_zero_full,111,4,4000,3000,0.99,0,8,0.6422239970148225,False
"natural[11,2]",2.99958,0.00905623,1.18565,1.08334,1.41494,2.81313,5.2216,15525.1,10655.4,0.668182,1.00007,N111_HPreference_zero_full,111,4,4000,3000,0.99,0,8,0.6422239970148225,False
"natural[11,3]",0.127359,0.000785096,0.0872947,0.073173,-0.0319202,0.143389,0.234276,13987.3,12035.8,0.601995,1.00011,N111_HPreference_zero_full,111,4,4000,3000,0.99,0,8,0.6422239970148225,False
"natural[11,4]",-0.0140889,0.000993297,0.112637,0.0958333,-0.221699,0.0065239,0.124801,15598.1,11763.6,0.671323,0.999965,N111_HPreference_zero_full,111,4,4000,3000,0.99,0,8,0.6422239970148225,False
"natural[11,5]",0.66549,0.00402021,0.614784,0.606913,-0.332743,0.661374,1.67651,23435.3,12504.1,1.00863,1.00016,N111_HPreference_zero_full,111,4,4000,3000,0.99,0,8,0.6422239970148225,False
"natural[12,1]",0.0397544,0.000455476,0.041331,0.0234294,0.00467167,0.0270862,0.119723,7623.58,11198.0,0.328109,1.00043,N111_HPreference_zero_full,111,4,4000,3000,0.99,0,8,0.6422239970148225,False
"natural[12,2]",1.15223,0.0043992,0.467323,0.484914,0.449826,1.12076,1.97558,10149.8,8910.31,0.436836,1.00035,N111_HPreference_zero_full,111,4,4000,3000,0.99,0,8,0.6422239970148225,False
"natural[12,3]",0.0466816,0.0012714,0.133475,0.0997028,-0.192285,0.0705371,0.20812,14176.8,9751.86,0.610152,1.0007,N111_HPreference_zero_full,111,4,4000,3000,0.99,0,8,0.6422239970148225,False
"natural[12,4]",-0.111494,0.00201333,0.179064,0.139442,-0.459913,-0.0705999,0.0947657,10759.4,8677.92,0.463072,1.0001,N111_HPreference_zero_full,111,4,4000,3000,0.99,0,8,0.6422239970148225,False
"natural[12,5]",2.17881,0.00398571,0.532521,0.534727,1.32832,2.16584,3.0744,17854.2,12753.7,0.768425,1.00006,N111_HPreference_zero_full,111,4,4000,3000,0.99,0,8,0.6422239970148225,False
"natural[13,1]",0.0541667,0.000370128,0.039799,0.0330526,0.00896828,0.0450112,0.129379,10290.8,10444.5,0.442901,1.00025,N111_HPreference_zero_full,111,4,4000,3000,0.99,0,8,0.6422239970148225,False
"natural[13,2]",0.991075,0.0041502,0.447874,0.439479,0.376135,0.926938,1.81412,10391.0,10445.1,0.447217,1.00033,N111_HPreference_zero_full,111,4,4000,3000,0.99,0,8,0.6422239970148225,False
"natural[13,3]",0.725907,0.00307184,0.29836,0.250215,0.374147,0.658681,1.30749,11692.0,10977.1,0.503211,1.0002,N111_HPreference_zero_full,111,4,4000,3000,0.99,0,8,0.6422239970148225,False
"natural[13,4]",0.0935687,0.000983042,0.121765,0.0994104,-0.117813,0.104923,0.25659,16448.7,12719.1,0.707932,1.0003,N111_HPreference_zero_full,111,4,4000,3000,0.99,0,8,0.6422239970148225,False
"natural[13,5]",0.812516,0.00392149,0.508976,0.51126,0.0131705,0.796491,1.68001,16655.1,13658.9,0.716813,1.00021,N111_HPreference_zero_full,111,4,4000,3000,0.99,0,8,0.6422239970148225,False
"natural[14,1]",0.0883599,0.00106449,0.0809516,0.051205,0.0120017,0.0646613,0.24864,4854.63,8082.48,0.208937,1.00048,N111_HPreference_zero_full,111,4,4000,3000,0.99,0,8,0.6422239970148225,False
"natural[14,2]",0.839781,0.00268553,0.319241,0.324352,0.375461,0.809068,1.41296,12844.0,10653.4,0.552789,1.00008,N111_HPreference_zero_full,111,4,4000,3000,0.99,0,8,0.6422239970148225,False
"natural[14,3]",-0.324795,0.00197125,0.235973,0.202478,-0.771752,-0.281578,-0.0257584,17460.4,11729.6,0.751475,1.0,N111_HPreference_zero_full,111,4,4000,3000,0.99,0,8,0.6422239970148225,False
"natural[14,4]",-0.0772105,0.00190784,0.188204,0.153862,-0.433868,-0.0380855,0.150325,11878.1,10261.1,0.511217,0.999948,N111_HPreference_zero_full,111,4,4000,3000,0.99,0,8,0.6422239970148225,False
"natural[14,5]",1.92978,0.00384252,0.503739,0.496884,1.12006,1.91621,2.78381,17325.1,13783.9,0.745651,1.00016,N111_HPreference_zero_full,111,4,4000,3000,0.99,0,8,0.6422239970148225,False
"natural[15,1]",0.181516,0.00202274,0.157577,0.113187,0.0229916,0.134025,0.510199,5970.37,10777.3,0.256957,1.00043,N111_HPreference_zero_full,111,4,4000,3000,0.99,0,8,0.6422239970148225,False
"natural[15,2]",0.240767,0.00106032,0.140381,0.119635,0.0729067,0.211021,0.51253,15129.7,12425.4,0.651166,1.00002,N111_HPreference_zero_full,111,4,4000,3000,0.99,0,8,0.6422239970148225,False
"natural[15,3]",1.66462,0.00553268,0.663459,0.619185,0.766359,1.56829,2.92193,16858.7,12104.2,0.725578,1.00032,N111_HPreference_zero_full,111,4,4000,3000,0.99,0,8,0.6422239970148225,False
"natural[15,4]",0.610101,0.00327938,0.397769,0.358842,0.0808697,0.542362,1.36155,17381.1,11587.9,0.748063,0.999855,N111_HPreference_zero_full,111,4,4000,3000,0.99,0,8,0.6422239970148225,False
"natural[15,5]",1.49121,0.00332234,0.458573,0.450326,0.764728,1.4733,2.27784,19310.7,13793.5,0.831111,1.00031,N111_HPreference_zero_full,111,4,4000,3000,0.99,0,8,0.6422239970148225,False
"natural[16,1]",0.0835219,0.0010894,0.0996932,0.0480144,0.00696932,0.0505731,0.27799,8524.93,10248.3,0.366902,1.00007,N111_HPreference_zero_full,111,4,4000,3000,0.99,0,8,0.6422239970148225,False
"natural[16,2]",0.458559,0.0025299,0.260358,0.25265,0.111458,0.419094,0.94559,8870.76,8727.92,0.381787,1.00006,N111_HPreference_zero_full,111,4,4000,3000,0.99,0,8,0.6422239970148225,False
"natural[16,3]",1.12752,0.00627034,0.538849,0.42681,0.516592,1.00039,2.20012,10196.1,8416.29,0.438829,1.00022,N111_HPreference_zero_full,111,4,4000,3000,0.99,0,8,0.6422239970148225,False
"natural[16,4]",0.223521,0.00368206,0.322574,0.213994,-0.161478,0.161197,0.862949,10383.4,7977.87,0.44689,1.00013,N111_HPreference_zero_full,111,4,4000,3000,0.99,0,8,0.6422239970148225,False
"natural[16,5]",3.1018,0.00457154,0.71226,0.697852,2.00987,3.06105,4.33556,24902.2,13495.0,1.07176,0.999972,N111_HPreference_zero_full,111,4,4000,3000,0.99,0,8,0.6422239970148225,False
"natural[17,1]",0.0462884,0.000279322,0.0310998,0.0292701,0.00772931,0.0406209,0.104018,9827.96,9244.55,0.422983,1.00012,N111_HPreference_zero_full,111,4,4000,3000,0.99,0,8,0.6422239970148225,False
"natural[17,2]",2.33718,0.00599787,0.774234,0.736979,1.21918,2.25301,3.72669,15535.1,11507.4,0.668611,0.999939,N111_HPreference_zero_full,111,4,4000,3000,0.99,0,8,0.6422239970148225,False
"natural[17,3]",0.540698,0.0013478,0.149724,0.124641,0.359652,0.510577,0.822782,15014.4,11850.9,0.6462,1.00005,N111_HPreference_zero_full,111,4,4000,3000,0.99,0,8,0.6422239970148225,False
"natural[17,4]",0.147204,0.000403639,0.050092,0.044852,0.0582684,0.152572,0.218609,15982.2,12349.0,0.687853,1.00006,N111_HPreference_zero_full,111,4,4000,3000,0.99,0,8,0.6422239970148225,False
"natural[17,5]",1.57367,0.00393569,0.576831,0.564712,0.662452,1.54863,2.55538,21873.4,11327.2,0.941406,1.00019,N111_HPreference_zero_full,111,4,4000,3000,0.99,0,8,0.6422239970148225,False
"natural[18,1]",0.13756,0.00244872,0.15219,0.0809719,0.0102362,0.0800934,0.474727,3248.89,9181.62,0.139828,1.00135,N111_HPreference_zero_full,111,4,4000,3000,0.99,0,8,0.6422239970148225,False
"natural[18,2]",0.479894,0.00163207,0.201223,0.185779,0.219886,0.444963,0.863578,14641.5,12672.4,0.630151,1.0,N111_HPreference_zero_full,111,4,4000,3000,0.99,0,8,0.6422239970148225,False
"natural[18,3]",2.03054,0.00548633,0.635022,0.61948,1.10491,1.96541,3.17902,14159.7,11333.0,0.609417,0.999916,N111_HPreference_zero_full,111,4,4000,3000,0.99,0,8,0.6422239970148225,False
"natural[18,4]",1.01498,0.00283177,0.351067,0.341535,0.534493,0.966154,1.66307,17041.8,13650.8,0.73346,1.00046,N111_HPreference_zero_full,111,4,4000,3000,0.99,0,8,0.6422239970148225,False
"natural[18,5]",1.25548,0.00363706,0.528316,0.5231,0.41077,1.24454,2.14584,21232.8,14573.1,0.913832,1.0,N111_HPreference_zero_full,111,4,4000,3000,0.99,0,8,0.6422239970148225,False
"natural[19,1]",0.0988615,0.000714477,0.0699671,0.0559529,0.0186525,0.084746,0.224492,8211.66,8974.23,0.35342,1.00016,N111_HPreference_zero_full,111,4,4000,3000,0.99,0,8,0.6422239970148225,False
"natural[19,2]",0.49135,0.00182012,0.204825,0.192472,0.209841,0.464142,0.870042,11399.6,11611.3,0.490623,1.0006,N111_HPreference_zero_full,111,4,4000,3000,0.99,0,8,0.6422239970148225,False
"natural[19,3]",0.758034,0.00291736,0.305623,0.254875,0.377798,0.704215,1.32529,14553.5,9692.78,0.626365,1.00039,N111_HPreference_zero_full,111,4,4000,3000,0.99,0,8,0.6422239970148225,False
"natural[19,4]",-0.213987,0.00177989,0.220859,0.203828,-0.602284,-0.197335,0.102992,16619.7,12621.8,0.715291,1.00008,N111_HPreference_zero_full,111,4,4000,3000,0.99,0,8,0.6422239970148225,False
"natural[19,5]",-0.276312,0.00305747,0.426723,0.422294,-0.978641,-0.276479,0.426089,19546.6,13964.9,0.841263,1.0001,N111_HPreference_zero_full,111,4,4000,3000,0.99,0,8,0.6422239970148225,False
"natural[20,1]",0.151155,0.00312838,0.156288,0.107708,0.00769184,0.0958144,0.482586,1872.21,5396.97,0.0805774,1.00097,N111_HPreference_zero_full,111,4,4000,3000,0.99,0,8,0.6422239970148225,False
"natural[20,2]",0.326715,0.000925951,0.116763,0.108204,0.166639,0.310461,0.541496,15514.8,11150.0,0.667738,0.999961,N111_HPreference_zero_full,111,4,4000,3000,0.99,0,8,0.6422239970148225,False
"natural[20,3]",2.69771,0.00561335,0.688825,0.667285,1.67377,2.64015,3.92372,15859.7,13031.2,0.682582,1.00026,N111_HPreference_zero_full,111,4,4000,3000,0.99,0,8,0.6422239970148225,False
"natural[20,4]",1.50839,0.00334676,0.438794,0.433877,0.862695,1.47123,2.29162,18473.7,12606.6,0.795087,1.00053,N111_HPreference_zero_full,111,4,4000,3000,0.99,0,8,0.6422239970148225,False
"natural[20,5]",3.72768,0.00622733,0.932553,0.909005,2.34683,3.65349,5.3723,24258.5,12035.3,1.04406,0.999918,N111_HPreference_zero_full,111,4,4000,3000,0.99,0,8,0.6422239970148225,False
"natural[21,1]",0.0257761,0.000413578,0.0344646,0.0145302,0.00129802,0.0132405,0.0949286,7018.09,10872.2,0.30205,1.00035,N111_HPreference_zero_full,111,4,4000,3000,0.99,0,8,0.6422239970148225,False
"natural[21,2]",4.88135,0.0161291,2.23552,2.0069,2.00724,4.48122,9.12524,19680.3,13326.1,0.847018,1.00005,N111_HPreference_zero_full,111,4,4000,3000,0.99,0,8,0.6422239970148225,False
"natural[21,3]",0.7907,0.00254979,0.29866,0.282366,0.409215,0.738323,1.35521,16046.3,11668.0,0.690613,1.0002,N111_HPreference_zero_full,111,4,4000,3000,0.99,0,8,0.6422239970148225,False
"natural[21,4]",-0.00479779,0.000919272,0.115138,0.104709,-0.223465,0.014265,0.14408,17669.0,13714.6,0.760452,1.0,N111_HPreference_zero_full,111,4,4000,3000,0.99,0,8,0.6422239970148225,False
"natural[21,5]",2.40386,0.00736379,1.07594,1.05218,0.725618,2.34561,4.25797,22115.1,11734.2,0.951808,1.00027,N111_HPreference_zero_full,111,4,4000,3000,0.99,0,8,0.6422239970148225,False
"natural[22,1]",0.18464,0.00166503,0.171374,0.119757,0.0180884,0.127551,0.552037,10224.0,10927.1,0.440031,1.00028,N111_HPreference_zero_full,111,4,4000,3000,0.99,0,8,0.6422239970148225,False
"natural[22,2]",0.34133,0.00261604,0.295917,0.207519,0.0508416,0.24967,0.945987,10712.3,11852.0,0.461046,1.00017,N111_HPreference_zero_full,111,4,4000,3000,0.99,0,8,0.6422239970148225,False
"natural[22,3]",1.12721,0.00710079,0.712693,0.628171,0.290397,0.967173,2.52077,12195.3,10133.8,0.524869,1.00049,N111_HPreference_zero_full,111,4,4000,3000,0.99,0,8,0.6422239970148225,False
"natural[22,4]",0.370687,0.00383179,0.409562,0.321084,-0.171766,0.296096,1.15524,14278.7,9964.23,0.614538,1.00015,N111_HPreference_zero_full,111,4,4000,3000,0.99,0,8,0.6422239970148225,False
"natural[22,5]",1.74736,0.00436658,0.627669,0.626067,0.767186,1.71532,2.82407,20716.0,13821.8,0.89159,0.999949,N111_HPreference_zero_full,111,4,4000,3000,0.99,0,8,0.6422239970148225,False
"natural[23,1]",0.126572,0.00208843,0.12201,0.0814021,0.0124497,0.0884964,0.377269,2695.65,6417.24,0.116018,1.00127,N111_HPreference_zero_full,111,4,4000,3000,0.99,0,8,0.6422239970148225,False
"natural[23,2]",0.288821,0.000820971,0.106222,0.0998567,0.141518,0.274588,0.48318,15857.1,12586.7,0.682469,0.999973,N111_HPreference_zero_full,111,4,4000,3000,0.99,0,8,0.6422239970148225,False
"natural[23,3]",2.56761,0.00552627,0.667462,0.65324,1.58105,2.50823,3.74741,15817.8,11736.4,0.680779,1.00021,N111_HPreference_zero_full,111,4,4000,3000,0.99,0,8,0.6422239970148225,False
"natural[23,4]",1.27465,0.00302783,0.402636,0.393435,0.686915,1.23724,1.99461,19603.7,13393.8,0.843718,1.00011,N111_HPreference_zero_full,111,4,4000,3000,0.99,0,8,0.6422239970148225,False
"natural[23,5]",1.76615,0.00384775,0.555894,0.546435,0.907204,1.73332,2.71776,21425.4,13712.5,0.922123,0.999929,N111_HPreference_zero_full,111,4,4000,3000,0.99,0,8,0.6422239970148225,False
"natural[24,1]",0.091171,0.00190739,0.101757,0.0582142,0.00624688,0.058356,0.28221,2034.9,6394.74,0.0875797,1.00123,N111_HPreference_zero_full,111,4,4000,3000,0.99,0,8,0.6422239970148225,False
"natural[24,2]",0.326748,0.000914563,0.115471,0.108365,0.165963,0.311248,0.535299,15325.0,11210.3,0.659568,1.00012,N111_HPreference_zero_full,111,4,4000,3000,0.99,0,8,0.6422239970148225,False
"natural[24,3]",2.79907,0.00576886,0.704607,0.691692,1.754,2.74581,4.0318,15760.1,11456.8,0.678296,1.00022,N111_HPreference_zero_full,111,4,4000,3000,0.99,0,8,0.6422239970148225,False
"natural[24,4]",1.56408,0.00340242,0.445885,0.430718,0.911906,1.52377,2.3581,19336.6,10870.4,0.832224,1.00095,N111_HPreference_zero_full,111,4,4000,3000,0.99,0,8,0.6422239970148225,False
"natural[24,5]",3.77619,0.00644233,0.960289,0.920643,2.31473,3.70184,5.45496,24396.7,12124.9,1.05,0.999993,N111_HPreference_zero_full,111,4,4000,3000,0.99,0,8,0.6422239970148225,False
"natural[25,1]",0.228388,0.00115926,0.109052,0.101113,0.0652852,0.218728,0.423793,7821.43,7079.57,0.336625,1.0006,N111_HPreference_zero_full,111,4,4000,3000,0.99,0,8,0.6422239970148225,False
"natural[25,2]",0.755343,0.0024119,0.29214,0.283915,0.34326,0.722212,1.2817,13183.3,11309.7,0.567391,1.00029,N111_HPreference_zero_full,111,4,4000,3000,0.99,0,8,0.6422239970148225,False
"natural[25,3]",0.341281,0.00129456,0.153931,0.124202,0.1292,0.324899,0.610421,16030.3,12024.7,0.689925,1.00023,N111_HPreference_zero_full,111,4,4000,3000,0.99,0,8,0.6422239970148225,False
"natural[25,4]",-0.286285,0.00189371,0.211751,0.198372,-0.675813,-0.257524,0.00738401,13931.7,11414.2,0.599602,1.00041,N111_HPreference_zero_full,111,4,4000,3000,0.99,0,8,0.6422239970148225,False
"natural[25,5]",-0.172681,0.00335848,0.463071,0.457534,-0.93509,-0.169673,0.582703,19107.9,13626.0,0.822382,1.00037,N111_HPreference_zero_full,111,4,4000,3000,0.99,0,8,0.6422239970148225,False
"natural[26,1]",0.0511077,0.00082257,0.0656701,0.030204,0.00365626,0.03067,0.157334,5919.34,9445.8,0.254761,1.00043,N111_HPreference_zero_full,111,4,4000,3000,0.99,0,8,0.6422239970148225,False
"natural[26,2]",1.04687,0.00269476,0.372139,0.360813,0.508761,1.00591,1.70894,18013.5,11938.5,0.775278,0.999975,N111_HPreference_zero_full,111,4,4000,3000,0.99,0,8,0.6422239970148225,False
"natural[26,3]",0.973377,0.00262407,0.33072,0.318266,0.511962,0.930398,1.577,18186.9,11688.2,0.782743,1.00004,N111_HPreference_zero_full,111,4,4000,3000,0.99,0,8,0.6422239970148225,False
"natural[26,4]",-0.189496,0.00131234,0.173786,0.160331,-0.50283,-0.172812,0.0565534,18471.2,13999.9,0.79498,1.00072,N111_HPreference_zero_full,111,4,4000,3000,0.99,0,8,0.6422239970148225,False
"natural[26,5]",1.83437,0.00458786,0.721508,0.723584,0.690903,1.80482,3.05971,24951.0,13069.2,1.07386,1.00006,N111_HPreference_zero_full,111,4,4000,3000,0.99,0,8,0.6422239970148225,False
"natural[27,1]",0.0161609,0.000140343,0.0148259,0.010521,0.0017455,0.0117526,0.0450864,9940.68,11774.9,0.427835,1.0001,N111_HPreference_zero_full,111,4,4000,3000,0.99,0,8,0.6422239970148225,False
"natural[27,2]",3.9603,0.00988995,1.37227,1.3196,2.08665,3.7827,6.50471,19281.7,13341.5,0.829863,1.00002,N111_HPreference_zero_full,111,4,4000,3000,0.99,0,8,0.6422239970148225,False
"natural[27,3]",0.911744,0.00257469,0.315164,0.304151,0.488871,0.864222,1.49828,17824.0,12483.2,0.767123,1.00036,N111_HPreference_zero_full,111,4,4000,3000,0.99,0,8,0.6422239970148225,False
"natural[27,4]",0.0465265,0.000602365,0.0755801,0.0679463,-0.0954531,0.0591683,0.145069,17035.7,13242.6,0.733197,1.00012,N111_HPreference_zero_full,111,4,4000,3000,0.99,0,8,0.6422239970148225,False
"natural[27,5]",1.26217,0.00464492,0.734406,0.721932,0.084785,1.24277,2.528,25224.6,11791.7,1.08563,1.00004,N111_HPreference_zero_full,111,4,4000,3000,0.99,0,8,0.6422239970148225,False
"natural[28,1]",0.0695423,0.000713605,0.0545214,0.0485715,0.00724877,0.0568595,0.175184,4667.69,6974.88,0.200892,1.00049,N111_HPreference_zero_full,111,4,4000,3000,0.99,0,8,0.6422239970148225,False
"natural[28,2]",1.58655,0.00372573,0.480477,0.452721,0.900766,1.53128,2.45801,16291.2,13927.5,0.701154,1.0001,N111_HPreference_zero_full,111,4,4000,3000,0.99,0,8,0.6422239970148225,False
"natural[28,3]",1.24084,0.00280474,0.345669,0.331683,0.753937,1.19887,1.86713,16371.0,12437.9,0.704589,0.999997,N111_HPreference_zero_full,111,4,4000,3000,0.99,0,8,0.6422239970148225,False
"natural[28,4]",0.021104,0.000792616,0.101257,0.0926691,-0.163215,0.0347505,0.15986,16804.9,13776.4,0.723263,1.00018,N111_HPreference_zero_full,111,4,4000,3000,0.99,0,8,0.6422239970148225,False
"natural[28,5]",-0.60168,0.00409695,0.614255,0.597182,-1.64813,-0.584001,0.373158,22692.0,12833.1,0.976634,0.999914,N111_HPreference_zero_full,111,4,4000,3000,0.99,0,8,0.6422239970148225,False
"natural[29,1]",0.014168,7.582e-05,0.0101229,0.00924712,0.00213778,0.0118959,0.0341627,15505.9,11235.8,0.667355,1.00006,N111_HPreference_zero_full,111,4,4000,3000,0.99,0,8,0.6422239970148225,False
"natural[29,2]",4.84733,0.0133908,1.80687,1.66145,2.41223,4.57944,8.26368,16796.2,12609.8,0.722888,0.999902,N111_HPreference_zero_full,111,4,4000,3000,0.99,0,8,0.6422239970148225,False
"natural[29,3]",0.145601,0.000385146,0.0465135,0.0397294,0.0590409,0.153977,0.204008,16294.2,13381.9,0.701281,1.00054,N111_HPreference_zero_full,111,4,4000,3000,0.99,0,8,0.6422239970148225,False
"natural[29,4]",-0.0860216,0.00120397,0.137657,0.124786,-0.344885,-0.0632044,0.0933394,16215.9,11284.3,0.697913,1.00008,N111_HPreference_zero_full,111,4,4000,3000,0.99,0,8,0.6422239970148225,False
"natural[29,5]",1.9588,0.00486491,0.695252,0.691812,0.87141,1.92921,3.14215,21000.7,12215.0,0.903846,1.00014,N111_HPreference_zero_full,111,4,4000,3000,0.99,0,8,0.6422239970148225,False
"natural[30,1]",0.113419,0.00262208,0.133133,0.0699071,0.00657881,0.064718,0.394282,2115.22,7069.48,0.0910366,1.00104,N111_HPreference_zero_full,111,4,4000,3000,0.99,0,8,0.6422239970148225,False
"natural[30,2]",0.275035,0.000922773,0.109343,0.101283,0.128789,0.257775,0.475957,13363.0,10910.7,0.575126,1.00005,N111_HPreference_zero_full,111,4,4000,3000,0.99,0,8,0.6422239970148225,False
"natural[30,3]",2.57127,0.00646375,0.731578,0.713756,1.46954,2.5146,3.87957,13568.4,11847.8,0.583969,0.999992,N111_HPreference_zero_full,111,4,4000,3000,0.99,0,8,0.6422239970148225,False
"natural[30,4]",1.56602,0.00354576,0.449025,0.440109,0.900263,1.53163,2.37475,17138.5,12140.2,0.737622,0.999958,N111_HPreference_zero_full,111,4,4000,3000,0.99,0,8,0.6422239970148225,False
"natural[30,5]",3.89238,0.00649781,0.972112,0.950836,2.41339,3.81768,5.59334,24221.5,11711.0,1.04246,1.00051,N111_HPreference_zero_full,111,4,4000,3000,0.99,0,8,0.6422239970148225,False
"natural[31,1]",0.15181,0.00178347,0.162298,0.0903406,0.012776,0.0913341,0.513382,7895.57,10262.2,0.339816,1.00051,N111_HPreference_zero_full,111,4,4000,3000,0.99,0,8,0.6422239970148225,False
"natural[31,2]",0.356855,0.00231799,0.234199,0.216825,0.068136,0.309741,0.801175,8269.06,9986.22,0.35589,1.0009,N111_HPreference_zero_full,111,4,4000,3000,0.99,0,8,0.6422239970148225,False
"natural[31,3]",0.985508,0.00663361,0.580119,0.424464,0.362292,0.83589,2.1418,10542.9,7672.92,0.453752,1.00075,N111_HPreference_zero_full,111,4,4000,3000,0.99,0,8,0.6422239970148225,False
"natural[31,4]",0.121114,0.00403887,0.365962,0.242678,-0.3367,0.0549589,0.844806,10831.5,8547.34,0.466175,1.00081,N111_HPreference_zero_full,111,4,4000,3000,0.99,0,8,0.6422239970148225,False
"natural[31,5]",2.38122,0.00408249,0.592199,0.587927,1.46298,2.35053,3.40803,21029.0,13608.5,0.905064,1.00025,N111_HPreference_zero_full,111,4,4000,3000,0.99,0,8,0.6422239970148225,False
"natural[32,1]",0.00858367,8.5756e-05,0.0087209,0.00549573,0.000821784,0.00607234,0.0250073,9203.81,11100.0,0.396121,1.00033,N111_HPreference_zero_full,111,4,4000,3000,0.99,0,8,0.6422239970148225,False
"natural[32,2]",9.4664,0.0339715,4.22671,3.40323,4.35052,8.73409,17.0285,16384.6,12746.9,0.705171,0.999989,N111_HPreference_zero_full,111,4,4000,3000,0.99,0,8,0.6422239970148225,False
"natural[32,3]",0.188919,0.000234246,0.0266114,0.0223249,0.139708,0.193339,0.222576,13888.8,14088.7,0.597758,1.00014,N111_HPreference_zero_full,111,4,4000,3000,0.99,0,8,0.6422239970148225,False
"natural[32,4]",0.181279,0.00024926,0.0312758,0.0262432,0.125065,0.186664,0.220795,16355.8,13761.1,0.703932,1.00004,N111_HPreference_zero_full,111,4,4000,3000,0.99,0,8,0.6422239970148225,False
"natural[32,5]",3.08843,0.00479157,0.711067,0.711422,1.974,3.06699,4.29647,22605.2,12756.7,0.972899,1.00027,N111_HPreference_zero_full,111,4,4000,3000,0.99,0,8,0.6422239970148225,False
"natural[33,1]",0.238413,0.00347419,0.197173,0.189851,0.0153708,0.187779,0.634547,2701.87,5589.13,0.116285,1.00062,N111_HPreference_zero_full,111,4,4000,3000,0.99,0,8,0.6422239970148225,False
"natural[33,2]",0.239253,0.000786551,0.0980655,0.0904688,0.106594,0.224891,0.420878,14489.8,11479.8,0.623622,0.999981,N111_HPreference_zero_full,111,4,4000,3000,0.99,0,8,0.6422239970148225,False
"natural[33,3]",2.41927,0.00540125,0.662947,0.644988,1.44573,2.35852,3.59558,16174.2,12431.1,0.696117,1.00023,N111_HPreference_zero_full,111,4,4000,3000,0.99,0,8,0.6422239970148225,False
"natural[33,4]",1.13119,0.00348316,0.42139,0.408102,0.516994,1.08878,1.89351,15667.8,12262.3,0.674322,1.00048,N111_HPreference_zero_full,111,4,4000,3000,0.99,0,8,0.6422239970148225,False
"natural[33,5]",2.94819,0.00517209,0.718431,0.707197,1.86476,2.89638,4.19758,20347.8,12853.2,0.875742,0.999898,N111_HPreference_zero_full,111,4,4000,3000,0.99,0,8,0.6422239970148225,False
"natural[34,1]",0.0706419,0.000470777,0.0434686,0.0400663,0.014752,0.0633881,0.152421,7271.04,7635.35,0.312937,1.00056,N111_HPreference_zero_full,111,4,4000,3000,0.99,0,8,0.6422239970148225,False
"natural[34,2]",2.26655,0.0049359,0.643698,0.630727,1.29725,2.22185,3.40291,16369.0,12431.6,0.704503,1.00011,N111_HPreference_zero_full,111,4,4000,3000,0.99,0,8,0.6422239970148225,False
"natural[34,3]",0.161481,0.000481524,0.0601623,0.0537036,0.0571741,0.167046,0.248816,16087.2,14291.5,0.692375,1.00037,N111_HPreference_zero_full,111,4,4000,3000,0.99,0,8,0.6422239970148225,False
"natural[34,4]",0.00247632,0.000766255,0.0828601,0.076275,-0.144747,0.0126167,0.118619,11826.9,12185.5,0.509016,1.00018,N111_HPreference_zero_full,111,4,4000,3000,0.99,0,8,0.6422239970148225,False
"natural[34,5]",3.32049,0.0058929,0.712554,0.707934,2.20735,3.28286,4.54101,14870.4,12682.0,0.640004,1.00018,N111_HPreference_zero_full,111,4,4000,3000,0.99,0,8,0.6422239970148225,False
"natural[35,1]",0.162307,0.00142856,0.143145,0.103252,0.019272,0.120959,0.45372,9060.91,10939.8,0.38997,1.00015,N111_HPreference_zero_full,111,4,4000,3000,0.99,0,8,0.6422239970148225,False
"natural[35,2]",0.448882,0.00249054,0.286536,0.253032,0.104059,0.391177,1.00003,11372.6,11168.5,0.489462,0.999939,N111_HPreference_zero_full,111,4,4000,3000,0.99,0,8,0.6422239970148225,False
"natural[35,3]",1.181,0.00543189,0.582543,0.500116,0.459642,1.06075,2.30959,14241.0,11276.1,0.612915,0.999962,N111_HPreference_zero_full,111,4,4000,3000,0.99,0,8,0.6422239970148225,False
"natural[35,4]",0.194713,0.00294731,0.3372,0.259938,-0.256058,0.144373,0.834798,15289.1,10526.1,0.658024,1.00012,N111_HPreference_zero_full,111,4,4000,3000,0.99,0,8,0.6422239970148225,False
"natural[35,5]",0.218549,0.00400933,0.560124,0.552783,-0.699773,0.211215,1.15358,19618.1,13047.0,0.844339,1.00005,N111_HPreference_zero_full,111,4,4000,3000,0.99,0,8,0.6422239970148225,False
"natural[36,1]",0.222454,0.00249152,0.201521,0.14955,0.021855,0.154975,0.66106,6443.07,9966.37,0.277302,1.00006,N111_HPreference_zero_full,111,4,4000,3000,0.99,0,8,0.6422239970148225,False
"natural[36,2]",0.212135,0.00145834,0.152126,0.139392,0.0311996,0.180468,0.504711,8918.78,10491.1,0.383854,1.00003,N111_HPreference_zero_full,111,4,4000,3000,0.99,0,8,0.6422239970148225,False
"natural[36,3]",0.656701,0.00783539,0.701885,0.460602,-0.117439,0.467622,2.10247,10345.0,8313.8,0.445237,1.00011,N111_HPreference_zero_full,111,4,4000,3000,0.99,0,8,0.6422239970148225,False
"natural[36,4]",-0.092027,0.00474391,0.451948,0.32212,-0.6825,-0.162177,0.79699,10925.4,9032.67,0.470215,1.00017,N111_HPreference_zero_full,111,4,4000,3000,0.99,0,8,0.6422239970148225,False
"natural[36,5]",1.02941,0.00335948,0.421594,0.41653,0.36051,1.01477,1.749,15597.5,13723.3,0.671296,1.00015,N111_HPreference_zero_full,111,4,4000,3000,0.99,0,8,0.6422239970148225,False
"natural[37,1]",0.167102,0.00425452,0.179192,0.117716,0.00547377,0.0958824,0.548048,1395.37,3801.93,0.0600551,1.00127,N111_HPreference_zero_full,111,4,4000,3000,0.99,0,8,0.6422239970148225,False
"natural[37,2]",0.358402,0.000923768,0.119199,0.114748,0.190246,0.344661,0.575046,15267.3,10750.9,0.657087,0.999897,N111_HPreference_zero_full,111,4,4000,3000,0.99,0,8,0.6422239970148225,False
"natural[37,3]",2.92678,0.00610059,0.725638,0.706766,1.83409,2.86832,4.19193,14546.2,13025.9,0.626052,1.00006,N111_HPreference_zero_full,111,4,4000,3000,0.99,0,8,0.6422239970148225,False
"natural[37,4]",1.76801,0.00375495,0.459121,0.454253,1.08507,1.72728,2.57079,16300.8,12631.7,0.701565,1.00005,N111_HPreference_zero_full,111,4,4000,3000,0.99,0,8,0.6422239970148225,False
"natural[37,5]",3.93012,0.00673179,0.966575,0.941865,2.47626,3.84959,5.61928,22306.7,12225.6,0.960053,1.00017,N111_HPreference_zero_full,111,4,4000,3000,0.99,0,8,0.6422239970148225,False
"natural[38,1]",0.136748,0.0010641,0.109116,0.0800055,0.0218414,0.108362,0.349867,10203.6,9364.32,0.439151,1.00023,N111_HPreference_zero_full,111,4,4000,3000,0.99,0,8,0.6422239970148225,False
"natural[38,2]",0.597456,0.00245437,0.277172,0.271522,0.214762,0.558669,1.11499,11311.9,10003.1,0.486851,1.00041,N111_HPreference_zero_full,111,4,4000,3000,0.99,0,8,0.6422239970148225,False
"natural[38,3]",0.464295,0.00240509,0.254882,0.190412,0.157645,0.416933,0.923052,14156.5,10147.4,0.609278,1.00014,N111_HPreference_zero_full,111,4,4000,3000,0.99,0,8,0.6422239970148225,False
"natural[38,4]",-0.157754,0.00157237,0.190781,0.170088,-0.496166,-0.138433,0.0986118,15769.5,12054.0,0.678702,1.00021,N111_HPreference_zero_full,111,4,4000,3000,0.99,0,8,0.6422239970148225,False
"natural[38,5]",1.17887,0.00328406,0.45946,0.460908,0.438461,1.17109,1.94906,19502.6,13795.7,0.839369,0.999987,N111_HPreference_zero_full,111,4,4000,3000,0.99,0,8,0.6422239970148225,False
"natural[39,1]",0.163882,0.000955796,0.0822366,0.0827275,0.0367996,0.158713,0.306888,6234.8,4623.3,0.268338,1.00076,N111_HPreference_zero_full,111,4,4000,3000,0.99,0,8,0.6422239970148225,False
"natural[39,2]",1.44196,0.00376343,0.492806,0.472436,0.759279,1.38085,2.34282,16083.8,13510.8,0.692227,1.00009,N111_HPreference_zero_full,111,4,4000,3000,0.99,0,8,0.6422239970148225,False
"natural[39,3]",1.01506,0.00260624,0.304743,0.28521,0.60055,0.971184,1.57699,15781.1,10936.6,0.679197,1.00019,N111_HPreference_zero_full,111,4,4000,3000,0.99,0,8,0.6422239970148225,False
"natural[39,4]",0.158541,0.000747977,0.0937107,0.0849199,-0.0100511,0.167779,0.295305,15716.6,13895.3,0.676425,1.00037,N111_HPreference_zero_full,111,4,4000,3000,0.99,0,8,0.6422239970148225,False
"natural[39,5]",-0.910497,0.00404635,0.584511,0.576297,-1.89541,-0.893593,0.0216009,21200.5,13560.3,0.912442,1.00001,N111_HPreference_zero_full,111,4,4000,3000,0.99,0,8,0.6422239970148225,False
"natural[40,1]",0.157894,0.00157543,0.15131,0.0906351,0.0194109,0.110201,0.482658,10449.3,10221.7,0.449726,0.999958,N111_HPreference_zero_full,111,4,4000,3000,0.99,0,8,0.6422239970148225,False
"natural[40,2]",0.533488,0.00485042,0.437787,0.369634,0.0632913,0.410113,1.41067,6758.67,10427.1,0.290885,1.00016,N111_HPreference_zero_full,111,4,4000,3000,0.99,0,8,0.6422239970148225,False
"natural[40,3]",0.749195,0.0076094,0.631439,0.408707,0.125676,0.546062,2.06389,8868.62,8743.27,0.381695,0.999923,N111_HPreference_zero_full,111,4,4000,3000,0.99,0,8,0.6422239970148225,False
"natural[40,4]",0.164972,0.00353766,0.347841,0.221896,-0.28665,0.11535,0.840948,12550.4,8811.6,0.540156,1.00043,N111_HPreference_zero_full,111,4,4000,3000,0.99,0,8,0.6422239970148225,False
"natural[40,5]",1.55721,0.00494899,0.646289,0.631027,0.543315,1.52221,2.66006,17013.0,13581.5,0.732219,1.00006,N111_HPreference_zero_full,111,4,4000,3000,0.99,0,8,0.6422239970148225,False
"natural[41,1]",0.156129,0.0027873,0.148142,0.108102,0.0121958,0.109426,0.464684,2213.43,6331.86,0.0952632,1.00095,N111_HPreference_zero_full,111,4,4000,3000,0.99,0,8,0.6422239970148225,False
"natural[41,2]",0.234742,0.000714674,0.0903269,0.083685,0.111554,0.221224,0.403054,15545.4,11010.5,0.669057,1.00031,N111_HPreference_zero_full,111,4,4000,3000,0.99,0,8,0.6422239970148225,False
"natural[41,3]",2.57646,0.00530604,0.690889,0.678536,1.54041,2.5227,3.79459,17425.1,12450.7,0.749956,1.00016,N111_HPreference_zero_full,111,4,4000,3000,0.99,0,8,0.6422239970148225,False
"natural[41,4]",1.42441,0.00304691,0.424017,0.419589,0.785046,1.39306,2.16377,20159.3,12810.0,0.867632,0.999991,N111_HPreference_zero_full,111,4,4000,3000,0.99,0,8,0.6422239970148225,False
"natural[41,5]",2.60099,0.00458642,0.673092,0.654756,1.56587,2.55605,3.78982,22764.3,12577.5,0.979747,1.00058,N111_HPreference_zero_full,111,4,4000,3000,0.99,0,8,0.6422239970148225,False
"natural[42,1]",0.121926,0.000770741,0.0702021,0.0681733,0.0268223,0.111803,0.253085,6940.43,8077.44,0.298707,1.00025,N111_HPreference_zero_full,111,4,4000,3000,0.99,0,8,0.6422239970148225,False
"natural[42,2]",0.989372,0.00274527,0.356741,0.341489,0.498162,0.941141,1.64293,15291.7,12383.8,0.658137,1.00013,N111_HPreference_zero_full,111,4,4000,3000,0.99,0,8,0.6422239970148225,False
"natural[42,3]",0.73882,0.00189091,0.224155,0.200126,0.451718,0.699824,1.16692,16197.2,12684.7,0.697109,1.00024,N111_HPreference_zero_full,111,4,4000,3000,0.99,0,8,0.6422239970148225,False
"natural[42,4]",-0.106377,0.00117627,0.146049,0.138807,-0.370717,-0.0892567,0.0966618,16392.1,12299.1,0.705496,0.999991,N111_HPreference_zero_full,111,4,4000,3000,0.99,0,8,0.6422239970148225,False
"natural[42,5]",-0.633259,0.0033859,0.495124,0.490704,-1.4593,-0.632017,0.165527,21507.3,12853.9,0.925649,0.999939,N111_HPreference_zero_full,111,4,4000,3000,0.99,0,8,0.6422239970148225,False
"natural[43,1]",0.116553,0.0010599,0.0849652,0.0667953,0.0230408,0.094633,0.281917,5941.56,9032.85,0.255717,1.00011,N111_HPreference_zero_full,111,4,4000,3000,0.99,0,8,0.6422239970148225,False
"natural[43,2]",0.81958,0.00387349,0.412376,0.400343,0.274593,0.749862,1.58659,9603.45,9395.72,0.413321,0.999929,N111_HPreference_zero_full,111,4,4000,3000,0.99,0,8,0.6422239970148225,False
"natural[43,3]",-0.05565,0.00196314,0.217789,0.171261,-0.469921,-0.0109216,0.200865,14637.2,11614.9,0.629967,1.00028,N111_HPreference_zero_full,111,4,4000,3000,0.99,0,8,0.6422239970148225,False
"natural[43,4]",-0.255213,0.00289016,0.257783,0.224966,-0.750079,-0.206203,0.0650373,8837.41,9110.68,0.380351,1.0001,N111_HPreference_zero_full,111,4,4000,3000,0.99,0,8,0.6422239970148225,False
"natural[43,5]",-0.296927,0.00381359,0.490955,0.487475,-1.11001,-0.292908,0.499013,16543.4,12534.4,0.712009,0.999964,N111_HPreference_zero_full,111,4,4000,3000,0.99,0,8,0.6422239970148225,False
"natural[44,1]",0.109709,0.000874178,0.0702451,0.0639089,0.020159,0.0979198,0.240721,5557.16,7599.88,0.239174,1.00048,N111_HPreference_zero_full,111,4,4000,3000,0.99,0,8,0.6422239970148225,False
"natural[44,2]",0.771056,0.00187925,0.255172,0.252412,0.40067,0.74601,1.23064,17754.8,12486.9,0.764145,1.00011,N111_HPreference_zero_full,111,4,4000,3000,0.99,0,8,0.6422239970148225,False
"natural[44,3]",-0.0232513,0.00119071,0.153989,0.134344,-0.299782,-0.00327215,0.188948,18410.2,13512.5,0.792354,1.00028,N111_HPreference_zero_full,111,4,4000,3000,0.99,0,8,0.6422239970148225,False
"natural[44,4]",-0.57849,0.00200661,0.243413,0.2333,-1.01839,-0.549436,-0.233322,15585.7,12535.3,0.670791,1.00016,N111_HPreference_zero_full,111,4,4000,3000,0.99,0,8,0.6422239970148225,False
"natural[44,5]",1.12224,0.00331914,0.463677,0.46293,0.38231,1.11743,1.9034,19487.0,13522.7,0.838696,1.00038,N111_HPreference_zero_full,111,4,4000,3000,0.99,0,8,0.6422239970148225,False
"natural[45,1]",0.0642034,0.000988002,0.0825041,0.0346629,0.00574473,0.037999,0.214713,8011.61,9111.92,0.34481,1.00037,N111_HPreference_zero_full,111,4,4000,3000,0.99,0,8,0.6422239970148225,False
"natural[45,2]",0.777139,0.00380815,0.392844,0.393014,0.235209,0.721142,1.50384,9117.47,7621.63,0.392405,0.999874,N111_HPreference_zero_full,111,4,4000,3000,0.99,0,8,0.6422239970148225,False
"natural[45,3]",0.122425,0.00228932,0.218315,0.138406,-0.189303,0.129365,0.386487,14035.9,8564.26,0.604087,1.00024,N111_HPreference_zero_full,111,4,4000,3000,0.99,0,8,0.6422239970148225,False
"natural[45,4]",-0.0579567,0.00169781,0.198049,0.164644,-0.423741,-0.0244653,0.184334,15826.0,12013.2,0.681132,1.00008,N111_HPreference_zero_full,111,4,4000,3000,0.99,0,8,0.6422239970148225,False
"natural[45,5]",3.37325,0.00489724,0.6829,0.682938,2.30048,3.34604,4.54485,19265.4,10726.8,0.829159,1.00037,N111_HPreference_zero_full,111,4,4000,3000,0.99,0,8,0.6422239970148225,False
"natural[46,1]",0.104773,0.00203244,0.105744,0.0682003,0.00888348,0.0722739,0.310874,2060.12,5217.57,0.0886652,1.00084,N111_HPreference_zero_full,111,4,4000,3000,0.99,0,8,0.6422239970148225,False
"natural[46,2]",0.30207,0.000873957,0.110004,0.104193,0.149106,0.286425,0.506048,15019.3,11004.1,0.64641,1.00071,N111_HPreference_zero_full,111,4,4000,3000,0.99,0,8,0.6422239970148225,False
"natural[46,3]",2.67768,0.00605351,0.720706,0.70126,1.59987,2.62097,3.95317,14917.5,12668.4,0.64203,1.00027,N111_HPreference_zero_full,111,4,4000,3000,0.99,0,8,0.6422239970148225,False
"natural[46,4]",1.61719,0.00339278,0.448745,0.436533,0.943596,1.57834,2.41495,18464.8,11605.5,0.794703,1.00018,N111_HPreference_zero_full,111,4,4000,3000,0.99,0,8,0.6422239970148225,False
"natural[46,5]",3.84547,0.00660584,0.971,0.969993,2.38189,3.77525,5.56129,23504.2,12556.5,1.01159,1.00019,N111_HPreference_zero_full,111,4,4000,3000,0.99,0,8,0.6422239970148225,False
"natural[47,1]",0.0699383,0.000591142,0.0574813,0.0399322,0.0113451,0.0560236,0.169999,9699.74,9112.65,0.417465,1.00033,N111_HPreference_zero_full,111,4,4000,3000,0.99,0,8,0.6422239970148225,False
"natural[47,2]",1.26218,0.00500836,0.503141,0.508704,0.481216,1.23355,2.13097,9359.84,7521.55,0.402836,0.999992,N111_HPreference_zero_full,111,4,4000,3000,0.99,0,8,0.6422239970148225,False
"natural[47,3]",0.428427,0.00209926,0.175995,0.106893,0.253499,0.392459,0.710964,12291.4,8001.98,0.529005,1.00008,N111_HPreference_zero_full,111,4,4000,3000,0.99,0,8,0.6422239970148225,False
"natural[47,4]",0.103987,0.000928321,0.105102,0.0841864,-0.0708173,0.110777,0.242435,15031.2,10686.2,0.646926,1.00012,N111_HPreference_zero_full,111,4,4000,3000,0.99,0,8,0.6422239970148225,False
"natural[47,5]",2.5909,0.00469627,0.630439,0.627194,1.59273,2.56754,3.66182,17937.9,11732.8,0.772025,1.00006,N111_HPreference_zero_full,111,4,4000,3000,0.99,0,8,0.6422239970148225,False
"natural[48,1]",0.147658,0.00152587,0.12352,0.0865924,0.0237999,0.11629,0.372348,7315.4,8491.77,0.314846,1.00025,N111_HPreference_zero_full,111,4,4000,3000,0.99,0,8,0.6422239970148225,False
"natural[48,2]",0.352914,0.00184212,0.192711,0.177248,0.089047,0.323616,0.712192,8752.5,6431.74,0.376697,1.00047,N111_HPreference_zero_full,111,4,4000,3000,0.99,0,8,0.6422239970148225,False
"natural[48,3]",0.230878,0.00488151,0.405031,0.243661,-0.238532,0.174356,0.885086,11326.1,6167.88,0.48746,1.00014,N111_HPreference_zero_full,111,4,4000,3000,0.99,0,8,0.6422239970148225,False
"natural[48,4]",-0.277218,0.00293954,0.296867,0.251244,-0.755039,-0.265667,0.122407,11884.7,7470.69,0.511501,1.00015,N111_HPreference_zero_full,111,4,4000,3000,0.99,0,8,0.6422239970148225,False
"natural[48,5]",0.873651,0.00344851,0.436409,0.437683,0.172,0.865187,1.60424,15761.3,11947.1,0.678347,1.00012,N111_HPreference_zero_full,111,4,4000,3000,0.99,0,8,0.6422239970148225,False
"natural[49,1]",0.0883969,0.000887449,0.0841027,0.051286,0.0115848,0.0635497,0.249048,8505.67,9875.11,0.366074,1.00056,N111_HPreference_zero_full,111,4,4000,3000,0.99,0,8,0.6422239970148225,False
"natural[49,2]",0.539009,0.00208373,0.234229,0.220968,0.211818,0.508135,0.967989,11057.6,9033.29,0.475905,1.00026,N111_HPreference_zero_full,111,4,4000,3000,0.99,0,8,0.6422239970148225,False
"natural[49,3]",0.466004,0.0023277,0.24703,0.190656,0.152773,0.431325,0.886354,15854.4,9774.71,0.682353,1.00038,N111_HPreference_zero_full,111,4,4000,3000,0.99,0,8,0.6422239970148225,False
"natural[49,4]",-0.286662,0.00183478,0.218309,0.192751,-0.666503,-0.265868,0.00994154,16300.0,11559.3,0.701534,1.00028,N111_HPreference_zero_full,111,4,4000,3000,0.99,0,8,0.6422239970148225,False
"natural[49,5]",1.13281,0.00337141,0.457604,0.454273,0.393583,1.12411,1.90319,18420.1,12820.7,0.792779,1.00008,N111_HPreference_zero_full,111,4,4000,3000,0.99,0,8,0.6422239970148225,False
"natural[50,1]",0.273524,0.0016289,0.170961,0.157124,0.0506089,0.241774,0.605315,10031.3,8205.36,0.431737,1.00015,N111_HPreference_zero_full,111,4,4000,3000,0.99,0,8,0.6422239970148225,False
"natural[50,2]",0.253714,0.00144748,0.146911,0.140256,0.0657727,0.227585,0.531435,9374.23,10898.1,0.403456,1.00067,N111_HPreference_zero_full,111,4,4000,3000,0.99,0,8,0.6422239970148225,False
"natural[50,3]",1.32508,0.00618249,0.624843,0.535427,0.543452,1.19731,2.55311,12468.4,10256.3,0.536625,1.00022,N111_HPreference_zero_full,111,4,4000,3000,0.99,0,8,0.6422239970148225,False
"natural[50,4]",0.408607,0.00395816,0.408619,0.347042,-0.135981,0.339113,1.19302,11686.3,10306.9,0.502963,1.00039,N111_HPreference_zero_full,111,4,4000,3000,0.99,0,8,0.6422239970148225,False
"natural[50,5]",2.50653,0.00417527,0.601645,0.594781,1.57871,2.47306,3.54159,21394.2,13362.2,0.920779,1.00041,N111_HPreference_zero_full,111,4,4000,3000,0.99,0,8,0.6422239970148225,False
"natural[51,1]",0.00568136,6.2684e-05,0.00640607,0.0036693,0.000348683,0.00359895,0.0180315,8304.38,10777.8,0.357411,1.00028,N111_HPreference_zero_full,111,4,4000,3000,0.99,0,8,0.6422239970148225,False
"natural[51,2]",12.8797,0.0507897,6.22963,4.44717,5.97185,11.6427,23.7538,17417.7,13749.5,0.749636,1.00006,N111_HPreference_zero_full,111,4,4000,3000,0.99,0,8,0.6422239970148225,False
"natural[51,3]",0.767706,0.00304611,0.330363,0.30845,0.362425,0.699781,1.39936,13722.7,11306.5,0.590607,1.00023,N111_HPreference_zero_full,111,4,4000,3000,0.99,0,8,0.6422239970148225,False
"natural[51,4]",0.217701,0.000133919,0.0159628,0.0143422,0.18834,0.220135,0.23861,14648.7,13644.8,0.630462,1.00022,N111_HPreference_zero_full,111,4,4000,3000,0.99,0,8,0.6422239970148225,False
"natural[51,5]",3.77063,0.00675289,0.98835,0.969085,2.22311,3.72702,5.47657,22132.6,12123.6,0.952559,1.00029,N111_HPreference_zero_full,111,4,4000,3000,0.99,0,8,0.6422239970148225,False
"natural[52,1]",0.27914,0.00286647,0.239601,0.19584,0.0246802,0.198837,0.793038,6643.45,10193.7,0.285926,1.00044,N111_HPreference_zero_full,111,4,4000,3000,0.99,0,8,0.6422239970148225,False
"natural[52,2]",0.0940578,0.000618693,0.0758222,0.0565053,0.0161532,0.0719863,0.245882,13852.0,12012.6,0.596173,1.00017,N111_HPreference_zero_full,111,4,4000,3000,0.99,0,8,0.6422239970148225,False
"natural[52,3]",1.40063,0.00823241,0.924471,0.923039,0.138875,1.26509,3.09868,13829.5,11700.2,0.595207,1.00026,N111_HPreference_zero_full,111,4,4000,3000,0.99,0,8,0.6422239970148225,False
"natural[52,4]",0.412114,0.00516684,0.59662,0.570922,-0.440661,0.333734,1.48751,14105.3,12664.5,0.607074,1.00032,N111_HPreference_zero_full,111,4,4000,3000,0.99,0,8,0.6422239970148225,False
"natural[52,5]",1.82721,0.00349788,0.470604,0.465793,1.10063,1.80783,2.63056,18402.3,14007.2,0.792013,1.00001,N111_HPreference_zero_full,111,4,4000,3000,0.99,0,8,0.6422239970148225,False
"natural[53,1]",0.0147753,0.000130261,0.0118564,0.00928805,0.00221712,0.0117086,0.0372447,7510.31,10589.7,0.323235,1.00006,N111_HPreference_zero_full,111,4,4000,3000,0.99,0,8,0.6422239970148225,False
"natural[53,2]",1.49988,0.0031939,0.404185,0.396776,0.9023,1.46581,2.21084,15839.9,13459.3,0.681731,1.00001,N111_HPreference_zero_full,111,4,4000,3000,0.99,0,8,0.6422239970148225,False
"natural[53,3]",0.887217,0.00221516,0.258584,0.2396,0.536084,0.845823,1.36838,15176.7,11698.3,0.653187,1.00001,N111_HPreference_zero_full,111,4,4000,3000,0.99,0,8,0.6422239970148225,False
"natural[53,4]",-0.274706,0.00129623,0.16461,0.15707,-0.576066,-0.255662,-0.0392301,16485.1,14598.6,0.7095,1.00029,N111_HPreference_zero_full,111,4,4000,3000,0.99,0,8,0.6422239970148225,False
"natural[53,5]",0.804865,0.00400223,0.574034,0.566084,-0.129967,0.791643,1.76401,20676.5,13347.9,0.88989,1.00021,N111_HPreference_zero_full,111,4,4000,3000,0.99,0,8,0.6422239970148225,False
"natural[54,1]",0.0181925,0.000129837,0.0151775,0.0118043,0.0023239,0.0142213,0.0478274,13072.1,10952.3,0.562606,1.0002,N111_HPreference_zero_full,111,4,4000,3000,0.99,0,8,0.6422239970148225,False
"natural[54,2]",4.74616,0.0132342,1.84916,1.71898,2.26322,4.45474,8.18721,18353.5,12786.9,0.789911,0.999939,N111_HPreference_zero_full,111,4,4000,3000,0.99,0,8,0.6422239970148225,False
"natural[54,3]",0.230649,0.000208612,0.0264248,0.022244,0.187436,0.230917,0.271981,16246.6,14796.8,0.699235,0.999941,N111_HPreference_zero_full,111,4,4000,3000,0.99,0,8,0.6422239970148225,False
"natural[54,4]",-0.0426704,0.00109358,0.123596,0.10795,-0.270723,-0.0201297,0.113272,17323.8,10966.6,0.745593,0.99996,N111_HPreference_zero_full,111,4,4000,3000,0.99,0,8,0.6422239970148225,False
"natural[54,5]",2.07543,0.00449387,0.668601,0.665058,1.02559,2.05701,3.21178,22466.6,13046.9,0.966937,1.00019,N111_HPreference_zero_full,111,4,4000,3000,0.99,0,8,0.6422239970148225,False
"natural[55,1]",0.0146747,0.000109665,0.0115706,0.00943089,0.00206228,0.0116378,0.0370515,9826.14,11689.4,0.422905,1.00018,N111_HPreference_zero_full,111,4,4000,3000,0.99,0,8,0.6422239970148225,False
"natural[55,2]",2.26939,0.00442132,0.598962,0.597841,1.33635,2.24441,3.29032,17714.6,11311.7,0.762413,1.00035,N111_HPreference_zero_full,111,4,4000,3000,0.99,0,8,0.6422239970148225,False
"natural[55,3]",0.0358277,0.00063549,0.073703,0.0633273,-0.095181,0.0460215,0.133437,15906.8,11660.8,0.684611,1.00011,N111_HPreference_zero_full,111,4,4000,3000,0.99,0,8,0.6422239970148225,False
"natural[55,4]",-0.0738565,0.000868335,0.0994529,0.0847495,-0.25458,-0.0583343,0.0543253,16874.1,10461.4,0.72624,1.00031,N111_HPreference_zero_full,111,4,4000,3000,0.99,0,8,0.6422239970148225,False
"natural[55,5]",3.77643,0.00438462,0.674787,0.670144,2.73378,3.74995,4.93577,23950.7,11950.5,1.03081,1.0005,N111_HPreference_zero_full,111,4,4000,3000,0.99,0,8,0.6422239970148225,False
"natural[56,1]",0.0441023,0.000373021,0.0343109,0.0293683,0.00575845,0.0361291,0.109462,7359.4,9080.14,0.316739,1.00127,N111_HPreference_zero_full,111,4,4000,3000,0.99,0,8,0.6422239970148225,False
"natural[56,2]",1.22465,0.00321868,0.399698,0.398808,0.637131,1.19046,1.93335,14541.0,11845.7,0.625827,1.0002,N111_HPreference_zero_full,111,4,4000,3000,0.99,0,8,0.6422239970148225,False
"natural[56,3]",0.175618,0.000813069,0.099836,0.0865613,0.00398143,0.182962,0.323168,15587.2,12429.2,0.670852,1.00055,N111_HPreference_zero_full,111,4,4000,3000,0.99,0,8,0.6422239970148225,False
"natural[56,4]",-0.227461,0.00135377,0.161756,0.14421,-0.52888,-0.201479,-0.0150113,17145.2,11535.5,0.737908,0.999925,N111_HPreference_zero_full,111,4,4000,3000,0.99,0,8,0.6422239970148225,False
"natural[56,5]",3.47507,0.00456619,0.655852,0.641224,2.44236,3.44531,4.60767,21290.4,12115.2,0.916313,1.0003,N111_HPreference_zero_full,111,4,4000,3000,0.99,0,8,0.6422239970148225,False
"natural[57,1]",0.336048,0.00329,0.2403,0.250851,0.0374413,0.282898,0.802663,4894.82,8049.44,0.210667,1.00047,N111_HPreference_zero_full,111,4,4000,3000,0.99,0,8,0.6422239970148225,False
"natural[57,2]",0.0921779,0.00042618,0.058026,0.0469199,0.0245895,0.0795782,0.202464,16968.1,12016.4,0.730284,1.0003,N111_HPreference_zero_full,111,4,4000,3000,0.99,0,8,0.6422239970148225,False
"natural[57,3]",1.96475,0.00645696,0.81678,0.802627,0.7561,1.8959,3.39831,17075.3,12881.5,0.734898,1.00083,N111_HPreference_zero_full,111,4,4000,3000,0.99,0,8,0.6422239970148225,False
"natural[57,4]",0.973258,0.0036869,0.504291,0.491022,0.211053,0.937845,1.84316,19397.1,12866.3,0.834826,0.99997,N111_HPreference_zero_full,111,4,4000,3000,0.99,0,8,0.6422239970148225,False
"natural[57,5]",2.14644,0.00402826,0.553681,0.54453,1.29558,2.11003,3.10563,19483.8,13405.1,0.838561,0.999998,N111_HPreference_zero_full,111,4,4000,3000,0.99,0,8,0.6422239970148225,False
"natural[58,1]",0.17453,0.00226168,0.131825,0.13068,0.0174162,0.146404,0.426808,2836.71,6331.39,0.122088,1.002,N111_HPreference_zero_full,111,4,4000,3000,0.99,0,8,0.6422239970148225,False
"natural[58,2]",0.324405,0.000856966,0.114698,0.107454,0.166185,0.308925,0.535265,16711.7,12066.6,0.719253,1.00002,N111_HPreference_zero_full,111,4,4000,3000,0.99,0,8,0.6422239970148225,False
"natural[58,3]",2.38215,0.00493609,0.635121,0.626516,1.43558,2.33034,3.50776,17589.2,11739.5,0.757018,1.0001,N111_HPreference_zero_full,111,4,4000,3000,0.99,0,8,0.6422239970148225,False
"natural[58,4]",1.20568,0.00273648,0.374611,0.363181,0.664008,1.16843,1.88528,20544.6,12993.6,0.884215,1.00006,N111_HPreference_zero_full,111,4,4000,3000,0.99,0,8,0.6422239970148225,False
"natural[58,5]",1.08756,0.00352197,0.484498,0.479942,0.315381,1.07232,1.90364,19161.7,14199.6,0.824694,0.999934,N111_HPreference_zero_full,111,4,4000,3000,0.99,0,8,0.6422239970148225,False
"natural[59,1]",0.0369545,0.000289568,0.0304824,0.0246497,0.00427894,0.0295101,0.0944856,9724.73,10126.6,0.418541,1.00015,N111_HPreference_zero_full,111,4,4000,3000,0.99,0,8,0.6422239970148225,False
"natural[59,2]",1.58813,0.00427458,0.508625,0.512446,0.794799,1.55729,2.46869,13385.2,10146.1,0.576084,0.999925,N111_HPreference_zero_full,111,4,4000,3000,0.99,0,8,0.6422239970148225,False
"natural[59,3]",0.261192,0.000640503,0.0798264,0.0675047,0.140583,0.258034,0.389519,15819.5,13171.3,0.68085,1.00009,N111_HPreference_zero_full,111,4,4000,3000,0.99,0,8,0.6422239970148225,False
"natural[59,4]",0.0088795,0.000909655,0.101963,0.0868444,-0.175983,0.0241124,0.143176,15999.9,9843.41,0.688618,1.0003,N111_HPreference_zero_full,111,4,4000,3000,0.99,0,8,0.6422239970148225,False
"natural[59,5]",3.72951,0.00508889,0.705077,0.696325,2.63364,3.6925,4.94897,19890.3,12074.0,0.856054,1.00015,N111_HPreference_zero_full,111,4,4000,3000,0.99,0,8,0.6422239970148225,False
"natural[60,1]",0.270717,0.00286824,0.242877,0.19079,0.0215816,0.179965,0.785229,6391.94,10266.6,0.275101,1.00021,N111_HPreference_zero_full,111,4,4000,3000,0.99,0,8,0.6422239970148225,False
"natural[60,2]",0.236749,0.00278737,0.253486,0.142566,0.0225909,0.146136,0.780169,7745.35,11581.5,0.333351,1.00014,N111_HPreference_zero_full,111,4,4000,3000,0.99,0,8,0.6422239970148225,False
"natural[60,3]",0.869205,0.00931597,0.886389,0.759685,-0.157175,0.633089,2.59398,10198.1,11195.5,0.438915,1.00023,N111_HPreference_zero_full,111,4,4000,3000,0.99,0,8,0.6422239970148225,False
"natural[60,4]",0.273232,0.00419485,0.49183,0.391459,-0.41381,0.202069,1.20588,15126.0,11967.3,0.651004,0.999946,N111_HPreference_zero_full,111,4,4000,3000,0.99,0,8,0.6422239970148225,False
"natural[60,5]",1.21759,0.00452702,0.592097,0.578626,0.296623,1.1882,2.25856,16921.5,13544.7,0.728279,1.00005,N111_HPreference_zero_full,111,4,4000,3000,0.99,0,8,0.6422239970148225,False
"natural[61,1]",0.174116,0.00129564,0.119025,0.104371,0.0285926,0.150379,0.4032,7662.82,8140.94,0.329798,1.00011,N111_HPreference_zero_full,111,4,4000,3000,0.99,0,8,0.6422239970148225,False
"natural[61,2]",0.298201,0.00125516,0.157413,0.137996,0.102556,0.266781,0.598506,14138.6,11701.2,0.608509,1.00001,N111_HPreference_zero_full,111,4,4000,3000,0.99,0,8,0.6422239970148225,False
"natural[61,3]",1.77462,0.00525812,0.647399,0.628126,0.881522,1.68633,2.97512,17216.2,12498.6,0.740964,1.0001,N111_HPreference_zero_full,111,4,4000,3000,0.99,0,8,0.6422239970148225,False
"natural[61,4]",0.783393,0.00283841,0.369848,0.340401,0.289897,0.728588,1.47978,20432.8,12313.1,0.879402,1.00033,N111_HPreference_zero_full,111,4,4000,3000,0.99,0,8,0.6422239970148225,False
"natural[61,5]",1.79414,0.00370296,0.534808,0.525335,0.966921,1.76848,2.72378,21185.3,14119.1,0.91179,0.99998,N111_HPreference_zero_full,111,4,4000,3000,0.99,0,8,0.6422239970148225,False
"natural[62,1]",0.0231782,0.000220449,0.0200679,0.0150293,0.00280041,0.0176589,0.0623861,7029.7,8158.3,0.30255,1.00022,N111_HPreference_zero_full,111,4,4000,3000,0.99,0,8,0.6422239970148225,False
"natural[62,2]",3.66276,0.0122976,1.57172,1.45472,1.56614,3.41122,6.586,14716.0,10386.0,0.633359,1.00008,N111_HPreference_zero_full,111,4,4000,3000,0.99,0,8,0.6422239970148225,False
"natural[62,3]",0.362554,0.000841618,0.0856227,0.0595497,0.274379,0.341194,0.520303,13476.1,10902.5,0.579996,1.00029,N111_HPreference_zero_full,111,4,4000,3000,0.99,0,8,0.6422239970148225,False
"natural[62,4]",0.190097,0.000330032,0.0379393,0.0313901,0.121776,0.196146,0.238996,14526.5,12228.1,0.625203,1.0,N111_HPreference_zero_full,111,4,4000,3000,0.99,0,8,0.6422239970148225,False
"natural[62,5]",1.3343,0.00410783,0.59402,0.593972,0.397424,1.32001,2.34189,21051.9,13535.6,0.90605,1.00007,N111_HPreference_zero_full,111,4,4000,3000,0.99,0,8,0.6422239970148225,False
"natural[63,1]",0.215994,0.00294946,0.172653,0.158598,0.0159021,0.176237,0.563993,2696.59,5683.9,0.116058,1.00051,N111_HPreference_zero_full,111,4,4000,3000,0.99,0,8,0.6422239970148225,False
"natural[63,2]",0.30531,0.000911915,0.11793,0.111288,0.145,0.28823,0.525062,15625.6,11453.0,0.672507,1.00014,N111_HPreference_zero_full,111,4,4000,3000,0.99,0,8,0.6422239970148225,False
"natural[63,3]",2.40524,0.00515337,0.644801,0.629516,1.45412,2.34774,3.5527,16900.7,11884.4,0.727387,1.00012,N111_HPreference_zero_full,111,4,4000,3000,0.99,0,8,0.6422239970148225,False
"natural[63,4]",1.19379,0.00305616,0.395549,0.383072,0.617421,1.15414,1.90745,18721.2,12477.2,0.805738,1.00044,N111_HPreference_zero_full,111,4,4000,3000,0.99,0,8,0.6422239970148225,False
"natural[63,5]",2.8619,0.00539182,0.758358,0.744859,1.6996,2.819,4.16392,20791.9,11770.6,0.894859,1.00002,N111_HPreference_zero_full,111,4,4000,3000,0.99,0,8,0.6422239970148225,False
"natural[64,1]",0.0576569,0.00033873,0.0383102,0.0330663,0.0107973,0.0506306,0.126722,10861.9,8686.95,0.467483,1.00053,N111_HPreference_zero_full,111,4,4000,3000,0.99,0,8,0.6422239970148225,False
"natural[64,2]",1.9956,0.00550561,0.689627,0.672441,0.968494,1.942,3.20085,14162.0,11268.5,0.609514,1.00014,N111_HPreference_zero_full,111,4,4000,3000,0.99,0,8,0.6422239970148225,False
"natural[64,3]",0.190603,0.00045737,0.0586062,0.0485344,0.098087,0.19154,0.280485,16300.6,13753.5,0.70156,1.00008,N111_HPreference_zero_full,111,4,4000,3000,0.99,0,8,0.6422239970148225,False
"natural[64,4]",-0.051581,0.00131432,0.142402,0.122831,-0.324986,-0.0259388,0.128357,14494.9,10212.4,0.623844,1.00006,N111_HPreference_zero_full,111,4,4000,3000,0.99,0,8,0.6422239970148225,False
"natural[64,5]",1.31396,0.00358775,0.529128,0.529461,0.449715,1.30678,2.18774,21750.4,12734.3,0.936112,1.00012,N111_HPreference_zero_full,111,4,4000,3000,0.99,0,8,0.6422239970148225,False
"natural[65,1]",0.12234,0.00210945,0.117386,0.0844611,0.00977047,0.0852494,0.358021,2514.89,6635.37,0.108238,1.00049,N111_HPreference_zero_full,111,4,4000,3000,0.99,0,8,0.6422239970148225,False
"natural[65,2]",0.328245,0.00101012,0.130523,0.11932,0.154646,0.30724,0.572257,15516.0,10307.7,0.66779,1.00002,N111_HPreference_zero_full,111,4,4000,3000,0.99,0,8,0.6422239970148225,False
"natural[65,3]",2.46351,0.00508182,0.663717,0.648298,1.48663,2.39678,3.62064,18914.5,12285.9,0.814059,1.00024,N111_HPreference_zero_full,111,4,4000,3000,0.99,0,8,0.6422239970148225,False
"natural[65,4]",1.21305,0.00299329,0.41138,0.398798,0.622398,1.16714,1.95252,21599.5,12050.0,0.929618,1.00005,N111_HPreference_zero_full,111,4,4000,3000,0.99,0,8,0.6422239970148225,False
"natural[65,5]",2.98534,0.00497447,0.756591,0.741501,1.83124,2.93838,4.30149,24359.2,12802.4,1.04839,0.999863,N111_HPreference_zero_full,111,4,4000,3000,0.99,0,8,0.6422239970148225,False
"natural[66,1]",0.117373,0.000683395,0.0792295,0.0671959,0.0217984,0.101683,0.266823,12201.9,9225.5,0.525156,0.999992,N111_HPreference_zero_full,111,4,4000,3000,0.99,0,8,0.6422239970148225,False
"natural[66,2]",0.650457,0.00249475,0.298245,0.28771,0.237608,0.609266,1.20078,12569.3,10003.1,0.540969,1.00006,N111_HPreference_zero_full,111,4,4000,3000,0.99,0,8,0.6422239970148225,False
"natural[66,3]",1.07323,0.00414605,0.413128,0.355569,0.550848,1.00121,1.84172,13031.1,9227.66,0.560843,1.00005,N111_HPreference_zero_full,111,4,4000,3000,0.99,0,8,0.6422239970148225,False
"natural[66,4]",0.246597,0.00168027,0.186594,0.140542,-0.0135735,0.231081,0.561685,15670.7,10000.2,0.67445,0.999985,N111_HPreference_zero_full,111,4,4000,3000,0.99,0,8,0.6422239970148225,False
"natural[66,5]",1.97408,0.00358471,0.53744,0.528544,1.12241,1.94605,2.8974,22599.9,13389.7,0.972673,1.00055,N111_HPreference_zero_full,111,4,4000,3000,0.99,0,8,0.6422239970148225,False
"natural[67,1]",0.0189918,0.000192322,0.0196197,0.0117769,0.00189458,0.0129891,0.056402,9161.89,11308.0,0.394316,1.00035,N111_HPreference_zero_full,111,4,4000,3000,0.99,0,8,0.6422239970148225,False
"natural[67,2]",1.97293,0.00459661,0.576854,0.574547,1.09614,1.92859,2.98844,15119.5,12575.4,0.650725,0.999958,N111_HPreference_zero_full,111,4,4000,3000,0.99,0,8,0.6422239970148225,False
"natural[67,3]",0.534826,0.00117954,0.140694,0.121562,0.357498,0.508965,0.798187,16456.8,12724.7,0.708283,0.999994,N111_HPreference_zero_full,111,4,4000,3000,0.99,0,8,0.6422239970148225,False
"natural[67,4]",0.0376094,0.00060883,0.0737305,0.0664313,-0.0930134,0.0470596,0.139521,16241.5,12096.0,0.699014,0.999966,N111_HPreference_zero_full,111,4,4000,3000,0.99,0,8,0.6422239970148225,False
"natural[67,5]",3.8891,0.00521546,0.774375,0.764178,2.66235,3.85924,5.2161,22400.4,12732.1,0.964085,0.999958,N111_HPreference_zero_full,111,4,4000,3000,0.99,0,8,0.6422239970148225,False
"natural[68,1]",0.100165,0.00127333,0.114711,0.0551455,0.0109357,0.0642468,0.314829,8561.82,9513.09,0.36849,1.00009,N111_HPreference_zero_full,111,4,4000,3000,0.99,0,8,0.6422239970148225,False
"natural[68,2]",0.445617,0.00215321,0.234751,0.225398,0.114854,0.417113,0.877824,10132.5,8467.82,0.43609,1.00006,N111_HPreference_zero_full,111,4,4000,3000,0.99,0,8,0.6422239970148225,False
"natural[68,3]",0.854291,0.00444523,0.430287,0.317151,0.366148,0.76,1.68058,12798.3,8361.38,0.550825,1.00004,N111_HPreference_zero_full,111,4,4000,3000,0.99,0,8,0.6422239970148225,False
"natural[68,4]",-0.15133,0.00265691,0.282877,0.222374,-0.571555,-0.164417,0.304817,13292.7,9115.79,0.572102,1.00038,N111_HPreference_zero_full,111,4,4000,3000,0.99,0,8,0.6422239970148225,False
"natural[68,5]",0.560149,0.00378828,0.501991,0.49883,-0.254491,0.551232,1.40676,17544.6,13175.4,0.755098,1.00008,N111_HPreference_zero_full,111,4,4000,3000,0.99,0,8,0.6422239970148225,False
"natural[69,1]",0.18325,0.00202643,0.168643,0.103191,0.0262734,0.12936,0.560024,7456.47,8970.42,0.320917,1.00049,N111_HPreference_zero_full,111,4,4000,3000,0.99,0,8,0.6422239970148225,False
"natural[69,2]",0.22102,0.001577,0.17322,0.131191,0.0411463,0.171653,0.570732,10466.4,11101.5,0.45046,1.00023,N111_HPreference_zero_full,111,4,4000,3000,0.99,0,8,0.6422239970148225,False
"natural[69,3]",1.31732,0.00769388,0.764628,0.718509,0.361348,1.16805,2.80827,11726.8,10539.4,0.504708,1.00049,N111_HPreference_zero_full,111,4,4000,3000,0.99,0,8,0.6422239970148225,False
"natural[69,4]",0.467525,0.00386254,0.430452,0.362109,-0.0877175,0.383391,1.2998,14397.1,11973.7,0.619633,1.00022,N111_HPreference_zero_full,111,4,4000,3000,0.99,0,8,0.6422239970148225,False
"natural[69,5]",1.63174,0.00338948,0.468307,0.459773,0.898894,1.61351,2.44312,19201.7,14908.8,0.826419,1.00023,N111_HPreference_zero_full,111,4,4000,3000,0.99,0,8,0.6422239970148225,False
"natural[70,1]",0.158715,0.00290063,0.14818,0.112919,0.0114668,0.112489,0.464237,2015.03,5068.22,0.0867244,1.00135,N111_HPreference_zero_full,111,4,4000,3000,0.99,0,8,0.6422239970148225,False
"natural[70,2]",0.281918,0.000848046,0.105252,0.0981194,0.138952,0.266694,0.473288,14546.9,10456.4,0.626082,0.999975,N111_HPreference_zero_full,111,4,4000,3000,0.99,0,8,0.6422239970148225,False
"natural[70,3]",2.59165,0.00552499,0.705484,0.679528,1.52706,2.53157,3.84982,17330.1,12654.9,0.745866,1.00018,N111_HPreference_zero_full,111,4,4000,3000,0.99,0,8,0.6422239970148225,False
"natural[70,4]",1.53683,0.00329679,0.444106,0.432931,0.873031,1.49839,2.32854,19587.6,12143.3,0.843028,0.999929,N111_HPreference_zero_full,111,4,4000,3000,0.99,0,8,0.6422239970148225,False
"natural[70,5]",3.72763,0.00609725,0.938006,0.92745,2.31075,3.65507,5.38543,24392.7,12983.5,1.04983,1.00005,N111_HPreference_zero_full,111,4,4000,3000,0.99,0,8,0.6422239970148225,False
"natural[71,1]",0.224715,0.00188988,0.19201,0.140851,0.0275502,0.163549,0.641713,10371.1,11599.0,0.446358,1.00018,N111_HPreference_zero_full,111,4,4000,3000,0.99,0,8,0.6422239970148225,False
"natural[71,2]",0.338911,0.0030369,0.29229,0.227055,0.0378022,0.25624,0.924516,7765.71,11073.3,0.334227,1.0002,N111_HPreference_zero_full,111,4,4000,3000,0.99,0,8,0.6422239970148225,False
"natural[71,3]",0.607616,0.00814234,0.71412,0.458189,-0.163667,0.395862,2.0779,10462.3,9091.58,0.450285,1.00007,N111_HPreference_zero_full,111,4,4000,3000,0.99,0,8,0.6422239970148225,False
"natural[71,4]",0.0217266,0.00413406,0.418655,0.301647,-0.560544,-0.0213699,0.830937,12026.4,9669.41,0.517601,1.00005,N111_HPreference_zero_full,111,4,4000,3000,0.99,0,8,0.6422239970148225,False
"natural[71,5]",1.15853,0.00445046,0.588726,0.583945,0.222807,1.13821,2.16488,17304.0,13464.9,0.744743,1.00005,N111_HPreference_zero_full,111,4,4000,3000,0.99,0,8,0.6422239970148225,False
"natural[72,1]",0.412162,0.00295072,0.252956,0.29791,0.0617624,0.380292,0.86518,6943.29,9537.8,0.298831,1.00025,N111_HPreference_zero_full,111,4,4000,3000,0.99,0,8,0.6422239970148225,False
"natural[72,2]",0.0996805,0.000569561,0.076355,0.0587139,0.0188196,0.0805341,0.245521,16069.7,13460.1,0.691621,0.999972,N111_HPreference_zero_full,111,4,4000,3000,0.99,0,8,0.6422239970148225,False
"natural[72,3]",1.15474,0.00693255,0.825589,0.792667,0.0212319,1.03596,2.68215,15602.4,12458.3,0.671506,0.99998,N111_HPreference_zero_full,111,4,4000,3000,0.99,0,8,0.6422239970148225,False
"natural[72,4]",0.208438,0.00398407,0.515078,0.473405,-0.552401,0.162737,1.12952,17668.5,12614.0,0.760429,1.00005,N111_HPreference_zero_full,111,4,4000,3000,0.99,0,8,0.6422239970148225,False
"natural[72,5]",-0.172999,0.00279145,0.373782,0.375023,-0.782496,-0.174017,0.442492,17958.6,15004.1,0.772915,1.00003,N111_HPreference_zero_full,111,4,4000,3000,0.99,0,8,0.6422239970148225,False
"natural[73,1]",0.0727249,0.000529403,0.0524255,0.0444105,0.0118643,0.0612417,0.173113,8133.14,9166.4,0.35004,0.999922,N111_HPreference_zero_full,111,4,4000,3000,0.99,0,8,0.6422239970148225,False
"natural[73,2]",1.20166,0.00341281,0.420676,0.420968,0.573016,1.16871,1.95513,14090.1,10271.6,0.606421,0.999912,N111_HPreference_zero_full,111,4,4000,3000,0.99,0,8,0.6422239970148225,False
"natural[73,3]",-0.0269006,0.00113074,0.13091,0.107534,-0.266027,-0.00477388,0.139122,16346.8,10830.6,0.703545,1.00014,N111_HPreference_zero_full,111,4,4000,3000,0.99,0,8,0.6422239970148225,False
"natural[73,4]",-0.00596125,0.0011002,0.119875,0.0991268,-0.220569,0.0122475,0.146801,14411.8,10332.0,0.620265,1.00013,N111_HPreference_zero_full,111,4,4000,3000,0.99,0,8,0.6422239970148225,False
"natural[73,5]",2.2873,0.00361464,0.519591,0.519574,1.45924,2.2781,3.16467,20996.2,12396.9,0.903652,1.0004,N111_HPreference_zero_full,111,4,4000,3000,0.99,0,8,0.6422239970148225,False
"natural[74,1]",0.190047,0.00238479,0.160418,0.127983,0.019798,0.146231,0.525697,3479.1,7370.07,0.149736,1.00055,N111_HPreference_zero_full,111,4,4000,3000,0.99,0,8,0.6422239970148225,False
"natural[74,2]",0.192611,0.000695637,0.0919872,0.0796989,0.0758465,0.17584,0.366593,16286.5,11170.0,0.70095,0.999966,N111_HPreference_zero_full,111,4,4000,3000,0.99,0,8,0.6422239970148225,False
"natural[74,3]",2.18798,0.00550435,0.697895,0.684628,1.16041,2.12656,3.43701,17529.0,12207.2,0.754425,1.00003,N111_HPreference_zero_full,111,4,4000,3000,0.99,0,8,0.6422239970148225,False
"natural[74,4]",1.11078,0.00317058,0.433227,0.42087,0.491662,1.06684,1.89571,20431.5,13051.4,0.879346,0.999965,N111_HPreference_zero_full,111,4,4000,3000,0.99,0,8,0.6422239970148225,False
"natural[74,5]",2.5269,0.00423843,0.635524,0.626606,1.55498,2.48817,3.63296,23645.9,12461.9,1.01769,1.00047,N111_HPreference_zero_full,111,4,4000,3000,0.99,0,8,0.6422239970148225,False
"natural[75,1]",0.0275127,0.000354998,0.0293671,0.0178656,0.0021586,0.0183018,0.0827532,6564.16,10171.2,0.282514,1.00093,N111_HPreference_zero_full,111,4,4000,3000,0.99,0,8,0.6422239970148225,False
"natural[75,2]",1.32486,0.0030937,0.412184,0.405197,0.720687,1.28495,2.07048,16827.3,12536.0,0.724224,0.999983,N111_HPreference_zero_full,111,4,4000,3000,0.99,0,8,0.6422239970148225,False
"natural[75,3]",0.457308,0.000983126,0.12207,0.106665,0.294689,0.440131,0.680012,16299.3,14026.0,0.701502,1.00014,N111_HPreference_zero_full,111,4,4000,3000,0.99,0,8,0.6422239970148225,False
"natural[75,4]",-0.195827,0.0011432,0.141479,0.127716,-0.461956,-0.175205,-0.00434307,18097.9,12460.3,0.778912,1.00006,N111_HPreference_zero_full,111,4,4000,3000,0.99,0,8,0.6422239970148225,False
"natural[75,5]",4.04643,0.00536046,0.788002,0.766581,2.82398,4.00525,5.41435,22251.6,12086.8,0.957683,1.00057,N111_HPreference_zero_full,111,4,4000,3000,0.99,0,8,0.6422239970148225,False
"natural[76,1]",0.0191927,0.000245253,0.0190342,0.0132471,0.00123835,0.012751,0.0591993,5132.29,9932.41,0.220888,1.00039,N111_HPreference_zero_full,111,4,4000,3000,0.99,0,8,0.6422239970148225,False
"natural[76,2]",3.15189,0.00612171,0.804012,0.775036,1.97629,3.0765,4.60123,17391.0,14360.7,0.748486,1.00008,N111_HPreference_zero_full,111,4,4000,3000,0.99,0,8,0.6422239970148225,False
"natural[76,3]",0.848957,0.00254329,0.291576,0.26841,0.469995,0.801587,1.3954,16569.4,10885.6,0.713127,1.00014,N111_HPreference_zero_full,111,4,4000,3000,0.99,0,8,0.6422239970148225,False
"natural[76,4]",0.0409782,0.000491291,0.0606868,0.0567156,-0.0667658,0.0476162,0.127708,15619.9,14330.4,0.67226,1.00018,N111_HPreference_zero_full,111,4,4000,3000,0.99,0,8,0.6422239970148225,False
"natural[76,5]",3.68384,0.00541777,0.814161,0.79582,2.41325,3.6457,5.09124,23701.0,11306.0,1.02006,1.00029,N111_HPreference_zero_full,111,4,4000,3000,0.99,0,8,0.6422239970148225,False
"natural[77,1]",0.123349,0.000659045,0.0699293,0.0651839,0.0269174,0.11443,0.25235,9538.78,7753.62,0.410537,1.00028,N111_HPreference_zero_full,111,4,4000,3000,0.99,0,8,0.6422239970148225,False
"natural[77,2]",1.54772,0.00466946,0.559707,0.547596,0.735844,1.4916,2.56125,13322.5,10826.3,0.573385,1.00038,N111_HPreference_zero_full,111,4,4000,3000,0.99,0,8,0.6422239970148225,False
"natural[77,3]",0.924642,0.00337326,0.341693,0.284133,0.518147,0.84789,1.57129,12920.5,10563.7,0.556083,1.00019,N111_HPreference_zero_full,111,4,4000,3000,0.99,0,8,0.6422239970148225,False
"natural[77,4]",0.628373,0.00150665,0.175278,0.155798,0.401185,0.600663,0.949667,15051.3,11822.8,0.647789,1.00036,N111_HPreference_zero_full,111,4,4000,3000,0.99,0,8,0.6422239970148225,False
"natural[77,5]",1.08201,0.00424103,0.593418,0.585427,0.130838,1.06774,2.08526,19218.8,12166.6,0.827154,0.999952,N111_HPreference_zero_full,111,4,4000,3000,0.99,0,8,0.6422239970148225,False
"natural[78,1]",0.175083,0.0030711,0.177289,0.113157,0.01347,0.1095,0.56311,3146.76,8329.29,0.135432,1.00073,N111_HPreference_zero_full,111,4,4000,3000,0.99,0,8,0.6422239970148225,False
"natural[78,2]",0.220025,0.000715329,0.0930705,0.0847167,0.0971512,0.204544,0.393948,16130.4,12802.1,0.694231,0.999955,N111_HPreference_zero_full,111,4,4000,3000,0.99,0,8,0.6422239970148225,False
"natural[78,3]",2.38763,0.00496345,0.627322,0.609637,1.46577,2.32875,3.51411,17709.8,11462.5,0.762209,1.00027,N111_HPreference_zero_full,111,4,4000,3000,0.99,0,8,0.6422239970148225,False
"natural[78,4]",0.849816,0.00306541,0.403267,0.388826,0.273004,0.805621,1.58084,19472.3,12407.7,0.838066,0.999945,N111_HPreference_zero_full,111,4,4000,3000,0.99,0,8,0.6422239970148225,False
"natural[78,5]",1.13602,0.00331836,0.446391,0.445928,0.41692,1.12345,1.87935,18283.2,12428.9,0.786887,0.999915,N111_HPreference_zero_full,111,4,4000,3000,0.99,0,8,0.6422239970148225,False
"natural[79,1]",0.244425,0.00338927,0.216446,0.177096,0.0192677,0.171399,0.697211,3763.62,8364.59,0.161982,1.0001,N111_HPreference_zero_full,111,4,4000,3000,0.99,0,8,0.6422239970148225,False
"natural[79,2]",0.395152,0.001314,0.16603,0.153603,0.176469,0.368119,0.709165,14739.1,12735.4,0.634353,1.00018,N111_HPreference_zero_full,111,4,4000,3000,0.99,0,8,0.6422239970148225,False
"natural[79,3]",2.00823,0.00478944,0.575465,0.555591,1.18509,1.94603,3.03778,15834.7,12162.5,0.681506,1.00058,N111_HPreference_zero_full,111,4,4000,3000,0.99,0,8,0.6422239970148225,False
"natural[79,4]",0.726043,0.00290722,0.329615,0.307161,0.290412,0.673552,1.33904,14138.3,12372.0,0.608494,1.00004,N111_HPreference_zero_full,111,4,4000,3000,0.99,0,8,0.6422239970148225,False
"natural[79,5]",0.415373,0.00302211,0.426661,0.421457,-0.271381,0.414605,1.12248,20036.4,14065.8,0.862343,1.00021,N111_HPreference_zero_full,111,4,4000,3000,0.99,0,8,0.6422239970148225,False
"natural[80,1]",0.164616,0.00424413,0.176139,0.111752,0.00612855,0.089669,0.53421,1455.77,4972.11,0.0626544,1.00123,N111_HPreference_zero_full,111,4,4000,3000,0.99,0,8,0.6422239970148225,False
"natural[80,2]",0.400009,0.00114864,0.135711,0.128637,0.211193,0.382396,0.645116,13524.8,10160.3,0.582093,1.00025,N111_HPreference_zero_full,111,4,4000,3000,0.99,0,8,0.6422239970148225,False
"natural[80,3]",2.83023,0.00577613,0.691611,0.672026,1.78481,2.78324,4.04756,14838.8,12151.0,0.638646,0.999975,N111_HPreference_zero_full,111,4,4000,3000,0.99,0,8,0.6422239970148225,False
"natural[80,4]",1.62642,0.0034107,0.429899,0.416559,0.991746,1.5889,2.39149,17020.3,12808.2,0.732533,1.00007,N111_HPreference_zero_full,111,4,4000,3000,0.99,0,8,0.6422239970148225,False
"natural[80,5]",2.67421,0.00482218,0.706787,0.702119,1.58099,2.63519,3.90901,22229.1,13569.1,0.956713,1.00031,N111_HPreference_zero_full,111,4,4000,3000,0.99,0,8,0.6422239970148225,False
"natural[81,1]",0.0853072,0.000938144,0.0894772,0.0501441,0.0106226,0.0605747,0.239999,10193.0,9995.12,0.438695,1.00028,N111_HPreference_zero_full,111,4,4000,3000,0.99,0,8,0.6422239970148225,False
"natural[81,2]",0.503746,0.00283677,0.286658,0.277712,0.113598,0.460848,1.0319,8406.58,7220.65,0.361809,1.00016,N111_HPreference_zero_full,111,4,4000,3000,0.99,0,8,0.6422239970148225,False
"natural[81,3]",0.429525,0.00481146,0.38542,0.209959,0.0348288,0.350507,1.10291,10720.6,6404.89,0.461402,1.00051,N111_HPreference_zero_full,111,4,4000,3000,0.99,0,8,0.6422239970148225,False
"natural[81,4]",-0.0575443,0.00240814,0.251105,0.189731,-0.454828,-0.0468777,0.278923,14001.4,7559.04,0.602604,1.00032,N111_HPreference_zero_full,111,4,4000,3000,0.99,0,8,0.6422239970148225,False
"natural[81,5]",2.34261,0.00439792,0.566245,0.568968,1.45069,2.31979,3.30738,16213.0,12186.8,0.697789,1.00019,N111_HPreference_zero_full,111,4,4000,3000,0.99,0,8,0.6422239970148225,False
"natural[82,1]",0.0965644,0.00238606,0.122617,0.0531245,0.00623806,0.0515886,0.349991,2085.59,6054.31,0.0897611,1.00099,N111_HPreference_zero_full,111,4,4000,3000,0.99,0,8,0.6422239970148225,False
"natural[82,2]",0.314067,0.000955756,0.112275,0.10624,0.158011,0.29904,0.520486,13230.4,11196.6,0.569422,1.00029,N111_HPreference_zero_full,111,4,4000,3000,0.99,0,8,0.6422239970148225,False
"natural[82,3]",2.8497,0.00604181,0.711198,0.687064,1.78594,2.79674,4.12602,14417.7,12122.9,0.620521,1.0003,N111_HPreference_zero_full,111,4,4000,3000,0.99,0,8,0.6422239970148225,False
"natural[82,4]",1.54783,0.0033429,0.438107,0.43143,0.901328,1.50625,2.33945,18533.7,12561.8,0.79767,1.00007,N111_HPreference_zero_full,111,4,4000,3000,0.99,0,8,0.6422239970148225,False
"natural[82,5]",3.13814,0.00553545,0.807016,0.798307,1.92411,3.0753,4.55322,22792.3,12943.8,0.980954,0.999996,N111_HPreference_zero_full,111,4,4000,3000,0.99,0,8,0.6422239970148225,False
"natural[83,1]",0.043037,0.00081355,0.0673014,0.0224036,0.0037988,0.0243868,0.135498,9640.32,7621.88,0.414907,1.00025,N111_HPreference_zero_full,111,4,4000,3000,0.99,0,8,0.6422239970148225,False
"natural[83,2]",1.81584,0.00739181,0.864825,0.81671,0.646984,1.69326,3.41382,11417.3,9627.63,0.491386,1.00051,N111_HPreference_zero_full,111,4,4000,3000,0.99,0,8,0.6422239970148225,False
"natural[83,3]",-0.0378045,0.00168426,0.174171,0.133443,-0.368197,-0.000861347,0.161169,13651.1,10443.8,0.587526,1.00002,N111_HPreference_zero_full,111,4,4000,3000,0.99,0,8,0.6422239970148225,False
"natural[83,4]",-0.19825,0.00240156,0.219767,0.184839,-0.621531,-0.15255,0.0665993,10851.4,9179.42,0.467031,1.00041,N111_HPreference_zero_full,111,4,4000,3000,0.99,0,8,0.6422239970148225,False
"natural[83,5]",2.25388,0.00564839,0.773105,0.77944,1.02744,2.22777,3.56258,18776.4,12739.0,0.808114,1.00055,N111_HPreference_zero_full,111,4,4000,3000,0.99,0,8,0.6422239970148225,False
"natural[84,1]",0.251411,0.00233967,0.207375,0.174042,0.0269278,0.189724,0.692829,7149.25,9325.8,0.307695,1.00045,N111_HPreference_zero_full,111,4,4000,3000,0.99,0,8,0.6422239970148225,False
"natural[84,2]",0.18783,0.000890041,0.123736,0.103719,0.0425649,0.160255,0.428567,17435.0,11805.6,0.75038,1.00019,N111_HPreference_zero_full,111,4,4000,3000,0.99,0,8,0.6422239970148225,False
"natural[84,3]",1.62155,0.00546771,0.695995,0.668324,0.638951,1.54477,2.88076,18012.3,11431.9,0.775227,0.999872,N111_HPreference_zero_full,111,4,4000,3000,0.99,0,8,0.6422239970148225,False
"natural[84,4]",0.482135,0.00343023,0.442036,0.400416,-0.165536,0.441421,1.28004,17789.4,11891.3,0.765633,1.00031,N111_HPreference_zero_full,111,4,4000,3000,0.99,0,8,0.6422239970148225,False
"natural[84,5]",0.444138,0.00369036,0.510345,0.502069,-0.383762,0.435145,1.29561,19255.6,13909.7,0.828738,1.00013,N111_HPreference_zero_full,111,4,4000,3000,0.99,0,8,0.6422239970148225,False
"natural[85,1]",0.646382,0.00164215,0.166162,0.161989,0.338457,0.665033,0.887953,11342.6,8046.0,0.488171,1.00005,N111_HPreference_zero_full,111,4,4000,3000,0.99,0,8,0.6422239970148225,False
"natural[85,2]",0.306416,0.00159483,0.134203,0.136848,0.101348,0.298505,0.540005,6543.25,8513.19,0.281614,1.00014,N111_HPreference_zero_full,111,4,4000,3000,0.99,0,8,0.6422239970148225,False
"natural[85,3]",0.923475,0.00685225,0.518731,0.42105,0.298121,0.814721,1.93469,6587.59,8276.2,0.283522,1.00043,N111_HPreference_zero_full,111,4,4000,3000,0.99,0,8,0.6422239970148225,False
"natural[85,4]",0.628932,0.0031884,0.304447,0.276406,0.184765,0.606532,1.16259,9371.86,10226.4,0.403354,1.00016,N111_HPreference_zero_full,111,4,4000,3000,0.99,0,8,0.6422239970148225,False
"natural[85,5]",0.996083,0.00353459,0.438879,0.437753,0.303641,0.982319,1.74835,15695.6,13603.5,0.675521,1.00001,N111_HPreference_zero_full,111,4,4000,3000,0.99,0,8,0.6422239970148225,False
"natural[86,1]",0.0604564,0.000559235,0.0591578,0.035891,0.00723618,0.0429973,0.173089,11444.2,11215.4,0.492543,1.00014,N111_HPreference_zero_full,111,4,4000,3000,0.99,0,8,0.6422239970148225,False
"natural[86,2]",0.890496,0.00260588,0.334322,0.326338,0.407369,0.856003,1.49503,15012.4,11305.8,0.646116,1.00025,N111_HPreference_zero_full,111,4,4000,3000,0.99,0,8,0.6422239970148225,False
"natural[86,3]",0.865172,0.00261557,0.301045,0.276423,0.461663,0.819646,1.42906,16449.9,11036.9,0.707982,1.00033,N111_HPreference_zero_full,111,4,4000,3000,0.99,0,8,0.6422239970148225,False
"natural[86,4]",0.0176648,0.000950793,0.12611,0.110264,-0.201458,0.0308235,0.194588,18252.9,12609.6,0.785584,1.00012,N111_HPreference_zero_full,111,4,4000,3000,0.99,0,8,0.6422239970148225,False
"natural[86,5]",1.99489,0.00367806,0.550397,0.549131,1.12755,1.97205,2.92843,22717.9,12715.4,0.977751,1.00034,N111_HPreference_zero_full,111,4,4000,3000,0.99,0,8,0.6422239970148225,False
"natural[87,1]",0.0370816,0.000373965,0.0353755,0.0232138,0.00412534,0.0267112,0.105107,7578.6,10392.2,0.326174,0.999985,N111_HPreference_zero_full,111,4,4000,3000,0.99,0,8,0.6422239970148225,False
"natural[87,2]",1.54424,0.00542064,0.69219,0.660944,0.607104,1.44589,2.81997,14865.7,11554.8,0.639801,1.00012,N111_HPreference_zero_full,111,4,4000,3000,0.99,0,8,0.6422239970148225,False
"natural[87,3]",1.52349,0.00479438,0.52497,0.507421,0.76781,1.46591,2.47198,12758.7,11028.1,0.54912,1.00018,N111_HPreference_zero_full,111,4,4000,3000,0.99,0,8,0.6422239970148225,False
"natural[87,4]",0.591515,0.00197101,0.219896,0.179869,0.332288,0.545251,1.00973,15819.7,11261.9,0.680861,0.99989,N111_HPreference_zero_full,111,4,4000,3000,0.99,0,8,0.6422239970148225,False
"natural[87,5]",1.20273,0.00482637,0.746736,0.736998,0.0121231,1.17905,2.47375,24130.3,13713.7,1.03854,1.00035,N111_HPreference_zero_full,111,4,4000,3000,0.99,0,8,0.6422239970148225,False
"natural[88,1]",0.350557,0.00106284,0.123293,0.113326,0.170755,0.339072,0.570504,13447.0,9027.48,0.578741,1.00015,N111_HPreference_zero_full,111,4,4000,3000,0.99,0,8,0.6422239970148225,False
"natural[88,2]",0.478762,0.00163041,0.18708,0.182895,0.216475,0.455824,0.814563,12084.7,12721.4,0.520111,1.00004,N111_HPreference_zero_full,111,4,4000,3000,0.99,0,8,0.6422239970148225,False
"natural[88,3]",1.32183,0.00481609,0.484138,0.458929,0.665135,1.25329,2.21194,11240.7,11834.5,0.483788,1.00014,N111_HPreference_zero_full,111,4,4000,3000,0.99,0,8,0.6422239970148225,False
"natural[88,4]",0.64863,0.00193798,0.233814,0.20628,0.322625,0.620501,1.07597,15549.8,12176.0,0.669244,1.0001,N111_HPreference_zero_full,111,4,4000,3000,0.99,0,8,0.6422239970148225,False
"natural[88,5]",1.1479,0.00339251,0.4793,0.467369,0.393229,1.12986,1.9723,19856.9,13494.2,0.854616,1.00005,N111_HPreference_zero_full,111,4,4000,3000,0.99,0,8,0.6422239970148225,False
"natural[89,1]",0.25781,0.00309893,0.227777,0.181331,0.0220944,0.178361,0.746077,4969.91,9075.54,0.213899,1.0007,N111_HPreference_zero_full,111,4,4000,3000,0.99,0,8,0.6422239970148225,False
"natural[89,2]",0.103299,0.000647648,0.0805719,0.0560566,0.0221733,0.0815394,0.259484,14584.0,13175.3,0.627677,1.00004,N111_HPreference_zero_full,111,4,4000,3000,0.99,0,8,0.6422239970148225,False
"natural[89,3]",1.8001,0.00756656,0.861827,0.874804,0.539183,1.72239,3.34748,14225.2,11201.8,0.612237,1.00016,N111_HPreference_zero_full,111,4,4000,3000,0.99,0,8,0.6422239970148225,False
"natural[89,4]",0.796967,0.00433751,0.544245,0.530556,0.00589027,0.747121,1.76551,17487.1,10356.8,0.752625,1.00019,N111_HPreference_zero_full,111,4,4000,3000,0.99,0,8,0.6422239970148225,False
"natural[89,5]",2.58191,0.00435961,0.61762,0.610619,1.64454,2.53875,3.65804,21023.3,12460.4,0.904819,1.0,N111_HPreference_zero_full,111,4,4000,3000,0.99,0,8,0.6422239970148225,False
"natural[90,1]",0.0247132,0.000119127,0.014245,0.0143803,0.00505699,0.0227657,0.0508386,12238.2,8446.71,0.526715,1.00002,N111_HPreference_zero_full,111,4,4000,3000,0.99,0,8,0.6422239970148225,False
"natural[90,2]",5.25569,0.0133317,1.84872,1.73472,2.68635,5.01599,8.68738,18764.8,13132.1,0.807613,1.00003,N111_HPreference_zero_full,111,4,4000,3000,0.99,0,8,0.6422239970148225,False
"natural[90,3]",0.244534,0.000182327,0.022704,0.0201454,0.207836,0.244501,0.28059,15623.7,14993.3,0.672423,0.999853,N111_HPreference_zero_full,111,4,4000,3000,0.99,0,8,0.6422239970148225,False
"natural[90,4]",0.118787,0.000418007,0.0538397,0.0456839,0.0178504,0.128859,0.186566,19209.3,13273.6,0.826744,1.00019,N111_HPreference_zero_full,111,4,4000,3000,0.99,0,8,0.6422239970148225,False
"natural[90,5]",2.06713,0.00398124,0.595938,0.590645,1.12025,2.04241,3.0731,22586.7,13259.3,0.972104,1.00008,N111_HPreference_zero_full,111,4,4000,3000,0.99,0,8,0.6422239970148225,False
"natural[91,1]",0.120627,0.00264476,0.132636,0.0773334,0.00705827,0.0722913,0.394372,1834.47,5874.59,0.0789534,1.00118,N111_HPreference_zero_full,111,4,4000,3000,0.99,0,8,0.6422239970148225,False
"natural[91,2]",0.285214,0.000802903,0.101706,0.094789,0.144158,0.271462,0.472191,15245.5,11129.0,0.656147,1.00008,N111_HPreference_zero_full,111,4,4000,3000,0.99,0,8,0.6422239970148225,False
"natural[91,3]",2.7405,0.00609238,0.720561,0.705053,1.6553,2.68986,4.00511,14389.6,12280.6,0.619312,1.00012,N111_HPreference_zero_full,111,4,4000,3000,0.99,0,8,0.6422239970148225,False
"natural[91,4]",1.66373,0.00345158,0.453503,0.448199,0.989793,1.62728,2.47004,18619.8,13141.6,0.801374,1.00005,N111_HPreference_zero_full,111,4,4000,3000,0.99,0,8,0.6422239970148225,False
"natural[91,5]",3.89127,0.00651596,0.983718,0.963847,2.41342,3.82673,5.62361,24709.8,12657.8,1.06348,1.00004,N111_HPreference_zero_full,111,4,4000,3000,0.99,0,8,0.6422239970148225,False
"natural[92,1]",0.0575132,0.000564389,0.0552038,0.0356382,0.00739445,0.0420895,0.158493,8880.29,11790.8,0.382197,1.00008,N111_HPreference_zero_full,111,4,4000,3000,0.99,0,8,0.6422239970148225,False
"natural[92,2]",1.23514,0.00562994,0.650683,0.571321,0.422591,1.11416,2.4696,11506.6,11002.8,0.49523,1.00018,N111_HPreference_zero_full,111,4,4000,3000,0.99,0,8,0.6422239970148225,False
"natural[92,3]",0.478929,0.0021377,0.226008,0.168521,0.233506,0.427413,0.900403,14732.9,10618.8,0.634086,1.00013,N111_HPreference_zero_full,111,4,4000,3000,0.99,0,8,0.6422239970148225,False
"natural[92,4]",-0.194852,0.00166359,0.202917,0.191412,-0.562583,-0.166533,0.0812042,15912.9,13125.9,0.684871,1.00011,N111_HPreference_zero_full,111,4,4000,3000,0.99,0,8,0.6422239970148225,False
"natural[92,5]",0.438519,0.00470182,0.666238,0.661479,-0.63009,0.418194,1.56355,20126.1,12663.8,0.866204,1.0002,N111_HPreference_zero_full,111,4,4000,3000,0.99,0,8,0.6422239970148225,False
"natural[93,1]",0.0500482,0.000699993,0.0613672,0.0316755,0.00167459,0.0262009,0.177079,6238.49,12381.9,0.268497,1.00021,N111_HPreference_zero_full,111,4,4000,3000,0.99,0,8,0.6422239970148225,False
"natural[93,2]",6.45682,0.0367572,4.6064,3.16113,1.93805,5.31627,14.5687,16755.7,13464.8,0.721144,1.00006,N111_HPreference_zero_full,111,4,4000,3000,0.99,0,8,0.6422239970148225,False
"natural[93,3]",0.252569,0.000366057,0.0441092,0.0267866,0.193615,0.248968,0.324198,15281.1,12977.5,0.657679,1.0001,N111_HPreference_zero_full,111,4,4000,3000,0.99,0,8,0.6422239970148225,False
"natural[93,4]",-0.298511,0.00204048,0.241692,0.233041,-0.739723,-0.266142,0.0364356,15694.4,11866.0,0.675467,1.00023,N111_HPreference_zero_full,111,4,4000,3000,0.99,0,8,0.6422239970148225,False
"natural[93,5]",1.74277,0.00779402,1.01699,1.00598,0.153426,1.68974,3.4978,17365.8,12402.4,0.747401,1.00044,N111_HPreference_zero_full,111,4,4000,3000,0.99,0,8,0.6422239970148225,False
"natural[94,1]",0.145579,0.00132138,0.137131,0.0974941,0.0138137,0.105702,0.418111,10055.7,10825.2,0.432785,1.00018,N111_HPreference_zero_full,111,4,4000,3000,0.99,0,8,0.6422239970148225,False
"natural[94,2]",0.436885,0.00217603,0.238804,0.229247,0.103842,0.405081,0.873758,10270.1,9811.58,0.442013,1.00029,N111_HPreference_zero_full,111,4,4000,3000,0.99,0,8,0.6422239970148225,False
"natural[94,3]",0.754119,0.005162,0.494524,0.372691,0.167864,0.657574,1.69709,12505.8,7908.15,0.538233,1.00001,N111_HPreference_zero_full,111,4,4000,3000,0.99,0,8,0.6422239970148225,False
"natural[94,4]",-0.100724,0.00329133,0.33307,0.258065,-0.578108,-0.124814,0.472852,12147.5,8628.66,0.522816,1.00015,N111_HPreference_zero_full,111,4,4000,3000,0.99,0,8,0.6422239970148225,False
"natural[94,5]",1.87093,0.00448729,0.65544,0.644714,0.846555,1.8357,3.00662,21428.0,13872.0,0.922235,0.99987,N111_HPreference_zero_full,111,4,4000,3000,0.99,0,8,0.6422239970148225,False
"natural[95,1]",0.10003,0.000931554,0.0904935,0.0631006,0.0121775,0.0743568,0.275291,8549.67,9762.14,0.367968,1.00059,N111_HPreference_zero_full,111,4,4000,3000,0.99,0,8,0.6422239970148225,False
"natural[95,2]",0.549201,0.00211434,0.254693,0.240961,0.208339,0.508386,1.02627,13023.1,11307.6,0.560497,1.00016,N111_HPreference_zero_full,111,4,4000,3000,0.99,0,8,0.6422239970148225,False
"natural[95,3]",1.37461,0.00447314,0.490437,0.452296,0.720082,1.29208,2.29269,13940.0,11125.9,0.59996,1.00027,N111_HPreference_zero_full,111,4,4000,3000,0.99,0,8,0.6422239970148225,False
"natural[95,4]",0.366293,0.0020176,0.231,0.177631,0.0771245,0.32141,0.806584,16493.9,10774.8,0.709876,1.00006,N111_HPreference_zero_full,111,4,4000,3000,0.99,0,8,0.6422239970148225,False
"natural[95,5]",1.39958,0.00336336,0.50231,0.49947,0.600882,1.38795,2.2522,22332.8,14568.2,0.961175,1.00003,N111_HPreference_zero_full,111,4,4000,3000,0.99,0,8,0.6422239970148225,False
"natural[96,1]",0.233097,0.00174542,0.144189,0.14837,0.0373594,0.215174,0.498076,5966.45,6913.34,0.256789,1.00046,N111_HPreference_zero_full,111,4,4000,3000,0.99,0,8,0.6422239970148225,False
"natural[96,2]",0.405946,0.00131909,0.175007,0.162819,0.175489,0.376941,0.735284,16238.5,12769.8,0.698885,0.999908,N111_HPreference_zero_full,111,4,4000,3000,0.99,0,8,0.6422239970148225,False
"natural[96,3]",1.85533,0.00478698,0.584919,0.565825,1.02582,1.78856,2.91266,16251.3,12787.2,0.699438,1.00005,N111_HPreference_zero_full,111,4,4000,3000,0.99,0,8,0.6422239970148225,False
"natural[96,4]",0.797799,0.00254814,0.325782,0.30247,0.358396,0.749385,1.41162,17899.8,12034.0,0.770385,1.00024,N111_HPreference_zero_full,111,4,4000,3000,0.99,0,8,0.6422239970148225,False
"natural[96,5]",1.32276,0.00345111,0.48288,0.482009,0.54885,1.3073,2.14367,19763.4,15032.5,0.850593,1.00012,N111_HPreference_zero_full,111,4,4000,3000,0.99,0,8,0.6422239970148225,False
"natural[97,1]",0.361118,0.00232377,0.229018,0.250066,0.0539719,0.323644,0.797044,9019.01,9947.45,0.388167,1.00041,N111_HPreference_zero_full,111,4,4000,3000,0.99,0,8,0.6422239970148225,False
"natural[97,2]",0.104121,0.000569779,0.0757443,0.0600641,0.0215532,0.0846313,0.254946,15901.3,11616.9,0.684371,1.00057,N111_HPreference_zero_full,111,4,4000,3000,0.99,0,8,0.6422239970148225,False
"natural[97,3]",1.34657,0.00683608,0.833824,0.804665,0.218279,1.22977,2.89797,16916.6,12403.2,0.72807,0.999958,N111_HPreference_zero_full,111,4,4000,3000,0.99,0,8,0.6422239970148225,False
"natural[97,4]",0.415968,0.00407683,0.518508,0.477186,-0.332999,0.353838,1.35778,17276.0,12377.3,0.743537,0.999955,N111_HPreference_zero_full,111,4,4000,3000,0.99,0,8,0.6422239970148225,False
"natural[97,5]",1.25208,0.00305067,0.408305,0.411869,0.600963,1.24134,1.94612,18066.3,14264.9,0.777553,0.999977,N111_HPreference_zero_full,111,4,4000,3000,0.99,0,8,0.6422239970148225,False
"natural[98,1]",0.261192,0.00237797,0.210101,0.172821,0.0326027,0.196944,0.710531,7102.19,10922.5,0.305669,1.00066,N111_HPreference_zero_full,111,4,4000,3000,0.99,0,8,0.6422239970148225,False
"natural[98,2]",0.15364,0.000853288,0.112153,0.085123,0.0346047,0.124136,0.37089,14869.3,12226.5,0.639955,1.00012,N111_HPreference_zero_full,111,4,4000,3000,0.99,0,8,0.6422239970148225,False
"natural[98,3]",1.56982,0.00662549,0.776132,0.754225,0.513706,1.46291,3.00267,16033.6,11710.5,0.690065,1.00005,N111_HPreference_zero_full,111,4,4000,3000,0.99,0,8,0.6422239970148225,False
"natural[98,4]",0.624634,0.00376116,0.476053,0.443897,-0.0316071,0.560695,1.50347,18000.3,12772.0,0.774711,1.00027,N111_HPreference_zero_full,111,4,4000,3000,0.99,0,8,0.6422239970148225,False
"natural[98,5]",1.95323,0.00368214,0.507647,0.49959,1.16732,1.92904,2.8288,19621.5,12550.4,0.844485,1.00019,N111_HPreference_zero_full,111,4,4000,3000,0.99,0,8,0.6422239970148225,False
"natural[99,1]",0.0164558,0.000205377,0.0181648,0.0102375,0.00134122,0.0104302,0.0526758,6824.47,11156.3,0.293717,1.00064,N111_HPreference_zero_full,111,4,4000,3000,0.99,0,8,0.6422239970148225,False
"natural[99,2]",3.0514,0.00602902,0.855299,0.820238,1.83605,2.9493,4.60174,20441.0,14072.1,0.879758,0.999903,N111_HPreference_zero_full,111,4,4000,3000,0.99,0,8,0.6422239970148225,False
"natural[99,3]",0.811764,0.00221952,0.263932,0.24171,0.472212,0.766093,1.30994,17386.6,11706.6,0.748297,1.00046,N111_HPreference_zero_full,111,4,4000,3000,0.99,0,8,0.6422239970148225,False
"natural[99,4]",-0.26109,0.00110589,0.152615,0.143582,-0.535406,-0.242516,-0.046357,19713.9,14114.7,0.848461,0.999964,N111_HPreference_zero_full,111,4,4000,3000,0.99,0,8,0.6422239970148225,False
"natural[99,5]",1.97852,0.00507188,0.782643,0.774109,0.73568,1.95344,3.30317,24344.7,12240.8,1.04777,1.00061,N111_HPreference_zero_full,111,4,4000,3000,0.99,0,8,0.6422239970148225,False
"natural[100,1]",0.125085,0.00154117,0.117563,0.0836452,0.0116676,0.0925344,0.353147,4815.89,7099.06,0.20727,1.00078,N111_HPreference_zero_full,111,4,4000,3000,0.99,0,8,0.6422239970148225,False
"natural[100,2]",0.31978,0.00129692,0.179457,0.15781,0.0983784,0.284007,0.664516,16300.3,10637.5,0.701545,1.00006,N111_HPreference_zero_full,111,4,4000,3000,0.99,0,8,0.6422239970148225,False
"natural[100,3]",2.03501,0.0053598,0.682523,0.669788,1.04348,1.9706,3.26827,17838.4,12366.0,0.767743,1.00058,N111_HPreference_zero_full,111,4,4000,3000,0.99,0,8,0.6422239970148225,False
"natural[100,4]",0.894832,0.0034507,0.446134,0.425842,0.275536,0.839784,1.71453,19743.3,10814.7,0.849727,1.00026,N111_HPreference_zero_full,111,4,4000,3000,0.99,0,8,0.6422239970148225,False
"natural[100,5]",3.14562,0.00607708,0.933713,0.926039,1.73598,3.0819,4.78839,25322.2,12312.5,1.08984,1.00012,N111_HPreference_zero_full,111,4,4000,3000,0.99,0,8,0.6422239970148225,False
"natural[101,1]",0.0341078,0.000424373,0.0346839,0.0221059,0.00274317,0.022392,0.106532,5746.7,8521.6,0.247331,1.00067,N111_HPreference_zero_full,111,4,4000,3000,0.99,0,8,0.6422239970148225,False
"natural[101,2]",3.11311,0.00736844,0.970822,0.916705,1.7753,2.98073,4.89504,17216.9,13797.0,0.740994,1.00001,N111_HPreference_zero_full,111,4,4000,3000,0.99,0,8,0.6422239970148225,False
"natural[101,3]",0.65495,0.00153107,0.188126,0.172178,0.410322,0.622419,1.00841,16591.1,13994.4,0.714061,1.00018,N111_HPreference_zero_full,111,4,4000,3000,0.99,0,8,0.6422239970148225,False
"natural[101,4]",-0.35863,0.00164337,0.218914,0.207972,-0.758001,-0.330814,-0.0526462,19472.4,13913.4,0.83807,1.00011,N111_HPreference_zero_full,111,4,4000,3000,0.99,0,8,0.6422239970148225,False
"natural[101,5]",0.139616,0.00527235,0.80386,0.782965,-1.17925,0.152707,1.45054,23358.0,13492.9,1.0053,1.00051,N111_HPreference_zero_full,111,4,4000,3000,0.99,0,8,0.6422239970148225,False
"natural[102,1]",0.366416,0.0026769,0.233156,0.260567,0.0500031,0.331072,0.801384,6623.81,6599.9,0.285081,1.00036,N111_HPreference_zero_full,111,4,4000,3000,0.99,0,8,0.6422239970148225,False
"natural[102,2]",0.327426,0.00278297,0.260298,0.21516,0.0411295,0.260452,0.845565,7028.7,10117.6,0.302507,0.999952,N111_HPreference_zero_full,111,4,4000,3000,0.99,0,8,0.6422239970148225,False
"natural[102,3]",0.268672,0.00762923,0.641983,0.367967,-0.44353,0.114531,1.58808,9970.7,8219.05,0.429127,1.00003,N111_HPreference_zero_full,111,4,4000,3000,0.99,0,8,0.6422239970148225,False
"natural[102,4]",0.0564987,0.00301131,0.35571,0.266957,-0.50841,0.0626,0.62672,15187.3,9818.32,0.653645,0.999879,N111_HPreference_zero_full,111,4,4000,3000,0.99,0,8,0.6422239970148225,False
"natural[102,5]",0.491478,0.00376772,0.48299,0.475122,-0.275536,0.475475,1.31388,16375.6,14029.8,0.704787,1.0001,N111_HPreference_zero_full,111,4,4000,3000,0.99,0,8,0.6422239970148225,False
"natural[103,1]",0.01059,7.56284e-05,0.00862028,0.00674362,0.00149848,0.00831033,0.0272424,12849.4,11339.3,0.553021,0.99996,N111_HPreference_zero_full,111,4,4000,3000,0.99,0,8,0.6422239970148225,False
"natural[103,2]",2.8463,0.0059261,0.805336,0.77481,1.66406,2.77578,4.2865,18211.5,13056.2,0.783802,1.00008,N111_HPreference_zero_full,111,4,4000,3000,0.99,0,8,0.6422239970148225,False
"natural[103,3]",1.01909,0.00278576,0.337364,0.320643,0.558382,0.970069,1.6431,16219.0,12526.9,0.698047,1.0004,N111_HPreference_zero_full,111,4,4000,3000,0.99,0,8,0.6422239970148225,False
"natural[103,4]",0.145441,0.000326709,0.0419656,0.038505,0.0699874,0.149778,0.205275,16992.8,14475.3,0.731351,1.00024,N111_HPreference_zero_full,111,4,4000,3000,0.99,0,8,0.6422239970148225,False
"natural[103,5]",2.26804,0.00409598,0.645023,0.63325,1.24898,2.24543,3.35784,25366.9,12430.3,1.09176,1.00027,N111_HPreference_zero_full,111,4,4000,3000,0.99,0,8,0.6422239970148225,False
"natural[104,1]",0.051311,0.000381248,0.040475,0.0310938,0.00827384,0.0414045,0.126003,9517.14,10600.9,0.409606,1.00021,N111_HPreference_zero_full,111,4,4000,3000,0.99,0,8,0.6422239970148225,False
"natural[104,2]",0.785807,0.00280271,0.328817,0.306263,0.339753,0.736923,1.40018,12172.1,11437.1,0.52387,1.00037,N111_HPreference_zero_full,111,4,4000,3000,0.99,0,8,0.6422239970148225,False
"natural[104,3]",0.353304,0.00135157,0.15843,0.124502,0.145652,0.331309,0.638763,15803.9,11456.1,0.68018,1.0002,N111_HPreference_zero_full,111,4,4000,3000,0.99,0,8,0.6422239970148225,False
"natural[104,4]",-0.286515,0.0017716,0.198453,0.186567,-0.65091,-0.263041,-0.0103397,14295.6,11437.4,0.615267,1.00046,N111_HPreference_zero_full,111,4,4000,3000,0.99,0,8,0.6422239970148225,False
"natural[104,5]",0.712349,0.00330964,0.459667,0.463983,-0.0353653,0.706278,1.47845,19264.6,12933.6,0.829123,0.999882,N111_HPreference_zero_full,111,4,4000,3000,0.99,0,8,0.6422239970148225,False
"natural[105,1]",0.142172,0.00213469,0.152151,0.0811811,0.015207,0.0924638,0.458359,5637.33,7409.4,0.242624,1.00032,N111_HPreference_zero_full,111,4,4000,3000,0.99,0,8,0.6422239970148225,False
"natural[105,2]",0.320506,0.00168324,0.178581,0.165901,0.0747429,0.292929,0.652736,9276.02,7269.41,0.399228,1.00038,N111_HPreference_zero_full,111,4,4000,3000,0.99,0,8,0.6422239970148225,False
"natural[105,3]",0.160656,0.00548234,0.44382,0.260196,-0.374455,0.109235,0.838937,10487.6,6233.31,0.451373,1.00075,N111_HPreference_zero_full,111,4,4000,3000,0.99,0,8,0.6422239970148225,False
"natural[105,4]",-0.358947,0.00321535,0.330654,0.27206,-0.882146,-0.345849,0.0776113,13131.6,7705.89,0.565167,1.00036,N111_HPreference_zero_full,111,4,4000,3000,0.99,0,8,0.6422239970148225,False
"natural[105,5]",1.09874,0.00379478,0.450572,0.450958,0.376795,1.09076,1.84952,13983.4,11711.9,0.60183,1.00025,N111_HPreference_zero_full,111,4,4000,3000,0.99,0,8,0.6422239970148225,False
"natural[106,1]",0.198805,0.00189993,0.183201,0.129827,0.0190613,0.138607,0.593017,9719.75,10848.8,0.418326,1.0007,N111_HPreference_zero_full,111,4,4000,3000,0.99,0,8,0.6422239970148225,False
"natural[106,2]",0.228687,0.00146419,0.178533,0.138413,0.039945,0.180356,0.583171,13181.9,11313.0,0.567333,1.00031,N111_HPreference_zero_full,111,4,4000,3000,0.99,0,8,0.6422239970148225,False
"natural[106,3]",1.27888,0.00702914,0.785369,0.729422,0.273121,1.134,2.7624,14528.0,11849.9,0.625269,1.0004,N111_HPreference_zero_full,111,4,4000,3000,0.99,0,8,0.6422239970148225,False
"natural[106,4]",0.424046,0.00424964,0.499671,0.442777,-0.256312,0.340432,1.36513,15374.4,11760.6,0.661697,1.00022,N111_HPreference_zero_full,111,4,4000,3000,0.99,0,8,0.6422239970148225,False
"natural[106,5]",2.42342,0.00509371,0.765152,0.740947,1.24878,2.37777,3.75134,23328.2,12689.4,1.00402,1.00034,N111_HPreference_zero_full,111,4,4000,3000,0.99,0,8,0.6422239970148225,False
"natural[107,1]",0.0291072,0.000287926,0.0304493,0.0183131,0.00281173,0.0198049,0.0864601,11593.8,12972.8,0.498982,0.999903,N111_HPreference_zero_full,111,4,4000,3000,0.99,0,8,0.6422239970148225,False
"natural[107,2]",1.72648,0.0048857,0.650873,0.625478,0.806463,1.65285,2.90338,16684.1,11991.0,0.718062,1.00041,N111_HPreference_zero_full,111,4,4000,3000,0.99,0,8,0.6422239970148225,False
"natural[107,3]",0.388204,0.00108787,0.127538,0.103875,0.226669,0.367223,0.623128,15474.9,12703.3,0.66602,1.00001,N111_HPreference_zero_full,111,4,4000,3000,0.99,0,8,0.6422239970148225,False
"natural[107,4]",-0.353855,0.00147697,0.206382,0.198741,-0.722839,-0.334515,-0.0579181,21434.8,13395.0,0.922529,1.00022,N111_HPreference_zero_full,111,4,4000,3000,0.99,0,8,0.6422239970148225,False
"natural[107,5]",1.99274,0.00529882,0.788119,0.761045,0.752913,1.95975,3.36422,22470.9,12207.1,0.967121,1.00028,N111_HPreference_zero_full,111,4,4000,3000,0.99,0,8,0.6422239970148225,False
"natural[108,1]",0.018282,0.000146445,0.0147968,0.0123614,0.00215042,0.0144184,0.0470233,8929.34,10139.3,0.384308,1.00016,N111_HPreference_zero_full,111,4,4000,3000,0.99,0,8,0.6422239970148225,False
"natural[108,2]",3.55745,0.00654457,0.940414,0.914861,2.17269,3.47597,5.22532,20551.6,14391.2,0.884515,0.999989,N111_HPreference_zero_full,111,4,4000,3000,0.99,0,8,0.6422239970148225,False
"natural[108,3]",0.156075,0.000301171,0.038575,0.0360823,0.0879451,0.15961,0.211779,16731.4,14753.3,0.720101,1.00009,N111_HPreference_zero_full,111,4,4000,3000,0.99,0,8,0.6422239970148225,False
"natural[108,4]",0.038915,0.000533776,0.0650705,0.0590667,-0.0788296,0.0470894,0.128511,15705.3,13281.2,0.675937,0.99992,N111_HPreference_zero_full,111,4,4000,3000,0.99,0,8,0.6422239970148225,False
"natural[108,5]",3.6561,0.00435236,0.692382,0.690162,2.57408,3.63271,4.83389,26101.0,12424.2,1.12336,1.0004,N111_HPreference_zero_full,111,4,4000,3000,0.99,0,8,0.6422239970148225,False
"natural[109,1]",0.0280625,0.000178814,0.0198535,0.0167644,0.00513808,0.0238744,0.0643028,10918.7,11093.0,0.469929,1.00034,N111_HPreference_zero_full,111,4,4000,3000,0.99,0,8,0.6422239970148225,False
"natural[109,2]",1.14834,0.00337214,0.411203,0.402947,0.549621,1.10786,1.88881,13692.7,11725.6,0.589319,0.999957,N111_HPreference_zero_full,111,4,4000,3000,0.99,0,8,0.6422239970148225,False
"natural[109,3]",0.848979,0.00255252,0.273929,0.250223,0.496593,0.800875,1.36159,14104.7,10763.2,0.60705,1.00003,N111_HPreference_zero_full,111,4,4000,3000,0.99,0,8,0.6422239970148225,False
"natural[109,4]",0.0497439,0.000781094,0.101002,0.0886749,-0.126623,0.0590468,0.193035,17238.8,12707.7,0.741937,1.00015,N111_HPreference_zero_full,111,4,4000,3000,0.99,0,8,0.6422239970148225,False
"natural[109,5]",1.48169,0.00372932,0.517539,0.512108,0.642057,1.47128,2.33825,19295.0,12252.2,0.830434,1.00011,N111_HPreference_zero_full,111,4,4000,3000,0.99,0,8,0.6422239970148225,False
"natural[110,1]",0.396708,0.00347521,0.262637,0.301481,0.0535544,0.344048,0.87616,5618.95,9943.13,0.241833,1.00077,N111_HPreference_zero_full,111,4,4000,3000,0.99,0,8,0.6422239970148225,False
"natural[110,2]",0.0846711,0.000821159,0.0831389,0.045643,0.0135308,0.058839,0.246495,10976.4,12171.9,0.47241,1.00023,N111_HPreference_zero_full,111,4,4000,3000,0.99,0,8,0.6422239970148225,False
"natural[110,3]",1.41488,0.00822827,0.919151,0.952653,0.123899,1.32558,3.06935,13111.1,11647.9,0.564286,1.00019,N111_HPreference_zero_full,111,4,4000,3000,0.99,0,8,0.6422239970148225,False
"natural[110,4]",0.517012,0.00414911,0.530806,0.489026,-0.279005,0.468816,1.45973,16970.8,12565.2,0.730401,1.00032,N111_HPreference_zero_full,111,4,4000,3000,0.99,0,8,0.6422239970148225,False
"natural[110,5]",0.459396,0.00273399,0.366404,0.365078,-0.126113,0.455599,1.06645,17967.9,14054.8,0.773318,1.00008,N111_HPreference_zero_full,111,4,4000,3000,0.99,0,8,0.6422239970148225,False
"natural[111,1]",0.0245531,0.000271735,0.0246386,0.0153085,0.00272389,0.0172393,0.0709888,8658.98,10617.1,0.372672,1.00017,N111_HPreference_zero_full,111,4,4000,3000,0.99,0,8,0.6422239970148225,False
"natural[111,2]",1.14817,0.00261318,0.351164,0.349912,0.626137,1.11766,1.77106,17257.5,12279.9,0.742742,0.999951,N111_HPreference_zero_full,111,4,4000,3000,0.99,0,8,0.6422239970148225,False
"natural[111,3]",0.116319,0.000821324,0.103089,0.0911272,-0.0617138,0.124258,0.265945,16557.9,13237.2,0.712631,0.999894,N111_HPreference_zero_full,111,4,4000,3000,0.99,0,8,0.6422239970148225,False
"natural[111,4]",-0.468408,0.00157638,0.200198,0.191534,-0.832191,-0.44658,-0.184864,18515.9,11731.2,0.7969,1.0003,N111_HPreference_zero_full,111,4,4000,3000,0.99,0,8,0.6422239970148225,False
"natural[111,5]",2.92763,0.00399831,0.612319,0.604888,1.95791,2.90529,3.97193,23673.3,13423.8,1.01887,1.0002,N111_HPreference_zero_full,111,4,4000,3000,0.99,0,8,0.6422239970148225,False
"Omega[1,2]",-0.633704,0.00357005,0.132869,0.129118,-0.823811,-0.648897,-0.390053,1419.89,2979.2,0.0611104,1.0025,N111_HPreference_zero_full,111,4,4000,3000,0.99,0,8,0.6422239970148225,False
"Omega[1,3]",0.234415,0.00762077,0.19776,0.198293,-0.112754,0.248501,0.540012,666.857,1551.26,0.0287007,1.00368,N111_HPreference_zero_full,111,4,4000,3000,0.99,0,8,0.6422239970148225,False
"Omega[1,4]",0.249048,0.00769879,0.202053,0.204849,-0.107106,0.264422,0.556844,685.326,1744.49,0.0294956,1.00459,N111_HPreference_zero_full,111,4,4000,3000,0.99,0,8,0.6422239970148225,False
"Omega[1,5]",-0.282655,0.00418304,0.149542,0.151686,-0.519697,-0.28791,-0.0287445,1280.39,3660.1,0.0551062,1.00154,N111_HPreference_zero_full,111,4,4000,3000,0.99,0,8,0.6422239970148225,False
"Omega[2,1]",-0.633704,0.00357005,0.132869,0.129118,-0.823811,-0.648897,-0.390053,1419.89,2979.2,0.0611104,1.0025,N111_HPreference_zero_full,111,4,4000,3000,0.99,0,8,0.6422239970148225,False
"Omega[2,3]",-0.493852,0.00146756,0.0956177,0.0951793,-0.63929,-0.500645,-0.327844,4256.41,7413.4,0.183191,1.00143,N111_HPreference_zero_full,111,4,4000,3000,0.99,0,8,0.6422239970148225,False
"Omega[2,4]",-0.386811,0.00164038,0.108999,0.109642,-0.556268,-0.391367,-0.200595,4355.82,7968.27,0.187469,1.00146,N111_HPreference_zero_full,111,4,4000,3000,0.99,0,8,0.6422239970148225,False
"Omega[2,5]",0.121081,0.00121743,0.107506,0.107562,-0.0614663,0.122695,0.29493,7861.18,11308.5,0.338336,0.999889,N111_HPreference_zero_full,111,4,4000,3000,0.99,0,8,0.6422239970148225,False
"Omega[3,1]",0.234415,0.00762077,0.19776,0.198293,-0.112754,0.248501,0.540012,666.857,1551.26,0.0287007,1.00368,N111_HPreference_zero_full,111,4,4000,3000,0.99,0,8,0.6422239970148225,False
"Omega[3,2]",-0.493852,0.00146756,0.0956177,0.0951793,-0.63929,-0.500645,-0.327844,4256.41,7413.4,0.183191,1.00143,N111_HPreference_zero_full,111,4,4000,3000,0.99,0,8,0.6422239970148225,False
"Omega[3,4]",0.848687,0.000717697,0.0513393,0.0482633,0.754685,0.855826,0.919595,5020.95,8757.91,0.216096,1.00136,N111_HPreference_zero_full,111,4,4000,3000,0.99,0,8,0.6422239970148225,False
"Omega[3,5]",0.147219,0.00129177,0.114841,0.114954,-0.0451153,0.147604,0.335793,7937.41,10767.7,0.341616,1.00017,N111_HPreference_zero_full,111,4,4000,3000,0.99,0,8,0.6422239970148225,False
"Omega[4,1]",0.249048,0.00769879,0.202053,0.204849,-0.107106,0.264422,0.556844,685.326,1744.49,0.0294956,1.00459,N111_HPreference_zero_full,111,4,4000,3000,0.99,0,8,0.6422239970148225,False
"Omega[4,2]",-0.386811,0.00164038,0.108999,0.109642,-0.556268,-0.391367,-0.200595,4355.82,7968.27,0.187469,1.00146,N111_HPreference_zero_full,111,4,4000,3000,0.99,0,8,0.6422239970148225,False
"Omega[4,3]",0.848687,0.000717697,0.0513393,0.0482633,0.754685,0.855826,0.919595,5020.95,8757.91,0.216096,1.00136,N111_HPreference_zero_full,111,4,4000,3000,0.99,0,8,0.6422239970148225,False
"Omega[4,5]",0.295174,0.00122685,0.108653,0.109617,0.110125,0.299095,0.468517,7901.27,11579.4,0.340061,1.00075,N111_HPreference_zero_full,111,4,4000,3000,0.99,0,8,0.6422239970148225,False
"Omega[5,1]",-0.282655,0.00418304,0.149542,0.151686,-0.519697,-0.28791,-0.0287445,1280.39,3660.1,0.0551062,1.00154,N111_HPreference_zero_full,111,4,4000,3000,0.99,0,8,0.6422239970148225,False
"Omega[5,2]",0.121081,0.00121743,0.107506,0.107562,-0.0614663,0.122695,0.29493,7861.18,11308.5,0.338336,0.999889,N111_HPreference_zero_full,111,4,4000,3000,0.99,0,8,0.6422239970148225,False
"Omega[5,3]",0.147219,0.00129177,0.114841,0.114954,-0.0451153,0.147604,0.335793,7937.41,10767.7,0.341616,1.00017,N111_HPreference_zero_full,111,4,4000,3000,0.99,0,8,0.6422239970148225,False
"Omega[5,4]",0.295174,0.00122685,0.108653,0.109617,0.110125,0.299095,0.468517,7901.27,11579.4,0.340061,1.00075,N111_HPreference_zero_full,111,4,4000,3000,0.99,0,8,0.6422239970148225,False
