parameter,Mean,MCSE,StdDev,MAD,5%,50%,95%,ESS_bulk,ESS_tail,ESS_bulk/s,R_hat,run,n_subjects,chains,draws_per_chain,warmup_per_chain,adapt_delta,divergences,max_depth_hits,min_bfmi,passed
mu[1],-3.06777,0.00372172,0.257611,0.249737,-3.51137,-3.05271,-2.66807,4801.95,8730.37,0.343627,1.00101,N111_H7_zero_full,111,4,4000,3000,0.99,0,0,0.6883582985245386,True
mu[2],-0.47575,0.00146671,0.127912,0.126247,-0.691063,-0.472002,-0.270718,7663.22,8909.22,0.548378,1.0005,N111_H7_zero_full,111,4,4000,3000,0.99,0,0,0.6883582985245386,True
mu[3],1.89818,0.00395501,0.319914,0.315534,1.39878,1.88586,2.4459,6528.59,9737.56,0.467185,1.00081,N111_H7_zero_full,111,4,4000,3000,0.99,0,0,0.6883582985245386,True
mu[4],-1.39522,0.0047804,0.437874,0.437848,-2.14008,-1.38148,-0.704048,8426.84,10681.5,0.603023,1.00037,N111_H7_zero_full,111,4,4000,3000,0.99,0,0,0.6883582985245386,True
mu[5],1.84378,0.00154794,0.147114,0.14652,1.60672,1.84426,2.08625,9092.76,10637.9,0.650676,0.999944,N111_H7_zero_full,111,4,4000,3000,0.99,0,0,0.6883582985245386,True
tau[1],1.36484,0.00288028,0.218601,0.211746,1.02949,1.35048,1.74438,5730.34,9696.5,0.410062,1.00037,N111_H7_zero_full,111,4,4000,3000,0.99,0,0,0.6883582985245386,True
tau[2],1.18622,0.00143198,0.101347,0.101025,1.02835,1.18251,1.36002,5074.1,8961.42,0.363102,1.00012,N111_H7_zero_full,111,4,4000,3000,0.99,0,0,0.6883582985245386,True
tau[3],2.6025,0.00306398,0.279661,0.279309,2.17244,2.58734,3.09029,8324.14,11821.6,0.595674,1.0001,N111_H7_zero_full,111,4,4000,3000,0.99,0,0,0.6883582985245386,True
tau[4],3.4435,0.00296089,0.366574,0.36321,2.8751,3.42777,4.07158,15342.4,12513.3,1.0979,1.00003,N111_H7_zero_full,111,4,4000,3000,0.99,0,0,0.6883582985245386,True
tau[5],1.33315,0.00138227,0.128099,0.126677,1.13113,1.32867,1.55111,8552.77,10668.9,0.612034,1.0002,N111_H7_zero_full,111,4,4000,3000,0.99,0,0,0.6883582985245386,True
"natural[1,1]",0.0578384,0.000538325,0.0518526,0.0390635,0.00597708,0.0425751,0.162975,8498.19,11586.1,0.608129,1.00027,N111_H7_zero_full,111,4,4000,3000,0.99,0,0,0.6883582985245386,True
"natural[1,2]",1.32597,0.00368384,0.498781,0.466791,0.6176,1.26719,2.22626,18101.9,13509.0,1.29537,1.00008,N111_H7_zero_full,111,4,4000,3000,0.99,0,0,0.6883582985245386,True
"natural[1,3]",2.74293,0.00817111,1.03688,0.996333,1.32353,2.59217,4.66933,18270.1,12201.5,1.3074,1.00018,N111_H7_zero_full,111,4,4000,3000,0.99,0,0,0.6883582985245386,True
"natural[1,4]",0.167667,0.00102718,0.143632,0.13337,0.00947705,0.133685,0.434194,18294.9,13472.8,1.30918,0.999947,N111_H7_zero_full,111,4,4000,3000,0.99,0,0,0.6883582985245386,True
"natural[1,5]",1.16944,0.00432303,0.674304,0.662393,0.0946288,1.16106,2.2973,24674.0,12913.9,1.76567,1.00005,N111_H7_zero_full,111,4,4000,3000,0.99,0,0,0.6883582985245386,True
"natural[2,1]",0.122005,0.000935356,0.107949,0.0778865,0.0146285,0.0916496,0.334375,13352.7,11630.4,0.955513,0.999972,N111_H7_zero_full,111,4,4000,3000,0.99,0,0,0.6883582985245386,True
"natural[2,2]",0.490983,0.00221918,0.297227,0.283657,0.110766,0.43487,1.05837,15002.9,9878.58,1.0736,1.00058,N111_H7_zero_full,111,4,4000,3000,0.99,0,0,0.6883582985245386,True
"natural[2,3]",2.268,0.0115428,1.32311,1.08437,0.734698,1.95455,4.88207,16839.3,10374.3,1.20502,1.00022,N111_H7_zero_full,111,4,4000,3000,0.99,0,0,0.6883582985245386,True
"natural[2,4]",0.309153,0.00521872,0.565715,0.154544,0.00549756,0.123679,1.22173,19411.3,11395.3,1.38907,1.00005,N111_H7_zero_full,111,4,4000,3000,0.99,0,0,0.6883582985245386,True
"natural[2,5]",1.67657,0.00423905,0.650023,0.644861,0.659483,1.65308,2.78861,23841.4,13568.8,1.70609,1.00007,N111_H7_zero_full,111,4,4000,3000,0.99,0,0,0.6883582985245386,True
"natural[3,1]",0.0585017,0.000550491,0.0544075,0.0373322,0.0065081,0.0459069,0.148368,10163.0,9998.62,0.727262,0.999923,N111_H7_zero_full,111,4,4000,3000,0.99,0,0,0.6883582985245386,True
"natural[3,2]",0.871078,0.00365772,0.380592,0.367639,0.292468,0.839361,1.53554,9703.4,7612.17,0.694373,1.00029,N111_H7_zero_full,111,4,4000,3000,0.99,0,0,0.6883582985245386,True
"natural[3,3]",0.593855,0.00616345,0.464064,0.252137,0.150733,0.521465,1.20376,12246.2,8110.47,0.876335,1.00029,N111_H7_zero_full,111,4,4000,3000,0.99,0,0,0.6883582985245386,True
"natural[3,4]",0.151635,0.00249202,0.232801,0.107715,0.00197876,0.0812378,0.472349,11892.8,10937.0,0.851049,1.00025,N111_H7_zero_full,111,4,4000,3000,0.99,0,0,0.6883582985245386,True
"natural[3,5]",3.64117,0.00527763,0.737073,0.728558,2.48833,3.60999,4.90668,19466.7,12925.9,1.39303,1.00014,N111_H7_zero_full,111,4,4000,3000,0.99,0,0,0.6883582985245386,True
"natural[4,1]",0.0201833,0.000157602,0.0168601,0.0125818,0.00287609,0.0157105,0.0526289,9944.66,10989.3,0.711638,1.00021,N111_H7_zero_full,111,4,4000,3000,0.99,0,0,0.6883582985245386,True
"natural[4,2]",0.952378,0.00218254,0.298569,0.297858,0.498374,0.931093,1.47308,18397.0,13181.7,1.31649,1.00024,N111_H7_zero_full,111,4,4000,3000,0.99,0,0,0.6883582985245386,True
"natural[4,3]",2.81879,0.00776953,0.970608,0.92744,1.48823,2.68315,4.59971,18610.8,11609.1,1.33178,1.00039,N111_H7_zero_full,111,4,4000,3000,0.99,0,0,0.6883582985245386,True
"natural[4,4]",0.142988,0.000872412,0.119355,0.10494,0.0118599,0.114897,0.366376,19620.4,13947.7,1.40403,0.999988,N111_H7_zero_full,111,4,4000,3000,0.99,0,0,0.6883582985245386,True
"natural[4,5]",2.6317,0.00400114,0.598963,0.593036,1.68284,2.60712,3.66166,22596.1,12551.2,1.61697,1.00065,N111_H7_zero_full,111,4,4000,3000,0.99,0,0,0.6883582985245386,True
"natural[5,1]",0.0363466,0.000517311,0.0498382,0.0199344,0.00407875,0.023632,0.104161,12401.5,10296.4,0.887445,1.00023,N111_H7_zero_full,111,4,4000,3000,0.99,0,0,0.6883582985245386,True
"natural[5,2]",1.32145,0.00481074,0.568317,0.554201,0.447394,1.28231,2.31466,12449.5,8237.6,0.890881,1.00027,N111_H7_zero_full,111,4,4000,3000,0.99,0,0,0.6883582985245386,True
"natural[5,3]",0.555015,0.00399406,0.402433,0.222742,0.14415,0.493102,1.08819,14585.0,9059.81,1.0437,1.00028,N111_H7_zero_full,111,4,4000,3000,0.99,0,0,0.6883582985245386,True
"natural[5,4]",0.0506776,0.00114766,0.125325,0.0203993,0.000475405,0.0153644,0.213664,15577.3,12588.7,1.11471,1.00041,N111_H7_zero_full,111,4,4000,3000,0.99,0,0,0.6883582985245386,True
"natural[5,5]",1.34995,0.00469769,0.670245,0.648334,0.264169,1.33359,2.48277,20494.5,11775.6,1.46658,1.00021,N111_H7_zero_full,111,4,4000,3000,0.99,0,0,0.6883582985245386,True
"natural[6,1]",0.0664164,0.000501544,0.0519668,0.042597,0.00937772,0.0535639,0.167144,10046.8,10322.0,0.718947,1.00054,N111_H7_zero_full,111,4,4000,3000,0.99,0,0,0.6883582985245386,True
"natural[6,2]",0.537979,0.00174962,0.231976,0.227969,0.212794,0.507781,0.963685,16167.9,11433.6,1.15697,0.999981,N111_H7_zero_full,111,4,4000,3000,0.99,0,0,0.6883582985245386,True
"natural[6,3]",3.02569,0.00900272,1.1363,1.06215,1.50347,2.84728,5.14495,18946.1,11344.1,1.35578,0.999988,N111_H7_zero_full,111,4,4000,3000,0.99,0,0,0.6883582985245386,True
"natural[6,4]",0.26054,0.00226945,0.281437,0.184176,0.0135021,0.179482,0.768977,17608.7,13350.5,1.26008,1.00005,N111_H7_zero_full,111,4,4000,3000,0.99,0,0,0.6883582985245386,True
"natural[6,5]",1.40042,0.00307114,0.473046,0.47486,0.654878,1.38085,2.21355,23870.8,13560.4,1.70819,0.999896,N111_H7_zero_full,111,4,4000,3000,0.99,0,0,0.6883582985245386,True
"natural[7,1]",0.0571287,0.000604225,0.0604429,0.0359543,0.00485527,0.0375226,0.177799,8699.4,10929.3,0.622527,1.00013,N111_H7_zero_full,111,4,4000,3000,0.99,0,0,0.6883582985245386,True
"natural[7,2]",0.349181,0.00114477,0.160508,0.147045,0.141597,0.321004,0.650795,19685.0,10744.8,1.40865,1.00025,N111_H7_zero_full,111,4,4000,3000,0.99,0,0,0.6883582985245386,True
"natural[7,3]",6.03945,0.0131978,1.80758,1.78174,3.29976,5.91237,9.22775,19636.6,12983.5,1.40519,1.00003,N111_H7_zero_full,111,4,4000,3000,0.99,0,0,0.6883582985245386,True
"natural[7,4]",4.99086,0.014294,2.05926,2.04465,2.06461,4.75123,8.7191,24071.2,11861.8,1.72253,1.00003,N111_H7_zero_full,111,4,4000,3000,0.99,0,0,0.6883582985245386,True
"natural[7,5]",3.32995,0.00653204,1.00588,1.0057,1.79311,3.26968,5.07579,25047.6,13306.2,1.7924,1.0002,N111_H7_zero_full,111,4,4000,3000,0.99,0,0,0.6883582985245386,True
"natural[8,1]",0.0659293,0.000693852,0.0744617,0.0381567,0.00680673,0.0430988,0.203936,11592.0,12179.7,0.82952,1.00018,N111_H7_zero_full,111,4,4000,3000,0.99,0,0,0.6883582985245386,True
"natural[8,2]",0.427656,0.00219549,0.252434,0.256502,0.0887335,0.39214,0.896759,11500.4,10258.7,0.822965,1.00002,N111_H7_zero_full,111,4,4000,3000,0.99,0,0,0.6883582985245386,True
"natural[8,3]",1.60688,0.0119521,1.12781,0.696153,0.493102,1.29294,3.86451,13149.1,8697.3,0.94095,1.00033,N111_H7_zero_full,111,4,4000,3000,0.99,0,0,0.6883582985245386,True
"natural[8,4]",0.291479,0.00586083,0.567859,0.147206,0.00487684,0.118954,1.09794,14963.0,10192.7,1.07075,1.00014,N111_H7_zero_full,111,4,4000,3000,0.99,0,0,0.6883582985245386,True
"natural[8,5]",2.77811,0.00424017,0.636655,0.633462,1.79365,2.74162,3.88533,23201.2,11200.8,1.66027,1.0,N111_H7_zero_full,111,4,4000,3000,0.99,0,0,0.6883582985245386,True
"natural[9,1]",0.150681,0.00138768,0.14243,0.0994876,0.0144783,0.104995,0.449108,9722.43,10884.8,0.695735,1.0003,N111_H7_zero_full,111,4,4000,3000,0.99,0,0,0.6883582985245386,True
"natural[9,2]",0.155684,0.00081518,0.114208,0.0953861,0.0276338,0.127001,0.383022,16056.6,12177.4,1.14901,0.999899,N111_H7_zero_full,111,4,4000,3000,0.99,0,0,0.6883582985245386,True
"natural[9,3]",2.26377,0.0172001,1.80411,1.45904,0.278321,1.76831,5.82901,14589.6,9881.92,1.04403,1.00025,N111_H7_zero_full,111,4,4000,3000,0.99,0,0,0.6883582985245386,True
"natural[9,4]",0.658268,0.0120378,1.19907,0.253857,0.00375518,0.185051,3.0783,15946.8,10679.2,1.14115,1.00003,N111_H7_zero_full,111,4,4000,3000,0.99,0,0,0.6883582985245386,True
"natural[9,5]",2.01481,0.00353789,0.504157,0.49412,1.22487,1.99429,2.88305,20652.1,14089.9,1.47786,0.999896,N111_H7_zero_full,111,4,4000,3000,0.99,0,0,0.6883582985245386,True
"natural[10,1]",0.38621,0.00167719,0.172883,0.177538,0.103141,0.381152,0.684355,10156.9,7362.03,0.726825,0.999971,N111_H7_zero_full,111,4,4000,3000,0.99,0,0,0.6883582985245386,True
"natural[10,2]",0.451895,0.00263425,0.277847,0.271702,0.0877201,0.406363,0.97017,9528.2,10956.2,0.681836,1.00022,N111_H7_zero_full,111,4,4000,3000,0.99,0,0,0.6883582985245386,True
"natural[10,3]",1.8848,0.0142012,1.45879,1.10384,0.299474,1.49231,4.82622,12045.2,10334.3,0.861952,1.00007,N111_H7_zero_full,111,4,4000,3000,0.99,0,0,0.6883582985245386,True
"natural[10,4]",0.33234,0.00667445,0.71006,0.114813,0.00149994,0.0833484,1.51439,11399.0,11078.6,0.81571,0.99992,N111_H7_zero_full,111,4,4000,3000,0.99,0,0,0.6883582985245386,True
"natural[10,5]",1.27368,0.00447023,0.596566,0.587275,0.327609,1.25514,2.2888,17723.0,14226.9,1.26825,1.00002,N111_H7_zero_full,111,4,4000,3000,0.99,0,0,0.6883582985245386,True
"natural[11,1]",0.0486833,0.000210267,0.0238868,0.023971,0.0126115,0.0466683,0.0904761,11238.8,7593.36,0.804244,1.00006,N111_H7_zero_full,111,4,4000,3000,0.99,0,0,0.6883582985245386,True
"natural[11,2]",2.80321,0.00588689,0.758469,0.697527,1.75229,2.70771,4.14251,16277.8,13895.3,1.16484,1.00006,N111_H7_zero_full,111,4,4000,3000,0.99,0,0,0.6883582985245386,True
"natural[11,3]",0.253354,0.0012363,0.134969,0.153885,0.0320045,0.256369,0.471382,11805.7,9668.43,0.844813,1.00034,N111_H7_zero_full,111,4,4000,3000,0.99,0,0,0.6883582985245386,True
"natural[11,4]",0.0175586,0.000338129,0.0369337,0.00480913,7.38525e-05,0.00348742,0.0911695,12427.4,12597.0,0.8893,1.00031,N111_H7_zero_full,111,4,4000,3000,0.99,0,0,0.6883582985245386,True
"natural[11,5]",0.627833,0.00385182,0.611477,0.607723,-0.374642,0.627679,1.6308,25226.3,13228.7,1.80519,1.00035,N111_H7_zero_full,111,4,4000,3000,0.99,0,0,0.6883582985245386,True
"natural[12,1]",0.0201329,0.000152562,0.0172875,0.0126303,0.00279398,0.0153973,0.0530671,10810.9,10692.6,0.773622,0.999896,N111_H7_zero_full,111,4,4000,3000,0.99,0,0,0.6883582985245386,True
"natural[12,2]",1.43155,0.00257757,0.34422,0.339078,0.895822,1.41709,2.01792,17665.1,13812.6,1.26411,1.00016,N111_H7_zero_full,111,4,4000,3000,0.99,0,0,0.6883582985245386,True
"natural[12,3]",0.184277,0.000819654,0.111363,0.119,0.0254938,0.174012,0.382835,16213.6,10314.9,1.16024,1.00027,N111_H7_zero_full,111,4,4000,3000,0.99,0,0,0.6883582985245386,True
"natural[12,4]",0.019955,0.000311204,0.0365926,0.00761797,0.000146297,0.00566527,0.0950011,15902.0,12869.6,1.13794,1.00006,N111_H7_zero_full,111,4,4000,3000,0.99,0,0,0.6883582985245386,True
"natural[12,5]",2.26585,0.00340317,0.511035,0.508665,1.45455,2.2562,3.12792,22715.6,13675.0,1.62552,1.00037,N111_H7_zero_full,111,4,4000,3000,0.99,0,0,0.6883582985245386,True
"natural[13,1]",0.0404889,0.000259704,0.0312702,0.0262282,0.00589156,0.0328039,0.100581,11887.0,11036.7,0.850633,0.999926,N111_H7_zero_full,111,4,4000,3000,0.99,0,0,0.6883582985245386,True
"natural[13,2]",0.978468,0.00315212,0.387665,0.368269,0.41744,0.939881,1.66568,14185.5,10082.4,1.01511,1.00007,N111_H7_zero_full,111,4,4000,3000,0.99,0,0,0.6883582985245386,True
"natural[13,3]",1.32994,0.00555233,0.57523,0.413551,0.714128,1.19233,2.40777,16835.0,9360.74,1.20471,1.00028,N111_H7_zero_full,111,4,4000,3000,0.99,0,0,0.6883582985245386,True
"natural[13,4]",0.123139,0.00111543,0.135385,0.0945937,0.0027394,0.075342,0.37914,15038.8,12475.2,1.07617,1.00005,N111_H7_zero_full,111,4,4000,3000,0.99,0,0,0.6883582985245386,True
"natural[13,5]",0.855816,0.00350147,0.496924,0.498413,0.0533063,0.851143,1.68805,20031.6,13564.4,1.43346,1.00021,N111_H7_zero_full,111,4,4000,3000,0.99,0,0,0.6883582985245386,True
"natural[14,1]",0.050488,0.000330142,0.0359938,0.0296744,0.00890833,0.0429165,0.11646,9354.24,8511.69,0.669387,1.00023,N111_H7_zero_full,111,4,4000,3000,0.99,0,0,0.6883582985245386,True
"natural[14,2]",1.07626,0.00209569,0.280998,0.275027,0.639722,1.06414,1.56246,17978.9,12738.7,1.28656,1.00015,N111_H7_zero_full,111,4,4000,3000,0.99,0,0,0.6883582985245386,True
"natural[14,3]",0.0813955,0.000469207,0.0694079,0.0566797,0.00773986,0.0630406,0.217511,19085.0,11339.6,1.36572,1.00004,N111_H7_zero_full,111,4,4000,3000,0.99,0,0,0.6883582985245386,True
"natural[14,4]",0.0184643,0.000437691,0.0491007,0.00285991,3.50472e-05,0.00203624,0.103405,14809.3,12713.8,1.05975,1.00007,N111_H7_zero_full,111,4,4000,3000,0.99,0,0,0.6883582985245386,True
"natural[14,5]",1.73305,0.00336726,0.482413,0.477507,0.961619,1.72202,2.54812,20477.5,12975.8,1.46536,1.00008,N111_H7_zero_full,111,4,4000,3000,0.99,0,0,0.6883582985245386,True
"natural[15,1]",0.109702,0.000735541,0.0890252,0.0697064,0.0149494,0.0862066,0.280856,13053.0,10839.8,0.934071,1.00025,N111_H7_zero_full,111,4,4000,3000,0.99,0,0,0.6883582985245386,True
"natural[15,2]",0.254094,0.00107281,0.147245,0.134032,0.0722707,0.224922,0.533583,16844.9,11840.8,1.20542,1.00011,N111_H7_zero_full,111,4,4000,3000,0.99,0,0,0.6883582985245386,True
"natural[15,3]",3.49142,0.0131109,1.60711,1.51428,1.40059,3.21861,6.46993,18414.9,11653.6,1.31777,1.00043,N111_H7_zero_full,111,4,4000,3000,0.99,0,0,0.6883582985245386,True
"natural[15,4]",1.05499,0.00948553,1.12603,0.735119,0.0356291,0.703751,3.30218,18074.0,12307.9,1.29337,1.00021,N111_H7_zero_full,111,4,4000,3000,0.99,0,0,0.6883582985245386,True
"natural[15,5]",1.50858,0.00318724,0.467449,0.467015,0.773151,1.49344,2.30952,21825.8,13602.5,1.56185,1.00023,N111_H7_zero_full,111,4,4000,3000,0.99,0,0,0.6883582985245386,True
"natural[16,1]",0.047738,0.000493605,0.0515483,0.028564,0.00544793,0.0328227,0.139649,12300.6,12050.1,0.880229,1.00029,N111_H7_zero_full,111,4,4000,3000,0.99,0,0,0.6883582985245386,True
"natural[16,2]",0.535281,0.0022208,0.271696,0.27025,0.152713,0.502612,1.03426,12823.6,9483.93,0.917655,1.00007,N111_H7_zero_full,111,4,4000,3000,0.99,0,0,0.6883582985245386,True
"natural[16,3]",2.05341,0.0104388,1.05001,0.795382,0.902748,1.80043,4.10158,14786.2,8579.23,1.0581,1.00016,N111_H7_zero_full,111,4,4000,3000,0.99,0,0,0.6883582985245386,True
"natural[16,4]",0.281144,0.00413389,0.414592,0.181172,0.0110533,0.16864,0.853876,16089.2,11054.2,1.15134,1.00036,N111_H7_zero_full,111,4,4000,3000,0.99,0,0,0.6883582985245386,True
"natural[16,5]",3.17883,0.00442696,0.709083,0.707647,2.10384,3.13369,4.42132,26224.3,13004.9,1.87661,1.0003,N111_H7_zero_full,111,4,4000,3000,0.99,0,0,0.6883582985245386,True
"natural[17,1]",0.0575638,0.000391631,0.0397707,0.0380469,0.00829797,0.0502409,0.131306,9312.36,9125.93,0.66639,1.00044,N111_H7_zero_full,111,4,4000,3000,0.99,0,0,0.6883582985245386,True
"natural[17,2]",1.98013,0.00624684,0.725115,0.66559,0.993059,1.87212,3.32051,12324.8,11623.2,0.881959,1.00014,N111_H7_zero_full,111,4,4000,3000,0.99,0,0,0.6883582985245386,True
"natural[17,3]",1.31051,0.00476215,0.476684,0.371579,0.776676,1.20617,2.19938,12286.4,10917.1,0.879213,0.999967,N111_H7_zero_full,111,4,4000,3000,0.99,0,0,0.6883582985245386,True
"natural[17,4]",0.201188,0.0011407,0.11996,0.140687,0.0123681,0.206623,0.390823,11170.9,11164.1,0.79939,1.00003,N111_H7_zero_full,111,4,4000,3000,0.99,0,0,0.6883582985245386,True
"natural[17,5]",1.51929,0.00392789,0.569754,0.565504,0.615768,1.50453,2.47848,21195.4,12792.9,1.51674,1.00009,N111_H7_zero_full,111,4,4000,3000,0.99,0,0,0.6883582985245386,True
"natural[18,1]",0.0445539,0.000397218,0.0407639,0.0274499,0.00585449,0.0333484,0.121943,9491.27,11189.4,0.679193,1.00028,N111_H7_zero_full,111,4,4000,3000,0.99,0,0,0.6883582985245386,True
"natural[18,2]",0.434242,0.00161096,0.209309,0.187431,0.173226,0.392014,0.829223,15590.3,13316.1,1.11564,1.00019,N111_H7_zero_full,111,4,4000,3000,0.99,0,0,0.6883582985245386,True
"natural[18,3]",4.57297,0.0142007,1.64351,1.61385,2.20371,4.39536,7.56195,14194.1,13251.9,1.01573,1.00042,N111_H7_zero_full,111,4,4000,3000,0.99,0,0,0.6883582985245386,True
"natural[18,4]",2.62421,0.0106612,1.30069,1.11167,1.0771,2.34971,5.11495,18568.8,12542.9,1.32878,1.0002,N111_H7_zero_full,111,4,4000,3000,0.99,0,0,0.6883582985245386,True
"natural[18,5]",1.13178,0.00347824,0.532698,0.525696,0.282086,1.11079,2.04189,23664.6,13985.6,1.69343,1.00011,N111_H7_zero_full,111,4,4000,3000,0.99,0,0,0.6883582985245386,True
"natural[19,1]",0.0734592,0.000380113,0.0465794,0.0413384,0.0158135,0.0653552,0.159009,13655.8,9796.76,0.977208,0.999969,N111_H7_zero_full,111,4,4000,3000,0.99,0,0,0.6883582985245386,True
"natural[19,2]",0.629407,0.00197997,0.264345,0.269196,0.233275,0.608441,1.09486,16195.0,10578.6,1.15891,0.999955,N111_H7_zero_full,111,4,4000,3000,0.99,0,0,0.6883582985245386,True
"natural[19,3]",1.44036,0.0069885,0.699636,0.487307,0.69611,1.26187,2.80401,16360.0,9278.5,1.17072,1.00027,N111_H7_zero_full,111,4,4000,3000,0.99,0,0,0.6883582985245386,True
"natural[19,4]",0.0589214,0.00107159,0.11609,0.0307563,0.001008,0.0244628,0.223168,18179.3,12516.3,1.3009,0.999882,N111_H7_zero_full,111,4,4000,3000,0.99,0,0,0.6883582985245386,True
"natural[19,5]",-0.311986,0.00309768,0.431704,0.428847,-1.02752,-0.308921,0.393877,19539.4,13821.4,1.39823,1.00006,N111_H7_zero_full,111,4,4000,3000,0.99,0,0,0.6883582985245386,True
"natural[20,1]",0.0738532,0.000787797,0.071525,0.0492328,0.00634349,0.0508558,0.218937,6982.19,10278.3,0.499644,1.00004,N111_H7_zero_full,111,4,4000,3000,0.99,0,0,0.6883582985245386,True
"natural[20,2]",0.265572,0.00078665,0.106572,0.0984629,0.12457,0.248226,0.465919,17619.5,12374.3,1.26085,0.999941,N111_H7_zero_full,111,4,4000,3000,0.99,0,0,0.6883582985245386,True
"natural[20,3]",6.36364,0.0132376,1.72673,1.68968,3.74941,6.21837,9.40272,18422.0,11830.2,1.31827,1.00023,N111_H7_zero_full,111,4,4000,3000,0.99,0,0,0.6883582985245386,True
"natural[20,4]",4.75121,0.0140554,1.88942,1.8524,2.14727,4.51329,8.26116,21484.0,12182.4,1.53739,0.999995,N111_H7_zero_full,111,4,4000,3000,0.99,0,0,0.6883582985245386,True
"natural[20,5]",3.50073,0.00597678,0.904105,0.883077,2.14537,3.4358,5.11305,25109.2,12208.8,1.79681,1.00037,N111_H7_zero_full,111,4,4000,3000,0.99,0,0,0.6883582985245386,True
"natural[21,1]",0.0228938,0.000290831,0.0261492,0.0141031,0.00144743,0.0137438,0.0771816,7355.03,11475.3,0.526325,1.00003,N111_H7_zero_full,111,4,4000,3000,0.99,0,0,0.6883582985245386,True
"natural[21,2]",5.135,0.0148848,2.00314,1.85462,2.46586,4.82775,8.84803,18909.6,14181.2,1.35317,0.999993,N111_H7_zero_full,111,4,4000,3000,0.99,0,0,0.6883582985245386,True
"natural[21,3]",1.74287,0.00725749,0.826047,0.701248,0.795057,1.53683,3.37265,15544.6,11444.1,1.11237,0.999948,N111_H7_zero_full,111,4,4000,3000,0.99,0,0,0.6883582985245386,True
"natural[21,4]",0.0838633,0.00060744,0.0790167,0.066799,0.00302507,0.0586705,0.245594,16036.3,12246.3,1.14756,1.00039,N111_H7_zero_full,111,4,4000,3000,0.99,0,0,0.6883582985245386,True
"natural[21,5]",2.46277,0.00717736,1.05423,1.03657,0.817734,2.40886,4.28001,22234.8,11886.4,1.59111,0.999973,N111_H7_zero_full,111,4,4000,3000,0.99,0,0,0.6883582985245386,True
"natural[22,1]",0.104199,0.000956676,0.109334,0.0620675,0.0105098,0.0686894,0.326894,13718.6,11516.1,0.9817,1.00021,N111_H7_zero_full,111,4,4000,3000,0.99,0,0,0.6883582985245386,True
"natural[22,2]",0.426995,0.00250161,0.309199,0.284215,0.0666826,0.355689,1.01691,12523.9,10222.0,0.896204,1.00015,N111_H7_zero_full,111,4,4000,3000,0.99,0,0,0.6883582985245386,True
"natural[22,3]",1.95953,0.0154492,1.54519,1.05762,0.377904,1.48001,5.17254,15032.1,9527.2,1.07569,1.00058,N111_H7_zero_full,111,4,4000,3000,0.99,0,0,0.6883582985245386,True
"natural[22,4]",0.543075,0.0096417,0.951667,0.268783,0.00428484,0.200784,2.3763,15667.1,10590.5,1.12114,1.00039,N111_H7_zero_full,111,4,4000,3000,0.99,0,0,0.6883582985245386,True
"natural[22,5]",1.84189,0.00439122,0.653788,0.646785,0.814205,1.80769,2.97535,22382.2,13607.7,1.60167,1.00018,N111_H7_zero_full,111,4,4000,3000,0.99,0,0,0.6883582985245386,True
"natural[23,1]",0.0798968,0.000837562,0.0766945,0.0496457,0.00913137,0.0555957,0.233552,7763.76,11072.7,0.555573,1.00038,N111_H7_zero_full,111,4,4000,3000,0.99,0,0,0.6883582985245386,True
"natural[23,2]",0.229472,0.000664078,0.0939039,0.0866557,0.106708,0.213851,0.409543,19105.3,13306.5,1.36717,1.00016,N111_H7_zero_full,111,4,4000,3000,0.99,0,0,0.6883582985245386,True
"natural[23,3]",6.22309,0.013024,1.74883,1.7022,3.60741,6.08657,9.29065,19087.1,12873.6,1.36587,1.00004,N111_H7_zero_full,111,4,4000,3000,0.99,0,0,0.6883582985245386,True
"natural[23,4]",4.10162,0.0127135,1.75319,1.67634,1.73272,3.85411,7.34539,22067.4,12146.0,1.57914,1.00016,N111_H7_zero_full,111,4,4000,3000,0.99,0,0,0.6883582985245386,True
"natural[23,5]",1.62324,0.0038528,0.555156,0.546438,0.756857,1.59767,2.57019,21158.2,13840.9,1.51408,0.999867,N111_H7_zero_full,111,4,4000,3000,0.99,0,0,0.6883582985245386,True
"natural[24,1]",0.0578592,0.000644978,0.0602901,0.0364883,0.00500744,0.0385841,0.17657,6919.37,9595.46,0.495148,1.00026,N111_H7_zero_full,111,4,4000,3000,0.99,0,0,0.6883582985245386,True
"natural[24,2]",0.259949,0.000723307,0.101839,0.0929733,0.125471,0.243116,0.448103,19140.8,12873.6,1.36971,1.00036,N111_H7_zero_full,111,4,4000,3000,0.99,0,0,0.6883582985245386,True
"natural[24,3]",6.58132,0.0136962,1.76909,1.75439,3.90746,6.44131,9.65447,17561.6,13678.5,1.25671,1.00019,N111_H7_zero_full,111,4,4000,3000,0.99,0,0,0.6883582985245386,True
"natural[24,4]",5.1647,0.0146114,1.96178,1.89143,2.39186,4.92075,8.72808,21233.0,12417.5,1.51943,1.00019,N111_H7_zero_full,111,4,4000,3000,0.99,0,0,0.6883582985245386,True
"natural[24,5]",3.52675,0.00614087,0.93707,0.922782,2.09533,3.46441,5.17189,24767.4,12162.0,1.77235,1.00006,N111_H7_zero_full,111,4,4000,3000,0.99,0,0,0.6883582985245386,True
"natural[25,1]",0.166793,0.000716722,0.0782406,0.074591,0.0488365,0.161509,0.303611,10757.1,7193.14,0.769778,1.00028,N111_H7_zero_full,111,4,4000,3000,0.99,0,0,0.6883582985245386,True
"natural[25,2]",1.02728,0.00246896,0.322669,0.320153,0.52181,1.0125,1.58102,16487.7,11383.2,1.17986,1.00058,N111_H7_zero_full,111,4,4000,3000,0.99,0,0,0.6883582985245386,True
"natural[25,3]",0.613244,0.0020292,0.247871,0.19199,0.282405,0.583938,1.02576,15077.4,11283.7,1.07893,1.00004,N111_H7_zero_full,111,4,4000,3000,0.99,0,0,0.6883582985245386,True
"natural[25,4]",0.021559,0.000324411,0.038413,0.00965494,0.000243308,0.00733699,0.0911938,13713.0,13397.0,0.981301,1.00026,N111_H7_zero_full,111,4,4000,3000,0.99,0,0,0.6883582985245386,True
"natural[25,5]",-0.153996,0.00324644,0.474822,0.473623,-0.936058,-0.151758,0.617315,21437.3,13191.5,1.53405,1.00021,N111_H7_zero_full,111,4,4000,3000,0.99,0,0,0.6883582985245386,True
"natural[26,1]",0.0454471,0.000399936,0.0444626,0.0290118,0.00480391,0.0322932,0.128841,10784.5,11912.5,0.77174,1.00027,N111_H7_zero_full,111,4,4000,3000,0.99,0,0,0.6883582985245386,True
"natural[26,2]",1.16419,0.00310799,0.428814,0.429082,0.514866,1.12824,1.90956,18092.2,12002.1,1.29467,1.00009,N111_H7_zero_full,111,4,4000,3000,0.99,0,0,0.6883582985245386,True
"natural[26,3]",2.37662,0.00784527,0.971712,0.91681,1.10748,2.21702,4.18903,18266.5,11329.3,1.30715,1.00027,N111_H7_zero_full,111,4,4000,3000,0.99,0,0,0.6883582985245386,True
"natural[26,4]",0.0780963,0.000630972,0.0849327,0.053613,0.00412356,0.0505641,0.239352,20068.7,13465.7,1.43611,1.00025,N111_H7_zero_full,111,4,4000,3000,0.99,0,0,0.6883582985245386,True
"natural[26,5]",1.58699,0.00447351,0.680247,0.673824,0.516043,1.56541,2.73969,23372.1,13198.0,1.6725,1.00009,N111_H7_zero_full,111,4,4000,3000,0.99,0,0,0.6883582985245386,True
"natural[27,1]",0.0161587,0.000134806,0.0136857,0.0104841,0.00197998,0.0122182,0.0436733,9836.94,12501.2,0.703929,1.00006,N111_H7_zero_full,111,4,4000,3000,0.99,0,0,0.6883582985245386,True
"natural[27,2]",3.75818,0.00832283,1.13169,1.03627,2.21468,3.59531,5.82572,18422.1,14466.3,1.31828,1.0002,N111_H7_zero_full,111,4,4000,3000,0.99,0,0,0.6883582985245386,True
"natural[27,3]",1.98137,0.0074482,0.846176,0.754589,0.964776,1.80199,3.62065,16227.4,11542.3,1.16123,1.00045,N111_H7_zero_full,111,4,4000,3000,0.99,0,0,0.6883582985245386,True
"natural[27,4]",0.0891222,0.000573208,0.0774558,0.0755099,0.00329894,0.0679995,0.242661,17021.9,13600.2,1.21808,1.00009,N111_H7_zero_full,111,4,4000,3000,0.99,0,0,0.6883582985245386,True
"natural[27,5]",1.22481,0.00472448,0.730674,0.726995,0.0572532,1.20875,2.45527,24161.9,12879.7,1.72902,1.00022,N111_H7_zero_full,111,4,4000,3000,0.99,0,0,0.6883582985245386,True
"natural[28,1]",0.0623821,0.000537006,0.0482741,0.0431032,0.0071056,0.0503901,0.156221,6745.08,9170.6,0.482677,1.00061,N111_H7_zero_full,111,4,4000,3000,0.99,0,0,0.6883582985245386,True
"natural[28,2]",1.57964,0.00341789,0.437393,0.423032,0.940443,1.53718,2.36063,16618.3,13136.9,1.1892,1.00018,N111_H7_zero_full,111,4,4000,3000,0.99,0,0,0.6883582985245386,True
"natural[28,3]",2.91841,0.00815823,0.975651,0.921003,1.58243,2.77127,4.74006,16329.1,11639.4,1.16851,1.00013,N111_H7_zero_full,111,4,4000,3000,0.99,0,0,0.6883582985245386,True
"natural[28,4]",0.0901628,0.000664366,0.0863292,0.0724503,0.00338488,0.0637487,0.264137,16233.4,14233.5,1.16166,0.999966,N111_H7_zero_full,111,4,4000,3000,0.99,0,0,0.6883582985245386,True
"natural[28,5]",-0.6873,0.00415699,0.627388,0.616079,-1.74783,-0.677992,0.310612,22941.1,13677.1,1.64166,1.00036,N111_H7_zero_full,111,4,4000,3000,0.99,0,0,0.6883582985245386,True
"natural[29,1]",0.0112052,6.1347e-05,0.00844009,0.00731305,0.00160187,0.00915414,0.027908,16287.1,11440.6,1.1655,1.00021,N111_H7_zero_full,111,4,4000,3000,0.99,0,0,0.6883582985245386,True
"natural[29,2]",5.2374,0.0109402,1.51895,1.45522,3.08824,5.06119,7.96885,18496.6,13067.4,1.32361,1.00023,N111_H7_zero_full,111,4,4000,3000,0.99,0,0,0.6883582985245386,True
"natural[29,3]",0.307775,0.00065037,0.0738522,0.0673996,0.168752,0.318774,0.407227,15575.8,9621.92,1.1146,1.00006,N111_H7_zero_full,111,4,4000,3000,0.99,0,0,0.6883582985245386,True
"natural[29,4]",0.0207384,0.000274259,0.0340138,0.00941187,0.00025268,0.00721013,0.0908028,16666.5,11408.6,1.19265,1.0,N111_H7_zero_full,111,4,4000,3000,0.99,0,0,0.6883582985245386,True
"natural[29,5]",1.9473,0.00465301,0.698726,0.690033,0.841437,1.92878,3.12509,22861.1,12841.3,1.63594,1.00016,N111_H7_zero_full,111,4,4000,3000,0.99,0,0,0.6883582985245386,True
"natural[30,1]",0.046921,0.000507104,0.048602,0.0293999,0.00453718,0.0320997,0.138892,7769.82,9831.17,0.556006,1.00021,N111_H7_zero_full,111,4,4000,3000,0.99,0,0,0.6883582985245386,True
"natural[30,2]",0.235324,0.00069865,0.0966366,0.0864994,0.111001,0.218588,0.419231,18345.7,12014.0,1.31281,1.00026,N111_H7_zero_full,111,4,4000,3000,0.99,0,0,0.6883582985245386,True
"natural[30,3]",5.96197,0.0151739,1.86129,1.87537,3.13426,5.81994,9.1864,15849.5,13103.8,1.13418,1.00026,N111_H7_zero_full,111,4,4000,3000,0.99,0,0,0.6883582985245386,True
"natural[30,4]",5.91904,0.0140689,2.03356,2.00222,2.98429,5.68721,9.62419,23100.4,12014.0,1.65306,0.999969,N111_H7_zero_full,111,4,4000,3000,0.99,0,0,0.6883582985245386,True
"natural[30,5]",3.72288,0.00650049,0.968765,0.957165,2.25355,3.66207,5.4357,23442.1,12315.9,1.67751,1.00015,N111_H7_zero_full,111,4,4000,3000,0.99,0,0,0.6883582985245386,True
"natural[31,1]",0.0925686,0.000970961,0.105042,0.0513296,0.00919888,0.055393,0.315935,11792.2,13115.7,0.843844,1.00046,N111_H7_zero_full,111,4,4000,3000,0.99,0,0,0.6883582985245386,True
"natural[31,2]",0.455956,0.00223677,0.263817,0.26679,0.102791,0.414506,0.944564,12158.3,10074.2,0.870042,1.0001,N111_H7_zero_full,111,4,4000,3000,0.99,0,0,0.6883582985245386,True
"natural[31,3]",1.77428,0.010819,1.11715,0.756919,0.628013,1.45754,4.01343,15026.3,10250.6,1.07528,1.00081,N111_H7_zero_full,111,4,4000,3000,0.99,0,0,0.6883582985245386,True
"natural[31,4]",0.210746,0.00450797,0.437638,0.105921,0.0044657,0.08905,0.756104,16497.6,11148.4,1.18056,1.00023,N111_H7_zero_full,111,4,4000,3000,0.99,0,0,0.6883582985245386,True
"natural[31,5]",2.45239,0.00395053,0.583168,0.576961,1.54901,2.42271,3.45891,22019.7,14168.8,1.57572,1.00028,N111_H7_zero_full,111,4,4000,3000,0.99,0,0,0.6883582985245386,True
"natural[32,1]",0.0102784,0.000217017,0.0138111,0.00570405,0.000668412,0.00566296,0.0360459,4478.49,5819.06,0.32048,1.00051,N111_H7_zero_full,111,4,4000,3000,0.99,0,0,0.6883582985245386,True
"natural[32,2]",7.50228,0.0635245,4.08975,3.93011,2.28247,7.02973,14.8066,3128.76,5125.14,0.223893,1.00068,N111_H7_zero_full,111,4,4000,3000,0.99,0,0,0.6883582985245386,True
"natural[32,3]",0.333864,0.00185515,0.0936339,0.0674113,0.126946,0.361617,0.436341,3325.16,4853.99,0.237948,1.00095,N111_H7_zero_full,111,4,4000,3000,0.99,0,0,0.6883582985245386,True
"natural[32,4]",0.282466,0.00299076,0.138964,0.0907927,0.00149222,0.334928,0.428575,3021.69,4460.67,0.216231,1.00086,N111_H7_zero_full,111,4,4000,3000,0.99,0,0,0.6883582985245386,True
"natural[32,5]",2.93709,0.00992126,0.784008,0.790093,1.70285,2.91496,4.26083,6118.8,9127.7,0.43786,1.00016,N111_H7_zero_full,111,4,4000,3000,0.99,0,0,0.6883582985245386,True
"natural[33,1]",0.167064,0.00134977,0.120505,0.121264,0.017278,0.144653,0.396822,6671.19,9494.69,0.477389,1.00048,N111_H7_zero_full,111,4,4000,3000,0.99,0,0,0.6883582985245386,True
"natural[33,2]",0.230612,0.000773561,0.100026,0.0941078,0.0959222,0.215126,0.416643,15518.9,12551.6,1.11053,1.0002,N111_H7_zero_full,111,4,4000,3000,0.99,0,0,0.6883582985245386,True
"natural[33,3]",5.82683,0.013349,1.64692,1.60281,3.39626,5.67595,8.75736,15828.0,12984.6,1.13265,1.00015,N111_H7_zero_full,111,4,4000,3000,0.99,0,0,0.6883582985245386,True
"natural[33,4]",2.97747,0.0132411,1.62808,1.44889,0.902558,2.68651,6.07061,18618.4,11864.6,1.33233,1.00042,N111_H7_zero_full,111,4,4000,3000,0.99,0,0,0.6883582985245386,True
"natural[33,5]",2.83913,0.00502318,0.71671,0.698153,1.74125,2.7947,4.0937,21103.9,12679.4,1.51019,1.00007,N111_H7_zero_full,111,4,4000,3000,0.99,0,0,0.6883582985245386,True
"natural[34,1]",0.0610438,0.000336039,0.0340124,0.0310979,0.014583,0.056096,0.124228,8850.25,7166.83,0.633322,1.00005,N111_H7_zero_full,111,4,4000,3000,0.99,0,0,0.6883582985245386,True
"natural[34,2]",2.31607,0.00454113,0.553012,0.535,1.49012,2.27425,3.29626,14095.4,12617.9,1.00867,0.999979,N111_H7_zero_full,111,4,4000,3000,0.99,0,0,0.6883582985245386,True
"natural[34,3]",0.303554,0.000941708,0.109667,0.107474,0.107741,0.310117,0.473289,14024.0,9263.65,1.00356,0.999938,N111_H7_zero_full,111,4,4000,3000,0.99,0,0,0.6883582985245386,True
"natural[34,4]",0.0349223,0.000473633,0.0487458,0.019123,0.000477505,0.014652,0.13889,9179.13,10758.9,0.656857,1.0,N111_H7_zero_full,111,4,4000,3000,0.99,0,0,0.6883582985245386,True
"natural[34,5]",3.39727,0.00533453,0.712759,0.704099,2.29682,3.36234,4.59966,18105.6,13726.3,1.29564,1.00001,N111_H7_zero_full,111,4,4000,3000,0.99,0,0,0.6883582985245386,True
"natural[35,1]",0.098089,0.000686947,0.0828241,0.0615889,0.0132523,0.0747779,0.25866,13762.6,11870.8,0.984848,1.00008,N111_H7_zero_full,111,4,4000,3000,0.99,0,0,0.6883582985245386,True
"natural[35,2]",0.526728,0.00255202,0.322736,0.304274,0.123881,0.463323,1.14432,13999.6,11694.9,1.00181,1.00011,N111_H7_zero_full,111,4,4000,3000,0.99,0,0,0.6883582985245386,True
"natural[35,3]",2.28053,0.0125565,1.36036,1.11128,0.750151,1.92869,4.98962,15774.1,10262.5,1.12879,0.999935,N111_H7_zero_full,111,4,4000,3000,0.99,0,0,0.6883582985245386,True
"natural[35,4]",0.293037,0.00502433,0.550531,0.136776,0.003163,0.103751,1.20448,16274.4,12722.3,1.16459,1.00005,N111_H7_zero_full,111,4,4000,3000,0.99,0,0,0.6883582985245386,True
"natural[35,5]",0.258297,0.0039181,0.578606,0.56875,-0.672729,0.25004,1.22901,21860.8,13196.1,1.56435,1.0,N111_H7_zero_full,111,4,4000,3000,0.99,0,0,0.6883582985245386,True
"natural[36,1]",0.0900231,0.00126899,0.11366,0.0461724,0.00831001,0.0498321,0.323757,7474.96,10132.0,0.534906,1.00043,N111_H7_zero_full,111,4,4000,3000,0.99,0,0,0.6883582985245386,True
"natural[36,2]",0.346038,0.00190573,0.216422,0.226488,0.0536059,0.317952,0.747467,10634.0,9373.84,0.76097,1.00016,N111_H7_zero_full,111,4,4000,3000,0.99,0,0,0.6883582985245386,True
"natural[36,3]",0.883069,0.012008,1.03864,0.459014,0.0829531,0.563874,2.92586,11876.2,8050.38,0.849855,1.00006,N111_H7_zero_full,111,4,4000,3000,0.99,0,0,0.6883582985245386,True
"natural[36,4]",0.136738,0.00513125,0.489204,0.0286053,0.000429104,0.0207052,0.537931,13178.9,10361.4,0.943081,1.00014,N111_H7_zero_full,111,4,4000,3000,0.99,0,0,0.6883582985245386,True
"natural[36,5]",1.10362,0.00311894,0.420081,0.417512,0.428072,1.09563,1.81916,18028.9,14575.4,1.29014,1.00018,N111_H7_zero_full,111,4,4000,3000,0.99,0,0,0.6883582985245386,True
"natural[37,1]",0.0620255,0.000818502,0.0679447,0.0394448,0.00419983,0.038346,0.207366,5691.29,9157.95,0.407267,1.00065,N111_H7_zero_full,111,4,4000,3000,0.99,0,0,0.6883582985245386,True
"natural[37,2]",0.300136,0.000818433,0.108897,0.103464,0.150558,0.285099,0.500858,17511.2,10748.2,1.2531,0.999991,N111_H7_zero_full,111,4,4000,3000,0.99,0,0,0.6883582985245386,True
"natural[37,3]",6.99376,0.013645,1.84185,1.80171,4.21127,6.86157,10.258,18745.9,12993.8,1.34145,1.00006,N111_H7_zero_full,111,4,4000,3000,0.99,0,0,0.6883582985245386,True
"natural[37,4]",6.39829,0.0144113,2.09891,2.05625,3.34733,6.18968,10.2242,23762.2,12112.5,1.70042,1.00007,N111_H7_zero_full,111,4,4000,3000,0.99,0,0,0.6883582985245386,True
"natural[37,5]",3.70419,0.00626298,0.946306,0.926329,2.26391,3.63775,5.36524,24378.0,13242.5,1.74448,1.00005,N111_H7_zero_full,111,4,4000,3000,0.99,0,0,0.6883582985245386,True
"natural[38,1]",0.0739425,0.000519743,0.0585158,0.0459396,0.0113781,0.0607531,0.180482,12168.5,11414.3,0.870772,1.0001,N111_H7_zero_full,111,4,4000,3000,0.99,0,0,0.6883582985245386,True
"natural[38,2]",0.828832,0.00250937,0.303431,0.300517,0.344853,0.818123,1.3447,13968.2,10214.3,0.999558,1.00014,N111_H7_zero_full,111,4,4000,3000,0.99,0,0,0.6883582985245386,True
"natural[38,3]",0.731052,0.00382976,0.395101,0.257414,0.296694,0.665734,1.36054,14775.9,10514.8,1.05736,1.00016,N111_H7_zero_full,111,4,4000,3000,0.99,0,0,0.6883582985245386,True
"natural[38,4]",0.0410766,0.000655967,0.0773861,0.0216975,0.000710861,0.0173056,0.155525,18754.5,12732.3,1.34207,0.999964,N111_H7_zero_full,111,4,4000,3000,0.99,0,0,0.6883582985245386,True
"natural[38,5]",1.26503,0.003332,0.461633,0.456501,0.520227,1.2616,2.04196,19156.6,12798.3,1.37084,1.00016,N111_H7_zero_full,111,4,4000,3000,0.99,0,0,0.6883582985245386,True
"natural[39,1]",0.13364,0.000794894,0.0751653,0.0813061,0.0207785,0.129394,0.264239,8031.14,6958.29,0.574706,1.00053,N111_H7_zero_full,111,4,4000,3000,0.99,0,0,0.6883582985245386,True
"natural[39,2]",1.2086,0.00348662,0.423586,0.37969,0.637066,1.15107,1.97915,14360.2,13805.1,1.02761,1.00002,N111_H7_zero_full,111,4,4000,3000,0.99,0,0,0.6883582985245386,True
"natural[39,3]",2.39285,0.00689255,0.838124,0.764549,1.3059,2.25152,3.97159,16976.5,12087.7,1.21484,0.999893,N111_H7_zero_full,111,4,4000,3000,0.99,0,0,0.6883582985245386,True
"natural[39,4]",0.198099,0.00167333,0.176677,0.184577,0.00431977,0.154025,0.527713,10464.1,13091.5,0.748808,1.00015,N111_H7_zero_full,111,4,4000,3000,0.99,0,0,0.6883582985245386,True
"natural[39,5]",-0.937271,0.00407687,0.597765,0.589979,-1.95645,-0.918319,0.016617,21827.2,13489.8,1.56195,0.999997,N111_H7_zero_full,111,4,4000,3000,0.99,0,0,0.6883582985245386,True
"natural[40,1]",0.0915998,0.000740034,0.0843961,0.057866,0.0111412,0.069892,0.245723,13927.0,11672.6,0.996611,0.999924,N111_H7_zero_full,111,4,4000,3000,0.99,0,0,0.6883582985245386,True
"natural[40,2]",0.698952,0.00374926,0.417581,0.423906,0.119935,0.652213,1.46489,10552.6,9421.56,0.755143,1.00018,N111_H7_zero_full,111,4,4000,3000,0.99,0,0,0.6883582985245386,True
"natural[40,3]",0.99386,0.0106359,0.973022,0.455902,0.170481,0.710581,2.92343,12281.0,8537.6,0.878827,1.00046,N111_H7_zero_full,111,4,4000,3000,0.99,0,0,0.6883582985245386,True
"natural[40,4]",0.181717,0.00456429,0.462757,0.0648958,0.00102615,0.0473088,0.694802,15261.5,10604.2,1.09211,1.00014,N111_H7_zero_full,111,4,4000,3000,0.99,0,0,0.6883582985245386,True
"natural[40,5]",1.72859,0.00453567,0.648912,0.644175,0.69145,1.70544,2.82802,20128.4,12991.0,1.44038,1.00006,N111_H7_zero_full,111,4,4000,3000,0.99,0,0,0.6883582985245386,True
"natural[41,1]",0.0578992,0.000549649,0.051596,0.037291,0.00704575,0.0421923,0.162072,7301.06,9798.06,0.522462,1.0001,N111_H7_zero_full,111,4,4000,3000,0.99,0,0,0.6883582985245386,True
"natural[41,2]",0.193237,0.000535104,0.0770828,0.0695224,0.0915047,0.180657,0.337297,19900.9,13631.6,1.4241,1.00028,N111_H7_zero_full,111,4,4000,3000,0.99,0,0,0.6883582985245386,True
"natural[41,3]",6.12706,0.0138458,1.78476,1.745,3.42659,5.99463,9.28676,17439.5,12854.4,1.24796,1.00001,N111_H7_zero_full,111,4,4000,3000,0.99,0,0,0.6883582985245386,True
"natural[41,4]",4.99726,0.0134612,1.89523,1.84286,2.32353,4.76761,8.4594,22041.1,12950.8,1.57726,0.99996,N111_H7_zero_full,111,4,4000,3000,0.99,0,0,0.6883582985245386,True
"natural[41,5]",2.46024,0.00461475,0.680443,0.667783,1.41597,2.41162,3.6541,23471.0,12105.1,1.67958,1.00055,N111_H7_zero_full,111,4,4000,3000,0.99,0,0,0.6883582985245386,True
"natural[42,1]",0.0928907,0.000450954,0.0493089,0.0512384,0.0212809,0.0877338,0.180361,10448.9,8630.09,0.747723,1.00037,N111_H7_zero_full,111,4,4000,3000,0.99,0,0,0.6883582985245386,True
"natural[42,2]",1.20524,0.00284156,0.373767,0.373288,0.630705,1.18252,1.85302,16861.4,12211.9,1.2066,1.00033,N111_H7_zero_full,111,4,4000,3000,0.99,0,0,0.6883582985245386,True
"natural[42,3]",1.38836,0.00370281,0.462244,0.368301,0.842684,1.29186,2.25937,18895.9,13217.9,1.35219,1.00013,N111_H7_zero_full,111,4,4000,3000,0.99,0,0,0.6883582985245386,True
"natural[42,4]",0.0407628,0.00045591,0.0566741,0.0233934,0.000794067,0.0185873,0.157697,14445.0,11654.9,1.03368,1.00035,N111_H7_zero_full,111,4,4000,3000,0.99,0,0,0.6883582985245386,True
"natural[42,5]",-0.645087,0.00341171,0.51311,0.516463,-1.50895,-0.637454,0.177611,22875.4,14148.1,1.63696,1.00064,N111_H7_zero_full,111,4,4000,3000,0.99,0,0,0.6883582985245386,True
"natural[43,1]",0.0509194,0.000267703,0.0305844,0.027024,0.0115804,0.0462795,0.105677,10792.9,7473.99,0.772338,1.00031,N111_H7_zero_full,111,4,4000,3000,0.99,0,0,0.6883582985245386,True
"natural[43,2]",1.24208,0.00253843,0.337961,0.332445,0.712967,1.22464,1.82694,17120.6,11860.1,1.22515,1.00022,N111_H7_zero_full,111,4,4000,3000,0.99,0,0,0.6883582985245386,True
"natural[43,3]",0.173482,0.000917184,0.124623,0.129961,0.0155381,0.152639,0.406172,15933.2,10093.9,1.14017,0.999994,N111_H7_zero_full,111,4,4000,3000,0.99,0,0,0.6883582985245386,True
"natural[43,4]",0.0096543,0.000243222,0.0262348,0.00218421,2.92956e-05,0.00157512,0.0458216,12409.9,11273.7,0.888048,1.00002,N111_H7_zero_full,111,4,4000,3000,0.99,0,0,0.6883582985245386,True
"natural[43,5]",-0.195954,0.00328314,0.481073,0.482139,-1.00241,-0.187842,0.592541,21561.5,12947.6,1.54293,1.00002,N111_H7_zero_full,111,4,4000,3000,0.99,0,0,0.6883582985245386,True
"natural[44,1]",0.0610654,0.000301079,0.0333026,0.0318448,0.0149005,0.0569438,0.120994,10226.1,8230.08,0.731778,1.00047,N111_H7_zero_full,111,4,4000,3000,0.99,0,0,0.6883582985245386,True
"natural[44,2]",1.15716,0.00229677,0.316742,0.31017,0.664456,1.13786,1.70504,18652.0,12460.3,1.33473,1.00007,N111_H7_zero_full,111,4,4000,3000,0.99,0,0,0.6883582985245386,True
"natural[44,3]",0.205457,0.000940815,0.130086,0.136173,0.0258027,0.191389,0.435888,16932.5,10801.0,1.21169,1.00008,N111_H7_zero_full,111,4,4000,3000,0.99,0,0,0.6883582985245386,True
"natural[44,4]",0.00860102,0.000130841,0.0163433,0.00371076,7.88522e-05,0.00280725,0.0369304,19073.8,12452.4,1.36492,1.00001,N111_H7_zero_full,111,4,4000,3000,0.99,0,0,0.6883582985245386,True
"natural[44,5]",0.976691,0.00312451,0.45427,0.449068,0.246176,0.969105,1.7317,21174.9,13824.0,1.51527,1.00011,N111_H7_zero_full,111,4,4000,3000,0.99,0,0,0.6883582985245386,True
"natural[45,1]",0.0311985,0.000404963,0.0346986,0.0187531,0.00352372,0.0220997,0.0864676,9125.3,10574.8,0.653005,1.00007,N111_H7_zero_full,111,4,4000,3000,0.99,0,0,0.6883582985245386,True
"natural[45,2]",0.959572,0.00264017,0.325303,0.31796,0.453345,0.940398,1.52728,14380.2,10713.6,1.02905,1.00015,N111_H7_zero_full,111,4,4000,3000,0.99,0,0,0.6883582985245386,True
"natural[45,3]",0.280788,0.00198795,0.20075,0.177236,0.038576,0.256846,0.593931,16151.0,10680.4,1.15577,0.999955,N111_H7_zero_full,111,4,4000,3000,0.99,0,0,0.6883582985245386,True
"natural[45,4]",0.0547086,0.000929843,0.0949587,0.0253102,0.000419872,0.0186849,0.234096,16300.6,12911.8,1.16647,0.999945,N111_H7_zero_full,111,4,4000,3000,0.99,0,0,0.6883582985245386,True
"natural[45,5]",3.48491,0.00426728,0.667644,0.666371,2.41998,3.46113,4.62394,24775.5,12864.3,1.77293,1.00003,N111_H7_zero_full,111,4,4000,3000,0.99,0,0,0.6883582985245386,True
"natural[46,1]",0.0454186,0.000424225,0.0397715,0.030152,0.00506502,0.034689,0.123775,7182.83,10153.6,0.514002,1.0003,N111_H7_zero_full,111,4,4000,3000,0.99,0,0,0.6883582985245386,True
"natural[46,2]",0.24872,0.000706487,0.0950888,0.0872509,0.123168,0.233218,0.428152,18215.3,13550.5,1.30348,1.00042,N111_H7_zero_full,111,4,4000,3000,0.99,0,0,0.6883582985245386,True
"natural[46,3]",6.33673,0.0146808,1.84056,1.81067,3.58704,6.17343,9.57908,16909.8,11031.5,1.21006,1.00017,N111_H7_zero_full,111,4,4000,3000,0.99,0,0,0.6883582985245386,True
"natural[46,4]",6.12362,0.014587,2.07769,2.05756,3.13835,5.90766,9.87408,23200.0,11291.4,1.66019,1.00009,N111_H7_zero_full,111,4,4000,3000,0.99,0,0,0.6883582985245386,True
"natural[46,5]",3.70097,0.00650963,0.948551,0.944026,2.26709,3.63556,5.35025,22818.2,11650.9,1.63287,1.0004,N111_H7_zero_full,111,4,4000,3000,0.99,0,0,0.6883582985245386,True
"natural[47,1]",0.0577967,0.000347284,0.0395493,0.0339573,0.0103037,0.0506102,0.130456,10864.7,8135.16,0.777478,1.00034,N111_H7_zero_full,111,4,4000,3000,0.99,0,0,0.6883582985245386,True
"natural[47,2]",1.23589,0.00357574,0.428494,0.417875,0.586331,1.20699,1.98311,13502.7,10956.0,0.966251,0.999972,N111_H7_zero_full,111,4,4000,3000,0.99,0,0,0.6883582985245386,True
"natural[47,3]",0.824646,0.00261983,0.291649,0.208963,0.488613,0.77706,1.30579,16762.3,11935.4,1.1995,0.999935,N111_H7_zero_full,111,4,4000,3000,0.99,0,0,0.6883582985245386,True
"natural[47,4]",0.125748,0.00100853,0.122937,0.106511,0.00305438,0.087694,0.363428,12952.8,10989.8,0.926903,1.00009,N111_H7_zero_full,111,4,4000,3000,0.99,0,0,0.6883582985245386,True
"natural[47,5]",2.63248,0.00408558,0.610978,0.60845,1.67607,2.60625,3.68372,22457.0,12382.8,1.60702,1.0,N111_H7_zero_full,111,4,4000,3000,0.99,0,0,0.6883582985245386,True
"natural[48,1]",0.0777622,0.000778791,0.0710771,0.0480664,0.0108525,0.0593906,0.200199,8547.59,9820.19,0.611663,1.00013,N111_H7_zero_full,111,4,4000,3000,0.99,0,0,0.6883582985245386,True
"natural[48,2]",0.561245,0.00201018,0.249197,0.252174,0.170644,0.550438,0.989388,13643.5,7379.37,0.976326,1.00024,N111_H7_zero_full,111,4,4000,3000,0.99,0,0,0.6883582985245386,True
"natural[48,3]",0.42327,0.00717745,0.523542,0.242222,0.0427843,0.312914,1.07338,12699.2,7597.79,0.908751,1.00001,N111_H7_zero_full,111,4,4000,3000,0.99,0,0,0.6883582985245386,True
"natural[48,4]",0.0397417,0.00259935,0.195596,0.00994446,0.000168179,0.00733464,0.144133,14845.4,12405.2,1.06234,0.999908,N111_H7_zero_full,111,4,4000,3000,0.99,0,0,0.6883582985245386,True
"natural[48,5]",0.926263,0.00321477,0.434862,0.43029,0.225869,0.922708,1.65418,18220.8,11660.4,1.30388,1.00003,N111_H7_zero_full,111,4,4000,3000,0.99,0,0,0.6883582985245386,True
"natural[49,1]",0.0529974,0.000445009,0.0497621,0.0307615,0.00804534,0.0404755,0.137503,13388.1,11207.8,0.958052,1.00002,N111_H7_zero_full,111,4,4000,3000,0.99,0,0,0.6883582985245386,True
"natural[49,2]",0.774163,0.002575,0.30984,0.315145,0.277756,0.763256,1.30092,13623.6,8880.62,0.974905,0.999916,N111_H7_zero_full,111,4,4000,3000,0.99,0,0,0.6883582985245386,True
"natural[49,3]",0.875194,0.0047533,0.486248,0.306828,0.36678,0.778632,1.67381,15262.1,9301.09,1.09215,1.00027,N111_H7_zero_full,111,4,4000,3000,0.99,0,0,0.6883582985245386,True
"natural[49,4]",0.0386842,0.000595986,0.0714714,0.020995,0.000834101,0.0170871,0.141939,18588.4,12030.6,1.33018,0.999814,N111_H7_zero_full,111,4,4000,3000,0.99,0,0,0.6883582985245386,True
"natural[49,5]",1.11492,0.00326563,0.463306,0.463202,0.369979,1.10671,1.89115,19980.3,12899.1,1.42979,1.00033,N111_H7_zero_full,111,4,4000,3000,0.99,0,0,0.6883582985245386,True
"natural[50,1]",0.248644,0.00125768,0.120767,0.115204,0.0718827,0.235525,0.465601,8458.5,7328.49,0.605289,1.00022,N111_H7_zero_full,111,4,4000,3000,0.99,0,0,0.6883582985245386,True
"natural[50,2]",0.311174,0.00122384,0.154063,0.151214,0.097586,0.290828,0.594885,13958.1,11347.7,0.998839,1.00006,N111_H7_zero_full,111,4,4000,3000,0.99,0,0,0.6883582985245386,True
"natural[50,3]",3.2354,0.0124572,1.40444,1.31304,1.37471,3.02659,5.82862,14132.9,11923.4,1.01135,1.00057,N111_H7_zero_full,111,4,4000,3000,0.99,0,0,0.6883582985245386,True
"natural[50,4]",0.596592,0.00734063,0.773801,0.386371,0.0211614,0.354167,1.96798,14854.9,11628.5,1.06302,1.00011,N111_H7_zero_full,111,4,4000,3000,0.99,0,0,0.6883582985245386,True
"natural[50,5]",2.50829,0.00448571,0.605975,0.600724,1.57368,2.47725,3.55547,18587.9,12883.1,1.33015,0.999977,N111_H7_zero_full,111,4,4000,3000,0.99,0,0,0.6883582985245386,True
"natural[51,1]",0.00617994,6.42074e-05,0.006453,0.00406907,0.000482918,0.0042224,0.0184812,8256.46,12198.4,0.590831,1.00035,N111_H7_zero_full,111,4,4000,3000,0.99,0,0,0.6883582985245386,True
"natural[51,2]",11.5508,0.0433764,5.08575,4.26821,5.28764,10.7198,20.6527,13107.5,13594.2,0.937971,1.00026,N111_H7_zero_full,111,4,4000,3000,0.99,0,0,0.6883582985245386,True
"natural[51,3]",1.90826,0.0099794,1.01456,0.906871,0.745097,1.66498,3.88312,12739.7,10888.1,0.911649,0.999942,N111_H7_zero_full,111,4,4000,3000,0.99,0,0,0.6883582985245386,True
"natural[51,4]",0.42356,0.000335871,0.0378991,0.0324023,0.354248,0.429976,0.471581,14048.6,12850.2,1.00532,0.999925,N111_H7_zero_full,111,4,4000,3000,0.99,0,0,0.6883582985245386,True
"natural[51,5]",3.74459,0.00748852,0.986085,0.988027,2.20921,3.69761,5.46047,17296.0,13803.1,1.2377,1.0002,N111_H7_zero_full,111,4,4000,3000,0.99,0,0,0.6883582985245386,True
"natural[52,1]",0.13935,0.00140208,0.135641,0.0854263,0.01556,0.0966764,0.415129,8033.66,9951.69,0.574887,1.00029,N111_H7_zero_full,111,4,4000,3000,0.99,0,0,0.6883582985245386,True
"natural[52,2]",0.133181,0.000816961,0.101382,0.0844812,0.022411,0.106437,0.332963,13631.4,12320.4,0.975457,0.999927,N111_H7_zero_full,111,4,4000,3000,0.99,0,0,0.6883582985245386,True
"natural[52,3]",2.36199,0.0174484,1.91347,1.60272,0.254398,1.83521,6.23152,14623.5,11756.7,1.04645,1.0001,N111_H7_zero_full,111,4,4000,3000,0.99,0,0,0.6883582985245386,True
"natural[52,4]",0.776417,0.0126041,1.32507,0.309356,0.00373245,0.221676,3.6294,17575.3,11147.3,1.25769,1.00013,N111_H7_zero_full,111,4,4000,3000,0.99,0,0,0.6883582985245386,True
"natural[52,5]",1.86229,0.00351704,0.479876,0.476015,1.1167,1.83794,2.68719,19010.4,12935.8,1.36038,1.00002,N111_H7_zero_full,111,4,4000,3000,0.99,0,0,0.6883582985245386,True
"natural[53,1]",0.0153998,0.000107673,0.011368,0.00952812,0.00256711,0.012703,0.0372402,9798.03,10218.7,0.701145,1.00005,N111_H7_zero_full,111,4,4000,3000,0.99,0,0,0.6883582985245386,True
"natural[53,2]",1.80937,0.00344868,0.455514,0.443955,1.11589,1.7765,2.61244,17235.5,12928.5,1.23337,0.999944,N111_H7_zero_full,111,4,4000,3000,0.99,0,0,0.6883582985245386,True
"natural[53,3]",1.72551,0.00476568,0.572251,0.506369,1.00467,1.61644,2.81008,17439.0,11850.9,1.24793,1.0001,N111_H7_zero_full,111,4,4000,3000,0.99,0,0,0.6883582985245386,True
"natural[53,4]",0.0357295,0.000293905,0.0399105,0.0249854,0.00149322,0.0223698,0.116913,18733.5,12682.0,1.34056,1.00001,N111_H7_zero_full,111,4,4000,3000,0.99,0,0,0.6883582985245386,True
"natural[53,5]",0.576633,0.00362128,0.558867,0.56323,-0.344274,0.574915,1.50368,23866.5,13026.7,1.70788,1.00003,N111_H7_zero_full,111,4,4000,3000,0.99,0,0,0.6883582985245386,True
"natural[54,1]",0.0126245,7.51027e-05,0.00962816,0.00819137,0.00178717,0.0103143,0.0314358,14758.5,11993.6,1.05611,1.00006,N111_H7_zero_full,111,4,4000,3000,0.99,0,0,0.6883582985245386,True
"natural[54,2]",5.0452,0.0101865,1.43663,1.36637,2.99535,4.89793,7.62436,20630.4,14087.6,1.47631,1.00011,N111_H7_zero_full,111,4,4000,3000,0.99,0,0,0.6883582985245386,True
"natural[54,3]",0.462871,0.000354181,0.0456141,0.0424898,0.38924,0.463015,0.536877,16707.7,15509.9,1.1956,1.0005,N111_H7_zero_full,111,4,4000,3000,0.99,0,0,0.6883582985245386,True
"natural[54,4]",0.0328575,0.000368424,0.0467213,0.0171317,0.000532778,0.0133247,0.135003,17739.5,13361.7,1.26944,1.00014,N111_H7_zero_full,111,4,4000,3000,0.99,0,0,0.6883582985245386,True
"natural[54,5]",2.11041,0.00428993,0.668046,0.65682,1.05182,2.08682,3.25746,24415.4,13783.1,1.74716,1.00018,N111_H7_zero_full,111,4,4000,3000,0.99,0,0,0.6883582985245386,True
"natural[55,1]",0.0113553,7.37135e-05,0.0087783,0.00743044,0.00157212,0.00912182,0.0288519,12414.0,10564.2,0.888346,1.00012,N111_H7_zero_full,111,4,4000,3000,0.99,0,0,0.6883582985245386,True
"natural[55,2]",2.60133,0.00357034,0.502183,0.493615,1.8356,2.5681,3.47374,19756.0,14871.8,1.41374,1.00008,N111_H7_zero_full,111,4,4000,3000,0.99,0,0,0.6883582985245386,True
"natural[55,3]",0.131448,0.00058787,0.0784091,0.0857246,0.01772,0.124502,0.272116,15457.8,9883.37,1.10615,1.00006,N111_H7_zero_full,111,4,4000,3000,0.99,0,0,0.6883582985245386,True
"natural[55,4]",0.016305,0.000206814,0.0258699,0.00780289,0.000174699,0.00589528,0.06928,15539.3,12501.8,1.11199,1.00031,N111_H7_zero_full,111,4,4000,3000,0.99,0,0,0.6883582985245386,True
"natural[55,5]",3.83158,0.00448525,0.69892,0.699744,2.72842,3.80648,5.02547,25232.4,12565.8,1.80562,1.00014,N111_H7_zero_full,111,4,4000,3000,0.99,0,0,0.6883582985245386,True
"natural[56,1]",0.0347033,0.00020038,0.0230852,0.0231379,0.00493258,0.0306769,0.0778281,11589.2,9231.39,0.829323,1.00014,N111_H7_zero_full,111,4,4000,3000,0.99,0,0,0.6883582985245386,True
"natural[56,2]",1.70377,0.00320459,0.406553,0.406946,1.07155,1.68507,2.40036,15661.2,12458.1,1.12071,1.00009,N111_H7_zero_full,111,4,4000,3000,0.99,0,0,0.6883582985245386,True
"natural[56,3]",0.407292,0.00118074,0.137181,0.13065,0.178642,0.410617,0.631109,13525.9,9726.77,0.96791,1.00006,N111_H7_zero_full,111,4,4000,3000,0.99,0,0,0.6883582985245386,True
"natural[56,4]",0.0239129,0.000226641,0.0296629,0.0152798,0.000691157,0.0128034,0.0847189,16252.9,13018.3,1.16305,0.999902,N111_H7_zero_full,111,4,4000,3000,0.99,0,0,0.6883582985245386,True
"natural[56,5]",3.42341,0.00434404,0.650693,0.643088,2.41445,3.39306,4.54494,22853.6,13398.6,1.6354,1.00072,N111_H7_zero_full,111,4,4000,3000,0.99,0,0,0.6883582985245386,True
"natural[57,1]",0.226199,0.00171113,0.182759,0.154067,0.0243333,0.174168,0.601933,9904.17,9512.72,0.70874,1.00063,N111_H7_zero_full,111,4,4000,3000,0.99,0,0,0.6883582985245386,True
"natural[57,2]",0.0879207,0.000390731,0.0541144,0.0420916,0.0272637,0.075061,0.193416,18539.4,13170.9,1.32667,0.999912,N111_H7_zero_full,111,4,4000,3000,0.99,0,0,0.6883582985245386,True
"natural[57,3]",4.82775,0.0159438,2.17316,2.22453,1.53338,4.68272,8.64595,19395.4,12146.4,1.38793,1.0001,N111_H7_zero_full,111,4,4000,3000,0.99,0,0,0.6883582985245386,True
"natural[57,4]",3.64902,0.0157656,2.29164,2.29727,0.336382,3.39207,7.86367,20964.7,11569.3,1.50023,1.00015,N111_H7_zero_full,111,4,4000,3000,0.99,0,0,0.6883582985245386,True
"natural[57,5]",2.09313,0.003996,0.574882,0.569788,1.21205,2.06063,3.08133,21205.9,13741.9,1.51749,1.00002,N111_H7_zero_full,111,4,4000,3000,0.99,0,0,0.6883582985245386,True
"natural[58,1]",0.102016,0.000815798,0.0774921,0.0734913,0.0117818,0.0836412,0.25154,7935.5,9258.96,0.567863,1.0009,N111_H7_zero_full,111,4,4000,3000,0.99,0,0,0.6883582985245386,True
"natural[58,2]",0.257247,0.000725167,0.101519,0.09058,0.124325,0.24079,0.446116,18455.9,13225.2,1.3207,1.00016,N111_H7_zero_full,111,4,4000,3000,0.99,0,0,0.6883582985245386,True
"natural[58,3]",5.94908,0.0131354,1.70166,1.65335,3.39047,5.80603,8.98607,18169.5,12264.6,1.30021,1.00048,N111_H7_zero_full,111,4,4000,3000,0.99,0,0,0.6883582985245386,True
"natural[58,4]",3.86916,0.0121481,1.58573,1.47945,1.70593,3.63783,6.84284,19863.3,12864.9,1.42141,1.00008,N111_H7_zero_full,111,4,4000,3000,0.99,0,0,0.6883582985245386,True
"natural[58,5]",0.954848,0.00313468,0.473504,0.468976,0.195129,0.950797,1.75031,23029.5,14766.2,1.64798,1.00016,N111_H7_zero_full,111,4,4000,3000,0.99,0,0,0.6883582985245386,True
"natural[59,1]",0.0286534,0.000210208,0.0226697,0.0187248,0.00376916,0.023126,0.0728962,9469.24,9784.13,0.677617,1.00029,N111_H7_zero_full,111,4,4000,3000,0.99,0,0,0.6883582985245386,True
"natural[59,2]",1.69241,0.00341703,0.455219,0.447025,1.00768,1.65802,2.49425,17178.4,13416.2,1.22928,1.00032,N111_H7_zero_full,111,4,4000,3000,0.99,0,0,0.6883582985245386,True
"natural[59,3]",0.497008,0.00111536,0.140254,0.127737,0.268891,0.496285,0.726423,15739.1,11282.6,1.12629,1.0007,N111_H7_zero_full,111,4,4000,3000,0.99,0,0,0.6883582985245386,True
"natural[59,4]",0.0612201,0.000512173,0.0682896,0.0433117,0.00160242,0.0353313,0.203731,14840.3,11207.7,1.06197,1.00013,N111_H7_zero_full,111,4,4000,3000,0.99,0,0,0.6883582985245386,True
"natural[59,5]",3.79006,0.00477675,0.72154,0.716361,2.66829,3.75686,5.02721,22896.0,13377.7,1.63843,1.00015,N111_H7_zero_full,111,4,4000,3000,0.99,0,0,0.6883582985245386,True
"natural[60,1]",0.113176,0.00149999,0.135556,0.0623605,0.0100415,0.0661566,0.413629,7081.27,9250.03,0.506734,1.00046,N111_H7_zero_full,111,4,4000,3000,0.99,0,0,0.6883582985245386,True
"natural[60,2]",0.374417,0.00247732,0.276956,0.278674,0.0422914,0.321182,0.900918,10126.0,10968.0,0.724616,1.00014,N111_H7_zero_full,111,4,4000,3000,0.99,0,0,0.6883582985245386,True
"natural[60,3]",1.11603,0.0173949,1.48372,0.552622,0.0622502,0.548366,4.40866,10659.5,9226.66,0.762791,1.00002,N111_H7_zero_full,111,4,4000,3000,0.99,0,0,0.6883582985245386,True
"natural[60,4]",0.3708,0.00935436,0.910552,0.0643715,0.000475438,0.0446873,2.08174,12216.8,10459.6,0.874232,1.0001,N111_H7_zero_full,111,4,4000,3000,0.99,0,0,0.6883582985245386,True
"natural[60,5]",1.36645,0.00464227,0.595393,0.586922,0.417018,1.34611,2.37358,16360.0,13250.0,1.17072,0.999897,N111_H7_zero_full,111,4,4000,3000,0.99,0,0,0.6883582985245386,True
"natural[61,1]",0.107243,0.00059346,0.0729474,0.06764,0.0172817,0.0939383,0.245035,12821.4,10189.5,0.917496,0.999984,N111_H7_zero_full,111,4,4000,3000,0.99,0,0,0.6883582985245386,True
"natural[61,2]",0.258046,0.00104598,0.141754,0.123294,0.0864875,0.227374,0.53218,15760.6,11557.1,1.12783,1.00004,N111_H7_zero_full,111,4,4000,3000,0.99,0,0,0.6883582985245386,True
"natural[61,3]",4.15793,0.0129055,1.64225,1.5968,1.87267,3.9451,7.15111,18372.4,11859.9,1.31472,1.00029,N111_H7_zero_full,111,4,4000,3000,0.99,0,0,0.6883582985245386,True
"natural[61,4]",1.8568,0.010791,1.34364,1.07273,0.284434,1.53163,4.5525,18017.5,11401.9,1.28933,1.00023,N111_H7_zero_full,111,4,4000,3000,0.99,0,0,0.6883582985245386,True
"natural[61,5]",1.77727,0.00347888,0.535464,0.530747,0.950783,1.75063,2.68129,24439.1,13411.1,1.74886,1.00017,N111_H7_zero_full,111,4,4000,3000,0.99,0,0,0.6883582985245386,True
"natural[62,1]",0.02142,0.00030451,0.0225934,0.0133459,0.00186337,0.0141013,0.0665366,5244.18,8716.79,0.375272,1.00078,N111_H7_zero_full,111,4,4000,3000,0.99,0,0,0.6883582985245386,True
"natural[62,2]",3.15474,0.0176826,1.55321,1.48732,1.12007,2.91534,6.02658,6186.61,7529.96,0.442713,1.00035,N111_H7_zero_full,111,4,4000,3000,0.99,0,0,0.6883582985245386,True
"natural[62,3]",0.778369,0.00285857,0.235995,0.149609,0.553553,0.716163,1.21037,8295.64,9116.68,0.593634,1.00058,N111_H7_zero_full,111,4,4000,3000,0.99,0,0,0.6883582985245386,True
"natural[62,4]",0.32773,0.00189643,0.122314,0.0911073,0.0407546,0.362127,0.467553,5525.88,4967.16,0.395431,1.00075,N111_H7_zero_full,111,4,4000,3000,0.99,0,0,0.6883582985245386,True
"natural[62,5]",1.28702,0.00500788,0.595594,0.582782,0.345488,1.27526,2.304,14227.3,12713.2,1.01811,1.00021,N111_H7_zero_full,111,4,4000,3000,0.99,0,0,0.6883582985245386,True
"natural[63,1]",0.172839,0.00114003,0.106558,0.110419,0.0214202,0.163168,0.364133,7592.8,7310.46,0.543339,1.00044,N111_H7_zero_full,111,4,4000,3000,0.99,0,0,0.6883582985245386,True
"natural[63,2]",0.282411,0.000913669,0.119352,0.113013,0.121087,0.2636,0.506964,15032.3,12191.0,1.07571,1.00021,N111_H7_zero_full,111,4,4000,3000,0.99,0,0,0.6883582985245386,True
"natural[63,3]",6.00751,0.0142507,1.66463,1.61675,3.54308,5.84521,8.9705,14538.3,12659.9,1.04036,1.00047,N111_H7_zero_full,111,4,4000,3000,0.99,0,0,0.6883582985245386,True
"natural[63,4]",3.61119,0.0141767,1.72712,1.57821,1.38606,3.30131,6.9122,17921.3,11793.3,1.28244,1.00017,N111_H7_zero_full,111,4,4000,3000,0.99,0,0,0.6883582985245386,True
"natural[63,5]",2.72183,0.00504653,0.741146,0.726955,1.58854,2.67191,4.00416,22806.9,12879.5,1.63206,1.00034,N111_H7_zero_full,111,4,4000,3000,0.99,0,0,0.6883582985245386,True
"natural[64,1]",0.0438556,0.000245138,0.0287597,0.0264725,0.00832636,0.0385808,0.0978112,11937.2,9240.31,0.854224,1.00011,N111_H7_zero_full,111,4,4000,3000,0.99,0,0,0.6883582985245386,True
"natural[64,2]",2.15663,0.0037632,0.547103,0.532364,1.3323,2.11516,3.12803,19674.3,12564.6,1.40789,1.00004,N111_H7_zero_full,111,4,4000,3000,0.99,0,0,0.6883582985245386,True
"natural[64,3]",0.356587,0.000848437,0.0964816,0.0895274,0.194841,0.358733,0.509122,13668.6,9044.53,0.978123,1.00048,N111_H7_zero_full,111,4,4000,3000,0.99,0,0,0.6883582985245386,True
"natural[64,4]",0.0247376,0.000335037,0.0420314,0.010898,0.000318554,0.00840904,0.110521,16782.1,11874.0,1.20093,0.999907,N111_H7_zero_full,111,4,4000,3000,0.99,0,0,0.6883582985245386,True
"natural[64,5]",1.36437,0.00341925,0.509676,0.505552,0.540987,1.34983,2.23606,22259.9,13600.9,1.59291,1.00023,N111_H7_zero_full,111,4,4000,3000,0.99,0,0,0.6883582985245386,True
"natural[65,1]",0.0769715,0.000676952,0.0667101,0.0521372,0.00831374,0.0574958,0.209738,7359.62,9211.45,0.526653,1.00016,N111_H7_zero_full,111,4,4000,3000,0.99,0,0,0.6883582985245386,True
"natural[65,2]",0.288376,0.000892134,0.128262,0.117715,0.121225,0.266676,0.531409,18886.9,12712.0,1.35155,1.00002,N111_H7_zero_full,111,4,4000,3000,0.99,0,0,0.6883582985245386,True
"natural[65,3]",5.76136,0.0129704,1.64011,1.60252,3.34096,5.62783,8.68195,17226.2,12353.3,1.2327,1.00006,N111_H7_zero_full,111,4,4000,3000,0.99,0,0,0.6883582985245386,True
"natural[65,4]",3.28864,0.0126514,1.61502,1.45286,1.25047,2.97333,6.3317,20180.9,12354.1,1.44414,0.999917,N111_H7_zero_full,111,4,4000,3000,0.99,0,0,0.6883582985245386,True
"natural[65,5]",2.83818,0.00487888,0.747662,0.730521,1.70072,2.78719,4.16294,25705.8,11989.2,1.8395,1.00014,N111_H7_zero_full,111,4,4000,3000,0.99,0,0,0.6883582985245386,True
"natural[66,1]",0.0879816,0.000491522,0.0586535,0.0542969,0.0148285,0.0770908,0.198235,11816.7,8886.36,0.8456,1.00005,N111_H7_zero_full,111,4,4000,3000,0.99,0,0,0.6883582985245386,True
"natural[66,2]",0.616192,0.00204107,0.268997,0.257922,0.242278,0.580073,1.11366,15422.3,10682.9,1.10361,1.00009,N111_H7_zero_full,111,4,4000,3000,0.99,0,0,0.6883582985245386,True
"natural[66,3]",2.31869,0.00874291,0.976334,0.844322,1.12589,2.12758,4.13487,17347.4,10401.3,1.24138,1.00031,N111_H7_zero_full,111,4,4000,3000,0.99,0,0,0.6883582985245386,True
"natural[66,4]",0.333737,0.00281925,0.338622,0.250065,0.0153213,0.255177,0.895181,17475.3,12275.4,1.25053,1.00016,N111_H7_zero_full,111,4,4000,3000,0.99,0,0,0.6883582985245386,True
"natural[66,5]",2.02289,0.00347408,0.542697,0.540625,1.16006,2.00874,2.94657,24336.4,13229.2,1.74151,1.00031,N111_H7_zero_full,111,4,4000,3000,0.99,0,0,0.6883582985245386,True
"natural[67,1]",0.0164772,0.000146143,0.0157536,0.0105151,0.00186712,0.0117082,0.0469749,10561.7,11937.2,0.755794,1.00024,N111_H7_zero_full,111,4,4000,3000,0.99,0,0,0.6883582985245386,True
"natural[67,2]",2.03542,0.00393289,0.518069,0.503239,1.24903,1.99848,2.93886,17202.0,13900.1,1.23097,1.00007,N111_H7_zero_full,111,4,4000,3000,0.99,0,0,0.6883582985245386,True
"natural[67,3]",1.02279,0.00198164,0.252767,0.223042,0.699733,0.979549,1.49571,17925.8,13533.9,1.28277,1.0001,N111_H7_zero_full,111,4,4000,3000,0.99,0,0,0.6883582985245386,True
"natural[67,4]",0.0891097,0.00057136,0.0747254,0.0721697,0.00492553,0.0698817,0.236129,14491.4,10432.2,1.037,1.00022,N111_H7_zero_full,111,4,4000,3000,0.99,0,0,0.6883582985245386,True
"natural[67,5]",3.96196,0.00519237,0.777909,0.764616,2.75346,3.92115,5.29999,23367.0,12006.5,1.67214,1.00014,N111_H7_zero_full,111,4,4000,3000,0.99,0,0,0.6883582985245386,True
"natural[68,1]",0.0500115,0.000651259,0.0574927,0.0277667,0.00701557,0.0354089,0.134033,11551.7,10078.1,0.82664,1.00021,N111_H7_zero_full,111,4,4000,3000,0.99,0,0,0.6883582985245386,True
"natural[68,2]",0.567512,0.00251581,0.30655,0.314885,0.139419,0.531487,1.12592,12835.8,9435.96,0.918527,1.00001,N111_H7_zero_full,111,4,4000,3000,0.99,0,0,0.6883582985245386,True
"natural[68,3]",1.66453,0.00995287,0.979339,0.657761,0.665916,1.39922,3.60635,15135.7,9043.06,1.08311,1.00004,N111_H7_zero_full,111,4,4000,3000,0.99,0,0,0.6883582985245386,True
"natural[68,4]",0.109094,0.00275394,0.267516,0.0486976,0.00176171,0.0393224,0.394055,15927.8,11447.9,1.13979,1.00019,N111_H7_zero_full,111,4,4000,3000,0.99,0,0,0.6883582985245386,True
"natural[68,5]",0.544751,0.00343988,0.500854,0.497602,-0.263515,0.535942,1.38341,21128.4,14478.5,1.51195,1.00008,N111_H7_zero_full,111,4,4000,3000,0.99,0,0,0.6883582985245386,True
"natural[69,1]",0.0938775,0.000725271,0.0771031,0.0537106,0.0157583,0.0751086,0.232215,11509.9,9176.36,0.823647,1.00023,N111_H7_zero_full,111,4,4000,3000,0.99,0,0,0.6883582985245386,True
"natural[69,2]",0.273848,0.00152883,0.188964,0.173038,0.0511875,0.230407,0.643861,12272.4,10154.4,0.878209,1.00006,N111_H7_zero_full,111,4,4000,3000,0.99,0,0,0.6883582985245386,True
"natural[69,3]",2.16768,0.0168103,1.62422,1.2147,0.477908,1.68039,5.47697,13404.0,9552.55,0.959187,1.00011,N111_H7_zero_full,111,4,4000,3000,0.99,0,0,0.6883582985245386,True
"natural[69,4]",0.700862,0.010403,1.06042,0.399675,0.0059309,0.300426,2.88311,14219.5,10774.4,1.01754,1.00029,N111_H7_zero_full,111,4,4000,3000,0.99,0,0,0.6883582985245386,True
"natural[69,5]",1.70309,0.00343985,0.481479,0.480448,0.938086,1.69003,2.51195,19574.5,14606.4,1.40075,1.00034,N111_H7_zero_full,111,4,4000,3000,0.99,0,0,0.6883582985245386,True
"natural[70,1]",0.101422,0.000996401,0.0879502,0.0715656,0.00907941,0.0750511,0.281958,6556.21,9496.52,0.469161,1.00012,N111_H7_zero_full,111,4,4000,3000,0.99,0,0,0.6883582985245386,True
"natural[70,2]",0.229577,0.00068532,0.0919647,0.0831794,0.108533,0.214501,0.403713,17005.6,12955.2,1.21692,1.0001,N111_H7_zero_full,111,4,4000,3000,0.99,0,0,0.6883582985245386,True
"natural[70,3]",6.33937,0.0145511,1.84961,1.79854,3.56443,6.20328,9.57446,17468.5,12074.2,1.25004,1.00034,N111_H7_zero_full,111,4,4000,3000,0.99,0,0,0.6883582985245386,True
"natural[70,4]",5.40207,0.014529,1.98751,1.94104,2.60159,5.17209,9.02612,22808.4,11303.3,1.63216,1.00032,N111_H7_zero_full,111,4,4000,3000,0.99,0,0,0.6883582985245386,True
"natural[70,5]",3.53217,0.00628622,0.916996,0.910457,2.15046,3.46014,5.13144,23557.7,12399.9,1.68578,0.999856,N111_H7_zero_full,111,4,4000,3000,0.99,0,0,0.6883582985245386,True
"natural[71,1]",0.121064,0.00101855,0.1136,0.0737124,0.0143978,0.0875829,0.34703,11319.7,10783.7,0.810036,1.00004,N111_H7_zero_full,111,4,4000,3000,0.99,0,0,0.6883582985245386,True
"natural[71,2]",0.565911,0.00305267,0.363616,0.377956,0.076383,0.518113,1.22505,12034.7,9906.49,0.8612,0.999941,N111_H7_zero_full,111,4,4000,3000,0.99,0,0,0.6883582985245386,True
"natural[71,3]",0.80533,0.0112132,1.02359,0.41254,0.0616348,0.480579,2.81767,12931.1,8847.32,0.925346,0.999999,N111_H7_zero_full,111,4,4000,3000,0.99,0,0,0.6883582985245386,True
"natural[71,4]",0.1411,0.00492469,0.48326,0.0265725,0.000345147,0.0190485,0.591971,14524.9,10401.3,1.0394,0.999994,N111_H7_zero_full,111,4,4000,3000,0.99,0,0,0.6883582985245386,True
"natural[71,5]",1.28708,0.00401927,0.601594,0.610649,0.332711,1.26795,2.30051,22368.2,13339.5,1.60067,0.999999,N111_H7_zero_full,111,4,4000,3000,0.99,0,0,0.6883582985245386,True
"natural[72,1]",0.232597,0.00213435,0.196934,0.156938,0.0250037,0.171371,0.656008,8040.55,9820.73,0.57538,1.00036,N111_H7_zero_full,111,4,4000,3000,0.99,0,0,0.6883582985245386,True
"natural[72,2]",0.145571,0.000830204,0.113976,0.093914,0.0228151,0.114617,0.371212,16300.2,12769.6,1.16644,0.99995,N111_H7_zero_full,111,4,4000,3000,0.99,0,0,0.6883582985245386,True
"natural[72,3]",2.01269,0.0173506,1.86104,1.37163,0.149092,1.38637,5.8834,15888.8,11031.0,1.137,1.00041,N111_H7_zero_full,111,4,4000,3000,0.99,0,0,0.6883582985245386,True
"natural[72,4]",0.544997,0.0105507,1.12278,0.116759,0.000671214,0.0805798,2.89145,15753.1,11948.0,1.12729,1.00016,N111_H7_zero_full,111,4,4000,3000,0.99,0,0,0.6883582985245386,True
"natural[72,5]",-0.113654,0.00283949,0.376402,0.374172,-0.727099,-0.118679,0.507519,17726.7,14642.6,1.26852,0.999916,N111_H7_zero_full,111,4,4000,3000,0.99,0,0,0.6883582985245386,True
"natural[73,1]",0.0554375,0.000338413,0.0379214,0.0336688,0.00931347,0.0478452,0.127375,9664.75,8729.71,0.691607,1.00029,N111_H7_zero_full,111,4,4000,3000,0.99,0,0,0.6883582985245386,True
"natural[73,2]",1.34045,0.00235363,0.323775,0.311849,0.836531,1.32047,1.89713,18782.2,13731.7,1.34405,1.0001,N111_H7_zero_full,111,4,4000,3000,0.99,0,0,0.6883582985245386,True
"natural[73,3]",0.121575,0.000611439,0.0919802,0.0886439,0.0123901,0.1012,0.299918,19173.3,11860.2,1.37203,1.00006,N111_H7_zero_full,111,4,4000,3000,0.99,0,0,0.6883582985245386,True
"natural[73,4]",0.0212845,0.000402458,0.0445699,0.00550097,6.68084e-05,0.00393233,0.113111,15500.3,12936.3,1.1092,1.00021,N111_H7_zero_full,111,4,4000,3000,0.99,0,0,0.6883582985245386,True
"natural[73,5]",2.28343,0.00335588,0.514703,0.516459,1.46282,2.26769,3.14687,23505.4,13565.0,1.68204,1.00041,N111_H7_zero_full,111,4,4000,3000,0.99,0,0,0.6883582985245386,True
"natural[74,1]",0.102113,0.000902632,0.0943851,0.0657218,0.0114527,0.0744878,0.28696,9250.61,10076.1,0.661972,1.00016,N111_H7_zero_full,111,4,4000,3000,0.99,0,0,0.6883582985245386,True
"natural[74,2]",0.157611,0.000587493,0.0817739,0.0692662,0.0591143,0.140271,0.314877,17883.1,12924.8,1.27971,1.00002,N111_H7_zero_full,111,4,4000,3000,0.99,0,0,0.6883582985245386,True
"natural[74,3]",5.17012,0.0141901,1.84542,1.84547,2.43938,5.0,8.4376,18425.2,12081.0,1.31851,1.00009,N111_H7_zero_full,111,4,4000,3000,0.99,0,0,0.6883582985245386,True
"natural[74,4]",3.46448,0.0137649,1.90438,1.80044,0.9193,3.15786,7.07116,21768.5,12704.8,1.55775,0.999963,N111_H7_zero_full,111,4,4000,3000,0.99,0,0,0.6883582985245386,True
"natural[74,5]",2.46969,0.00420145,0.643234,0.623986,1.47705,2.43008,3.58525,24696.7,12711.7,1.76729,1.00007,N111_H7_zero_full,111,4,4000,3000,0.99,0,0,0.6883582985245386,True
"natural[75,1]",0.0230279,0.000200654,0.0192879,0.015339,0.00268396,0.0178978,0.061088,7936.5,9694.44,0.567934,1.00018,N111_H7_zero_full,111,4,4000,3000,0.99,0,0,0.6883582985245386,True
"natural[75,2]",1.77906,0.00345018,0.432486,0.436276,1.10763,1.76443,2.51574,15524.8,13720.0,1.11095,1.00005,N111_H7_zero_full,111,4,4000,3000,0.99,0,0,0.6883582985245386,True
"natural[75,3]",0.816527,0.00148101,0.186855,0.162988,0.565763,0.791663,1.14406,17401.3,13151.8,1.24523,0.999976,N111_H7_zero_full,111,4,4000,3000,0.99,0,0,0.6883582985245386,True
"natural[75,4]",0.0370922,0.000285044,0.0385897,0.0260378,0.00194475,0.0243497,0.115962,16196.2,11617.7,1.159,1.00012,N111_H7_zero_full,111,4,4000,3000,0.99,0,0,0.6883582985245386,True
"natural[75,5]",3.96551,0.00546261,0.765653,0.750823,2.75994,3.92784,5.30811,20150.2,13282.3,1.44194,1.00001,N111_H7_zero_full,111,4,4000,3000,0.99,0,0,0.6883582985245386,True
"natural[76,1]",0.0219304,0.000223384,0.0194942,0.0156632,0.00176748,0.0160246,0.0610944,6040.28,9419.2,0.432241,0.999989,N111_H7_zero_full,111,4,4000,3000,0.99,0,0,0.6883582985245386,True
"natural[76,2]",3.18504,0.00541986,0.746451,0.717038,2.08753,3.11397,4.5203,19100.4,14823.8,1.36682,1.00007,N111_H7_zero_full,111,4,4000,3000,0.99,0,0,0.6883582985245386,True
"natural[76,3]",1.86452,0.0072607,0.803168,0.686396,0.925736,1.68023,3.42524,15679.7,9389.51,1.12203,1.00029,N111_H7_zero_full,111,4,4000,3000,0.99,0,0,0.6883582985245386,True
"natural[76,4]",0.0973098,0.000552304,0.0710447,0.075449,0.00768885,0.0844633,0.23307,14903.3,11641.0,1.06648,1.00008,N111_H7_zero_full,111,4,4000,3000,0.99,0,0,0.6883582985245386,True
"natural[76,5]",3.7097,0.00536976,0.808058,0.789298,2.44723,3.67193,5.1213,23148.3,12471.2,1.65649,1.00021,N111_H7_zero_full,111,4,4000,3000,0.99,0,0,0.6883582985245386,True
"natural[77,1]",0.0700761,0.000457183,0.0450997,0.0466338,0.00961724,0.0637376,0.152843,7615.55,6510.03,0.544967,1.00063,N111_H7_zero_full,111,4,4000,3000,0.99,0,0,0.6883582985245386,True
"natural[77,2]",1.37145,0.00512242,0.576848,0.573528,0.533854,1.31277,2.40007,11184.4,10136.5,0.800357,1.00016,N111_H7_zero_full,111,4,4000,3000,0.99,0,0,0.6883582985245386,True
"natural[77,3]",2.16661,0.011962,1.04421,0.794232,1.04189,1.90084,4.27965,10998.0,7650.29,0.787011,1.00029,N111_H7_zero_full,111,4,4000,3000,0.99,0,0,0.6883582985245386,True
"natural[77,4]",1.53536,0.00687855,0.708784,0.50443,0.799081,1.35398,2.90685,12438.1,11659.5,0.89007,1.00019,N111_H7_zero_full,111,4,4000,3000,0.99,0,0,0.6883582985245386,True
"natural[77,5]",0.996329,0.00481835,0.625811,0.618353,0.00447917,0.970047,2.07015,16849.1,13151.2,1.20572,1.00025,N111_H7_zero_full,111,4,4000,3000,0.99,0,0,0.6883582985245386,True
"natural[78,1]",0.0727381,0.000634443,0.0646084,0.0448925,0.00993749,0.0537907,0.20143,8596.71,9792.96,0.615178,1.00006,N111_H7_zero_full,111,4,4000,3000,0.99,0,0,0.6883582985245386,True
"natural[78,2]",0.237608,0.000711252,0.0974266,0.0925196,0.102391,0.224077,0.415555,17960.0,11180.9,1.28521,1.00012,N111_H7_zero_full,111,4,4000,3000,0.99,0,0,0.6883582985245386,True
"natural[78,3]",5.3613,0.0117125,1.47311,1.45883,3.18001,5.23508,7.96946,16654.2,11957.2,1.19177,0.999925,N111_H7_zero_full,111,4,4000,3000,0.99,0,0,0.6883582985245386,True
"natural[78,4]",1.40152,0.00797314,1.01961,0.813428,0.207266,1.17841,3.3614,18526.6,12320.1,1.32576,1.00027,N111_H7_zero_full,111,4,4000,3000,0.99,0,0,0.6883582985245386,True
"natural[78,5]",1.1105,0.00310731,0.44982,0.447643,0.398372,1.09819,1.86964,21193.8,14206.2,1.51663,0.999887,N111_H7_zero_full,111,4,4000,3000,0.99,0,0,0.6883582985245386,True
"natural[79,1]",0.106476,0.000929312,0.0930941,0.0683,0.0123321,0.0778764,0.297827,8417.98,10289.2,0.602389,1.00024,N111_H7_zero_full,111,4,4000,3000,0.99,0,0,0.6883582985245386,True
"natural[79,2]",0.382064,0.00119934,0.164645,0.15362,0.158396,0.356583,0.691709,17429.2,12280.1,1.24723,1.0005,N111_H7_zero_full,111,4,4000,3000,0.99,0,0,0.6883582985245386,True
"natural[79,3]",4.72148,0.0119996,1.45794,1.39715,2.64477,4.5561,7.3707,16004.3,11879.0,1.14527,1.00013,N111_H7_zero_full,111,4,4000,3000,0.99,0,0,0.6883582985245386,True
"natural[79,4]",1.33173,0.00678088,0.866562,0.654146,0.327736,1.14293,2.99279,18398.0,12343.5,1.31656,1.00005,N111_H7_zero_full,111,4,4000,3000,0.99,0,0,0.6883582985245386,True
"natural[79,5]",0.429403,0.00288162,0.439906,0.439004,-0.279225,0.422806,1.16552,23650.6,14441.5,1.69243,0.999984,N111_H7_zero_full,111,4,4000,3000,0.99,0,0,0.6883582985245386,True
"natural[80,1]",0.0596419,0.000821766,0.0672239,0.0354934,0.00474932,0.0349777,0.202829,5971.47,10878.0,0.427317,1.00021,N111_H7_zero_full,111,4,4000,3000,0.99,0,0,0.6883582985245386,True
"natural[80,2]",0.341627,0.000954298,0.126176,0.116553,0.169815,0.32362,0.573032,18053.2,11531.0,1.29189,1.00047,N111_H7_zero_full,111,4,4000,3000,0.99,0,0,0.6883582985245386,True
"natural[80,3]",6.79166,0.0127344,1.78538,1.74927,4.08332,6.65542,9.89753,20013.9,13440.3,1.43219,1.00031,N111_H7_zero_full,111,4,4000,3000,0.99,0,0,0.6883582985245386,True
"natural[80,4]",5.80919,0.0132522,1.93479,1.87393,2.99057,5.60865,9.32402,23753.3,12693.5,1.69978,1.00001,N111_H7_zero_full,111,4,4000,3000,0.99,0,0,0.6883582985245386,True
"natural[80,5]",2.46574,0.00477402,0.70905,0.691789,1.36314,2.42127,3.68548,23123.1,12992.2,1.65468,1.00006,N111_H7_zero_full,111,4,4000,3000,0.99,0,0,0.6883582985245386,True
"natural[81,1]",0.045875,0.000355992,0.0418822,0.028847,0.00568793,0.0346244,0.122089,13337.2,9877.97,0.954406,1.00035,N111_H7_zero_full,111,4,4000,3000,0.99,0,0,0.6883582985245386,True
"natural[81,2]",0.683944,0.00228632,0.286004,0.287455,0.240831,0.665427,1.18453,14546.8,10126.9,1.04097,1.00022,N111_H7_zero_full,111,4,4000,3000,0.99,0,0,0.6883582985245386,True
"natural[81,3]",0.634732,0.00444244,0.458501,0.293519,0.139825,0.557094,1.33337,14156.4,10186.2,1.01303,1.00085,N111_H7_zero_full,111,4,4000,3000,0.99,0,0,0.6883582985245386,True
"natural[81,4]",0.073107,0.00134816,0.148707,0.0376759,0.000942432,0.0291075,0.275982,17559.0,12665.2,1.25652,1.0002,N111_H7_zero_full,111,4,4000,3000,0.99,0,0,0.6883582985245386,True
"natural[81,5]",2.45757,0.00370456,0.558247,0.546165,1.5572,2.43889,3.40341,22492.2,12828.0,1.60954,1.00023,N111_H7_zero_full,111,4,4000,3000,0.99,0,0,0.6883582985245386,True
"natural[82,1]",0.0532829,0.000568061,0.0525855,0.0331935,0.00524564,0.036393,0.159836,7741.9,9841.08,0.554009,1.00046,N111_H7_zero_full,111,4,4000,3000,0.99,0,0,0.6883582985245386,True
"natural[82,2]",0.253744,0.000675003,0.0967653,0.0894689,0.125028,0.238139,0.433476,19470.9,13001.2,1.39334,1.00026,N111_H7_zero_full,111,4,4000,3000,0.99,0,0,0.6883582985245386,True
"natural[82,3]",6.7238,0.0128934,1.76553,1.73929,4.07285,6.59184,9.83167,19742.2,13081.2,1.41274,1.00056,N111_H7_zero_full,111,4,4000,3000,0.99,0,0,0.6883582985245386,True
"natural[82,4]",5.24801,0.0135136,1.91494,1.87393,2.54035,5.01861,8.70815,23529.8,11724.8,1.68378,1.00072,N111_H7_zero_full,111,4,4000,3000,0.99,0,0,0.6883582985245386,True
"natural[82,5]",2.90293,0.00513649,0.783791,0.777637,1.71386,2.85449,4.26831,24818.1,12211.2,1.77598,1.00041,N111_H7_zero_full,111,4,4000,3000,0.99,0,0,0.6883582985245386,True
"natural[83,1]",0.016956,0.000121126,0.0145632,0.0107016,0.00228294,0.0127868,0.0462109,13652.2,12979.4,0.976948,1.00016,N111_H7_zero_full,111,4,4000,3000,0.99,0,0,0.6883582985245386,True
"natural[83,2]",2.51802,0.00505459,0.695788,0.667204,1.47562,2.45599,3.75497,18443.8,13219.1,1.31984,1.00001,N111_H7_zero_full,111,4,4000,3000,0.99,0,0,0.6883582985245386,True
"natural[83,3]",0.143584,0.00068342,0.099516,0.10664,0.0138263,0.127532,0.326633,18139.2,11282.3,1.29804,1.00017,N111_H7_zero_full,111,4,4000,3000,0.99,0,0,0.6883582985245386,True
"natural[83,4]",0.0150561,0.000248986,0.0301435,0.00511232,8.18597e-05,0.00375245,0.0727547,17116.4,13016.3,1.22485,1.00015,N111_H7_zero_full,111,4,4000,3000,0.99,0,0,0.6883582985245386,True
"natural[83,5]",2.37596,0.00481408,0.756101,0.762896,1.16878,2.35983,3.6606,24836.7,12222.9,1.77731,0.99986,N111_H7_zero_full,111,4,4000,3000,0.99,0,0,0.6883582985245386,True
"natural[84,1]",0.153941,0.00123306,0.138445,0.100211,0.0170444,0.111464,0.437638,11229.4,9343.35,0.803572,1.00053,N111_H7_zero_full,111,4,4000,3000,0.99,0,0,0.6883582985245386,True
"natural[84,2]",0.208519,0.000874704,0.128993,0.111385,0.0537563,0.180918,0.457629,19497.6,12311.3,1.39525,0.999992,N111_H7_zero_full,111,4,4000,3000,0.99,0,0,0.6883582985245386,True
"natural[84,3]",3.47723,0.0132494,1.74762,1.693,1.0316,3.26355,6.70273,19384.0,11160.4,1.38712,0.999946,N111_H7_zero_full,111,4,4000,3000,0.99,0,0,0.6883582985245386,True
"natural[84,4]",0.852897,0.00925208,1.12099,0.544024,0.010628,0.414285,3.15364,19827.9,12757.7,1.41888,1.00013,N111_H7_zero_full,111,4,4000,3000,0.99,0,0,0.6883582985245386,True
"natural[84,5]",0.416374,0.0035253,0.522041,0.509381,-0.423383,0.407214,1.2973,22280.6,12406.3,1.59439,1.0004,N111_H7_zero_full,111,4,4000,3000,0.99,0,0,0.6883582985245386,True
"natural[85,1]",0.577654,0.00217891,0.185976,0.172704,0.206183,0.602691,0.839389,8776.57,5262.76,0.62805,1.00054,N111_H7_zero_full,111,4,4000,3000,0.99,0,0,0.6883582985245386,True
"natural[85,2]",0.185797,0.00096131,0.10059,0.0988715,0.054708,0.170464,0.372543,9545.8,11089.4,0.683095,1.00023,N111_H7_zero_full,111,4,4000,3000,0.99,0,0,0.6883582985245386,True
"natural[85,3]",3.29351,0.0233338,1.97751,1.9201,0.744645,2.93709,7.08944,7334.45,10314.5,0.524851,1.0002,N111_H7_zero_full,111,4,4000,3000,0.99,0,0,0.6883582985245386,True
"natural[85,4]",1.636,0.0161985,1.62113,1.4246,0.0106215,1.19455,4.87152,8588.26,9847.19,0.614574,1.00017,N111_H7_zero_full,111,4,4000,3000,0.99,0,0,0.6883582985245386,True
"natural[85,5]",0.98256,0.00370259,0.434759,0.433906,0.291417,0.96957,1.70967,13910.0,14711.3,0.995394,1.00002,N111_H7_zero_full,111,4,4000,3000,0.99,0,0,0.6883582985245386,True
"natural[86,1]",0.0433357,0.000337308,0.0398771,0.0263254,0.00582164,0.0322537,0.117194,13672.8,11812.6,0.978424,1.00009,N111_H7_zero_full,111,4,4000,3000,0.99,0,0,0.6883582985245386,True
"natural[86,2]",0.967382,0.00249396,0.331779,0.328143,0.459558,0.943455,1.55148,16826.6,11709.2,1.20411,1.00018,N111_H7_zero_full,111,4,4000,3000,0.99,0,0,0.6883582985245386,True
"natural[86,3]",1.6061,0.00557215,0.660238,0.545629,0.822419,1.46847,2.8398,19353.4,10497.2,1.38492,1.00052,N111_H7_zero_full,111,4,4000,3000,0.99,0,0,0.6883582985245386,True
"natural[86,4]",0.100462,0.000706552,0.101101,0.0762093,0.00439075,0.068339,0.301435,21328.3,12811.8,1.52625,1.00037,N111_H7_zero_full,111,4,4000,3000,0.99,0,0,0.6883582985245386,True
"natural[86,5]",2.03628,0.00367433,0.563619,0.556774,1.13683,2.01486,2.99069,23675.8,13289.2,1.69424,1.00008,N111_H7_zero_full,111,4,4000,3000,0.99,0,0,0.6883582985245386,True
"natural[87,1]",0.0306104,0.000237619,0.0284937,0.019506,0.00348652,0.0220195,0.0869243,12059.9,10739.0,0.863006,1.00013,N111_H7_zero_full,111,4,4000,3000,0.99,0,0,0.6883582985245386,True
"natural[87,2]",1.39497,0.0053388,0.702337,0.67529,0.442295,1.29607,2.70066,15648.8,11171.5,1.11982,1.00022,N111_H7_zero_full,111,4,4000,3000,0.99,0,0,0.6883582985245386,True
"natural[87,3]",3.75781,0.0130881,1.4288,1.40271,1.6897,3.59428,6.31793,12886.4,12115.5,0.922151,1.00021,N111_H7_zero_full,111,4,4000,3000,0.99,0,0,0.6883582985245386,True
"natural[87,4]",1.3854,0.00688149,0.763161,0.475859,0.659941,1.17213,2.85857,16877.6,12551.2,1.20776,1.00009,N111_H7_zero_full,111,4,4000,3000,0.99,0,0,0.6883582985245386,True
"natural[87,5]",1.09787,0.00515839,0.778287,0.770281,-0.14555,1.07693,2.40733,22944.1,13240.2,1.64187,1.00031,N111_H7_zero_full,111,4,4000,3000,0.99,0,0,0.6883582985245386,True
"natural[88,1]",0.311508,0.000932782,0.104093,0.099605,0.154293,0.303663,0.493587,12401.6,9049.95,0.887459,1.00014,N111_H7_zero_full,111,4,4000,3000,0.99,0,0,0.6883582985245386,True
"natural[88,2]",0.35324,0.0013133,0.150693,0.141637,0.149518,0.330721,0.634476,12586.6,12943.8,0.900693,1.00057,N111_H7_zero_full,111,4,4000,3000,0.99,0,0,0.6883582985245386,True
"natural[88,3]",4.09243,0.0164398,1.58045,1.5489,1.87625,3.90397,7.02866,9235.03,11288.5,0.660857,1.00049,N111_H7_zero_full,111,4,4000,3000,0.99,0,0,0.6883582985245386,True
"natural[88,4]",2.17011,0.00938962,1.18719,1.01087,0.610769,1.96644,4.39448,16174.3,11543.2,1.15743,1.00071,N111_H7_zero_full,111,4,4000,3000,0.99,0,0,0.6883582985245386,True
"natural[88,5]",1.07503,0.00337533,0.483231,0.475289,0.313521,1.06039,1.89405,20643.9,14379.9,1.47727,1.00019,N111_H7_zero_full,111,4,4000,3000,0.99,0,0,0.6883582985245386,True
"natural[89,1]",0.114474,0.00120648,0.123162,0.0687514,0.0115278,0.0749793,0.354529,9378.62,9775.47,0.671132,1.00043,N111_H7_zero_full,111,4,4000,3000,0.99,0,0,0.6883582985245386,True
"natural[89,2]",0.127633,0.000713053,0.100458,0.0748689,0.0241881,0.0989491,0.325382,17804.8,12446.0,1.27411,1.00022,N111_H7_zero_full,111,4,4000,3000,0.99,0,0,0.6883582985245386,True
"natural[89,3]",3.27714,0.0177671,2.13623,2.10069,0.592153,2.86909,7.31844,17239.8,12277.2,1.23368,1.00054,N111_H7_zero_full,111,4,4000,3000,0.99,0,0,0.6883582985245386,True
"natural[89,4]",1.74382,0.0153045,1.90057,1.36512,0.0212231,1.08645,5.66795,18876.9,11898.5,1.35083,1.00002,N111_H7_zero_full,111,4,4000,3000,0.99,0,0,0.6883582985245386,True
"natural[89,5]",2.60008,0.0043216,0.629216,0.615141,1.64834,2.55274,3.70147,22224.3,13022.0,1.59037,1.00058,N111_H7_zero_full,111,4,4000,3000,0.99,0,0,0.6883582985245386,True
"natural[90,1]",0.0247148,0.000120026,0.0143997,0.0143821,0.00483312,0.0228368,0.0509747,12323.5,9696.06,0.88187,1.00039,N111_H7_zero_full,111,4,4000,3000,0.99,0,0,0.6883582985245386,True
"natural[90,2]",3.86211,0.0152219,1.4996,1.1603,2.13478,3.50216,6.86581,9922.96,14172.7,0.710085,1.00008,N111_H7_zero_full,111,4,4000,3000,0.99,0,0,0.6883582985245386,True
"natural[90,3]",0.486124,0.000513492,0.0632828,0.0560972,0.383695,0.486775,0.587335,15676.1,13074.3,1.12178,0.999986,N111_H7_zero_full,111,4,4000,3000,0.99,0,0,0.6883582985245386,True
"natural[90,4]",0.106612,0.00125147,0.109928,0.0847271,0.0011138,0.0604494,0.318549,8123.33,13084.4,0.581303,1.00036,N111_H7_zero_full,111,4,4000,3000,0.99,0,0,0.6883582985245386,True
"natural[90,5]",1.92529,0.00432233,0.5943,0.582433,0.982663,1.90471,2.93623,19237.8,13205.4,1.37665,0.999899,N111_H7_zero_full,111,4,4000,3000,0.99,0,0,0.6883582985245386,True
"natural[91,1]",0.0534014,0.000567766,0.0518256,0.0342849,0.00513837,0.0370396,0.156297,7075.81,9550.1,0.506344,1.00014,N111_H7_zero_full,111,4,4000,3000,0.99,0,0,0.6883582985245386,True
"natural[91,2]",0.239708,0.000675255,0.0894478,0.0834206,0.119454,0.226791,0.406276,17536.4,12977.5,1.2549,1.00022,N111_H7_zero_full,111,4,4000,3000,0.99,0,0,0.6883582985245386,True
"natural[91,3]",6.4582,0.0139953,1.84987,1.8273,3.66107,6.32091,9.73318,18196.7,13200.0,1.30215,1.00023,N111_H7_zero_full,111,4,4000,3000,0.99,0,0,0.6883582985245386,True
"natural[91,4]",6.2873,0.0143451,2.08745,2.0629,3.24857,6.08806,10.0607,23817.7,12131.3,1.70439,1.00014,N111_H7_zero_full,111,4,4000,3000,0.99,0,0,0.6883582985245386,True
"natural[91,5]",3.70162,0.00614292,0.943238,0.928813,2.28182,3.63216,5.35564,25144.8,12493.8,1.79935,1.00023,N111_H7_zero_full,111,4,4000,3000,0.99,0,0,0.6883582985245386,True
"natural[92,1]",0.031519,0.000243015,0.0278603,0.0199681,0.00416093,0.0239692,0.0838973,13324.0,11689.1,0.953466,1.00051,N111_H7_zero_full,111,4,4000,3000,0.99,0,0,0.6883582985245386,True
"natural[92,2]",1.76481,0.00518968,0.686952,0.656633,0.730243,1.71651,2.98463,15749.8,9398.08,1.12705,1.00074,N111_H7_zero_full,111,4,4000,3000,0.99,0,0,0.6883582985245386,True
"natural[92,3]",0.740117,0.00376627,0.335024,0.198276,0.42006,0.672984,1.24711,15260.1,9607.24,1.09201,1.00049,N111_H7_zero_full,111,4,4000,3000,0.99,0,0,0.6883582985245386,True
"natural[92,4]",0.0339833,0.00053,0.0587572,0.0169722,0.000552186,0.0133422,0.137882,16130.5,11941.6,1.1543,1.00028,N111_H7_zero_full,111,4,4000,3000,0.99,0,0,0.6883582985245386,True
"natural[92,5]",0.585842,0.00470774,0.66826,0.670729,-0.496543,0.581337,1.69184,20201.0,11488.9,1.44558,1.00074,N111_H7_zero_full,111,4,4000,3000,0.99,0,0,0.6883582985245386,True
"natural[93,1]",0.0391555,0.000400289,0.0410946,0.0275597,0.00214251,0.0254708,0.122852,7900.53,10601.3,0.565361,1.00022,N111_H7_zero_full,111,4,4000,3000,0.99,0,0,0.6883582985245386,True
"natural[93,2]",8.2243,0.0413558,4.9417,3.64967,2.92734,7.15431,17.0842,15976.8,13113.9,1.1433,1.00025,N111_H7_zero_full,111,4,4000,3000,0.99,0,0,0.6883582985245386,True
"natural[93,3]",0.490399,0.000522968,0.0631749,0.0433666,0.397918,0.488946,0.5877,15763.1,14543.8,1.128,0.999952,N111_H7_zero_full,111,4,4000,3000,0.99,0,0,0.6883582985245386,True
"natural[93,4]",0.0249337,0.00033578,0.0404049,0.0118534,0.000321437,0.00913643,0.106754,14496.0,12837.0,1.03733,1.00022,N111_H7_zero_full,111,4,4000,3000,0.99,0,0,0.6883582985245386,True
"natural[93,5]",1.86804,0.00801915,1.04996,1.04844,0.233848,1.81127,3.69078,17675.6,12928.5,1.26486,1.0002,N111_H7_zero_full,111,4,4000,3000,0.99,0,0,0.6883582985245386,True
"natural[94,1]",0.118502,0.000799947,0.0998325,0.0773333,0.0146937,0.0924587,0.309306,15262.0,10554.2,1.09215,1.00018,N111_H7_zero_full,111,4,4000,3000,0.99,0,0,0.6883582985245386,True
"natural[94,2]",0.490189,0.00217159,0.284373,0.280759,0.111806,0.449105,1.02317,14845.7,11176.6,1.06235,1.00038,N111_H7_zero_full,111,4,4000,3000,0.99,0,0,0.6883582985245386,True
"natural[94,3]",1.56255,0.00995948,1.11677,0.82657,0.341215,1.27488,3.81142,15430.9,11226.9,1.10423,1.00007,N111_H7_zero_full,111,4,4000,3000,0.99,0,0,0.6883582985245386,True
"natural[94,4]",0.16295,0.00339518,0.375711,0.0682681,0.00204066,0.0538528,0.631508,18471.2,12691.6,1.32179,0.999899,N111_H7_zero_full,111,4,4000,3000,0.99,0,0,0.6883582985245386,True
"natural[94,5]",1.8134,0.00425012,0.6378,0.630903,0.814803,1.78435,2.91523,22954.4,13844.1,1.64261,1.00021,N111_H7_zero_full,111,4,4000,3000,0.99,0,0,0.6883582985245386,True
"natural[95,1]",0.0689044,0.000444751,0.0523628,0.0441055,0.0101745,0.0559766,0.170329,12264.2,11521.1,0.877625,0.999854,N111_H7_zero_full,111,4,4000,3000,0.99,0,0,0.6883582985245386,True
"natural[95,2]",0.549411,0.00188045,0.240196,0.230594,0.2215,0.513806,0.994274,15389.4,12171.6,1.10126,1.00018,N111_H7_zero_full,111,4,4000,3000,0.99,0,0,0.6883582985245386,True
"natural[95,3]",2.9875,0.00966947,1.15694,1.06676,1.47477,2.79698,5.16152,17251.1,10853.5,1.23449,1.0003,N111_H7_zero_full,111,4,4000,3000,0.99,0,0,0.6883582985245386,True
"natural[95,4]",0.479307,0.00338551,0.424425,0.322476,0.036709,0.391964,1.20923,16840.3,12566.8,1.20509,1.00007,N111_H7_zero_full,111,4,4000,3000,0.99,0,0,0.6883582985245386,True
"natural[95,5]",1.44922,0.00340235,0.500239,0.505195,0.660228,1.43695,2.28015,21599.6,13754.9,1.54566,1.00006,N111_H7_zero_full,111,4,4000,3000,0.99,0,0,0.6883582985245386,True
"natural[96,1]",0.113003,0.00072987,0.0827821,0.0742335,0.0160764,0.0935228,0.275634,10583.9,9680.6,0.75738,1.00017,N111_H7_zero_full,111,4,4000,3000,0.99,0,0,0.6883582985245386,True
"natural[96,2]",0.347987,0.00127142,0.168025,0.152665,0.134359,0.317921,0.66552,15557.3,11715.9,1.11328,0.999991,N111_H7_zero_full,111,4,4000,3000,0.99,0,0,0.6883582985245386,True
"natural[96,3]",4.44705,0.0125849,1.52005,1.51259,2.26921,4.28541,7.22502,15851.0,11677.8,1.13429,1.00014,N111_H7_zero_full,111,4,4000,3000,0.99,0,0,0.6883582985245386,True
"natural[96,4]",1.76587,0.00894215,1.09573,0.861485,0.487822,1.51366,3.89655,18286.0,12009.7,1.30854,1.00011,N111_H7_zero_full,111,4,4000,3000,0.99,0,0,0.6883582985245386,True
"natural[96,5]",1.31802,0.0032147,0.485867,0.475917,0.541426,1.3019,2.14249,23081.3,14708.4,1.65169,1.00029,N111_H7_zero_full,111,4,4000,3000,0.99,0,0,0.6883582985245386,True
"natural[97,1]",0.225676,0.00160349,0.170475,0.158568,0.0284703,0.182817,0.559709,9729.11,9791.43,0.696213,1.00019,N111_H7_zero_full,111,4,4000,3000,0.99,0,0,0.6883582985245386,True
"natural[97,2]",0.12522,0.000694584,0.0946148,0.0765403,0.0232759,0.099493,0.317745,16853.5,13028.2,1.20603,0.99997,N111_H7_zero_full,111,4,4000,3000,0.99,0,0,0.6883582985245386,True
"natural[97,3]",2.62981,0.0177978,2.0095,1.81034,0.300648,2.12455,6.6179,17095.7,11128.3,1.22337,1.00007,N111_H7_zero_full,111,4,4000,3000,0.99,0,0,0.6883582985245386,True
"natural[97,4]",0.98602,0.0135357,1.48155,0.457449,0.00408883,0.323319,4.25178,16784.5,12580.1,1.2011,1.00002,N111_H7_zero_full,111,4,4000,3000,0.99,0,0,0.6883582985245386,True
"natural[97,5]",1.27869,0.00300213,0.415513,0.411382,0.619208,1.26408,1.9798,19214.5,14789.6,1.37499,0.999976,N111_H7_zero_full,111,4,4000,3000,0.99,0,0,0.6883582985245386,True
"natural[98,1]",0.182121,0.00158018,0.167167,0.111545,0.0209626,0.126566,0.552504,11668.1,11323.6,0.834965,1.00041,N111_H7_zero_full,111,4,4000,3000,0.99,0,0,0.6883582985245386,True
"natural[98,2]",0.174385,0.000916762,0.127841,0.100002,0.0381293,0.139409,0.433147,17137.9,12769.6,1.22638,1.00019,N111_H7_zero_full,111,4,4000,3000,0.99,0,0,0.6883582985245386,True
"natural[98,3]",3.16128,0.0158319,1.8823,1.77437,0.791722,2.78332,6.79923,17494.4,11821.3,1.2519,1.00018,N111_H7_zero_full,111,4,4000,3000,0.99,0,0,0.6883582985245386,True
"natural[98,4]",1.17385,0.0126899,1.44232,0.803268,0.0166782,0.63346,4.19301,18177.6,11382.8,1.30079,0.999985,N111_H7_zero_full,111,4,4000,3000,0.99,0,0,0.6883582985245386,True
"natural[98,5]",1.9762,0.00357241,0.515196,0.512502,1.17292,1.95302,2.86467,21187.7,14062.0,1.51619,1.0,N111_H7_zero_full,111,4,4000,3000,0.99,0,0,0.6883582985245386,True
"natural[99,1]",0.0159655,0.000132856,0.0137556,0.0105652,0.00185492,0.0121021,0.0436053,8557.55,10988.7,0.612376,1.00005,N111_H7_zero_full,111,4,4000,3000,0.99,0,0,0.6883582985245386,True
"natural[99,2]",3.55239,0.00654309,0.923654,0.900759,2.21002,3.45196,5.20351,20472.5,14424.1,1.46501,1.00001,N111_H7_zero_full,111,4,4000,3000,0.99,0,0,0.6883582985245386,True
"natural[99,3]",1.80089,0.00682879,0.75875,0.63599,0.926113,1.62176,3.28123,16251.8,11249.7,1.16298,1.00006,N111_H7_zero_full,111,4,4000,3000,0.99,0,0,0.6883582985245386,True
"natural[99,4]",0.0345914,0.00026305,0.035446,0.0243365,0.0018098,0.0229763,0.108406,19563.5,12668.2,1.39996,0.99992,N111_H7_zero_full,111,4,4000,3000,0.99,0,0,0.6883582985245386,True
"natural[99,5]",1.63272,0.00467168,0.73779,0.735902,0.451261,1.60932,2.86452,25163.7,12320.3,1.80071,1.00055,N111_H7_zero_full,111,4,4000,3000,0.99,0,0,0.6883582985245386,True
"natural[100,1]",0.0735765,0.000592237,0.0652585,0.0486949,0.00844633,0.0556397,0.195267,9734.91,11725.8,0.696628,1.00013,N111_H7_zero_full,111,4,4000,3000,0.99,0,0,0.6883582985245386,True
"natural[100,2]",0.324036,0.00136987,0.186189,0.16758,0.0910517,0.286856,0.678156,15601.8,11324.1,1.11646,1.00007,N111_H7_zero_full,111,4,4000,3000,0.99,0,0,0.6883582985245386,True
"natural[100,3]",4.47812,0.012302,1.6259,1.56489,2.14774,4.30031,7.4636,19738.8,11536.9,1.4125,1.00065,N111_H7_zero_full,111,4,4000,3000,0.99,0,0,0.6883582985245386,True
"natural[100,4]",1.77252,0.0130411,1.46089,1.1119,0.184417,1.38857,4.73252,17566.0,10924.1,1.25702,1.00064,N111_H7_zero_full,111,4,4000,3000,0.99,0,0,0.6883582985245386,True
"natural[100,5]",3.07371,0.0058374,0.907066,0.894783,1.69825,3.01627,4.64316,25453.2,12155.7,1.82143,0.999899,N111_H7_zero_full,111,4,4000,3000,0.99,0,0,0.6883582985245386,True
"natural[101,1]",0.0265074,0.000199374,0.0221537,0.0176974,0.00307397,0.0202554,0.071167,10686.0,11328.0,0.764686,1.00007,N111_H7_zero_full,111,4,4000,3000,0.99,0,0,0.6883582985245386,True
"natural[101,2]",3.63828,0.00845982,1.08961,1.03367,2.12216,3.50128,5.62407,17119.8,13777.4,1.22509,0.999956,N111_H7_zero_full,111,4,4000,3000,0.99,0,0,0.6883582985245386,True
"natural[101,3]",1.25618,0.00323004,0.391882,0.337696,0.779272,1.17791,1.9911,16741.2,13264.6,1.19799,1.0001,N111_H7_zero_full,111,4,4000,3000,0.99,0,0,0.6883582985245386,True
"natural[101,4]",0.0250062,0.000265837,0.0332805,0.0150398,0.000566082,0.0122276,0.0926464,16632.7,12273.5,1.19024,1.00001,N111_H7_zero_full,111,4,4000,3000,0.99,0,0,0.6883582985245386,True
"natural[101,5]",-0.0417776,0.00522036,0.811503,0.791256,-1.38852,-0.0347816,1.2747,24406.7,12077.4,1.74653,1.00074,N111_H7_zero_full,111,4,4000,3000,0.99,0,0,0.6883582985245386,True
"natural[102,1]",0.211051,0.00222034,0.189603,0.14395,0.0189498,0.146233,0.612597,6429.93,9141.45,0.460124,1.00036,N111_H7_zero_full,111,4,4000,3000,0.99,0,0,0.6883582985245386,True
"natural[102,2]",0.41936,0.00222223,0.256651,0.260422,0.0611335,0.388962,0.886844,11013.9,7442.15,0.788152,1.00038,N111_H7_zero_full,111,4,4000,3000,0.99,0,0,0.6883582985245386,True
"natural[102,3]",0.607418,0.0137863,1.06912,0.273542,0.0283118,0.27201,2.51545,11923.5,6690.99,0.853241,1.00046,N111_H7_zero_full,111,4,4000,3000,0.99,0,0,0.6883582985245386,True
"natural[102,4]",0.191065,0.00765755,0.66523,0.0148162,0.000105733,0.0102518,0.89178,11248.8,9043.79,0.80496,1.00035,N111_H7_zero_full,111,4,4000,3000,0.99,0,0,0.6883582985245386,True
"natural[102,5]",0.571324,0.0036278,0.476489,0.4761,-0.199717,0.56307,1.36092,17179.7,13886.1,1.22938,1.00048,N111_H7_zero_full,111,4,4000,3000,0.99,0,0,0.6883582985245386,True
"natural[103,1]",0.0112012,7.83491e-05,0.009124,0.00714217,0.00158324,0.00879586,0.0290816,11625.3,11250.8,0.831905,1.00028,N111_H7_zero_full,111,4,4000,3000,0.99,0,0,0.6883582985245386,True
"natural[103,2]",2.62601,0.00591935,0.780157,0.761136,1.49453,2.54139,4.02824,16578.2,12678.1,1.18633,1.00025,N111_H7_zero_full,111,4,4000,3000,0.99,0,0,0.6883582985245386,True
"natural[103,3]",2.41268,0.00812935,0.973177,0.90554,1.16089,2.24362,4.26375,16555.3,12088.1,1.18469,1.00016,N111_H7_zero_full,111,4,4000,3000,0.99,0,0,0.6883582985245386,True
"natural[103,4]",0.25026,0.000796096,0.0951759,0.0938012,0.0716329,0.26118,0.389386,15295.0,10902.9,1.09451,1.00075,N111_H7_zero_full,111,4,4000,3000,0.99,0,0,0.6883582985245386,True
"natural[103,5]",2.23993,0.00408576,0.634944,0.625337,1.23181,2.22571,3.32102,24695.0,12676.5,1.76717,0.999914,N111_H7_zero_full,111,4,4000,3000,0.99,0,0,0.6883582985245386,True
"natural[104,1]",0.0214881,0.000145987,0.0169592,0.0129241,0.00373902,0.0174107,0.0525033,13010.8,11211.6,0.931049,1.0001,N111_H7_zero_full,111,4,4000,3000,0.99,0,0,0.6883582985245386,True
"natural[104,2]",1.24017,0.00273124,0.375467,0.371697,0.65129,1.22447,1.87952,18318.4,11586.7,1.31086,1.0,N111_H7_zero_full,111,4,4000,3000,0.99,0,0,0.6883582985245386,True
"natural[104,3]",0.580112,0.00166241,0.19307,0.151858,0.320896,0.559203,0.896149,15568.8,11665.6,1.1141,1.00012,N111_H7_zero_full,111,4,4000,3000,0.99,0,0,0.6883582985245386,True
"natural[104,4]",0.0234016,0.000295933,0.0361453,0.0121317,0.000433275,0.00970887,0.0942694,15321.1,13278.0,1.09637,1.00006,N111_H7_zero_full,111,4,4000,3000,0.99,0,0,0.6883582985245386,True
"natural[104,5]",0.793185,0.00311386,0.458913,0.4556,0.045557,0.788022,1.55887,21727.9,13220.7,1.55485,0.999984,N111_H7_zero_full,111,4,4000,3000,0.99,0,0,0.6883582985245386,True
"natural[105,1]",0.0672107,0.000949735,0.0791584,0.0385258,0.00801033,0.045597,0.192213,8466.42,9176.08,0.605855,1.00054,N111_H7_zero_full,111,4,4000,3000,0.99,0,0,0.6883582985245386,True
"natural[105,2]",0.535823,0.00213921,0.253853,0.2638,0.132348,0.52638,0.973511,12615.2,6752.05,0.902744,1.00044,N111_H7_zero_full,111,4,4000,3000,0.99,0,0,0.6883582985245386,True
"natural[105,3]",0.409593,0.00724627,0.553743,0.227695,0.0371219,0.28104,1.11861,12099.7,7666.37,0.865853,1.0009,N111_H7_zero_full,111,4,4000,3000,0.99,0,0,0.6883582985245386,True
"natural[105,4]",0.0413224,0.00299524,0.225468,0.00995077,0.00016122,0.00727042,0.146251,13340.5,10659.1,0.954642,1.00024,N111_H7_zero_full,111,4,4000,3000,0.99,0,0,0.6883582985245386,True
"natural[105,5]",1.12012,0.00332852,0.441677,0.436404,0.408446,1.10991,1.86565,17474.1,12907.6,1.25044,1.00035,N111_H7_zero_full,111,4,4000,3000,0.99,0,0,0.6883582985245386,True
"natural[106,1]",0.119885,0.00103052,0.11527,0.0764077,0.0123032,0.0840667,0.349898,11507.2,10774.3,0.82345,0.999954,N111_H7_zero_full,111,4,4000,3000,0.99,0,0,0.6883582985245386,True
"natural[106,2]",0.297809,0.0015612,0.212665,0.189402,0.0521351,0.24668,0.711187,15584.5,11445.1,1.11522,0.999861,N111_H7_zero_full,111,4,4000,3000,0.99,0,0,0.6883582985245386,True
"natural[106,3]",2.29265,0.0153677,1.68478,1.39789,0.381801,1.84453,5.65863,15643.7,10538.8,1.11946,1.00005,N111_H7_zero_full,111,4,4000,3000,0.99,0,0,0.6883582985245386,True
"natural[106,4]",0.751883,0.011856,1.23548,0.350146,0.00574901,0.259843,3.32786,16570.4,11423.2,1.18577,0.999983,N111_H7_zero_full,111,4,4000,3000,0.99,0,0,0.6883582985245386,True
"natural[106,5]",2.47279,0.00494455,0.768383,0.754205,1.30298,2.42294,3.79805,25180.8,13321.1,1.80193,1.00017,N111_H7_zero_full,111,4,4000,3000,0.99,0,0,0.6883582985245386,True
"natural[107,1]",0.0279404,0.000192078,0.0243781,0.0182524,0.00345803,0.0212834,0.0745754,14781.6,11935.0,1.05777,1.00016,N111_H7_zero_full,111,4,4000,3000,0.99,0,0,0.6883582985245386,True
"natural[107,2]",2.10536,0.00547165,0.739016,0.705117,1.02793,2.02674,3.44666,17249.8,12843.6,1.23439,0.99994,N111_H7_zero_full,111,4,4000,3000,0.99,0,0,0.6883582985245386,True
"natural[107,3]",0.736438,0.00191818,0.22464,0.17768,0.460337,0.69737,1.14281,15750.0,12198.0,1.12707,1.00009,N111_H7_zero_full,111,4,4000,3000,0.99,0,0,0.6883582985245386,True
"natural[107,4]",0.0300692,0.000304866,0.0405794,0.0180201,0.000867245,0.0151152,0.111392,21692.2,12995.6,1.55229,1.00021,N111_H7_zero_full,111,4,4000,3000,0.99,0,0,0.6883582985245386,True
"natural[107,5]",1.79708,0.00490626,0.737848,0.725376,0.630907,1.77175,3.06277,22916.1,12665.8,1.63987,0.999986,N111_H7_zero_full,111,4,4000,3000,0.99,0,0,0.6883582985245386,True
"natural[108,1]",0.018044,0.000114399,0.0137276,0.012579,0.00222294,0.0147841,0.0445913,11468.4,10600.9,0.820675,1.00005,N111_H7_zero_full,111,4,4000,3000,0.99,0,0,0.6883582985245386,True
"natural[108,2]",3.29504,0.00616546,0.786227,0.749413,2.15534,3.21424,4.72625,16044.3,13516.6,1.14812,0.99994,N111_H7_zero_full,111,4,4000,3000,0.99,0,0,0.6883582985245386,True
"natural[108,3]",0.285689,0.000692643,0.0799033,0.078082,0.144578,0.291842,0.406797,14740.2,8448.87,1.05481,1.00083,N111_H7_zero_full,111,4,4000,3000,0.99,0,0,0.6883582985245386,True
"natural[108,4]",0.0454219,0.000479106,0.0571153,0.0269022,0.000660145,0.0204828,0.174522,11967.6,12007.8,0.8564,1.00019,N111_H7_zero_full,111,4,4000,3000,0.99,0,0,0.6883582985245386,True
"natural[108,5]",3.59933,0.00456923,0.693575,0.693081,2.52082,3.56417,4.78,23678.7,13208.7,1.69445,1.00011,N111_H7_zero_full,111,4,4000,3000,0.99,0,0,0.6883582985245386,True
"natural[109,1]",0.0221177,0.000135868,0.0157437,0.013518,0.0040571,0.0185718,0.0519968,12364.8,11059.8,0.884826,1.00003,N111_H7_zero_full,111,4,4000,3000,0.99,0,0,0.6883582985245386,True
"natural[109,2]",1.18109,0.00288214,0.379505,0.375041,0.606226,1.15617,1.84836,16564.8,12021.0,1.18537,1.00016,N111_H7_zero_full,111,4,4000,3000,0.99,0,0,0.6883582985245386,True
"natural[109,3]",1.64509,0.00487016,0.579429,0.487588,0.950026,1.52592,2.74716,18396.0,11520.2,1.31642,0.999935,N111_H7_zero_full,111,4,4000,3000,0.99,0,0,0.6883582985245386,True
"natural[109,4]",0.107724,0.000746263,0.1014,0.0844386,0.00460532,0.0776348,0.306204,17778.5,12330.1,1.27223,1.00016,N111_H7_zero_full,111,4,4000,3000,0.99,0,0,0.6883582985245386,True
"natural[109,5]",1.52413,0.00339292,0.518123,0.512943,0.693663,1.51096,2.40481,23356.5,13222.1,1.67139,0.999945,N111_H7_zero_full,111,4,4000,3000,0.99,0,0,0.6883582985245386,True
"natural[110,1]",0.178802,0.00185129,0.166796,0.103034,0.0224167,0.123409,0.546011,7723.73,9493.03,0.552708,1.00034,N111_H7_zero_full,111,4,4000,3000,0.99,0,0,0.6883582985245386,True
"natural[110,2]",0.125383,0.000812911,0.103018,0.0809128,0.0189083,0.0955082,0.332361,13327.1,12137.5,0.953688,1.00036,N111_H7_zero_full,111,4,4000,3000,0.99,0,0,0.6883582985245386,True
"natural[110,3]",2.37078,0.0203628,2.10337,1.70214,0.182295,1.6999,6.68992,14336.7,11192.5,1.02593,1.00002,N111_H7_zero_full,111,4,4000,3000,0.99,0,0,0.6883582985245386,True
"natural[110,4]",1.11935,0.0145996,1.63757,0.520717,0.00133262,0.355536,4.65038,13685.8,13190.9,0.97935,0.999955,N111_H7_zero_full,111,4,4000,3000,0.99,0,0,0.6883582985245386,True
"natural[110,5]",0.515859,0.00283966,0.371123,0.365288,-0.0789373,0.508275,1.14031,17067.7,14673.8,1.22136,1.00017,N111_H7_zero_full,111,4,4000,3000,0.99,0,0,0.6883582985245386,True
"natural[111,1]",0.0181491,0.000130585,0.014878,0.0112462,0.00276883,0.0143416,0.0463131,12688.4,11049.4,0.907982,1.00028,N111_H7_zero_full,111,4,4000,3000,0.99,0,0,0.6883582985245386,True
"natural[111,2]",1.61022,0.00297576,0.393982,0.389805,0.99357,1.59378,2.28893,17201.1,13605.6,1.23091,1.00026,N111_H7_zero_full,111,4,4000,3000,0.99,0,0,0.6883582985245386,True
"natural[111,3]",0.306059,0.00101972,0.126416,0.126513,0.0911172,0.307278,0.510379,15147.1,9367.13,1.08393,1.00014,N111_H7_zero_full,111,4,4000,3000,0.99,0,0,0.6883582985245386,True
"natural[111,4]",0.0140922,0.000139336,0.0192174,0.00837298,0.000355821,0.00690556,0.0526406,19005.2,10955.1,1.36,0.999973,N111_H7_zero_full,111,4,4000,3000,0.99,0,0,0.6883582985245386,True
"natural[111,5]",2.64823,0.00379117,0.560829,0.551838,1.75202,2.63336,3.60695,21791.5,13338.5,1.5594,1.00037,N111_H7_zero_full,111,4,4000,3000,0.99,0,0,0.6883582985245386,True
"Omega[1,2]",-0.548127,0.00297276,0.128997,0.128073,-0.741532,-0.557165,-0.31679,1949.67,3282.89,0.139518,1.00377,N111_H7_zero_full,111,4,4000,3000,0.99,0,0,0.6883582985245386,True
"Omega[1,3]",0.205395,0.00441176,0.158745,0.158628,-0.0635911,0.209296,0.459556,1304.69,3426.11,0.0933634,1.00109,N111_H7_zero_full,111,4,4000,3000,0.99,0,0,0.6883582985245386,True
"Omega[1,4]",0.144304,0.00345497,0.15688,0.158708,-0.121081,0.149591,0.394529,2057.13,4900.85,0.147208,1.00027,N111_H7_zero_full,111,4,4000,3000,0.99,0,0,0.6883582985245386,True
"Omega[1,5]",-0.266324,0.00286454,0.143316,0.145217,-0.49599,-0.270949,-0.0223483,2516.18,4978.54,0.180057,1.00138,N111_H7_zero_full,111,4,4000,3000,0.99,0,0,0.6883582985245386,True
"Omega[2,1]",-0.548127,0.00297276,0.128997,0.128073,-0.741532,-0.557165,-0.31679,1949.67,3282.89,0.139518,1.00377,N111_H7_zero_full,111,4,4000,3000,0.99,0,0,0.6883582985245386,True
"Omega[2,3]",-0.517929,0.00114881,0.0891571,0.0882168,-0.653415,-0.524385,-0.360636,6029.64,9440.12,0.43148,1.00053,N111_H7_zero_full,111,4,4000,3000,0.99,0,0,0.6883582985245386,True
"Omega[2,4]",-0.465698,0.00118648,0.0971248,0.0977836,-0.616663,-0.469722,-0.298338,6680.82,9745.99,0.478078,1.00035,N111_H7_zero_full,111,4,4000,3000,0.99,0,0,0.6883582985245386,True
"Omega[2,5]",0.100556,0.00129187,0.108831,0.109263,-0.0817988,0.101995,0.277865,7147.5,11508.3,0.511474,1.00002,N111_H7_zero_full,111,4,4000,3000,0.99,0,0,0.6883582985245386,True
"Omega[3,1]",0.205395,0.00441176,0.158745,0.158628,-0.0635911,0.209296,0.459556,1304.69,3426.11,0.0933634,1.00109,N111_H7_zero_full,111,4,4000,3000,0.99,0,0,0.6883582985245386,True
"Omega[3,2]",-0.517929,0.00114881,0.0891571,0.0882168,-0.653415,-0.524385,-0.360636,6029.64,9440.12,0.43148,1.00053,N111_H7_zero_full,111,4,4000,3000,0.99,0,0,0.6883582985245386,True
"Omega[3,4]",0.811837,0.000713328,0.0590907,0.056439,0.702415,0.818371,0.896632,6712.83,9431.54,0.480369,1.00015,N111_H7_zero_full,111,4,4000,3000,0.99,0,0,0.6883582985245386,True
"Omega[3,5]",0.0658264,0.00132981,0.107973,0.108839,-0.111577,0.065909,0.24328,6610.29,10797.6,0.473031,1.00006,N111_H7_zero_full,111,4,4000,3000,0.99,0,0,0.6883582985245386,True
"Omega[4,1]",0.144304,0.00345497,0.15688,0.158708,-0.121081,0.149591,0.394529,2057.13,4900.85,0.147208,1.00027,N111_H7_zero_full,111,4,4000,3000,0.99,0,0,0.6883582985245386,True
"Omega[4,2]",-0.465698,0.00118648,0.0971248,0.0977836,-0.616663,-0.469722,-0.298338,6680.82,9745.99,0.478078,1.00035,N111_H7_zero_full,111,4,4000,3000,0.99,0,0,0.6883582985245386,True
"Omega[4,3]",0.811837,0.000713328,0.0590907,0.056439,0.702415,0.818371,0.896632,6712.83,9431.54,0.480369,1.00015,N111_H7_zero_full,111,4,4000,3000,0.99,0,0,0.6883582985245386,True
"Omega[4,5]",0.231488,0.00155153,0.109681,0.111515,0.0474175,0.234638,0.406659,5038.73,8194.04,0.36057,1.00022,N111_H7_zero_full,111,4,4000,3000,0.99,0,0,0.6883582985245386,True
"Omega[5,1]",-0.266324,0.00286454,0.143316,0.145217,-0.49599,-0.270949,-0.0223483,2516.18,4978.54,0.180057,1.00138,N111_H7_zero_full,111,4,4000,3000,0.99,0,0,0.6883582985245386,True
"Omega[5,2]",0.100556,0.00129187,0.108831,0.109263,-0.0817988,0.101995,0.277865,7147.5,11508.3,0.511474,1.00002,N111_H7_zero_full,111,4,4000,3000,0.99,0,0,0.6883582985245386,True
"Omega[5,3]",0.0658264,0.00132981,0.107973,0.108839,-0.111577,0.065909,0.24328,6610.29,10797.6,0.473031,1.00006,N111_H7_zero_full,111,4,4000,3000,0.99,0,0,0.6883582985245386,True
"Omega[5,4]",0.231488,0.00155153,0.109681,0.111515,0.0474175,0.234638,0.406659,5038.73,8194.04,0.36057,1.00022,N111_H7_zero_full,111,4,4000,3000,0.99,0,0,0.6883582985245386,True
