parameter,Mean,MCSE,StdDev,MAD,5%,50%,95%,ESS_bulk,ESS_tail,ESS_bulk/s,R_hat,run,n_subjects,chains,draws_per_chain,warmup_per_chain,adapt_delta,divergences,max_depth_hits,min_bfmi,passed
mu[1],-2.52682,0.00462215,0.215422,0.208716,-2.90411,-2.5144,-2.19633,2208.36,5861.71,0.60711,1.00123,N111_H7_zero_train,111,4,4000,3000,0.99,0,0,0.6411664940508935,True
mu[2],-0.364981,0.00163713,0.127281,0.124913,-0.579345,-0.361973,-0.161043,6148.78,8342.92,1.69039,1.00034,N111_H7_zero_train,111,4,4000,3000,0.99,0,0,0.6411664940508935,True
mu[3],1.74497,0.00418303,0.300186,0.29492,1.27813,1.73045,2.26778,5229.69,8352.25,1.43772,1.00045,N111_H7_zero_train,111,4,4000,3000,0.99,0,0,0.6411664940508935,True
mu[4],-1.26903,0.00476281,0.414757,0.404393,-1.972,-1.25436,-0.611478,7724.67,9156.97,2.12362,1.0002,N111_H7_zero_train,111,4,4000,3000,0.99,0,0,0.6411664940508935,True
mu[5],1.72127,0.00136277,0.137071,0.137385,1.50088,1.71822,1.95193,10169.2,11619.7,2.79565,1.00001,N111_H7_zero_train,111,4,4000,3000,0.99,0,0,0.6411664940508935,True
tau[1],0.850276,0.00468061,0.241674,0.233203,0.455853,0.850145,1.25046,2779.54,2566.52,0.764136,1.00034,N111_H7_zero_train,111,4,4000,3000,0.99,0,0,0.6411664940508935,True
tau[2],1.06296,0.00204262,0.115992,0.1165,0.883279,1.05793,1.26274,3236.43,7611.6,0.889742,1.00075,N111_H7_zero_train,111,4,4000,3000,0.99,0,0,0.6411664940508935,True
tau[3],1.99797,0.00322245,0.271003,0.266218,1.58014,1.98224,2.47078,7011.61,11143.4,1.92759,1.00025,N111_H7_zero_train,111,4,4000,3000,0.99,0,0,0.6411664940508935,True
tau[4],2.943,0.00379122,0.391586,0.391789,2.32799,2.92412,3.61935,10754.0,12224.0,2.95642,1.00014,N111_H7_zero_train,111,4,4000,3000,0.99,0,0,0.6411664940508935,True
tau[5],1.02659,0.00167962,0.142225,0.141328,0.802063,1.02105,1.26849,7134.01,10340.0,1.96124,1.0005,N111_H7_zero_train,111,4,4000,3000,0.99,0,0,0.6411664940508935,True
"natural[1,1]",0.085131,0.000692802,0.059097,0.0442686,0.0198468,0.0713387,0.196109,6808.76,8961.45,1.87183,1.00042,N111_H7_zero_train,111,4,4000,3000,0.99,0,0,0.6411664940508935,True
"natural[1,2]",1.14802,0.00390759,0.538615,0.494242,0.417917,1.07052,2.13712,17603.9,11371.2,4.83957,1.00016,N111_H7_zero_train,111,4,4000,3000,0.99,0,0,0.6411664940508935,True
"natural[1,3]",2.75699,0.00954166,1.09295,1.0352,1.28751,2.59246,4.80381,15251.7,11721.4,4.19292,1.00042,N111_H7_zero_train,111,4,4000,3000,0.99,0,0,0.6411664940508935,True
"natural[1,4]",0.23463,0.00173866,0.223601,0.185459,0.0111314,0.184738,0.606361,17428.5,12935.4,4.79135,1.0001,N111_H7_zero_train,111,4,4000,3000,0.99,0,0,0.6411664940508935,True
"natural[1,5]",1.55568,0.00511101,0.728713,0.717339,0.390433,1.53653,2.7881,20521.6,11591.0,5.6417,1.00011,N111_H7_zero_train,111,4,4000,3000,0.99,0,0,0.6411664940508935,True
"natural[2,1]",0.108892,0.000869709,0.0767687,0.054849,0.0265341,0.0899195,0.256311,7006.32,10119.0,1.92614,1.00062,N111_H7_zero_train,111,4,4000,3000,0.99,0,0,0.6411664940508935,True
"natural[2,2]",0.563527,0.00249931,0.330499,0.31202,0.136282,0.505139,1.2028,14496.1,10627.8,3.98517,1.00038,N111_H7_zero_train,111,4,4000,3000,0.99,0,0,0.6411664940508935,True
"natural[2,3]",2.12161,0.0108013,1.15075,0.990427,0.697672,1.88838,4.33105,13572.4,9977.38,3.73126,1.00051,N111_H7_zero_train,111,4,4000,3000,0.99,0,0,0.6411664940508935,True
"natural[2,4]",0.350314,0.00564537,0.551824,0.203601,0.00802485,0.171327,1.30333,16752.6,10572.2,4.60554,1.00025,N111_H7_zero_train,111,4,4000,3000,0.99,0,0,0.6411664940508935,True
"natural[2,5]",2.32116,0.00577817,0.807916,0.781136,1.05729,2.2803,3.71674,19968.2,12829.9,5.48953,1.00089,N111_H7_zero_train,111,4,4000,3000,0.99,0,0,0.6411664940508935,True
"natural[3,1]",0.10423,0.00111992,0.0824934,0.0530901,0.0235956,0.0828094,0.256784,4895.37,7991.84,1.34581,1.00074,N111_H7_zero_train,111,4,4000,3000,0.99,0,0,0.6411664940508935,True
"natural[3,2]",0.487396,0.00317088,0.350936,0.343211,0.0646749,0.41345,1.15411,9881.13,10053.5,2.71646,1.00001,N111_H7_zero_train,111,4,4000,3000,0.99,0,0,0.6411664940508935,True
"natural[3,3]",1.03018,0.0132892,1.13859,0.547661,0.108173,0.628138,3.4808,10946.3,8649.59,3.00929,0.999988,N111_H7_zero_train,111,4,4000,3000,0.99,0,0,0.6411664940508935,True
"natural[3,4]",0.662654,0.0109792,1.06411,0.376746,0.00419806,0.285315,2.79864,11186.2,10282.8,3.07525,1.00026,N111_H7_zero_train,111,4,4000,3000,0.99,0,0,0.6411664940508935,True
"natural[3,5]",2.99144,0.00576973,0.767134,0.746658,1.83493,2.9342,4.32989,18275.0,12311.4,5.02405,0.999937,N111_H7_zero_train,111,4,4000,3000,0.99,0,0,0.6411664940508935,True
"natural[4,1]",0.0519418,0.000438329,0.0336432,0.0269234,0.0132195,0.0451165,0.113049,5428.58,9656.39,1.49239,1.00022,N111_H7_zero_train,111,4,4000,3000,0.99,0,0,0.6411664940508935,True
"natural[4,2]",0.895192,0.00356983,0.433376,0.412974,0.305443,0.831222,1.70434,13192.3,11722.6,3.62675,1.00007,N111_H7_zero_train,111,4,4000,3000,0.99,0,0,0.6411664940508935,True
"natural[4,3]",2.93429,0.00991058,1.15536,1.10815,1.3302,2.77502,5.07496,15420.5,11670.4,4.2393,0.999973,N111_H7_zero_train,111,4,4000,3000,0.99,0,0,0.6411664940508935,True
"natural[4,4]",0.547561,0.00356629,0.413657,0.318077,0.0574522,0.489082,1.23715,15180.2,11818.9,4.17325,0.99993,N111_H7_zero_train,111,4,4000,3000,0.99,0,0,0.6411664940508935,True
"natural[4,5]",2.30082,0.00494403,0.685554,0.665003,1.21125,2.27435,3.47435,19286.1,13189.8,5.30202,1.00023,N111_H7_zero_train,111,4,4000,3000,0.99,0,0,0.6411664940508935,True
"natural[5,1]",0.101478,0.000891856,0.0768433,0.0505471,0.024439,0.0813524,0.247061,7527.78,9019.54,2.06949,1.00029,N111_H7_zero_train,111,4,4000,3000,0.99,0,0,0.6411664940508935,True
"natural[5,2]",0.855304,0.00435934,0.492853,0.478197,0.191429,0.781747,1.76144,10074.8,7630.55,2.7697,0.999905,N111_H7_zero_train,111,4,4000,3000,0.99,0,0,0.6411664940508935,True
"natural[5,3]",0.836965,0.00891612,0.667639,0.36682,0.193445,0.676521,2.04015,9413.18,6447.31,2.58782,1.0005,N111_H7_zero_train,111,4,4000,3000,0.99,0,0,0.6411664940508935,True
"natural[5,4]",0.116143,0.00285586,0.283265,0.0411261,0.000869403,0.0309113,0.481534,14829.8,11450.3,4.07693,1.00036,N111_H7_zero_train,111,4,4000,3000,0.99,0,0,0.6411664940508935,True
"natural[5,5]",0.992087,0.00454214,0.642453,0.635177,-0.0568767,0.980468,2.05252,20092.5,13135.7,5.52373,1.00007,N111_H7_zero_train,111,4,4000,3000,0.99,0,0,0.6411664940508935,True
"natural[6,1]",0.110965,0.000697297,0.0656871,0.0525932,0.0332129,0.0972675,0.233698,7906.59,8199.68,2.17363,1.00025,N111_H7_zero_train,111,4,4000,3000,0.99,0,0,0.6411664940508935,True
"natural[6,2]",0.699161,0.00290398,0.364162,0.351312,0.209474,0.643113,1.37473,13014.7,10160.4,3.57792,1.00031,N111_H7_zero_train,111,4,4000,3000,0.99,0,0,0.6411664940508935,True
"natural[6,3]",2.12628,0.00923077,1.03291,0.896153,0.875571,1.91537,4.08333,15270.8,10703.3,4.19816,1.00008,N111_H7_zero_train,111,4,4000,3000,0.99,0,0,0.6411664940508935,True
"natural[6,4]",0.173328,0.00232492,0.270769,0.105816,0.00440244,0.0897602,0.597704,17288.0,12534.5,4.75273,1.00003,N111_H7_zero_train,111,4,4000,3000,0.99,0,0,0.6411664940508935,True
"natural[6,5]",1.18795,0.00378009,0.557039,0.55721,0.308575,1.17048,2.1225,21989.5,13563.6,6.04524,1.00011,N111_H7_zero_train,111,4,4000,3000,0.99,0,0,0.6411664940508935,True
"natural[7,1]",0.0878008,0.000924151,0.0603033,0.0472485,0.0201582,0.0743343,0.202298,3478.3,9449.86,0.956235,1.00045,N111_H7_zero_train,111,4,4000,3000,0.99,0,0,0.6411664940508935,True
"natural[7,2]",0.394237,0.00128432,0.196173,0.175945,0.143406,0.358242,0.765044,23082.7,10707.5,6.34576,0.999949,N111_H7_zero_train,111,4,4000,3000,0.99,0,0,0.6411664940508935,True
"natural[7,3]",4.59494,0.0123989,1.52556,1.50746,2.32086,4.46225,7.29554,15814.1,12586.1,4.34752,1.0002,N111_H7_zero_train,111,4,4000,3000,0.99,0,0,0.6411664940508935,True
"natural[7,4]",3.91811,0.0125381,1.75042,1.69726,1.46813,3.69574,7.13565,22197.2,12286.2,6.10233,1.00015,N111_H7_zero_train,111,4,4000,3000,0.99,0,0,0.6411664940508935,True
"natural[7,5]",2.52904,0.0064274,0.899452,0.887203,1.12416,2.48761,4.06902,20126.3,11302.9,5.53301,1.00049,N111_H7_zero_train,111,4,4000,3000,0.99,0,0,0.6411664940508935,True
"natural[8,1]",0.0933116,0.00093586,0.074579,0.0479083,0.0205122,0.0731274,0.237634,5520.65,10440.4,1.51771,1.00037,N111_H7_zero_train,111,4,4000,3000,0.99,0,0,0.6411664940508935,True
"natural[8,2]",0.500555,0.00256341,0.301861,0.290323,0.114605,0.445696,1.07313,11757.2,10271.2,3.23223,1.00005,N111_H7_zero_train,111,4,4000,3000,0.99,0,0,0.6411664940508935,True
"natural[8,3]",1.68461,0.0106838,1.0321,0.805526,0.494029,1.43296,3.7145,12347.4,9077.01,3.39448,1.00025,N111_H7_zero_train,111,4,4000,3000,0.99,0,0,0.6411664940508935,True
"natural[8,4]",0.316014,0.00519165,0.541845,0.174639,0.00614495,0.141546,1.18219,16528.9,12304.9,4.54402,1.00006,N111_H7_zero_train,111,4,4000,3000,0.99,0,0,0.6411664940508935,True
"natural[8,5]",2.18995,0.00437741,0.640079,0.635804,1.18869,2.16014,3.30085,21546.0,12355.7,5.92331,1.00005,N111_H7_zero_train,111,4,4000,3000,0.99,0,0,0.6411664940508935,True
"natural[9,1]",0.15266,0.00164614,0.114885,0.0809083,0.0338965,0.12087,0.38583,3890.8,7856.5,1.06964,1.00037,N111_H7_zero_train,111,4,4000,3000,0.99,0,0,0.6411664940508935,True
"natural[9,2]",0.198736,0.00124341,0.140276,0.120965,0.0380535,0.164602,0.475532,11228.7,10331.0,3.08692,1.00039,N111_H7_zero_train,111,4,4000,3000,0.99,0,0,0.6411664940508935,True
"natural[9,3]",1.79319,0.0151341,1.39965,1.16266,0.234314,1.41682,4.58661,10917.6,9072.09,3.00139,1.00056,N111_H7_zero_train,111,4,4000,3000,0.99,0,0,0.6411664940508935,True
"natural[9,4]",0.518656,0.00916596,0.907775,0.224453,0.00369295,0.166081,2.29378,16632.2,10046.5,4.57244,1.00007,N111_H7_zero_train,111,4,4000,3000,0.99,0,0,0.6411664940508935,True
"natural[9,5]",1.31297,0.00369015,0.546271,0.541614,0.459587,1.29457,2.24226,22245.5,13145.7,6.1156,1.00003,N111_H7_zero_train,111,4,4000,3000,0.99,0,0,0.6411664940508935,True
"natural[10,1]",0.193271,0.00166081,0.140045,0.108564,0.0431394,0.152166,0.48207,6133.75,7990.44,1.68626,1.00068,N111_H7_zero_train,111,4,4000,3000,0.99,0,0,0.6411664940508935,True
"natural[10,2]",0.371978,0.00207893,0.272204,0.229584,0.0681102,0.30184,0.914396,14224.1,11734.7,3.9104,1.00013,N111_H7_zero_train,111,4,4000,3000,0.99,0,0,0.6411664940508935,True
"natural[10,3]",1.82586,0.0133808,1.36697,1.08872,0.328166,1.43784,4.62875,12941.5,11065.4,3.5578,1.00014,N111_H7_zero_train,111,4,4000,3000,0.99,0,0,0.6411664940508935,True
"natural[10,4]",0.612723,0.00929179,0.992863,0.295084,0.00458946,0.217304,2.63416,15528.2,11567.1,4.26892,1.00013,N111_H7_zero_train,111,4,4000,3000,0.99,0,0,0.6411664940508935,True
"natural[10,5]",1.6442,0.00437167,0.657526,0.646977,0.601713,1.61728,2.75747,22983.2,12439.5,6.31842,1.0002,N111_H7_zero_train,111,4,4000,3000,0.99,0,0,0.6411664940508935,True
"natural[11,1]",0.08872,0.000501335,0.0400564,0.0404889,0.0315962,0.083427,0.162126,6227.37,9228.15,1.71199,1.00003,N111_H7_zero_train,111,4,4000,3000,0.99,0,0,0.6411664940508935,True
"natural[11,2]",2.99927,0.0085087,0.990497,0.901636,1.635,2.87334,4.81522,13399.4,11478.7,3.6837,0.999958,N111_H7_zero_train,111,4,4000,3000,0.99,0,0,0.6411664940508935,True
"natural[11,3]",0.59957,0.00230067,0.205972,0.197433,0.26288,0.594011,0.945652,7947.73,9471.81,2.18494,1.00043,N111_H7_zero_train,111,4,4000,3000,0.99,0,0,0.6411664940508935,True
"natural[11,4]",0.0354322,0.000475798,0.0507035,0.0186867,0.000377834,0.0140744,0.149346,8944.0,10882.0,2.45883,1.00008,N111_H7_zero_train,111,4,4000,3000,0.99,0,0,0.6411664940508935,True
"natural[11,5]",1.43053,0.00645784,0.746262,0.736553,0.246798,1.41449,2.67612,13596.6,11874.9,3.73791,0.999996,N111_H7_zero_train,111,4,4000,3000,0.99,0,0,0.6411664940508935,True
"natural[12,1]",0.0773379,0.000675168,0.0593677,0.039404,0.0178983,0.0634613,0.184736,7044.04,10102.1,1.93651,1.00057,N111_H7_zero_train,111,4,4000,3000,0.99,0,0,0.6411664940508935,True
"natural[12,2]",0.796003,0.00367919,0.418346,0.43151,0.181726,0.756504,1.53092,11368.1,8075.12,3.12525,1.00022,N111_H7_zero_train,111,4,4000,3000,0.99,0,0,0.6411664940508935,True
"natural[12,3]",0.793138,0.00700027,0.630707,0.358537,0.176842,0.642189,1.93444,12206.3,7813.38,3.35568,1.00012,N111_H7_zero_train,111,4,4000,3000,0.99,0,0,0.6411664940508935,True
"natural[12,4]",0.0971959,0.00238757,0.22339,0.045484,0.00109811,0.0349113,0.350348,14930.7,11368.6,4.10465,1.00007,N111_H7_zero_train,111,4,4000,3000,0.99,0,0,0.6411664940508935,True
"natural[12,5]",1.52415,0.00433998,0.583834,0.57705,0.611837,1.50815,2.51733,18332.5,13400.6,5.03986,1.00002,N111_H7_zero_train,111,4,4000,3000,0.99,0,0,0.6411664940508935,True
"natural[13,1]",0.071396,0.000482595,0.0444949,0.0361849,0.0183704,0.0630479,0.153755,7100.26,8389.2,1.95196,1.00025,N111_H7_zero_train,111,4,4000,3000,0.99,0,0,0.6411664940508935,True
"natural[13,2]",1.21983,0.00506613,0.575151,0.543088,0.419329,1.14894,2.24336,11702.7,9994.88,3.21724,1.00002,N111_H7_zero_train,111,4,4000,3000,0.99,0,0,0.6411664940508935,True
"natural[13,3]",1.309,0.0076686,0.707312,0.493492,0.578058,1.12347,2.70104,12410.3,8113.17,3.41176,1.00011,N111_H7_zero_train,111,4,4000,3000,0.99,0,0,0.6411664940508935,True
"natural[13,4]",0.09602,0.00109921,0.136054,0.0604098,0.00153938,0.0466521,0.338644,15656.3,12834.6,4.30413,1.00027,N111_H7_zero_train,111,4,4000,3000,0.99,0,0,0.6411664940508935,True
"natural[13,5]",0.606829,0.0048306,0.627659,0.620108,-0.428961,0.601424,1.65836,17041.9,12599.0,4.68507,1.00027,N111_H7_zero_train,111,4,4000,3000,0.99,0,0,0.6411664940508935,True
"natural[14,1]",0.161436,0.00143332,0.103787,0.0833431,0.044568,0.136005,0.366535,4146.01,8861.14,1.1398,1.0004,N111_H7_zero_train,111,4,4000,3000,0.99,0,0,0.6411664940508935,True
"natural[14,2]",0.61474,0.00255529,0.293799,0.287739,0.177505,0.590102,1.13773,11877.6,9084.77,3.26532,0.999898,N111_H7_zero_train,111,4,4000,3000,0.99,0,0,0.6411664940508935,True
"natural[14,3]",0.528894,0.00636233,0.573135,0.309057,0.0643955,0.382113,1.43483,13884.3,8601.32,3.817,1.00029,N111_H7_zero_train,111,4,4000,3000,0.99,0,0,0.6411664940508935,True
"natural[14,4]",0.237509,0.00457176,0.449733,0.089048,0.000696682,0.0620106,0.933248,9437.62,12010.1,2.59454,1.00063,N111_H7_zero_train,111,4,4000,3000,0.99,0,0,0.6411664940508935,True
"natural[14,5]",1.33043,0.0044419,0.574308,0.563785,0.411989,1.31171,2.30587,16626.3,13088.7,4.57082,1.00008,N111_H7_zero_train,111,4,4000,3000,0.99,0,0,0.6411664940508935,True
"natural[15,1]",0.12579,0.000963409,0.0805845,0.0646832,0.0331355,0.106526,0.280982,5438.74,8169.7,1.49519,1.00002,N111_H7_zero_train,111,4,4000,3000,0.99,0,0,0.6411664940508935,True
"natural[15,2]",0.314428,0.00142112,0.189342,0.159431,0.0931837,0.274445,0.675404,16281.7,11759.9,4.47607,0.999958,N111_H7_zero_train,111,4,4000,3000,0.99,0,0,0.6411664940508935,True
"natural[15,3]",3.25512,0.0120503,1.4623,1.44488,1.24636,3.05316,5.92072,16211.8,11606.3,4.45685,1.00004,N111_H7_zero_train,111,4,4000,3000,0.99,0,0,0.6411664940508935,True
"natural[15,4]",1.93486,0.0106638,1.39676,1.19534,0.230181,1.62721,4.68184,18480.7,11106.0,5.0806,1.0,N111_H7_zero_train,111,4,4000,3000,0.99,0,0,0.6411664940508935,True
"natural[15,5]",1.54344,0.00386088,0.588309,0.575649,0.599315,1.52829,2.54881,23577.3,13845.3,6.48173,1.00008,N111_H7_zero_train,111,4,4000,3000,0.99,0,0,0.6411664940508935,True
"natural[16,1]",0.0715496,0.00078752,0.049691,0.0397102,0.0153845,0.060224,0.167664,3501.79,9000.08,0.962693,1.00102,N111_H7_zero_train,111,4,4000,3000,0.99,0,0,0.6411664940508935,True
"natural[16,2]",0.766786,0.00254704,0.334188,0.328311,0.281942,0.730688,1.36843,15543.1,11310.5,4.27301,0.999877,N111_H7_zero_train,111,4,4000,3000,0.99,0,0,0.6411664940508935,True
"natural[16,3]",2.88781,0.00908246,1.08179,1.03863,1.39709,2.75092,4.8764,15223.3,11483.7,4.1851,1.00006,N111_H7_zero_train,111,4,4000,3000,0.99,0,0,0.6411664940508935,True
"natural[16,4]",0.320216,0.00305219,0.334126,0.222039,0.021015,0.237387,0.882335,13284.8,11009.7,3.65219,1.00029,N111_H7_zero_train,111,4,4000,3000,0.99,0,0,0.6411664940508935,True
"natural[16,5]",2.94343,0.00584442,0.755083,0.736456,1.76957,2.89829,4.23591,17184.4,10985.5,4.72423,1.00021,N111_H7_zero_train,111,4,4000,3000,0.99,0,0,0.6411664940508935,True
"natural[17,1]",0.0603607,0.000371161,0.0329061,0.0302931,0.0167143,0.0551252,0.121688,7204.38,9690.34,1.98059,1.0005,N111_H7_zero_train,111,4,4000,3000,0.99,0,0,0.6411664940508935,True
"natural[17,2]",1.83788,0.00532241,0.689827,0.64194,0.856658,1.75206,3.09603,16029.9,12548.0,4.40686,1.00005,N111_H7_zero_train,111,4,4000,3000,0.99,0,0,0.6411664940508935,True
"natural[17,3]",2.37173,0.00796837,0.97445,0.91142,1.09092,2.21088,4.20082,17953.3,11934.0,4.93561,0.999911,N111_H7_zero_train,111,4,4000,3000,0.99,0,0,0.6411664940508935,True
"natural[17,4]",0.200538,0.00104596,0.135219,0.146488,0.0137947,0.189624,0.432499,15361.9,12104.9,4.22321,1.00016,N111_H7_zero_train,111,4,4000,3000,0.99,0,0,0.6411664940508935,True
"natural[17,5]",1.7973,0.0044471,0.670328,0.665978,0.726416,1.78082,2.92261,23032.9,12437.8,6.33208,1.00012,N111_H7_zero_train,111,4,4000,3000,0.99,0,0,0.6411664940508935,True
"natural[18,1]",0.102216,0.000789442,0.0687701,0.0513258,0.0260775,0.0858047,0.233804,7202.89,10638.5,1.98018,1.00037,N111_H7_zero_train,111,4,4000,3000,0.99,0,0,0.6411664940508935,True
"natural[18,2]",0.491354,0.00220481,0.279942,0.247692,0.151895,0.434994,1.03128,13699.6,12199.1,3.76622,0.999991,N111_H7_zero_train,111,4,4000,3000,0.99,0,0,0.6411664940508935,True
"natural[18,3]",2.96998,0.0126656,1.36269,1.29699,1.16702,2.76538,5.51976,13295.8,11404.5,3.65519,0.999888,N111_H7_zero_train,111,4,4000,3000,0.99,0,0,0.6411664940508935,True
"natural[18,4]",1.74585,0.00984607,1.21,0.964107,0.340702,1.45497,4.13031,17886.5,10791.2,4.91727,1.00004,N111_H7_zero_train,111,4,4000,3000,0.99,0,0,0.6411664940508935,True
"natural[18,5]",1.89071,0.00451567,0.661677,0.658975,0.845654,1.87033,3.02216,22094.1,11685.0,6.074,1.00018,N111_H7_zero_train,111,4,4000,3000,0.99,0,0,0.6411664940508935,True
"natural[19,1]",0.126605,0.000900186,0.075603,0.0639969,0.0354264,0.110651,0.271233,5961.62,8479.61,1.63893,1.00021,N111_H7_zero_train,111,4,4000,3000,0.99,0,0,0.6411664940508935,True
"natural[19,2]",0.53091,0.00182962,0.241176,0.234249,0.200911,0.498285,0.975252,15460.5,11986.4,4.25033,1.00009,N111_H7_zero_train,111,4,4000,3000,0.99,0,0,0.6411664940508935,True
"natural[19,3]",2.5733,0.00997852,1.1333,1.0547,1.07375,2.38527,4.70628,14563.4,10689.4,4.0037,1.00029,N111_H7_zero_train,111,4,4000,3000,0.99,0,0,0.6411664940508935,True
"natural[19,4]",0.192135,0.00223148,0.271207,0.121494,0.00486921,0.10021,0.65997,18984.1,12513.3,5.21899,0.999893,N111_H7_zero_train,111,4,4000,3000,0.99,0,0,0.6411664940508935,True
"natural[19,5]",0.239254,0.00383064,0.529295,0.52896,-0.62164,0.233553,1.11304,19230.0,14152.5,5.28661,1.00013,N111_H7_zero_train,111,4,4000,3000,0.99,0,0,0.6411664940508935,True
"natural[20,1]",0.10764,0.0013833,0.078146,0.0589456,0.0225073,0.0872823,0.261385,2476.76,7799.3,0.680896,1.00091,N111_H7_zero_train,111,4,4000,3000,0.99,0,0,0.6411664940508935,True
"natural[20,2]",0.323957,0.00109603,0.158273,0.144639,0.119577,0.296707,0.622232,19715.0,11061.6,5.41994,0.999961,N111_H7_zero_train,111,4,4000,3000,0.99,0,0,0.6411664940508935,True
"natural[20,3]",4.49791,0.0115447,1.47347,1.4294,2.32112,4.36713,7.11419,17194.8,12540.2,4.7271,1.00049,N111_H7_zero_train,111,4,4000,3000,0.99,0,0,0.6411664940508935,True
"natural[20,4]",2.88779,0.0118329,1.62396,1.50105,0.724825,2.62064,5.91111,21815.8,11866.2,5.99748,1.00042,N111_H7_zero_train,111,4,4000,3000,0.99,0,0,0.6411664940508935,True
"natural[20,5]",2.71982,0.00534311,0.789434,0.769695,1.50756,2.67446,4.07394,22735.2,11543.7,6.25022,1.00016,N111_H7_zero_train,111,4,4000,3000,0.99,0,0,0.6411664940508935,True
"natural[21,1]",0.0484135,0.000478366,0.0333403,0.0275579,0.00970028,0.0411511,0.11367,4638.73,8144.0,1.27525,1.00026,N111_H7_zero_train,111,4,4000,3000,0.99,0,0,0.6411664940508935,True
"natural[21,2]",3.85646,0.012639,1.67511,1.4803,1.72981,3.54776,6.96048,17767.6,13819.0,4.88458,0.999963,N111_H7_zero_train,111,4,4000,3000,0.99,0,0,0.6411664940508935,True
"natural[21,3]",1.96767,0.00841052,0.882153,0.777493,0.904865,1.78244,3.67366,12274.5,11972.3,3.37443,1.00049,N111_H7_zero_train,111,4,4000,3000,0.99,0,0,0.6411664940508935,True
"natural[21,4]",0.078034,0.00061621,0.0808367,0.0588774,0.00219938,0.0490657,0.25076,15788.9,12373.1,4.34059,1.00074,N111_H7_zero_train,111,4,4000,3000,0.99,0,0,0.6411664940508935,True
"natural[21,5]",2.00222,0.00663336,0.884099,0.844861,0.590085,1.969,3.51089,17967.2,12725.8,4.93943,1.00023,N111_H7_zero_train,111,4,4000,3000,0.99,0,0,0.6411664940508935,True
"natural[22,1]",0.111992,0.000751612,0.0735719,0.0555351,0.0306946,0.0943809,0.255312,9236.7,10014.2,2.5393,1.00021,N111_H7_zero_train,111,4,4000,3000,0.99,0,0,0.6411664940508935,True
"natural[22,2]",0.511635,0.0025122,0.326404,0.288798,0.115494,0.442388,1.13873,14391.1,9230.66,3.95632,1.00013,N111_H7_zero_train,111,4,4000,3000,0.99,0,0,0.6411664940508935,True
"natural[22,3]",2.46272,0.0107746,1.26838,1.15681,0.83403,2.24555,4.85476,16000.0,11129.9,4.39864,1.00017,N111_H7_zero_train,111,4,4000,3000,0.99,0,0,0.6411664940508935,True
"natural[22,4]",0.629024,0.00716587,0.79579,0.421231,0.0177323,0.388042,2.08542,18940.0,11276.9,5.20689,1.00012,N111_H7_zero_train,111,4,4000,3000,0.99,0,0,0.6411664940508935,True
"natural[22,5]",1.8701,0.00475926,0.728335,0.712485,0.712155,1.84169,3.08249,24041.7,11989.2,6.6094,0.999836,N111_H7_zero_train,111,4,4000,3000,0.99,0,0,0.6411664940508935,True
"natural[23,1]",0.0929526,0.000932214,0.0627941,0.0487569,0.0231667,0.0785973,0.209264,4032.72,9526.99,1.10865,1.00017,N111_H7_zero_train,111,4,4000,3000,0.99,0,0,0.6411664940508935,True
"natural[23,2]",0.359543,0.00112182,0.167218,0.153663,0.14162,0.331893,0.671896,20515.3,10904.5,5.63996,0.999993,N111_H7_zero_train,111,4,4000,3000,0.99,0,0,0.6411664940508935,True
"natural[23,3]",4.65957,0.0118797,1.48662,1.43731,2.47237,4.51987,7.30298,16674.4,11844.7,4.58404,1.0005,N111_H7_zero_train,111,4,4000,3000,0.99,0,0,0.6411664940508935,True
"natural[23,4]",3.02667,0.0116723,1.51968,1.39734,1.00823,2.78036,5.88405,20070.1,11370.9,5.51757,1.0003,N111_H7_zero_train,111,4,4000,3000,0.99,0,0,0.6411664940508935,True
"natural[23,5]",1.82676,0.00441718,0.655463,0.650946,0.793993,1.80364,2.93126,22544.2,12164.0,6.19773,1.00013,N111_H7_zero_train,111,4,4000,3000,0.99,0,0,0.6411664940508935,True
"natural[24,1]",0.088794,0.00113069,0.0618079,0.0483336,0.0193911,0.0743784,0.208371,2431.79,7567.51,0.668535,1.00065,N111_H7_zero_train,111,4,4000,3000,0.99,0,0,0.6411664940508935,True
"natural[24,2]",0.391342,0.00113192,0.167272,0.156522,0.166601,0.366065,0.707019,21225.6,11056.0,5.83523,0.999999,N111_H7_zero_train,111,4,4000,3000,0.99,0,0,0.6411664940508935,True
"natural[24,3]",4.83664,0.0118794,1.5078,1.48734,2.58959,4.72669,7.5604,16652.9,12277.2,4.57813,1.00012,N111_H7_zero_train,111,4,4000,3000,0.99,0,0,0.6411664940508935,True
"natural[24,4]",4.29249,0.0127442,1.7866,1.75347,1.76014,4.08015,7.52381,23145.4,11671.0,6.36301,0.999952,N111_H7_zero_train,111,4,4000,3000,0.99,0,0,0.6411664940508935,True
"natural[24,5]",2.90339,0.00576072,0.824955,0.804266,1.64457,2.84778,4.34007,21547.5,12808.0,5.92371,1.00084,N111_H7_zero_train,111,4,4000,3000,0.99,0,0,0.6411664940508935,True
"natural[25,1]",0.107115,0.000805159,0.0661003,0.0553103,0.0281487,0.092102,0.2341,5423.78,8847.02,1.49107,1.00041,N111_H7_zero_train,111,4,4000,3000,0.99,0,0,0.6411664940508935,True
"natural[25,2]",1.35585,0.00429322,0.534492,0.523186,0.562653,1.30886,2.29785,14444.8,11055.8,3.97109,1.00024,N111_H7_zero_train,111,4,4000,3000,0.99,0,0,0.6411664940508935,True
"natural[25,3]",1.16575,0.00521691,0.535914,0.368997,0.60352,1.03218,2.20654,14142.2,10046.7,3.88788,1.00028,N111_H7_zero_train,111,4,4000,3000,0.99,0,0,0.6411664940508935,True
"natural[25,4]",0.0424255,0.000558911,0.0685754,0.0217841,0.000619394,0.0170256,0.169955,17085.4,13611.5,4.69702,1.00035,N111_H7_zero_train,111,4,4000,3000,0.99,0,0,0.6411664940508935,True
"natural[25,5]",0.134656,0.00442734,0.638802,0.630633,-0.930841,0.143525,1.18148,21014.0,13979.6,5.77704,1.0001,N111_H7_zero_train,111,4,4000,3000,0.99,0,0,0.6411664940508935,True
"natural[26,1]",0.066706,0.000443736,0.0417503,0.0342655,0.0170258,0.0584333,0.145138,8276.08,11220.0,2.27521,1.0003,N111_H7_zero_train,111,4,4000,3000,0.99,0,0,0.6411664940508935,True
"natural[26,2]",1.49299,0.00413752,0.586638,0.577082,0.638852,1.43227,2.54686,18815.6,11104.2,5.17268,1.00011,N111_H7_zero_train,111,4,4000,3000,0.99,0,0,0.6411664940508935,True
"natural[26,3]",2.32872,0.00820279,0.974108,0.893697,1.06389,2.15646,4.20172,17098.6,10754.5,4.70066,1.00001,N111_H7_zero_train,111,4,4000,3000,0.99,0,0,0.6411664940508935,True
"natural[26,4]",0.0760324,0.000690886,0.0913676,0.0519644,0.00270793,0.0463846,0.245921,18918.3,12558.5,5.20092,0.999973,N111_H7_zero_train,111,4,4000,3000,0.99,0,0,0.6411664940508935,True
"natural[26,5]",1.25271,0.0054104,0.766912,0.764059,0.00514396,1.23719,2.52148,20138.7,12471.9,5.53642,1.0001,N111_H7_zero_train,111,4,4000,3000,0.99,0,0,0.6411664940508935,True
"natural[27,1]",0.0455412,0.000320567,0.0279394,0.0251033,0.0107699,0.0403507,0.0971929,7123.87,10270.7,1.95845,1.00026,N111_H7_zero_train,111,4,4000,3000,0.99,0,0,0.6411664940508935,True
"natural[27,2]",2.93574,0.00751209,1.00156,0.939681,1.53909,2.81421,4.76075,17775.9,13325.4,4.88684,1.0001,N111_H7_zero_train,111,4,4000,3000,0.99,0,0,0.6411664940508935,True
"natural[27,3]",1.91354,0.00808107,0.898715,0.795911,0.838231,1.7121,3.65621,16159.2,11320.0,4.4424,1.00001,N111_H7_zero_train,111,4,4000,3000,0.99,0,0,0.6411664940508935,True
"natural[27,4]",0.0592899,0.00047229,0.0647161,0.0429077,0.00148109,0.0349419,0.195467,18166.8,13099.0,4.99431,0.999986,N111_H7_zero_train,111,4,4000,3000,0.99,0,0,0.6411664940508935,True
"natural[27,5]",0.974397,0.0051235,0.738926,0.730433,-0.244355,0.964252,2.18988,20992.8,12867.3,5.77123,0.99996,N111_H7_zero_train,111,4,4000,3000,0.99,0,0,0.6411664940508935,True
"natural[28,1]",0.0874801,0.000811279,0.0565033,0.0468409,0.0200767,0.0751481,0.194157,4153.81,7021.2,1.14194,1.00085,N111_H7_zero_train,111,4,4000,3000,0.99,0,0,0.6411664940508935,True
"natural[28,2]",1.37241,0.00377983,0.501739,0.477077,0.65202,1.31599,2.27287,17055.9,11597.4,4.68892,1.00017,N111_H7_zero_train,111,4,4000,3000,0.99,0,0,0.6411664940508935,True
"natural[28,3]",2.70139,0.00942893,1.07355,1.01894,1.26813,2.53727,4.69872,15041.7,11410.9,4.13517,1.00035,N111_H7_zero_train,111,4,4000,3000,0.99,0,0,0.6411664940508935,True
"natural[28,4]",0.103076,0.000925536,0.117856,0.0732645,0.00219825,0.0589703,0.34306,14720.1,12598.8,4.04677,1.00015,N111_H7_zero_train,111,4,4000,3000,0.99,0,0,0.6411664940508935,True
"natural[28,5]",-0.284006,0.00515767,0.692033,0.677455,-1.43472,-0.264911,0.819791,18082.9,11524.8,4.97124,1.00024,N111_H7_zero_train,111,4,4000,3000,0.99,0,0,0.6411664940508935,True
"natural[29,1]",0.0537226,0.000374577,0.0353078,0.0281745,0.0129828,0.0461491,0.121606,8037.04,11299.6,2.2095,1.00014,N111_H7_zero_train,111,4,4000,3000,0.99,0,0,0.6411664940508935,True
"natural[29,2]",3.14674,0.0101733,1.21693,1.11149,1.53138,2.95914,5.38301,13629.5,11153.6,3.74694,0.999889,N111_H7_zero_train,111,4,4000,3000,0.99,0,0,0.6411664940508935,True
"natural[29,3]",0.400697,0.00129468,0.143025,0.130017,0.154639,0.406151,0.622697,12379.4,7448.59,3.40326,1.00065,N111_H7_zero_train,111,4,4000,3000,0.99,0,0,0.6411664940508935,True
"natural[29,4]",0.0219546,0.000303421,0.0367056,0.00996844,0.000239367,0.00756539,0.0956792,15933.8,11217.0,4.38044,1.00013,N111_H7_zero_train,111,4,4000,3000,0.99,0,0,0.6411664940508935,True
"natural[29,5]",1.28116,0.00475824,0.699722,0.693089,0.148729,1.26447,2.44985,21701.3,13034.6,5.96599,1.00033,N111_H7_zero_train,111,4,4000,3000,0.99,0,0,0.6411664940508935,True
"natural[30,1]",0.0807937,0.00108069,0.0598948,0.0453495,0.0165842,0.0661929,0.194671,2615.27,7134.47,0.718976,1.00144,N111_H7_zero_train,111,4,4000,3000,0.99,0,0,0.6411664940508935,True
"natural[30,2]",0.411232,0.00124681,0.184418,0.171493,0.16569,0.382342,0.758144,21171.4,11211.0,5.82033,1.00046,N111_H7_zero_train,111,4,4000,3000,0.99,0,0,0.6411664940508935,True
"natural[30,3]",4.76486,0.013212,1.53132,1.5099,2.48963,4.64897,7.4643,14198.3,11858.5,3.90333,1.00023,N111_H7_zero_train,111,4,4000,3000,0.99,0,0,0.6411664940508935,True
"natural[30,4]",4.2411,0.0126637,1.76813,1.69851,1.78511,4.0194,7.49394,23113.7,12071.6,6.35428,1.00016,N111_H7_zero_train,111,4,4000,3000,0.99,0,0,0.6411664940508935,True
"natural[30,5]",2.94233,0.00567715,0.822765,0.802265,1.66668,2.88958,4.36711,21684.9,13374.9,5.9615,1.00019,N111_H7_zero_train,111,4,4000,3000,0.99,0,0,0.6411664940508935,True
"natural[31,1]",0.122122,0.000918881,0.0795591,0.0587372,0.0351503,0.102721,0.273983,6858.77,9880.14,1.88557,0.99999,N111_H7_zero_train,111,4,4000,3000,0.99,0,0,0.6411664940508935,True
"natural[31,2]",0.489379,0.0019196,0.250671,0.238644,0.151277,0.451658,0.956933,14996.9,10163.0,4.12286,1.00025,N111_H7_zero_train,111,4,4000,3000,0.99,0,0,0.6411664940508935,True
"natural[31,3]",2.57537,0.0102805,1.13233,1.04156,1.07854,2.39269,4.68723,13881.9,10018.2,3.81632,1.00032,N111_H7_zero_train,111,4,4000,3000,0.99,0,0,0.6411664940508935,True
"natural[31,4]",0.320191,0.00376675,0.429553,0.208857,0.00985819,0.182504,1.05842,19097.1,12117.9,5.25005,1.00025,N111_H7_zero_train,111,4,4000,3000,0.99,0,0,0.6411664940508935,True
"natural[31,5]",1.63045,0.0038708,0.574505,0.562077,0.712662,1.61439,2.6045,22860.5,11397.8,6.28467,1.00042,N111_H7_zero_train,111,4,4000,3000,0.99,0,0,0.6411664940508935,True
"natural[32,1]",0.0443571,0.000332642,0.0293221,0.0258378,0.00948071,0.0382505,0.0996296,6927.7,11022.5,1.90452,1.0001,N111_H7_zero_train,111,4,4000,3000,0.99,0,0,0.6411664940508935,True
"natural[32,2]",3.21569,0.0328121,2.17744,1.1605,1.29257,2.51124,7.57253,4234.33,9312.3,1.16408,1.00094,N111_H7_zero_train,111,4,4000,3000,0.99,0,0,0.6411664940508935,True
"natural[32,3]",0.2658,0.00122478,0.111856,0.121813,0.0705237,0.273382,0.432031,8656.89,9615.88,2.3799,1.00051,N111_H7_zero_train,111,4,4000,3000,0.99,0,0,0.6411664940508935,True
"natural[32,4]",0.16395,0.00294811,0.172496,0.116805,0.00042155,0.0796426,0.467212,3578.18,10031.3,0.983693,1.00202,N111_H7_zero_train,111,4,4000,3000,0.99,0,0,0.6411664940508935,True
"natural[32,5]",2.20682,0.00813274,0.744659,0.732252,1.06487,2.16376,3.49865,8615.01,10417.5,2.36839,1.00041,N111_H7_zero_train,111,4,4000,3000,0.99,0,0,0.6411664940508935,True
"natural[33,1]",0.164571,0.00160041,0.108651,0.0933012,0.0379258,0.137554,0.378127,3479.69,7612.34,0.956616,1.00069,N111_H7_zero_train,111,4,4000,3000,0.99,0,0,0.6411664940508935,True
"natural[33,2]",0.33198,0.0012821,0.16369,0.155805,0.109271,0.309631,0.633028,15418.1,10759.9,4.23866,1.00023,N111_H7_zero_train,111,4,4000,3000,0.99,0,0,0.6411664940508935,True
"natural[33,3]",3.69068,0.0119572,1.36946,1.32475,1.70651,3.55065,6.12611,13854.2,12147.1,3.80873,1.00001,N111_H7_zero_train,111,4,4000,3000,0.99,0,0,0.6411664940508935,True
"natural[33,4]",1.09541,0.00937772,1.05066,0.760131,0.0616952,0.808053,3.15849,15141.3,11228.8,4.16255,1.00002,N111_H7_zero_train,111,4,4000,3000,0.99,0,0,0.6411664940508935,True
"natural[33,5]",2.32706,0.00514976,0.676517,0.673256,1.28953,2.28881,3.49348,17958.1,13050.8,4.93693,1.00044,N111_H7_zero_train,111,4,4000,3000,0.99,0,0,0.6411664940508935,True
"natural[34,1]",0.0522494,0.000348723,0.0320168,0.0278307,0.0125572,0.0465098,0.111124,8307.39,10562.6,2.28382,1.0002,N111_H7_zero_train,111,4,4000,3000,0.99,0,0,0.6411664940508935,True
"natural[34,2]",2.80835,0.018215,1.46763,1.00984,1.23347,2.43838,5.70868,6526.56,9874.25,1.79424,1.00044,N111_H7_zero_train,111,4,4000,3000,0.99,0,0,0.6411664940508935,True
"natural[34,3]",0.463098,0.00113038,0.140951,0.116751,0.227567,0.465714,0.685899,15542.6,10057.0,4.27288,1.00001,N111_H7_zero_train,111,4,4000,3000,0.99,0,0,0.6411664940508935,True
"natural[34,4]",0.132997,0.00177624,0.131272,0.116704,0.00127865,0.0840345,0.380769,5422.59,11868.1,1.49075,1.00065,N111_H7_zero_train,111,4,4000,3000,0.99,0,0,0.6411664940508935,True
"natural[34,5]",2.59694,0.00751825,0.784591,0.770895,1.38568,2.54734,3.95624,11263.6,10931.8,3.09652,1.00076,N111_H7_zero_train,111,4,4000,3000,0.99,0,0,0.6411664940508935,True
"natural[35,1]",0.0761784,0.000563534,0.0553029,0.0398603,0.0175654,0.0632694,0.179339,9576.39,10603.5,2.63269,1.00006,N111_H7_zero_train,111,4,4000,3000,0.99,0,0,0.6411664940508935,True
"natural[35,2]",1.392,0.00763462,0.827822,0.797347,0.291313,1.27038,2.92214,9850.16,9676.75,2.70795,0.999973,N111_H7_zero_train,111,4,4000,3000,0.99,0,0,0.6411664940508935,True
"natural[35,3]",1.11632,0.00881455,0.731779,0.39332,0.465356,0.897548,2.57982,10649.0,7808.39,2.92757,1.00016,N111_H7_zero_train,111,4,4000,3000,0.99,0,0,0.6411664940508935,True
"natural[35,4]",0.0910979,0.00193077,0.206005,0.0388934,0.00100202,0.0296918,0.351141,15334.3,12036.5,4.21563,1.00059,N111_H7_zero_train,111,4,4000,3000,0.99,0,0,0.6411664940508935,True
"natural[35,5]",0.835643,0.00563051,0.70777,0.697021,-0.309368,0.824167,2.01816,15743.2,11907.2,4.32804,1.00019,N111_H7_zero_train,111,4,4000,3000,0.99,0,0,0.6411664940508935,True
"natural[36,1]",0.0829573,0.000924502,0.0695508,0.0437622,0.0171465,0.0654324,0.209462,4862.34,8589.59,1.33673,1.00076,N111_H7_zero_train,111,4,4000,3000,0.99,0,0,0.6411664940508935,True
"natural[36,2]",0.469989,0.00261939,0.29139,0.285949,0.0947301,0.418065,1.02216,10739.4,10055.5,2.95243,1.00022,N111_H7_zero_train,111,4,4000,3000,0.99,0,0,0.6411664940508935,True
"natural[36,3]",1.382,0.0105607,0.975729,0.700689,0.303876,1.13022,3.33068,10492.2,9760.88,2.88445,1.0002,N111_H7_zero_train,111,4,4000,3000,0.99,0,0,0.6411664940508935,True
"natural[36,4]",0.149123,0.00321804,0.326025,0.0682718,0.00210156,0.0539296,0.571975,15573.4,12162.6,4.28134,1.00039,N111_H7_zero_train,111,4,4000,3000,0.99,0,0,0.6411664940508935,True
"natural[36,5]",1.37788,0.0041806,0.553779,0.554841,0.491034,1.3624,2.30412,18047.9,13434.4,4.96163,1.00004,N111_H7_zero_train,111,4,4000,3000,0.99,0,0,0.6411664940508935,True
"natural[37,1]",0.10841,0.00137105,0.0792419,0.0620114,0.0214662,0.0873801,0.268688,2700.76,6757.03,0.742477,1.00073,N111_H7_zero_train,111,4,4000,3000,0.99,0,0,0.6411664940508935,True
"natural[37,2]",0.360089,0.00110067,0.156363,0.14647,0.149173,0.336136,0.651759,19474.1,10314.1,5.3537,1.00024,N111_H7_zero_train,111,4,4000,3000,0.99,0,0,0.6411664940508935,True
"natural[37,3]",4.87001,0.012497,1.53286,1.53303,2.53677,4.7441,7.53512,15541.6,12213.3,4.27261,1.00049,N111_H7_zero_train,111,4,4000,3000,0.99,0,0,0.6411664940508935,True
"natural[37,4]",4.47668,0.0122601,1.81577,1.76852,1.90354,4.27723,7.81121,24522.6,12585.8,6.74162,1.00041,N111_H7_zero_train,111,4,4000,3000,0.99,0,0,0.6411664940508935,True
"natural[37,5]",2.89464,0.00571279,0.829553,0.805871,1.63944,2.84022,4.33497,22328.7,11578.9,6.13847,1.00046,N111_H7_zero_train,111,4,4000,3000,0.99,0,0,0.6411664940508935,True
"natural[38,1]",0.101234,0.000813124,0.0700018,0.0510498,0.0245491,0.0841515,0.233888,7299.15,10596.7,2.00664,1.00047,N111_H7_zero_train,111,4,4000,3000,0.99,0,0,0.6411664940508935,True
"natural[38,2]",0.711704,0.00305706,0.353623,0.357744,0.19062,0.681577,1.34264,11801.1,9232.68,3.2443,1.00001,N111_H7_zero_train,111,4,4000,3000,0.99,0,0,0.6411664940508935,True
"natural[38,3]",0.754648,0.0069072,0.617599,0.372784,0.15495,0.607102,1.83468,12756.2,8503.89,3.50686,1.00015,N111_H7_zero_train,111,4,4000,3000,0.99,0,0,0.6411664940508935,True
"natural[38,4]",0.112756,0.00303029,0.271383,0.049982,0.00111348,0.0379918,0.416541,15367.0,11531.7,4.22461,1.00002,N111_H7_zero_train,111,4,4000,3000,0.99,0,0,0.6411664940508935,True
"natural[38,5]",1.38309,0.00409619,0.57283,0.570147,0.457648,1.37014,2.33843,19427.4,13758.9,5.34088,1.00013,N111_H7_zero_train,111,4,4000,3000,0.99,0,0,0.6411664940508935,True
"natural[39,1]",0.0563601,0.000497143,0.0388134,0.0315926,0.0111981,0.0474257,0.133746,5582.97,10479.3,1.53484,1.00061,N111_H7_zero_train,111,4,4000,3000,0.99,0,0,0.6411664940508935,True
"natural[39,2]",4.21782,0.0201101,2.08248,1.53526,1.90753,3.809,7.82098,14931.7,11180.4,4.10493,1.00047,N111_H7_zero_train,111,4,4000,3000,0.99,0,0,0.6411664940508935,True
"natural[39,3]",1.91619,0.00816823,0.935674,0.810956,0.837115,1.703,3.73932,16432.2,11969.3,4.51744,1.00005,N111_H7_zero_train,111,4,4000,3000,0.99,0,0,0.6411664940508935,True
"natural[39,4]",0.105602,0.00101174,0.115757,0.0775623,0.00163799,0.0594438,0.35399,13471.4,13486.6,3.70347,1.00026,N111_H7_zero_train,111,4,4000,3000,0.99,0,0,0.6411664940508935,True
"natural[39,5]",1.17687,0.00609892,0.866718,0.848103,-0.210632,1.15352,2.64146,20544.4,11458.6,5.64795,1.00004,N111_H7_zero_train,111,4,4000,3000,0.99,0,0,0.6411664940508935,True
"natural[40,1]",0.0613629,0.000383368,0.04091,0.0309002,0.0155258,0.0533118,0.133884,11589.9,10741.5,3.18624,1.00015,N111_H7_zero_train,111,4,4000,3000,0.99,0,0,0.6411664940508935,True
"natural[40,2]",1.62163,0.00806569,0.82231,0.79856,0.421589,1.5344,3.08841,8936.82,7391.51,2.45686,1.00098,N111_H7_zero_train,111,4,4000,3000,0.99,0,0,0.6411664940508935,True
"natural[40,3]",0.856098,0.0062865,0.511531,0.265809,0.400612,0.734588,1.72167,12534.3,7250.95,3.44587,1.00074,N111_H7_zero_train,111,4,4000,3000,0.99,0,0,0.6411664940508935,True
"natural[40,4]",0.0869804,0.0020107,0.18706,0.0495377,0.00143324,0.0392472,0.299777,15273.5,9850.35,4.1989,1.00013,N111_H7_zero_train,111,4,4000,3000,0.99,0,0,0.6411664940508935,True
"natural[40,5]",1.99992,0.00608327,0.754484,0.735592,0.811527,1.97076,3.28485,15284.3,11810.1,4.20187,1.00028,N111_H7_zero_train,111,4,4000,3000,0.99,0,0,0.6411664940508935,True
"natural[41,1]",0.104352,0.00134835,0.0744107,0.0609109,0.0199676,0.0861426,0.250146,2618.63,7710.75,0.719899,1.00047,N111_H7_zero_train,111,4,4000,3000,0.99,0,0,0.6411664940508935,True
"natural[41,2]",0.38738,0.00122929,0.172645,0.161121,0.158653,0.359426,0.704237,19779.8,11318.2,5.43775,1.00005,N111_H7_zero_train,111,4,4000,3000,0.99,0,0,0.6411664940508935,True
"natural[41,3]",4.78645,0.0136747,1.53819,1.50598,2.50096,4.67683,7.48889,13600.4,10955.1,3.73896,1.00005,N111_H7_zero_train,111,4,4000,3000,0.99,0,0,0.6411664940508935,True
"natural[41,4]",4.38553,0.0132031,1.78737,1.71764,1.8656,4.16272,7.65091,21355.9,12244.6,5.87104,1.00018,N111_H7_zero_train,111,4,4000,3000,0.99,0,0,0.6411664940508935,True
"natural[41,5]",2.90981,0.00580138,0.825912,0.804779,1.63868,2.86353,4.35154,20917.4,12160.5,5.75048,1.00065,N111_H7_zero_train,111,4,4000,3000,0.99,0,0,0.6411664940508935,True
"natural[42,1]",0.0748596,0.000416661,0.0386801,0.034645,0.0246993,0.0685018,0.146686,7764.26,10744.9,2.13451,1.00018,N111_H7_zero_train,111,4,4000,3000,0.99,0,0,0.6411664940508935,True
"natural[42,2]",1.42859,0.00437601,0.547872,0.534786,0.60731,1.38271,2.40092,14261.4,9499.14,3.92066,0.999986,N111_H7_zero_train,111,4,4000,3000,0.99,0,0,0.6411664940508935,True
"natural[42,3]",1.19048,0.00559874,0.50824,0.35291,0.647089,1.06964,2.14284,13098.8,8303.2,3.60105,1.00034,N111_H7_zero_train,111,4,4000,3000,0.99,0,0,0.6411664940508935,True
"natural[42,4]",0.0431799,0.000509543,0.0640509,0.0240887,0.000828599,0.0192886,0.167164,16264.3,13304.1,4.47128,1.00022,N111_H7_zero_train,111,4,4000,3000,0.99,0,0,0.6411664940508935,True
"natural[42,5]",0.335535,0.00447786,0.613189,0.613117,-0.673777,0.336894,1.34121,18941.7,12634.1,5.20734,1.0009,N111_H7_zero_train,111,4,4000,3000,0.99,0,0,0.6411664940508935,True
"natural[43,1]",0.0806643,0.000394421,0.0350051,0.0333834,0.0306903,0.0767102,0.14441,7354.77,8585.59,2.02193,1.00103,N111_H7_zero_train,111,4,4000,3000,0.99,0,0,0.6411664940508935,True
"natural[43,2]",2.92702,0.0214972,1.7481,1.00324,1.26238,2.51217,6.03184,7865.25,7389.8,2.16227,1.00027,N111_H7_zero_train,111,4,4000,3000,0.99,0,0,0.6411664940508935,True
"natural[43,3]",0.58133,0.00170173,0.175654,0.150854,0.277896,0.586439,0.857745,10829.7,9609.5,2.97724,1.00065,N111_H7_zero_train,111,4,4000,3000,0.99,0,0,0.6411664940508935,True
"natural[43,4]",0.0741369,0.00156965,0.110052,0.0250799,0.000290339,0.0177176,0.34063,5522.39,8247.86,1.51818,1.00028,N111_H7_zero_train,111,4,4000,3000,0.99,0,0,0.6411664940508935,True
"natural[43,5]",0.516443,0.00545733,0.686842,0.673965,-0.599988,0.511252,1.65993,16098.5,10907.7,4.42571,1.00038,N111_H7_zero_train,111,4,4000,3000,0.99,0,0,0.6411664940508935,True
"natural[44,1]",0.0671436,0.000351034,0.0338634,0.0299226,0.0222976,0.062488,0.127804,8619.94,9751.94,2.36974,1.00017,N111_H7_zero_train,111,4,4000,3000,0.99,0,0,0.6411664940508935,True
"natural[44,2]",1.48684,0.00338928,0.470921,0.462851,0.772953,1.45319,2.30865,18482.7,11631.6,5.08116,1.00037,N111_H7_zero_train,111,4,4000,3000,0.99,0,0,0.6411664940508935,True
"natural[44,3]",0.277163,0.00117077,0.159886,0.163839,0.0497724,0.261022,0.559597,16574.1,11211.9,4.55644,0.999999,N111_H7_zero_train,111,4,4000,3000,0.99,0,0,0.6411664940508935,True
"natural[44,4]",0.0215869,0.000282501,0.03655,0.00995555,0.000246551,0.00754547,0.0932308,16988.1,11622.5,4.67026,0.999938,N111_H7_zero_train,111,4,4000,3000,0.99,0,0,0.6411664940508935,True
"natural[44,5]",1.56743,0.00402289,0.611213,0.604921,0.578468,1.55926,2.58289,23045.2,13223.5,6.33545,1.00004,N111_H7_zero_train,111,4,4000,3000,0.99,0,0,0.6411664940508935,True
"natural[45,1]",0.11699,0.00102614,0.0866508,0.0594346,0.027669,0.0934605,0.287768,6018.86,9281.42,1.65467,1.00048,N111_H7_zero_train,111,4,4000,3000,0.99,0,0,0.6411664940508935,True
"natural[45,2]",0.424629,0.00228627,0.280894,0.266308,0.0805702,0.367994,0.959579,12785.5,10766.2,3.51492,1.00008,N111_H7_zero_train,111,4,4000,3000,0.99,0,0,0.6411664940508935,True
"natural[45,3]",1.56363,0.0122617,1.17442,0.833726,0.319496,1.24652,3.91652,12501.3,8496.24,3.43679,1.00044,N111_H7_zero_train,111,4,4000,3000,0.99,0,0,0.6411664940508935,True
"natural[45,4]",0.604826,0.00826739,0.869516,0.382273,0.00816936,0.307389,2.30778,15386.4,11135.8,4.22995,1.00003,N111_H7_zero_train,111,4,4000,3000,0.99,0,0,0.6411664940508935,True
"natural[45,5]",2.49378,0.00446337,0.672912,0.668058,1.45764,2.4552,3.65078,23239.1,13716.7,6.38876,1.0,N111_H7_zero_train,111,4,4000,3000,0.99,0,0,0.6411664940508935,True
"natural[46,1]",0.0843327,0.000979894,0.0551218,0.0461951,0.0196287,0.0728726,0.188769,2717.22,8264.98,0.747003,1.00079,N111_H7_zero_train,111,4,4000,3000,0.99,0,0,0.6411664940508935,True
"natural[46,2]",0.410569,0.00127704,0.178579,0.165319,0.171603,0.382489,0.74505,19245.9,11106.9,5.29097,1.0001,N111_H7_zero_train,111,4,4000,3000,0.99,0,0,0.6411664940508935,True
"natural[46,3]",4.88785,0.0124817,1.52232,1.48349,2.62864,4.76338,7.57269,15678.0,11982.3,4.3101,1.00006,N111_H7_zero_train,111,4,4000,3000,0.99,0,0,0.6411664940508935,True
"natural[46,4]",4.47325,0.0127096,1.77124,1.71744,1.94963,4.268,7.68297,21661.6,12626.9,5.95509,1.00068,N111_H7_zero_train,111,4,4000,3000,0.99,0,0,0.6411664940508935,True
"natural[46,5]",2.86012,0.00593895,0.815921,0.810987,1.59658,2.81123,4.27518,19681.5,12481.0,5.41072,1.00006,N111_H7_zero_train,111,4,4000,3000,0.99,0,0,0.6411664940508935,True
"natural[47,1]",0.0810177,0.000505733,0.051383,0.039334,0.021999,0.0705279,0.176517,9402.96,10891.8,2.58501,1.00035,N111_H7_zero_train,111,4,4000,3000,0.99,0,0,0.6411664940508935,True
"natural[47,2]",0.881117,0.00368201,0.412935,0.416068,0.269571,0.846309,1.60133,11085.2,8508.88,3.04747,0.999968,N111_H7_zero_train,111,4,4000,3000,0.99,0,0,0.6411664940508935,True
"natural[47,3]",1.24228,0.00682049,0.685146,0.475044,0.493532,1.08117,2.56394,13810.1,9264.21,3.79659,0.999967,N111_H7_zero_train,111,4,4000,3000,0.99,0,0,0.6411664940508935,True
"natural[47,4]",0.135684,0.00197916,0.207534,0.0899878,0.00345936,0.0745092,0.441886,16660.9,11990.7,4.58033,1.00008,N111_H7_zero_train,111,4,4000,3000,0.99,0,0,0.6411664940508935,True
"natural[47,5]",2.1215,0.00458893,0.634501,0.617325,1.12136,2.09673,3.22132,19326.2,13883.4,5.31306,1.00003,N111_H7_zero_train,111,4,4000,3000,0.99,0,0,0.6411664940508935,True
"natural[48,1]",0.0783797,0.000512986,0.0466008,0.0362633,0.0238906,0.0701001,0.158077,6942.5,10694.5,1.90859,1.0006,N111_H7_zero_train,111,4,4000,3000,0.99,0,0,0.6411664940508935,True
"natural[48,2]",0.90124,0.00318594,0.38836,0.385788,0.301315,0.876979,1.57318,13603.4,7910.71,3.73978,1.00013,N111_H7_zero_train,111,4,4000,3000,0.99,0,0,0.6411664940508935,True
"natural[48,3]",0.401159,0.00439622,0.357021,0.212273,0.0707646,0.334616,0.896587,13707.0,8820.62,3.76826,1.00012,N111_H7_zero_train,111,4,4000,3000,0.99,0,0,0.6411664940508935,True
"natural[48,4]",0.0514371,0.00154551,0.135805,0.0218497,0.000464544,0.0164095,0.201783,15947.4,13441.0,4.38417,0.999969,N111_H7_zero_train,111,4,4000,3000,0.99,0,0,0.6411664940508935,True
"natural[48,5]",1.54924,0.00400806,0.581952,0.581027,0.615816,1.53577,2.52432,21013.6,13116.9,5.77695,1.00019,N111_H7_zero_train,111,4,4000,3000,0.99,0,0,0.6411664940508935,True
"natural[49,1]",0.113084,0.000784681,0.0681989,0.0543141,0.0328954,0.0998169,0.238265,6885.71,9708.48,1.89298,1.00029,N111_H7_zero_train,111,4,4000,3000,0.99,0,0,0.6411664940508935,True
"natural[49,2]",0.44298,0.00204793,0.239528,0.234824,0.117313,0.407984,0.888033,12258.1,8967.44,3.36992,1.00021,N111_H7_zero_train,111,4,4000,3000,0.99,0,0,0.6411664940508935,True
"natural[49,3]",1.84886,0.0103163,1.03886,0.842342,0.603426,1.62493,3.85739,13061.9,9880.17,3.59091,1.00025,N111_H7_zero_train,111,4,4000,3000,0.99,0,0,0.6411664940508935,True
"natural[49,4]",0.186044,0.00350977,0.348345,0.0964482,0.00338007,0.0780742,0.686483,17323.3,11488.5,4.76242,1.00043,N111_H7_zero_train,111,4,4000,3000,0.99,0,0,0.6411664940508935,True
"natural[49,5]",0.85484,0.00371416,0.511848,0.501053,0.0197189,0.84171,1.70883,19117.9,13813.4,5.25579,1.0003,N111_H7_zero_train,111,4,4000,3000,0.99,0,0,0.6411664940508935,True
"natural[50,1]",0.180521,0.0014759,0.106007,0.0993934,0.0488307,0.158744,0.384293,4363.61,6393.14,1.19962,1.00026,N111_H7_zero_train,111,4,4000,3000,0.99,0,0,0.6411664940508935,True
"natural[50,2]",0.352706,0.00138929,0.177104,0.168301,0.11223,0.328025,0.687825,14713.9,11388.1,4.04505,1.00003,N111_H7_zero_train,111,4,4000,3000,0.99,0,0,0.6411664940508935,True
"natural[50,3]",2.83939,0.0125841,1.3178,1.23079,1.04791,2.64903,5.30089,11890.3,10858.8,3.26882,1.00008,N111_H7_zero_train,111,4,4000,3000,0.99,0,0,0.6411664940508935,True
"natural[50,4]",0.669566,0.00691539,0.786447,0.466679,0.019323,0.40993,2.20908,16597.5,12117.3,4.5629,1.00008,N111_H7_zero_train,111,4,4000,3000,0.99,0,0,0.6411664940508935,True
"natural[50,5]",1.95675,0.00445518,0.609377,0.605961,1.00344,1.93072,2.98715,19382.4,13109.7,5.3285,0.999959,N111_H7_zero_train,111,4,4000,3000,0.99,0,0,0.6411664940508935,True
"natural[51,1]",0.0342907,0.000325485,0.0225462,0.0210159,0.00664581,0.0298296,0.0768584,4847.47,10133.2,1.33264,1.00008,N111_H7_zero_train,111,4,4000,3000,0.99,0,0,0.6411664940508935,True
"natural[51,2]",4.9282,0.0315958,2.88396,2.20564,1.77418,4.24089,10.4171,7173.56,9426.11,1.97212,0.999912,N111_H7_zero_train,111,4,4000,3000,0.99,0,0,0.6411664940508935,True
"natural[51,3]",2.15725,0.0101295,1.02761,0.958754,0.875988,1.95499,4.10536,11767.8,10990.2,3.23514,1.00012,N111_H7_zero_train,111,4,4000,3000,0.99,0,0,0.6411664940508935,True
"natural[51,4]",0.327966,0.00116309,0.102335,0.0889376,0.119376,0.346263,0.459882,8386.76,8336.33,2.30564,1.00058,N111_H7_zero_train,111,4,4000,3000,0.99,0,0,0.6411664940508935,True
"natural[51,5]",2.22299,0.0075675,0.831332,0.806755,0.932676,2.17665,3.65393,12133.5,11933.0,3.33566,1.0,N111_H7_zero_train,111,4,4000,3000,0.99,0,0,0.6411664940508935,True
"natural[52,1]",0.137552,0.00141228,0.100611,0.0756243,0.030345,0.111093,0.337918,4037.19,7999.37,1.10988,1.00063,N111_H7_zero_train,111,4,4000,3000,0.99,0,0,0.6411664940508935,True
"natural[52,2]",0.152963,0.000909059,0.106109,0.0860205,0.0348613,0.126825,0.360287,14211.4,12193.8,3.90691,1.00012,N111_H7_zero_train,111,4,4000,3000,0.99,0,0,0.6411664940508935,True
"natural[52,3]",2.43645,0.0142153,1.56307,1.52337,0.416734,2.15697,5.38722,13444.0,10703.9,3.69594,1.00009,N111_H7_zero_train,111,4,4000,3000,0.99,0,0,0.6411664940508935,True
"natural[52,4]",1.18767,0.0129778,1.42153,0.83,0.0177336,0.64208,4.14319,15750.8,11114.7,4.33013,1.00009,N111_H7_zero_train,111,4,4000,3000,0.99,0,0,0.6411664940508935,True
"natural[52,5]",2.01882,0.0039616,0.596744,0.592512,1.08959,1.98982,3.03539,23183.0,12175.8,6.37335,1.00006,N111_H7_zero_train,111,4,4000,3000,0.99,0,0,0.6411664940508935,True
"natural[53,1]",0.048986,0.000367605,0.0296363,0.0248833,0.0131443,0.0435731,0.101195,5760.7,9096.96,1.5837,1.00014,N111_H7_zero_train,111,4,4000,3000,0.99,0,0,0.6411664940508935,True
"natural[53,2]",1.24446,0.00343176,0.450707,0.443571,0.560361,1.21313,2.04406,16642.0,10431.3,4.57513,1.00005,N111_H7_zero_train,111,4,4000,3000,0.99,0,0,0.6411664940508935,True
"natural[53,3]",2.36155,0.00908082,0.963797,0.908479,1.09984,2.20032,4.17535,12960.8,11097.3,3.5631,0.999962,N111_H7_zero_train,111,4,4000,3000,0.99,0,0,0.6411664940508935,True
"natural[53,4]",0.0674147,0.000616529,0.0774901,0.0464766,0.00273058,0.0418946,0.211258,17663.9,14063.8,4.85605,1.00002,N111_H7_zero_train,111,4,4000,3000,0.99,0,0,0.6411664940508935,True
"natural[53,5]",1.07916,0.00428608,0.606451,0.600899,0.0998795,1.06945,2.09397,20119.6,13483.6,5.53116,0.99996,N111_H7_zero_train,111,4,4000,3000,0.99,0,0,0.6411664940508935,True
"natural[54,1]",0.0321359,0.000230034,0.0192897,0.0177531,0.00773897,0.0285054,0.0680322,6867.01,10994.1,1.88784,1.00013,N111_H7_zero_train,111,4,4000,3000,0.99,0,0,0.6411664940508935,True
"natural[54,2]",3.562,0.012477,1.39274,1.28972,1.69366,3.35425,6.14624,13021.3,11613.5,3.57974,1.00024,N111_H7_zero_train,111,4,4000,3000,0.99,0,0,0.6411664940508935,True
"natural[54,3]",0.650828,0.00119185,0.141291,0.107383,0.482757,0.625165,0.902271,15410.6,13293.8,4.23659,1.00016,N111_H7_zero_train,111,4,4000,3000,0.99,0,0,0.6411664940508935,True
"natural[54,4]",0.030994,0.000369227,0.0453291,0.0164723,0.000482866,0.0129447,0.127347,16131.6,12053.4,4.43482,1.00013,N111_H7_zero_train,111,4,4000,3000,0.99,0,0,0.6411664940508935,True
"natural[54,5]",1.44543,0.00579417,0.742404,0.730177,0.254102,1.42838,2.69319,16519.0,12789.0,4.54132,1.00027,N111_H7_zero_train,111,4,4000,3000,0.99,0,0,0.6411664940508935,True
"natural[55,1]",0.0668805,0.000483865,0.0397464,0.0344928,0.0167204,0.0599779,0.14055,5962.36,9477.21,1.63914,1.00094,N111_H7_zero_train,111,4,4000,3000,0.99,0,0,0.6411664940508935,True
"natural[55,2]",1.94002,0.00585786,0.640911,0.601423,1.03152,1.86667,3.08984,11406.6,11118.5,3.13582,1.00014,N111_H7_zero_train,111,4,4000,3000,0.99,0,0,0.6411664940508935,True
"natural[55,3]",0.324181,0.00145118,0.169327,0.171785,0.0714354,0.312533,0.61719,12648.6,9199.1,3.47729,0.999982,N111_H7_zero_train,111,4,4000,3000,0.99,0,0,0.6411664940508935,True
"natural[55,4]",0.087686,0.0010073,0.102351,0.0597916,0.000735052,0.0432844,0.304988,8045.73,11737.5,2.21189,1.00064,N111_H7_zero_train,111,4,4000,3000,0.99,0,0,0.6411664940508935,True
"natural[55,5]",2.99385,0.00629086,0.737417,0.729816,1.84332,2.96205,4.27717,13678.0,12346.6,3.76027,1.00008,N111_H7_zero_train,111,4,4000,3000,0.99,0,0,0.6411664940508935,True
"natural[56,1]",0.0686693,0.000377081,0.0377629,0.0330024,0.0199707,0.0625646,0.137629,8760.83,9049.62,2.40848,1.00038,N111_H7_zero_train,111,4,4000,3000,0.99,0,0,0.6411664940508935,True
"natural[56,2]",1.17984,0.00364604,0.441048,0.431369,0.520713,1.14736,1.96063,13742.5,10423.3,3.77802,1.00023,N111_H7_zero_train,111,4,4000,3000,0.99,0,0,0.6411664940508935,True
"natural[56,3]",0.578659,0.0026139,0.304809,0.244455,0.175536,0.542665,1.09217,15023.6,9551.07,4.1302,1.0003,N111_H7_zero_train,111,4,4000,3000,0.99,0,0,0.6411664940508935,True
"natural[56,4]",0.0774676,0.000832628,0.104593,0.0498038,0.00146168,0.039682,0.27549,13647.4,10637.8,3.75186,1.00015,N111_H7_zero_train,111,4,4000,3000,0.99,0,0,0.6411664940508935,True
"natural[56,5]",2.77418,0.00523885,0.689106,0.68483,1.69356,2.74887,3.94157,17281.2,13579.2,4.75084,1.0002,N111_H7_zero_train,111,4,4000,3000,0.99,0,0,0.6411664940508935,True
"natural[57,1]",0.179206,0.00160177,0.113248,0.0962366,0.0471352,0.153281,0.397087,3932.6,7462.78,1.08113,1.0005,N111_H7_zero_train,111,4,4000,3000,0.99,0,0,0.6411664940508935,True
"natural[57,2]",0.195085,0.000793193,0.10473,0.0901723,0.0665451,0.174885,0.393436,18339.0,12302.8,5.04165,0.999963,N111_H7_zero_train,111,4,4000,3000,0.99,0,0,0.6411664940508935,True
"natural[57,3]",3.83539,0.0131722,1.57933,1.53401,1.50234,3.69458,6.6936,15074.0,12689.0,4.14405,1.0006,N111_H7_zero_train,111,4,4000,3000,0.99,0,0,0.6411664940508935,True
"natural[57,4]",3.27471,0.0127066,1.78888,1.73838,0.694132,3.06266,6.54053,20200.5,11321.6,5.5534,1.00035,N111_H7_zero_train,111,4,4000,3000,0.99,0,0,0.6411664940508935,True
"natural[57,5]",1.90321,0.00423295,0.642359,0.623598,0.8997,1.87267,3.00576,23271.7,12452.8,6.39772,0.999932,N111_H7_zero_train,111,4,4000,3000,0.99,0,0,0.6411664940508935,True
"natural[58,1]",0.112044,0.000888684,0.0657787,0.0590829,0.0287482,0.099139,0.239152,4834.74,8019.4,1.32914,1.00008,N111_H7_zero_train,111,4,4000,3000,0.99,0,0,0.6411664940508935,True
"natural[58,2]",0.437185,0.00160787,0.204622,0.183876,0.175948,0.400883,0.824143,16214.8,13236.9,4.45767,1.00014,N111_H7_zero_train,111,4,4000,3000,0.99,0,0,0.6411664940508935,True
"natural[58,3]",3.88336,0.0133153,1.47566,1.46803,1.76087,3.73554,6.52975,12959.2,12110.7,3.56266,1.00035,N111_H7_zero_train,111,4,4000,3000,0.99,0,0,0.6411664940508935,True
"natural[58,4]",3.42208,0.01154,1.53984,1.45639,1.34016,3.19802,6.30098,20660.0,11764.3,5.67972,1.00051,N111_H7_zero_train,111,4,4000,3000,0.99,0,0,0.6411664940508935,True
"natural[58,5]",1.13919,0.00454747,0.633159,0.624199,0.112994,1.12769,2.20057,19579.4,13099.5,5.38267,1.00016,N111_H7_zero_train,111,4,4000,3000,0.99,0,0,0.6411664940508935,True
"natural[59,1]",0.0550466,0.000375188,0.0334884,0.0280602,0.0143981,0.0492358,0.114261,7594.02,10210.5,2.0877,1.00056,N111_H7_zero_train,111,4,4000,3000,0.99,0,0,0.6411664940508935,True
"natural[59,2]",1.31648,0.00452969,0.519558,0.502439,0.530828,1.27587,2.2209,12512.1,10586.2,3.43976,1.00034,N111_H7_zero_train,111,4,4000,3000,0.99,0,0,0.6411664940508935,True
"natural[59,3]",0.631771,0.00279877,0.30829,0.241346,0.216282,0.599584,1.13925,13843.7,9792.02,3.80583,1.00019,N111_H7_zero_train,111,4,4000,3000,0.99,0,0,0.6411664940508935,True
"natural[59,4]",0.102651,0.00111183,0.127606,0.0743506,0.00212469,0.0587809,0.336997,11801.6,11392.8,3.24444,1.00003,N111_H7_zero_train,111,4,4000,3000,0.99,0,0,0.6411664940508935,True
"natural[59,5]",2.87108,0.00542427,0.721151,0.711485,1.7448,2.83438,4.11353,17650.4,13290.6,4.85234,1.0001,N111_H7_zero_train,111,4,4000,3000,0.99,0,0,0.6411664940508935,True
"natural[60,1]",0.15975,0.00145344,0.113197,0.0911939,0.0337957,0.130498,0.387819,4985.46,7875.69,1.37057,1.00036,N111_H7_zero_train,111,4,4000,3000,0.99,0,0,0.6411664940508935,True
"natural[60,2]",0.368726,0.00307871,0.300518,0.209016,0.0703917,0.280717,0.973131,9258.12,11766.6,2.54519,1.00023,N111_H7_zero_train,111,4,4000,3000,0.99,0,0,0.6411664940508935,True
"natural[60,3]",2.22919,0.0166864,1.55866,1.44031,0.384344,1.86092,5.2802,9591.49,11036.6,2.63684,1.00039,N111_H7_zero_train,111,4,4000,3000,0.99,0,0,0.6411664940508935,True
"natural[60,4]",1.89807,0.0125127,1.54012,1.28814,0.0757836,1.53411,4.93313,15009.2,10021.2,4.12624,1.00032,N111_H7_zero_train,111,4,4000,3000,0.99,0,0,0.6411664940508935,True
"natural[60,5]",2.01496,0.00538466,0.784409,0.775903,0.788763,1.97905,3.3513,21505.8,13809.9,5.91226,1.0001,N111_H7_zero_train,111,4,4000,3000,0.99,0,0,0.6411664940508935,True
"natural[61,1]",0.111892,0.00086599,0.0670277,0.0575772,0.029826,0.0979693,0.241033,5230.68,8088.26,1.43799,1.00033,N111_H7_zero_train,111,4,4000,3000,0.99,0,0,0.6411664940508935,True
"natural[61,2]",0.600987,0.00217156,0.2941,0.274741,0.215221,0.549959,1.16677,17154.6,11675.1,4.71605,1.00011,N111_H7_zero_train,111,4,4000,3000,0.99,0,0,0.6411664940508935,True
"natural[61,3]",3.81476,0.0115302,1.34751,1.31681,1.8949,3.6715,6.25439,14503.7,12244.3,3.98727,1.00014,N111_H7_zero_train,111,4,4000,3000,0.99,0,0,0.6411664940508935,True
"natural[61,4]",1.73139,0.00826255,1.00981,0.796498,0.538252,1.50389,3.70743,18486.3,11678.9,5.08216,1.00023,N111_H7_zero_train,111,4,4000,3000,0.99,0,0,0.6411664940508935,True
"natural[61,5]",1.86299,0.00444633,0.669703,0.664099,0.813409,1.8403,2.98999,23151.3,12650.6,6.36464,0.999951,N111_H7_zero_train,111,4,4000,3000,0.99,0,0,0.6411664940508935,True
"natural[62,1]",0.0378039,0.000338237,0.0242313,0.0219913,0.00795427,0.0331427,0.0820152,5036.9,10030.9,1.38472,1.00049,N111_H7_zero_train,111,4,4000,3000,0.99,0,0,0.6411664940508935,True
"natural[62,2]",3.902,0.0253501,2.37889,1.77213,1.31858,3.35839,8.32717,7888.64,10312.5,2.1687,1.00003,N111_H7_zero_train,111,4,4000,3000,0.99,0,0,0.6411664940508935,True
"natural[62,3]",2.39909,0.00991701,1.06901,1.03439,0.990747,2.21998,4.39293,12433.8,11636.7,3.41824,1.00016,N111_H7_zero_train,111,4,4000,3000,0.99,0,0,0.6411664940508935,True
"natural[62,4]",0.391697,0.000990087,0.112568,0.0843398,0.182492,0.406404,0.538148,13475.1,9991.87,3.70451,1.00011,N111_H7_zero_train,111,4,4000,3000,0.99,0,0,0.6411664940508935,True
"natural[62,5]",1.51982,0.00659764,0.766011,0.763153,0.31783,1.49324,2.81572,14061.0,11750.8,3.86557,1.00016,N111_H7_zero_train,111,4,4000,3000,0.99,0,0,0.6411664940508935,True
"natural[63,1]",0.127255,0.00131785,0.0862299,0.0730696,0.0270395,0.105847,0.294936,3585.63,7550.06,0.98574,1.00007,N111_H7_zero_train,111,4,4000,3000,0.99,0,0,0.6411664940508935,True
"natural[63,2]",0.365944,0.00132762,0.177285,0.168803,0.127029,0.338643,0.697474,17056.7,11462.7,4.68914,1.00002,N111_H7_zero_train,111,4,4000,3000,0.99,0,0,0.6411664940508935,True
"natural[63,3]",4.17387,0.0123516,1.39749,1.36342,2.12331,4.05334,6.6692,13273.9,11814.9,3.64918,1.00052,N111_H7_zero_train,111,4,4000,3000,0.99,0,0,0.6411664940508935,True
"natural[63,4]",1.67319,0.0110672,1.24569,1.03213,0.197121,1.38998,4.1197,14155.6,11666.2,3.89158,1.00012,N111_H7_zero_train,111,4,4000,3000,0.99,0,0,0.6411664940508935,True
"natural[63,5]",2.27276,0.00472389,0.695077,0.682423,1.17789,2.24061,3.46834,22055.7,13165.4,6.06342,1.00028,N111_H7_zero_train,111,4,4000,3000,0.99,0,0,0.6411664940508935,True
"natural[64,1]",0.0924741,0.000711446,0.0650735,0.0422203,0.0255029,0.0758265,0.21826,8242.11,11114.6,2.26587,1.00046,N111_H7_zero_train,111,4,4000,3000,0.99,0,0,0.6411664940508935,True
"natural[64,2]",1.47817,0.00484616,0.571988,0.576038,0.593881,1.4475,2.47227,13208.6,10182.5,3.63123,1.00031,N111_H7_zero_train,111,4,4000,3000,0.99,0,0,0.6411664940508935,True
"natural[64,3]",0.534889,0.00316806,0.319239,0.206531,0.185709,0.478478,1.05955,13313.3,8418.71,3.66003,1.00064,N111_H7_zero_train,111,4,4000,3000,0.99,0,0,0.6411664940508935,True
"natural[64,4]",0.0398499,0.000528973,0.0663218,0.0191665,0.000495481,0.0145897,0.168624,16238.4,13149.3,4.46418,1.0,N111_H7_zero_train,111,4,4000,3000,0.99,0,0,0.6411664940508935,True
"natural[64,5]",1.17492,0.00475181,0.624132,0.625225,0.15075,1.17076,2.21008,17528.1,10558.4,4.81872,1.00011,N111_H7_zero_train,111,4,4000,3000,0.99,0,0,0.6411664940508935,True
"natural[65,1]",0.117414,0.00113676,0.078553,0.0615314,0.0288291,0.0987624,0.272887,3942.87,7722.0,1.08395,1.00095,N111_H7_zero_train,111,4,4000,3000,0.99,0,0,0.6411664940508935,True
"natural[65,2]",0.371933,0.00138667,0.195378,0.174648,0.125203,0.335712,0.744193,19009.6,12571.9,5.22601,0.999944,N111_H7_zero_train,111,4,4000,3000,0.99,0,0,0.6411664940508935,True
"natural[65,3]",4.11315,0.0114694,1.44379,1.41513,2.01702,3.982,6.69362,16810.7,12581.6,4.62149,1.00079,N111_H7_zero_train,111,4,4000,3000,0.99,0,0,0.6411664940508935,True
"natural[65,4]",2.14574,0.0103548,1.34721,1.18156,0.464296,1.86399,4.70378,20069.8,11202.4,5.51748,1.00001,N111_H7_zero_train,111,4,4000,3000,0.99,0,0,0.6411664940508935,True
"natural[65,5]",2.26747,0.00455652,0.690946,0.669863,1.19743,2.23103,3.45279,24117.8,12276.9,6.63034,1.00031,N111_H7_zero_train,111,4,4000,3000,0.99,0,0,0.6411664940508935,True
"natural[66,1]",0.0943207,0.000770824,0.064691,0.0490622,0.0223253,0.0790667,0.218811,6069.75,8693.9,1.66866,1.00068,N111_H7_zero_train,111,4,4000,3000,0.99,0,0,0.6411664940508935,True
"natural[66,2]",0.48737,0.00280548,0.321842,0.275991,0.11526,0.412304,1.11364,11299.5,11799.7,3.10638,1.00035,N111_H7_zero_train,111,4,4000,3000,0.99,0,0,0.6411664940508935,True
"natural[66,3]",2.18422,0.0121449,1.24271,1.0745,0.709564,1.90606,4.58134,13387.7,10520.5,3.68048,1.00036,N111_H7_zero_train,111,4,4000,3000,0.99,0,0,0.6411664940508935,True
"natural[66,4]",0.905314,0.00825253,0.948432,0.606431,0.0391764,0.635326,2.79609,17210.4,11210.8,4.73139,1.00091,N111_H7_zero_train,111,4,4000,3000,0.99,0,0,0.6411664940508935,True
"natural[66,5]",2.41372,0.00465243,0.688524,0.68321,1.34132,2.37866,3.58413,22908.3,11790.7,6.29781,0.99993,N111_H7_zero_train,111,4,4000,3000,0.99,0,0,0.6411664940508935,True
"natural[67,1]",0.0508089,0.000360097,0.0327352,0.0275388,0.0122458,0.0445844,0.11168,7003.34,9963.32,1.92532,1.00024,N111_H7_zero_train,111,4,4000,3000,0.99,0,0,0.6411664940508935,True
"natural[67,2]",1.40978,0.00455914,0.518664,0.508328,0.64281,1.36428,2.32216,11955.9,8908.72,3.28685,1.0002,N111_H7_zero_train,111,4,4000,3000,0.99,0,0,0.6411664940508935,True
"natural[67,3]",1.42674,0.0050779,0.561076,0.4612,0.753178,1.31455,2.49229,16186.2,9695.93,4.44981,1.00019,N111_H7_zero_train,111,4,4000,3000,0.99,0,0,0.6411664940508935,True
"natural[67,4]",0.116681,0.00106062,0.118585,0.0916078,0.00455652,0.0823346,0.334119,15938.6,12280.8,4.38174,1.0001,N111_H7_zero_train,111,4,4000,3000,0.99,0,0,0.6411664940508935,True
"natural[67,5]",2.57618,0.00559539,0.711706,0.695953,1.45816,2.54204,3.79618,16269.8,11970.7,4.47279,1.00035,N111_H7_zero_train,111,4,4000,3000,0.99,0,0,0.6411664940508935,True
"natural[68,1]",0.0690133,0.000433161,0.0413198,0.0342182,0.0187754,0.0616376,0.143707,8344.2,10412.0,2.29394,1.00016,N111_H7_zero_train,111,4,4000,3000,0.99,0,0,0.6411664940508935,True
"natural[68,2]",1.01633,0.00373166,0.468821,0.459847,0.348481,0.964875,1.87559,14531.2,9911.3,3.99483,0.999919,N111_H7_zero_train,111,4,4000,3000,0.99,0,0,0.6411664940508935,True
"natural[68,3]",2.16224,0.00834808,0.929979,0.84632,0.988367,1.99204,3.91818,15009.3,10459.8,4.12628,1.00036,N111_H7_zero_train,111,4,4000,3000,0.99,0,0,0.6411664940508935,True
"natural[68,4]",0.117342,0.00128833,0.15787,0.0771455,0.00318284,0.0647403,0.389759,16779.0,12396.6,4.61278,1.0002,N111_H7_zero_train,111,4,4000,3000,0.99,0,0,0.6411664940508935,True
"natural[68,5]",0.900102,0.0043652,0.611988,0.605233,-0.0887771,0.886057,1.92573,19706.6,12729.9,5.41764,1.00037,N111_H7_zero_train,111,4,4000,3000,0.99,0,0,0.6411664940508935,True
"natural[69,1]",0.101565,0.000818866,0.0704072,0.0507534,0.0256715,0.0843173,0.234165,6740.75,9904.06,1.85313,0.999974,N111_H7_zero_train,111,4,4000,3000,0.99,0,0,0.6411664940508935,True
"natural[69,2]",0.463999,0.00209821,0.280755,0.248832,0.124158,0.402401,1.01167,16001.8,12189.5,4.39912,0.999988,N111_H7_zero_train,111,4,4000,3000,0.99,0,0,0.6411664940508935,True
"natural[69,3]",2.56256,0.0115635,1.32711,1.24306,0.860016,2.32351,5.11013,16244.5,10959.7,4.46586,0.999821,N111_H7_zero_train,111,4,4000,3000,0.99,0,0,0.6411664940508935,True
"natural[69,4]",0.955362,0.00855813,0.974435,0.645672,0.0393718,0.673687,2.89822,16408.2,10971.9,4.51084,1.00012,N111_H7_zero_train,111,4,4000,3000,0.99,0,0,0.6411664940508935,True
"natural[69,5]",2.33322,0.00439111,0.691433,0.682219,1.25333,2.29722,3.52572,25322.6,13246.9,6.96154,1.00019,N111_H7_zero_train,111,4,4000,3000,0.99,0,0,0.6411664940508935,True
"natural[70,1]",0.128122,0.00131063,0.0826205,0.0674973,0.0322273,0.109295,0.291064,3061.19,6580.31,0.841564,1.00064,N111_H7_zero_train,111,4,4000,3000,0.99,0,0,0.6411664940508935,True
"natural[70,2]",0.298692,0.00110489,0.152747,0.133398,0.106817,0.270111,0.586109,18179.4,11944.6,4.99777,1.0,N111_H7_zero_train,111,4,4000,3000,0.99,0,0,0.6411664940508935,True
"natural[70,3]",4.20638,0.0128611,1.53926,1.51428,1.96749,4.06369,6.98065,15255.2,11544.8,4.19389,1.00005,N111_H7_zero_train,111,4,4000,3000,0.99,0,0,0.6411664940508935,True
"natural[70,4]",3.29632,0.0119471,1.69634,1.60661,1.02034,3.038,6.42231,23948.3,12369.7,6.58372,1.00027,N111_H7_zero_train,111,4,4000,3000,0.99,0,0,0.6411664940508935,True
"natural[70,5]",2.75553,0.00541626,0.791092,0.778193,1.54722,2.70916,4.13629,22274.0,13084.3,6.12343,1.00034,N111_H7_zero_train,111,4,4000,3000,0.99,0,0,0.6411664940508935,True
"natural[71,1]",0.111641,0.000959773,0.0769279,0.0529661,0.0304169,0.0929132,0.253062,5543.2,9897.56,1.5239,1.00111,N111_H7_zero_train,111,4,4000,3000,0.99,0,0,0.6411664940508935,True
"natural[71,2]",0.958674,0.00589678,0.586871,0.587686,0.152212,0.883963,2.04267,8335.3,7335.11,2.29149,1.00018,N111_H7_zero_train,111,4,4000,3000,0.99,0,0,0.6411664940508935,True
"natural[71,3]",0.580152,0.00824493,0.644224,0.252628,0.0992677,0.421401,1.63821,11198.0,6643.95,3.07849,1.00028,N111_H7_zero_train,111,4,4000,3000,0.99,0,0,0.6411664940508935,True
"natural[71,4]",0.0972251,0.00386515,0.34169,0.0247693,0.000461138,0.0182456,0.361179,11757.0,9766.49,3.23216,1.00004,N111_H7_zero_train,111,4,4000,3000,0.99,0,0,0.6411664940508935,True
"natural[71,5]",1.16205,0.00453736,0.650406,0.639362,0.109886,1.15119,2.2398,20593.3,13008.7,5.66139,1.00038,N111_H7_zero_train,111,4,4000,3000,0.99,0,0,0.6411664940508935,True
"natural[72,1]",0.169155,0.00226692,0.127289,0.0924594,0.0357439,0.133484,0.43051,2683.61,7771.15,0.737762,1.00058,N111_H7_zero_train,111,4,4000,3000,0.99,0,0,0.6411664940508935,True
"natural[72,2]",0.21851,0.00162625,0.170651,0.144625,0.0331233,0.173554,0.556824,9143.54,11974.1,2.51369,1.00003,N111_H7_zero_train,111,4,4000,3000,0.99,0,0,0.6411664940508935,True
"natural[72,3]",1.45291,0.0171291,1.41044,0.946735,0.123391,0.95845,4.41256,7840.35,9731.15,2.15543,0.999837,N111_H7_zero_train,111,4,4000,3000,0.99,0,0,0.6411664940508935,True
"natural[72,4]",0.438327,0.00863284,0.897175,0.117896,0.00100389,0.082554,2.20084,14083.0,11612.1,3.87162,1.00012,N111_H7_zero_train,111,4,4000,3000,0.99,0,0,0.6411664940508935,True
"natural[72,5]",0.126502,0.00367813,0.492297,0.490351,-0.685421,0.125558,0.93774,17983.9,14708.6,4.94403,0.999953,N111_H7_zero_train,111,4,4000,3000,0.99,0,0,0.6411664940508935,True
"natural[73,1]",0.0780099,0.000667303,0.0521073,0.0378783,0.0208788,0.0670183,0.170243,5403.41,9969.88,1.48548,1.00028,N111_H7_zero_train,111,4,4000,3000,0.99,0,0,0.6411664940508935,True
"natural[73,2]",1.12023,0.00369304,0.455341,0.442231,0.413956,1.09161,1.92025,13984.9,8761.62,3.84465,1.00032,N111_H7_zero_train,111,4,4000,3000,0.99,0,0,0.6411664940508935,True
"natural[73,3]",0.274707,0.00261289,0.253546,0.160218,0.0422074,0.226205,0.633101,16137.0,10146.9,4.4363,1.00011,N111_H7_zero_train,111,4,4000,3000,0.99,0,0,0.6411664940508935,True
"natural[73,4]",0.0602167,0.00112156,0.123092,0.0244178,0.000362278,0.0176894,0.250189,12438.1,11583.6,3.41941,1.00025,N111_H7_zero_train,111,4,4000,3000,0.99,0,0,0.6411664940508935,True
"natural[73,5]",1.87272,0.00427018,0.611589,0.602556,0.885218,1.85661,2.90557,20626.1,13050.9,5.67042,1.00052,N111_H7_zero_train,111,4,4000,3000,0.99,0,0,0.6411664940508935,True
"natural[74,1]",0.127008,0.00120593,0.0888477,0.0663578,0.0307167,0.105757,0.294919,4330.15,7853.67,1.19042,1.00064,N111_H7_zero_train,111,4,4000,3000,0.99,0,0,0.6411664940508935,True
"natural[74,2]",0.228702,0.000946958,0.136976,0.119811,0.0630804,0.199728,0.495898,18790.1,10908.7,5.16567,1.00024,N111_H7_zero_train,111,4,4000,3000,0.99,0,0,0.6411664940508935,True
"natural[74,3]",3.37014,0.0115257,1.454,1.43214,1.28407,3.20847,5.97319,17077.4,12436.0,4.69481,1.00012,N111_H7_zero_train,111,4,4000,3000,0.99,0,0,0.6411664940508935,True
"natural[74,4]",1.61255,0.0114391,1.40981,1.17363,0.0834198,1.24457,4.46533,18680.7,11781.2,5.13559,0.999925,N111_H7_zero_train,111,4,4000,3000,0.99,0,0,0.6411664940508935,True
"natural[74,5]",2.31799,0.00436422,0.663948,0.643185,1.28279,2.28471,3.46131,23938.5,13311.4,6.58103,1.0001,N111_H7_zero_train,111,4,4000,3000,0.99,0,0,0.6411664940508935,True
"natural[75,1]",0.0571882,0.000433651,0.0373916,0.0301879,0.0137334,0.0497913,0.127095,6628.26,10097.7,1.8222,1.00009,N111_H7_zero_train,111,4,4000,3000,0.99,0,0,0.6411664940508935,True
"natural[75,2]",1.44481,0.0040523,0.49425,0.487155,0.697518,1.40677,2.31336,14464.3,12062.4,3.97643,0.999888,N111_H7_zero_train,111,4,4000,3000,0.99,0,0,0.6411664940508935,True
"natural[75,3]",1.18996,0.00372199,0.449564,0.370336,0.644504,1.10556,2.02624,18029.0,11068.0,4.95643,1.00018,N111_H7_zero_train,111,4,4000,3000,0.99,0,0,0.6411664940508935,True
"natural[75,4]",0.0759327,0.000694601,0.0850099,0.0530229,0.00287689,0.0466508,0.24777,14828.3,12603.4,4.07651,1.00037,N111_H7_zero_train,111,4,4000,3000,0.99,0,0,0.6411664940508935,True
"natural[75,5]",2.99801,0.00653607,0.768302,0.759357,1.80267,2.95906,4.33388,13845.7,11121.0,3.80639,1.00016,N111_H7_zero_train,111,4,4000,3000,0.99,0,0,0.6411664940508935,True
"natural[76,1]",0.0501148,0.000378856,0.0286087,0.0273183,0.0125825,0.0457107,0.103977,5506.6,9597.96,1.51384,1.0006,N111_H7_zero_train,111,4,4000,3000,0.99,0,0,0.6411664940508935,True
"natural[76,2]",2.55705,0.00611848,0.823886,0.784086,1.41363,2.45706,4.05495,17066.3,13589.7,4.69177,0.999996,N111_H7_zero_train,111,4,4000,3000,0.99,0,0,0.6411664940508935,True
"natural[76,3]",2.05704,0.00755023,0.876143,0.798827,0.974426,1.88223,3.75065,17149.9,11663.8,4.71475,1.00013,N111_H7_zero_train,111,4,4000,3000,0.99,0,0,0.6411664940508935,True
"natural[76,4]",0.122136,0.00077858,0.0994318,0.100432,0.00585006,0.0990699,0.313083,14921.8,11635.1,4.10223,1.0001,N111_H7_zero_train,111,4,4000,3000,0.99,0,0,0.6411664940508935,True
"natural[76,5]",2.57327,0.00597751,0.769396,0.752084,1.37082,2.53793,3.89615,17029.3,12240.3,4.68159,1.00036,N111_H7_zero_train,111,4,4000,3000,0.99,0,0,0.6411664940508935,True
"natural[77,1]",0.0602483,0.00062548,0.0429401,0.0344484,0.0120228,0.0506813,0.14273,4251.02,7973.94,1.16867,1.00062,N111_H7_zero_train,111,4,4000,3000,0.99,0,0,0.6411664940508935,True
"natural[77,2]",1.52591,0.010794,0.910897,0.873837,0.358128,1.37545,3.23365,6075.14,7332.15,1.67014,1.00117,N111_H7_zero_train,111,4,4000,3000,0.99,0,0,0.6411664940508935,True
"natural[77,3]",1.71782,0.0172456,1.15479,0.715112,0.658416,1.32928,4.1863,5590.22,6515.29,1.53683,1.00161,N111_H7_zero_train,111,4,4000,3000,0.99,0,0,0.6411664940508935,True
"natural[77,4]",2.1566,0.0119189,1.09283,0.892103,0.922472,1.89575,4.30005,9779.53,10684.3,2.68853,1.00052,N111_H7_zero_train,111,4,4000,3000,0.99,0,0,0.6411664940508935,True
"natural[77,5]",1.0147,0.00868347,0.773473,0.767097,-0.200608,0.985539,2.32012,8102.4,10532.3,2.22747,1.00037,N111_H7_zero_train,111,4,4000,3000,0.99,0,0,0.6411664940508935,True
"natural[78,1]",0.112103,0.000780774,0.0672411,0.0551939,0.0322488,0.098203,0.235287,6166.57,8774.26,1.69528,1.00041,N111_H7_zero_train,111,4,4000,3000,0.99,0,0,0.6411664940508935,True
"natural[78,2]",0.367614,0.00129068,0.187754,0.17524,0.11734,0.336376,0.71921,18981.9,11412.1,5.2184,1.00053,N111_H7_zero_train,111,4,4000,3000,0.99,0,0,0.6411664940508935,True
"natural[78,3]",3.60055,0.0113193,1.33625,1.30843,1.66616,3.46752,5.98363,14865.3,11651.5,4.08668,1.00033,N111_H7_zero_train,111,4,4000,3000,0.99,0,0,0.6411664940508935,True
"natural[78,4]",0.926358,0.00731817,0.895794,0.628988,0.0553895,0.682139,2.67375,18974.5,10866.3,5.21635,1.00122,N111_H7_zero_train,111,4,4000,3000,0.99,0,0,0.6411664940508935,True
"natural[78,5]",1.84605,0.00412691,0.608545,0.592911,0.877848,1.82167,2.89298,22221.9,13122.8,6.10912,1.00012,N111_H7_zero_train,111,4,4000,3000,0.99,0,0,0.6411664940508935,True
"natural[79,1]",0.0802842,0.00057116,0.0540358,0.0415455,0.0193601,0.0682478,0.184897,7338.19,9903.82,2.01737,1.00001,N111_H7_zero_train,111,4,4000,3000,0.99,0,0,0.6411664940508935,True
"natural[79,2]",0.893968,0.00258035,0.367597,0.366652,0.36331,0.859374,1.55618,19225.0,12508.5,5.28524,1.0,N111_H7_zero_train,111,4,4000,3000,0.99,0,0,0.6411664940508935,True
"natural[79,3]",2.84795,0.00902501,1.10401,1.06679,1.34533,2.68779,4.8834,17678.7,12356.5,4.86012,1.00002,N111_H7_zero_train,111,4,4000,3000,0.99,0,0,0.6411664940508935,True
"natural[79,4]",0.204061,0.00166635,0.220871,0.152313,0.00887101,0.141026,0.591656,18924.8,12929.3,5.2027,1.00004,N111_H7_zero_train,111,4,4000,3000,0.99,0,0,0.6411664940508935,True
"natural[79,5]",1.31873,0.00388452,0.59183,0.587604,0.370258,1.30797,2.30969,23486.7,13974.1,6.45684,1.00017,N111_H7_zero_train,111,4,4000,3000,0.99,0,0,0.6411664940508935,True
"natural[80,1]",0.104241,0.00107016,0.069731,0.0565059,0.0243984,0.087379,0.242618,3715.0,8280.04,1.02131,1.00016,N111_H7_zero_train,111,4,4000,3000,0.99,0,0,0.6411664940508935,True
"natural[80,2]",0.541631,0.00169333,0.235831,0.223418,0.228051,0.507043,0.984559,18975.2,11782.8,5.21656,1.00048,N111_H7_zero_train,111,4,4000,3000,0.99,0,0,0.6411664940508935,True
"natural[80,3]",4.52707,0.0124612,1.50318,1.48213,2.28288,4.40496,7.19411,15121.2,12419.8,4.15704,0.999939,N111_H7_zero_train,111,4,4000,3000,0.99,0,0,0.6411664940508935,True
"natural[80,4]",3.75473,0.0120181,1.56173,1.47859,1.63448,3.5345,6.6435,20145.7,12301.7,5.53834,1.0003,N111_H7_zero_train,111,4,4000,3000,0.99,0,0,0.6411664940508935,True
"natural[80,5]",1.93553,0.00462552,0.693681,0.689181,0.84224,1.91616,3.10758,22751.3,13801.9,6.25465,1.00013,N111_H7_zero_train,111,4,4000,3000,0.99,0,0,0.6411664940508935,True
"natural[81,1]",0.0786938,0.000568023,0.0540187,0.0383184,0.0207114,0.0669715,0.173448,8110.15,9042.92,2.2296,1.00008,N111_H7_zero_train,111,4,4000,3000,0.99,0,0,0.6411664940508935,True
"natural[81,2]",0.639313,0.002981,0.342375,0.341745,0.157989,0.599289,1.26842,11649.6,9603.78,3.20265,1.00029,N111_H7_zero_train,111,4,4000,3000,0.99,0,0,0.6411664940508935,True
"natural[81,3]",1.2356,0.00896668,0.805254,0.5416,0.366193,1.039,2.76137,12549.9,7952.46,3.45015,1.00014,N111_H7_zero_train,111,4,4000,3000,0.99,0,0,0.6411664940508935,True
"natural[81,4]",0.204739,0.00379582,0.370465,0.117554,0.00365639,0.0943224,0.705906,16135.5,11756.0,4.43588,1.00008,N111_H7_zero_train,111,4,4000,3000,0.99,0,0,0.6411664940508935,True
"natural[81,5]",1.81296,0.00427216,0.596783,0.592022,0.866665,1.79246,2.81895,19411.9,13833.6,5.3366,1.00004,N111_H7_zero_train,111,4,4000,3000,0.99,0,0,0.6411664940508935,True
"natural[82,1]",0.108243,0.000973306,0.0682286,0.0564894,0.0274647,0.0938586,0.236231,4046.53,8469.7,1.11245,1.00012,N111_H7_zero_train,111,4,4000,3000,0.99,0,0,0.6411664940508935,True
"natural[82,2]",0.337405,0.00105312,0.162221,0.146904,0.128999,0.307572,0.643157,22070.3,11013.8,6.06744,1.00017,N111_H7_zero_train,111,4,4000,3000,0.99,0,0,0.6411664940508935,True
"natural[82,3]",4.51883,0.0115376,1.49782,1.48566,2.2906,4.39227,7.17812,17854.6,12295.1,4.90848,1.00016,N111_H7_zero_train,111,4,4000,3000,0.99,0,0,0.6411664940508935,True
"natural[82,4]",3.04118,0.0116711,1.59926,1.48417,0.929329,2.77898,6.04349,22550.0,11502.8,6.19933,1.00045,N111_H7_zero_train,111,4,4000,3000,0.99,0,0,0.6411664940508935,True
"natural[82,5]",2.16741,0.00474649,0.727615,0.716805,1.02579,2.13635,3.4197,24189.0,12558.9,6.64989,1.00011,N111_H7_zero_train,111,4,4000,3000,0.99,0,0,0.6411664940508935,True
"natural[83,1]",0.0522536,0.00050207,0.0381567,0.0280327,0.0120763,0.0442923,0.115628,5972.98,8587.66,1.64206,1.00073,N111_H7_zero_train,111,4,4000,3000,0.99,0,0,0.6411664940508935,True
"natural[83,2]",1.98941,0.00750326,0.778279,0.739578,0.832018,1.93302,3.35897,10178.2,8134.74,2.79812,1.00069,N111_H7_zero_train,111,4,4000,3000,0.99,0,0,0.6411664940508935,True
"natural[83,3]",0.20196,0.00231487,0.173502,0.122723,0.0302055,0.176168,0.43247,15648.5,11185.8,4.30201,1.00043,N111_H7_zero_train,111,4,4000,3000,0.99,0,0,0.6411664940508935,True
"natural[83,4]",0.0388241,0.000873121,0.0794546,0.0137456,0.000185651,0.00999457,0.179746,12071.4,11266.2,3.31861,1.00036,N111_H7_zero_train,111,4,4000,3000,0.99,0,0,0.6411664940508935,True
"natural[83,5]",2.07865,0.00621314,0.796116,0.789419,0.817908,2.05168,3.42217,16421.9,10979.3,4.51461,1.00027,N111_H7_zero_train,111,4,4000,3000,0.99,0,0,0.6411664940508935,True
"natural[84,1]",0.141376,0.00104186,0.0928491,0.0725032,0.0376508,0.117666,0.325063,6357.51,9270.36,1.74777,1.00021,N111_H7_zero_train,111,4,4000,3000,0.99,0,0,0.6411664940508935,True
"natural[84,2]",0.570977,0.00225948,0.312942,0.296447,0.163549,0.518264,1.15435,16298.2,9896.55,4.48062,1.00031,N111_H7_zero_train,111,4,4000,3000,0.99,0,0,0.6411664940508935,True
"natural[84,3]",2.31321,0.0104768,1.22246,1.13802,0.736047,2.09621,4.62372,15318.3,11979.5,4.21122,1.00017,N111_H7_zero_train,111,4,4000,3000,0.99,0,0,0.6411664940508935,True
"natural[84,4]",0.271254,0.00417466,0.473961,0.126635,0.00338472,0.0971505,1.12817,18697.0,11785.2,5.14008,1.00007,N111_H7_zero_train,111,4,4000,3000,0.99,0,0,0.6411664940508935,True
"natural[84,5]",0.474743,0.0041995,0.598756,0.601633,-0.502872,0.468888,1.47119,20442.9,12940.1,5.62005,0.999966,N111_H7_zero_train,111,4,4000,3000,0.99,0,0,0.6411664940508935,True
"natural[85,1]",0.229521,0.00236675,0.165118,0.140458,0.0449718,0.181314,0.570097,4333.44,8745.64,1.19132,1.00039,N111_H7_zero_train,111,4,4000,3000,0.99,0,0,0.6411664940508935,True
"natural[85,2]",0.328853,0.00228057,0.248527,0.190677,0.069235,0.259014,0.824442,10388.6,11398.5,2.85598,1.0001,N111_H7_zero_train,111,4,4000,3000,0.99,0,0,0.6411664940508935,True
"natural[85,3]",2.0956,0.0158784,1.47377,1.26008,0.431508,1.7079,5.02316,10426.3,10425.9,2.86634,1.00003,N111_H7_zero_train,111,4,4000,3000,0.99,0,0,0.6411664940508935,True
"natural[85,4]",1.69508,0.0121027,1.46529,1.23835,0.0407513,1.34334,4.59786,13145.4,9894.74,3.61387,1.0005,N111_H7_zero_train,111,4,4000,3000,0.99,0,0,0.6411664940508935,True
"natural[85,5]",1.41549,0.00414921,0.579146,0.579344,0.500284,1.39564,2.4002,19799.5,13328.4,5.44317,0.999996,N111_H7_zero_train,111,4,4000,3000,0.99,0,0,0.6411664940508935,True
"natural[86,1]",0.089873,0.000524772,0.0600389,0.0453112,0.0229857,0.0758613,0.204351,12160.5,10980.0,3.3431,1.00016,N111_H7_zero_train,111,4,4000,3000,0.99,0,0,0.6411664940508935,True
"natural[86,2]",0.732816,0.00342519,0.410162,0.375448,0.204802,0.65914,1.49477,12758.6,10924.7,3.50752,0.999963,N111_H7_zero_train,111,4,4000,3000,0.99,0,0,0.6411664940508935,True
"natural[86,3]",1.61697,0.00909587,0.955126,0.762223,0.538412,1.39057,3.47314,14430.9,9836.2,3.96726,0.999959,N111_H7_zero_train,111,4,4000,3000,0.99,0,0,0.6411664940508935,True
"natural[86,4]",0.361428,0.00348543,0.424901,0.281251,0.00925851,0.248924,1.0618,16450.4,12478.5,4.52246,1.00007,N111_H7_zero_train,111,4,4000,3000,0.99,0,0,0.6411664940508935,True
"natural[86,5]",1.93537,0.00436196,0.628301,0.630594,0.941426,1.90692,3.00816,20917.4,12990.4,5.75049,1.00011,N111_H7_zero_train,111,4,4000,3000,0.99,0,0,0.6411664940508935,True
"natural[87,1]",0.0614638,0.000584654,0.0422948,0.0342817,0.0130872,0.0519582,0.143403,4926.62,8937.67,1.3544,1.0002,N111_H7_zero_train,111,4,4000,3000,0.99,0,0,0.6411664940508935,True
"natural[87,2]",1.22642,0.00511401,0.647564,0.597791,0.387396,1.11821,2.45985,14930.3,10556.1,4.10454,1.0,N111_H7_zero_train,111,4,4000,3000,0.99,0,0,0.6411664940508935,True
"natural[87,3]",3.69981,0.0142326,1.49149,1.47213,1.5335,3.54079,6.40514,11568.9,11077.5,3.18047,1.00019,N111_H7_zero_train,111,4,4000,3000,0.99,0,0,0.6411664940508935,True
"natural[87,4]",2.34514,0.0106766,1.24691,1.08454,0.873066,2.05968,4.76687,16892.9,12232.9,4.64409,1.0002,N111_H7_zero_train,111,4,4000,3000,0.99,0,0,0.6411664940508935,True
"natural[87,5]",0.945041,0.00605546,0.753664,0.734202,-0.273105,0.934051,2.20101,15608.2,13013.2,4.29091,1.00017,N111_H7_zero_train,111,4,4000,3000,0.99,0,0,0.6411664940508935,True
"natural[88,1]",0.192628,0.00170421,0.108049,0.112332,0.0559306,0.172642,0.394319,3515.81,6668.34,0.966546,1.00047,N111_H7_zero_train,111,4,4000,3000,0.99,0,0,0.6411664940508935,True
"natural[88,2]",1.01627,0.00449095,0.460168,0.429107,0.40178,0.946748,1.86263,10136.7,12275.8,2.78672,1.0,N111_H7_zero_train,111,4,4000,3000,0.99,0,0,0.6411664940508935,True
"natural[88,3]",2.79806,0.0143212,1.18943,1.09721,1.26067,2.58986,5.03461,7540.12,9010.56,2.07289,1.00006,N111_H7_zero_train,111,4,4000,3000,0.99,0,0,0.6411664940508935,True
"natural[88,4]",1.13529,0.00781995,0.718233,0.528625,0.27474,0.989855,2.47997,7370.68,8634.84,2.02631,1.0002,N111_H7_zero_train,111,4,4000,3000,0.99,0,0,0.6411664940508935,True
"natural[88,5]",1.3288,0.00654863,0.690742,0.675423,0.243364,1.30538,2.49697,11427.4,11045.7,3.14155,1.00032,N111_H7_zero_train,111,4,4000,3000,0.99,0,0,0.6411664940508935,True
"natural[89,1]",0.139752,0.00144697,0.101363,0.0747245,0.0314055,0.112773,0.340888,3877.26,8980.12,1.06591,1.00046,N111_H7_zero_train,111,4,4000,3000,0.99,0,0,0.6411664940508935,True
"natural[89,2]",0.191278,0.00108466,0.137469,0.106645,0.043606,0.155477,0.462602,16009.9,11702.2,4.40135,1.00055,N111_H7_zero_train,111,4,4000,3000,0.99,0,0,0.6411664940508935,True
"natural[89,3]",2.50661,0.0138504,1.57906,1.49775,0.492174,2.21878,5.53054,15204.8,11216.2,4.18002,1.00037,N111_H7_zero_train,111,4,4000,3000,0.99,0,0,0.6411664940508935,True
"natural[89,4]",1.67276,0.0130478,1.62056,1.3489,0.0368972,1.19883,4.91913,17919.5,12028.1,4.92633,1.00006,N111_H7_zero_train,111,4,4000,3000,0.99,0,0,0.6411664940508935,True
"natural[89,5]",2.33813,0.00429857,0.684559,0.669602,1.28586,2.30058,3.51918,26234.3,13603.0,7.21218,1.00036,N111_H7_zero_train,111,4,4000,3000,0.99,0,0,0.6411664940508935,True
"natural[90,1]",0.069161,0.000312708,0.0329825,0.0293049,0.0252622,0.0641114,0.130645,10975.8,10500.4,3.01739,1.00001,N111_H7_zero_train,111,4,4000,3000,0.99,0,0,0.6411664940508935,True
"natural[90,2]",1.95998,0.00725415,0.819158,0.671001,0.933207,1.82279,3.43176,12848.2,12037.1,3.53214,1.00017,N111_H7_zero_train,111,4,4000,3000,0.99,0,0,0.6411664940508935,True
"natural[90,3]",0.54865,0.00143975,0.180997,0.150893,0.283501,0.535465,0.857758,15746.1,10004.8,4.32882,1.00011,N111_H7_zero_train,111,4,4000,3000,0.99,0,0,0.6411664940508935,True
"natural[90,4]",0.0752987,0.00100454,0.101522,0.0385129,0.000683084,0.0282343,0.307426,10701.7,12528.6,2.94206,1.00028,N111_H7_zero_train,111,4,4000,3000,0.99,0,0,0.6411664940508935,True
"natural[90,5]",1.27226,0.00411113,0.61389,0.612269,0.268469,1.26948,2.29551,22467.9,12788.4,6.17673,1.00077,N111_H7_zero_train,111,4,4000,3000,0.99,0,0,0.6411664940508935,True
"natural[91,1]",0.116653,0.00126549,0.0798423,0.0620713,0.027352,0.0976624,0.268009,3147.95,7029.94,0.865418,1.00113,N111_H7_zero_train,111,4,4000,3000,0.99,0,0,0.6411664940508935,True
"natural[91,2]",0.290948,0.000995302,0.14007,0.122394,0.111557,0.264743,0.551221,20182.8,12696.3,5.54855,0.999939,N111_H7_zero_train,111,4,4000,3000,0.99,0,0,0.6411664940508935,True
"natural[91,3]",4.08524,0.0131723,1.53395,1.53099,1.83076,3.94696,6.82609,14089.2,11200.1,3.87333,1.00006,N111_H7_zero_train,111,4,4000,3000,0.99,0,0,0.6411664940508935,True
"natural[91,4]",4.18348,0.012228,1.82254,1.76447,1.58295,3.97684,7.50157,25295.8,11617.9,6.95417,1.00039,N111_H7_zero_train,111,4,4000,3000,0.99,0,0,0.6411664940508935,True
"natural[91,5]",2.8596,0.00564389,0.816085,0.798759,1.5951,2.81171,4.2909,21774.8,12318.6,5.98622,1.00012,N111_H7_zero_train,111,4,4000,3000,0.99,0,0,0.6411664940508935,True
"natural[92,1]",0.0337796,0.000288491,0.0246454,0.020073,0.00663292,0.0279381,0.0793053,7089.44,11572.2,1.94899,0.999871,N111_H7_zero_train,111,4,4000,3000,0.99,0,0,0.6411664940508935,True
"natural[92,2]",4.08739,0.0196982,2.0203,1.7942,1.52281,3.73638,7.79901,9719.77,11522.7,2.67211,1.00028,N111_H7_zero_train,111,4,4000,3000,0.99,0,0,0.6411664940508935,True
"natural[92,3]",0.617927,0.00206243,0.221942,0.13646,0.381375,0.575589,0.986035,15625.8,11534.4,4.29577,0.99998,N111_H7_zero_train,111,4,4000,3000,0.99,0,0,0.6411664940508935,True
"natural[92,4]",0.0370956,0.000553668,0.0629721,0.0171175,0.00037474,0.0128596,0.159998,14784.2,12794.2,4.0644,1.00017,N111_H7_zero_train,111,4,4000,3000,0.99,0,0,0.6411664940508935,True
"natural[92,5]",1.32927,0.00786786,0.867868,0.85798,-0.0259326,1.29276,2.80065,12362.2,11606.7,3.39854,1.00041,N111_H7_zero_train,111,4,4000,3000,0.99,0,0,0.6411664940508935,True
"natural[93,1]",0.062392,0.000537369,0.0464523,0.0338471,0.012806,0.0510683,0.152126,7469.72,11053.4,2.05353,1.00089,N111_H7_zero_train,111,4,4000,3000,0.99,0,0,0.6411664940508935,True
"natural[93,2]",5.63132,0.0367407,4.08995,2.60266,1.73883,4.67457,12.5556,13211.2,11527.8,3.63195,1.00034,N111_H7_zero_train,111,4,4000,3000,0.99,0,0,0.6411664940508935,True
"natural[93,3]",0.554691,0.00123844,0.140974,0.0869279,0.391976,0.53013,0.794964,14251.3,12567.5,3.91788,1.00032,N111_H7_zero_train,111,4,4000,3000,0.99,0,0,0.6411664940508935,True
"natural[93,4]",0.0287652,0.000395773,0.0476524,0.0128059,0.000260599,0.00957405,0.127817,14316.2,11590.0,3.93573,0.999945,N111_H7_zero_train,111,4,4000,3000,0.99,0,0,0.6411664940508935,True
"natural[93,5]",1.44244,0.00743836,0.929171,0.907005,-0.0331398,1.41405,3.01218,15836.7,11459.0,4.35375,1.00011,N111_H7_zero_train,111,4,4000,3000,0.99,0,0,0.6411664940508935,True
"natural[94,1]",0.13915,0.00111713,0.0986662,0.0733412,0.0340466,0.112835,0.335167,6832.76,9767.93,1.87842,1.00061,N111_H7_zero_train,111,4,4000,3000,0.99,0,0,0.6411664940508935,True
"natural[94,2]",0.349922,0.0017589,0.235192,0.204891,0.074367,0.294964,0.815457,15083.6,12410.4,4.1467,0.99989,N111_H7_zero_train,111,4,4000,3000,0.99,0,0,0.6411664940508935,True
"natural[94,3]",1.92331,0.0117029,1.31443,1.17125,0.344235,1.64076,4.47714,14868.9,11297.7,4.08766,1.00046,N111_H7_zero_train,111,4,4000,3000,0.99,0,0,0.6411664940508935,True
"natural[94,4]",0.530934,0.00792509,0.850228,0.269235,0.00566075,0.204508,2.23051,17600.8,11829.3,4.83871,1.0003,N111_H7_zero_train,111,4,4000,3000,0.99,0,0,0.6411664940508935,True
"natural[94,5]",1.77748,0.00400584,0.632027,0.62445,0.783245,1.75567,2.85307,25638.2,12308.6,7.0483,1.00006,N111_H7_zero_train,111,4,4000,3000,0.99,0,0,0.6411664940508935,True
"natural[95,1]",0.115835,0.000618513,0.0637381,0.0545818,0.0369788,0.103537,0.235368,9296.06,9557.8,2.55562,1.00025,N111_H7_zero_train,111,4,4000,3000,0.99,0,0,0.6411664940508935,True
"natural[95,2]",0.514984,0.00213515,0.272541,0.255732,0.162182,0.468634,1.02664,14381.7,10928.5,3.95374,1.00011,N111_H7_zero_train,111,4,4000,3000,0.99,0,0,0.6411664940508935,True
"natural[95,3]",2.76409,0.0115939,1.21629,1.13231,1.18712,2.56062,5.04952,13265.7,9268.66,3.64692,1.00033,N111_H7_zero_train,111,4,4000,3000,0.99,0,0,0.6411664940508935,True
"natural[95,4]",0.707514,0.00575107,0.699823,0.496247,0.0320672,0.527487,2.06393,15903.8,11362.9,4.37217,0.999968,N111_H7_zero_train,111,4,4000,3000,0.99,0,0,0.6411664940508935,True
"natural[95,5]",0.993775,0.00374099,0.563941,0.559745,0.0824522,0.987793,1.92627,22890.0,13663.5,6.2928,0.99997,N111_H7_zero_train,111,4,4000,3000,0.99,0,0,0.6411664940508935,True
"natural[96,1]",0.111786,0.000661829,0.0595274,0.0523048,0.0371546,0.100278,0.225033,6875.47,9521.07,1.89017,1.00034,N111_H7_zero_train,111,4,4000,3000,0.99,0,0,0.6411664940508935,True
"natural[96,2]",1.21356,0.00384152,0.498898,0.479845,0.51491,1.1511,2.13152,15631.4,11163.9,4.29729,1.00015,N111_H7_zero_train,111,4,4000,3000,0.99,0,0,0.6411664940508935,True
"natural[96,3]",2.95382,0.0100603,1.1142,1.0711,1.40874,2.79948,5.00607,13863.8,11691.1,3.81135,1.00006,N111_H7_zero_train,111,4,4000,3000,0.99,0,0,0.6411664940508935,True
"natural[96,4]",0.35713,0.00230193,0.273331,0.25669,0.0213414,0.322849,0.821774,13681.3,12042.9,3.76118,1.00028,N111_H7_zero_train,111,4,4000,3000,0.99,0,0,0.6411664940508935,True
"natural[96,5]",0.989404,0.00417484,0.613894,0.613946,-0.00316827,0.979823,2.01444,22422.0,13023.9,6.16414,1.00011,N111_H7_zero_train,111,4,4000,3000,0.99,0,0,0.6411664940508935,True
"natural[97,1]",0.191237,0.00194575,0.129711,0.10617,0.0466558,0.157711,0.449537,3793.44,6848.09,1.04287,1.00073,N111_H7_zero_train,111,4,4000,3000,0.99,0,0,0.6411664940508935,True
"natural[97,2]",0.198073,0.00109434,0.136602,0.116029,0.0435896,0.164064,0.467568,13560.9,12820.3,3.7281,0.999987,N111_H7_zero_train,111,4,4000,3000,0.99,0,0,0.6411664940508935,True
"natural[97,3]",2.05906,0.0146126,1.4885,1.31155,0.317006,1.67994,5.02059,12904.0,10618.1,3.54749,1.0002,N111_H7_zero_train,111,4,4000,3000,0.99,0,0,0.6411664940508935,True
"natural[97,4]",1.00001,0.0112824,1.28398,0.668029,0.00699707,0.488285,3.7016,14255.4,11357.8,3.91902,1.00009,N111_H7_zero_train,111,4,4000,3000,0.99,0,0,0.6411664940508935,True
"natural[97,5]",1.14179,0.00368744,0.521588,0.51563,0.303491,1.13213,2.02769,20125.4,11610.3,5.53277,1.00031,N111_H7_zero_train,111,4,4000,3000,0.99,0,0,0.6411664940508935,True
"natural[98,1]",0.132812,0.000941354,0.0851892,0.0644195,0.0385122,0.112483,0.298381,7178.95,10303.7,1.9736,1.00002,N111_H7_zero_train,111,4,4000,3000,0.99,0,0,0.6411664940508935,True
"natural[98,2]",0.422174,0.00208697,0.269497,0.233333,0.103417,0.361844,0.95187,14768.9,11852.3,4.06018,1.00006,N111_H7_zero_train,111,4,4000,3000,0.99,0,0,0.6411664940508935,True
"natural[98,3]",2.65129,0.0118626,1.3341,1.23236,0.953676,2.40683,5.20956,15416.7,10979.8,4.23828,1.00012,N111_H7_zero_train,111,4,4000,3000,0.99,0,0,0.6411664940508935,True
"natural[98,4]",0.875888,0.00859849,0.973463,0.591481,0.0287194,0.566222,2.82281,16314.5,11616.9,4.48508,1.00001,N111_H7_zero_train,111,4,4000,3000,0.99,0,0,0.6411664940508935,True
"natural[98,5]",1.90691,0.00389313,0.615968,0.612382,0.938892,1.88038,2.96463,25658.8,13197.6,7.05398,1.00005,N111_H7_zero_train,111,4,4000,3000,0.99,0,0,0.6411664940508935,True
"natural[99,1]",0.0536032,0.000377864,0.0338634,0.0285082,0.0125924,0.0468351,0.119092,7504.14,9974.1,2.06299,1.00013,N111_H7_zero_train,111,4,4000,3000,0.99,0,0,0.6411664940508935,True
"natural[99,2]",2.88472,0.0070281,0.965424,0.911067,1.54064,2.7669,4.64423,18890.0,13029.4,5.19312,0.99999,N111_H7_zero_train,111,4,4000,3000,0.99,0,0,0.6411664940508935,True
"natural[99,3]",2.015,0.00723591,0.857945,0.753218,0.982018,1.82937,3.69559,17672.1,12272.8,4.85831,1.00002,N111_H7_zero_train,111,4,4000,3000,0.99,0,0,0.6411664940508935,True
"natural[99,4]",0.0610298,0.000481984,0.0673968,0.0439653,0.00181277,0.0368869,0.202884,19379.9,13872.3,5.3278,0.999924,N111_H7_zero_train,111,4,4000,3000,0.99,0,0,0.6411664940508935,True
"natural[99,5]",1.27049,0.00531813,0.76323,0.735616,0.0389417,1.25963,2.55272,20652.0,13048.2,5.67754,1.00006,N111_H7_zero_train,111,4,4000,3000,0.99,0,0,0.6411664940508935,True
"natural[100,1]",0.0943925,0.000891534,0.0569943,0.0480313,0.024249,0.0827703,0.203601,3420.94,9015.07,0.940466,1.00053,N111_H7_zero_train,111,4,4000,3000,0.99,0,0,0.6411664940508935,True
"natural[100,2]",0.429484,0.00156883,0.223512,0.204047,0.14512,0.388082,0.861158,19626.5,10739.6,5.39561,0.999962,N111_H7_zero_train,111,4,4000,3000,0.99,0,0,0.6411664940508935,True
"natural[100,3]",4.14295,0.0118099,1.44171,1.4193,2.04144,4.00769,6.72109,15915.8,13049.1,4.37548,0.999981,N111_H7_zero_train,111,4,4000,3000,0.99,0,0,0.6411664940508935,True
"natural[100,4]",2.57215,0.0116625,1.61018,1.52598,0.459428,2.30375,5.56894,20696.6,11052.7,5.68978,0.999999,N111_H7_zero_train,111,4,4000,3000,0.99,0,0,0.6411664940508935,True
"natural[100,5]",2.61427,0.00559018,0.815876,0.794887,1.3581,2.56803,4.01366,21703.4,12254.5,5.96657,1.00023,N111_H7_zero_train,111,4,4000,3000,0.99,0,0,0.6411664940508935,True
"natural[101,1]",0.0365678,0.00038447,0.0261589,0.0227864,0.00619947,0.0305209,0.0875462,4629.38,9598.76,1.27268,1.00058,N111_H7_zero_train,111,4,4000,3000,0.99,0,0,0.6411664940508935,True
"natural[101,2]",8.81562,0.0541189,6.02799,3.65622,3.25023,7.35241,18.8778,15531.0,13005.2,4.2697,1.00025,N111_H7_zero_train,111,4,4000,3000,0.99,0,0,0.6411664940508935,True
"natural[101,3]",1.57711,0.00741489,0.815904,0.672497,0.688665,1.35495,3.21515,14881.7,12181.2,4.09119,1.00027,N111_H7_zero_train,111,4,4000,3000,0.99,0,0,0.6411664940508935,True
"natural[101,4]",0.0427057,0.000470224,0.0588566,0.0241563,0.000525285,0.0183743,0.172557,16396.4,13950.2,4.50761,1.00042,N111_H7_zero_train,111,4,4000,3000,0.99,0,0,0.6411664940508935,True
"natural[101,5]",1.17075,0.00796783,1.01111,0.992731,-0.461692,1.14893,2.8502,16138.5,12405.3,4.43671,1.00008,N111_H7_zero_train,111,4,4000,3000,0.99,0,0,0.6411664940508935,True
"natural[102,1]",0.1837,0.00167638,0.120398,0.103821,0.0445638,0.155798,0.419467,4118.92,6597.53,1.13235,1.00075,N111_H7_zero_train,111,4,4000,3000,0.99,0,0,0.6411664940508935,True
"natural[102,2]",0.402917,0.00252405,0.282368,0.2748,0.0609454,0.345546,0.938697,10116.1,10304.9,2.78106,1.00004,N111_H7_zero_train,111,4,4000,3000,0.99,0,0,0.6411664940508935,True
"natural[102,3]",1.11434,0.0138918,1.18106,0.63545,0.106447,0.709341,3.59869,10735.9,8225.48,2.95145,1.00004,N111_H7_zero_train,111,4,4000,3000,0.99,0,0,0.6411664940508935,True
"natural[102,4]",0.332729,0.00760892,0.744755,0.0854349,0.000744863,0.0598165,1.5961,11831.7,10229.4,3.25272,1.00037,N111_H7_zero_train,111,4,4000,3000,0.99,0,0,0.6411664940508935,True
"natural[102,5]",0.438675,0.00398725,0.555216,0.555642,-0.463516,0.434206,1.35544,19679.7,14152.5,5.41024,0.999977,N111_H7_zero_train,111,4,4000,3000,0.99,0,0,0.6411664940508935,True
"natural[103,1]",0.0242327,0.00025466,0.0161643,0.0145178,0.00466323,0.0206158,0.0557257,4388.07,4537.84,1.20634,1.00033,N111_H7_zero_train,111,4,4000,3000,0.99,0,0,0.6411664940508935,True
"natural[103,2]",4.98064,0.0414081,2.98647,2.2752,1.85278,4.23879,10.5523,5812.44,9972.56,1.59792,1.00017,N111_H7_zero_train,111,4,4000,3000,0.99,0,0,0.6411664940508935,True
"natural[103,3]",2.01522,0.00928944,0.997905,0.928394,0.790112,1.81104,3.9188,12984.4,11873.8,3.56958,1.00021,N111_H7_zero_train,111,4,4000,3000,0.99,0,0,0.6411664940508935,True
"natural[103,4]",0.26217,0.00152554,0.121346,0.122737,0.0257539,0.288265,0.42235,6478.68,9519.57,1.78108,1.00001,N111_H7_zero_train,111,4,4000,3000,0.99,0,0,0.6411664940508935,True
"natural[103,5]",2.24991,0.008842,0.873146,0.86385,0.916873,2.20129,3.79308,9722.83,11617.4,2.67294,1.00023,N111_H7_zero_train,111,4,4000,3000,0.99,0,0,0.6411664940508935,True
"natural[104,1]",0.0661149,0.000733566,0.056708,0.0342756,0.0142932,0.0527387,0.16047,5404.57,8532.51,1.48579,1.00014,N111_H7_zero_train,111,4,4000,3000,0.99,0,0,0.6411664940508935,True
"natural[104,2]",0.895372,0.00436529,0.4701,0.484618,0.201275,0.856113,1.74617,10076.3,7586.36,2.77012,1.00032,N111_H7_zero_train,111,4,4000,3000,0.99,0,0,0.6411664940508935,True
"natural[104,3]",0.89364,0.00846531,0.667654,0.353451,0.283133,0.71668,2.12838,9404.2,7208.99,2.58535,1.0006,N111_H7_zero_train,111,4,4000,3000,0.99,0,0,0.6411664940508935,True
"natural[104,4]",0.0628451,0.00264466,0.213325,0.0248862,0.00066147,0.0191577,0.221,13045.5,11372.1,3.58639,1.00002,N111_H7_zero_train,111,4,4000,3000,0.99,0,0,0.6411664940508935,True
"natural[104,5]",0.687988,0.00476666,0.575216,0.576205,-0.238345,0.679745,1.64497,14690.7,12334.6,4.0387,1.00056,N111_H7_zero_train,111,4,4000,3000,0.99,0,0,0.6411664940508935,True
"natural[105,1]",0.13516,0.00153599,0.108711,0.068623,0.0290523,0.103206,0.352591,4113.2,8357.62,1.13078,1.00068,N111_H7_zero_train,111,4,4000,3000,0.99,0,0,0.6411664940508935,True
"natural[105,2]",0.481896,0.00250152,0.291854,0.297652,0.0883055,0.443715,1.02027,11765.1,9333.08,3.23439,1.00059,N111_H7_zero_train,111,4,4000,3000,0.99,0,0,0.6411664940508935,True
"natural[105,3]",0.762168,0.00981342,0.852849,0.396298,0.0881812,0.497847,2.44562,12168.7,7691.76,3.34535,1.00072,N111_H7_zero_train,111,4,4000,3000,0.99,0,0,0.6411664940508935,True
"natural[105,4]",0.251133,0.00554528,0.547934,0.0937503,0.0012471,0.0678227,1.04733,14641.5,10883.8,4.02515,1.00065,N111_H7_zero_train,111,4,4000,3000,0.99,0,0,0.6411664940508935,True
"natural[105,5]",1.69795,0.0039316,0.575639,0.562298,0.777825,1.6766,2.69119,21797.7,12739.2,5.9925,1.00052,N111_H7_zero_train,111,4,4000,3000,0.99,0,0,0.6411664940508935,True
"natural[106,1]",0.125495,0.00121791,0.091791,0.0673028,0.0277707,0.100712,0.309029,4306.84,8484.33,1.18401,1.00043,N111_H7_zero_train,111,4,4000,3000,0.99,0,0,0.6411664940508935,True
"natural[106,2]",0.289346,0.00138062,0.179746,0.160514,0.0709342,0.250792,0.635695,15238.2,11039.9,4.18921,1.00034,N111_H7_zero_train,111,4,4000,3000,0.99,0,0,0.6411664940508935,True
"natural[106,3]",2.60539,0.0122903,1.41694,1.34015,0.714102,2.38333,5.24698,15131.2,10272.8,4.15979,1.00077,N111_H7_zero_train,111,4,4000,3000,0.99,0,0,0.6411664940508935,True
"natural[106,4]",0.897915,0.0108009,1.15596,0.590902,0.0145712,0.47186,3.2667,17152.5,10813.7,4.71546,1.00008,N111_H7_zero_train,111,4,4000,3000,0.99,0,0,0.6411664940508935,True
"natural[106,5]",1.94774,0.00473979,0.737924,0.73376,0.77964,1.92271,3.20007,24654.5,12355.4,6.77787,1.00021,N111_H7_zero_train,111,4,4000,3000,0.99,0,0,0.6411664940508935,True
"natural[107,1]",0.109196,0.000824304,0.0722572,0.0546599,0.0290496,0.0899139,0.252701,8180.74,10246.6,2.249,1.00012,N111_H7_zero_train,111,4,4000,3000,0.99,0,0,0.6411664940508935,True
"natural[107,2]",1.42706,0.00455213,0.572987,0.546838,0.599024,1.36364,2.47491,14633.2,10242.7,4.02287,0.999935,N111_H7_zero_train,111,4,4000,3000,0.99,0,0,0.6411664940508935,True
"natural[107,3]",1.36211,0.00710844,0.65718,0.479213,0.655888,1.20262,2.63309,11384.4,9022.5,3.12973,0.999929,N111_H7_zero_train,111,4,4000,3000,0.99,0,0,0.6411664940508935,True
"natural[107,4]",0.0871347,0.00108847,0.126546,0.0510587,0.0019324,0.0410418,0.326231,16085.4,12554.0,4.4221,1.00006,N111_H7_zero_train,111,4,4000,3000,0.99,0,0,0.6411664940508935,True
"natural[107,5]",1.68987,0.00639742,0.774753,0.77504,0.469698,1.66715,2.9958,14798.1,12222.4,4.0682,0.999895,N111_H7_zero_train,111,4,4000,3000,0.99,0,0,0.6411664940508935,True
"natural[108,1]",0.0298339,0.000222703,0.0159829,0.0157359,0.00806472,0.0275506,0.0593074,5414.31,6229.18,1.48847,1.0005,N111_H7_zero_train,111,4,4000,3000,0.99,0,0,0.6411664940508935,True
"natural[108,2]",2.67972,0.00678601,0.790333,0.758803,1.50861,2.61445,4.07891,13124.1,12784.2,3.60801,1.00014,N111_H7_zero_train,111,4,4000,3000,0.99,0,0,0.6411664940508935,True
"natural[108,3]",0.324071,0.000893938,0.111958,0.10612,0.132827,0.328,0.499114,15626.5,9786.76,4.29595,1.0003,N111_H7_zero_train,111,4,4000,3000,0.99,0,0,0.6411664940508935,True
"natural[108,4]",0.0343388,0.000423783,0.0473167,0.0194749,0.000473089,0.0150156,0.13586,10039.7,10693.8,2.76005,1.0,N111_H7_zero_train,111,4,4000,3000,0.99,0,0,0.6411664940508935,True
"natural[108,5]",2.8494,0.00592532,0.731604,0.736508,1.70586,2.82155,4.1008,15280.5,12625.1,4.20082,1.00058,N111_H7_zero_train,111,4,4000,3000,0.99,0,0,0.6411664940508935,True
"natural[109,1]",0.063252,0.000446814,0.0362536,0.0321057,0.016479,0.0573175,0.131172,5768.5,9056.57,1.58584,1.00026,N111_H7_zero_train,111,4,4000,3000,0.99,0,0,0.6411664940508935,True
"natural[109,2]",1.36509,0.00397396,0.515828,0.490545,0.623617,1.30897,2.2916,16239.8,11971.5,4.46455,1.00017,N111_H7_zero_train,111,4,4000,3000,0.99,0,0,0.6411664940508935,True
"natural[109,3]",2.8424,0.00900766,1.04294,1.00421,1.43999,2.68492,4.77945,15515.4,10300.8,4.2654,0.999873,N111_H7_zero_train,111,4,4000,3000,0.99,0,0,0.6411664940508935,True
"natural[109,4]",0.172874,0.00114322,0.147788,0.138929,0.00845955,0.140316,0.439963,15884.0,12282.4,4.36674,1.00015,N111_H7_zero_train,111,4,4000,3000,0.99,0,0,0.6411664940508935,True
"natural[109,5]",0.803827,0.00412951,0.609666,0.60883,-0.18161,0.795379,1.81074,21861.8,12832.6,6.01013,1.00009,N111_H7_zero_train,111,4,4000,3000,0.99,0,0,0.6411664940508935,True
"natural[110,1]",0.123854,0.00136696,0.0951627,0.0644005,0.0274909,0.0985311,0.308241,4252.84,8361.68,1.16917,1.00023,N111_H7_zero_train,111,4,4000,3000,0.99,0,0,0.6411664940508935,True
"natural[110,2]",0.240911,0.00150491,0.174446,0.137312,0.0521034,0.195882,0.580139,12510.0,11372.1,3.43917,1.0001,N111_H7_zero_train,111,4,4000,3000,0.99,0,0,0.6411664940508935,True
"natural[110,3]",2.44777,0.0142025,1.5133,1.45036,0.526876,2.1605,5.35016,12635.5,11435.9,3.47368,0.999887,N111_H7_zero_train,111,4,4000,3000,0.99,0,0,0.6411664940508935,True
"natural[110,4]",1.35247,0.0119324,1.3777,1.13711,0.0164934,0.942834,4.18579,12265.8,11538.1,3.37205,1.00015,N111_H7_zero_train,111,4,4000,3000,0.99,0,0,0.6411664940508935,True
"natural[110,5]",0.8801,0.00385131,0.532586,0.534737,0.0278458,0.867161,1.77125,19311.4,13694.7,5.30898,1.00023,N111_H7_zero_train,111,4,4000,3000,0.99,0,0,0.6411664940508935,True
"natural[111,1]",0.0499393,0.000320741,0.0299308,0.025312,0.0134049,0.0444617,0.105388,8082.08,10104.7,2.22188,1.00066,N111_H7_zero_train,111,4,4000,3000,0.99,0,0,0.6411664940508935,True
"natural[111,2]",1.53084,0.00390793,0.508587,0.499658,0.770332,1.49109,2.42817,16139.1,12041.1,4.43687,1.00041,N111_H7_zero_train,111,4,4000,3000,0.99,0,0,0.6411664940508935,True
"natural[111,3]",0.452543,0.00170775,0.205958,0.183811,0.141475,0.440576,0.794913,14274.6,9954.21,3.92428,1.00003,N111_H7_zero_train,111,4,4000,3000,0.99,0,0,0.6411664940508935,True
"natural[111,4]",0.0370436,0.000417317,0.0520612,0.0219276,0.000747452,0.0176447,0.140062,13607.0,10773.0,3.74075,1.00015,N111_H7_zero_train,111,4,4000,3000,0.99,0,0,0.6411664940508935,True
"natural[111,5]",2.46041,0.0047733,0.669419,0.663981,1.40656,2.43355,3.5952,19832.3,12649.4,5.45219,1.00026,N111_H7_zero_train,111,4,4000,3000,0.99,0,0,0.6411664940508935,True
"Omega[1,2]",-0.535658,0.00655752,0.184639,0.176668,-0.797226,-0.55667,-0.196796,830.861,1897.16,0.228416,1.00192,N111_H7_zero_train,111,4,4000,3000,0.99,0,0,0.6411664940508935,True
"Omega[1,3]",0.208609,0.00804415,0.214078,0.215054,-0.154183,0.217328,0.542593,724.061,1512.95,0.199055,1.00245,N111_H7_zero_train,111,4,4000,3000,0.99,0,0,0.6411664940508935,True
"Omega[1,4]",0.196736,0.00628193,0.210534,0.211368,-0.158571,0.204232,0.527981,1120.22,2422.89,0.307964,1.00199,N111_H7_zero_train,111,4,4000,3000,0.99,0,0,0.6411664940508935,True
"Omega[1,5]",-0.160183,0.0069928,0.22528,0.226244,-0.522002,-0.167383,0.22317,1029.74,2574.63,0.28309,1.00499,N111_H7_zero_train,111,4,4000,3000,0.99,0,0,0.6411664940508935,True
"Omega[2,1]",-0.535658,0.00655752,0.184639,0.176668,-0.797226,-0.55667,-0.196796,830.861,1897.16,0.228416,1.00192,N111_H7_zero_train,111,4,4000,3000,0.99,0,0,0.6411664940508935,True
"Omega[2,3]",-0.416418,0.00171731,0.122349,0.121936,-0.606857,-0.422033,-0.206995,5071.97,9095.02,1.39436,1.0,N111_H7_zero_train,111,4,4000,3000,0.99,0,0,0.6411664940508935,True
"Omega[2,4]",-0.46121,0.00164792,0.118413,0.118202,-0.645858,-0.465602,-0.258109,5123.98,8729.22,1.40865,1.00135,N111_H7_zero_train,111,4,4000,3000,0.99,0,0,0.6411664940508935,True
"Omega[2,5]",0.0160904,0.0020209,0.149332,0.15135,-0.2356,0.0196405,0.255947,5512.59,9559.82,1.51549,1.00075,N111_H7_zero_train,111,4,4000,3000,0.99,0,0,0.6411664940508935,True
"Omega[3,1]",0.208609,0.00804415,0.214078,0.215054,-0.154183,0.217328,0.542593,724.061,1512.95,0.199055,1.00245,N111_H7_zero_train,111,4,4000,3000,0.99,0,0,0.6411664940508935,True
"Omega[3,2]",-0.416418,0.00171731,0.122349,0.121936,-0.606857,-0.422033,-0.206995,5071.97,9095.02,1.39436,1.0,N111_H7_zero_train,111,4,4000,3000,0.99,0,0,0.6411664940508935,True
"Omega[3,4]",0.672792,0.00160468,0.101696,0.10042,0.492448,0.679431,0.826803,4013.86,7313.64,1.10347,1.00126,N111_H7_zero_train,111,4,4000,3000,0.99,0,0,0.6411664940508935,True
"Omega[3,5]",0.0341565,0.00215685,0.146484,0.14844,-0.206066,0.0342336,0.279066,4619.45,8780.24,1.26995,1.00021,N111_H7_zero_train,111,4,4000,3000,0.99,0,0,0.6411664940508935,True
"Omega[4,1]",0.196736,0.00628193,0.210534,0.211368,-0.158571,0.204232,0.527981,1120.22,2422.89,0.307964,1.00199,N111_H7_zero_train,111,4,4000,3000,0.99,0,0,0.6411664940508935,True
"Omega[4,2]",-0.46121,0.00164792,0.118413,0.118202,-0.645858,-0.465602,-0.258109,5123.98,8729.22,1.40865,1.00135,N111_H7_zero_train,111,4,4000,3000,0.99,0,0,0.6411664940508935,True
"Omega[4,3]",0.672792,0.00160468,0.101696,0.10042,0.492448,0.679431,0.826803,4013.86,7313.64,1.10347,1.00126,N111_H7_zero_train,111,4,4000,3000,0.99,0,0,0.6411664940508935,True
"Omega[4,5]",0.236498,0.00217676,0.14632,0.147962,-0.00917874,0.239841,0.473917,4569.52,8928.17,1.25623,1.00178,N111_H7_zero_train,111,4,4000,3000,0.99,0,0,0.6411664940508935,True
"Omega[5,1]",-0.160183,0.0069928,0.22528,0.226244,-0.522002,-0.167383,0.22317,1029.74,2574.63,0.28309,1.00499,N111_H7_zero_train,111,4,4000,3000,0.99,0,0,0.6411664940508935,True
"Omega[5,2]",0.0160904,0.0020209,0.149332,0.15135,-0.2356,0.0196405,0.255947,5512.59,9559.82,1.51549,1.00075,N111_H7_zero_train,111,4,4000,3000,0.99,0,0,0.6411664940508935,True
"Omega[5,3]",0.0341565,0.00215685,0.146484,0.14844,-0.206066,0.0342336,0.279066,4619.45,8780.24,1.26995,1.00021,N111_H7_zero_train,111,4,4000,3000,0.99,0,0,0.6411664940508935,True
"Omega[5,4]",0.236498,0.00217676,0.14632,0.147962,-0.00917874,0.239841,0.473917,4569.52,8928.17,1.25623,1.00178,N111_H7_zero_train,111,4,4000,3000,0.99,0,0,0.6411664940508935,True
