parameter,Mean,MCSE,StdDev,MAD,5%,50%,95%,ESS_bulk,ESS_tail,ESS_bulk/s,R_hat,run,n_subjects,chains,draws_per_chain,warmup_per_chain,adapt_delta,divergences,max_depth_hits,min_bfmi,passed
mu[1],-2.58585,0.00701788,0.323137,0.31742,-3.13799,-2.57135,-2.07599,2148.52,4895.11,0.125671,1.00073,N111_HPreference_zero_full_depth14,111,4,4000,3000,0.99,0,0,0.6447286248766066,True
mu[2],-0.558623,0.00167473,0.140351,0.139841,-0.792814,-0.555977,-0.333508,7068.38,8750.45,0.413444,1.00006,N111_HPreference_zero_full_depth14,111,4,4000,3000,0.99,0,0,0.6447286248766066,True
mu[3],1.0824,0.00188644,0.136253,0.133351,0.873482,1.07393,1.32085,5248.76,8173.57,0.30701,0.999993,N111_HPreference_zero_full_depth14,111,4,4000,3000,0.99,0,0,0.6447286248766066,True
mu[4],0.323031,0.000960978,0.0781865,0.0760458,0.200723,0.320737,0.456412,6645.58,8812.97,0.388713,1.00033,N111_HPreference_zero_full_depth14,111,4,4000,3000,0.99,0,0,0.6447286248766066,True
mu[5],1.85926,0.00146586,0.149642,0.149368,1.61914,1.85666,2.10354,10460.5,11289.5,0.611854,1.00017,N111_HPreference_zero_full_depth14,111,4,4000,3000,0.99,0,0,0.6447286248766066,True
tau[1],1.56327,0.00261505,0.25229,0.247723,1.17485,1.54878,2.00266,9151.86,11273.1,0.535311,1.00021,N111_HPreference_zero_full_depth14,111,4,4000,3000,0.99,0,0,0.6447286248766066,True
tau[2],1.23954,0.00172232,0.111964,0.110547,1.06575,1.23343,1.43163,4235.59,8725.36,0.247748,1.00035,N111_HPreference_zero_full_depth14,111,4,4000,3000,0.99,0,0,0.6447286248766066,True
tau[3],0.953565,0.00197266,0.136976,0.133446,0.748357,0.943061,1.19455,4827.8,7984.79,0.282388,1.00045,N111_HPreference_zero_full_depth14,111,4,4000,3000,0.99,0,0,0.6447286248766066,True
tau[4],0.639651,0.00106706,0.084503,0.0832177,0.511305,0.633775,0.788562,6285.69,11162.6,0.367663,1.00094,N111_HPreference_zero_full_depth14,111,4,4000,3000,0.99,0,0,0.6447286248766066,True
tau[5],1.35963,0.00137441,0.131499,0.129993,1.15572,1.35202,1.58882,9118.99,11221.5,0.533388,1.00094,N111_HPreference_zero_full_depth14,111,4,4000,3000,0.99,0,0,0.6447286248766066,True
"natural[1,1]",0.0891578,0.00105881,0.0957715,0.056349,0.00742073,0.0586303,0.275863,6792.06,10621.3,0.397281,1.00069,N111_HPreference_zero_full_depth14,111,4,4000,3000,0.99,0,0,0.6447286248766066,True
"natural[1,2]",1.30381,0.00439584,0.55835,0.521929,0.552848,1.22024,2.3399,14905.7,11746.4,0.871867,1.00018,N111_HPreference_zero_full_depth14,111,4,4000,3000,0.99,0,0,0.6447286248766066,True
"natural[1,3]",1.13529,0.00302566,0.360476,0.346062,0.625565,1.09017,1.78827,15981.4,11388.6,0.934785,0.999984,N111_HPreference_zero_full_depth14,111,4,4000,3000,0.99,0,0,0.6447286248766066,True
"natural[1,4]",0.100404,0.000994768,0.126848,0.106713,-0.114496,0.108964,0.280479,17087.7,12226.1,0.999496,0.999889,N111_HPreference_zero_full_depth14,111,4,4000,3000,0.99,0,0,0.6447286248766066,True
"natural[1,5]",1.08962,0.00468114,0.68267,0.679553,0.00507058,1.06845,2.24655,21316.4,12722.8,1.24684,1.00039,N111_HPreference_zero_full_depth14,111,4,4000,3000,0.99,0,0,0.6447286248766066,True
"natural[2,1]",0.154571,0.00137484,0.14591,0.0962415,0.0172451,0.110788,0.457709,11789.6,10493.9,0.689595,1.00053,N111_HPreference_zero_full_depth14,111,4,4000,3000,0.99,0,0,0.6447286248766066,True
"natural[2,2]",0.40676,0.00243646,0.27107,0.249048,0.0748427,0.351632,0.925306,10552.8,10775.2,0.617253,1.00037,N111_HPreference_zero_full_depth14,111,4,4000,3000,0.99,0,0,0.6447286248766066,True
"natural[2,3]",1.06046,0.00576562,0.579895,0.465547,0.377192,0.926989,2.21826,12842.0,9937.13,0.751153,1.00053,N111_HPreference_zero_full_depth14,111,4,4000,3000,0.99,0,0,0.6447286248766066,True
"natural[2,4]",0.155202,0.00360872,0.371169,0.283995,-0.346161,0.103467,0.860536,12328.5,10135.8,0.721116,1.0003,N111_HPreference_zero_full_depth14,111,4,4000,3000,0.99,0,0,0.6447286248766066,True
"natural[2,5]",1.63746,0.00417091,0.637007,0.632316,0.628245,1.61687,2.72275,23470.4,13928.8,1.37283,0.999909,N111_HPreference_zero_full_depth14,111,4,4000,3000,0.99,0,0,0.6447286248766066,True
"natural[3,1]",0.08423,0.00128629,0.10134,0.046184,0.00903328,0.0564138,0.248855,7870.57,7485.17,0.460365,1.00002,N111_HPreference_zero_full_depth14,111,4,4000,3000,0.99,0,0,0.6447286248766066,True
"natural[3,2]",0.842785,0.00556449,0.459264,0.476993,0.154621,0.80315,1.65859,5950.18,5591.53,0.348038,1.00022,N111_HPreference_zero_full_depth14,111,4,4000,3000,0.99,0,0,0.6447286248766066,True
"natural[3,3]",0.376766,0.00530307,0.360934,0.144833,0.0793005,0.294909,0.950751,8320.56,5071.81,0.486687,1.00034,N111_HPreference_zero_full_depth14,111,4,4000,3000,0.99,0,0,0.6447286248766066,True
"natural[3,4]",0.145803,0.00234463,0.211458,0.122114,-0.128086,0.14004,0.406322,12758.7,6343.03,0.74628,1.00001,N111_HPreference_zero_full_depth14,111,4,4000,3000,0.99,0,0,0.6447286248766066,True
"natural[3,5]",3.57841,0.00581171,0.752763,0.759694,2.41839,3.53323,4.90167,16817.1,12397.0,0.983668,1.00017,N111_HPreference_zero_full_depth14,111,4,4000,3000,0.99,0,0,0.6447286248766066,True
"natural[4,1]",0.020021,0.000181258,0.0180014,0.0128656,0.00247849,0.0153557,0.053448,7674.17,10379.2,0.448877,1.00033,N111_HPreference_zero_full_depth14,111,4,4000,3000,0.99,0,0,0.6447286248766066,True
"natural[4,2]",0.930301,0.00227415,0.298779,0.294503,0.485869,0.90288,1.46332,16292.3,12593.6,0.952969,0.999972,N111_HPreference_zero_full_depth14,111,4,4000,3000,0.99,0,0,0.6447286248766066,True
"natural[4,3]",1.22725,0.00289415,0.351521,0.341727,0.722183,1.18961,1.85982,16479.2,12206.2,0.963904,1.00021,N111_HPreference_zero_full_depth14,111,4,4000,3000,0.99,0,0,0.6447286248766066,True
"natural[4,4]",0.0288878,0.000958795,0.118315,0.105715,-0.17602,0.0367925,0.205805,15684.0,13149.5,0.917388,1.00008,N111_HPreference_zero_full_depth14,111,4,4000,3000,0.99,0,0,0.6447286248766066,True
"natural[4,5]",2.68763,0.00392011,0.600291,0.583642,1.73087,2.67095,3.71812,23792.1,13063.4,1.39165,1.00003,N111_HPreference_zero_full_depth14,111,4,4000,3000,0.99,0,0,0.6447286248766066,True
"natural[5,1]",0.077605,0.00145559,0.115942,0.0368209,0.00715082,0.0411673,0.285838,7696.61,7641.42,0.45019,1.00027,N111_HPreference_zero_full_depth14,111,4,4000,3000,0.99,0,0,0.6447286248766066,True
"natural[5,2]",0.976416,0.00771268,0.675961,0.624496,0.16143,0.830032,2.27796,6214.72,7439.22,0.363512,1.00061,N111_HPreference_zero_full_depth14,111,4,4000,3000,0.99,0,0,0.6447286248766066,True
"natural[5,3]",0.343073,0.00339043,0.307064,0.150663,0.0169263,0.289675,0.850106,12169.5,7216.02,0.711817,1.00064,N111_HPreference_zero_full_depth14,111,4,4000,3000,0.99,0,0,0.6447286248766066,True
"natural[5,4]",-0.124401,0.00245684,0.26399,0.225537,-0.598371,-0.0867137,0.1936,12272.8,11191.0,0.717861,1.00065,N111_HPreference_zero_full_depth14,111,4,4000,3000,0.99,0,0,0.6447286248766066,True
"natural[5,5]",1.14751,0.00632724,0.688792,0.695387,0.0577142,1.1285,2.323,11817.1,11388.6,0.691207,1.0002,N111_HPreference_zero_full_depth14,111,4,4000,3000,0.99,0,0,0.6447286248766066,True
"natural[6,1]",0.0822884,0.000673738,0.0687047,0.0518221,0.0114873,0.0650912,0.210498,8660.98,10855.8,0.506598,1.00007,N111_HPreference_zero_full_depth14,111,4,4000,3000,0.99,0,0,0.6447286248766066,True
"natural[6,2]",0.536453,0.00204378,0.234167,0.228691,0.208414,0.505163,0.969222,11907.2,10499.1,0.696477,1.00026,N111_HPreference_zero_full_depth14,111,4,4000,3000,0.99,0,0,0.6447286248766066,True
"natural[6,3]",1.35154,0.00424547,0.44964,0.408789,0.741938,1.28483,2.17753,13919.5,10566.7,0.814177,1.00075,N111_HPreference_zero_full_depth14,111,4,4000,3000,0.99,0,0,0.6447286248766066,True
"natural[6,4]",0.180105,0.00194365,0.213548,0.161671,-0.101286,0.150695,0.567923,14536.3,9957.97,0.850258,1.00059,N111_HPreference_zero_full_depth14,111,4,4000,3000,0.99,0,0,0.6447286248766066,True
"natural[6,5]",1.38871,0.0032417,0.480903,0.473257,0.612757,1.37586,2.20614,22081.5,13712.5,1.29159,1.00039,N111_HPreference_zero_full_depth14,111,4,4000,3000,0.99,0,0,0.6447286248766066,True
"natural[7,1]",0.122199,0.00211585,0.135188,0.0770593,0.00819922,0.0758885,0.40243,2780.83,6705.2,0.162656,1.00069,N111_HPreference_zero_full_depth14,111,4,4000,3000,0.99,0,0,0.6447286248766066,True
"natural[7,2]",0.400856,0.00139331,0.181364,0.168352,0.15872,0.372349,0.737622,16367.5,9680.69,0.957369,1.00026,N111_HPreference_zero_full_depth14,111,4,4000,3000,0.99,0,0,0.6447286248766066,True
"natural[7,3]",2.49982,0.00574557,0.713921,0.695198,1.4305,2.43643,3.76027,16695.7,11738.2,0.976564,1.00015,N111_HPreference_zero_full_depth14,111,4,4000,3000,0.99,0,0,0.6447286248766066,True
"natural[7,4]",1.40829,0.00323554,0.451664,0.435904,0.733197,1.36909,2.22094,20844.0,12193.8,1.21921,1.00006,N111_HPreference_zero_full_depth14,111,4,4000,3000,0.99,0,0,0.6447286248766066,True
"natural[7,5]",3.46261,0.00660356,1.00508,0.993996,1.93061,3.40134,5.21195,24221.9,12480.0,1.41679,1.00009,N111_HPreference_zero_full_depth14,111,4,4000,3000,0.99,0,0,0.6447286248766066,True
"natural[8,1]",0.147639,0.00171778,0.159245,0.0885228,0.0120751,0.089797,0.501828,8818.59,10953.1,0.515817,1.00026,N111_HPreference_zero_full_depth14,111,4,4000,3000,0.99,0,0,0.6447286248766066,True
"natural[8,2]",0.309565,0.00215333,0.218776,0.19914,0.0513761,0.258805,0.730745,8669.38,9885.36,0.507089,1.00006,N111_HPreference_zero_full_depth14,111,4,4000,3000,0.99,0,0,0.6447286248766066,True
"natural[8,3]",1.05714,0.00735877,0.663447,0.516192,0.322555,0.879236,2.40258,10357.1,9449.7,0.60581,1.00023,N111_HPreference_zero_full_depth14,111,4,4000,3000,0.99,0,0,0.6447286248766066,True
"natural[8,4]",0.246695,0.00437005,0.419063,0.301931,-0.265537,0.153984,1.07517,11567.3,9952.95,0.676593,1.00048,N111_HPreference_zero_full_depth14,111,4,4000,3000,0.99,0,0,0.6447286248766066,True
"natural[8,5]",2.67035,0.00441715,0.633668,0.62349,1.69667,2.6311,3.76871,20873.6,14174.8,1.22094,1.00028,N111_HPreference_zero_full_depth14,111,4,4000,3000,0.99,0,0,0.6447286248766066,True
"natural[9,1]",0.290973,0.00217499,0.222347,0.215083,0.0290114,0.235599,0.739322,9434.62,10344.9,0.55185,0.999939,N111_HPreference_zero_full_depth14,111,4,4000,3000,0.99,0,0,0.6447286248766066,True
"natural[9,2]",0.118303,0.000663635,0.0870183,0.0706019,0.0229835,0.0967604,0.290889,15209.4,11419.1,0.889629,0.999858,N111_HPreference_zero_full_depth14,111,4,4000,3000,0.99,0,0,0.6447286248766066,True
"natural[9,3]",1.34102,0.00744416,0.844106,0.812825,0.206877,1.20959,2.895,14885.0,11454.1,0.870651,0.999945,N111_HPreference_zero_full_depth14,111,4,4000,3000,0.99,0,0,0.6447286248766066,True
"natural[9,4]",0.391329,0.00479373,0.547418,0.514463,-0.381107,0.31931,1.40158,14301.1,11366.4,0.8365,0.999933,N111_HPreference_zero_full_depth14,111,4,4000,3000,0.99,0,0,0.6447286248766066,True
"natural[9,5]",1.96242,0.00364638,0.506617,0.500229,1.17355,1.93726,2.83216,19657.4,13657.3,1.1498,1.00016,N111_HPreference_zero_full_depth14,111,4,4000,3000,0.99,0,0,0.6447286248766066,True
"natural[10,1]",0.390067,0.00156427,0.191128,0.198931,0.093965,0.37677,0.728689,13959.7,8679.92,0.816528,1.00001,N111_HPreference_zero_full_depth14,111,4,4000,3000,0.99,0,0,0.6447286248766066,True
"natural[10,2]",0.350658,0.00290496,0.242641,0.222506,0.0581463,0.300985,0.820968,6785.07,9424.21,0.396872,1.00065,N111_HPreference_zero_full_depth14,111,4,4000,3000,0.99,0,0,0.6447286248766066,True
"natural[10,3]",0.693643,0.00716027,0.61133,0.428135,-0.00697302,0.550531,1.91102,8855.25,8288.53,0.517961,1.00044,N111_HPreference_zero_full_depth14,111,4,4000,3000,0.99,0,0,0.6447286248766066,True
"natural[10,4]",0.0830721,0.00402781,0.389787,0.306107,-0.468712,0.0455945,0.80009,10317.0,8544.42,0.603463,1.00033,N111_HPreference_zero_full_depth14,111,4,4000,3000,0.99,0,0,0.6447286248766066,True
"natural[10,5]",1.27209,0.00426216,0.587181,0.575122,0.346551,1.2463,2.26998,19299.0,13060.8,1.12884,1.00007,N111_HPreference_zero_full_depth14,111,4,4000,3000,0.99,0,0,0.6447286248766066,True
"natural[11,1]",0.0589371,0.000262755,0.0318089,0.0283817,0.0172105,0.0541987,0.116714,13250.0,9387.57,0.775018,1.00017,N111_HPreference_zero_full_depth14,111,4,4000,3000,0.99,0,0,0.6447286248766066,True
"natural[11,2]",3.01554,0.00888151,1.20157,1.10197,1.40961,2.82552,5.24377,16191.5,10560.8,0.947076,1.00012,N111_HPreference_zero_full_depth14,111,4,4000,3000,0.99,0,0,0.6447286248766066,True
"natural[11,3]",0.128819,0.000834133,0.0894843,0.0726502,-0.0313236,0.145498,0.235045,14177.3,11305.0,0.829258,1.00047,N111_HPreference_zero_full_depth14,111,4,4000,3000,0.99,0,0,0.6447286248766066,True
"natural[11,4]",-0.0144268,0.00107367,0.115254,0.095096,-0.224914,0.0075999,0.123924,15187.9,10698.8,0.888374,1.00037,N111_HPreference_zero_full_depth14,111,4,4000,3000,0.99,0,0,0.6447286248766066,True
"natural[11,5]",0.658209,0.00405596,0.616609,0.613885,-0.357976,0.65538,1.67559,23266.0,12361.7,1.36088,1.00007,N111_HPreference_zero_full_depth14,111,4,4000,3000,0.99,0,0,0.6447286248766066,True
"natural[12,1]",0.0386197,0.000465794,0.0396525,0.0227603,0.00475202,0.0267604,0.112739,7294.75,10523.2,0.426685,1.00015,N111_HPreference_zero_full_depth14,111,4,4000,3000,0.99,0,0,0.6447286248766066,True
"natural[12,2]",1.15545,0.00433883,0.465506,0.477344,0.45486,1.1232,1.97468,10875.9,10067.2,0.636152,1.00036,N111_HPreference_zero_full_depth14,111,4,4000,3000,0.99,0,0,0.6447286248766066,True
"natural[12,3]",0.0480412,0.0011442,0.128661,0.0998019,-0.187079,0.0693606,0.206034,14939.5,10964.4,0.87384,1.00068,N111_HPreference_zero_full_depth14,111,4,4000,3000,0.99,0,0,0.6447286248766066,True
"natural[12,4]",-0.112193,0.00191088,0.176081,0.14062,-0.458702,-0.0728137,0.0929012,11584.2,9016.6,0.677586,1.00025,N111_HPreference_zero_full_depth14,111,4,4000,3000,0.99,0,0,0.6447286248766066,True
"natural[12,5]",2.18305,0.00398598,0.535433,0.530265,1.32174,2.16967,3.09344,18291.9,13325.4,1.06993,1.00029,N111_HPreference_zero_full_depth14,111,4,4000,3000,0.99,0,0,0.6447286248766066,True
"natural[13,1]",0.0541622,0.000371626,0.0399541,0.0335545,0.00891134,0.045068,0.129255,9347.95,9867.81,0.546781,1.00028,N111_HPreference_zero_full_depth14,111,4,4000,3000,0.99,0,0,0.6447286248766066,True
"natural[13,2]",0.994263,0.00422814,0.45147,0.438782,0.375027,0.932418,1.83395,9644.0,10312.0,0.564097,1.00034,N111_HPreference_zero_full_depth14,111,4,4000,3000,0.99,0,0,0.6447286248766066,True
"natural[13,3]",0.727489,0.00352201,0.3065,0.245814,0.376846,0.655147,1.32393,9979.59,8911.62,0.583726,1.00023,N111_HPreference_zero_full_depth14,111,4,4000,3000,0.99,0,0,0.6447286248766066,True
"natural[13,4]",0.0952336,0.00093126,0.118588,0.0982507,-0.10649,0.105456,0.261255,17089.2,12413.9,0.999583,1.00021,N111_HPreference_zero_full_depth14,111,4,4000,3000,0.99,0,0,0.6447286248766066,True
"natural[13,5]",0.814565,0.00397685,0.508228,0.510804,-0.00586366,0.804658,1.67027,16261.3,13278.3,0.951157,1.00023,N111_HPreference_zero_full_depth14,111,4,4000,3000,0.99,0,0,0.6447286248766066,True
"natural[14,1]",0.0876654,0.00101162,0.0806507,0.0511352,0.0119148,0.0647322,0.246393,5659.9,8273.34,0.331059,1.00003,N111_HPreference_zero_full_depth14,111,4,4000,3000,0.99,0,0,0.6447286248766066,True
"natural[14,2]",0.843758,0.0025967,0.321824,0.320157,0.372942,0.812775,1.42323,13357.8,9069.15,0.781325,1.00008,N111_HPreference_zero_full_depth14,111,4,4000,3000,0.99,0,0,0.6447286248766066,True
"natural[14,3]",-0.322032,0.00209243,0.237561,0.204205,-0.771686,-0.277459,-0.0253399,16427.0,11061.3,0.960848,1.00009,N111_HPreference_zero_full_depth14,111,4,4000,3000,0.99,0,0,0.6447286248766066,True
"natural[14,4]",-0.0753487,0.00199404,0.190113,0.151731,-0.438493,-0.0343074,0.152467,11667.4,9228.23,0.682449,1.0004,N111_HPreference_zero_full_depth14,111,4,4000,3000,0.99,0,0,0.6447286248766066,True
"natural[14,5]",1.92951,0.00362799,0.503328,0.502857,1.12369,1.92106,2.7783,19348.1,13869.1,1.13171,1.00005,N111_HPreference_zero_full_depth14,111,4,4000,3000,0.99,0,0,0.6447286248766066,True
"natural[15,1]",0.181283,0.00175926,0.156159,0.112253,0.0232765,0.135247,0.511894,7274.38,9984.74,0.425493,1.00045,N111_HPreference_zero_full_depth14,111,4,4000,3000,0.99,0,0,0.6447286248766066,True
"natural[15,2]",0.24184,0.00114985,0.142115,0.120756,0.0738361,0.209352,0.520304,13838.7,11700.3,0.809454,1.00005,N111_HPreference_zero_full_depth14,111,4,4000,3000,0.99,0,0,0.6447286248766066,True
"natural[15,3]",1.66334,0.00573356,0.666783,0.644717,0.751304,1.56909,2.88356,15314.6,11282.8,0.89578,1.00004,N111_HPreference_zero_full_depth14,111,4,4000,3000,0.99,0,0,0.6447286248766066,True
"natural[15,4]",0.607239,0.003201,0.398356,0.363904,0.0775878,0.540341,1.33992,18009.3,12175.6,1.0534,0.999957,N111_HPreference_zero_full_depth14,111,4,4000,3000,0.99,0,0,0.6447286248766066,True
"natural[15,5]",1.49546,0.00324163,0.458928,0.453915,0.759213,1.47739,2.26535,20242.7,13568.0,1.18404,1.0003,N111_HPreference_zero_full_depth14,111,4,4000,3000,0.99,0,0,0.6447286248766066,True
"natural[16,1]",0.0851221,0.00105263,0.100645,0.0500237,0.00685412,0.0522187,0.281959,9201.76,10620.3,0.538229,0.999975,N111_HPreference_zero_full_depth14,111,4,4000,3000,0.99,0,0,0.6447286248766066,True
"natural[16,2]",0.46201,0.00257763,0.260542,0.250447,0.114103,0.422663,0.952183,8844.59,9115.24,0.517338,0.999931,N111_HPreference_zero_full_depth14,111,4,4000,3000,0.99,0,0,0.6447286248766066,True
"natural[16,3]",1.11214,0.00579365,0.524817,0.418189,0.503409,0.995243,2.15163,10857.1,9035.34,0.635052,1.00061,N111_HPreference_zero_full_depth14,111,4,4000,3000,0.99,0,0,0.6447286248766066,True
"natural[16,4]",0.21485,0.00312428,0.310491,0.208739,-0.165333,0.156604,0.811501,12756.0,9192.44,0.746125,0.999973,N111_HPreference_zero_full_depth14,111,4,4000,3000,0.99,0,0,0.6447286248766066,True
"natural[16,5]",3.10508,0.00480885,0.70689,0.694437,2.03002,3.05915,4.33242,22688.1,12288.8,1.32707,1.00033,N111_HPreference_zero_full_depth14,111,4,4000,3000,0.99,0,0,0.6447286248766066,True
"natural[17,1]",0.0465274,0.000285191,0.0318245,0.0295197,0.00761608,0.0403885,0.106337,10470.9,8547.12,0.612462,1.0001,N111_HPreference_zero_full_depth14,111,4,4000,3000,0.99,0,0,0.6447286248766066,True
"natural[17,2]",2.32906,0.00637481,0.783654,0.742382,1.19337,2.23708,3.75544,13839.5,11156.1,0.809501,1.0005,N111_HPreference_zero_full_depth14,111,4,4000,3000,0.99,0,0,0.6447286248766066,True
"natural[17,3]",0.545412,0.00153393,0.15678,0.131087,0.360084,0.512788,0.840014,13487.9,9725.31,0.788934,1.0002,N111_HPreference_zero_full_depth14,111,4,4000,3000,0.99,0,0,0.6447286248766066,True
"natural[17,4]",0.146332,0.000429943,0.0521046,0.0454066,0.054581,0.151976,0.218858,15939.6,13262.7,0.932338,1.0002,N111_HPreference_zero_full_depth14,111,4,4000,3000,0.99,0,0,0.6447286248766066,True
"natural[17,5]",1.56964,0.00403028,0.5776,0.567439,0.649404,1.55783,2.5381,20827.5,12304.5,1.21824,1.00026,N111_HPreference_zero_full_depth14,111,4,4000,3000,0.99,0,0,0.6447286248766066,True
"natural[18,1]",0.150404,0.00243025,0.163152,0.0901949,0.0116013,0.0886821,0.508556,3970.09,8796.09,0.232219,1.00088,N111_HPreference_zero_full_depth14,111,4,4000,3000,0.99,0,0,0.6447286248766066,True
"natural[18,2]",0.474639,0.00169272,0.205314,0.186731,0.211535,0.437887,0.855131,13492.2,13093.4,0.789185,1.00005,N111_HPreference_zero_full_depth14,111,4,4000,3000,0.99,0,0,0.6447286248766066,True
"natural[18,3]",2.04071,0.00561428,0.633487,0.619084,1.1139,1.98258,3.17791,13381.9,12508.2,0.782733,1.00019,N111_HPreference_zero_full_depth14,111,4,4000,3000,0.99,0,0,0.6447286248766066,True
"natural[18,4]",1.02619,0.00311352,0.3624,0.34777,0.531997,0.97531,1.69907,15427.5,11956.1,0.902386,1.00013,N111_HPreference_zero_full_depth14,111,4,4000,3000,0.99,0,0,0.6447286248766066,True
"natural[18,5]",1.25432,0.00360904,0.525636,0.51596,0.415487,1.23521,2.14285,21330.4,13906.5,1.24766,0.999924,N111_HPreference_zero_full_depth14,111,4,4000,3000,0.99,0,0,0.6447286248766066,True
"natural[19,1]",0.0973081,0.000677369,0.068562,0.0548256,0.0190164,0.0840671,0.217033,9346.32,9085.45,0.546685,1.00009,N111_HPreference_zero_full_depth14,111,4,4000,3000,0.99,0,0,0.6447286248766066,True
"natural[19,2]",0.49228,0.00169816,0.205611,0.194993,0.208877,0.464071,0.869649,13304.3,11542.7,0.778194,1.00024,N111_HPreference_zero_full_depth14,111,4,4000,3000,0.99,0,0,0.6447286248766066,True
"natural[19,3]",0.758431,0.00285806,0.300728,0.25261,0.385371,0.701814,1.3225,13765.1,9566.76,0.805151,1.00023,N111_HPreference_zero_full_depth14,111,4,4000,3000,0.99,0,0,0.6447286248766066,True
"natural[19,4]",-0.215362,0.00170794,0.216058,0.197921,-0.585638,-0.198043,0.0981403,16986.1,12929.0,0.993553,1.00007,N111_HPreference_zero_full_depth14,111,4,4000,3000,0.99,0,0,0.6447286248766066,True
"natural[19,5]",-0.278125,0.00300533,0.425085,0.418354,-0.979885,-0.281099,0.42106,19992.6,14050.0,1.16941,1.00013,N111_HPreference_zero_full_depth14,111,4,4000,3000,0.99,0,0,0.6447286248766066,True
"natural[20,1]",0.157888,0.00314302,0.159464,0.113153,0.00762809,0.101692,0.495319,2041.32,4926.15,0.119401,1.00076,N111_HPreference_zero_full_depth14,111,4,4000,3000,0.99,0,0,0.6447286248766066,True
"natural[20,2]",0.326324,0.000946175,0.118483,0.111316,0.161992,0.310845,0.542777,15490.6,10944.1,0.906075,1.00026,N111_HPreference_zero_full_depth14,111,4,4000,3000,0.99,0,0,0.6447286248766066,True
"natural[20,3]",2.70637,0.00555704,0.702693,0.685256,1.65406,2.64188,3.95756,16769.8,13369.2,0.980897,1.0002,N111_HPreference_zero_full_depth14,111,4,4000,3000,0.99,0,0,0.6447286248766066,True
"natural[20,4]",1.51344,0.00314041,0.439609,0.429219,0.865836,1.47927,2.29647,20908.5,12120.3,1.22298,1.00056,N111_HPreference_zero_full_depth14,111,4,4000,3000,0.99,0,0,0.6447286248766066,True
"natural[20,5]",3.73391,0.00617057,0.926414,0.902939,2.33446,3.65791,5.37049,24521.8,11439.9,1.43433,1.00008,N111_HPreference_zero_full_depth14,111,4,4000,3000,0.99,0,0,0.6447286248766066,True
"natural[21,1]",0.0258562,0.00037672,0.034187,0.0147232,0.00132243,0.0135967,0.0936484,6789.27,12141.5,0.397118,1.00025,N111_HPreference_zero_full_depth14,111,4,4000,3000,0.99,0,0,0.6447286248766066,True
"natural[21,2]",4.8857,0.016496,2.23739,2.00954,2.06339,4.47451,9.15803,18006.2,13177.1,1.05322,0.999996,N111_HPreference_zero_full_depth14,111,4,4000,3000,0.99,0,0,0.6447286248766066,True
"natural[21,3]",0.788269,0.0025387,0.296065,0.275764,0.403805,0.735407,1.34283,15936.1,12020.8,0.932133,0.999996,N111_HPreference_zero_full_depth14,111,4,4000,3000,0.99,0,0,0.6447286248766066,True
"natural[21,4]",-0.00128816,0.000925204,0.114768,0.102972,-0.214114,0.0193876,0.14619,18203.1,13293.8,1.06473,1.00012,N111_HPreference_zero_full_depth14,111,4,4000,3000,0.99,0,0,0.6447286248766066,True
"natural[21,5]",2.40024,0.0071138,1.06335,1.05167,0.748213,2.34762,4.23182,23022.4,11710.0,1.34663,1.00017,N111_HPreference_zero_full_depth14,111,4,4000,3000,0.99,0,0,0.6447286248766066,True
"natural[22,1]",0.19043,0.00178971,0.175705,0.122773,0.0191237,0.131247,0.568705,9651.29,10334.6,0.564523,1.00046,N111_HPreference_zero_full_depth14,111,4,4000,3000,0.99,0,0,0.6447286248766066,True
"natural[22,2]",0.337205,0.00253245,0.292124,0.209232,0.0481447,0.248658,0.934384,11180.5,11570.1,0.65397,1.00006,N111_HPreference_zero_full_depth14,111,4,4000,3000,0.99,0,0,0.6447286248766066,True
"natural[22,3]",1.14321,0.00702095,0.717812,0.638693,0.292284,0.984534,2.53285,12405.9,11172.0,0.725645,1.00014,N111_HPreference_zero_full_depth14,111,4,4000,3000,0.99,0,0,0.6447286248766066,True
"natural[22,4]",0.378315,0.00372517,0.41394,0.320141,-0.166303,0.299234,1.1766,14523.2,11189.8,0.849492,1.00043,N111_HPreference_zero_full_depth14,111,4,4000,3000,0.99,0,0,0.6447286248766066,True
"natural[22,5]",1.7402,0.00431011,0.636603,0.636838,0.756501,1.7112,2.84412,22065.7,13716.2,1.29067,1.00044,N111_HPreference_zero_full_depth14,111,4,4000,3000,0.99,0,0,0.6447286248766066,True
"natural[23,1]",0.132217,0.00196175,0.124317,0.0830538,0.0138129,0.0942131,0.391104,3251.12,6692.45,0.190165,1.0008,N111_HPreference_zero_full_depth14,111,4,4000,3000,0.99,0,0,0.6447286248766066,True
"natural[23,2]",0.288354,0.000809368,0.106045,0.100071,0.141152,0.273875,0.484903,16034.7,11450.0,0.937902,0.999989,N111_HPreference_zero_full_depth14,111,4,4000,3000,0.99,0,0,0.6447286248766066,True
"natural[23,3]",2.5519,0.00567931,0.659076,0.638878,1.58149,2.49147,3.7349,14196.9,11250.0,0.830406,0.999934,N111_HPreference_zero_full_depth14,111,4,4000,3000,0.99,0,0,0.6447286248766066,True
"natural[23,4]",1.2697,0.0030107,0.395505,0.38248,0.69681,1.23057,1.98718,18939.0,11788.6,1.10778,1.00025,N111_HPreference_zero_full_depth14,111,4,4000,3000,0.99,0,0,0.6447286248766066,True
"natural[23,5]",1.76816,0.00385786,0.551828,0.549895,0.896212,1.7459,2.69894,21041.6,13482.5,1.23077,0.99998,N111_HPreference_zero_full_depth14,111,4,4000,3000,0.99,0,0,0.6447286248766066,True
"natural[24,1]",0.0974414,0.00197504,0.106299,0.0622891,0.00748956,0.0635001,0.304388,2127.63,4975.79,0.124449,1.00087,N111_HPreference_zero_full_depth14,111,4,4000,3000,0.99,0,0,0.6447286248766066,True
"natural[24,2]",0.327471,0.000895853,0.115264,0.108711,0.167253,0.312102,0.542473,16468.9,11974.9,0.9633,1.00003,N111_HPreference_zero_full_depth14,111,4,4000,3000,0.99,0,0,0.6447286248766066,True
"natural[24,3]",2.78619,0.00584348,0.712748,0.693278,1.72052,2.7273,4.05626,15485.8,12222.7,0.905797,1.00019,N111_HPreference_zero_full_depth14,111,4,4000,3000,0.99,0,0,0.6447286248766066,True
"natural[24,4]",1.55168,0.00318208,0.435698,0.424397,0.906644,1.50818,2.32648,20056.1,12619.2,1.17312,1.0001,N111_HPreference_zero_full_depth14,111,4,4000,3000,0.99,0,0,0.6447286248766066,True
"natural[24,5]",3.76731,0.0064305,0.953184,0.945319,2.32849,3.69952,5.44406,23493.5,12426.3,1.37418,1.00101,N111_HPreference_zero_full_depth14,111,4,4000,3000,0.99,0,0,0.6447286248766066,True
"natural[25,1]",0.228404,0.00122866,0.111949,0.105116,0.0628629,0.217705,0.426922,7509.44,7741.31,0.439242,1.00032,N111_HPreference_zero_full_depth14,111,4,4000,3000,0.99,0,0,0.6447286248766066,True
"natural[25,2]",0.753049,0.0024452,0.291779,0.284103,0.340247,0.718561,1.2876,13094.8,11728.1,0.765942,1.0002,N111_HPreference_zero_full_depth14,111,4,4000,3000,0.99,0,0,0.6447286248766066,True
"natural[25,3]",0.344287,0.00124133,0.154844,0.127695,0.130119,0.327476,0.612396,16907.0,12812.1,0.988925,1.00024,N111_HPreference_zero_full_depth14,111,4,4000,3000,0.99,0,0,0.6447286248766066,True
"natural[25,4]",-0.284677,0.00188297,0.210443,0.198436,-0.669283,-0.258578,0.00996352,13444.9,12557.5,0.786418,1.00031,N111_HPreference_zero_full_depth14,111,4,4000,3000,0.99,0,0,0.6447286248766066,True
"natural[25,5]",-0.186187,0.00337216,0.465596,0.464175,-0.961831,-0.187624,0.570677,19165.4,13146.9,1.12102,0.999864,N111_HPreference_zero_full_depth14,111,4,4000,3000,0.99,0,0,0.6447286248766066,True
"natural[26,1]",0.0492085,0.000682515,0.0594764,0.0302255,0.00366581,0.0307935,0.155542,6313.09,10187.9,0.369265,1.00021,N111_HPreference_zero_full_depth14,111,4,4000,3000,0.99,0,0,0.6447286248766066,True
"natural[26,2]",1.05129,0.00273974,0.367752,0.355548,0.517705,1.01537,1.71754,17156.3,12565.5,1.00351,1.00012,N111_HPreference_zero_full_depth14,111,4,4000,3000,0.99,0,0,0.6447286248766066,True
"natural[26,3]",0.967708,0.00262167,0.326923,0.31658,0.513658,0.927416,1.5596,17928.4,11788.9,1.04867,1.00043,N111_HPreference_zero_full_depth14,111,4,4000,3000,0.99,0,0,0.6447286248766066,True
"natural[26,4]",-0.189986,0.00130125,0.17349,0.159526,-0.49617,-0.172827,0.0572142,18637.9,13615.2,1.09017,0.999876,N111_HPreference_zero_full_depth14,111,4,4000,3000,0.99,0,0,0.6447286248766066,True
"natural[26,5]",1.84747,0.00477059,0.71667,0.710525,0.705727,1.82615,3.06819,22856.9,12772.0,1.33695,1.00002,N111_HPreference_zero_full_depth14,111,4,4000,3000,0.99,0,0,0.6447286248766066,True
"natural[27,1]",0.0160518,0.000133784,0.0144553,0.0102836,0.00179981,0.0117562,0.044743,10190.2,11094.6,0.596048,1.00011,N111_HPreference_zero_full_depth14,111,4,4000,3000,0.99,0,0,0.6447286248766066,True
"natural[27,2]",3.95986,0.0102677,1.35619,1.28183,2.0879,3.78042,6.41997,17576.4,13232.2,1.02808,1.00018,N111_HPreference_zero_full_depth14,111,4,4000,3000,0.99,0,0,0.6447286248766066,True
"natural[27,3]",0.91474,0.00263881,0.31442,0.299667,0.489594,0.868949,1.5002,16833.4,11291.9,0.984618,1.00001,N111_HPreference_zero_full_depth14,111,4,4000,3000,0.99,0,0,0.6447286248766066,True
"natural[27,4]",0.0473728,0.000598799,0.0747778,0.0669674,-0.0937096,0.0596993,0.145751,16826.5,13681.5,0.984217,1.00006,N111_HPreference_zero_full_depth14,111,4,4000,3000,0.99,0,0,0.6447286248766066,True
"natural[27,5]",1.26806,0.00469632,0.725368,0.711697,0.103956,1.24984,2.48611,24175.9,11372.9,1.4141,1.0007,N111_HPreference_zero_full_depth14,111,4,4000,3000,0.99,0,0,0.6447286248766066,True
"natural[28,1]",0.0694785,0.00065022,0.0550015,0.0481618,0.00769984,0.056073,0.179095,5823.55,8528.65,0.340631,1.00033,N111_HPreference_zero_full_depth14,111,4,4000,3000,0.99,0,0,0.6447286248766066,True
"natural[28,2]",1.5885,0.00379165,0.477272,0.460788,0.908194,1.53366,2.45347,15590.3,13662.7,0.911909,1.0001,N111_HPreference_zero_full_depth14,111,4,4000,3000,0.99,0,0,0.6447286248766066,True
"natural[28,3]",1.24464,0.00289644,0.351333,0.332311,0.747388,1.20279,1.88114,16708.3,11409.6,0.977302,1.00027,N111_HPreference_zero_full_depth14,111,4,4000,3000,0.99,0,0,0.6447286248766066,True
"natural[28,4]",0.0213224,0.000796721,0.101257,0.0931749,-0.165504,0.0345478,0.16046,17062.5,14031.8,0.99802,0.999972,N111_HPreference_zero_full_depth14,111,4,4000,3000,0.99,0,0,0.6447286248766066,True
"natural[28,5]",-0.602047,0.00420541,0.609568,0.59818,-1.63487,-0.580513,0.377302,21316.4,13148.7,1.24684,1.00052,N111_HPreference_zero_full_depth14,111,4,4000,3000,0.99,0,0,0.6447286248766066,True
"natural[29,1]",0.0141018,7.59106e-05,0.0100749,0.00925649,0.00212879,0.0118431,0.0339053,15302.0,11059.6,0.895043,0.999997,N111_HPreference_zero_full_depth14,111,4,4000,3000,0.99,0,0,0.6447286248766066,True
"natural[29,2]",4.84475,0.0130061,1.78886,1.66213,2.43224,4.5911,8.13704,17350.2,12774.6,1.01485,0.999975,N111_HPreference_zero_full_depth14,111,4,4000,3000,0.99,0,0,0.6447286248766066,True
"natural[29,3]",0.145702,0.000374258,0.0462404,0.0395627,0.0594863,0.153576,0.204393,16821.4,12943.9,0.983916,1.00015,N111_HPreference_zero_full_depth14,111,4,4000,3000,0.99,0,0,0.6447286248766066,True
"natural[29,4]",-0.0869738,0.00119174,0.139448,0.125294,-0.346473,-0.0635107,0.0913931,17713.6,10674.6,1.0361,1.00011,N111_HPreference_zero_full_depth14,111,4,4000,3000,0.99,0,0,0.6447286248766066,True
"natural[29,5]",1.95971,0.00481873,0.700399,0.698302,0.842372,1.9383,3.14221,21839.4,13267.1,1.27743,1.00013,N111_HPreference_zero_full_depth14,111,4,4000,3000,0.99,0,0,0.6447286248766066,True
"natural[30,1]",0.119817,0.00249636,0.134539,0.0747868,0.00754331,0.0711403,0.408811,2360.03,6563.11,0.138043,1.00167,N111_HPreference_zero_full_depth14,111,4,4000,3000,0.99,0,0,0.6447286248766066,True
"natural[30,2]",0.273833,0.000968962,0.110173,0.100883,0.128826,0.256806,0.479985,12197.3,11021.5,0.713444,1.00013,N111_HPreference_zero_full_depth14,111,4,4000,3000,0.99,0,0,0.6447286248766066,True
"natural[30,3]",2.57026,0.00617661,0.742085,0.729517,1.46463,2.51073,3.8762,15020.5,12772.2,0.878579,1.00003,N111_HPreference_zero_full_depth14,111,4,4000,3000,0.99,0,0,0.6447286248766066,True
"natural[30,4]",1.56978,0.00335956,0.455037,0.439912,0.8969,1.525,2.37871,19897.0,12521.2,1.16382,1.00034,N111_HPreference_zero_full_depth14,111,4,4000,3000,0.99,0,0,0.6447286248766066,True
"natural[30,5]",3.90659,0.00684754,0.964359,0.940754,2.45672,3.82966,5.59125,21449.7,11649.8,1.25464,1.0001,N111_HPreference_zero_full_depth14,111,4,4000,3000,0.99,0,0,0.6447286248766066,True
"natural[31,1]",0.152759,0.00172328,0.164683,0.0890633,0.0126912,0.0910211,0.522124,8486.17,10828.0,0.496373,1.00011,N111_HPreference_zero_full_depth14,111,4,4000,3000,0.99,0,0,0.6447286248766066,True
"natural[31,2]",0.354254,0.00229647,0.231026,0.212412,0.0689334,0.308696,0.795987,8471.49,9337.8,0.495515,1.00021,N111_HPreference_zero_full_depth14,111,4,4000,3000,0.99,0,0,0.6447286248766066,True
"natural[31,3]",0.985622,0.00694457,0.579765,0.41914,0.363222,0.8393,2.14122,9677.7,7904.43,0.566068,1.00015,N111_HPreference_zero_full_depth14,111,4,4000,3000,0.99,0,0,0.6447286248766066,True
"natural[31,4]",0.121769,0.00407291,0.368692,0.241362,-0.333217,0.0550652,0.857432,10799.7,8338.05,0.631695,1.0006,N111_HPreference_zero_full_depth14,111,4,4000,3000,0.99,0,0,0.6447286248766066,True
"natural[31,5]",2.38136,0.00429248,0.576184,0.564846,1.4903,2.34918,3.36708,18112.1,13184.8,1.05941,0.99999,N111_HPreference_zero_full_depth14,111,4,4000,3000,0.99,0,0,0.6447286248766066,True
"natural[32,1]",0.00871348,8.83666e-05,0.00901021,0.00550255,0.000861704,0.00605744,0.0250339,10948.0,12037.3,0.640371,1.00021,N111_HPreference_zero_full_depth14,111,4,4000,3000,0.99,0,0,0.6447286248766066,True
"natural[32,2]",9.4227,0.0354372,4.23149,3.42182,4.2913,8.67543,17.1993,14868.2,12186.5,0.869673,1.00039,N111_HPreference_zero_full_depth14,111,4,4000,3000,0.99,0,0,0.6447286248766066,True
"natural[32,3]",0.188424,0.000231536,0.027077,0.0225077,0.139014,0.193048,0.222579,15120.1,13404.0,0.884408,1.00021,N111_HPreference_zero_full_depth14,111,4,4000,3000,0.99,0,0,0.6447286248766066,True
"natural[32,4]",0.180974,0.000270361,0.0315335,0.0260266,0.123823,0.186553,0.220224,15430.2,12289.8,0.902545,1.00059,N111_HPreference_zero_full_depth14,111,4,4000,3000,0.99,0,0,0.6447286248766066,True
"natural[32,5]",3.08596,0.00536257,0.732206,0.725169,1.93691,3.05372,4.33947,18881.2,12664.1,1.1044,1.00019,N111_HPreference_zero_full_depth14,111,4,4000,3000,0.99,0,0,0.6447286248766066,True
"natural[33,1]",0.246242,0.00323784,0.196829,0.194612,0.0167975,0.198935,0.636649,3097.14,5113.18,0.181158,1.00056,N111_HPreference_zero_full_depth14,111,4,4000,3000,0.99,0,0,0.6447286248766066,True
"natural[33,2]",0.239343,0.000755413,0.0965032,0.0894321,0.108178,0.225705,0.416792,15182.3,11176.9,0.888045,1.00002,N111_HPreference_zero_full_depth14,111,4,4000,3000,0.99,0,0,0.6447286248766066,True
"natural[33,3]",2.4292,0.00536208,0.661312,0.635686,1.46086,2.36935,3.60857,16335.0,11942.0,0.95547,1.00065,N111_HPreference_zero_full_depth14,111,4,4000,3000,0.99,0,0,0.6447286248766066,True
"natural[33,4]",1.13597,0.00329568,0.424717,0.411285,0.515736,1.0948,1.90064,17465.6,12646.0,1.0216,1.00016,N111_HPreference_zero_full_depth14,111,4,4000,3000,0.99,0,0,0.6447286248766066,True
"natural[33,5]",2.94867,0.0051171,0.724465,0.709698,1.85745,2.89003,4.22165,21216.1,13449.4,1.24098,1.0006,N111_HPreference_zero_full_depth14,111,4,4000,3000,0.99,0,0,0.6447286248766066,True
"natural[34,1]",0.0705189,0.000464246,0.0434544,0.0403891,0.0141475,0.0629755,0.151105,7167.41,8422.82,0.419236,1.00084,N111_HPreference_zero_full_depth14,111,4,4000,3000,0.99,0,0,0.6447286248766066,True
"natural[34,2]",2.27101,0.00479686,0.65183,0.639547,1.29607,2.21895,3.42372,18291.9,14073.0,1.06993,1.00024,N111_HPreference_zero_full_depth14,111,4,4000,3000,0.99,0,0,0.6447286248766066,True
"natural[34,3]",0.162017,0.000472256,0.059478,0.0538624,0.0572696,0.166719,0.249158,15716.2,14508.5,0.91927,0.999999,N111_HPreference_zero_full_depth14,111,4,4000,3000,0.99,0,0,0.6447286248766066,True
"natural[34,4]",0.00224034,0.00071934,0.0840331,0.0776255,-0.14927,0.0128895,0.119686,13478.2,12167.0,0.788369,1.00043,N111_HPreference_zero_full_depth14,111,4,4000,3000,0.99,0,0,0.6447286248766066,True
"natural[34,5]",3.32494,0.00547534,0.715962,0.71063,2.20061,3.29647,4.5409,17304.1,12918.3,1.01215,1.00014,N111_HPreference_zero_full_depth14,111,4,4000,3000,0.99,0,0,0.6447286248766066,True
"natural[35,1]",0.162143,0.00150779,0.143882,0.10358,0.0199605,0.120625,0.450611,9069.47,10418.5,0.530492,1.00024,N111_HPreference_zero_full_depth14,111,4,4000,3000,0.99,0,0,0.6447286248766066,True
"natural[35,2]",0.451651,0.00241502,0.286789,0.252788,0.101888,0.393278,1.00331,11585.8,10221.0,0.677677,1.00002,N111_HPreference_zero_full_depth14,111,4,4000,3000,0.99,0,0,0.6447286248766066,True
"natural[35,3]",1.17046,0.00558016,0.573764,0.502881,0.45703,1.05925,2.26044,13632.3,9314.48,0.79738,1.00016,N111_HPreference_zero_full_depth14,111,4,4000,3000,0.99,0,0,0.6447286248766066,True
"natural[35,4]",0.188955,0.0029887,0.331898,0.256249,-0.257189,0.142389,0.814496,15149.0,10161.4,0.886098,0.999857,N111_HPreference_zero_full_depth14,111,4,4000,3000,0.99,0,0,0.6447286248766066,True
"natural[35,5]",0.224724,0.00383632,0.550758,0.541866,-0.670559,0.216706,1.14685,20611.1,13487.9,1.20559,1.00016,N111_HPreference_zero_full_depth14,111,4,4000,3000,0.99,0,0,0.6447286248766066,True
"natural[36,1]",0.219969,0.00228287,0.202239,0.142653,0.0218845,0.148047,0.666959,7398.53,10406.7,0.432755,1.00022,N111_HPreference_zero_full_depth14,111,4,4000,3000,0.99,0,0,0.6447286248766066,True
"natural[36,2]",0.213937,0.00144199,0.153011,0.141185,0.0314699,0.182141,0.507592,9235.41,10644.4,0.540198,1.00011,N111_HPreference_zero_full_depth14,111,4,4000,3000,0.99,0,0,0.6447286248766066,True
"natural[36,3]",0.658685,0.00765133,0.697429,0.458575,-0.102385,0.47462,2.10342,10678.9,9503.81,0.624633,1.00016,N111_HPreference_zero_full_depth14,111,4,4000,3000,0.99,0,0,0.6447286248766066,True
"natural[36,4]",-0.0925251,0.0044902,0.443669,0.31328,-0.673311,-0.157526,0.794387,11811.9,9697.08,0.690904,1.00009,N111_HPreference_zero_full_depth14,111,4,4000,3000,0.99,0,0,0.6447286248766066,True
"natural[36,5]",1.0228,0.0032755,0.421294,0.421306,0.351492,1.00685,1.7417,16382.7,14254.4,0.958258,0.999948,N111_HPreference_zero_full_depth14,111,4,4000,3000,0.99,0,0,0.6447286248766066,True
"natural[37,1]",0.179909,0.00414824,0.185052,0.132078,0.0065142,0.108742,0.576559,1578.14,4443.51,0.0923088,1.00125,N111_HPreference_zero_full_depth14,111,4,4000,3000,0.99,0,0,0.6447286248766066,True
"natural[37,2]",0.359064,0.000999395,0.120859,0.114933,0.188482,0.344322,0.581194,14333.1,10166.4,0.83837,1.00004,N111_HPreference_zero_full_depth14,111,4,4000,3000,0.99,0,0,0.6447286248766066,True
"natural[37,3]",2.9225,0.00643562,0.725188,0.708312,1.83971,2.86426,4.19527,13101.2,11400.5,0.766316,1.00018,N111_HPreference_zero_full_depth14,111,4,4000,3000,0.99,0,0,0.6447286248766066,True
"natural[37,4]",1.77245,0.00381429,0.456919,0.444497,1.09314,1.73336,2.58653,15145.6,13276.0,0.885896,1.00017,N111_HPreference_zero_full_depth14,111,4,4000,3000,0.99,0,0,0.6447286248766066,True
"natural[37,5]",3.93786,0.00663122,0.958513,0.942085,2.48934,3.86089,5.62796,22441.3,12667.6,1.31264,0.999985,N111_HPreference_zero_full_depth14,111,4,4000,3000,0.99,0,0,0.6447286248766066,True
"natural[38,1]",0.13438,0.000983979,0.107458,0.0777196,0.0216682,0.106338,0.345567,11080.2,9875.41,0.648103,1.0001,N111_HPreference_zero_full_depth14,111,4,4000,3000,0.99,0,0,0.6447286248766066,True
"natural[38,2]",0.599736,0.00236967,0.275795,0.267153,0.218595,0.560939,1.11294,11886.9,10229.1,0.69529,1.00008,N111_HPreference_zero_full_depth14,111,4,4000,3000,0.99,0,0,0.6447286248766066,True
"natural[38,3]",0.465991,0.00249562,0.258509,0.190148,0.156415,0.419636,0.932638,14416.3,10307.3,0.843241,1.00052,N111_HPreference_zero_full_depth14,111,4,4000,3000,0.99,0,0,0.6447286248766066,True
"natural[38,4]",-0.159331,0.00155464,0.194804,0.171502,-0.496507,-0.139395,0.0990156,17367.8,12376.4,1.01588,1.00005,N111_HPreference_zero_full_depth14,111,4,4000,3000,0.99,0,0,0.6447286248766066,True
"natural[38,5]",1.17878,0.00321038,0.457943,0.45712,0.450444,1.16857,1.95428,20185.8,13583.1,1.18071,1.00016,N111_HPreference_zero_full_depth14,111,4,4000,3000,0.99,0,0,0.6447286248766066,True
"natural[39,1]",0.161627,0.00093775,0.0824307,0.0840147,0.0343004,0.157616,0.303991,6930.94,6363.86,0.405405,1.00069,N111_HPreference_zero_full_depth14,111,4,4000,3000,0.99,0,0,0.6447286248766066,True
"natural[39,2]",1.44512,0.00394353,0.500581,0.46738,0.757087,1.37816,2.36255,15076.2,12895.4,0.881839,1.00006,N111_HPreference_zero_full_depth14,111,4,4000,3000,0.99,0,0,0.6447286248766066,True
"natural[39,3]",1.01763,0.00266665,0.306509,0.2906,0.598163,0.973174,1.58952,15228.0,11492.8,0.890714,1.00022,N111_HPreference_zero_full_depth14,111,4,4000,3000,0.99,0,0,0.6447286248766066,True
"natural[39,4]",0.158175,0.000739864,0.0942458,0.0852348,-0.0100657,0.166939,0.293376,16884.8,14565.5,0.987626,0.999869,N111_HPreference_zero_full_depth14,111,4,4000,3000,0.99,0,0,0.6447286248766066,True
"natural[39,5]",-0.907282,0.00417471,0.589573,0.581835,-1.90477,-0.889963,0.0379972,20311.3,12919.7,1.18805,0.999946,N111_HPreference_zero_full_depth14,111,4,4000,3000,0.99,0,0,0.6447286248766066,True
"natural[40,1]",0.163057,0.00169045,0.159054,0.0947665,0.0189051,0.11276,0.513807,10127.1,9995.0,0.592355,1.00079,N111_HPreference_zero_full_depth14,111,4,4000,3000,0.99,0,0,0.6447286248766066,True
"natural[40,2]",0.529771,0.00476041,0.436728,0.374687,0.0598908,0.411236,1.40375,6882.48,10186.6,0.40257,1.00048,N111_HPreference_zero_full_depth14,111,4,4000,3000,0.99,0,0,0.6447286248766066,True
"natural[40,3]",0.762174,0.00796757,0.655052,0.410378,0.127312,0.545903,2.1309,8589.07,8574.34,0.502392,1.00054,N111_HPreference_zero_full_depth14,111,4,4000,3000,0.99,0,0,0.6447286248766066,True
"natural[40,4]",0.170736,0.00372023,0.363571,0.219552,-0.292462,0.117422,0.880267,11541.2,9170.26,0.67507,1.00063,N111_HPreference_zero_full_depth14,111,4,4000,3000,0.99,0,0,0.6447286248766066,True
"natural[40,5]",1.55225,0.00490512,0.639728,0.635009,0.54975,1.52467,2.66003,16734.0,13475.8,0.978806,1.00053,N111_HPreference_zero_full_depth14,111,4,4000,3000,0.99,0,0,0.6447286248766066,True
"natural[41,1]",0.164637,0.00279476,0.154075,0.113345,0.013084,0.115325,0.48201,2492.77,5671.16,0.145807,1.00089,N111_HPreference_zero_full_depth14,111,4,4000,3000,0.99,0,0,0.6447286248766066,True
"natural[41,2]",0.233896,0.000685995,0.0899259,0.0841422,0.111128,0.222056,0.400615,16197.3,11533.1,0.947413,0.999988,N111_HPreference_zero_full_depth14,111,4,4000,3000,0.99,0,0,0.6447286248766066,True
"natural[41,3]",2.58889,0.00577277,0.694457,0.682669,1.55393,2.53145,3.81926,15716.8,12373.1,0.919309,1.00017,N111_HPreference_zero_full_depth14,111,4,4000,3000,0.99,0,0,0.6447286248766066,True
"natural[41,4]",1.43061,0.00313206,0.424361,0.417503,0.802832,1.39285,2.19157,19155.8,12918.1,1.12046,1.00021,N111_HPreference_zero_full_depth14,111,4,4000,3000,0.99,0,0,0.6447286248766066,True
"natural[41,5]",2.60963,0.00477282,0.674442,0.660675,1.58166,2.56829,3.78794,21140.2,11751.9,1.23653,1.00002,N111_HPreference_zero_full_depth14,111,4,4000,3000,0.99,0,0,0.6447286248766066,True
"natural[42,1]",0.121684,0.00070607,0.0707203,0.0681561,0.0260376,0.111881,0.253706,9088.28,9129.36,0.531592,1.00012,N111_HPreference_zero_full_depth14,111,4,4000,3000,0.99,0,0,0.6447286248766066,True
"natural[42,2]",0.985477,0.00290996,0.364176,0.344086,0.488098,0.932115,1.65571,13770.8,11945.7,0.805482,0.999961,N111_HPreference_zero_full_depth14,111,4,4000,3000,0.99,0,0,0.6447286248766066,True
"natural[42,3]",0.741275,0.00201087,0.227714,0.20222,0.450788,0.699396,1.17304,15069.7,12122.7,0.881455,1.00019,N111_HPreference_zero_full_depth14,111,4,4000,3000,0.99,0,0,0.6447286248766066,True
"natural[42,4]",-0.107799,0.00121267,0.148637,0.138812,-0.380926,-0.0875063,0.097705,16601.9,12546.6,0.971077,0.999959,N111_HPreference_zero_full_depth14,111,4,4000,3000,0.99,0,0,0.6447286248766066,True
"natural[42,5]",-0.630397,0.00339081,0.495765,0.489547,-1.45042,-0.625887,0.176441,21507.1,12929.8,1.258,1.00053,N111_HPreference_zero_full_depth14,111,4,4000,3000,0.99,0,0,0.6447286248766066,True
"natural[43,1]",0.114973,0.00106362,0.0855717,0.0661303,0.0222395,0.0932705,0.279716,6398.53,9584.08,0.374263,1.00044,N111_HPreference_zero_full_depth14,111,4,4000,3000,0.99,0,0,0.6447286248766066,True
"natural[43,2]",0.815698,0.00395714,0.411795,0.399284,0.268702,0.7455,1.58445,9211.25,9794.49,0.538785,1.00028,N111_HPreference_zero_full_depth14,111,4,4000,3000,0.99,0,0,0.6447286248766066,True
"natural[43,3]",-0.05965,0.00212058,0.22582,0.171685,-0.48875,-0.0109416,0.199401,14238.9,10944.4,0.83286,1.00046,N111_HPreference_zero_full_depth14,111,4,4000,3000,0.99,0,0,0.6447286248766066,True
"natural[43,4]",-0.259692,0.0030158,0.261852,0.228757,-0.756845,-0.20871,0.0650234,8402.2,9676.13,0.491462,1.00065,N111_HPreference_zero_full_depth14,111,4,4000,3000,0.99,0,0,0.6447286248766066,True
"natural[43,5]",-0.293457,0.00377177,0.492352,0.485465,-1.10802,-0.288885,0.51077,17157.5,13014.2,1.00358,1.00023,N111_HPreference_zero_full_depth14,111,4,4000,3000,0.99,0,0,0.6447286248766066,True
"natural[44,1]",0.108788,0.000767119,0.0706667,0.0649541,0.0192211,0.096971,0.238288,7546.0,9101.68,0.441381,1.00079,N111_HPreference_zero_full_depth14,111,4,4000,3000,0.99,0,0,0.6447286248766066,True
"natural[44,2]",0.767886,0.00184017,0.257299,0.249505,0.397268,0.74102,1.23945,18570.4,12550.8,1.08622,1.00005,N111_HPreference_zero_full_depth14,111,4,4000,3000,0.99,0,0,0.6447286248766066,True
"natural[44,3]",-0.0237523,0.00130045,0.159715,0.139235,-0.317425,-0.00339061,0.193016,17153.9,12212.8,1.00337,1.00018,N111_HPreference_zero_full_depth14,111,4,4000,3000,0.99,0,0,0.6447286248766066,True
"natural[44,4]",-0.58137,0.00213727,0.249588,0.235684,-1.0419,-0.549145,-0.232272,15070.4,11328.4,0.881496,1.0002,N111_HPreference_zero_full_depth14,111,4,4000,3000,0.99,0,0,0.6447286248766066,True
"natural[44,5]",1.11861,0.00316553,0.462852,0.464108,0.369243,1.11223,1.88912,21467.1,13143.9,1.25565,1.00005,N111_HPreference_zero_full_depth14,111,4,4000,3000,0.99,0,0,0.6447286248766066,True
"natural[45,1]",0.066139,0.00103357,0.0868949,0.0356172,0.00577254,0.0392611,0.220934,7471.02,9024.32,0.436995,1.00042,N111_HPreference_zero_full_depth14,111,4,4000,3000,0.99,0,0,0.6447286248766066,True
"natural[45,2]",0.763296,0.00409707,0.392707,0.387992,0.217551,0.713193,1.4941,7635.88,6601.93,0.446638,1.00031,N111_HPreference_zero_full_depth14,111,4,4000,3000,0.99,0,0,0.6447286248766066,True
"natural[45,3]",0.134914,0.00343426,0.265408,0.140593,-0.194201,0.132588,0.409004,13645.2,7076.52,0.798137,1.00027,N111_HPreference_zero_full_depth14,111,4,4000,3000,0.99,0,0,0.6447286248766066,True
"natural[45,4]",-0.0537015,0.00224401,0.216429,0.163482,-0.433876,-0.0238165,0.192112,11902.0,9960.53,0.696172,1.00012,N111_HPreference_zero_full_depth14,111,4,4000,3000,0.99,0,0,0.6447286248766066,True
"natural[45,5]",3.36924,0.00484471,0.688872,0.68967,2.28472,3.33737,4.54209,20308.5,12886.8,1.18789,1.00022,N111_HPreference_zero_full_depth14,111,4,4000,3000,0.99,0,0,0.6447286248766066,True
"natural[46,1]",0.109506,0.00193346,0.108376,0.0705558,0.0097455,0.0765764,0.326983,2515.84,6117.18,0.147157,1.00149,N111_HPreference_zero_full_depth14,111,4,4000,3000,0.99,0,0,0.6447286248766066,True
"natural[46,2]",0.302579,0.000864308,0.110353,0.103743,0.150468,0.287422,0.503849,15915.3,11508.2,0.930918,1.0002,N111_HPreference_zero_full_depth14,111,4,4000,3000,0.99,0,0,0.6447286248766066,True
"natural[46,3]",2.6677,0.00629974,0.720558,0.701755,1.58881,2.61396,3.94614,13614.5,11594.6,0.796337,0.999976,N111_HPreference_zero_full_depth14,111,4,4000,3000,0.99,0,0,0.6447286248766066,True
"natural[46,4]",1.61456,0.00340526,0.449151,0.44027,0.949507,1.57092,2.41192,19100.6,11934.0,1.11723,1.00033,N111_HPreference_zero_full_depth14,111,4,4000,3000,0.99,0,0,0.6447286248766066,True
"natural[46,5]",3.85067,0.00665859,0.970964,0.9618,2.38826,3.77448,5.53613,22940.7,11721.3,1.34185,1.00024,N111_HPreference_zero_full_depth14,111,4,4000,3000,0.99,0,0,0.6447286248766066,True
"natural[47,1]",0.0698653,0.000532695,0.0561002,0.0406796,0.0116138,0.0565973,0.169717,11148.4,9611.64,0.65209,1.00042,N111_HPreference_zero_full_depth14,111,4,4000,3000,0.99,0,0,0.6447286248766066,True
"natural[47,2]",1.26464,0.00492812,0.498394,0.502271,0.488767,1.23813,2.11978,9372.08,7700.65,0.548192,1.00042,N111_HPreference_zero_full_depth14,111,4,4000,3000,0.99,0,0,0.6447286248766066,True
"natural[47,3]",0.428127,0.00206594,0.17265,0.109427,0.253365,0.391684,0.716976,11934.3,7907.53,0.698063,1.0006,N111_HPreference_zero_full_depth14,111,4,4000,3000,0.99,0,0,0.6447286248766066,True
"natural[47,4]",0.104147,0.000918611,0.104751,0.083515,-0.0691354,0.111258,0.240592,15248.1,11024.2,0.891894,1.0004,N111_HPreference_zero_full_depth14,111,4,4000,3000,0.99,0,0,0.6447286248766066,True
"natural[47,5]",2.59406,0.00491737,0.628755,0.629052,1.61534,2.56571,3.68063,16201.4,12549.2,0.947655,1.00026,N111_HPreference_zero_full_depth14,111,4,4000,3000,0.99,0,0,0.6447286248766066,True
"natural[48,1]",0.146395,0.00138493,0.123732,0.0860598,0.0228712,0.114918,0.376368,8517.18,9097.54,0.498187,1.00017,N111_HPreference_zero_full_depth14,111,4,4000,3000,0.99,0,0,0.6447286248766066,True
"natural[48,2]",0.353351,0.00177903,0.193079,0.180539,0.089432,0.325524,0.718249,9452.72,7253.99,0.552909,1.0002,N111_HPreference_zero_full_depth14,111,4,4000,3000,0.99,0,0,0.6447286248766066,True
"natural[48,3]",0.230077,0.00516533,0.41462,0.237575,-0.24953,0.171053,0.898741,11317.0,6248.58,0.661953,1.00043,N111_HPreference_zero_full_depth14,111,4,4000,3000,0.99,0,0,0.6447286248766066,True
"natural[48,4]",-0.281232,0.00307577,0.304164,0.250159,-0.769803,-0.268142,0.124008,13020.6,7037.52,0.7616,1.00072,N111_HPreference_zero_full_depth14,111,4,4000,3000,0.99,0,0,0.6447286248766066,True
"natural[48,5]",0.870293,0.00361156,0.437807,0.437754,0.158809,0.863311,1.60175,14614.4,11080.9,0.854824,0.99993,N111_HPreference_zero_full_depth14,111,4,4000,3000,0.99,0,0,0.6447286248766066,True
"natural[49,1]",0.0857472,0.000785361,0.0794049,0.0497278,0.0119672,0.0623853,0.240867,10532.0,11176.1,0.616037,0.999998,N111_HPreference_zero_full_depth14,111,4,4000,3000,0.99,0,0,0.6447286248766066,True
"natural[49,2]",0.538894,0.00199917,0.234234,0.224194,0.217436,0.50788,0.969728,12122.2,9939.64,0.709052,1.00008,N111_HPreference_zero_full_depth14,111,4,4000,3000,0.99,0,0,0.6447286248766066,True
"natural[49,3]",0.463832,0.00227148,0.241073,0.189269,0.148977,0.431352,0.881326,15679.5,10695.2,0.917127,1.00013,N111_HPreference_zero_full_depth14,111,4,4000,3000,0.99,0,0,0.6447286248766066,True
"natural[49,4]",-0.289912,0.00173045,0.210903,0.191474,-0.670093,-0.262569,0.000717067,16729.0,12271.2,0.978515,1.00015,N111_HPreference_zero_full_depth14,111,4,4000,3000,0.99,0,0,0.6447286248766066,True
"natural[49,5]",1.13186,0.00322706,0.456416,0.450525,0.402258,1.12478,1.91228,19869.4,13563.3,1.1622,1.00047,N111_HPreference_zero_full_depth14,111,4,4000,3000,0.99,0,0,0.6447286248766066,True
"natural[50,1]",0.275788,0.00151714,0.170814,0.160281,0.0545524,0.243141,0.611744,10932.8,8710.36,0.639481,1.00004,N111_HPreference_zero_full_depth14,111,4,4000,3000,0.99,0,0,0.6447286248766066,True
"natural[50,2]",0.255004,0.00136634,0.148636,0.140834,0.0653212,0.228878,0.534782,10200.8,10515.6,0.596664,1.00009,N111_HPreference_zero_full_depth14,111,4,4000,3000,0.99,0,0,0.6447286248766066,True
"natural[50,3]",1.33253,0.00622753,0.621653,0.536366,0.554914,1.20569,2.53826,12569.2,10126.7,0.735198,1.00008,N111_HPreference_zero_full_depth14,111,4,4000,3000,0.99,0,0,0.6447286248766066,True
"natural[50,4]",0.41437,0.00406104,0.40993,0.347054,-0.1218,0.343285,1.19876,11544.2,10129.7,0.675243,0.99998,N111_HPreference_zero_full_depth14,111,4,4000,3000,0.99,0,0,0.6447286248766066,True
"natural[50,5]",2.50718,0.00416085,0.59104,0.582074,1.59759,2.47896,3.53169,20611.1,13272.1,1.20559,1.00023,N111_HPreference_zero_full_depth14,111,4,4000,3000,0.99,0,0,0.6447286248766066,True
"natural[51,1]",0.00579068,6.41127e-05,0.00638487,0.00379461,0.000377472,0.00373318,0.0180555,7993.6,11673.5,0.467562,1.00002,N111_HPreference_zero_full_depth14,111,4,4000,3000,0.99,0,0,0.6447286248766066,True
"natural[51,2]",12.7869,0.0473428,5.99294,4.4437,5.95121,11.6661,23.3968,18016.9,14006.8,1.05385,1.00016,N111_HPreference_zero_full_depth14,111,4,4000,3000,0.99,0,0,0.6447286248766066,True
"natural[51,3]",0.765423,0.00293734,0.32557,0.309542,0.363693,0.701844,1.38781,14376.4,12455.2,0.840905,1.0001,N111_HPreference_zero_full_depth14,111,4,4000,3000,0.99,0,0,0.6447286248766066,True
"natural[51,4]",0.217436,0.000128788,0.0158139,0.0143892,0.188394,0.219876,0.238378,15065.8,14861.5,0.881227,1.00016,N111_HPreference_zero_full_depth14,111,4,4000,3000,0.99,0,0,0.6447286248766066,True
"natural[51,5]",3.7782,0.00654478,0.984017,0.978873,2.24789,3.73305,5.47165,23264.4,13162.0,1.36078,1.00031,N111_HPreference_zero_full_depth14,111,4,4000,3000,0.99,0,0,0.6447286248766066,True
"natural[52,1]",0.281348,0.00282792,0.238529,0.196899,0.0275637,0.203986,0.795569,7248.35,10390.7,0.423971,1.00015,N111_HPreference_zero_full_depth14,111,4,4000,3000,0.99,0,0,0.6447286248766066,True
"natural[52,2]",0.0948222,0.000614877,0.0756622,0.0582432,0.0161258,0.0736626,0.24358,13717.5,12857.7,0.802364,0.999907,N111_HPreference_zero_full_depth14,111,4,4000,3000,0.99,0,0,0.6447286248766066,True
"natural[52,3]",1.39452,0.00810686,0.912546,0.907254,0.137785,1.27243,3.06558,14353.6,11767.6,0.839573,1.00028,N111_HPreference_zero_full_depth14,111,4,4000,3000,0.99,0,0,0.6447286248766066,True
"natural[52,4]",0.409492,0.00497451,0.593303,0.573021,-0.44391,0.338107,1.48957,15652.0,12010.3,0.915518,1.00009,N111_HPreference_zero_full_depth14,111,4,4000,3000,0.99,0,0,0.6447286248766066,True
"natural[52,5]",1.82485,0.00347423,0.476953,0.471803,1.08356,1.80412,2.64403,19063.6,14095.8,1.11507,1.0005,N111_HPreference_zero_full_depth14,111,4,4000,3000,0.99,0,0,0.6447286248766066,True
"natural[53,1]",0.0146903,0.000115314,0.0116417,0.00910362,0.00228367,0.0116978,0.0368461,9546.85,10850.3,0.558415,1.00002,N111_HPreference_zero_full_depth14,111,4,4000,3000,0.99,0,0,0.6447286248766066,True
"natural[53,2]",1.50636,0.00318124,0.407663,0.393722,0.913931,1.46384,2.23419,16088.9,13954.0,0.941075,0.999939,N111_HPreference_zero_full_depth14,111,4,4000,3000,0.99,0,0,0.6447286248766066,True
"natural[53,3]",0.880144,0.00213446,0.255873,0.239114,0.53266,0.841715,1.35698,15673.2,12588.1,0.916755,0.999966,N111_HPreference_zero_full_depth14,111,4,4000,3000,0.99,0,0,0.6447286248766066,True
"natural[53,4]",-0.273902,0.00128691,0.163886,0.159291,-0.570589,-0.256049,-0.0390295,16748.1,14457.9,0.979633,1.00008,N111_HPreference_zero_full_depth14,111,4,4000,3000,0.99,0,0,0.6447286248766066,True
"natural[53,5]",0.809905,0.00397769,0.578916,0.573689,-0.129802,0.803449,1.78149,21408.8,12195.0,1.25224,1.00034,N111_HPreference_zero_full_depth14,111,4,4000,3000,0.99,0,0,0.6447286248766066,True
"natural[54,1]",0.0180702,0.000120816,0.014878,0.0115839,0.00241122,0.0140823,0.0469006,13789.0,11121.0,0.806544,1.00016,N111_HPreference_zero_full_depth14,111,4,4000,3000,0.99,0,0,0.6447286248766066,True
"natural[54,2]",4.74436,0.0132226,1.83364,1.7206,2.26902,4.47767,8.12781,18185.1,13454.7,1.06369,0.999939,N111_HPreference_zero_full_depth14,111,4,4000,3000,0.99,0,0,0.6447286248766066,True
"natural[54,3]",0.23089,0.00020023,0.0261194,0.0223295,0.187855,0.231592,0.272144,17004.2,14905.4,0.994608,1.00003,N111_HPreference_zero_full_depth14,111,4,4000,3000,0.99,0,0,0.6447286248766066,True
"natural[54,4]",-0.0408016,0.000979058,0.11835,0.105215,-0.26211,-0.0192615,0.111177,17251.8,12489.9,1.00909,0.999833,N111_HPreference_zero_full_depth14,111,4,4000,3000,0.99,0,0,0.6447286248766066,True
"natural[54,5]",2.075,0.00459239,0.674764,0.665407,1.00174,2.05267,3.21451,21985.6,12809.3,1.28598,1.00007,N111_HPreference_zero_full_depth14,111,4,4000,3000,0.99,0,0,0.6447286248766066,True
"natural[55,1]",0.0146343,0.000110428,0.0114765,0.00959662,0.00200655,0.0117673,0.0371747,9904.85,11001.3,0.579355,1.00008,N111_HPreference_zero_full_depth14,111,4,4000,3000,0.99,0,0,0.6447286248766066,True
"natural[55,2]",2.27692,0.00461937,0.602488,0.59725,1.34932,2.24453,3.31449,16282.3,11708.9,0.952386,0.999937,N111_HPreference_zero_full_depth14,111,4,4000,3000,0.99,0,0,0.6447286248766066,True
"natural[55,3]",0.0368353,0.000616642,0.0726612,0.0625221,-0.0937044,0.0460802,0.134319,15606.4,11954.0,0.91285,1.00014,N111_HPreference_zero_full_depth14,111,4,4000,3000,0.99,0,0,0.6447286248766066,True
"natural[55,4]",-0.0735021,0.000906833,0.0999012,0.08546,-0.25347,-0.0582111,0.0544991,15790.6,10499.2,0.923625,1.00018,N111_HPreference_zero_full_depth14,111,4,4000,3000,0.99,0,0,0.6447286248766066,True
"natural[55,5]",3.78664,0.00452131,0.681485,0.686975,2.71226,3.75789,4.9537,23169.4,12785.2,1.35522,1.00019,N111_HPreference_zero_full_depth14,111,4,4000,3000,0.99,0,0,0.6447286248766066,True
"natural[56,1]",0.04413,0.000372868,0.0339258,0.0296259,0.00569533,0.0364901,0.106813,6881.29,8997.38,0.4025,1.00067,N111_HPreference_zero_full_depth14,111,4,4000,3000,0.99,0,0,0.6447286248766066,True
"natural[56,2]",1.2201,0.00324011,0.402475,0.407905,0.621274,1.19109,1.92897,14452.9,11128.4,0.845378,1.00025,N111_HPreference_zero_full_depth14,111,4,4000,3000,0.99,0,0,0.6447286248766066,True
"natural[56,3]",0.175013,0.0007962,0.101987,0.0872917,-0.00179861,0.18307,0.325327,17203.9,13094.6,1.00629,1.00005,N111_HPreference_zero_full_depth14,111,4,4000,3000,0.99,0,0,0.6447286248766066,True
"natural[56,4]",-0.230792,0.00150198,0.167545,0.145313,-0.543517,-0.200997,-0.0165227,15521.1,11075.2,0.907861,1.0002,N111_HPreference_zero_full_depth14,111,4,4000,3000,0.99,0,0,0.6447286248766066,True
"natural[56,5]",3.47279,0.0045491,0.66011,0.654832,2.44778,3.43912,4.61565,21312.8,11721.5,1.24663,1.00063,N111_HPreference_zero_full_depth14,111,4,4000,3000,0.99,0,0,0.6447286248766066,True
"natural[57,1]",0.348456,0.00332034,0.243819,0.257176,0.0427097,0.293252,0.818865,4912.62,7576.72,0.287349,1.00095,N111_HPreference_zero_full_depth14,111,4,4000,3000,0.99,0,0,0.6447286248766066,True
"natural[57,2]",0.0918738,0.000430387,0.0580392,0.047694,0.0241974,0.0793164,0.201328,17063.4,12026.3,0.998075,1.00049,N111_HPreference_zero_full_depth14,111,4,4000,3000,0.99,0,0,0.6447286248766066,True
"natural[57,3]",1.98401,0.00653711,0.820565,0.817092,0.759058,1.9235,3.4372,16778.1,12646.4,0.981387,0.99989,N111_HPreference_zero_full_depth14,111,4,4000,3000,0.99,0,0,0.6447286248766066,True
"natural[57,4]",0.98344,0.00375469,0.511654,0.499829,0.202575,0.949418,1.87362,19273.6,13158.1,1.12735,0.999974,N111_HPreference_zero_full_depth14,111,4,4000,3000,0.99,0,0,0.6447286248766066,True
"natural[57,5]",2.14504,0.00412984,0.568204,0.553884,1.27241,2.10989,3.12303,19642.3,13477.2,1.14892,1.00024,N111_HPreference_zero_full_depth14,111,4,4000,3000,0.99,0,0,0.6447286248766066,True
"natural[58,1]",0.179578,0.00203066,0.133919,0.130934,0.0191675,0.152207,0.440907,3580.94,5708.41,0.209456,1.0007,N111_HPreference_zero_full_depth14,111,4,4000,3000,0.99,0,0,0.6447286248766066,True
"natural[58,2]",0.32519,0.000897344,0.112798,0.107156,0.167835,0.312686,0.526839,15286.8,12127.5,0.894154,1.00017,N111_HPreference_zero_full_depth14,111,4,4000,3000,0.99,0,0,0.6447286248766066,True
"natural[58,3]",2.38609,0.00503164,0.633758,0.613998,1.45131,2.32673,3.51885,16779.1,12727.3,0.981441,0.999966,N111_HPreference_zero_full_depth14,111,4,4000,3000,0.99,0,0,0.6447286248766066,True
"natural[58,4]",1.20494,0.00275049,0.36583,0.349457,0.679059,1.1662,1.86257,18619.2,13795.2,1.08907,0.999907,N111_HPreference_zero_full_depth14,111,4,4000,3000,0.99,0,0,0.6447286248766066,True
"natural[58,5]",1.08278,0.00331204,0.46621,0.466394,0.33538,1.07012,1.87205,20001.0,14965.9,1.1699,0.99999,N111_HPreference_zero_full_depth14,111,4,4000,3000,0.99,0,0,0.6447286248766066,True
"natural[59,1]",0.0373361,0.000278249,0.0303684,0.024384,0.00471659,0.0299406,0.0951736,10230.3,10164.1,0.598389,1.00015,N111_HPreference_zero_full_depth14,111,4,4000,3000,0.99,0,0,0.6447286248766066,True
"natural[59,2]",1.59032,0.00419819,0.515616,0.51562,0.801262,1.55336,2.48815,14210.1,9556.05,0.83118,1.00033,N111_HPreference_zero_full_depth14,111,4,4000,3000,0.99,0,0,0.6447286248766066,True
"natural[59,3]",0.261804,0.000609836,0.0779391,0.0666114,0.144123,0.259307,0.388647,16333.5,12553.0,0.955381,0.999898,N111_HPreference_zero_full_depth14,111,4,4000,3000,0.99,0,0,0.6447286248766066,True
"natural[59,4]",0.00941465,0.000904552,0.103013,0.086435,-0.178083,0.0254681,0.142362,16876.0,10284.2,0.98711,1.00001,N111_HPreference_zero_full_depth14,111,4,4000,3000,0.99,0,0,0.6447286248766066,True
"natural[59,5]",3.72684,0.0049271,0.714883,0.709922,2.61229,3.69151,4.97002,21378.4,12080.1,1.25047,0.999968,N111_HPreference_zero_full_depth14,111,4,4000,3000,0.99,0,0,0.6447286248766066,True
"natural[60,1]",0.274385,0.00313277,0.242219,0.196519,0.0240065,0.188765,0.784639,5497.21,10702.5,0.321543,1.00033,N111_HPreference_zero_full_depth14,111,4,4000,3000,0.99,0,0,0.6447286248766066,True
"natural[60,2]",0.22879,0.0026608,0.245706,0.136742,0.0225375,0.140615,0.745913,7668.31,12049.4,0.448535,1.00097,N111_HPreference_zero_full_depth14,111,4,4000,3000,0.99,0,0,0.6447286248766066,True
"natural[60,3]",0.884267,0.00941764,0.891018,0.788223,-0.181963,0.665252,2.59996,10516.4,10699.8,0.615125,1.00028,N111_HPreference_zero_full_depth14,111,4,4000,3000,0.99,0,0,0.6447286248766066,True
"natural[60,4]",0.274395,0.00428925,0.497493,0.403273,-0.428077,0.204436,1.21202,15036.8,11537.0,0.879531,1.00003,N111_HPreference_zero_full_depth14,111,4,4000,3000,0.99,0,0,0.6447286248766066,True
"natural[60,5]",1.22135,0.00454115,0.599049,0.584779,0.288183,1.19028,2.25928,17329.6,14333.8,1.01364,1.00015,N111_HPreference_zero_full_depth14,111,4,4000,3000,0.99,0,0,0.6447286248766066,True
"natural[61,1]",0.179697,0.00140411,0.12504,0.1079,0.0289311,0.154317,0.41456,6867.9,8184.54,0.401717,1.00042,N111_HPreference_zero_full_depth14,111,4,4000,3000,0.99,0,0,0.6447286248766066,True
"natural[61,2]",0.299601,0.00125922,0.159177,0.137761,0.104367,0.267821,0.608486,14397.6,11951.6,0.842146,1.00023,N111_HPreference_zero_full_depth14,111,4,4000,3000,0.99,0,0,0.6447286248766066,True
"natural[61,3]",1.76766,0.00538968,0.644038,0.617663,0.877059,1.6899,2.94246,16071.1,11351.0,0.940031,1.00008,N111_HPreference_zero_full_depth14,111,4,4000,3000,0.99,0,0,0.6447286248766066,True
"natural[61,4]",0.783451,0.00309752,0.365333,0.330786,0.299,0.726314,1.45638,16130.2,10996.3,0.943488,1.00049,N111_HPreference_zero_full_depth14,111,4,4000,3000,0.99,0,0,0.6447286248766066,True
"natural[61,5]",1.79491,0.00359263,0.532788,0.515442,0.963296,1.76732,2.71594,22443.7,14070.8,1.31278,1.00006,N111_HPreference_zero_full_depth14,111,4,4000,3000,0.99,0,0,0.6447286248766066,True
"natural[62,1]",0.0232936,0.000209599,0.0203747,0.0149093,0.00291929,0.017866,0.0621605,8905.95,11261.3,0.520927,1.00016,N111_HPreference_zero_full_depth14,111,4,4000,3000,0.99,0,0,0.6447286248766066,True
"natural[62,2]",3.65959,0.0123079,1.5512,1.434,1.61036,3.41537,6.58492,14130.1,11280.9,0.8265,1.00022,N111_HPreference_zero_full_depth14,111,4,4000,3000,0.99,0,0,0.6447286248766066,True
"natural[62,3]",0.362577,0.000829193,0.0861279,0.0591602,0.274847,0.341687,0.520831,14223.9,12021.3,0.831982,1.00058,N111_HPreference_zero_full_depth14,111,4,4000,3000,0.99,0,0,0.6447286248766066,True
"natural[62,4]",0.190088,0.000338314,0.0379786,0.0315484,0.12158,0.195889,0.239392,13827.9,11975.7,0.808824,0.999953,N111_HPreference_zero_full_depth14,111,4,4000,3000,0.99,0,0,0.6447286248766066,True
"natural[62,5]",1.33251,0.00415648,0.592885,0.595327,0.391536,1.31376,2.34179,20530.6,12927.9,1.20088,1.00002,N111_HPreference_zero_full_depth14,111,4,4000,3000,0.99,0,0,0.6447286248766066,True
"natural[63,1]",0.224625,0.00293744,0.172903,0.161531,0.0177425,0.188011,0.573805,2699.53,4732.41,0.157901,1.00073,N111_HPreference_zero_full_depth14,111,4,4000,3000,0.99,0,0,0.6447286248766066,True
"natural[63,2]",0.306492,0.000950652,0.119687,0.111206,0.142611,0.288851,0.5311,14819.1,10734.2,0.866801,0.999945,N111_HPreference_zero_full_depth14,111,4,4000,3000,0.99,0,0,0.6447286248766066,True
"natural[63,3]",2.40873,0.00551235,0.658467,0.635931,1.44334,2.34798,3.59252,15533.9,11840.3,0.908608,1.00009,N111_HPreference_zero_full_depth14,111,4,4000,3000,0.99,0,0,0.6447286248766066,True
"natural[63,4]",1.19808,0.00318007,0.404517,0.389173,0.6127,1.15308,1.93121,17745.6,12183.7,1.03798,1.00048,N111_HPreference_zero_full_depth14,111,4,4000,3000,0.99,0,0,0.6447286248766066,True
"natural[63,5]",2.87168,0.00541049,0.757602,0.740938,1.7148,2.82026,4.19143,21009.1,12390.7,1.22886,1.00024,N111_HPreference_zero_full_depth14,111,4,4000,3000,0.99,0,0,0.6447286248766066,True
"natural[64,1]",0.0576445,0.000294863,0.0369764,0.0326107,0.0114275,0.0511891,0.125182,12892.7,9403.21,0.75412,1.00015,N111_HPreference_zero_full_depth14,111,4,4000,3000,0.99,0,0,0.6447286248766066,True
"natural[64,2]",1.99943,0.00543695,0.68585,0.673399,0.970681,1.94319,3.19921,14736.4,11594.4,0.861962,1.00014,N111_HPreference_zero_full_depth14,111,4,4000,3000,0.99,0,0,0.6447286248766066,True
"natural[64,3]",0.190497,0.000435588,0.0568252,0.0485021,0.100232,0.190828,0.279557,16996.2,14415.8,0.994142,1.00021,N111_HPreference_zero_full_depth14,111,4,4000,3000,0.99,0,0,0.6447286248766066,True
"natural[64,4]",-0.0492891,0.00135343,0.139891,0.122446,-0.311462,-0.0258703,0.130044,13998.8,9563.42,0.81882,1.0001,N111_HPreference_zero_full_depth14,111,4,4000,3000,0.99,0,0,0.6447286248766066,True
"natural[64,5]",1.31165,0.0037137,0.523931,0.517361,0.468795,1.30574,2.19094,20012.2,12455.4,1.17056,1.00005,N111_HPreference_zero_full_depth14,111,4,4000,3000,0.99,0,0,0.6447286248766066,True
"natural[65,1]",0.12673,0.00190006,0.118792,0.087959,0.0107259,0.0904758,0.366453,2917.28,5867.38,0.170637,1.00057,N111_HPreference_zero_full_depth14,111,4,4000,3000,0.99,0,0,0.6447286248766066,True
"natural[65,2]",0.328977,0.000993457,0.130782,0.121968,0.15348,0.308478,0.571485,16344.1,11826.7,0.955997,1.00019,N111_HPreference_zero_full_depth14,111,4,4000,3000,0.99,0,0,0.6447286248766066,True
"natural[65,3]",2.46691,0.00547659,0.675999,0.648908,1.49047,2.4048,3.68338,16460.1,12002.6,0.962784,1.00024,N111_HPreference_zero_full_depth14,111,4,4000,3000,0.99,0,0,0.6447286248766066,True
"natural[65,4]",1.21835,0.00322006,0.415265,0.405087,0.622741,1.17488,1.96439,18864.5,12224.2,1.10342,1.00076,N111_HPreference_zero_full_depth14,111,4,4000,3000,0.99,0,0,0.6447286248766066,True
"natural[65,5]",2.99439,0.00519399,0.766309,0.758257,1.83979,2.94144,4.30873,23281.1,13446.5,1.36176,1.00006,N111_HPreference_zero_full_depth14,111,4,4000,3000,0.99,0,0,0.6447286248766066,True
"natural[66,1]",0.117733,0.000645101,0.0777373,0.0673624,0.022588,0.103151,0.264431,11936.0,9681.99,0.698163,1.0004,N111_HPreference_zero_full_depth14,111,4,4000,3000,0.99,0,0,0.6447286248766066,True
"natural[66,2]",0.655883,0.00257683,0.297481,0.288072,0.241248,0.613374,1.20926,11886.8,10577.3,0.695283,1.00008,N111_HPreference_zero_full_depth14,111,4,4000,3000,0.99,0,0,0.6447286248766066,True
"natural[66,3]",1.06352,0.0038478,0.398321,0.351189,0.554832,0.992257,1.81176,13037.2,9714.42,0.76257,1.0001,N111_HPreference_zero_full_depth14,111,4,4000,3000,0.99,0,0,0.6447286248766066,True
"natural[66,4]",0.242595,0.00154092,0.180441,0.140646,-0.0111682,0.227128,0.545897,15713.4,10835.1,0.919109,1.00022,N111_HPreference_zero_full_depth14,111,4,4000,3000,0.99,0,0,0.6447286248766066,True
"natural[66,5]",1.98083,0.00356452,0.540817,0.53596,1.13924,1.96167,2.91113,22886.9,14130.3,1.3387,0.999886,N111_HPreference_zero_full_depth14,111,4,4000,3000,0.99,0,0,0.6447286248766066,True
"natural[67,1]",0.0197669,0.000228451,0.0209833,0.0122044,0.00204733,0.0135677,0.0573364,8139.51,10720.2,0.476096,1.00021,N111_HPreference_zero_full_depth14,111,4,4000,3000,0.99,0,0,0.6447286248766066,True
"natural[67,2]",1.96264,0.00478069,0.574229,0.563133,1.0904,1.92104,2.96181,13565.4,13168.9,0.793468,1.00033,N111_HPreference_zero_full_depth14,111,4,4000,3000,0.99,0,0,0.6447286248766066,True
"natural[67,3]",0.537373,0.00129788,0.142546,0.123603,0.359065,0.511464,0.80516,15428.4,11305.6,0.902437,1.00006,N111_HPreference_zero_full_depth14,111,4,4000,3000,0.99,0,0,0.6447286248766066,True
"natural[67,4]",0.035511,0.000612304,0.0743313,0.0663788,-0.0979828,0.0446656,0.136626,16464.4,12423.0,0.963033,1.00052,N111_HPreference_zero_full_depth14,111,4,4000,3000,0.99,0,0,0.6447286248766066,True
"natural[67,5]",3.89302,0.00535858,0.78032,0.775116,2.67238,3.856,5.23397,21626.2,12891.2,1.26496,1.00012,N111_HPreference_zero_full_depth14,111,4,4000,3000,0.99,0,0,0.6447286248766066,True
"natural[68,1]",0.098879,0.00126947,0.112478,0.0549464,0.0113626,0.064513,0.304667,8827.23,9404.36,0.516323,1.00023,N111_HPreference_zero_full_depth14,111,4,4000,3000,0.99,0,0,0.6447286248766066,True
"natural[68,2]",0.446973,0.0021768,0.231542,0.22088,0.121303,0.417177,0.872675,9815.0,8915.27,0.574099,1.00038,N111_HPreference_zero_full_depth14,111,4,4000,3000,0.99,0,0,0.6447286248766066,True
"natural[68,3]",0.851581,0.00430572,0.422925,0.318264,0.363601,0.760937,1.64528,13259.7,8782.69,0.775588,1.00035,N111_HPreference_zero_full_depth14,111,4,4000,3000,0.99,0,0,0.6447286248766066,True
"natural[68,4]",-0.155561,0.00260976,0.285252,0.222488,-0.575979,-0.167334,0.293244,14164.6,8876.24,0.828516,1.00053,N111_HPreference_zero_full_depth14,111,4,4000,3000,0.99,0,0,0.6447286248766066,True
"natural[68,5]",0.563825,0.00365927,0.502528,0.502939,-0.250296,0.556428,1.41357,18800.2,13300.2,1.09966,0.999975,N111_HPreference_zero_full_depth14,111,4,4000,3000,0.99,0,0,0.6447286248766066,True
"natural[69,1]",0.182073,0.00202318,0.166105,0.10119,0.027341,0.128309,0.55053,7662.19,9848.13,0.448177,1.00035,N111_HPreference_zero_full_depth14,111,4,4000,3000,0.99,0,0,0.6447286248766066,True
"natural[69,2]",0.224233,0.00166649,0.176085,0.132351,0.0421981,0.173726,0.577855,9025.64,11985.4,0.527928,1.00072,N111_HPreference_zero_full_depth14,111,4,4000,3000,0.99,0,0,0.6447286248766066,True
"natural[69,3]",1.29698,0.00833506,0.755322,0.711713,0.360976,1.14545,2.75671,9475.09,10037.1,0.554217,1.00079,N111_HPreference_zero_full_depth14,111,4,4000,3000,0.99,0,0,0.6447286248766066,True
"natural[69,4]",0.458675,0.00389621,0.430194,0.342473,-0.0874141,0.368496,1.28828,14802.3,11220.2,0.865817,1.00051,N111_HPreference_zero_full_depth14,111,4,4000,3000,0.99,0,0,0.6447286248766066,True
"natural[69,5]",1.63873,0.00334074,0.464029,0.462315,0.913037,1.61776,2.43451,19319.2,13993.2,1.13002,0.999925,N111_HPreference_zero_full_depth14,111,4,4000,3000,0.99,0,0,0.6447286248766066,True
"natural[70,1]",0.166558,0.00266261,0.150844,0.117968,0.0132383,0.118929,0.47627,2709.66,5933.96,0.158493,1.00114,N111_HPreference_zero_full_depth14,111,4,4000,3000,0.99,0,0,0.6447286248766066,True
"natural[70,2]",0.281966,0.000824947,0.105423,0.0979081,0.138706,0.266876,0.473022,15157.2,10905.9,0.886574,0.999995,N111_HPreference_zero_full_depth14,111,4,4000,3000,0.99,0,0,0.6447286248766066,True
"natural[70,3]",2.5922,0.00626861,0.708733,0.696775,1.53669,2.5358,3.85239,13560.4,10743.7,0.793176,1.00016,N111_HPreference_zero_full_depth14,111,4,4000,3000,0.99,0,0,0.6447286248766066,True
"natural[70,4]",1.54107,0.00323591,0.440377,0.431422,0.895044,1.50084,2.32269,20529.6,11822.5,1.20082,1.00001,N111_HPreference_zero_full_depth14,111,4,4000,3000,0.99,0,0,0.6447286248766066,True
"natural[70,5]",3.72894,0.00636286,0.937546,0.915713,2.31862,3.65395,5.38844,23341.6,12405.9,1.3653,1.00032,N111_HPreference_zero_full_depth14,111,4,4000,3000,0.99,0,0,0.6447286248766066,True
"natural[71,1]",0.223992,0.00218095,0.192559,0.140976,0.0270449,0.16216,0.646398,8548.62,10470.9,0.500026,1.00032,N111_HPreference_zero_full_depth14,111,4,4000,3000,0.99,0,0,0.6447286248766066,True
"natural[71,2]",0.341836,0.00300518,0.29343,0.23467,0.0378767,0.259774,0.928227,7892.97,10278.1,0.461676,1.00068,N111_HPreference_zero_full_depth14,111,4,4000,3000,0.99,0,0,0.6447286248766066,True
"natural[71,3]",0.609851,0.00818331,0.710453,0.457931,-0.163522,0.396929,2.08163,9525.47,9057.28,0.557164,1.00053,N111_HPreference_zero_full_depth14,111,4,4000,3000,0.99,0,0,0.6447286248766066,True
"natural[71,4]",0.0280536,0.0042394,0.418639,0.298979,-0.549958,-0.0200398,0.839188,11441.0,9706.23,0.669206,1.00051,N111_HPreference_zero_full_depth14,111,4,4000,3000,0.99,0,0,0.6447286248766066,True
"natural[71,5]",1.16179,0.00424664,0.5894,0.590273,0.226798,1.1397,2.16436,19185.0,14262.9,1.12217,1.00015,N111_HPreference_zero_full_depth14,111,4,4000,3000,0.99,0,0,0.6447286248766066,True
"natural[72,1]",0.414003,0.00273089,0.252705,0.297033,0.061589,0.382297,0.864381,8256.11,9697.07,0.482917,0.999977,N111_HPreference_zero_full_depth14,111,4,4000,3000,0.99,0,0,0.6447286248766066,True
"natural[72,2]",0.10022,0.000594765,0.0753038,0.0588018,0.0197854,0.0815617,0.244267,15411.0,12961.7,0.901419,0.999941,N111_HPreference_zero_full_depth14,111,4,4000,3000,0.99,0,0,0.6447286248766066,True
"natural[72,3]",1.1592,0.00680862,0.831138,0.791796,0.0267588,1.04099,2.68865,17169.2,11165.6,1.00426,1.00001,N111_HPreference_zero_full_depth14,111,4,4000,3000,0.99,0,0,0.6447286248766066,True
"natural[72,4]",0.209935,0.00383858,0.512878,0.466435,-0.551331,0.155353,1.14278,19164.4,12585.6,1.12096,1.00023,N111_HPreference_zero_full_depth14,111,4,4000,3000,0.99,0,0,0.6447286248766066,True
"natural[72,5]",-0.17491,0.00278413,0.37139,0.367193,-0.776622,-0.181589,0.439723,17811.3,14893.1,1.04182,0.99989,N111_HPreference_zero_full_depth14,111,4,4000,3000,0.99,0,0,0.6447286248766066,True
"natural[73,1]",0.0725922,0.000516363,0.0524056,0.0444264,0.0119933,0.0610088,0.172647,8893.5,8819.59,0.520199,1.00025,N111_HPreference_zero_full_depth14,111,4,4000,3000,0.99,0,0,0.6447286248766066,True
"natural[73,2]",1.20527,0.00329399,0.422262,0.415409,0.570787,1.16998,1.95528,15097.2,10049.6,0.883065,1.00012,N111_HPreference_zero_full_depth14,111,4,4000,3000,0.99,0,0,0.6447286248766066,True
"natural[73,3]",-0.0259184,0.00109752,0.130017,0.109102,-0.264146,-0.00445306,0.137918,17857.6,11068.3,1.04453,1.00033,N111_HPreference_zero_full_depth14,111,4,4000,3000,0.99,0,0,0.6447286248766066,True
"natural[73,4]",-0.00503882,0.00108321,0.117169,0.0966514,-0.214847,0.0140661,0.142957,14791.7,10117.3,0.865197,1.0007,N111_HPreference_zero_full_depth14,111,4,4000,3000,0.99,0,0,0.6447286248766066,True
"natural[73,5]",2.28911,0.0037138,0.524853,0.523793,1.44508,2.27952,3.1771,20136.4,13444.9,1.17782,1.00031,N111_HPreference_zero_full_depth14,111,4,4000,3000,0.99,0,0,0.6447286248766066,True
"natural[74,1]",0.197259,0.00237755,0.165575,0.129712,0.0220424,0.151551,0.54754,3982.64,6724.05,0.232953,1.00065,N111_HPreference_zero_full_depth14,111,4,4000,3000,0.99,0,0,0.6447286248766066,True
"natural[74,2]",0.19133,0.000702116,0.0923367,0.0818074,0.0731882,0.174728,0.366,15546.0,11391.7,0.909316,1.00034,N111_HPreference_zero_full_depth14,111,4,4000,3000,0.99,0,0,0.6447286248766066,True
"natural[74,3]",2.18858,0.00555988,0.706028,0.693725,1.14834,2.11761,3.44775,17319.2,12150.5,1.01303,1.00082,N111_HPreference_zero_full_depth14,111,4,4000,3000,0.99,0,0,0.6447286248766066,True
"natural[74,4]",1.10723,0.00333577,0.436527,0.4238,0.472763,1.06359,1.88173,18260.6,12648.6,1.0681,1.00017,N111_HPreference_zero_full_depth14,111,4,4000,3000,0.99,0,0,0.6447286248766066,True
"natural[74,5]",2.52921,0.00436352,0.639941,0.624416,1.5529,2.49258,3.66038,22459.3,13056.6,1.31369,0.999973,N111_HPreference_zero_full_depth14,111,4,4000,3000,0.99,0,0,0.6447286248766066,True
"natural[75,1]",0.0275277,0.000331547,0.0287002,0.0178267,0.00227132,0.0183436,0.0829678,6267.25,11527.9,0.366584,1.00031,N111_HPreference_zero_full_depth14,111,4,4000,3000,0.99,0,0,0.6447286248766066,True
"natural[75,2]",1.32797,0.00317162,0.410373,0.405212,0.718373,1.29399,2.05523,15747.2,11046.2,0.921087,1.00029,N111_HPreference_zero_full_depth14,111,4,4000,3000,0.99,0,0,0.6447286248766066,True
"natural[75,3]",0.457122,0.000996669,0.124467,0.107456,0.29175,0.439015,0.683254,16793.3,12768.1,0.982275,1.00034,N111_HPreference_zero_full_depth14,111,4,4000,3000,0.99,0,0,0.6447286248766066,True
"natural[75,4]",-0.194795,0.00115672,0.140235,0.127055,-0.449047,-0.174883,-0.00593065,18149.7,11684.3,1.06161,1.00038,N111_HPreference_zero_full_depth14,111,4,4000,3000,0.99,0,0,0.6447286248766066,True
"natural[75,5]",4.05948,0.00556306,0.798792,0.798257,2.82138,4.0278,5.43877,21035.1,12543.3,1.23039,1.00007,N111_HPreference_zero_full_depth14,111,4,4000,3000,0.99,0,0,0.6447286248766066,True
"natural[76,1]",0.0194745,0.000240312,0.0192125,0.0134622,0.00127092,0.0128349,0.0595069,5697.04,10484.8,0.333231,1.00016,N111_HPreference_zero_full_depth14,111,4,4000,3000,0.99,0,0,0.6447286248766066,True
"natural[76,2]",3.16589,0.00588604,0.789844,0.768127,1.99025,3.0931,4.59868,17812.4,14799.3,1.04188,1.0002,N111_HPreference_zero_full_depth14,111,4,4000,3000,0.99,0,0,0.6447286248766066,True
"natural[76,3]",0.847735,0.00243295,0.288029,0.265979,0.470957,0.798026,1.39139,17620.9,11295.5,1.03068,1.0007,N111_HPreference_zero_full_depth14,111,4,4000,3000,0.99,0,0,0.6447286248766066,True
"natural[76,4]",0.0417679,0.000480867,0.0605504,0.056888,-0.0673198,0.0487104,0.127384,16565.7,13708.0,0.96896,0.999826,N111_HPreference_zero_full_depth14,111,4,4000,3000,0.99,0,0,0.6447286248766066,True
"natural[76,5]",3.68689,0.00501875,0.796534,0.781068,2.43484,3.65448,5.05927,25768.8,12607.3,1.50727,1.00024,N111_HPreference_zero_full_depth14,111,4,4000,3000,0.99,0,0,0.6447286248766066,True
"natural[77,1]",0.125492,0.000675001,0.0712215,0.065046,0.0292919,0.115399,0.254605,9405.37,7783.37,0.550139,1.00016,N111_HPreference_zero_full_depth14,111,4,4000,3000,0.99,0,0,0.6447286248766066,True
"natural[77,2]",1.54519,0.00447681,0.56703,0.544621,0.730743,1.48661,2.57319,14887.3,12563.3,0.870787,1.00014,N111_HPreference_zero_full_depth14,111,4,4000,3000,0.99,0,0,0.6447286248766066,True
"natural[77,3]",0.933057,0.00326193,0.351243,0.290139,0.52014,0.856132,1.6204,14727.0,11422.5,0.861412,1.0001,N111_HPreference_zero_full_depth14,111,4,4000,3000,0.99,0,0,0.6447286248766066,True
"natural[77,4]",0.632867,0.00153521,0.182114,0.15777,0.398016,0.601987,0.97577,16611.5,12081.7,0.971642,0.99988,N111_HPreference_zero_full_depth14,111,4,4000,3000,0.99,0,0,0.6447286248766066,True
"natural[77,5]",1.07921,0.00405384,0.60475,0.604425,0.125679,1.06239,2.09436,22268.2,13536.7,1.30251,1.00007,N111_HPreference_zero_full_depth14,111,4,4000,3000,0.99,0,0,0.6447286248766066,True
"natural[78,1]",0.182145,0.00273154,0.181474,0.118949,0.0136652,0.114129,0.577889,3662.8,7300.06,0.214244,1.00065,N111_HPreference_zero_full_depth14,111,4,4000,3000,0.99,0,0,0.6447286248766066,True
"natural[78,2]",0.219646,0.000722983,0.0932837,0.0858986,0.0951013,0.205037,0.39488,15890.6,12342.6,0.929475,0.999841,N111_HPreference_zero_full_depth14,111,4,4000,3000,0.99,0,0,0.6447286248766066,True
"natural[78,3]",2.37969,0.00480181,0.639385,0.623313,1.4374,2.3162,3.51708,18873.6,12954.6,1.10395,0.999997,N111_HPreference_zero_full_depth14,111,4,4000,3000,0.99,0,0,0.6447286248766066,True
"natural[78,4]",0.847593,0.00305793,0.404876,0.388182,0.27254,0.798067,1.57664,19333.7,12298.5,1.13087,0.99988,N111_HPreference_zero_full_depth14,111,4,4000,3000,0.99,0,0,0.6447286248766066,True
"natural[78,5]",1.13757,0.00325073,0.444749,0.44551,0.432627,1.12618,1.89097,18853.7,14968.4,1.10279,1.00022,N111_HPreference_zero_full_depth14,111,4,4000,3000,0.99,0,0,0.6447286248766066,True
"natural[79,1]",0.25048,0.00312058,0.222725,0.18197,0.0197833,0.173188,0.718821,4401.36,8795.49,0.257445,1.00001,N111_HPreference_zero_full_depth14,111,4,4000,3000,0.99,0,0,0.6447286248766066,True
"natural[79,2]",0.396228,0.0013976,0.167397,0.156215,0.176068,0.367698,0.710584,13535.7,12613.4,0.791728,0.999953,N111_HPreference_zero_full_depth14,111,4,4000,3000,0.99,0,0,0.6447286248766066,True
"natural[79,3]",2.01608,0.00505826,0.578921,0.563002,1.18004,1.95615,3.05468,14280.9,12659.8,0.835316,1.00027,N111_HPreference_zero_full_depth14,111,4,4000,3000,0.99,0,0,0.6447286248766066,True
"natural[79,4]",0.729002,0.00282733,0.333172,0.310505,0.287955,0.674966,1.35325,14848.9,12920.5,0.868542,0.999945,N111_HPreference_zero_full_depth14,111,4,4000,3000,0.99,0,0,0.6447286248766066,True
"natural[79,5]",0.417417,0.00312487,0.430087,0.425572,-0.284898,0.414846,1.13219,19028.9,14441.1,1.11304,1.00011,N111_HPreference_zero_full_depth14,111,4,4000,3000,0.99,0,0,0.6447286248766066,True
"natural[80,1]",0.176673,0.00400011,0.181319,0.129787,0.00705503,0.103222,0.545113,1669.5,5017.54,0.0976525,1.0016,N111_HPreference_zero_full_depth14,111,4,4000,3000,0.99,0,0,0.6447286248766066,True
"natural[80,2]",0.401124,0.00109871,0.136192,0.128465,0.212257,0.383307,0.647241,14822.7,11896.7,0.867011,1.00015,N111_HPreference_zero_full_depth14,111,4,4000,3000,0.99,0,0,0.6447286248766066,True
"natural[80,3]",2.81628,0.00587899,0.699143,0.687541,1.77561,2.75984,4.05831,14813.3,11718.0,0.866461,1.00053,N111_HPreference_zero_full_depth14,111,4,4000,3000,0.99,0,0,0.6447286248766066,True
"natural[80,4]",1.62709,0.00330385,0.429775,0.420175,0.986146,1.59067,2.40324,17923.5,12933.5,1.04838,1.00009,N111_HPreference_zero_full_depth14,111,4,4000,3000,0.99,0,0,0.6447286248766066,True
"natural[80,5]",2.68395,0.00499568,0.712344,0.704419,1.58705,2.63753,3.92744,21198.4,12717.0,1.23994,1.00037,N111_HPreference_zero_full_depth14,111,4,4000,3000,0.99,0,0,0.6447286248766066,True
"natural[81,1]",0.0845259,0.00104641,0.090347,0.0511846,0.0100224,0.0604622,0.234425,9330.53,8751.17,0.545762,1.00044,N111_HPreference_zero_full_depth14,111,4,4000,3000,0.99,0,0,0.6447286248766066,True
"natural[81,2]",0.505436,0.00289905,0.284292,0.271137,0.116335,0.463268,1.02541,7694.63,6382.0,0.450075,1.00062,N111_HPreference_zero_full_depth14,111,4,4000,3000,0.99,0,0,0.6447286248766066,True
"natural[81,3]",0.427521,0.00507024,0.385302,0.209066,0.0369712,0.349966,1.07203,10089.3,6013.94,0.590141,1.00039,N111_HPreference_zero_full_depth14,111,4,4000,3000,0.99,0,0,0.6447286248766066,True
"natural[81,4]",-0.0590447,0.00245777,0.253366,0.188218,-0.455543,-0.048136,0.26933,13910.3,7322.1,0.813643,1.00029,N111_HPreference_zero_full_depth14,111,4,4000,3000,0.99,0,0,0.6447286248766066,True
"natural[81,5]",2.34749,0.00461198,0.555856,0.556939,1.4709,2.32601,3.29524,14243.8,12432.2,0.833148,1.00027,N111_HPreference_zero_full_depth14,111,4,4000,3000,0.99,0,0,0.6447286248766066,True
"natural[82,1]",0.102398,0.00243099,0.127543,0.0581239,0.00664222,0.056067,0.361085,2374.03,6000.72,0.138862,1.00099,N111_HPreference_zero_full_depth14,111,4,4000,3000,0.99,0,0,0.6447286248766066,True
"natural[82,2]",0.313569,0.000943104,0.112879,0.106598,0.157643,0.297657,0.521448,13803.4,11842.9,0.807391,1.00015,N111_HPreference_zero_full_depth14,111,4,4000,3000,0.99,0,0,0.6447286248766066,True
"natural[82,3]",2.83985,0.00613739,0.699726,0.688521,1.79875,2.78231,4.07978,13459.1,12315.1,0.787247,0.999889,N111_HPreference_zero_full_depth14,111,4,4000,3000,0.99,0,0,0.6447286248766066,True
"natural[82,4]",1.54203,0.00337353,0.439307,0.431828,0.893865,1.50611,2.32537,18259.5,12147.8,1.06804,1.00026,N111_HPreference_zero_full_depth14,111,4,4000,3000,0.99,0,0,0.6447286248766066,True
"natural[82,5]",3.14278,0.00562901,0.817611,0.807672,1.9046,3.08188,4.58578,22368.8,12371.8,1.30839,1.00027,N111_HPreference_zero_full_depth14,111,4,4000,3000,0.99,0,0,0.6447286248766066,True
"natural[83,1]",0.041786,0.00070452,0.0645566,0.0214842,0.00362015,0.0236491,0.132611,10781.1,8674.65,0.630607,1.00007,N111_HPreference_zero_full_depth14,111,4,4000,3000,0.99,0,0,0.6447286248766066,True
"natural[83,2]",1.82862,0.00717802,0.851324,0.807403,0.654157,1.71055,3.38407,11741.6,10031.9,0.686789,0.999861,N111_HPreference_zero_full_depth14,111,4,4000,3000,0.99,0,0,0.6447286248766066,True
"natural[83,3]",-0.0337587,0.00159098,0.166152,0.128672,-0.347883,0.0016635,0.159372,13769.3,10324.9,0.805394,1.00016,N111_HPreference_zero_full_depth14,111,4,4000,3000,0.99,0,0,0.6447286248766066,True
"natural[83,4]",-0.195589,0.0022238,0.216367,0.180133,-0.613897,-0.149539,0.0643749,11894.0,9171.55,0.695702,0.999967,N111_HPreference_zero_full_depth14,111,4,4000,3000,0.99,0,0,0.6447286248766066,True
"natural[83,5]",2.26871,0.0057944,0.775337,0.775184,1.02233,2.24553,3.57062,18189.0,11386.3,1.06391,0.999897,N111_HPreference_zero_full_depth14,111,4,4000,3000,0.99,0,0,0.6447286248766066,True
"natural[84,1]",0.251564,0.00219047,0.203637,0.174762,0.0287112,0.193424,0.67461,7562.47,10983.5,0.442344,1.00024,N111_HPreference_zero_full_depth14,111,4,4000,3000,0.99,0,0,0.6447286248766066,True
"natural[84,2]",0.190095,0.000912269,0.122846,0.105233,0.0447922,0.164287,0.422309,16899.9,11560.0,0.988512,0.999983,N111_HPreference_zero_full_depth14,111,4,4000,3000,0.99,0,0,0.6447286248766066,True
"natural[84,3]",1.59917,0.0052822,0.678744,0.654197,0.6419,1.52456,2.83846,18064.8,12211.3,1.05665,1.00004,N111_HPreference_zero_full_depth14,111,4,4000,3000,0.99,0,0,0.6447286248766066,True
"natural[84,4]",0.466915,0.00327627,0.436366,0.40477,-0.182629,0.428753,1.24793,19022.5,12487.3,1.11266,1.00012,N111_HPreference_zero_full_depth14,111,4,4000,3000,0.99,0,0,0.6447286248766066,True
"natural[84,5]",0.435684,0.00366077,0.512771,0.503488,-0.39836,0.427373,1.30174,19691.3,14365.2,1.15178,0.999897,N111_HPreference_zero_full_depth14,111,4,4000,3000,0.99,0,0,0.6447286248766066,True
"natural[85,1]",0.645684,0.00176756,0.17016,0.167417,0.333706,0.664564,0.888802,10645.9,7704.05,0.622703,1.0005,N111_HPreference_zero_full_depth14,111,4,4000,3000,0.99,0,0,0.6447286248766066,True
"natural[85,2]",0.30343,0.00158745,0.136418,0.139655,0.0967414,0.295292,0.540867,6701.46,8039.77,0.391982,1.00006,N111_HPreference_zero_full_depth14,111,4,4000,3000,0.99,0,0,0.6447286248766066,True
"natural[85,3]",0.941752,0.00725663,0.539755,0.424849,0.289099,0.827365,1.99048,6545.8,8192.76,0.382877,1.00009,N111_HPreference_zero_full_depth14,111,4,4000,3000,0.99,0,0,0.6447286248766066,True
"natural[85,4]",0.638769,0.00292441,0.306184,0.277345,0.191433,0.610794,1.17221,11351.5,11557.3,0.663973,1.00038,N111_HPreference_zero_full_depth14,111,4,4000,3000,0.99,0,0,0.6447286248766066,True
"natural[85,5]",0.993323,0.00376894,0.443954,0.443366,0.283827,0.979349,1.74415,13931.4,14354.2,0.814874,1.00014,N111_HPreference_zero_full_depth14,111,4,4000,3000,0.99,0,0,0.6447286248766066,True
"natural[86,1]",0.0606838,0.000580899,0.0582829,0.0364882,0.00760552,0.0441528,0.171721,10140.3,11510.4,0.593127,1.00033,N111_HPreference_zero_full_depth14,111,4,4000,3000,0.99,0,0,0.6447286248766066,True
"natural[86,2]",0.889335,0.00270879,0.331068,0.322514,0.41754,0.849212,1.48855,13601.2,11247.7,0.795563,1.00017,N111_HPreference_zero_full_depth14,111,4,4000,3000,0.99,0,0,0.6447286248766066,True
"natural[86,3]",0.864498,0.00255767,0.300522,0.276726,0.465589,0.818265,1.41363,16701.2,11719.8,0.976889,1.00021,N111_HPreference_zero_full_depth14,111,4,4000,3000,0.99,0,0,0.6447286248766066,True
"natural[86,4]",0.0185418,0.000990964,0.125328,0.11106,-0.20209,0.0309071,0.194886,17439.7,13247.6,1.02008,1.00019,N111_HPreference_zero_full_depth14,111,4,4000,3000,0.99,0,0,0.6447286248766066,True
"natural[86,5]",1.99023,0.00364171,0.546297,0.54398,1.1202,1.97533,2.9236,22587.7,13838.2,1.3212,0.999952,N111_HPreference_zero_full_depth14,111,4,4000,3000,0.99,0,0,0.6447286248766066,True
"natural[87,1]",0.0382087,0.000385108,0.0364892,0.0240004,0.00438318,0.0278827,0.105057,7102.25,10314.0,0.415425,1.0004,N111_HPreference_zero_full_depth14,111,4,4000,3000,0.99,0,0,0.6447286248766066,True
"natural[87,2]",1.55092,0.00555675,0.695931,0.661197,0.586591,1.4655,2.84031,14310.5,11744.8,0.837047,1.00021,N111_HPreference_zero_full_depth14,111,4,4000,3000,0.99,0,0,0.6447286248766066,True
"natural[87,3]",1.52516,0.00458256,0.524658,0.505026,0.768113,1.47156,2.46831,14253.3,11365.5,0.833702,1.00027,N111_HPreference_zero_full_depth14,111,4,4000,3000,0.99,0,0,0.6447286248766066,True
"natural[87,4]",0.595807,0.00204874,0.225227,0.184879,0.331354,0.546296,1.03107,14599.1,11825.1,0.853931,0.999975,N111_HPreference_zero_full_depth14,111,4,4000,3000,0.99,0,0,0.6447286248766066,True
"natural[87,5]",1.21022,0.00498134,0.76199,0.759321,0.00429152,1.18709,2.49105,23674.3,13830.9,1.38476,1.00008,N111_HPreference_zero_full_depth14,111,4,4000,3000,0.99,0,0,0.6447286248766066,True
"natural[88,1]",0.352914,0.00101469,0.123473,0.115362,0.174366,0.34059,0.576792,13862.3,8788.56,0.810832,1.00006,N111_HPreference_zero_full_depth14,111,4,4000,3000,0.99,0,0,0.6447286248766066,True
"natural[88,2]",0.477563,0.00158504,0.185775,0.184199,0.211091,0.456867,0.812859,12790.8,11896.7,0.748157,0.999937,N111_HPreference_zero_full_depth14,111,4,4000,3000,0.99,0,0,0.6447286248766066,True
"natural[88,3]",1.32629,0.00486059,0.481207,0.450695,0.68023,1.25711,2.21119,10787.7,11326.8,0.630994,1.00018,N111_HPreference_zero_full_depth14,111,4,4000,3000,0.99,0,0,0.6447286248766066,True
"natural[88,4]",0.651499,0.00198806,0.234218,0.204585,0.326522,0.622232,1.07639,15944.7,12809.4,0.93264,1.00024,N111_HPreference_zero_full_depth14,111,4,4000,3000,0.99,0,0,0.6447286248766066,True
"natural[88,5]",1.14622,0.00339261,0.480765,0.468628,0.387583,1.12505,1.97084,20021.4,14540.1,1.17109,1.0001,N111_HPreference_zero_full_depth14,111,4,4000,3000,0.99,0,0,0.6447286248766066,True
"natural[89,1]",0.262821,0.0028608,0.228488,0.184645,0.023605,0.18502,0.747825,5882.29,9718.45,0.344067,1.0004,N111_HPreference_zero_full_depth14,111,4,4000,3000,0.99,0,0,0.6447286248766066,True
"natural[89,2]",0.102609,0.000607569,0.0777875,0.0560844,0.0226317,0.0818821,0.254168,15295.3,12500.6,0.894654,0.999887,N111_HPreference_zero_full_depth14,111,4,4000,3000,0.99,0,0,0.6447286248766066,True
"natural[89,3]",1.79746,0.00746977,0.854169,0.86651,0.560177,1.7079,3.31636,14071.6,11571.8,0.823074,1.00013,N111_HPreference_zero_full_depth14,111,4,4000,3000,0.99,0,0,0.6447286248766066,True
"natural[89,4]",0.796627,0.00423956,0.537505,0.531143,0.0170294,0.742934,1.75121,17334.2,11923.5,1.01391,1.00014,N111_HPreference_zero_full_depth14,111,4,4000,3000,0.99,0,0,0.6447286248766066,True
"natural[89,5]",2.57402,0.00440058,0.614391,0.599249,1.63806,2.53689,3.6433,19986.8,12874.5,1.16907,1.00006,N111_HPreference_zero_full_depth14,111,4,4000,3000,0.99,0,0,0.6447286248766066,True
"natural[90,1]",0.0246709,0.000120018,0.0141248,0.0142364,0.00508781,0.022904,0.050768,11997.9,9539.21,0.701782,1.0005,N111_HPreference_zero_full_depth14,111,4,4000,3000,0.99,0,0,0.6447286248766066,True
"natural[90,2]",5.25222,0.0134678,1.84198,1.72072,2.73938,4.99128,8.6103,18293.4,12880.1,1.07002,0.999972,N111_HPreference_zero_full_depth14,111,4,4000,3000,0.99,0,0,0.6447286248766066,True
"natural[90,3]",0.244686,0.000183354,0.0229504,0.0205288,0.207491,0.244891,0.281492,15785.0,13994.4,0.923294,0.999942,N111_HPreference_zero_full_depth14,111,4,4000,3000,0.99,0,0,0.6447286248766066,True
"natural[90,4]",0.118968,0.000438136,0.0530844,0.0459039,0.0220938,0.128484,0.186167,16919.6,11902.1,0.98966,1.00025,N111_HPreference_zero_full_depth14,111,4,4000,3000,0.99,0,0,0.6447286248766066,True
"natural[90,5]",2.06325,0.0038868,0.597308,0.600283,1.11228,2.04208,3.07631,24047.4,13017.0,1.40658,1.00014,N111_HPreference_zero_full_depth14,111,4,4000,3000,0.99,0,0,0.6447286248766066,True
"natural[91,1]",0.130599,0.00265786,0.139214,0.086666,0.00811242,0.080398,0.422506,2175.49,6203.36,0.127249,1.00086,N111_HPreference_zero_full_depth14,111,4,4000,3000,0.99,0,0,0.6447286248766066,True
"natural[91,2]",0.284172,0.000846111,0.101961,0.0951835,0.143569,0.269898,0.471818,14013.4,11053.2,0.819674,0.999929,N111_HPreference_zero_full_depth14,111,4,4000,3000,0.99,0,0,0.6447286248766066,True
"natural[91,3]",2.74948,0.00647329,0.730333,0.718037,1.67095,2.68784,4.05222,13449.7,12451.4,0.7867,1.00006,N111_HPreference_zero_full_depth14,111,4,4000,3000,0.99,0,0,0.6447286248766066,True
"natural[91,4]",1.67224,0.00353812,0.451665,0.436432,0.999061,1.63094,2.47177,17347.6,12639.9,1.01469,1.00004,N111_HPreference_zero_full_depth14,111,4,4000,3000,0.99,0,0,0.6447286248766066,True
"natural[91,5]",3.89774,0.00689827,0.983132,0.959266,2.43004,3.82378,5.61564,22462.4,10780.8,1.31387,1.0003,N111_HPreference_zero_full_depth14,111,4,4000,3000,0.99,0,0,0.6447286248766066,True
"natural[92,1]",0.058298,0.00057174,0.0573199,0.0360106,0.00707454,0.0419752,0.161214,10416.0,9794.57,0.609255,0.99999,N111_HPreference_zero_full_depth14,111,4,4000,3000,0.99,0,0,0.6447286248766066,True
"natural[92,2]",1.21036,0.00551057,0.635833,0.568117,0.404578,1.09072,2.42373,11340.7,9683.36,0.663338,1.00018,N111_HPreference_zero_full_depth14,111,4,4000,3000,0.99,0,0,0.6447286248766066,True
"natural[92,3]",0.486612,0.00231616,0.234045,0.172501,0.232177,0.432716,0.924911,14089.5,9843.04,0.824122,1.00021,N111_HPreference_zero_full_depth14,111,4,4000,3000,0.99,0,0,0.6447286248766066,True
"natural[92,4]",-0.194167,0.00170034,0.205444,0.190578,-0.56684,-0.168234,0.0831455,16659.3,12283.8,0.974439,1.00012,N111_HPreference_zero_full_depth14,111,4,4000,3000,0.99,0,0,0.6447286248766066,True
"natural[92,5]",0.428179,0.00496596,0.669522,0.667175,-0.651369,0.413099,1.55611,18214.9,13023.3,1.06543,1.00033,N111_HPreference_zero_full_depth14,111,4,4000,3000,0.99,0,0,0.6447286248766066,True
"natural[93,1]",0.0500919,0.000739595,0.0604787,0.0318673,0.00166236,0.0263428,0.176642,5097.37,11244.2,0.298155,1.00094,N111_HPreference_zero_full_depth14,111,4,4000,3000,0.99,0,0,0.6447286248766066,True
"natural[93,2]",6.46174,0.0381945,4.5812,3.12435,1.94623,5.30717,15.0155,15719.3,13690.8,0.919456,0.999996,N111_HPreference_zero_full_depth14,111,4,4000,3000,0.99,0,0,0.6447286248766066,True
"natural[93,3]",0.25332,0.000357804,0.043839,0.0270297,0.195623,0.249046,0.326166,15705.4,14445.3,0.918642,1.00014,N111_HPreference_zero_full_depth14,111,4,4000,3000,0.99,0,0,0.6447286248766066,True
"natural[93,4]",-0.296251,0.00212009,0.242461,0.232049,-0.743142,-0.261149,0.0378913,14615.0,12476.7,0.854863,1.00011,N111_HPreference_zero_full_depth14,111,4,4000,3000,0.99,0,0,0.6447286248766066,True
"natural[93,5]",1.74644,0.00788234,1.03707,1.00765,0.137822,1.69725,3.52355,17468.7,13027.8,1.02178,1.00018,N111_HPreference_zero_full_depth14,111,4,4000,3000,0.99,0,0,0.6447286248766066,True
"natural[94,1]",0.146688,0.00127149,0.136964,0.0975872,0.0137505,0.106847,0.41604,10887.1,11722.9,0.636809,1.00003,N111_HPreference_zero_full_depth14,111,4,4000,3000,0.99,0,0,0.6447286248766066,True
"natural[94,2]",0.434315,0.00223546,0.241492,0.235012,0.0981017,0.402157,0.871741,9841.44,8418.31,0.575646,1.00049,N111_HPreference_zero_full_depth14,111,4,4000,3000,0.99,0,0,0.6447286248766066,True
"natural[94,3]",0.771364,0.00569813,0.518873,0.386018,0.169105,0.665744,1.74266,11745.4,7397.42,0.687011,1.00092,N111_HPreference_zero_full_depth14,111,4,4000,3000,0.99,0,0,0.6447286248766066,True
"natural[94,4]",-0.0912511,0.00359156,0.348688,0.262921,-0.586164,-0.120893,0.513216,12069.8,7892.7,0.705987,1.00042,N111_HPreference_zero_full_depth14,111,4,4000,3000,0.99,0,0,0.6447286248766066,True
"natural[94,5]",1.87255,0.00470326,0.662537,0.652104,0.84684,1.83828,3.01869,19758.6,13716.9,1.15572,1.00011,N111_HPreference_zero_full_depth14,111,4,4000,3000,0.99,0,0,0.6447286248766066,True
"natural[95,1]",0.101676,0.00085318,0.090446,0.0638228,0.0130148,0.0762567,0.281449,9664.45,11079.1,0.565293,1.00004,N111_HPreference_zero_full_depth14,111,4,4000,3000,0.99,0,0,0.6447286248766066,True
"natural[95,2]",0.550397,0.00204633,0.25461,0.248456,0.205109,0.513552,1.02764,13564.7,11910.2,0.793429,1.00011,N111_HPreference_zero_full_depth14,111,4,4000,3000,0.99,0,0,0.6447286248766066,True
"natural[95,3]",1.37366,0.00441858,0.499661,0.449796,0.723821,1.29384,2.31325,15599.8,10965.1,0.912461,1.00023,N111_HPreference_zero_full_depth14,111,4,4000,3000,0.99,0,0,0.6447286248766066,True
"natural[95,4]",0.367031,0.00205578,0.235938,0.180383,0.0747221,0.320376,0.810023,16251.6,11623.0,0.950592,1.0,N111_HPreference_zero_full_depth14,111,4,4000,3000,0.99,0,0,0.6447286248766066,True
"natural[95,5]",1.39381,0.00325441,0.495571,0.493367,0.607307,1.37469,2.23211,23192.8,13906.6,1.3566,0.999941,N111_HPreference_zero_full_depth14,111,4,4000,3000,0.99,0,0,0.6447286248766066,True
"natural[96,1]",0.235583,0.00163133,0.146165,0.146559,0.0400243,0.215888,0.508378,6828.22,7369.1,0.399397,1.00049,N111_HPreference_zero_full_depth14,111,4,4000,3000,0.99,0,0,0.6447286248766066,True
"natural[96,2]",0.409511,0.00131363,0.176782,0.162102,0.178027,0.380466,0.741538,16593.8,13244.7,0.970604,1.00017,N111_HPreference_zero_full_depth14,111,4,4000,3000,0.99,0,0,0.6447286248766066,True
"natural[96,3]",1.84523,0.00458473,0.586439,0.569303,1.01533,1.77418,2.91561,18637.3,11336.3,1.09013,1.00007,N111_HPreference_zero_full_depth14,111,4,4000,3000,0.99,0,0,0.6447286248766066,True
"natural[96,4]",0.792485,0.0025551,0.323257,0.300221,0.358478,0.744837,1.39418,18639.4,12662.7,1.09025,0.999979,N111_HPreference_zero_full_depth14,111,4,4000,3000,0.99,0,0,0.6447286248766066,True
"natural[96,5]",1.32819,0.00346462,0.485789,0.479442,0.555012,1.31071,2.15289,19778.8,13094.4,1.1569,0.999937,N111_HPreference_zero_full_depth14,111,4,4000,3000,0.99,0,0,0.6447286248766066,True
"natural[97,1]",0.363445,0.00232465,0.228898,0.249841,0.0528704,0.328808,0.797369,9045.1,8998.23,0.529066,1.00019,N111_HPreference_zero_full_depth14,111,4,4000,3000,0.99,0,0,0.6447286248766066,True
"natural[97,2]",0.103675,0.000578115,0.0747657,0.0594629,0.0214693,0.0845316,0.24951,13456.2,11592.7,0.787079,0.999994,N111_HPreference_zero_full_depth14,111,4,4000,3000,0.99,0,0,0.6447286248766066,True
"natural[97,3]",1.34387,0.00701828,0.829884,0.801455,0.211791,1.22143,2.87926,16444.7,11249.5,0.961886,1.00004,N111_HPreference_zero_full_depth14,111,4,4000,3000,0.99,0,0,0.6447286248766066,True
"natural[97,4]",0.409891,0.00415734,0.520725,0.480746,-0.338897,0.348769,1.35773,17275.9,11646.9,1.0105,1.00071,N111_HPreference_zero_full_depth14,111,4,4000,3000,0.99,0,0,0.6447286248766066,True
"natural[97,5]",1.24602,0.00295666,0.40348,0.39977,0.604178,1.2346,1.92105,18756.3,14320.2,1.09709,0.999978,N111_HPreference_zero_full_depth14,111,4,4000,3000,0.99,0,0,0.6447286248766066,True
"natural[98,1]",0.266756,0.00236834,0.211635,0.180881,0.0321099,0.204172,0.714336,7365.99,9799.01,0.430852,1.00048,N111_HPreference_zero_full_depth14,111,4,4000,3000,0.99,0,0,0.6447286248766066,True
"natural[98,2]",0.153419,0.000869183,0.111123,0.0817065,0.0355384,0.124505,0.367734,15033.2,12471.0,0.87932,1.00027,N111_HPreference_zero_full_depth14,111,4,4000,3000,0.99,0,0,0.6447286248766066,True
"natural[98,3]",1.57197,0.00632481,0.772818,0.750191,0.517207,1.45524,3.0137,17186.5,11514.8,1.00527,1.00002,N111_HPreference_zero_full_depth14,111,4,4000,3000,0.99,0,0,0.6447286248766066,True
"natural[98,4]",0.626015,0.0036455,0.474624,0.440649,-0.0270667,0.557308,1.50326,19455.3,11864.2,1.13798,1.00043,N111_HPreference_zero_full_depth14,111,4,4000,3000,0.99,0,0,0.6447286248766066,True
"natural[98,5]",1.95596,0.00373746,0.504014,0.497977,1.16968,1.94017,2.82416,18555.2,14287.5,1.08533,1.00019,N111_HPreference_zero_full_depth14,111,4,4000,3000,0.99,0,0,0.6447286248766066,True
"natural[99,1]",0.0166432,0.00019804,0.0183919,0.01028,0.00133811,0.0106403,0.052551,7029.77,10504.8,0.411185,1.00021,N111_HPreference_zero_full_depth14,111,4,4000,3000,0.99,0,0,0.6447286248766066,True
"natural[99,2]",3.05333,0.00592867,0.854753,0.832498,1.83313,2.95376,4.58401,21296.4,14362.2,1.24567,1.00004,N111_HPreference_zero_full_depth14,111,4,4000,3000,0.99,0,0,0.6447286248766066,True
"natural[99,3]",0.811648,0.00215866,0.26028,0.240141,0.473749,0.767968,1.2999,16942.6,11439.1,0.991006,1.00009,N111_HPreference_zero_full_depth14,111,4,4000,3000,0.99,0,0,0.6447286248766066,True
"natural[99,4]",-0.260611,0.00115411,0.152729,0.144385,-0.540224,-0.241325,-0.0450036,19390.5,13696.4,1.13419,1.00031,N111_HPreference_zero_full_depth14,111,4,4000,3000,0.99,0,0,0.6447286248766066,True
"natural[99,5]",1.97641,0.00497165,0.787148,0.783824,0.734911,1.94631,3.31777,25528.3,12210.8,1.4932,1.00036,N111_HPreference_zero_full_depth14,111,4,4000,3000,0.99,0,0,0.6447286248766066,True
"natural[100,1]",0.130459,0.00149306,0.1227,0.0863958,0.0118008,0.0948032,0.36934,5139.95,8167.51,0.300646,0.999978,N111_HPreference_zero_full_depth14,111,4,4000,3000,0.99,0,0,0.6447286248766066,True
"natural[100,2]",0.320582,0.00137099,0.18256,0.15932,0.0958513,0.283807,0.671778,15558.5,10212.7,0.910049,1.00022,N111_HPreference_zero_full_depth14,111,4,4000,3000,0.99,0,0,0.6447286248766066,True
"natural[100,3]",2.03857,0.00563406,0.692663,0.669902,1.04287,1.95853,3.26966,17123.6,11567.8,1.00159,1.00011,N111_HPreference_zero_full_depth14,111,4,4000,3000,0.99,0,0,0.6447286248766066,True
"natural[100,4]",0.895722,0.0036035,0.451265,0.425818,0.27317,0.835759,1.7186,17884.7,11872.6,1.04611,1.00023,N111_HPreference_zero_full_depth14,111,4,4000,3000,0.99,0,0,0.6447286248766066,True
"natural[100,5]",3.14147,0.00604967,0.91459,0.914111,1.76239,3.07743,4.72622,24149.0,13270.8,1.41252,1.00001,N111_HPreference_zero_full_depth14,111,4,4000,3000,0.99,0,0,0.6447286248766066,True
"natural[101,1]",0.0340101,0.000412081,0.0344491,0.0219233,0.00277939,0.0222238,0.104606,5892.11,10081.5,0.344641,1.00115,N111_HPreference_zero_full_depth14,111,4,4000,3000,0.99,0,0,0.6447286248766066,True
"natural[101,2]",3.09804,0.00768566,0.985934,0.91404,1.75682,2.95649,4.91902,15563.1,13234.7,0.910316,1.00032,N111_HPreference_zero_full_depth14,111,4,4000,3000,0.99,0,0,0.6447286248766066,True
"natural[101,3]",0.656522,0.00166368,0.191153,0.17329,0.41186,0.622797,1.01796,14891.6,12337.1,0.87104,1.0002,N111_HPreference_zero_full_depth14,111,4,4000,3000,0.99,0,0,0.6447286248766066,True
"natural[101,4]",-0.35833,0.00174511,0.2201,0.209363,-0.765862,-0.329023,-0.052534,17632.2,13045.6,1.03135,1.00015,N111_HPreference_zero_full_depth14,111,4,4000,3000,0.99,0,0,0.6447286248766066,True
"natural[101,5]",0.139761,0.00554022,0.818715,0.801502,-1.19133,0.140929,1.47777,21979.6,11567.9,1.28563,1.00041,N111_HPreference_zero_full_depth14,111,4,4000,3000,0.99,0,0,0.6447286248766066,True
"natural[102,1]",0.364431,0.00265805,0.233755,0.263576,0.0523687,0.328869,0.797102,7075.32,9060.65,0.41385,1.00013,N111_HPreference_zero_full_depth14,111,4,4000,3000,0.99,0,0,0.6447286248766066,True
"natural[102,2]",0.328667,0.00277344,0.260656,0.216745,0.0394628,0.262777,0.85096,7223.92,10325.5,0.422542,1.00036,N111_HPreference_zero_full_depth14,111,4,4000,3000,0.99,0,0,0.6447286248766066,True
"natural[102,3]",0.271661,0.0077867,0.654418,0.379627,-0.456875,0.116611,1.63646,9637.24,7828.91,0.563702,1.00055,N111_HPreference_zero_full_depth14,111,4,4000,3000,0.99,0,0,0.6447286248766066,True
"natural[102,4]",0.0593234,0.00313654,0.36115,0.271509,-0.506495,0.0666494,0.630564,14427.7,9140.07,0.843907,1.00021,N111_HPreference_zero_full_depth14,111,4,4000,3000,0.99,0,0,0.6447286248766066,True
"natural[102,5]",0.499741,0.00399257,0.478373,0.479302,-0.264509,0.48393,1.30907,14256.0,13996.8,0.833865,0.999985,N111_HPreference_zero_full_depth14,111,4,4000,3000,0.99,0,0,0.6447286248766066,True
"natural[103,1]",0.0106516,7.51231e-05,0.00863365,0.00683984,0.00145959,0.00839348,0.0279594,11505.5,11246.9,0.67298,1.00008,N111_HPreference_zero_full_depth14,111,4,4000,3000,0.99,0,0,0.6447286248766066,True
"natural[103,2]",2.85053,0.00614491,0.808091,0.783947,1.66594,2.76932,4.29285,17504.5,14260.6,1.02387,0.999971,N111_HPreference_zero_full_depth14,111,4,4000,3000,0.99,0,0,0.6447286248766066,True
"natural[103,3]",1.01905,0.0029246,0.339677,0.329386,0.551142,0.973949,1.64052,16039.8,11388.8,0.938198,1.0002,N111_HPreference_zero_full_depth14,111,4,4000,3000,0.99,0,0,0.6447286248766066,True
"natural[103,4]",0.144961,0.000331004,0.0419126,0.0382072,0.0706538,0.149193,0.205178,16512.0,14420.8,0.965821,1.00029,N111_HPreference_zero_full_depth14,111,4,4000,3000,0.99,0,0,0.6447286248766066,True
"natural[103,5]",2.26821,0.00407852,0.63542,0.621256,1.25075,2.25362,3.34854,24823.2,11201.1,1.45196,1.00004,N111_HPreference_zero_full_depth14,111,4,4000,3000,0.99,0,0,0.6447286248766066,True
"natural[104,1]",0.0515787,0.000418067,0.0421687,0.0307422,0.00833621,0.0412129,0.127935,9397.21,11017.9,0.549661,1.0,N111_HPreference_zero_full_depth14,111,4,4000,3000,0.99,0,0,0.6447286248766066,True
"natural[104,2]",0.785553,0.00281051,0.327936,0.305373,0.338984,0.738655,1.39553,12314.7,11062.8,0.720309,1.00007,N111_HPreference_zero_full_depth14,111,4,4000,3000,0.99,0,0,0.6447286248766066,True
"natural[104,3]",0.35118,0.00131035,0.15866,0.124778,0.146781,0.329762,0.638248,17003.8,12871.5,0.994587,1.00024,N111_HPreference_zero_full_depth14,111,4,4000,3000,0.99,0,0,0.6447286248766066,True
"natural[104,4]",-0.28976,0.00177721,0.199092,0.190386,-0.653568,-0.265491,-0.0127766,13701.6,11051.6,0.801432,1.00024,N111_HPreference_zero_full_depth14,111,4,4000,3000,0.99,0,0,0.6447286248766066,True
"natural[104,5]",0.719831,0.00329148,0.450901,0.452104,-0.00285033,0.709124,1.47248,18801.7,13063.3,1.09975,0.999971,N111_HPreference_zero_full_depth14,111,4,4000,3000,0.99,0,0,0.6447286248766066,True
"natural[105,1]",0.140865,0.00205112,0.153283,0.079567,0.0157057,0.0907083,0.467168,5993.24,7165.95,0.350557,1.00065,N111_HPreference_zero_full_depth14,111,4,4000,3000,0.99,0,0,0.6447286248766066,True
"natural[105,2]",0.31908,0.00173129,0.178944,0.166656,0.0726987,0.292518,0.644992,8475.33,6161.98,0.495739,1.00031,N111_HPreference_zero_full_depth14,111,4,4000,3000,0.99,0,0,0.6447286248766066,True
"natural[105,3]",0.16984,0.0056831,0.454671,0.264298,-0.378808,0.114448,0.894307,11268.0,5105.76,0.659088,1.0007,N111_HPreference_zero_full_depth14,111,4,4000,3000,0.99,0,0,0.6447286248766066,True
"natural[105,4]",-0.354897,0.00347596,0.337937,0.276523,-0.884786,-0.344626,0.0989868,12226.6,6780.72,0.715158,1.00024,N111_HPreference_zero_full_depth14,111,4,4000,3000,0.99,0,0,0.6447286248766066,True
"natural[105,5]",1.09028,0.00367449,0.449947,0.442917,0.35751,1.08145,1.84204,14799.1,11174.5,0.865628,1.00034,N111_HPreference_zero_full_depth14,111,4,4000,3000,0.99,0,0,0.6447286248766066,True
"natural[106,1]",0.203602,0.00192304,0.187632,0.13408,0.0194652,0.141651,0.604875,9677.95,10395.0,0.566083,1.00022,N111_HPreference_zero_full_depth14,111,4,4000,3000,0.99,0,0,0.6447286248766066,True
"natural[106,2]",0.230417,0.00153473,0.179335,0.139987,0.0393636,0.182172,0.585942,11909.3,11497.7,0.696598,0.999957,N111_HPreference_zero_full_depth14,111,4,4000,3000,0.99,0,0,0.6447286248766066,True
"natural[106,3]",1.26886,0.00719021,0.775878,0.717215,0.284373,1.12323,2.7492,14297.8,10642.0,0.836306,0.999837,N111_HPreference_zero_full_depth14,111,4,4000,3000,0.99,0,0,0.6447286248766066,True
"natural[106,4]",0.420815,0.00430462,0.490567,0.436214,-0.250361,0.343206,1.34039,14945.8,11299.0,0.874208,0.999943,N111_HPreference_zero_full_depth14,111,4,4000,3000,0.99,0,0,0.6447286248766066,True
"natural[106,5]",2.4196,0.00509709,0.75814,0.749934,1.24573,2.37382,3.72139,23059.6,12785.5,1.3488,1.00005,N111_HPreference_zero_full_depth14,111,4,4000,3000,0.99,0,0,0.6447286248766066,True
"natural[107,1]",0.02869,0.000267151,0.0302455,0.0177775,0.00283207,0.0194455,0.0844355,12267.2,11587.6,0.717531,1.00026,N111_HPreference_zero_full_depth14,111,4,4000,3000,0.99,0,0,0.6447286248766066,True
"natural[107,2]",1.71971,0.00475938,0.639414,0.611373,0.803693,1.64779,2.86842,17138.8,11795.2,1.00248,1.00005,N111_HPreference_zero_full_depth14,111,4,4000,3000,0.99,0,0,0.6447286248766066,True
"natural[107,3]",0.388226,0.00108487,0.126723,0.103553,0.226969,0.366477,0.623157,15327.0,12141.1,0.896509,1.00037,N111_HPreference_zero_full_depth14,111,4,4000,3000,0.99,0,0,0.6447286248766066,True
"natural[107,4]",-0.358279,0.00154249,0.210341,0.202729,-0.735782,-0.337998,-0.0536724,20368.7,12421.8,1.1914,1.00035,N111_HPreference_zero_full_depth14,111,4,4000,3000,0.99,0,0,0.6447286248766066,True
"natural[107,5]",1.98529,0.0052132,0.779267,0.758795,0.752547,1.9547,3.3133,22568.3,12953.8,1.32006,1.00035,N111_HPreference_zero_full_depth14,111,4,4000,3000,0.99,0,0,0.6447286248766066,True
"natural[108,1]",0.0186522,0.000142769,0.0149102,0.0125201,0.00227959,0.0149772,0.0476686,9160.84,10692.9,0.535836,1.00018,N111_HPreference_zero_full_depth14,111,4,4000,3000,0.99,0,0,0.6447286248766066,True
"natural[108,2]",3.55399,0.00703832,0.937197,0.925318,2.17702,3.47001,5.22971,18029.1,13361.0,1.05456,1.00019,N111_HPreference_zero_full_depth14,111,4,4000,3000,0.99,0,0,0.6447286248766066,True
"natural[108,3]",0.155247,0.000305939,0.0387321,0.0364677,0.0854866,0.159206,0.211408,16384.7,14880.5,0.958376,1.00055,N111_HPreference_zero_full_depth14,111,4,4000,3000,0.99,0,0,0.6447286248766066,True
"natural[108,4]",0.0377799,0.00052021,0.0640771,0.0595171,-0.0800979,0.046066,0.126493,16072.3,13182.7,0.940099,1.00029,N111_HPreference_zero_full_depth14,111,4,4000,3000,0.99,0,0,0.6447286248766066,True
"natural[108,5]",3.65443,0.00460293,0.690669,0.682347,2.56746,3.632,4.8412,22980.0,13546.3,1.34415,1.00064,N111_HPreference_zero_full_depth14,111,4,4000,3000,0.99,0,0,0.6447286248766066,True
"natural[109,1]",0.0282549,0.000176333,0.0206915,0.0168999,0.00489503,0.0240323,0.066346,11610.1,10695.8,0.679097,1.00006,N111_HPreference_zero_full_depth14,111,4,4000,3000,0.99,0,0,0.6447286248766066,True
"natural[109,2]",1.14797,0.00334141,0.413805,0.414582,0.53757,1.11082,1.87951,14281.1,12222.9,0.83533,1.00009,N111_HPreference_zero_full_depth14,111,4,4000,3000,0.99,0,0,0.6447286248766066,True
"natural[109,3]",0.85199,0.00255789,0.279279,0.249746,0.495134,0.801663,1.38285,15125.6,10356.2,0.884727,1.00046,N111_HPreference_zero_full_depth14,111,4,4000,3000,0.99,0,0,0.6447286248766066,True
"natural[109,4]",0.0491277,0.000778699,0.101023,0.0887522,-0.129559,0.0597257,0.193002,17508.6,13962.7,1.02411,1.0001,N111_HPreference_zero_full_depth14,111,4,4000,3000,0.99,0,0,0.6447286248766066,True
"natural[109,5]",1.47995,0.0035184,0.518154,0.519293,0.654238,1.46338,2.34992,21807.5,13227.7,1.27556,1.00002,N111_HPreference_zero_full_depth14,111,4,4000,3000,0.99,0,0,0.6447286248766066,True
"natural[110,1]",0.401352,0.00344423,0.267057,0.310732,0.0544086,0.352714,0.884851,5664.54,9367.73,0.33133,1.00046,N111_HPreference_zero_full_depth14,111,4,4000,3000,0.99,0,0,0.6447286248766066,True
"natural[110,2]",0.0854357,0.000858046,0.0859105,0.0459576,0.0138101,0.0589716,0.251433,10277.1,12122.4,0.601128,1.00039,N111_HPreference_zero_full_depth14,111,4,4000,3000,0.99,0,0,0.6447286248766066,True
"natural[110,3]",1.40612,0.00836054,0.923684,0.955635,0.120526,1.31065,3.05174,12544.6,12512.5,0.733761,1.00003,N111_HPreference_zero_full_depth14,111,4,4000,3000,0.99,0,0,0.6447286248766066,True
"natural[110,4]",0.512338,0.00408242,0.532692,0.492888,-0.287524,0.464265,1.46584,17694.9,13633.9,1.03501,1.00006,N111_HPreference_zero_full_depth14,111,4,4000,3000,0.99,0,0,0.6447286248766066,True
"natural[110,5]",0.456377,0.00273481,0.362103,0.354456,-0.134336,0.446807,1.06178,17632.1,15311.5,1.03134,0.999918,N111_HPreference_zero_full_depth14,111,4,4000,3000,0.99,0,0,0.6447286248766066,True
"natural[111,1]",0.0244077,0.000249126,0.0251887,0.014994,0.00269397,0.0170476,0.069986,9907.94,10737.1,0.579535,1.00051,N111_HPreference_zero_full_depth14,111,4,4000,3000,0.99,0,0,0.6447286248766066,True
"natural[111,2]",1.14891,0.00262966,0.352691,0.348538,0.630635,1.11858,1.77836,17712.2,13166.9,1.03603,1.00006,N111_HPreference_zero_full_depth14,111,4,4000,3000,0.99,0,0,0.6447286248766066,True
"natural[111,3]",0.115667,0.000776988,0.102187,0.0905493,-0.0612442,0.12405,0.264576,17706.2,13905.3,1.03567,1.00034,N111_HPreference_zero_full_depth14,111,4,4000,3000,0.99,0,0,0.6447286248766066,True
"natural[111,4]",-0.470748,0.00157156,0.199113,0.185931,-0.832932,-0.447028,-0.191246,18501.8,11780.6,1.08221,1.00016,N111_HPreference_zero_full_depth14,111,4,4000,3000,0.99,0,0,0.6447286248766066,True
"natural[111,5]",2.93475,0.0040852,0.618351,0.612936,1.96652,2.90697,3.9931,23354.4,12516.1,1.36605,1.00002,N111_HPreference_zero_full_depth14,111,4,4000,3000,0.99,0,0,0.6447286248766066,True
"Omega[1,2]",-0.641504,0.00340472,0.131859,0.128078,-0.830098,-0.657538,-0.401139,1528.99,3065.39,0.0894337,1.00249,N111_HPreference_zero_full_depth14,111,4,4000,3000,0.99,0,0,0.6447286248766066,True
"Omega[1,3]",0.258022,0.00734506,0.19652,0.195614,-0.0922151,0.273969,0.556874,727.878,1888.57,0.042575,1.00295,N111_HPreference_zero_full_depth14,111,4,4000,3000,0.99,0,0,0.6447286248766066,True
"Omega[1,4]",0.272738,0.00698951,0.196572,0.198162,-0.0733834,0.284944,0.57381,802.602,2007.75,0.0469458,1.00446,N111_HPreference_zero_full_depth14,111,4,4000,3000,0.99,0,0,0.6447286248766066,True
"Omega[1,5]",-0.272591,0.00370463,0.151609,0.151915,-0.515444,-0.278503,-0.0121962,1685.89,3772.96,0.0986112,1.00084,N111_HPreference_zero_full_depth14,111,4,4000,3000,0.99,0,0,0.6447286248766066,True
"Omega[2,1]",-0.641504,0.00340472,0.131859,0.128078,-0.830098,-0.657538,-0.401139,1528.99,3065.39,0.0894337,1.00249,N111_HPreference_zero_full_depth14,111,4,4000,3000,0.99,0,0,0.6447286248766066,True
"Omega[2,3]",-0.494796,0.00138491,0.0963967,0.0952335,-0.643565,-0.500781,-0.326437,4830.46,8256.73,0.282543,1.00014,N111_HPreference_zero_full_depth14,111,4,4000,3000,0.99,0,0,0.6447286248766066,True
"Omega[2,4]",-0.386741,0.00156455,0.110338,0.110083,-0.5593,-0.392368,-0.196859,4996.75,9009.39,0.29227,1.00007,N111_HPreference_zero_full_depth14,111,4,4000,3000,0.99,0,0,0.6447286248766066,True
"Omega[2,5]",0.121398,0.00116207,0.108361,0.109325,-0.059906,0.123745,0.298841,8726.93,11726.4,0.510456,1.00049,N111_HPreference_zero_full_depth14,111,4,4000,3000,0.99,0,0,0.6447286248766066,True
"Omega[3,1]",0.258022,0.00734506,0.19652,0.195614,-0.0922151,0.273969,0.556874,727.878,1888.57,0.042575,1.00295,N111_HPreference_zero_full_depth14,111,4,4000,3000,0.99,0,0,0.6447286248766066,True
"Omega[3,2]",-0.494796,0.00138491,0.0963967,0.0952335,-0.643565,-0.500781,-0.326437,4830.46,8256.73,0.282543,1.00014,N111_HPreference_zero_full_depth14,111,4,4000,3000,0.99,0,0,0.6447286248766066,True
"Omega[3,4]",0.847925,0.000752652,0.0529276,0.0492945,0.750274,0.855368,0.920383,4905.91,8845.86,0.286956,1.00026,N111_HPreference_zero_full_depth14,111,4,4000,3000,0.99,0,0,0.6447286248766066,True
"Omega[3,5]",0.144595,0.00128393,0.113723,0.114435,-0.0477308,0.147585,0.32698,7859.04,10180.8,0.459691,1.00034,N111_HPreference_zero_full_depth14,111,4,4000,3000,0.99,0,0,0.6447286248766066,True
"Omega[4,1]",0.272738,0.00698951,0.196572,0.198162,-0.0733834,0.284944,0.57381,802.602,2007.75,0.0469458,1.00446,N111_HPreference_zero_full_depth14,111,4,4000,3000,0.99,0,0,0.6447286248766066,True
"Omega[4,2]",-0.386741,0.00156455,0.110338,0.110083,-0.5593,-0.392368,-0.196859,4996.75,9009.39,0.29227,1.00007,N111_HPreference_zero_full_depth14,111,4,4000,3000,0.99,0,0,0.6447286248766066,True
"Omega[4,3]",0.847925,0.000752652,0.0529276,0.0492945,0.750274,0.855368,0.920383,4905.91,8845.86,0.286956,1.00026,N111_HPreference_zero_full_depth14,111,4,4000,3000,0.99,0,0,0.6447286248766066,True
"Omega[4,5]",0.293592,0.00123168,0.108759,0.109636,0.107545,0.297674,0.46496,7845.62,10846.2,0.458906,1.00067,N111_HPreference_zero_full_depth14,111,4,4000,3000,0.99,0,0,0.6447286248766066,True
"Omega[5,1]",-0.272591,0.00370463,0.151609,0.151915,-0.515444,-0.278503,-0.0121962,1685.89,3772.96,0.0986112,1.00084,N111_HPreference_zero_full_depth14,111,4,4000,3000,0.99,0,0,0.6447286248766066,True
"Omega[5,2]",0.121398,0.00116207,0.108361,0.109325,-0.059906,0.123745,0.298841,8726.93,11726.4,0.510456,1.00049,N111_HPreference_zero_full_depth14,111,4,4000,3000,0.99,0,0,0.6447286248766066,True
"Omega[5,3]",0.144595,0.00128393,0.113723,0.114435,-0.0477308,0.147585,0.32698,7859.04,10180.8,0.459691,1.00034,N111_HPreference_zero_full_depth14,111,4,4000,3000,0.99,0,0,0.6447286248766066,True
"Omega[5,4]",0.293592,0.00123168,0.108759,0.109636,0.107545,0.297674,0.46496,7845.62,10846.2,0.458906,1.00067,N111_HPreference_zero_full_depth14,111,4,4000,3000,0.99,0,0,0.6447286248766066,True
