participant_id	session	run	events_path	events_sha256	expected_trials	presented_trials	valid_choices	missed_choices	miss_fraction	response_qc_status	response_qc_reasons	structural_status	source_excluded	include_primary	include_sensitivity	exclusion_reason	sensitivity_exclusion_reason	complete_run_sensitivity
sub-10317	01	1	sub-10317/ses-01/func/sub-10317_ses-01_task-trust_run-1_events.tsv	7e77b5785fb5d62e49aeb3eb3b2abc54a630924449e5cffcded2b9e27732e463	42	42	42	0	0.0	pass		pass	False	True	True			True
sub-10369	01	1	sub-10369/ses-01/func/sub-10369_ses-01_task-trust_run-1_events.tsv	b5162d4e6983c049b2ce7ea5d795588a106427db6987f7159bdb6732621606a1	42	42	41	1	0.023809523809523808	pass		pass	False	True	True			True
sub-10402	01	1	sub-10402/ses-01/func/sub-10402_ses-01_task-trust_run-1_events.tsv	dbc60211f9cb3c08d5fd0ef2ac896760dba06b1daa1c8fd7b3d5e2425960638d	42	42	41	1	0.023809523809523808	pass		pass	False	True	True			True
sub-10402	01	2	sub-10402/ses-01/func/sub-10402_ses-01_task-trust_run-2_events.tsv	e2e82a1ddf9d6ce6a72aad8ed8780fc3a04bf0ff9191847418a9c7e0b4fdb745	42	42	42	0	0.0	pass		pass	False	True	True			True
sub-10418	01	1	sub-10418/ses-01/func/sub-10418_ses-01_task-trust_run-1_events.tsv	d0dcf61238f40da798ddaf13ba4bdd148c261e25513fcaec79e527e504571a96	42	42	42	0	0.0	pass		pass	False	True	True			True
sub-10418	01	2	sub-10418/ses-01/func/sub-10418_ses-01_task-trust_run-2_events.tsv	25266cc2259b34f30413d55bd244acdc14c6ba3ab38735b97f303f875f6bff8e	42	42	42	0	0.0	pass		pass	False	True	True			True
sub-10462	01	1	sub-10462/ses-01/func/sub-10462_ses-01_task-trust_run-1_events.tsv	25a14714be095140f25910e99e9ce280f73a6d77730678cb8805c30749d2dcdc	42	42	41	1	0.023809523809523808	pass		pass	False	True	True			True
sub-10478	01	1	sub-10478/ses-01/func/sub-10478_ses-01_task-trust_run-1_events.tsv	7dee6799b998577029e1cdef78c57aebccddaed7d2fa0d6c3e59b3927a711264	42	42	41	1	0.023809523809523808	pass		pass	False	True	True			True
sub-10478	01	2	sub-10478/ses-01/func/sub-10478_ses-01_task-trust_run-2_events.tsv	b94dcd8b9554015b4a6120cabda616922c5fc7bcc71549d42871fd831b2c7e52	42	42	41	1	0.023809523809523808	pass		pass	False	True	True			True
sub-10486	01	1	sub-10486/ses-01/func/sub-10486_ses-01_task-trust_run-1_events.tsv	2b3d060c5979e0d49ca1169a4d399605c992bc474924025972523042a4224e41	42	42	42	0	0.0	pass		pass	False	True	True			True
sub-10486	01	2	sub-10486/ses-01/func/sub-10486_ses-01_task-trust_run-2_events.tsv		42	0	0	0		not_audited		unresolved	False	False	False	BOLD runs without events files=1;behavior source missing=1;review required=1		False
sub-10529	01	1	sub-10529/ses-01/func/sub-10529_ses-01_task-trust_run-1_events.tsv	61f75826db9d464f4d1b6aa232f21fdb6214f64a81985d06c5331d010c31bffe	42	42	41	1	0.023809523809523808	pass		pass	False	True	True			True
sub-10529	01	2	sub-10529/ses-01/func/sub-10529_ses-01_task-trust_run-2_events.tsv	62526e46d5365323f0a2143c7cc7601c5474ec57d38d307d14ed08045f628d9a	42	42	40	2	0.047619047619047616	pass		pass	False	True	True			True
sub-10541	01	1	sub-10541/ses-01/func/sub-10541_ses-01_task-trust_run-1_events.tsv	7348c2ea651de1005c083e3f10c9112bccb42b15d4cb4faf4a509e07a34c392f	42	42	40	2	0.047619047619047616	pass		pass	False	True	True			True
sub-10541	01	2	sub-10541/ses-01/func/sub-10541_ses-01_task-trust_run-2_events.tsv	3d6d71534193b6d210a5cf5cb400e6baa0f215cbd1e32caf99f70bf58a9004ee	42	42	42	0	0.0	pass		pass	False	True	True			True
sub-10559	01	1	sub-10559/ses-01/func/sub-10559_ses-01_task-trust_run-1_events.tsv	bcca5c3db7d4809404a7e76664d19a0f12739bceff09a059d901d9ef00816a03	42	42	38	4	0.09523809523809523	pass		pass	False	True	True			True
sub-10559	01	2	sub-10559/ses-01/func/sub-10559_ses-01_task-trust_run-2_events.tsv	c422c253830454b3eebab13158c4c0c0a3aeadde54c53bd64d1aa8aa61864211	42	42	40	2	0.047619047619047616	pass		pass	False	True	True			True
sub-10572	01	1	sub-10572/ses-01/func/sub-10572_ses-01_task-trust_run-1_events.tsv	647c7fc1344ea0caad957814e8d62ef3ab052bf7d560448c31cb17c7df15bf8f	42	42	41	1	0.023809523809523808	pass		pass	False	True	True			True
sub-10572	01	2	sub-10572/ses-01/func/sub-10572_ses-01_task-trust_run-2_events.tsv	c44b91652fc24c526d1dd6198e7d2de5ccbb96cd1b029290690e1569186b8c53	42	42	42	0	0.0	pass		pass	False	True	True			True
sub-10581	01	1	sub-10581/ses-01/func/sub-10581_ses-01_task-trust_run-1_events.tsv	abe7923d2e40cb2eb666c9496571a684f7a6d2d7a8543bf9f1315d4cb5d284e2	42	42	38	4	0.09523809523809523	pass		pass	False	True	True			True
sub-10581	01	2	sub-10581/ses-01/func/sub-10581_ses-01_task-trust_run-2_events.tsv	7fecb494d11ba603ad056e2e01f001f49f7e01fdb3a9871c932c033f9d8027ec	42	42	41	1	0.023809523809523808	pass		pass	False	True	True			True
sub-10584	01	1	sub-10584/ses-01/func/sub-10584_ses-01_task-trust_run-1_events.tsv	540d0fc59b82b0d77e2e97d4e26b9c23b253ebf48e50580b939cb8c5f8d172da	42	42	42	0	0.0	pass		pass	False	True	True			True
sub-10584	01	2	sub-10584/ses-01/func/sub-10584_ses-01_task-trust_run-2_events.tsv	c443482a602d04002a5b176b0c6e460d4b508502bf591f1cc559e65a36e6f0a4	42	42	41	1	0.023809523809523808	pass		pass	False	True	True			True
sub-10585	01	1	sub-10585/ses-01/func/sub-10585_ses-01_task-trust_run-1_events.tsv	e387f9211de4fe9c67b4f9798bf2fd985940186840f6d8c2f33e1ac21165836a	42	42	42	0	0.0	pass		pass	False	True	True			True
sub-10585	01	2	sub-10585/ses-01/func/sub-10585_ses-01_task-trust_run-2_events.tsv	b6e06f2b7fec9ac7369f727335122ec39b98ef8b4d8553c572aadf597e86e09e	42	42	42	0	0.0	pass		pass	False	True	True			True
sub-10589	01	1	sub-10589/ses-01/func/sub-10589_ses-01_task-trust_run-1_events.tsv	5172761d90fef1df76c3443fb20263ce2491adba97485d913c8ba5dabd414910	42	42	42	0	0.0	pass		pass	False	True	True			True
sub-10589	01	2	sub-10589/ses-01/func/sub-10589_ses-01_task-trust_run-2_events.tsv	8f85237f77a9df2e363bd7a75bc38c7a8f386c5f9d141c2f9d6b0dde36254905	42	42	42	0	0.0	pass		pass	False	True	True			True
sub-10590	01	1	sub-10590/ses-01/func/sub-10590_ses-01_task-trust_run-1_events.tsv	d46ccb7308e462cf8542eb06146dce99a79acf600c03cdff6fae7b2c6a119a2e	42	42	42	0	0.0	pass		pass	False	True	True			True
sub-10590	01	2	sub-10590/ses-01/func/sub-10590_ses-01_task-trust_run-2_events.tsv	a2d95d9135c1bd56a0e6745cf578c002e6a62cf74244cac555554f4dc2b07f88	42	42	42	0	0.0	pass		pass	False	True	True			True
sub-10596	01	1	sub-10596/ses-01/func/sub-10596_ses-01_task-trust_run-1_events.tsv	e3ea99d9e7b81e5a079f74744682ef9701f2e01b4da1c0a22a68000257e31bb4	42	42	41	1	0.023809523809523808	pass		pass	False	True	True			True
sub-10596	01	2	sub-10596/ses-01/func/sub-10596_ses-01_task-trust_run-2_events.tsv	6a977c24dfba7921a38454b6949fd486f17b627dec8b28c22b7dcdfe07b98a39	42	42	41	1	0.023809523809523808	pass		pass	False	True	True			True
sub-10603	01	1	sub-10603/ses-01/func/sub-10603_ses-01_task-trust_run-1_events.tsv	6811f325fa190aa20f16fbfed545b728707c4bdb8e24938176d26ca021c00978	42	42	42	0	0.0	pass		pass	False	True	True			True
sub-10603	01	2	sub-10603/ses-01/func/sub-10603_ses-01_task-trust_run-2_events.tsv	95c387ec9439c454e7507d4630bda88aec27fca78f361d2eba4fb6d8ab4e1230	42	42	42	0	0.0	pass		pass	False	True	True			True
sub-10606	01	1	sub-10606/ses-01/func/sub-10606_ses-01_task-trust_run-1_events.tsv	546ebc47def7646cc066695986cce823a34e6b9c8a09f998375b1d48986bd5cf	42	42	40	2	0.047619047619047616	pass		pass	False	True	True			True
sub-10606	01	2	sub-10606/ses-01/func/sub-10606_ses-01_task-trust_run-2_events.tsv	45515bdd8986e77a76ed5fb6367922d8974a2f1fd21ec7a48a19eb1aca1b2f10	42	42	41	1	0.023809523809523808	pass		pass	False	True	True			True
sub-10608	01	1	sub-10608/ses-01/func/sub-10608_ses-01_task-trust_run-1_events.tsv	10843eab2878e635d7090e2bfb306f9bdcfb3a565fa1958f24e63dc6eb20ff78	42	42	42	0	0.0	pass		pass	False	True	True			True
sub-10617	01	1	sub-10617/ses-01/func/sub-10617_ses-01_task-trust_run-1_events.tsv	61bbf867d839b3ce2bfb40f8c1b7f810cc908df18802df577f6638b6336523a9	42	42	42	0	0.0	pass		pass	False	True	True			True
sub-10617	01	2	sub-10617/ses-01/func/sub-10617_ses-01_task-trust_run-2_events.tsv		42	0	0	0		not_audited		unresolved	False	False	False	BOLD runs without events files=1;behavior source missing=1;review required=1		False
sub-10636	01	1	sub-10636/ses-01/func/sub-10636_ses-01_task-trust_run-1_events.tsv	4d72865242302310bee0f9b6ae73f5ea474b40c3f84f1554792a4395cd8e90af	42	42	40	2	0.047619047619047616	pass		pass	False	True	True			True
sub-10636	01	2	sub-10636/ses-01/func/sub-10636_ses-01_task-trust_run-2_events.tsv	4d0d877ac6899e0f76c211cfc98032258e2346c3e2f17ec88da89384bf1ad42e	42	42	42	0	0.0	pass		pass	False	True	True			True
sub-10638	01	1	sub-10638/ses-01/func/sub-10638_ses-01_task-trust_run-1_events.tsv	baa030a2634a2dca3d927c0b9c122fcaa0e2168e835d670498a6aab2b9b47ad2	42	42	42	0	0.0	pass		pass	False	True	True			True
sub-10638	01	2	sub-10638/ses-01/func/sub-10638_ses-01_task-trust_run-2_events.tsv	b0cda8be2432efeeffadcdccc8b6f2efd2884162ea0c5beef2418ae9288af212	42	42	41	1	0.023809523809523808	pass		pass	False	True	True			True
sub-10640	01	1	sub-10640/ses-01/func/sub-10640_ses-01_task-trust_run-1_events.tsv	4b17887f99eaf49303b9ebcdab8941fb669ac052a335090a813f5bad60f347f4	42	42	42	0	0.0	pass		pass	False	True	True			True
sub-10640	01	2	sub-10640/ses-01/func/sub-10640_ses-01_task-trust_run-2_events.tsv	b5e640965a4442f1980fa83387fdfc04e9cb6194c098416a65f013f2c65658bc	42	42	41	1	0.023809523809523808	pass		pass	False	True	True			True
sub-10641	01	1	sub-10641/ses-01/func/sub-10641_ses-01_task-trust_run-1_events.tsv	06998cc80e3fb18ddc9c707386d52467cefd418becb47fe29133ffd6054e5bdd	42	42	42	0	0.0	pass		pass	False	True	True			True
sub-10642	01	1	sub-10642/ses-01/func/sub-10642_ses-01_task-trust_run-1_events.tsv	1139d31f82ec783a21ca2b7e30f8fa730851ddf10227a8f9dc462461913a1533	42	42	42	0	0.0	pass		pass	False	True	True			True
sub-10642	01	2	sub-10642/ses-01/func/sub-10642_ses-01_task-trust_run-2_events.tsv	1fc3216bc1eb3a472da67a6cbcf7efc469723537130cd544e0e41fc16775fc68	42	42	42	0	0.0	pass		pass	False	True	True			True
sub-10644	01	1	sub-10644/ses-01/func/sub-10644_ses-01_task-trust_run-1_events.tsv	1e1db9ca139bed612bd4a9a6694f281521e022aa8e6e493622de8e23123e1881	42	42	41	1	0.023809523809523808	pass		pass	False	True	True			True
sub-10644	01	2	sub-10644/ses-01/func/sub-10644_ses-01_task-trust_run-2_events.tsv	7d962b0e122e21a937e645517405beb79f5430e8aeb6b6ed9453e9e7605cf000	42	42	41	1	0.023809523809523808	pass		pass	False	True	True			True
sub-10647	01	1	sub-10647/ses-01/func/sub-10647_ses-01_task-trust_run-1_events.tsv	c860d1db845c82c0705d56ef742a6a4b27f265454513665c7ac621a1919b51f9	42	42	41	1	0.023809523809523808	pass		pass	False	True	True			True
sub-10647	01	2	sub-10647/ses-01/func/sub-10647_ses-01_task-trust_run-2_events.tsv	ea76a420d68d80d3027241421cd4207b5e438f34c44c43ace70e4839139353b6	42	42	42	0	0.0	pass		pass	False	True	True			True
sub-10649	01	1	sub-10649/ses-01/func/sub-10649_ses-01_task-trust_run-1_events.tsv	d522fb734a3b255ac5632ee8e20cde308ee598e38b6c934e09f5fdf198e4d0e3	42	42	38	4	0.09523809523809523	pass		pass	False	True	True			True
sub-10649	01	2	sub-10649/ses-01/func/sub-10649_ses-01_task-trust_run-2_events.tsv	34c204ee66b75c9a1049680bf9da4ef49bb09a8c5de79f06e940f6dc528a75bb	42	42	39	3	0.07142857142857142	pass		pass	False	True	True			True
sub-10652	01	1	sub-10652/ses-01/func/sub-10652_ses-01_task-trust_run-1_events.tsv	cf84147d83c9bd112f8c541036ca0100eeeb344dd780b0c1163d7d48ff065eaa	42	42	42	0	0.0	pass		pass	False	True	True			True
sub-10652	01	2	sub-10652/ses-01/func/sub-10652_ses-01_task-trust_run-2_events.tsv	066057ab88169793d599c7aa75bec95538c99f579451df540cfcd9341dcd07c5	42	42	42	0	0.0	pass		pass	False	True	True			True
sub-10656	01	1	sub-10656/ses-01/func/sub-10656_ses-01_task-trust_run-1_events.tsv	1df93259d49973e5a9d738ebd9137ba02fcd585108af12d51d26f7ca3d71e4ed	42	42	42	0	0.0	pass		pass	False	True	True			True
sub-10656	01	2	sub-10656/ses-01/func/sub-10656_ses-01_task-trust_run-2_events.tsv	a943c67fdd5f6e3abb9624ef5615fec750651d6698a7f374b867eb347bcbf601	42	42	42	0	0.0	pass		pass	False	True	True			True
sub-10657	01	1	sub-10657/ses-01/func/sub-10657_ses-01_task-trust_run-1_events.tsv	7fc8e07bd7a05bf6de208f8a55e3c5e1e1e8f923ad930316f6b177ff61dd7beb	42	42	41	1	0.023809523809523808	pass		pass	False	True	True			True
sub-10657	01	2	sub-10657/ses-01/func/sub-10657_ses-01_task-trust_run-2_events.tsv	55beb473bc3697fc66ce6a00fa60ed785b449eda2071e3d41169ffe485f1ebb4	42	42	42	0	0.0	pass		pass	False	True	True			True
sub-10661	01	1	sub-10661/ses-01/func/sub-10661_ses-01_task-trust_run-1_events.tsv	32603fa81d5e730526a47dd74ae404f49170a095bcfc859d685ce74719d78dae	42	42	42	0	0.0	pass		pass	False	True	True			True
sub-10661	01	2	sub-10661/ses-01/func/sub-10661_ses-01_task-trust_run-2_events.tsv	f0d2f91597fca10c83ba144d00ac4882b3b7e99ecd6341153ba6609ee518ca78	42	42	42	0	0.0	pass		pass	False	True	True			True
sub-10663	01	1	sub-10663/ses-01/func/sub-10663_ses-01_task-trust_run-1_events.tsv	f02085e30dbc0690af1987742d9723a4bd51866dd145f7db250038931a48b40b	42	42	38	4	0.09523809523809523	pass		pass	False	True	True			True
sub-10663	01	2	sub-10663/ses-01/func/sub-10663_ses-01_task-trust_run-2_events.tsv	aad39e9354d284adbb77940f2f7c48ae2e35a3ff2ffb84f22ca9eae0477cb7d9	42	42	38	4	0.09523809523809523	pass		pass	False	True	True			True
sub-10668	01	1	sub-10668/ses-01/func/sub-10668_ses-01_task-trust_run-1_events.tsv	bc664a3ad38f99a9fae89824f1499238ee3dc703a61b9dfd93a0b0bfce61f6ea	42	42	37	5	0.11904761904761904	pass		pass	False	True	True			True
sub-10668	01	2	sub-10668/ses-01/func/sub-10668_ses-01_task-trust_run-2_events.tsv		42	0	0	0		not_audited		unresolved	False	False	False	BOLD runs without events files=1;behavior source missing=1;review required=1		False
sub-10673	01	1	sub-10673/ses-01/func/sub-10673_ses-01_task-trust_run-1_events.tsv	33eb81a100cae83200a05adbfad9add17703bec28513407495345143784b5d14	42	42	42	0	0.0	pass		pass	False	True	True			True
sub-10673	01	2	sub-10673/ses-01/func/sub-10673_ses-01_task-trust_run-2_events.tsv	f22120d1348dfe8499ebde9b90736193c0d460cd8a6ea5c1ae9419e83a292c11	42	42	42	0	0.0	pass		pass	False	True	True			True
sub-10674	01	1	sub-10674/ses-01/func/sub-10674_ses-01_task-trust_run-1_events.tsv	88e1d7fb9b78139ede94ef5583e2c3993eebe615b2feff8fcff193e69216a077	42	42	42	0	0.0	pass		pass	False	True	True			True
sub-10674	01	2	sub-10674/ses-01/func/sub-10674_ses-01_task-trust_run-2_events.tsv	d1a784e9e2b7205c7a3046b94a5a30648e93754025ef5124cb7170d995835b00	42	42	42	0	0.0	pass		pass	False	True	True			True
sub-10677	01	1	sub-10677/ses-01/func/sub-10677_ses-01_task-trust_run-1_events.tsv	0c0301db068fd969b6e56e68e490fe8d0a305fa9c006542cfc6d9c77730e331d	42	42	40	2	0.047619047619047616	pass		pass	False	True	True			True
sub-10677	01	2	sub-10677/ses-01/func/sub-10677_ses-01_task-trust_run-2_events.tsv	e83b60172522fc326266295b09f9b33968ad494e14248d03fcd73754ce99e3be	42	42	42	0	0.0	pass		pass	False	True	True			True
sub-10685	01	1	sub-10685/ses-01/func/sub-10685_ses-01_task-trust_run-1_events.tsv	4604273a1a9df4acc18b6d4c2d9aaae8d08bbb5723ea51e9147d0951993565a8	42	42	41	1	0.023809523809523808	pass		pass	False	True	True			True
sub-10685	01	2	sub-10685/ses-01/func/sub-10685_ses-01_task-trust_run-2_events.tsv	c358afdc155933f6d262a57623f0710e59a87295eeb50fb6905c88d9e978e30d	42	42	42	0	0.0	pass		pass	False	True	True			True
sub-10690	01	1	sub-10690/ses-01/func/sub-10690_ses-01_task-trust_run-1_events.tsv	70ac0d1365254ba27cf91a376f6207b60eb7546561c52044cf419184103bfa9c	42	42	41	1	0.023809523809523808	pass		pass	False	True	True			True
sub-10691	01	1	sub-10691/ses-01/func/sub-10691_ses-01_task-trust_run-1_events.tsv	d3104ad7b2111740877d2b5f0387d5349ad882cbfdc3676285f7186bb870a401	42	42	42	0	0.0	pass		pass	False	True	True			True
sub-10691	01	2	sub-10691/ses-01/func/sub-10691_ses-01_task-trust_run-2_events.tsv	d525c44400bc4b89225cd6da6714604b935677873e11dc8eb094209050b2843e	42	42	42	0	0.0	pass		pass	False	True	True			True
sub-10700	01	1	sub-10700/ses-01/func/sub-10700_ses-01_task-trust_run-1_events.tsv	cd8c0304b48db1cfbf8fbc3ef616e39949f1d8714efc1dffef7b350da2f5f069	42	42	42	0	0.0	pass		pass	False	True	True			True
sub-10700	01	2	sub-10700/ses-01/func/sub-10700_ses-01_task-trust_run-2_events.tsv	308559f8e9d633fc14c77d82c9b1bdf46e04e630607577bacf5c76662bb4efa8	42	42	42	0	0.0	pass		pass	False	True	True			True
sub-10701	01	1	sub-10701/ses-01/func/sub-10701_ses-01_task-trust_run-1_events.tsv	5606daaa50250060a0ceb4695a1d8f25ccc70fe6b559aaf431eaa49bb3cec5b5	42	42	41	1	0.023809523809523808	pass		pass	False	True	True			True
sub-10701	01	2	sub-10701/ses-01/func/sub-10701_ses-01_task-trust_run-2_events.tsv	f508221edec059cc7b4b9f3688d5d9a2cc40045098813cbbcaba27ebe4ff5dbd	42	42	42	0	0.0	pass		pass	False	True	True			True
sub-10713	01	1	sub-10713/ses-01/func/sub-10713_ses-01_task-trust_run-1_events.tsv	3c785ace8d32b8bb952f8219eceaf028a0a4437c235aedd3d07c130a9186adc3	42	42	39	3	0.07142857142857142	pass		pass	False	True	True			True
sub-10713	01	2	sub-10713/ses-01/func/sub-10713_ses-01_task-trust_run-2_events.tsv	d5b5016286e3dbf93e5d35f501129cc21f4c4395f011a6c5e1b7728b134a7af3	42	42	42	0	0.0	pass		pass	False	True	True			True
sub-10716	01	1	sub-10716/ses-01/func/sub-10716_ses-01_task-trust_run-1_events.tsv	ba7a09dd1c015d9c987392d4ec41e0a95ea1e28dc072a7d130b6bcbda889da07	42	42	42	0	0.0	pass		pass	False	True	True			True
sub-10716	01	2	sub-10716/ses-01/func/sub-10716_ses-01_task-trust_run-2_events.tsv	6ceb3db5d5084370cae0aa7010d340af13d502c4d3dec943511b7d847beabc30	42	42	42	0	0.0	pass		pass	False	True	True			True
sub-10718	01	1	sub-10718/ses-01/func/sub-10718_ses-01_task-trust_run-1_events.tsv	2eb9239ca0eb79a21339e2344a5db8813c5a5e5261ba020d67f1d29758227cb1	42	42	42	0	0.0	pass		pass	False	True	True			True
sub-10718	01	2	sub-10718/ses-01/func/sub-10718_ses-01_task-trust_run-2_events.tsv	d2de82e462e427e7b6bf2c26e340a7a06552247660b1b4bcd5ce7516564bdc18	42	42	42	0	0.0	pass		pass	False	True	True			True
sub-10720	01	1	sub-10720/ses-01/func/sub-10720_ses-01_task-trust_run-1_events.tsv	f66d823718b3b7ff81cc6309ff2580faf8bb2aee13adc8d5b86fd71bbfc49813	42	42	42	0	0.0	pass		pass	False	True	True			True
sub-10720	01	2	sub-10720/ses-01/func/sub-10720_ses-01_task-trust_run-2_events.tsv	6200e792e8e7b0a866cca8944fb6243236f994d2a56e84d6afbc7018c3f627a6	42	42	42	0	0.0	pass		pass	False	True	True			True
sub-10723	01	1	sub-10723/ses-01/func/sub-10723_ses-01_task-trust_run-1_events.tsv	8b1ce1a941d022be42386d01e7538696af4b7f8c3244ad5b784455e8fc8a268f	42	42	41	1	0.023809523809523808	pass		pass	False	True	True			True
sub-10723	01	2	sub-10723/ses-01/func/sub-10723_ses-01_task-trust_run-2_events.tsv	fdb9afa299dd08bf4024421033659abb3b5934c86dc9db147eb76d5076cb3dc9	42	42	42	0	0.0	pass		pass	False	True	True			True
sub-10741	01	1	sub-10741/ses-01/func/sub-10741_ses-01_task-trust_run-1_events.tsv	afe45c1844d930979b2b6363bbb228dc34f9c20a70e64cdc92953582b1878caf	42	42	42	0	0.0	pass		pass	False	True	True			True
sub-10741	01	2	sub-10741/ses-01/func/sub-10741_ses-01_task-trust_run-2_events.tsv	a8b915978c644c36a5ad40836bdf6b045d4c349e1c5734f9a76d5c37ea5cf3b5	42	42	41	1	0.023809523809523808	pass		pass	False	True	True			True
sub-10748	01	1	sub-10748/ses-01/func/sub-10748_ses-01_task-trust_run-1_events.tsv	adaaaf7e625b7338c23589b2e0ceb9929f90474f5cd3ee7e91388658558d739b	42	42	42	0	0.0	pass		pass	False	True	True			True
sub-10748	01	2	sub-10748/ses-01/func/sub-10748_ses-01_task-trust_run-2_events.tsv	d764b3bdcb3538a9b7c5fced9dc52ea0868eec3f71c594601316a7a043b2b5e2	42	42	42	0	0.0	pass		pass	False	True	True			True
sub-10767	01	1	sub-10767/ses-01/func/sub-10767_ses-01_task-trust_run-1_events.tsv	2e2278e63d2223052fbe7688695d9c9e169fd71b583960812a44cfff3846b45c	42	42	42	0	0.0	pass		pass	False	True	True			True
sub-10767	01	2	sub-10767/ses-01/func/sub-10767_ses-01_task-trust_run-2_events.tsv	5c15b1b72a6dac5585eb1b1c4c06f39552e55b0b61cb1e9a7d386013c3c4fe83	42	42	42	0	0.0	pass		pass	False	True	True			True
sub-10770	01	1	sub-10770/ses-01/func/sub-10770_ses-01_task-trust_run-1_events.tsv	5b281d3d7969f69d95cc857c3f640c5ec502e060d464a4db68f30606021ecde3	42	42	41	1	0.023809523809523808	pass		pass	False	True	True			True
sub-10770	01	2	sub-10770/ses-01/func/sub-10770_ses-01_task-trust_run-2_events.tsv	19bcde3859d09b169905f6cdb2894cd69755e08ecfa9876c464568218a6e9522	42	42	42	0	0.0	pass		pass	False	True	True			True
sub-10777	01	1	sub-10777/ses-01/func/sub-10777_ses-01_task-trust_run-1_events.tsv	1e1efb5ae2ea847c31d5add0d4d696e5e586a975ccee294f2ba4948503ddccf2	42	42	42	0	0.0	pass		pass	False	True	True			True
sub-10781	01	1	sub-10781/ses-01/func/sub-10781_ses-01_task-trust_run-1_events.tsv	0bd2f3bf03a991d89378744db78fddef150315ced823377e46f94cd05f851fcc	42	42	41	1	0.023809523809523808	pass		pass	False	True	True			True
sub-10781	01	2	sub-10781/ses-01/func/sub-10781_ses-01_task-trust_run-2_events.tsv	cc4eb9c2de4c6ad675c8ae322410edd57b83ff2991a7428e7f0f0d19b17d157d	42	42	42	0	0.0	pass		pass	False	True	True			True
sub-10783	01	1	sub-10783/ses-01/func/sub-10783_ses-01_task-trust_run-1_events.tsv	965753a1bcc3d71c7820e56258c382316c9cc97b079cb55e4cdd135c42d3533f	42	42	39	3	0.07142857142857142	pass		pass	False	True	True			True
sub-10783	01	2	sub-10783/ses-01/func/sub-10783_ses-01_task-trust_run-2_events.tsv	fd7d347686b0b384e65b703d4dfd28714f393c684d9205afe6ede3db7b81235b	42	42	42	0	0.0	pass		pass	False	True	True			True
sub-10785	01	1	sub-10785/ses-01/func/sub-10785_ses-01_task-trust_run-1_events.tsv	580d12dfd3a88390974ce30739eb820dd0e5124cb1b777f3659d3022b6f7b735	42	42	41	1	0.023809523809523808	pass		pass	False	True	True			True
sub-10785	01	2	sub-10785/ses-01/func/sub-10785_ses-01_task-trust_run-2_events.tsv	9286ec51a28853e3930aab26afa3c50d2eae9b677ae007b948358a14f4f48d8b	42	42	42	0	0.0	pass		pass	False	True	True			True
sub-10794	01	1	sub-10794/ses-01/func/sub-10794_ses-01_task-trust_run-1_events.tsv	be01613275b6983e2578517ce449956939eebf287e78a7d65dafc9056925fe7c	42	42	41	1	0.023809523809523808	pass		pass	False	True	True			True
sub-10794	01	2	sub-10794/ses-01/func/sub-10794_ses-01_task-trust_run-2_events.tsv	27c9df7a056319ce6036654c2a267f5bc420b1e9d689df3d2117c086c0a87eda	42	42	42	0	0.0	pass		pass	False	True	True			True
sub-10800	01	1	sub-10800/ses-01/func/sub-10800_ses-01_task-trust_run-1_events.tsv	90f6b4e20636b8beaacb92f40e15608a7c6983e0efee05554b2ba6bc47000f89	42	42	42	0	0.0	pass		pass	False	True	True			True
sub-10800	01	2	sub-10800/ses-01/func/sub-10800_ses-01_task-trust_run-2_events.tsv	e8e900d561ac505e2f5426c3a2966c7d63cb4d7e944bc815c7f2a6e473062cb3	42	42	38	4	0.09523809523809523	pass		pass	False	True	True			True
sub-10801	01	1	sub-10801/ses-01/func/sub-10801_ses-01_task-trust_run-1_events.tsv	905456c3de1f1d317d583a45579632cc178a27ee686854745a208ed7b155e9e6	42	42	42	0	0.0	pass		pass	False	True	True			True
sub-10801	01	2	sub-10801/ses-01/func/sub-10801_ses-01_task-trust_run-2_events.tsv	3d3496966227e7984b6fd818fc853aa6d585e8340464f530643fb571700c745c	42	42	42	0	0.0	pass		pass	False	True	True			True
sub-10802	01	1	sub-10802/ses-01/func/sub-10802_ses-01_task-trust_run-1_events.tsv	45fa2c888ffc2c33a21c0a78d81b5ece9758e784a9c3a9300a6de67282ad9edb	42	42	42	0	0.0	pass		pass	False	True	True			True
sub-10802	01	2	sub-10802/ses-01/func/sub-10802_ses-01_task-trust_run-2_events.tsv	9956e236ab88b1f7558ed383ce1b7d0a0dd80d4ef40f3beabe5187e4e173290f	42	42	42	0	0.0	pass		pass	False	True	True			True
sub-10803	01	1	sub-10803/ses-01/func/sub-10803_ses-01_task-trust_run-1_events.tsv	7897cefff190c4f0a7c197d1b0750a457b543adebfe6a4c01a1d018ed46cd8fe	42	42	42	0	0.0	pass		pass	False	True	True			True
sub-10804	01	1	sub-10804/ses-01/func/sub-10804_ses-01_task-trust_run-1_events.tsv	58c7266ac171a543a469340f2adb6f80cd7c4438d2430d5b59cd0a253650d297	42	42	42	0	0.0	pass		pass	False	True	True			True
sub-10804	01	2	sub-10804/ses-01/func/sub-10804_ses-01_task-trust_run-2_events.tsv	db62ad59602e510506f60aec06718443e286d358042d45cc8312759fbf415877	42	42	39	3	0.07142857142857142	pass		pass	False	True	True			True
sub-10806	01	1	sub-10806/ses-01/func/sub-10806_ses-01_task-trust_run-1_events.tsv	c2931a489de0f8dd2d5aca61cee6f25afc0c973c9c864754bc2f6d39796c6030	42	42	41	1	0.023809523809523808	pass		pass	False	True	True			True
sub-10806	01	2	sub-10806/ses-01/func/sub-10806_ses-01_task-trust_run-2_events.tsv	f58ceae1b3f71d20a9607a3dd76c4ac3411bd9880ede77b17b2016dd48de67b3	42	42	41	1	0.023809523809523808	pass		pass	False	True	True			True
sub-10807	01	1	sub-10807/ses-01/func/sub-10807_ses-01_task-trust_run-1_events.tsv	22f5060aa907f70354a5b6e8382886878031dd74e1e0dd683fa1631f81245a4b	42	42	40	2	0.047619047619047616	pass		pass	False	True	True			True
sub-10807	01	2	sub-10807/ses-01/func/sub-10807_ses-01_task-trust_run-2_events.tsv	f3d054a1aafca33f22d42ca056fbe45de1e9e0927b4dad4ca08856f555674ef2	42	42	41	1	0.023809523809523808	pass		pass	False	True	True			True
sub-10809	01	1	sub-10809/ses-01/func/sub-10809_ses-01_task-trust_run-1_events.tsv	b70948a0c313f7bb4a784db97987bda7d8312cc0bcda526f6ef58fda6f740a42	42	42	41	1	0.023809523809523808	pass		pass	False	True	True			True
sub-10809	01	2	sub-10809/ses-01/func/sub-10809_ses-01_task-trust_run-2_events.tsv	9088373160dedf7740a32347743753b62448ea617e2c9383dc92b4c46bf161f0	42	42	42	0	0.0	pass		pass	False	True	True			True
sub-10810	01	1	sub-10810/ses-01/func/sub-10810_ses-01_task-trust_run-1_events.tsv	de874c243612e87750afa8d9a7fd8f4628f7ed0d207580d04b8373a65bfb6813	42	42	42	0	0.0	pass		pass	False	True	True			True
sub-10810	01	2	sub-10810/ses-01/func/sub-10810_ses-01_task-trust_run-2_events.tsv	c51216fec326a3e59403c91f65d0bf5b03408c60eeab034d3e05e85875f46ef6	42	42	42	0	0.0	pass		pass	False	True	True			True
sub-10812	01	1	sub-10812/ses-01/func/sub-10812_ses-01_task-trust_run-1_events.tsv	235415f28d475a511e452197002efa11d302be3b4342d878a23da3a6c54805f5	42	42	42	0	0.0	pass		pass	False	True	True			True
sub-10812	01	2	sub-10812/ses-01/func/sub-10812_ses-01_task-trust_run-2_events.tsv	6d6b94e1889cfff208a7d31ebe2e7ed23d7d318ba260dd502b8857f1c2b85894	42	42	42	0	0.0	pass		pass	False	True	True			True
sub-10817	01	1	sub-10817/ses-01/func/sub-10817_ses-01_task-trust_run-1_events.tsv	c7f836d6f59f9c83b080d1d311a8f5094c971aeddcd0011e4abd355c2687abb0	42	42	42	0	0.0	pass		pass	False	True	True			True
sub-10817	01	2	sub-10817/ses-01/func/sub-10817_ses-01_task-trust_run-2_events.tsv	111197797fdf72da7204d75d9d3384c7be054e1bb4d9558e783d7f6b4c485211	42	42	42	0	0.0	pass		pass	False	True	True			True
sub-10827	01	1	sub-10827/ses-01/func/sub-10827_ses-01_task-trust_run-1_events.tsv	4578c3246159e761e86355016586039d601170c1bab6ae0a5f36428898727d71	42	42	29	13	0.30952380952380953	review	overall_miss_fraction_threshold	pass	False	True	False		more_than_20_percent_misses;	True
sub-10827	01	2	sub-10827/ses-01/func/sub-10827_ses-01_task-trust_run-2_events.tsv	46789cb225610ab7b381f735aa2f7e5399550f8e72bba1e3983448e74a7c1177	42	42	27	15	0.35714285714285715	review	overall_miss_fraction_threshold	pass	False	True	False		more_than_20_percent_misses;	True
sub-10831	01	1	sub-10831/ses-01/func/sub-10831_ses-01_task-trust_run-1_events.tsv	8467a10675796b3fc1d3e85921358ee6888f49892e0466a87e37ffd85aa09512	42	42	42	0	0.0	pass		pass	False	True	True			True
sub-10831	01	2	sub-10831/ses-01/func/sub-10831_ses-01_task-trust_run-2_events.tsv	7228a8a356bc60cd546f11f6c5873a1d611c035be3f35604010a3b3706c0b196	42	42	42	0	0.0	pass		pass	False	True	True			True
sub-10834	01	1	sub-10834/ses-01/func/sub-10834_ses-01_task-trust_run-1_events.tsv	54290f7828269b9d75360d7f22efc274e112eb629d94dfa93ac91a53f9c7b9f4	42	42	42	0	0.0	pass		pass	False	True	True			True
sub-10834	01	2	sub-10834/ses-01/func/sub-10834_ses-01_task-trust_run-2_events.tsv	6253139c48caee8c0ed9963c028b010efd0fa0c57f9f692d30265a470c313038	42	42	42	0	0.0	pass		pass	False	True	True			True
sub-10836	01	1	sub-10836/ses-01/func/sub-10836_ses-01_task-trust_run-1_events.tsv	5a22fa4e4c6531eaa09fdfb9f96eb3e9d8b80b8a3a75d80cffa2bf2b42779a8d	42	42	41	1	0.023809523809523808	pass		pass	False	True	True			True
sub-10838	01	1	sub-10838/ses-01/func/sub-10838_ses-01_task-trust_run-1_events.tsv	277e5712836ec37c3b3bb8428836a77c5112f643927c19cf99553db0a3b7b76a	42	42	38	4	0.09523809523809523	pass		pass	False	True	True			True
sub-10838	01	2	sub-10838/ses-01/func/sub-10838_ses-01_task-trust_run-2_events.tsv	8a0612b2802e6af4072ea30b4714e123da10e163d0165bef907181ff225569f2	42	42	37	5	0.11904761904761904	pass		pass	False	True	True			True
sub-10843	01	1	sub-10843/ses-01/func/sub-10843_ses-01_task-trust_run-1_events.tsv	fe74f059de11021d299f5fbe3c4d3b74098584b0976f7cbc5e9ca821594659b5	42	42	42	0	0.0	pass		pass	False	True	True			True
sub-10843	01	2	sub-10843/ses-01/func/sub-10843_ses-01_task-trust_run-2_events.tsv	b458788dd66bf936721255facdcfed4b7c2e6583ee6184729d092ec780d25717	42	42	42	0	0.0	pass		pass	False	True	True			True
sub-10850	01	1	sub-10850/ses-01/func/sub-10850_ses-01_task-trust_run-1_events.tsv	1f30659fa440b71cfa4ad58b6f5da18a600921515ac1668b302487ae649bfccc	42	42	42	0	0.0	pass		pass	False	True	True			True
sub-10850	01	2	sub-10850/ses-01/func/sub-10850_ses-01_task-trust_run-2_events.tsv	dac07d4b5624a52b9555373cb04e92b12456c68c78fd8f62d98dc5f0b48a5e79	42	42	42	0	0.0	pass		pass	False	True	True			True
sub-10854	01	1	sub-10854/ses-01/func/sub-10854_ses-01_task-trust_run-1_events.tsv	cd3778d941ddf1b97dcfac04a548ab03ea9745b6c9a4c3ddc871e1711b91817c	42	42	42	0	0.0	pass		pass	False	True	True			True
sub-10854	01	2	sub-10854/ses-01/func/sub-10854_ses-01_task-trust_run-2_events.tsv	e951d1010987b91f99d2873b2c727b20e843c0083ba9294e3d2ebac6b5261d66	42	42	42	0	0.0	pass		pass	False	True	True			True
sub-10857	01	1	sub-10857/ses-01/func/sub-10857_ses-01_task-trust_run-1_events.tsv	41138b32605c934a8b3652c1a336684ce34599ab9161563c2d9af35c92dfd4eb	42	42	42	0	0.0	pass		pass	False	True	True			True
sub-10857	01	2	sub-10857/ses-01/func/sub-10857_ses-01_task-trust_run-2_events.tsv	49f7262ef9a110f973d59d0da36cf6062938ce46e2af336eb87291b14b6fa581	42	42	42	0	0.0	pass		pass	False	True	True			True
sub-10858	01	1	sub-10858/ses-01/func/sub-10858_ses-01_task-trust_run-1_events.tsv	9f680a5f94f8539c38d42a4affb97fbd4b3c06a218adf5fc54934d197032dd99	42	42	41	1	0.023809523809523808	pass		pass	False	True	True			True
sub-10858	01	2	sub-10858/ses-01/func/sub-10858_ses-01_task-trust_run-2_events.tsv	cc2fe8a67751c97713b4edad14352ad161a819ddea3ae27a96877ce6b151277a	42	42	42	0	0.0	pass		pass	False	True	True			True
sub-10860	01	1	sub-10860/ses-01/func/sub-10860_ses-01_task-trust_run-1_events.tsv	4016040e122ca039ab0917ff38d3292b417945893d03a7e6495789cf3db01600	42	42	41	1	0.023809523809523808	pass		pass	False	True	True			True
sub-10860	01	2	sub-10860/ses-01/func/sub-10860_ses-01_task-trust_run-2_events.tsv	2b290bf1c5538beea330a595dfd2a005b208cb32a337b590ecdca18dfdec8ebc	42	42	41	1	0.023809523809523808	pass		pass	False	True	True			True
sub-10862	01	1	sub-10862/ses-01/func/sub-10862_ses-01_task-trust_run-1_events.tsv	e80f9bcfce377439c1cf2237bc32e606b93923bf5d7a6b06550b700ebb7767e3	42	42	41	1	0.023809523809523808	pass		pass	False	True	True			True
sub-10862	01	2	sub-10862/ses-01/func/sub-10862_ses-01_task-trust_run-2_events.tsv	09ac2ee84158cf0447fab91b07b95ce81f2c794c26682a3333d76190ced5b18e	42	42	41	1	0.023809523809523808	pass		pass	False	True	True			True
sub-10863	01	1	sub-10863/ses-01/func/sub-10863_ses-01_task-trust_run-1_events.tsv	fb165c0c29569b2e805a5eee29e65d2cb39bfed12977ae4f4989b2ae70fcec96	42	42	41	1	0.023809523809523808	pass		pass	False	True	True			True
sub-10863	01	2	sub-10863/ses-01/func/sub-10863_ses-01_task-trust_run-2_events.tsv	333b45f7cabe823f6c643a06db84f32e9a3a09000985f8710a02e96d72b66cd5	42	42	42	0	0.0	pass		pass	False	True	True			True
sub-10866	01	1	sub-10866/ses-01/func/sub-10866_ses-01_task-trust_run-1_events.tsv	a82e78385ba36e54d3518965d4d2c1572eadef07812a4bc7539b9e7df5ea2e78	42	42	42	0	0.0	pass		pass	False	True	True			True
sub-10866	01	2	sub-10866/ses-01/func/sub-10866_ses-01_task-trust_run-2_events.tsv	821687af4f181a64f32ffce62a2856141334f2891909bd11e0e4f77fc344de17	42	42	42	0	0.0	pass		pass	False	True	True			True
sub-10875	01	1	sub-10875/ses-01/func/sub-10875_ses-01_task-trust_run-1_events.tsv	b1138e6cf99d7d9f8b11f86ee7cf07f03a56950b4437998247bd3093a867c605	42	42	42	0	0.0	pass		pass	False	True	True			True
sub-10875	01	2	sub-10875/ses-01/func/sub-10875_ses-01_task-trust_run-2_events.tsv	229aeaf72d060788303633f792f59ba5d06337c8f6a6551de98cb50adccc0eb2	42	42	42	0	0.0	pass		pass	False	True	True			True
sub-10881	01	1	sub-10881/ses-01/func/sub-10881_ses-01_task-trust_run-1_events.tsv	3ab75fefede447140b53fe42774f9e63c4ca64119d8caba52c5472d7e7a6549f	42	42	38	4	0.09523809523809523	pass		pass	False	True	True			True
sub-10886	01	1	sub-10886/ses-01/func/sub-10886_ses-01_task-trust_run-1_events.tsv	197de1249089a34257a8e528e8e75ade3ba501a0a32194259a89972c38a6ff9a	42	42	40	2	0.047619047619047616	pass		pass	False	True	True			True
sub-10887	01	1	sub-10887/ses-01/func/sub-10887_ses-01_task-trust_run-1_events.tsv	5024868d5eee90db0638126532ea08954b7e26886e90e833c0b0c8a60e58ec53	42	42	42	0	0.0	pass		pass	False	True	True			True
sub-10887	01	2	sub-10887/ses-01/func/sub-10887_ses-01_task-trust_run-2_events.tsv	26ae27a4a36117166f08f05ecb6b94d0daa19d0678f253452209c5d1496155c4	42	42	42	0	0.0	pass		pass	False	True	True			True
sub-10896	01	1	sub-10896/ses-01/func/sub-10896_ses-01_task-trust_run-1_events.tsv	bf964d1bb0717df6ebc567c027a65de2904c5b469b06a6ff2845403fec084f23	42	42	41	1	0.023809523809523808	pass		pass	False	True	True			True
sub-10896	01	2	sub-10896/ses-01/func/sub-10896_ses-01_task-trust_run-2_events.tsv	7538c47d26af5799cf932abd0e3507ca051878755bc977e07e8fe8c1157327a7	42	42	40	2	0.047619047619047616	pass		pass	False	True	True			True
sub-10897	01	1	sub-10897/ses-01/func/sub-10897_ses-01_task-trust_run-1_events.tsv	b673d23ca152dc6ce5dbe657635a3ac8c4eba1fee2fada18549bcb7e9a007a74	42	42	41	1	0.023809523809523808	pass		pass	False	True	True			True
sub-10898	01	1	sub-10898/ses-01/func/sub-10898_ses-01_task-trust_run-1_events.tsv	5c61e224d725e3ac11a9dd14598feaae56592a521e57c8100d49c3dd3741ecdb	42	42	40	2	0.047619047619047616	pass		pass	False	True	True			True
sub-10898	01	2	sub-10898/ses-01/func/sub-10898_ses-01_task-trust_run-2_events.tsv	895baff852a655195a0f6cfa6d145de2e0925caadd44cc29638e81d68f351298	42	42	39	3	0.07142857142857142	pass		pass	False	True	True			True
sub-10908	01	1	sub-10908/ses-01/func/sub-10908_ses-01_task-trust_run-1_events.tsv	80744ecb0c93d5e39a145aa69d1ea37ead3845ea3a282d4b54d7a175f648a39f	42	42	41	1	0.023809523809523808	pass		pass	False	True	True			True
sub-10908	01	2	sub-10908/ses-01/func/sub-10908_ses-01_task-trust_run-2_events.tsv	0fa42099b1c184f4a822ac1bb79baacfc60aec9448a4b905fc3b21ed73c081f5	42	42	42	0	0.0	pass		pass	False	True	True			True
sub-10918	01	1	sub-10918/ses-01/func/sub-10918_ses-01_task-trust_run-1_events.tsv	a6996e7ced79c2297d684cc0dba716b5a75799406566d8fb7a40d51262c0f8ec	42	42	42	0	0.0	pass		pass	False	True	True			True
sub-10918	01	2	sub-10918/ses-01/func/sub-10918_ses-01_task-trust_run-2_events.tsv	4188e7f0de853714eee5b0ded3a8556bd6459d45aef1eb0d5447fccfe8615874	42	42	42	0	0.0	pass		pass	False	True	True			True
sub-10919	01	1	sub-10919/ses-01/func/sub-10919_ses-01_task-trust_run-1_events.tsv	57f1f1406bee174eff9baff5aa99de21695a1bcec59bdd25e6ce8f4e96765a26	42	42	42	0	0.0	pass		pass	False	True	True			True
sub-10919	01	2	sub-10919/ses-01/func/sub-10919_ses-01_task-trust_run-2_events.tsv	08ce59953917b916fba1da9b9dae2bfe90eda996d7f799a7764e5a00248367c1	42	42	42	0	0.0	pass		pass	False	True	True			True
sub-10924	01	1	sub-10924/ses-01/func/sub-10924_ses-01_task-trust_run-1_events.tsv	4aa62cb266836cc240016851b6e16808192a7a169595664f033bf50ff7a8c816	42	42	42	0	0.0	pass		pass	False	True	True			True
sub-10924	01	2	sub-10924/ses-01/func/sub-10924_ses-01_task-trust_run-2_events.tsv	9f87e01a1a5e5920b8a97fdafd3ed43629b2a6985e4408fd7d6828076585ff94	42	42	42	0	0.0	pass		pass	False	True	True			True
sub-10926	01	1	sub-10926/ses-01/func/sub-10926_ses-01_task-trust_run-1_events.tsv	c120f5b22b51c781394a6c68b68db688b53401bfbcf3e28471c10dd1313e3509	42	42	42	0	0.0	pass		pass	False	True	True			True
sub-10928	01	1	sub-10928/ses-01/func/sub-10928_ses-01_task-trust_run-1_events.tsv	029298b45719f8965dc285a5ad573c95e1c44ba5892984141a32aa6db012206c	42	42	41	1	0.023809523809523808	pass		pass	False	True	True			True
sub-10929	01	1	sub-10929/ses-01/func/sub-10929_ses-01_task-trust_run-1_events.tsv	d25214da7276176697838a5224f39639c863305eb8f4fdb71f2b3a70d7a5e8ab	42	42	42	0	0.0	pass		pass	False	True	True			True
sub-10930	01	1	sub-10930/ses-01/func/sub-10930_ses-01_task-trust_run-1_events.tsv	4e058eb44a548c2850348e2073513f124bed853ad28b918928048281802deaec	42	42	41	1	0.023809523809523808	pass		pass	False	True	True			True
sub-10930	01	2	sub-10930/ses-01/func/sub-10930_ses-01_task-trust_run-2_events.tsv	beef3412a5be107caa0140a70c839eb77fa7b01ebb2f94395ddcf2b33609fcff	42	42	42	0	0.0	pass		pass	False	True	True			True
sub-10938	01	1	sub-10938/ses-01/func/sub-10938_ses-01_task-trust_run-1_events.tsv	aaf6b966c41f6a813f7ecf11cf02955e5a5cd8a3777174eb2538a77c7a6cf3fb	42	42	41	1	0.023809523809523808	pass		pass	False	True	True			True
sub-10938	01	2	sub-10938/ses-01/func/sub-10938_ses-01_task-trust_run-2_events.tsv	a8e302462618de78645f777975bcd9d6312a2edf9db6de72a0e149b2f43237e1	42	42	42	0	0.0	pass		pass	False	True	True			True
sub-10940	01	1	sub-10940/ses-01/func/sub-10940_ses-01_task-trust_run-1_events.tsv	b29b7ab6b8cbc1ef07c639e2626f701a4e08e4e34dd50d4bbe5584d3cb35f9be	42	42	42	0	0.0	pass		pass	False	True	True			True
sub-10940	01	2	sub-10940/ses-01/func/sub-10940_ses-01_task-trust_run-2_events.tsv	f1c9f7c6d5db27e8ba14b9ad91363672697c1d88a79409124666b403042a7205	42	42	42	0	0.0	pass		pass	False	True	True			True
sub-10950	01	1	sub-10950/ses-01/func/sub-10950_ses-01_task-trust_run-1_events.tsv	41fa7bc0393b7aaa5b23443031dc08f185d6fd7bf17b33cc4c6498ed65922056	42	42	42	0	0.0	pass		pass	False	True	True			True
sub-10950	01	2	sub-10950/ses-01/func/sub-10950_ses-01_task-trust_run-2_events.tsv	effd23589bc52423da3103f8f900db3474db6d4197fa0a7f194ac35428cd02a9	42	42	42	0	0.0	pass		pass	False	True	True			True
sub-10952	01	1	sub-10952/ses-01/func/sub-10952_ses-01_task-trust_run-1_events.tsv	8dc16edcacab132c6bbb9410ff5071728f89c5b9d4696d5155f81ad07b557eb2	42	42	42	0	0.0	pass		pass	False	True	True			True
sub-10953	01	1	sub-10953/ses-01/func/sub-10953_ses-01_task-trust_run-1_events.tsv	434e89daef36169b646a512e6077a40a55b3540bbd073fade3821900f85ff28d	42	42	42	0	0.0	pass		pass	False	True	True			True
sub-10953	01	2	sub-10953/ses-01/func/sub-10953_ses-01_task-trust_run-2_events.tsv	b13ff3162212eeac251e58bc6cb8ae9542df448b590c64f4d5e8d1f531e78c0f	42	42	42	0	0.0	pass		pass	False	True	True			True
sub-10954	01	1	sub-10954/ses-01/func/sub-10954_ses-01_task-trust_run-1_events.tsv	5566a1983ef121a623dc10aaa65638dd8c2420d776ae0d8b2a1f1538ad8bb2ef	42	42	29	13	0.30952380952380953	review	overall_miss_fraction_threshold	pass	False	True	False		more_than_20_percent_misses;	True
sub-10954	01	2	sub-10954/ses-01/func/sub-10954_ses-01_task-trust_run-2_events.tsv	3b3c14bf4650ad755e63b8070a30b4a27fc40cf9a405847546572206a608a4db	42	42	30	12	0.2857142857142857	review	overall_miss_fraction_threshold	pass	False	True	False		more_than_20_percent_misses;	True
sub-10956	01	1	sub-10956/ses-01/func/sub-10956_ses-01_task-trust_run-1_events.tsv	853c29629a3ee4ebe0eaf00b6cb8e2767ace2438524d1b58b87dda99c7ecf7f2	42	42	42	0	0.0	pass		pass	False	True	True			True
sub-10956	01	2	sub-10956/ses-01/func/sub-10956_ses-01_task-trust_run-2_events.tsv	fc5b2e8a65b929d274e5cd0fbe798515f5091ed947fd2f974f4986ea9e73f61a	42	42	42	0	0.0	pass		pass	False	True	True			True
sub-10958	01	1	sub-10958/ses-01/func/sub-10958_ses-01_task-trust_run-1_events.tsv	db7c5824a9683b1fe47b06807ee90d1681b61f2ffe5652c5660b714a037816dc	42	42	40	2	0.047619047619047616	pass		pass	False	True	True			True
sub-10958	01	2	sub-10958/ses-01/func/sub-10958_ses-01_task-trust_run-2_events.tsv	59745cf5821b12a3cf6428d00ffdd8c58fc513f08684e3eafc567ce026de9a02	42	42	42	0	0.0	pass		pass	False	True	True			True
sub-10961	01	1	sub-10961/ses-01/func/sub-10961_ses-01_task-trust_run-1_events.tsv	5b025a82de3b340a0522d14ed0731a7913ba27a7377fbd240068eaac645fd0ef	42	42	41	1	0.023809523809523808	pass		pass	False	True	True			True
sub-10961	01	2	sub-10961/ses-01/func/sub-10961_ses-01_task-trust_run-2_events.tsv	44c6827eca6962fb1d22e50f235a7be3619e884182bd342466a53f990e8d3a77	42	42	40	2	0.047619047619047616	pass		pass	False	True	True			True
sub-10964	01	1	sub-10964/ses-01/func/sub-10964_ses-01_task-trust_run-1_events.tsv	cb3e833eb5a50a95a7192b6951da3418e65afda380c72776cc1dbfcccdd817cc	42	42	41	1	0.023809523809523808	pass		pass	False	True	True			True
sub-10964	01	2	sub-10964/ses-01/func/sub-10964_ses-01_task-trust_run-2_events.tsv	038de7ce33f22c2cf45e9fbf7dfc7b8cb8cae555d010fb93da2cf6cfa2f2d6fd	42	42	41	1	0.023809523809523808	pass		pass	False	True	True			True
sub-10966	01	1	sub-10966/ses-01/func/sub-10966_ses-01_task-trust_run-1_events.tsv	6f8bd68fc6778feee44ab2bf0125e6aedd184b8e48bd358d3ed6441d22d03d19	42	42	41	1	0.023809523809523808	pass		pass	False	True	True			True
sub-10966	01	2	sub-10966/ses-01/func/sub-10966_ses-01_task-trust_run-2_events.tsv	281c78b21592ae31bdb66f87232e915dae0309fece9c210da5dae43b5dc020aa	42	42	42	0	0.0	pass		pass	False	True	True			True
sub-10969	01	1	sub-10969/ses-01/func/sub-10969_ses-01_task-trust_run-1_events.tsv	a68c7c82c6214ac4a3144635bb432fc541a34ba6473c024aafae58e89be4f464	42	42	42	0	0.0	pass		pass	False	True	True			True
sub-10969	01	2	sub-10969/ses-01/func/sub-10969_ses-01_task-trust_run-2_events.tsv	943c517b9a1312371584af3aa54577119441adb8de6721666404321eb21e064b	42	42	42	0	0.0	pass		pass	False	True	True			True
sub-10974	01	1	sub-10974/ses-01/func/sub-10974_ses-01_task-trust_run-1_events.tsv	42d5b36261a086c6e17b7420b792cc04258db6e5c3249493e0bfde096fb748bd	42	42	38	4	0.09523809523809523	pass		pass	False	True	True			True
sub-10974	01	2	sub-10974/ses-01/func/sub-10974_ses-01_task-trust_run-2_events.tsv		42	0	0	0		not_audited		unresolved	False	False	False	BOLD runs without events files=1;behavior source missing=1;review required=1		False
sub-10977	01	1	sub-10977/ses-01/func/sub-10977_ses-01_task-trust_run-1_events.tsv	07ddfd6f2b7c00fd1140f9b4060678375c4c6f77cf002102927baae5778fe738	42	42	42	0	0.0	pass		pass	False	True	True			True
sub-10979	01	1	sub-10979/ses-01/func/sub-10979_ses-01_task-trust_run-1_events.tsv	aa83fdcbc04bf2747684faab39645a0a440829883f6a42a459f4b829f9436c81	42	42	42	0	0.0	pass		pass	False	True	True			True
sub-10979	01	2	sub-10979/ses-01/func/sub-10979_ses-01_task-trust_run-2_events.tsv	c7eca75c4d8a3b6adae3c6829c74b0bc693f190a08acbf46019a396a91d2e665	42	42	42	0	0.0	pass		pass	False	True	True			True
sub-10983	01	1	sub-10983/ses-01/func/sub-10983_ses-01_task-trust_run-1_events.tsv	a38da3f6a6e76b95ea36dd7566151047877654b7178e407814033ab9bb1e5cbc	42	42	40	2	0.047619047619047616	pass		pass	False	True	True			True
sub-10983	01	2	sub-10983/ses-01/func/sub-10983_ses-01_task-trust_run-2_events.tsv	4cf111b282a79aca11b5f624473c397e926df5d56ab2439195f430a9bd251f48	42	42	40	2	0.047619047619047616	pass		pass	False	True	True			True
sub-10984	01	1	sub-10984/ses-01/func/sub-10984_ses-01_task-trust_run-1_events.tsv	b0940f0cb08852ed967a340e0368ad34a3b79fc953d9c86680138c1bad7fce77	42	42	41	1	0.023809523809523808	pass		pass	False	True	True			True
sub-10984	01	2	sub-10984/ses-01/func/sub-10984_ses-01_task-trust_run-2_events.tsv	be97571f5af0be2b32a130a9633c610d2b49ec8659f3f570b342a2151ae4ff0d	42	42	40	2	0.047619047619047616	pass		pass	False	True	True			True
sub-10998	01	1	sub-10998/ses-01/func/sub-10998_ses-01_task-trust_run-1_events.tsv	34c3babaec93965890841c02dfdb62a90ccc20bbe10685366ed85fdbc09cd80f	42	42	41	1	0.023809523809523808	pass		pass	False	True	True			True
sub-10998	01	2	sub-10998/ses-01/func/sub-10998_ses-01_task-trust_run-2_events.tsv	b3804cc6012945e6063cbfec9a8de362e94b9df3878d875c2e920f9a2c90a4ed	42	42	42	0	0.0	pass		pass	False	True	True			True
sub-11005	01	1	sub-11005/ses-01/func/sub-11005_ses-01_task-trust_run-1_events.tsv	04e80a239d3ef7eba015827bca671d1e5de60861023b24132a6e77e379620d44	42	42	39	3	0.07142857142857142	pass		pass	False	True	True			True
sub-11005	01	2	sub-11005/ses-01/func/sub-11005_ses-01_task-trust_run-2_events.tsv	c037a90dcbb77ebbbf9fd27e0d6b39436130b4bed77ed2ea21db2fecb758110f	42	42	42	0	0.0	pass		pass	False	True	True			True
sub-11007	01	1	sub-11007/ses-01/func/sub-11007_ses-01_task-trust_run-1_events.tsv	2c54e2cdd09aced981fc73e0268770824c848171fcdeec73f4dd34fca19ecbf5	42	42	42	0	0.0	pass		pass	False	True	True			True
sub-11007	01	2	sub-11007/ses-01/func/sub-11007_ses-01_task-trust_run-2_events.tsv	4c28e7a1f7420ca644aff70a27007cef4f7e2f60e8b3bfee0662dfde27fa23c1	42	42	42	0	0.0	pass		pass	False	True	True			True
sub-11012	01	1	sub-11012/ses-01/func/sub-11012_ses-01_task-trust_run-1_events.tsv	39f9f9bffc45086386429485b391b074452261078454f230fa45d8ba27d3f927	42	42	41	1	0.023809523809523808	pass		pass	False	True	True			True
sub-11012	01	2	sub-11012/ses-01/func/sub-11012_ses-01_task-trust_run-2_events.tsv	79e727697256f8a5ccc6862ce1a24ab9e7421062bf75900a60c40880c8b35d89	42	42	42	0	0.0	pass		pass	False	True	True			True
sub-11016	01	1	sub-11016/ses-01/func/sub-11016_ses-01_task-trust_run-1_events.tsv	5adba6b9c1f8cfb25dfb0f7f6e5c88d5e8afc07441196925b0f7027b0b81500c	42	42	42	0	0.0	pass		pass	False	True	True			True
sub-11016	01	2	sub-11016/ses-01/func/sub-11016_ses-01_task-trust_run-2_events.tsv	52b931c905254a8134bb1912f106e1d328405deda08b1182f2706179b3a49155	42	42	42	0	0.0	pass		pass	False	True	True			True
sub-11021	01	1	sub-11021/ses-01/func/sub-11021_ses-01_task-trust_run-1_events.tsv	fbc69b2b797bdf7adc32a3b8b15dab6516694597b8133485057389e552c201ab	42	42	42	0	0.0	pass		pass	False	True	True			True
sub-11021	01	2	sub-11021/ses-01/func/sub-11021_ses-01_task-trust_run-2_events.tsv	9aa1895c9516963e6ef509cd0c0d3b1d6b38efca4e2556ffbdd4c62e6c0ca4b2	42	42	42	0	0.0	pass		pass	False	True	True			True
sub-11030	01	1	sub-11030/ses-01/func/sub-11030_ses-01_task-trust_run-1_events.tsv	147a870000a6eb82efd1a592f96532082e02bb8ba8667293f665122a35a144a8	42	42	41	1	0.023809523809523808	pass		pass	False	True	True			True
sub-11030	01	2	sub-11030/ses-01/func/sub-11030_ses-01_task-trust_run-2_events.tsv	dd91f05fe4d174af5671a00cb8244ad338704410154d4fa86b6f938c1a4a82af	42	42	42	0	0.0	pass		pass	False	True	True			True
sub-11031	01	1	sub-11031/ses-01/func/sub-11031_ses-01_task-trust_run-1_events.tsv	7d6620c90322e9fc396fc569098022395cacba9a4ffc0c354cec624c6f00c101	42	42	41	1	0.023809523809523808	pass		pass	False	True	True			True
sub-11031	01	2	sub-11031/ses-01/func/sub-11031_ses-01_task-trust_run-2_events.tsv	a6ad8093d2499a8ce2c15201f85c6c159f13bbed6e52c8003a07b6d7d30a82f0	42	42	42	0	0.0	pass		pass	False	True	True			True
sub-11036	01	1	sub-11036/ses-01/func/sub-11036_ses-01_task-trust_run-1_events.tsv	bebd37812fe86dfdaa0cae41a55396e939b9b987fa185367e8ba9afdb6a18640	42	42	42	0	0.0	pass		pass	False	True	True			True
sub-11036	01	2	sub-11036/ses-01/func/sub-11036_ses-01_task-trust_run-2_events.tsv	417a2cebf9c4174c36e133514844aee3a3e56bf12f4dbf72345b111fd709b59d	42	42	42	0	0.0	pass		pass	False	True	True			True
sub-11039	01	1	sub-11039/ses-01/func/sub-11039_ses-01_task-trust_run-1_events.tsv	538fa4327a1ead960d7231ef3c9474cdfa6573865fe7e5f714384e8c0a8a2e3d	42	42	42	0	0.0	pass		pass	False	True	True			True
sub-11039	01	2	sub-11039/ses-01/func/sub-11039_ses-01_task-trust_run-2_events.tsv	c27b5d8181f14bc6c382a5e3a54957df6b4d034a898e1ce00fc844c899e2bec9	42	42	42	0	0.0	pass		pass	False	True	True			True
sub-11042	01	1	sub-11042/ses-01/func/sub-11042_ses-01_task-trust_run-1_events.tsv	d9dca8a466e65904f8c714eab59b7f17f805a419f3688d8a74df94594668e17e	42	42	42	0	0.0	pass		pass	False	True	True			True
sub-11042	01	2	sub-11042/ses-01/func/sub-11042_ses-01_task-trust_run-2_events.tsv	0932a4daa6af71e769daee7bc506c2ce47a7ddc4e8242541dfd7338dd2db9dcc	42	42	42	0	0.0	pass		pass	False	True	True			True
sub-11053	01	1	sub-11053/ses-01/func/sub-11053_ses-01_task-trust_run-1_events.tsv	90c657f3bfe423012da038d0c850dd8f1c4718013b0551bf2b53b75a6e7e1650	42	42	41	1	0.023809523809523808	pass		pass	False	True	True			True
sub-11053	01	2	sub-11053/ses-01/func/sub-11053_ses-01_task-trust_run-2_events.tsv	0ebac42f0d2fe8c5e823b5e2db60626a2d10bde9a3bfbac39657ec7291de9efd	42	42	41	1	0.023809523809523808	pass		pass	False	True	True			True
sub-11058	01	1	sub-11058/ses-01/func/sub-11058_ses-01_task-trust_run-1_events.tsv	2d3f8ea19ad54b86d69621f9b7a187e03b41480c4fe938c78677b45220b11840	42	42	41	1	0.023809523809523808	pass		pass	False	True	True			True
sub-11058	01	2	sub-11058/ses-01/func/sub-11058_ses-01_task-trust_run-2_events.tsv	538780ab9216b7e118841e0fd0c393cfb24883dd2a9f217a625f5a2f342167f6	42	42	42	0	0.0	pass		pass	False	True	True			True
sub-11060	01	1	sub-11060/ses-01/func/sub-11060_ses-01_task-trust_run-1_events.tsv	b68517a0cdc2b2689af00d89a98f8b8d6daad93793ab3bc136186c7c57d945e4	42	42	41	1	0.023809523809523808	pass		pass	False	True	True			True
sub-11060	01	2	sub-11060/ses-01/func/sub-11060_ses-01_task-trust_run-2_events.tsv	f7ae146823411d4320c80b6216f7c14d740fd91471677dde76ebf6becd03d7c3	42	42	42	0	0.0	pass		pass	False	True	True			True
sub-11063	01	1	sub-11063/ses-01/func/sub-11063_ses-01_task-trust_run-1_events.tsv	bb3fbc7d319a8fe5f1b56d58c52615dade213cf1b33042f150e1b58a949d8ff8	42	42	40	2	0.047619047619047616	pass		pass	False	True	True			True
sub-11063	01	2	sub-11063/ses-01/func/sub-11063_ses-01_task-trust_run-2_events.tsv	51c3c5c43ce2c88546a426a0e37f6813d37567fea7dc5b023329a7d246d4c1cc	42	42	40	2	0.047619047619047616	pass		pass	False	True	True			True
sub-11064	01	1	sub-11064/ses-01/func/sub-11064_ses-01_task-trust_run-1_events.tsv	76f3b7051d3d33dbac29db7a4d49ed478fe1632beb84520a0e9e4801cb06565c	42	42	40	2	0.047619047619047616	pass		pass	False	True	True			True
sub-11064	01	2	sub-11064/ses-01/func/sub-11064_ses-01_task-trust_run-2_events.tsv	249d7bd403c3b1e507f401a73e471ec279746fef93948cd03601517d4d3e73a8	42	42	39	3	0.07142857142857142	pass		pass	False	True	True			True
sub-11065	01	1	sub-11065/ses-01/func/sub-11065_ses-01_task-trust_run-1_events.tsv	f665dd3803c07e82350ded741b611a8c1b836348c601e80b3d8d95c6cb1e22db	42	42	41	1	0.023809523809523808	pass		pass	False	True	True			True
sub-11065	01	2	sub-11065/ses-01/func/sub-11065_ses-01_task-trust_run-2_events.tsv	90ceb73868fb13366784776ad1e8a200db299b7d4dbccb41d96dbe354be635fb	42	42	42	0	0.0	pass		pass	False	True	True			True
sub-11066	01	1	sub-11066/ses-01/func/sub-11066_ses-01_task-trust_run-1_events.tsv	e936c37b78b1402f46a8ac19465f376a5b10763029d8271c70a9b1f4e5d5c773	42	42	40	2	0.047619047619047616	pass		pass	False	True	True			True
sub-11066	01	2	sub-11066/ses-01/func/sub-11066_ses-01_task-trust_run-2_events.tsv	62beb2642edaf013fc1865b0ae9b4e76c69a87b463e19a74123f1e01112e4421	42	42	38	4	0.09523809523809523	pass		pass	False	True	True			True
sub-11068	01	1	sub-11068/ses-01/func/sub-11068_ses-01_task-trust_run-1_events.tsv	6c9f9434c34ee3c8ef0957beeeb922f46f3af422fc8839816c9cc245bd32249a	42	42	39	3	0.07142857142857142	pass		pass	False	True	True			True
sub-11068	01	2	sub-11068/ses-01/func/sub-11068_ses-01_task-trust_run-2_events.tsv	31c0504f792553274de1661ffa9d4a9d03231f392641d1c4738c5d649fad58cf	42	42	41	1	0.023809523809523808	pass		pass	False	True	True			True
sub-11071	01	1	sub-11071/ses-01/func/sub-11071_ses-01_task-trust_run-1_events.tsv	c9fbdf643c2ea728e19a09567b5556784d8d2f01624fdf6398538845e5fc5d4d	42	42	41	1	0.023809523809523808	pass		pass	False	True	True			True
sub-11071	01	2	sub-11071/ses-01/func/sub-11071_ses-01_task-trust_run-2_events.tsv	8a3c70655672437ebd9ff6630d04a726e498542a6f043b0498377d98e9c67323	42	42	42	0	0.0	pass		pass	False	True	True			True
sub-11072	01	1	sub-11072/ses-01/func/sub-11072_ses-01_task-trust_run-1_events.tsv	c00b86a13b0c80cb5b4c5e8be5019c59a18599d0192cc9fd5fa1e440b87e9940	42	42	42	0	0.0	pass		pass	False	True	True			True
sub-11072	01	2	sub-11072/ses-01/func/sub-11072_ses-01_task-trust_run-2_events.tsv	27e33ea12b3b6d9e7a7435f0c3fe63354f5828079cf2aeef75dc71b424e4eb60	42	42	42	0	0.0	pass		pass	False	True	True			True
sub-11074	01	1	sub-11074/ses-01/func/sub-11074_ses-01_task-trust_run-1_events.tsv	4aa8f6a1d152d5949e0a2ca555be9925634599d066c1edfc700203f66d8dd1f9	42	42	42	0	0.0	pass		pass	False	True	True			True
sub-11074	01	2	sub-11074/ses-01/func/sub-11074_ses-01_task-trust_run-2_events.tsv	4ec87da92e0ff6304613950556a43c9c97a734071fa22feaa36abbea1d3ad991	42	42	42	0	0.0	pass		pass	False	True	True			True
sub-11075	01	1	sub-11075/ses-01/func/sub-11075_ses-01_task-trust_run-1_events.tsv	ceb3b819ab2fff43dadb087f4a1b2652bc4730518a2265ff0e79d2e48e08558c	42	42	42	0	0.0	pass		pass	False	True	True			True
sub-11075	01	2	sub-11075/ses-01/func/sub-11075_ses-01_task-trust_run-2_events.tsv	3618487953db00f5a97755aa7da10212f2d5ab6134e1931c4f1a820855d73a22	42	42	42	0	0.0	pass		pass	False	True	True			True
sub-11076	01	1	sub-11076/ses-01/func/sub-11076_ses-01_task-trust_run-1_events.tsv	7af4e9361c68182ec30a161dafc0c198e35513a96fd9869baae980f5ba591b00	42	42	41	1	0.023809523809523808	pass		pass	False	True	True			True
sub-11078	01	1	sub-11078/ses-01/func/sub-11078_ses-01_task-trust_run-1_events.tsv	b4c512dc9477cb3120064b556201f70b8b0b272b86d66c204ff04d518c48bfc2	42	42	42	0	0.0	pass		pass	False	True	True			True
sub-11078	01	2	sub-11078/ses-01/func/sub-11078_ses-01_task-trust_run-2_events.tsv	39c5929ada4a4f8448320b755ebac86d7fd770e40af667d5a638b20be6fd4697	42	42	42	0	0.0	pass		pass	False	True	True			True
sub-11083	01	1	sub-11083/ses-01/func/sub-11083_ses-01_task-trust_run-1_events.tsv	efbb014357c4b82a5c795434cb0e4c5875790e8fc3df1ff46dbf8b5f8163915c	42	42	37	5	0.11904761904761904	pass		pass	False	True	True			True
sub-11083	01	2	sub-11083/ses-01/func/sub-11083_ses-01_task-trust_run-2_events.tsv	1b0c7d79b1e175576ff1a0cc7f216ef524f625721a31727df0787d831ccbc79b	42	42	39	3	0.07142857142857142	pass		pass	False	True	True			True
sub-11084	01	1	sub-11084/ses-01/func/sub-11084_ses-01_task-trust_run-1_events.tsv	c41a4362c9f46e75aa733f7d0680d1b0cc51b10b56e473bed54db4ff02ce56ce	42	42	40	2	0.047619047619047616	pass		pass	False	True	True			True
sub-11084	01	2	sub-11084/ses-01/func/sub-11084_ses-01_task-trust_run-2_events.tsv	44267aafff82a55ec20e75bdff0683fb24c195becd665b21b1b7abe7812105bc	42	42	42	0	0.0	pass		pass	False	True	True			True
sub-11085	01	1	sub-11085/ses-01/func/sub-11085_ses-01_task-trust_run-1_events.tsv	2d1e9e72e4f6da6494f47f2db097e7b3da7f89e5bf5538722e04a1c3632c82db	42	42	41	1	0.023809523809523808	pass		pass	False	True	True			True
sub-11085	01	2	sub-11085/ses-01/func/sub-11085_ses-01_task-trust_run-2_events.tsv	a6cfc296a25cde43395ba575a5222cb1508a313501ca1cca7792e43da72d9e66	42	42	42	0	0.0	pass		pass	False	True	True			True
sub-11090	01	1	sub-11090/ses-01/func/sub-11090_ses-01_task-trust_run-1_events.tsv	a8dce004b7d50a1d8eacc2cfa2cf736d7e9a4f3d0df0aaa63d8960374d52196a	42	42	42	0	0.0	pass		pass	False	True	True			True
sub-11090	01	2	sub-11090/ses-01/func/sub-11090_ses-01_task-trust_run-2_events.tsv	8f16730f2f267d6bf12a1f83656bb372e693f70143616e9f92e065ffefd15478	42	42	40	2	0.047619047619047616	pass		pass	False	True	True			True
sub-11113	01	1	sub-11113/ses-01/func/sub-11113_ses-01_task-trust_run-1_events.tsv	4a15f1b413af1d854b42d14895921c04530958ac6afa4daccc8810f149b82b1e	42	42	41	1	0.023809523809523808	pass		pass	False	True	True			True
sub-11113	01	2	sub-11113/ses-01/func/sub-11113_ses-01_task-trust_run-2_events.tsv	22ebb621d57ef016e0dbdac230687f5674add195e6038d72a51a360daa35ae1c	42	42	41	1	0.023809523809523808	pass		pass	False	True	True			True
sub-11116	01	1	sub-11116/ses-01/func/sub-11116_ses-01_task-trust_run-1_events.tsv	f87b5534c19f455806b5cf1eaffdb4c586331ef4d81a03f46489bb5d976fe021	42	42	41	1	0.023809523809523808	pass		pass	False	True	True			True
sub-11116	01	2	sub-11116/ses-01/func/sub-11116_ses-01_task-trust_run-2_events.tsv	2ddf789bd81ce72ed47d302135c8240fbbc4d052a2e616c739a7f25c8dc8629e	42	42	42	0	0.0	pass		pass	False	True	True			True
sub-11120	01	1	sub-11120/ses-01/func/sub-11120_ses-01_task-trust_run-1_events.tsv	546ffe2be8e87b3c1dcfe77d7e2767c5e73d98e9af43b54bfca2485c0da01214	42	42	42	0	0.0	pass		pass	False	True	True			True
sub-11120	01	2	sub-11120/ses-01/func/sub-11120_ses-01_task-trust_run-2_events.tsv	1d9deb9e3baf6dcb24582edc418ca1556a2c34c5006d5d38b7ccc22507192e2a	42	42	41	1	0.023809523809523808	pass		pass	False	True	True			True
sub-11125	01	1	sub-11125/ses-01/func/sub-11125_ses-01_task-trust_run-1_events.tsv	38b4d868eae9d17a5e3ad8cbfa251e9214d072f7cafa6b5a1cc2aa7fa86337f6	42	42	38	4	0.09523809523809523	pass		pass	False	True	False		more_than_20_percent_misses;	True
sub-11125	01	2	sub-11125/ses-01/func/sub-11125_ses-01_task-trust_run-2_events.tsv	ea3ef7ed4bee46d90340925ce428a03e6d1fa24435d70abda20a47a17e746b4d	42	42	28	14	0.3333333333333333	review	overall_miss_fraction_threshold	pass	False	True	False		more_than_20_percent_misses;	True
sub-11126	01	1	sub-11126/ses-01/func/sub-11126_ses-01_task-trust_run-1_events.tsv	77b03f55604c5ac5ae5dc50fb190880f5a2cc1f324c90da5d32892922b6c9960	42	42	38	4	0.09523809523809523	pass		pass	False	True	True			True
sub-11126	01	2	sub-11126/ses-01/func/sub-11126_ses-01_task-trust_run-2_events.tsv	36554eee1d540cc2697a22bcf0f9259082f82fdac42aee7578f3d0695e02736f	42	42	31	11	0.2619047619047619	review	overall_miss_fraction_threshold	pass	False	True	True			True
sub-11128	01	1	sub-11128/ses-01/func/sub-11128_ses-01_task-trust_run-1_events.tsv	99d10137672cff45ad276fc9d6d9bb524d71df8e0d2ac65a6feca37f22c5defb	42	42	40	2	0.047619047619047616	pass		pass	False	True	True			True
sub-11128	01	2	sub-11128/ses-01/func/sub-11128_ses-01_task-trust_run-2_events.tsv	2aa52fff7406b844df042e7e4826f8ff9aa3828526f61a89b1d0682fc57ae876	42	42	40	2	0.047619047619047616	pass		pass	False	True	True			True
sub-11134	01	1	sub-11134/ses-01/func/sub-11134_ses-01_task-trust_run-1_events.tsv	c5ef0eac2e5d70a5e84d003217ff54cd5f01190990bdcc814735dd276780a4f1	42	42	41	1	0.023809523809523808	pass		pass	False	True	True			True
sub-11134	01	2	sub-11134/ses-01/func/sub-11134_ses-01_task-trust_run-2_events.tsv	588c5e6fab23d132233a9d201b50065da4d310e6afc3157710c617f75c89190b	42	42	42	0	0.0	pass		pass	False	True	True			True
sub-11139	01	1	sub-11139/ses-01/func/sub-11139_ses-01_task-trust_run-1_events.tsv	59b1f9ed83d7478a7d4713978a94cfb7792a6d9b3e01eddb14915510082e412f	42	42	42	0	0.0	pass		pass	False	True	True			True
sub-11139	01	2	sub-11139/ses-01/func/sub-11139_ses-01_task-trust_run-2_events.tsv	362610c9ab6bce43f7a564b9d0935cd4c07637240a4a600c3da357fff3b060a5	42	42	38	4	0.09523809523809523	pass		pass	False	True	True			True
sub-11164	01	1	sub-11164/ses-01/func/sub-11164_ses-01_task-trust_run-1_events.tsv	a655464d67990c648d89d434e1638bf441d4a5e21f24933e4e60c1840566c9c3	42	42	38	4	0.09523809523809523	pass		pass	False	True	True			True
sub-11167	01	1	sub-11167/ses-01/func/sub-11167_ses-01_task-trust_run-1_events.tsv	267311b8a01b00c2faf8ac14b978d0e489d87fec5bf89cdc486b87a03cc02ba4	42	42	42	0	0.0	pass		pass	False	True	True			True
sub-11167	01	2	sub-11167/ses-01/func/sub-11167_ses-01_task-trust_run-2_events.tsv	eac1bbcc09c9b6d5c19d74cd3916eb1fda83a4cfd4d943f1542447f3f1e08f13	42	42	41	1	0.023809523809523808	pass		pass	False	True	True			True
sub-11168	01	1	sub-11168/ses-01/func/sub-11168_ses-01_task-trust_run-1_events.tsv	848f2e087fa3c12462be2e010e1d22dfac16dc5e51d3d2181c6529448b785684	42	42	42	0	0.0	pass		pass	False	True	True			True
sub-11168	01	2	sub-11168/ses-01/func/sub-11168_ses-01_task-trust_run-2_events.tsv	2ff7833997e911ef9a9b5b5b52961843dec1fb5b500fb1a3953223a06f227a0f	42	42	41	1	0.023809523809523808	pass		pass	False	True	True			True
sub-11171	01	1	sub-11171/ses-01/func/sub-11171_ses-01_task-trust_run-1_events.tsv	1f8bf701d90ebc08adbc84f8fadedc37233f461b7337e914c5ca89e48ee5976a	42	42	42	0	0.0	pass		pass	False	True	True			True
sub-11171	01	2	sub-11171/ses-01/func/sub-11171_ses-01_task-trust_run-2_events.tsv	5eaee190ad5f0553bcf64bd054e8a80249a27363dfee41fea76657f507657116	42	42	42	0	0.0	pass		pass	False	True	True			True
sub-11177	01	1	sub-11177/ses-01/func/sub-11177_ses-01_task-trust_run-1_events.tsv	d5d5ec0d8a23c4a0e5a41a413f6db36ce62a1a0514a702f5b3d7e21bc9e05b5f	42	42	42	0	0.0	pass		pass	False	True	True			True
sub-11177	01	2	sub-11177/ses-01/func/sub-11177_ses-01_task-trust_run-2_events.tsv	7f60561d2575ed6274aff3b979aa57e06b64c8e33d5e64e4f6246adcede96392	42	42	40	2	0.047619047619047616	pass		pass	False	True	True			True
sub-11192	01	1	sub-11192/ses-01/func/sub-11192_ses-01_task-trust_run-1_events.tsv	6cf95b658c19178eab58e079d8fbfff4b75c96a9943a46a9d1e87456574e661f	42	42	42	0	0.0	pass		pass	False	True	True			True
sub-11192	01	2	sub-11192/ses-01/func/sub-11192_ses-01_task-trust_run-2_events.tsv	e4f3f723130989c2a865a5f8eff44894a88903aa2320e78dee56071ec6697a9e	42	42	41	1	0.023809523809523808	pass		pass	False	True	True			True
sub-11193	01	1	sub-11193/ses-01/func/sub-11193_ses-01_task-trust_run-1_events.tsv	77f0c52124cab2bf326cce24dbe08dcabe33bb8210583bdbb943a0d62d93790d	42	42	41	1	0.023809523809523808	pass		pass	False	True	True			True
sub-11193	01	2	sub-11193/ses-01/func/sub-11193_ses-01_task-trust_run-2_events.tsv	9a5fea8d63504ad48740fc5b92bdfa95209487a88bdc56ff0a351360f0bade79	42	42	41	1	0.023809523809523808	pass		pass	False	True	True			True
sub-11201	01	1	sub-11201/ses-01/func/sub-11201_ses-01_task-trust_run-1_events.tsv	dd13f37f2ca2661b310cc470e0467585051bec0352cbd96f4bfe7066114968d1	42	11	9	2	0.18181818181818182	review	unexpected_trial_count	pass	False	True	False		fewer_than_4_feedback_for_at_least_one_partner;	False
sub-11203	01	1	sub-11203/ses-01/func/sub-11203_ses-01_task-trust_run-1_events.tsv	c3eb50105a04f730c6c48ae60d9f997f13a4793c2bd1d37658fddbc8d0c06b1b	42	42	39	3	0.07142857142857142	pass		pass	False	True	True			True
sub-11203	01	2	sub-11203/ses-01/func/sub-11203_ses-01_task-trust_run-2_events.tsv	0f38593869f00ec028c72ed531955bcfbcf2ff5f2d659b47b78ed78a3b4674c7	42	42	42	0	0.0	pass		pass	False	True	True			True
sub-11209	01	1	sub-11209/ses-01/func/sub-11209_ses-01_task-trust_run-1_events.tsv	a0ae69d2239aaede52e7410920cc4f220216015c2fb66b7d6baee9ee36231484	42	42	37	5	0.11904761904761904	pass		pass	False	True	True			True
sub-11209	01	2	sub-11209/ses-01/func/sub-11209_ses-01_task-trust_run-2_events.tsv	5bc6e9304ed2c6822951aff56cf25985b5e3d8a03790748466be1707123bf08f	42	42	40	2	0.047619047619047616	pass		pass	False	True	True			True
sub-11227	01	1	sub-11227/ses-01/func/sub-11227_ses-01_task-trust_run-1_events.tsv	f6e4ba69fe681b3f8dd43b56dafebb370f4e2f152f17dd5438d5ecdfb9c0e985	42	42	42	0	0.0	pass		pass	False	True	True			True
sub-11227	01	2	sub-11227/ses-01/func/sub-11227_ses-01_task-trust_run-2_events.tsv	9fbdd7722d5f5a09e0af993e8152d8394b5b6607837a69ca20bf6207bde8478e	42	42	42	0	0.0	pass		pass	False	True	True			True
sub-11238	01	1	sub-11238/ses-01/func/sub-11238_ses-01_task-trust_run-1_events.tsv	bd18f390ebbce3df6e198e5ca377d3853a6dbff2e9647fe92cdefb996fa92001	42	42	42	0	0.0	pass		pass	False	True	True			True
sub-11238	01	2	sub-11238/ses-01/func/sub-11238_ses-01_task-trust_run-2_events.tsv	6abb08037ceea7d42ec31e299f3202a00502b69cb20902777c26a3ee929bccd3	42	42	40	2	0.047619047619047616	pass		pass	False	True	True			True
sub-11246	01	1	sub-11246/ses-01/func/sub-11246_ses-01_task-trust_run-1_events.tsv	58a1c54fcca03c574cc05044ef64861a4ef7da139c07082dee0427b6b188791a	42	42	42	0	0.0	pass		pass	False	True	True			True
sub-11246	01	2	sub-11246/ses-01/func/sub-11246_ses-01_task-trust_run-2_events.tsv	e5a69dc8be8ab5d917be20b3abb99b0c4e0c60455a1f5786dc5d1de546de9bb1	42	42	42	0	0.0	pass		pass	False	True	True			True
sub-11276	01	1	sub-11276/ses-01/func/sub-11276_ses-01_task-trust_run-1_events.tsv	4b5115c8c7283bf2f816dc6ec2d9577047d79aeff10a8ac8000507a8fe86df84	42	42	41	1	0.023809523809523808	pass		pass	False	True	True			True
sub-11276	01	2	sub-11276/ses-01/func/sub-11276_ses-01_task-trust_run-2_events.tsv	d516ad12ac4c4508b07bd941d44f1f26bad4152e48b42d511b60a2769e4a5fe9	42	42	40	2	0.047619047619047616	pass		pass	False	True	True			True
sub-11286	01	1	sub-11286/ses-01/func/sub-11286_ses-01_task-trust_run-1_events.tsv	4062be96ed831651b09af56d99c52e6ecfbabca25caa20fcd8575d8612d2a477	42	42	41	1	0.023809523809523808	pass		pass	False	True	True			True
sub-11301	01	1	sub-11301/ses-01/func/sub-11301_ses-01_task-trust_run-1_events.tsv	54cfb51423e38fbe89c6796091bc9d7d1d7fa8cbb0581c47a65638b598e168ef	42	42	40	2	0.047619047619047616	pass		pass	False	True	True			True
sub-11301	01	2	sub-11301/ses-01/func/sub-11301_ses-01_task-trust_run-2_events.tsv	9a01bb6fbcc80230d9242091f138cbe86bde542eda8ce3d3110383888398eabb	42	42	41	1	0.023809523809523808	pass		pass	False	True	True			True
sub-11311	01	1	sub-11311/ses-01/func/sub-11311_ses-01_task-trust_run-1_events.tsv	b6069d1c2df226ab3bf454b5e948608c4f0c7b8657b0a1e9fe3939fd3abf2ec5	42	42	42	0	0.0	pass		pass	False	True	True			True
sub-11311	01	2	sub-11311/ses-01/func/sub-11311_ses-01_task-trust_run-2_events.tsv	b46b8c9b3a28243533e4357214efb1a87384009a28e2f753eea4204e01662daf	42	42	42	0	0.0	pass		pass	False	True	True			True
sub-11312	01	1	sub-11312/ses-01/func/sub-11312_ses-01_task-trust_run-1_events.tsv	f701d5a1a52ca496c0c4e99b8ac949d282691ccdad55d57e83d8b331e1ee3903	42	42	42	0	0.0	pass		pass	False	True	True			True
sub-11312	01	2	sub-11312/ses-01/func/sub-11312_ses-01_task-trust_run-2_events.tsv	4a9935e9d58b58010b61e33d962e5a42ddf073c91ac17b588edb811e40b65d3e	42	42	42	0	0.0	pass		pass	False	True	True			True
sub-11316	01	1	sub-11316/ses-01/func/sub-11316_ses-01_task-trust_run-1_events.tsv	8724c9910553bd4479f65ca90d9cd08562fb30c859b31cd4eeac8868dd92cf74	42	42	42	0	0.0	pass		pass	False	True	True			True
sub-11316	01	2	sub-11316/ses-01/func/sub-11316_ses-01_task-trust_run-2_events.tsv	9863827b74e1f9660dc91cc7641484681e0f1ef7d2b271b2ea0adc7db440cfea	42	42	42	0	0.0	pass		pass	False	True	True			True
sub-11318	01	1	sub-11318/ses-01/func/sub-11318_ses-01_task-trust_run-1_events.tsv	6a141cc5c28cec1c2b7f7144234accd399d3bb72b6e42dd14b41f514529d7a57	42	42	41	1	0.023809523809523808	pass		pass	False	True	True			True
sub-11318	01	2	sub-11318/ses-01/func/sub-11318_ses-01_task-trust_run-2_events.tsv	5dd8d6e768b5d705e0ec5f309514e481c972232db71fd20d00f5bead43af9b67	42	42	42	0	0.0	pass		pass	False	True	True			True
sub-11321	01	1	sub-11321/ses-01/func/sub-11321_ses-01_task-trust_run-1_events.tsv	015e813308f04386b0c3e87eafe7cc5b1bed7d621cd13c6f49e4e2dd9a7de4ad	42	42	42	0	0.0	pass		pass	False	True	True			True
sub-11321	01	2	sub-11321/ses-01/func/sub-11321_ses-01_task-trust_run-2_events.tsv	06f31448399e68119c4d9214f73dd2547d6ab29d87915e5e2e0ef6b674f0f7c9	42	42	42	0	0.0	pass		pass	False	True	True			True
sub-11325	01	1	sub-11325/ses-01/func/sub-11325_ses-01_task-trust_run-1_events.tsv	d45f628959dbf9c9a2495990da8d3b1130f0cdf3ff672e7d1bcc7c52648d54ab	42	42	42	0	0.0	pass		pass	False	True	True			True
sub-11325	01	2	sub-11325/ses-01/func/sub-11325_ses-01_task-trust_run-2_events.tsv	7f22c23d658b715d4642bd9b4a77e57e1ef7c6b51a11bd0eae154315a7bdd806	42	42	41	1	0.023809523809523808	pass		pass	False	True	True			True
sub-11326	01	1	sub-11326/ses-01/func/sub-11326_ses-01_task-trust_run-1_events.tsv	d2344564b015277dd19ee8c90221b15822a5a88f1804ad90e649ab4d8d217651	42	42	42	0	0.0	pass		pass	False	True	True			True
sub-11326	01	2	sub-11326/ses-01/func/sub-11326_ses-01_task-trust_run-2_events.tsv	25c60e6a2e190fc7b17bc899cc3e7a2de72f1ee4621bf4226d3ff27b0b4fcaa1	42	42	38	4	0.09523809523809523	pass		pass	False	True	True			True
sub-11329	01	1	sub-11329/ses-01/func/sub-11329_ses-01_task-trust_run-1_events.tsv	d9b009645c27eb4614de83874e1eaccaa2ff375f9760518160459affb465afd2	42	42	42	0	0.0	pass		pass	False	True	True			True
sub-11329	01	2	sub-11329/ses-01/func/sub-11329_ses-01_task-trust_run-2_events.tsv	574de1c57a734470700303c9d3a50aca6eec344a1f9a50b02b4bfc837bb09ca7	42	42	42	0	0.0	pass		pass	False	True	True			True
sub-11330	01	1	sub-11330/ses-01/func/sub-11330_ses-01_task-trust_run-1_events.tsv	b11e8a2702d51bf7af087012b9ce178496e04eb9c2b9fd484dfe8a523f34e466	42	42	42	0	0.0	pass		pass	False	True	True			True
sub-11330	01	2	sub-11330/ses-01/func/sub-11330_ses-01_task-trust_run-2_events.tsv	6460f1fef37593df6c7aae0c3aebccd85c0c40262c257d0488ccb3e3428b8639	42	42	42	0	0.0	pass		pass	False	True	True			True
sub-11337	01	1	sub-11337/ses-01/func/sub-11337_ses-01_task-trust_run-1_events.tsv	b011719fab3b7df6eafb31ead6a5f2d557cee79b7b592f0522dc22431404d3e4	42	42	41	1	0.023809523809523808	pass		pass	False	True	True			True
sub-11337	01	2	sub-11337/ses-01/func/sub-11337_ses-01_task-trust_run-2_events.tsv	e6f455f6f9ddc84c19c5f079f33df810186738b089709c948c9349a0b65ff8b1	42	42	42	0	0.0	pass		pass	False	True	True			True
sub-11338	01	1	sub-11338/ses-01/func/sub-11338_ses-01_task-trust_run-1_events.tsv	2966c803a28dbdf006e7833945294655001398f0fc67f2fd31e1bfb767c119b4	42	42	39	3	0.07142857142857142	pass		pass	False	True	True			True
sub-11338	01	2	sub-11338/ses-01/func/sub-11338_ses-01_task-trust_run-2_events.tsv	8538cbf7804c7d52b817b1e29c0316b90e83c9d0042377c1831cafac9b53abce	42	42	40	2	0.047619047619047616	pass		pass	False	True	True			True
sub-11340	01	1	sub-11340/ses-01/func/sub-11340_ses-01_task-trust_run-1_events.tsv	84d2f4238167cc11b6f5ae4bffdf336827ce391e0212b27bd1e82d8d6a0207db	42	42	42	0	0.0	pass		pass	False	True	True			True
sub-11340	01	2	sub-11340/ses-01/func/sub-11340_ses-01_task-trust_run-2_events.tsv	c5738dd817f492181971809e29c050eb72e0f9c42abb3128eef696e356fc28a8	42	42	42	0	0.0	pass		pass	False	True	True			True
sub-11345	01	1	sub-11345/ses-01/func/sub-11345_ses-01_task-trust_run-1_events.tsv	db3d5e93d17dce1b0d54ed87406339a387aa777893532f945afb8ec108b07596	42	42	42	0	0.0	pass		pass	False	True	True			True
sub-11345	01	2	sub-11345/ses-01/func/sub-11345_ses-01_task-trust_run-2_events.tsv	8872934be316547e8dd00fa54d749d9407cb58e9c7434113cf85b0bbcfc6c84e	42	42	42	0	0.0	pass		pass	False	True	True			True
sub-11348	01	1	sub-11348/ses-01/func/sub-11348_ses-01_task-trust_run-1_events.tsv	2553ddeb5e53ceee88b87c848b277cf1328403ac139ad72a9991d51df8de6a4e	42	42	42	0	0.0	pass		pass	False	True	True			True
sub-11348	01	2	sub-11348/ses-01/func/sub-11348_ses-01_task-trust_run-2_events.tsv	d89ea97a8872d4feaf98a16825181a57e8a468c01b56fa5760e7cdc49a1f8a43	42	42	42	0	0.0	pass		pass	False	True	True			True
sub-11358	01	1	sub-11358/ses-01/func/sub-11358_ses-01_task-trust_run-1_events.tsv	ab005294bda36897b1207703dfb58030a661c2f9fa80cbe5dcf6bab35f1c5fa5	42	42	42	0	0.0	pass		pass	False	True	True			True
sub-11358	01	2	sub-11358/ses-01/func/sub-11358_ses-01_task-trust_run-2_events.tsv	97bbee696efec7360c3204fa28fb8112eae6874c273a5fbe42833f157b3a3e40	42	42	42	0	0.0	pass		pass	False	True	True			True
sub-11364	01	1	sub-11364/ses-01/func/sub-11364_ses-01_task-trust_run-1_events.tsv	4e6471978a44e5e6c8e8d6a65f7cccb57a13664394e819e10220a85619735e52	42	42	40	2	0.047619047619047616	pass		pass	False	True	True			True
sub-11364	01	2	sub-11364/ses-01/func/sub-11364_ses-01_task-trust_run-2_events.tsv	32f21609e04abd3d660d3743b4c9b3c31a8d87aa331fec6c20c4fbc9c19432b5	42	42	38	4	0.09523809523809523	pass		pass	False	True	True			True
sub-11367	01	1	sub-11367/ses-01/func/sub-11367_ses-01_task-trust_run-1_events.tsv	e9bb66cee4a625a3668fb35b1d15a8ebf8a5176971dd133304271051445988cd	42	42	41	1	0.023809523809523808	pass		pass	False	True	True			True
sub-11367	01	2	sub-11367/ses-01/func/sub-11367_ses-01_task-trust_run-2_events.tsv	a0794929d0598d7d3471c653a89bbeaa6c0f402ee15510f02d629eaf9048e622	42	42	42	0	0.0	pass		pass	False	True	True			True
sub-11374	01	1	sub-11374/ses-01/func/sub-11374_ses-01_task-trust_run-1_events.tsv	403286049740ae6d49d445e82b2a156b111b74e4f0a059bef205f83ecff75def	42	42	36	6	0.14285714285714285	pass		pass	False	True	True			True
sub-11374	01	2	sub-11374/ses-01/func/sub-11374_ses-01_task-trust_run-2_events.tsv	b98061641e202761041d63588a0e0b3046330b9bf4f6aeb3977a0fe4f25c6505	42	42	38	4	0.09523809523809523	pass		pass	False	True	True			True
sub-11376	01	1	sub-11376/ses-01/func/sub-11376_ses-01_task-trust_run-1_events.tsv	744afa3bdad550d659b8fbd39315be697f5b4843a0db59e7158a6a44cb28acdc	42	42	41	1	0.023809523809523808	pass		pass	False	True	True			True
sub-11376	01	2	sub-11376/ses-01/func/sub-11376_ses-01_task-trust_run-2_events.tsv	032b3deb2eb719aee719358fe559a1d0e1a3bfa5dda78964d04331bfdbbca01f	42	42	42	0	0.0	pass		pass	False	True	True			True
sub-11377	01	1	sub-11377/ses-01/func/sub-11377_ses-01_task-trust_run-1_events.tsv	5eb0dee517e1d75f5e0b506abf19b8f03b288245d3e92987d4a2a50ffd71ef0f	42	42	42	0	0.0	pass		pass	False	True	True			True
sub-11377	01	2	sub-11377/ses-01/func/sub-11377_ses-01_task-trust_run-2_events.tsv	b6f14e29b745efb0285477efd92458133a35a9d82ba528cd12edfbde70de4c16	42	42	42	0	0.0	pass		pass	False	True	True			True
sub-11387	01	1	sub-11387/ses-01/func/sub-11387_ses-01_task-trust_run-1_events.tsv	0896ffc6bc4005bc3dfe344b3bd05bcfd3f6462e4af91f189b6b88fc390d0261	42	42	42	0	0.0	pass		pass	False	True	True			True
sub-11387	01	2	sub-11387/ses-01/func/sub-11387_ses-01_task-trust_run-2_events.tsv	bf9b95b0de5cc4f14c606e8c7b9c2f19ec856b6af0989377b90a9ada84d7cbb9	42	42	42	0	0.0	pass		pass	False	True	True			True
sub-11396	01	1	sub-11396/ses-01/func/sub-11396_ses-01_task-trust_run-1_events.tsv	6fbce85930687563d9e5f50f8f348e9b1adc1b671de7a4cbc3a52ea3ebfba00a	42	42	40	2	0.047619047619047616	pass		pass	False	True	True			True
sub-11396	01	2	sub-11396/ses-01/func/sub-11396_ses-01_task-trust_run-2_events.tsv	fd504eef9ec6f4683c5a5de922fb5baa87ae89fe6b3bd7f4cd1408519d4221e2	42	42	42	0	0.0	pass		pass	False	True	True			True
sub-11410	01	1	sub-11410/ses-01/func/sub-11410_ses-01_task-trust_run-1_events.tsv	97d2526351f8cc8e8c9a8f3cd02c34f4324956008cb5e458eefdc9fcb996c6d5	42	42	41	1	0.023809523809523808	pass		pass	False	True	True			True
sub-11410	01	2	sub-11410/ses-01/func/sub-11410_ses-01_task-trust_run-2_events.tsv	403f0544713b465ed26ebf23de7f0fed71fe52d270e9c3447561e909d0d2fef8	42	42	40	2	0.047619047619047616	pass		pass	False	True	True			True
sub-11416	01	1	sub-11416/ses-01/func/sub-11416_ses-01_task-trust_run-1_events.tsv	c907ae6e86e2cca011b944d524a876b89538e63445023df3e06607709d40c01c	42	42	41	1	0.023809523809523808	pass		pass	False	True	True			True
sub-11426	01	1	sub-11426/ses-01/func/sub-11426_ses-01_task-trust_run-1_events.tsv	d14aea58b8c3183a1c54e4f4af9e220ae61133b288511037286696ca7ab7cb10	42	42	42	0	0.0	pass		pass	False	True	True			True
sub-11430	01	1	sub-11430/ses-01/func/sub-11430_ses-01_task-trust_run-1_events.tsv	3850c9b9ebad29ac253656f43dbf57b3e641dc24afb071e84e1e25db4ebf15cd	42	42	42	0	0.0	pass		pass	False	True	True			True
sub-11430	01	2	sub-11430/ses-01/func/sub-11430_ses-01_task-trust_run-2_events.tsv	f138861dd58c47f39a8991584923c8d3f3fac3f46b95c300ebd485897b59a39f	42	42	42	0	0.0	pass		pass	False	True	True			True
sub-11432	01	1	sub-11432/ses-01/func/sub-11432_ses-01_task-trust_run-1_events.tsv	fa228d5e6d338b094e50c9a8be5d06b8e61e947eda84843854ee406d8b285716	42	42	42	0	0.0	pass		pass	False	True	True			True
sub-11433	01	1	sub-11433/ses-01/func/sub-11433_ses-01_task-trust_run-1_events.tsv	45b06cb732bd1373dedf083c0db046a46e373768f60d023d0222c412649b3c0e	42	42	42	0	0.0	pass		pass	False	True	True			True
sub-11433	01	2	sub-11433/ses-01/func/sub-11433_ses-01_task-trust_run-2_events.tsv	b2318096db590ffc9cd7f9c54c792d015b701355052bde5f33472909b35de138	42	42	42	0	0.0	pass		pass	False	True	True			True
sub-11435	01	1	sub-11435/ses-01/func/sub-11435_ses-01_task-trust_run-1_events.tsv	e1b8c62311daf17b4ee364c1c9334bf8aa038af4a49e8c96960af8d36103fb27	42	42	42	0	0.0	pass		pass	False	True	True			True
sub-11435	01	2	sub-11435/ses-01/func/sub-11435_ses-01_task-trust_run-2_events.tsv	cc4faaf4611e5432b7c057aa64c038b33c4a2a69a0ff08e81c09fdd1c7c21699	42	42	41	1	0.023809523809523808	pass		pass	False	True	True			True
sub-11439	01	1	sub-11439/ses-01/func/sub-11439_ses-01_task-trust_run-1_events.tsv	c404d6842716aee45ebae94e9da73f40780e68cef435a7ebca8dbf6808c27135	42	42	42	0	0.0	pass		pass	False	True	True			True
sub-11439	01	2	sub-11439/ses-01/func/sub-11439_ses-01_task-trust_run-2_events.tsv	02bb120b16946eedb402193f4ac61cd019d65e39bf00fe27df275d8c8e09e419	42	42	41	1	0.023809523809523808	pass		pass	False	True	True			True
sub-11440	01	1	sub-11440/ses-01/func/sub-11440_ses-01_task-trust_run-1_events.tsv	eb396c2a60719f2be9a35ea1a6542daa8d25113b9a30a746b630465ab58f59ba	42	42	42	0	0.0	pass		pass	False	True	True			True
sub-11440	01	2	sub-11440/ses-01/func/sub-11440_ses-01_task-trust_run-2_events.tsv	bc5b7a3e2e589804d504d0f02bf8565e5157190cd8875b38535ec4ebcbeae158	42	42	42	0	0.0	pass		pass	False	True	True			True
sub-11443	01	1	sub-11443/ses-01/func/sub-11443_ses-01_task-trust_run-1_events.tsv	15cee247cde0ba9d35f0198fe52ace777e2819a252cd19da7218b72328a6a96d	42	42	41	1	0.023809523809523808	pass		pass	False	True	True			True
sub-11443	01	2	sub-11443/ses-01/func/sub-11443_ses-01_task-trust_run-2_events.tsv	268ebdaec120b9778e6c3c18142b03df6d5f14c7a4fe07e211df8212afa73e20	42	42	42	0	0.0	pass		pass	False	True	True			True
sub-11450	01	1	sub-11450/ses-01/func/sub-11450_ses-01_task-trust_run-1_events.tsv		42	0	0	0		not_audited		unresolved	False	False	False	BOLD runs without events files=1;behavior source missing=1;review required=1	BOLD runs without events files=1;behavior source missing=1;review required=1	False
sub-11451	01	1	sub-11451/ses-01/func/sub-11451_ses-01_task-trust_run-1_events.tsv	c83cc81e913381c85d7b72df2ac3c3fc2f07464d916f990c5586e3a0239e7e69	42	42	41	1	0.023809523809523808	pass		pass	False	True	True			True
sub-11451	01	2	sub-11451/ses-01/func/sub-11451_ses-01_task-trust_run-2_events.tsv	812b4214c70179570c9e4c3f51d91064728fe97a3a0cd8973bf65b3407997b6c	42	42	41	1	0.023809523809523808	pass		pass	False	True	True			True
sub-11461	01	1	sub-11461/ses-01/func/sub-11461_ses-01_task-trust_run-1_events.tsv	e590ab21db9beeea32b74af57dc682f1eeef7a6e72abe0d3dc2d519b91a7d5ff	42	42	40	2	0.047619047619047616	pass		pass	False	True	True			True
sub-11461	01	2	sub-11461/ses-01/func/sub-11461_ses-01_task-trust_run-2_events.tsv	9721055fdaea48dbfc722c5170444400ff696d474245e7f88cc277ec068684b5	42	42	41	1	0.023809523809523808	pass		pass	False	True	True			True
sub-11462	01	1	sub-11462/ses-01/func/sub-11462_ses-01_task-trust_run-1_events.tsv	146dfed8822c8080f0dc5c820e40b0e4e271be90b7f06f1303e4db5df0cb12d6	42	42	40	2	0.047619047619047616	pass		pass	False	True	True			True
sub-11472	01	1	sub-11472/ses-01/func/sub-11472_ses-01_task-trust_run-1_events.tsv	aafb27953529392a0b6c7463780cffc78f31addb4501c4209e0ee7d739e52dfb	42	42	42	0	0.0	pass		pass	False	True	True			True
sub-11472	01	2	sub-11472/ses-01/func/sub-11472_ses-01_task-trust_run-2_events.tsv	718fe3f86352ece5fdb4b9b80603bc69832399e234cd7a4e94da475890b6e41b	42	42	42	0	0.0	pass		pass	False	True	True			True
sub-11492	01	1	sub-11492/ses-01/func/sub-11492_ses-01_task-trust_run-1_events.tsv	0b4d9b95a20cae76da57d62fe80235b8b2b736fefe7fb8e3ffd2c33c95748313	42	42	42	0	0.0	pass		pass	False	True	True			True
sub-11492	01	2	sub-11492/ses-01/func/sub-11492_ses-01_task-trust_run-2_events.tsv	0967048cae5d4ec109d5ff4f63f69ceb665ab458db574cafe3f7aa86e5bd1ecb	42	42	40	2	0.047619047619047616	pass		pass	False	True	True			True
sub-11493	01	1	sub-11493/ses-01/func/sub-11493_ses-01_task-trust_run-1_events.tsv	590755c2c681eb0705e1b18112f1ec19e8e732be72c8e2580dcef4dd0ac450d5	42	42	40	2	0.047619047619047616	pass		pass	False	True	True			True
sub-11493	01	2	sub-11493/ses-01/func/sub-11493_ses-01_task-trust_run-2_events.tsv	4e3ccb128598ea76ba639fe05afa90cd3d944e673536efb0a26d3bbecac6b8dc	42	42	42	0	0.0	pass		pass	False	True	True			True
sub-11498	01	1	sub-11498/ses-01/func/sub-11498_ses-01_task-trust_run-1_events.tsv	a2715bd522fec2520f5a94a10d0074c986e7f6c38fbadaf5f836bb6144ce1475	42	42	42	0	0.0	pass		pass	False	True	True			True
sub-11517	01	1	sub-11517/ses-01/func/sub-11517_ses-01_task-trust_run-1_events.tsv	211b10aaa6f481a08d607323fe49b6337d5ec625b0deb66a757cefbe08d402bc	42	42	41	1	0.023809523809523808	pass		pass	False	True	True			True
sub-11517	01	2	sub-11517/ses-01/func/sub-11517_ses-01_task-trust_run-2_events.tsv	d5d25f546462a1f77b6ca11205f637cd24be65760ac09db20634fdf0c0c48811	42	42	41	1	0.023809523809523808	pass		pass	False	True	True			True
sub-11518	01	1	sub-11518/ses-01/func/sub-11518_ses-01_task-trust_run-1_events.tsv	f66d9baa98095fb8d52af18368337f9d4899e824e722f2fe214871f848387397	42	42	40	2	0.047619047619047616	pass		pass	False	True	True			True
sub-11518	01	2	sub-11518/ses-01/func/sub-11518_ses-01_task-trust_run-2_events.tsv	253cadebf7ee2f3f0bbfdcecb6d0f1a22e7ca46917001d4c2e8745d6f8f38105	42	42	38	4	0.09523809523809523	pass		pass	False	True	True			True
sub-11523	01	1	sub-11523/ses-01/func/sub-11523_ses-01_task-trust_run-1_events.tsv	7bc79ff1e53d4f04f9f5cae3f36e58e0d81d4d7fb40aaab39ba4b8fc92b7de24	42	42	42	0	0.0	pass		pass	False	True	True			True
sub-11523	01	2	sub-11523/ses-01/func/sub-11523_ses-01_task-trust_run-2_events.tsv	c4c3913ff7b0fab189bdd9773279aa5af574235c0ed460ecca0023af9ec1d433	42	42	32	10	0.23809523809523808	pass		pass	False	True	True			True
sub-11526	01	1	sub-11526/ses-01/func/sub-11526_ses-01_task-trust_run-1_events.tsv	0ce1fa9c076e2e839515b1c1c06fa971c25859be3bc72035e7f20161725ed450	42	42	42	0	0.0	pass		pass	False	True	True			True
sub-11526	01	2	sub-11526/ses-01/func/sub-11526_ses-01_task-trust_run-2_events.tsv	1179ba905a429d6a855cfb4ff9da81eeb4f81aef46bf05a4c21557334456e1e7	42	42	42	0	0.0	pass		pass	False	True	True			True
sub-11527	01	1	sub-11527/ses-01/func/sub-11527_ses-01_task-trust_run-1_events.tsv	489d77ef74c7b42b02b51db669698fbaa82a76dc74afd98233f81512a4485bee	42	42	41	1	0.023809523809523808	pass		pass	False	True	True			True
sub-11527	01	2	sub-11527/ses-01/func/sub-11527_ses-01_task-trust_run-2_events.tsv	0bacb8621d10616f1e4af5798115967165dace6624341cad1610e96c440d6ddf	42	42	42	0	0.0	pass		pass	False	True	True			True
sub-11529	01	1	sub-11529/ses-01/func/sub-11529_ses-01_task-trust_run-1_events.tsv	25fc32fe1f62ad7362621fbc6a88b9246237de83c93f4a5d7c0fd90baf2d7a69	42	42	42	0	0.0	pass		pass	False	True	True			True
sub-11530	01	1	sub-11530/ses-01/func/sub-11530_ses-01_task-trust_run-1_events.tsv	447fd4c150b9a282c9e87efd7b7b5fbc4cca1ac57029758057570089994219b2	42	42	41	1	0.023809523809523808	pass		pass	False	True	True			True
sub-11530	01	2	sub-11530/ses-01/func/sub-11530_ses-01_task-trust_run-2_events.tsv	b915c73978d81b7b4ef9d41ebf820c543efd63a354218daa0b55109065724e47	42	42	42	0	0.0	pass		pass	False	True	True			True
sub-11532	01	1	sub-11532/ses-01/func/sub-11532_ses-01_task-trust_run-1_events.tsv	6bc3cb016a3f0d6a7140a88da57eda6390fe924993801d1b64e69b7e1c354607	42	42	42	0	0.0	pass		pass	False	True	True			True
sub-11532	01	2	sub-11532/ses-01/func/sub-11532_ses-01_task-trust_run-2_events.tsv	41159f5c73fe6f8382607c2b837b5d603ab0246f146a6b2e87d44d3a26b754a6	42	42	42	0	0.0	pass		pass	False	True	True			True
sub-11533	01	1	sub-11533/ses-01/func/sub-11533_ses-01_task-trust_run-1_events.tsv	fa1090751b8278741278796a7fdae2c3aed18444a46c0b8518a4f4f21a62e315	42	42	42	0	0.0	pass		pass	False	True	True			True
sub-11533	01	2	sub-11533/ses-01/func/sub-11533_ses-01_task-trust_run-2_events.tsv	39b77ff4baea2680e113fc44f2478bcf9137fcb19e25fc6fdfd5a187c1a66877	42	42	42	0	0.0	pass		pass	False	True	True			True
sub-11534	01	1	sub-11534/ses-01/func/sub-11534_ses-01_task-trust_run-1_events.tsv	0a82409320eb89f0e697abd703afd718b56b30fa2551ea26da06615bae2e5114	42	42	42	0	0.0	pass		pass	False	True	True			True
sub-11534	01	2	sub-11534/ses-01/func/sub-11534_ses-01_task-trust_run-2_events.tsv	906dd35e8980cadbd58bd5f7d5c11dcc772a264d1a6b552edabd7afe030a7034	42	42	42	0	0.0	pass		pass	False	True	True			True
sub-11535	01	1	sub-11535/ses-01/func/sub-11535_ses-01_task-trust_run-1_events.tsv	b8e572700c40f564a4422448d93522701df07798dc530c8def833665ecb1e242	42	42	42	0	0.0	pass		pass	False	True	True			True
sub-11535	01	2	sub-11535/ses-01/func/sub-11535_ses-01_task-trust_run-2_events.tsv	8441894ccd7f728e842527a8a488f6b719fa5d576318fc78718dccbb633ce7e4	42	42	37	5	0.11904761904761904	pass		pass	False	True	True			True
sub-11536	01	1	sub-11536/ses-01/func/sub-11536_ses-01_task-trust_run-1_events.tsv	ad14177c59f5ee957c0ecb0469f5174f2d62589ea689cff861d58604db70eed3	42	42	40	2	0.047619047619047616	pass		pass	False	True	True			True
sub-11536	01	2	sub-11536/ses-01/func/sub-11536_ses-01_task-trust_run-2_events.tsv	ed5da7420e2dee75cd9e78394378cdbfcc7df7bf635f7c40de7eac82f9ed877d	42	42	41	1	0.023809523809523808	pass		pass	False	True	True			True
sub-11539	01	1	sub-11539/ses-01/func/sub-11539_ses-01_task-trust_run-1_events.tsv	5ca11ff999074e76f30307886c1f28d4b8d3b66d22866ea19ade97df0630688a	42	42	42	0	0.0	pass		pass	False	True	True			True
sub-11539	01	2	sub-11539/ses-01/func/sub-11539_ses-01_task-trust_run-2_events.tsv	27a2f7da39bc4de9497bc1fb83f81837435aa127783cf4638730d1a69a8849ee	42	42	39	3	0.07142857142857142	pass		pass	False	True	True			True
sub-11540	01	1	sub-11540/ses-01/func/sub-11540_ses-01_task-trust_run-1_events.tsv	8d28f4bea24889932f13b163136308e34e268720c4e10f7c6b022c614dd6a4d4	42	42	42	0	0.0	pass		pass	False	True	True			True
sub-11540	01	2	sub-11540/ses-01/func/sub-11540_ses-01_task-trust_run-2_events.tsv	303b2b3cfa6cded1e0db580bd4e171772b49864c99dfa3a9e4c2a6f54d666090	42	42	42	0	0.0	pass		pass	False	True	True			True
sub-11542	01	1	sub-11542/ses-01/func/sub-11542_ses-01_task-trust_run-1_events.tsv	fb47e89afaeb527056102670bc3a75d83d69e705a38957eca93cae91ef337f2e	42	42	42	0	0.0	pass		pass	False	True	True			True
sub-11542	01	2	sub-11542/ses-01/func/sub-11542_ses-01_task-trust_run-2_events.tsv	30542d07cf45f80a305fc98be71b6192a97869dbba05d5bf38df2bb1d6478cff	42	42	40	2	0.047619047619047616	pass		pass	False	True	True			True
sub-11545	01	1	sub-11545/ses-01/func/sub-11545_ses-01_task-trust_run-1_events.tsv	583fc0679b4bba5dbdaa302fa9658b03b1652484ee71ca40284b43a206f42447	42	42	41	1	0.023809523809523808	pass		pass	False	True	True			True
sub-11545	01	2	sub-11545/ses-01/func/sub-11545_ses-01_task-trust_run-2_events.tsv	73d1df5ee2d872f7d9df43a489283b2f94c5c6236b74389e01e4cd6bf387314b	42	42	40	2	0.047619047619047616	pass		pass	False	True	True			True
sub-11551	01	1	sub-11551/ses-01/func/sub-11551_ses-01_task-trust_run-1_events.tsv	5f3da3204f72833e59696587563524825d8afef96b422d0e87b434cd2cf59e03	42	42	42	0	0.0	pass		pass	False	True	True			True
sub-11551	01	2	sub-11551/ses-01/func/sub-11551_ses-01_task-trust_run-2_events.tsv	37e42d294e7c8062a6d974d0b397f146eb855d9e7e9666e584b7781d8d1430bb	42	42	41	1	0.023809523809523808	pass		pass	False	True	True			True
sub-11559	01	1	sub-11559/ses-01/func/sub-11559_ses-01_task-trust_run-1_events.tsv	55846cb0b0415be0b9ef7fc5efe25577ef7526681a4b6059ee395e3a90726b3e	42	42	41	1	0.023809523809523808	pass		pass	False	True	True			True
sub-11559	01	2	sub-11559/ses-01/func/sub-11559_ses-01_task-trust_run-2_events.tsv	d915b0dd58faa19967c78eeb4cbc4f0807d44a401a863ee6797aa5c2199676bc	42	42	41	1	0.023809523809523808	pass		pass	False	True	True			True
sub-11560	01	1	sub-11560/ses-01/func/sub-11560_ses-01_task-trust_run-1_events.tsv	8eb4c33dd1850234305a46ac5c7a8872f3fab5bf289bd0b8aa7abd9bd08dcaa5	42	42	42	0	0.0	pass		pass	False	True	True			True
sub-11560	01	2	sub-11560/ses-01/func/sub-11560_ses-01_task-trust_run-2_events.tsv	a4316568af9f3958e2348d6016e9dbaec1a4e9811d79a608228241abc72a5b20	42	42	42	0	0.0	pass		pass	False	True	True			True
sub-11563	01	1	sub-11563/ses-01/func/sub-11563_ses-01_task-trust_run-1_events.tsv	fbefb16993b2ac010399c689bdbde5ab8f5d8d7e38408ae8e6c47b564f463eba	42	42	42	0	0.0	pass		pass	False	True	True			True
sub-11563	01	2	sub-11563/ses-01/func/sub-11563_ses-01_task-trust_run-2_events.tsv	339e35413a8a7db368d8d55d18b8b2c8e7f32c754a2401530b3f1688e1c9ccbf	42	42	42	0	0.0	pass		pass	False	True	True			True
sub-11565	01	1	sub-11565/ses-01/func/sub-11565_ses-01_task-trust_run-1_events.tsv	1809fb4eb65beaaf013eb498292cba2c5179ed4f869bbf03378db9c8472fa915	42	42	41	1	0.023809523809523808	pass		pass	False	True	True			True
sub-11565	01	2	sub-11565/ses-01/func/sub-11565_ses-01_task-trust_run-2_events.tsv	b2b8fc8906384455bbd3456dd855ddcd759b63bd566a9411343ea29de460a2b7	42	42	42	0	0.0	pass		pass	False	True	True			True
sub-11570	01	1	sub-11570/ses-01/func/sub-11570_ses-01_task-trust_run-1_events.tsv	254ce5b51e2ff24ce2f401328431d4d448fad0874f9f6e9660fe281968e598a7	42	42	42	0	0.0	pass		pass	False	True	True			True
sub-11570	01	2	sub-11570/ses-01/func/sub-11570_ses-01_task-trust_run-2_events.tsv	50a111c79c640bc357c4e0c4a0ff52bffcebf11b7bbdf608827d665b0d2bf352	42	42	42	0	0.0	pass		pass	False	True	True			True
sub-11572	01	1	sub-11572/ses-01/func/sub-11572_ses-01_task-trust_run-1_events.tsv	9d158e3c9b1671e828feeaf3d4635d57a681ccff93270574c56341bbc3fcaaea	42	42	42	0	0.0	pass		pass	False	True	True			True
sub-11572	01	2	sub-11572/ses-01/func/sub-11572_ses-01_task-trust_run-2_events.tsv	48c8419570627630ebca7e4fd4731e4eded91c2cf3cebd560bbb13b4fd484f5a	42	42	42	0	0.0	pass		pass	False	True	True			True
sub-11579	01	1	sub-11579/ses-01/func/sub-11579_ses-01_task-trust_run-1_events.tsv	63a718975fc0ee5cf97119beb8f4cd044750bce31674d0dd1e9ac35e8372e4bb	42	42	42	0	0.0	pass		pass	False	True	True			True
sub-11579	01	2	sub-11579/ses-01/func/sub-11579_ses-01_task-trust_run-2_events.tsv	629f0890e60bdb15bb8eb07e7d55992f0f0ff5b471c7dcbf3abfab084db1cf11	42	42	42	0	0.0	pass		pass	False	True	True			True
sub-11586	01	1	sub-11586/ses-01/func/sub-11586_ses-01_task-trust_run-1_events.tsv	9db3cd7c22a7001299cc60dff3511afbd4e64a9eb3f55f4a6b4af2f6a50714b4	42	42	41	1	0.023809523809523808	pass		pass	False	True	True			True
sub-11587	01	1	sub-11587/ses-01/func/sub-11587_ses-01_task-trust_run-1_events.tsv	1bf1aebbd578585f90eee1a4fbb6e64992b9591c641c7908f56243697249ba2c	42	42	42	0	0.0	pass		pass	False	True	True			True
sub-11587	01	2	sub-11587/ses-01/func/sub-11587_ses-01_task-trust_run-2_events.tsv	08cd679993f6ac64e34799fd629f94ef4b980dac59d8e1280665763d76566cad	42	42	42	0	0.0	pass		pass	False	True	True			True
sub-11588	01	1	sub-11588/ses-01/func/sub-11588_ses-01_task-trust_run-1_events.tsv	f7353f764839f995dbceab912a1ab94175fe693276d1c8b0acb210ea7d832bae	42	42	42	0	0.0	pass		pass	False	True	True			True
sub-11588	01	2	sub-11588/ses-01/func/sub-11588_ses-01_task-trust_run-2_events.tsv	95f9a31d571062f2c42e0d8e02f269b9170126f96ad9ab3fa54a09f7f27eba87	42	42	42	0	0.0	pass		pass	False	True	True			True
sub-11591	01	1	sub-11591/ses-01/func/sub-11591_ses-01_task-trust_run-1_events.tsv	b3a63f27dca7fc061d35a8294329bc2ddff92b8c14f3d6721619a8d3ea13e111	42	42	42	0	0.0	pass		pass	False	True	True			True
sub-11591	01	2	sub-11591/ses-01/func/sub-11591_ses-01_task-trust_run-2_events.tsv	3cdc82387036d74b24bd8e36135875489aa4b7923c5526eab0b003c3f629bdbf	42	42	42	0	0.0	pass		pass	False	True	True			True
sub-11597	01	1	sub-11597/ses-01/func/sub-11597_ses-01_task-trust_run-1_events.tsv	6d9f46e6d101909f1c359325db98ab21dffd240a6015912a80490e9e837069e7	42	42	39	3	0.07142857142857142	pass		pass	False	True	True			True
sub-11597	01	2	sub-11597/ses-01/func/sub-11597_ses-01_task-trust_run-2_events.tsv	234fd791fdc7522c567bcc63f8c08a1dd11492beade36abf26b3d68145674780	42	42	42	0	0.0	pass		pass	False	True	True			True
sub-11598	01	1	sub-11598/ses-01/func/sub-11598_ses-01_task-trust_run-1_events.tsv	cb5532fd2ad1178bec70aaebe8fe9f75d02cf82a4cd4d2efceeae7b949438c99	42	42	41	1	0.023809523809523808	pass		pass	False	True	True			True
sub-11598	01	2	sub-11598/ses-01/func/sub-11598_ses-01_task-trust_run-2_events.tsv	012ba2f06e1d4a55a7933274ad11173ecaf8c09fb1dab80f9f4db70d14ecc6e4	42	42	42	0	0.0	pass		pass	False	True	True			True
sub-11599	01	1	sub-11599/ses-01/func/sub-11599_ses-01_task-trust_run-1_events.tsv	02dc9d4642185087b1dd674f22d464c5a5ee17efce86baa164672d3af91d8dba	42	42	41	1	0.023809523809523808	pass		pass	False	True	True			True
sub-11599	01	2	sub-11599/ses-01/func/sub-11599_ses-01_task-trust_run-2_events.tsv	8fde0aa51dc18e7e0d6fe9dd6baaf65a57843ef01c3f93b085b19f3880263be7	42	42	42	0	0.0	pass		pass	False	True	True			True
sub-11600	01	1	sub-11600/ses-01/func/sub-11600_ses-01_task-trust_run-1_events.tsv	b1d3ed5ddfb0184fe1f7494517e5426da2860a9e794292eaabc06a08103447cb	42	42	42	0	0.0	pass		pass	False	True	True			True
sub-11600	01	2	sub-11600/ses-01/func/sub-11600_ses-01_task-trust_run-2_events.tsv	4acf7496c4135be45b2278dcbdfec859b235899151925738f0e0e60dc4643722	42	42	42	0	0.0	pass		pass	False	True	True			True
sub-11606	01	1	sub-11606/ses-01/func/sub-11606_ses-01_task-trust_run-1_events.tsv	ea43c0f6af78f0c6d9151f4f3489555dc471b4e1b7b5b3b62df370f892a47e9b	42	42	42	0	0.0	pass		pass	False	True	True			True
sub-11606	01	2	sub-11606/ses-01/func/sub-11606_ses-01_task-trust_run-2_events.tsv	0a1db2d9ed3bf624577f5fed335af6f95f66d6d78c123e44c69adcee70b450bc	42	42	42	0	0.0	pass		pass	False	True	True			True
sub-11614	01	1	sub-11614/ses-01/func/sub-11614_ses-01_task-trust_run-1_events.tsv	9f890b2a4fd4c886f5348aac690fe6d148e9ca9604006198aad40b6aff4cb385	42	42	40	2	0.047619047619047616	pass		pass	False	True	True			True
sub-11614	01	2	sub-11614/ses-01/func/sub-11614_ses-01_task-trust_run-2_events.tsv	d9f5a64a1910a42910a4ddb8b74b24409524b6541eebbf22164c1dad2e5c82fd	42	42	41	1	0.023809523809523808	pass		pass	False	True	True			True
sub-11622	01	1	sub-11622/ses-01/func/sub-11622_ses-01_task-trust_run-1_events.tsv	0142dffd6552968d8ec96c6a970d910f93a37f78349bfca86d59d86ad362d173	42	42	42	0	0.0	pass		pass	False	True	True			True
sub-11622	01	2	sub-11622/ses-01/func/sub-11622_ses-01_task-trust_run-2_events.tsv	ef7bf268c48ec8260a386a214bef4d16f5db33c6d3f7cdc92e9cc553ee07f708	42	42	42	0	0.0	pass		pass	False	True	True			True
sub-11623	01	1	sub-11623/ses-01/func/sub-11623_ses-01_task-trust_run-1_events.tsv	dd7d2b769222cd820d2fbd676557b47aee71535196729f32b8f54579a91c0e0c	42	42	41	1	0.023809523809523808	pass		pass	False	True	True			True
sub-11625	01	1	sub-11625/ses-01/func/sub-11625_ses-01_task-trust_run-1_events.tsv	616ac694105d112cb64bff67c9f51f59cd0ac27af25efdcc88af1d6f45c5ac37	42	42	40	2	0.047619047619047616	pass		pass	False	True	True			True
sub-11625	01	2	sub-11625/ses-01/func/sub-11625_ses-01_task-trust_run-2_events.tsv	9573617c926874ae08ef284e69458d902fe39b941c18042bfc9a5827fdce96e3	42	42	37	5	0.11904761904761904	pass		pass	False	True	True			True
sub-11626	01	1	sub-11626/ses-01/func/sub-11626_ses-01_task-trust_run-1_events.tsv	0645f6b6e0df25227d3bfee7858b11f7fe08382d01b1f2f36481d6421d2c9e05	42	42	33	9	0.21428571428571427	pass		pass	False	True	False		more_than_20_percent_misses;	True
sub-11626	01	2	sub-11626/ses-01/func/sub-11626_ses-01_task-trust_run-2_events.tsv	5eaf8085038980d4e254def33efb4dc927e3e32b02f53e441f9f80004103f703	42	42	31	11	0.2619047619047619	review	overall_miss_fraction_threshold	pass	False	True	False		more_than_20_percent_misses;	True
sub-11628	01	1	sub-11628/ses-01/func/sub-11628_ses-01_task-trust_run-1_events.tsv	997f5484d6569f6993524bb999b68d8d1dcee90b3f62f042da3226d342ea2fdc	42	42	42	0	0.0	pass		pass	False	True	True			True
sub-11628	01	2	sub-11628/ses-01/func/sub-11628_ses-01_task-trust_run-2_events.tsv	f4feaece00613be72f113a60a6f21e77da56b0991185969b991cb4ae70982dfc	42	42	41	1	0.023809523809523808	pass		pass	False	True	True			True
sub-11631	01	1	sub-11631/ses-01/func/sub-11631_ses-01_task-trust_run-1_events.tsv	2ffdfd617772e415de22dfa72f73e3b5113a3e8dba2ffab1dba1fe22ebfecde6	42	42	42	0	0.0	pass		pass	False	True	True			True
sub-11631	01	2	sub-11631/ses-01/func/sub-11631_ses-01_task-trust_run-2_events.tsv	4a4b80a4666d6db5203d730bd62822121bcc82197239f99b8ddbd680958f6f69	42	42	42	0	0.0	pass		pass	False	True	True			True
sub-11651	01	1	sub-11651/ses-01/func/sub-11651_ses-01_task-trust_run-1_events.tsv	9113819b7fc0773536d0267e807ed312607ba1d8f84126e45036af9eab8f86bc	42	42	41	1	0.023809523809523808	pass		pass	False	True	True			True
sub-11651	01	2	sub-11651/ses-01/func/sub-11651_ses-01_task-trust_run-2_events.tsv	3f598043b5e054b50e44372bd657e8b6ba7892f9c7320129166619aff1c56afa	42	42	40	2	0.047619047619047616	pass		pass	False	True	True			True
sub-11660	01	1	sub-11660/ses-01/func/sub-11660_ses-01_task-trust_run-1_events.tsv	4fcba765c976eb0ecb01af066ba208fc2df2e7a05307f1a896458a64bf968d9e	42	42	42	0	0.0	pass		pass	False	True	True			True
sub-11660	01	2	sub-11660/ses-01/func/sub-11660_ses-01_task-trust_run-2_events.tsv	b8b9834676155ac4e4a165700a71bfd9ff113fbdb13eb202512b5fd4026df112	42	42	35	7	0.16666666666666666	pass		pass	False	True	True			True
sub-11670	01	1	sub-11670/ses-01/func/sub-11670_ses-01_task-trust_run-1_events.tsv	16c0a4c49bcfaa31bbf45b05d6f945fd8ae2ac21c0cfa1a5ffe3ee8181cb8357	42	42	42	0	0.0	pass		pass	False	True	True			True
sub-11670	01	2	sub-11670/ses-01/func/sub-11670_ses-01_task-trust_run-2_events.tsv	dd17ca8f158240844be555d3f2ea9b255921e00f4d8603429173dffa80469c16	42	42	42	0	0.0	pass		pass	False	True	True			True
sub-11674	01	1	sub-11674/ses-01/func/sub-11674_ses-01_task-trust_run-1_events.tsv	0c7063122ea291a1d348982bc73ce2c363a8d09271ba2494759f17bcee4c6675	42	42	40	2	0.047619047619047616	pass		pass	False	True	True			True
sub-11679	01	1	sub-11679/ses-01/func/sub-11679_ses-01_task-trust_run-1_events.tsv	efd36c87d124ad555401bd30db8b8ee4186196c49b7619b075fdffde780c21ce	42	42	42	0	0.0	pass		pass	False	True	True			True
sub-11679	01	2	sub-11679/ses-01/func/sub-11679_ses-01_task-trust_run-2_events.tsv	58b40182f30f1a0b71a10cf9096125c92ee0ab1dc12fae0da8502e68632f39c6	42	42	42	0	0.0	pass		pass	False	True	True			True
sub-11681	01	1	sub-11681/ses-01/func/sub-11681_ses-01_task-trust_run-1_events.tsv	1e813ae67c6122f1778971b1cf799851a5b2ed2bca0dde7574309687c8b20e9c	42	42	42	0	0.0	pass		pass	False	True	True			True
sub-11681	01	2	sub-11681/ses-01/func/sub-11681_ses-01_task-trust_run-2_events.tsv	2d523b6c09e8916ca67c57db398b473203842c23043148779fff9b59fa93d673	42	42	42	0	0.0	pass		pass	False	True	True			True
sub-11692	01	1	sub-11692/ses-01/func/sub-11692_ses-01_task-trust_run-1_events.tsv	ad92d00c717535c75bded64172935380db51f7c5ca0919c590d74713adc9cdc8	42	42	42	0	0.0	pass		pass	False	True	True			True
sub-11692	01	2	sub-11692/ses-01/func/sub-11692_ses-01_task-trust_run-2_events.tsv	60d819b5a8cdb0495c138383d589b95be859922cfe30df9963c4e6150806aef6	42	42	41	1	0.023809523809523808	pass		pass	False	True	True			True
sub-11701	01	1	sub-11701/ses-01/func/sub-11701_ses-01_task-trust_run-1_events.tsv	5969eeb0841fed3775dacd26c7337a853ffc067079c8233cdb78cd6c85e5801b	42	42	41	1	0.023809523809523808	pass		pass	False	True	True			True
sub-11701	01	2	sub-11701/ses-01/func/sub-11701_ses-01_task-trust_run-2_events.tsv	f05dfd18844ff6e68a69b3fc7bea83c2499649195462e88c5c023c5eb2da755c	42	42	39	3	0.07142857142857142	pass		pass	False	True	True			True
sub-11703	01	1	sub-11703/ses-01/func/sub-11703_ses-01_task-trust_run-1_events.tsv	fa4e06f4ae73937a11b0c67eb6b6c1fd23dff92eddc24e63348abad49e875393	42	42	42	0	0.0	pass		pass	False	True	True			True
sub-11703	01	2	sub-11703/ses-01/func/sub-11703_ses-01_task-trust_run-2_events.tsv	85aab183fd7b8c5481802b25a04d1211e956bd81fee5a017668176503931ccf2	42	42	42	0	0.0	pass		pass	False	True	True			True
sub-11705	01	1	sub-11705/ses-01/func/sub-11705_ses-01_task-trust_run-1_events.tsv	e7b9c23baca7f821402ae9e5473c515a2898b5f49d53cdf3ecd1cdb8287824ec	42	42	42	0	0.0	pass		pass	False	True	True			True
sub-11705	01	2	sub-11705/ses-01/func/sub-11705_ses-01_task-trust_run-2_events.tsv	c7d814bff85d8d64e5866819eb7ab2dd04601d92b361ca7db93dfd611efa44e9	42	42	42	0	0.0	pass		pass	False	True	True			True
sub-11709	01	1	sub-11709/ses-01/func/sub-11709_ses-01_task-trust_run-1_events.tsv	2e24d9711bb8ffdd0ffc6816307e7158b7d69a22d3735a40e44de43a7e3ac196	42	42	40	2	0.047619047619047616	pass		pass	False	True	True			True
sub-11709	01	2	sub-11709/ses-01/func/sub-11709_ses-01_task-trust_run-2_events.tsv	a3168876fb25ed52f99a6c0dd13655cfc620275cb7c9363622db7e0ef1bbcca8	42	42	40	2	0.047619047619047616	pass		pass	False	True	True			True
sub-11710	01	1	sub-11710/ses-01/func/sub-11710_ses-01_task-trust_run-1_events.tsv	ed23a8556c980ae876dec89a5559fdc9ab3f9413cbcf300994e3e26a88324f62	42	42	41	1	0.023809523809523808	pass		pass	False	True	True			True
sub-11710	01	2	sub-11710/ses-01/func/sub-11710_ses-01_task-trust_run-2_events.tsv	17d723678cf031e50a1356673e2339722a5321559ef9fca259966333cbf6715c	42	42	40	2	0.047619047619047616	pass		pass	False	True	True			True
sub-11714	01	1	sub-11714/ses-01/func/sub-11714_ses-01_task-trust_run-1_events.tsv	5acbc51bac83333979f56d7aab9996d9a10b79999fc0135b8a85cd75a241b816	42	42	41	1	0.023809523809523808	pass		pass	False	True	True			True
sub-11714	01	2	sub-11714/ses-01/func/sub-11714_ses-01_task-trust_run-2_events.tsv	6021f3b091436206c640b36953cedc07730a94b285befb18e7c21f5e4b80b7ed	42	42	41	1	0.023809523809523808	pass		pass	False	True	True			True
sub-11719	01	1	sub-11719/ses-01/func/sub-11719_ses-01_task-trust_run-1_events.tsv	1ab70855646c6f8b50b673a0873f8ec1d98c00788d1717fce594394fa219618d	42	42	42	0	0.0	pass		pass	False	True	True			True
sub-11720	01	1	sub-11720/ses-01/func/sub-11720_ses-01_task-trust_run-1_events.tsv	c03fba7d448a75c63845977c70a3286bfa4d83ab793977cabeb47b1e8e9b8bf4	42	42	42	0	0.0	pass		pass	False	True	True			True
sub-11720	01	2	sub-11720/ses-01/func/sub-11720_ses-01_task-trust_run-2_events.tsv	d41f5f9f0b3c8fc9caa5a36da54bd2107e62c190afa89e8f339c975268c7e55b	42	42	41	1	0.023809523809523808	pass		pass	False	True	True			True
sub-11722	01	1	sub-11722/ses-01/func/sub-11722_ses-01_task-trust_run-1_events.tsv	8030b0980eb7cfdb6bddc1b9887ab90d723fbf869d8f1351cd83a5faa532026d	42	42	42	0	0.0	pass		pass	False	True	True			True
sub-11722	01	2	sub-11722/ses-01/func/sub-11722_ses-01_task-trust_run-2_events.tsv	d582b4069dad6d9d0d8d99d8aa03a4aab6f2318e5abd7945110506037e18fbff	42	42	42	0	0.0	pass		pass	False	True	True			True
sub-11723	01	1	sub-11723/ses-01/func/sub-11723_ses-01_task-trust_run-1_events.tsv	b86d5539046dbb73ac6d510f4e780592890e2b90a134543faaf1ca3c1b545a28	42	42	38	4	0.09523809523809523	pass		pass	False	True	True			True
sub-11723	01	2	sub-11723/ses-01/func/sub-11723_ses-01_task-trust_run-2_events.tsv	68afb6fb41f80bda4f657a0190f3e8ed6fbf50d9ba4b517a66c5d77e8ce89e35	42	42	40	2	0.047619047619047616	pass		pass	False	True	True			True
sub-11736	01	1	sub-11736/ses-01/func/sub-11736_ses-01_task-trust_run-1_events.tsv	00ab7fd79e5fb433459a98979a30ea83464de1df3854e8f857f5730a57c3d385	42	42	41	1	0.023809523809523808	pass		pass	False	True	True			True
sub-11736	01	2	sub-11736/ses-01/func/sub-11736_ses-01_task-trust_run-2_events.tsv	ba87998e6b7370013535165a292532a34dcb04050c0aa0e47ea381d4a7f5ca1a	42	42	41	1	0.023809523809523808	pass		pass	False	True	True			True
sub-11744	01	1	sub-11744/ses-01/func/sub-11744_ses-01_task-trust_run-1_events.tsv	4621e273b2b3d77e6eb53c86ff6f966e2bbf2a87ab3b43b15a673a93100e7915	42	42	40	2	0.047619047619047616	pass		pass	False	True	True			True
sub-11744	01	2	sub-11744/ses-01/func/sub-11744_ses-01_task-trust_run-2_events.tsv	e55fbf3196fe5b90e7038fd4fc190b26ffbf27248e184d58e82820a2112a165f	42	42	42	0	0.0	pass		pass	False	True	True			True
sub-11746	01	1	sub-11746/ses-01/func/sub-11746_ses-01_task-trust_run-1_events.tsv	d43078fa873b60e82d169ccb3c9566478746c11110ae875a04d0b8521d78a512	42	42	42	0	0.0	pass		pass	False	True	True			True
sub-11746	01	2	sub-11746/ses-01/func/sub-11746_ses-01_task-trust_run-2_events.tsv	8f73a64bd8e8ce8764966de32f06e8566d88fdae51b1a18a875dc85474640381	42	42	42	0	0.0	pass		pass	False	True	True			True
sub-11748	01	1	sub-11748/ses-01/func/sub-11748_ses-01_task-trust_run-1_events.tsv	c548ae052419066902a0043acff19e3ae549798532ada7a2b0ec6f91a4c80fdc	42	42	42	0	0.0	pass		pass	False	True	True			True
sub-11748	01	2	sub-11748/ses-01/func/sub-11748_ses-01_task-trust_run-2_events.tsv	662b9f18fe0911a755c7372bd47bd5fba548901c481240429d38c48a87ed0010	42	42	41	1	0.023809523809523808	pass		pass	False	True	True			True
sub-11753	01	1	sub-11753/ses-01/func/sub-11753_ses-01_task-trust_run-1_events.tsv		42	0	0	0		not_audited		unresolved	True	False	False	source_excluded	source_excluded	False
sub-11753	01	2	sub-11753/ses-01/func/sub-11753_ses-01_task-trust_run-2_events.tsv		42	0	0	0		not_audited		unresolved	True	False	False	source_excluded	source_excluded	False
sub-11756	01	1	sub-11756/ses-01/func/sub-11756_ses-01_task-trust_run-1_events.tsv	41fa507860076c6b8e5337d56a2503d4529cc843230d20afa032f02551bc7b0b	42	42	42	0	0.0	pass		pass	False	True	True			True
sub-11756	01	2	sub-11756/ses-01/func/sub-11756_ses-01_task-trust_run-2_events.tsv	4f35cae73dec2180c0b47042951f4251dcb74ff7740db59170904ed2f801de17	42	42	42	0	0.0	pass		pass	False	True	True			True
sub-11764	01	1	sub-11764/ses-01/func/sub-11764_ses-01_task-trust_run-1_events.tsv	9eeab192bd29d52b0764357c6f876043755897f4658c633115688944c6d37c89	42	42	42	0	0.0	pass		pass	False	True	True			True
sub-11764	01	2	sub-11764/ses-01/func/sub-11764_ses-01_task-trust_run-2_events.tsv	4f10970130cbd4f93ac99838b3a6ce4c51f75e16b9500bbc7c533ba9944d8f91	42	42	42	0	0.0	pass		pass	False	True	True			True
sub-11772	01	1	sub-11772/ses-01/func/sub-11772_ses-01_task-trust_run-1_events.tsv	006c6dc2bff90d518ccb7b1abc69953e865c4c43b8b87793aa03f6e672e42338	42	42	41	1	0.023809523809523808	pass		pass	False	True	True			True
sub-11773	01	1	sub-11773/ses-01/func/sub-11773_ses-01_task-trust_run-1_events.tsv	7f58460d7bff0d99fc0803380532adc09c0f6454217af01d63bc5bccd0bb6ec1	42	42	41	1	0.023809523809523808	pass		pass	False	True	True			True
sub-11773	01	2	sub-11773/ses-01/func/sub-11773_ses-01_task-trust_run-2_events.tsv	fae47d5922fa6a3b6e6877a409eb99a02b5105fc044c673b75614d5e6e717aa5	42	42	41	1	0.023809523809523808	pass		pass	False	True	True			True
sub-11774	01	1	sub-11774/ses-01/func/sub-11774_ses-01_task-trust_run-1_events.tsv	7ef3bcfd233741e1444ad1f55c2aacf83caa164c33217cdc2f579556d0c600e7	42	42	41	1	0.023809523809523808	pass		pass	False	True	True			True
sub-11774	01	2	sub-11774/ses-01/func/sub-11774_ses-01_task-trust_run-2_events.tsv	6ca490b7a057cc6ef5dc0338cdb4046c72fbf7182a77969fad7552ab4d4c18c8	42	42	42	0	0.0	pass		pass	False	True	True			True
sub-11784	01	1	sub-11784/ses-01/func/sub-11784_ses-01_task-trust_run-1_events.tsv	bcf4b38ce689135f084c08865062e5f410213e24cd912d0d409c726491f0e962	42	42	42	0	0.0	pass		pass	False	True	True			True
sub-11784	01	2	sub-11784/ses-01/func/sub-11784_ses-01_task-trust_run-2_events.tsv	585f3b8bc72cb72cfd8606976d23958c2f8fe1c8920882d0bdebd4d31369ef46	42	42	42	0	0.0	pass		pass	False	True	True			True
sub-11787	01	1	sub-11787/ses-01/func/sub-11787_ses-01_task-trust_run-1_events.tsv	65398fa2312d6a68b72ba1c12e94d5f74ea03212a2cbbacf7dd1ce4418080e91	42	42	42	0	0.0	pass		pass	False	True	True			True
sub-11787	01	2	sub-11787/ses-01/func/sub-11787_ses-01_task-trust_run-2_events.tsv	e892992f7e8ecca3c9ec3909206fb22ca9807381a8c034ac39a4f840da398f20	42	42	42	0	0.0	pass		pass	False	True	True			True
sub-11788	01	1	sub-11788/ses-01/func/sub-11788_ses-01_task-trust_run-1_events.tsv	aa083df9ed8ba418f717a6e5781576c3ba996e10cc84335641c1e7e00e37289e	42	42	42	0	0.0	pass		pass	False	True	True			True
sub-11788	01	2	sub-11788/ses-01/func/sub-11788_ses-01_task-trust_run-2_events.tsv	37132fd26c6d4f413406f783a38861b3501272141b80b37d656b28856188f6b9	42	42	42	0	0.0	pass		pass	False	True	True			True
sub-11789	01	1	sub-11789/ses-01/func/sub-11789_ses-01_task-trust_run-1_events.tsv	7977a844657e75ed4a62cf2bc91027790c184f577fe81536ce68f29e89baed2a	42	42	42	0	0.0	pass		pass	False	True	True			True
sub-11789	01	2	sub-11789/ses-01/func/sub-11789_ses-01_task-trust_run-2_events.tsv	a32a4601723a5e987456c23779eb2a76ed4f2cfa93f532510580d417d0798b03	42	42	42	0	0.0	pass		pass	False	True	True			True
sub-11790	01	1	sub-11790/ses-01/func/sub-11790_ses-01_task-trust_run-1_events.tsv	a2a50bce46fcf9c424ab41b7d36ab1439c416cc6c49e1e7a9009ab40cc0badcb	42	42	41	1	0.023809523809523808	pass		pass	False	True	True			True
sub-11790	01	2	sub-11790/ses-01/func/sub-11790_ses-01_task-trust_run-2_events.tsv	c1eada33a35d774a59fcc81148045391cc630bd0913b85118255180661ead5aa	42	42	37	5	0.11904761904761904	pass		pass	False	True	True			True
sub-11793	01	1	sub-11793/ses-01/func/sub-11793_ses-01_task-trust_run-1_events.tsv	97c25c82f95d535f69169b6f3546ca318ded0bc21a45205e94157bcfd169b716	42	42	42	0	0.0	pass		pass	False	True	True			True
sub-11793	01	2	sub-11793/ses-01/func/sub-11793_ses-01_task-trust_run-2_events.tsv	8de44143e0a08109c01d6b3ae46d0c205f755b4abb6c865bb8933c694a789370	42	42	42	0	0.0	pass		pass	False	True	True			True
sub-11795	01	1	sub-11795/ses-01/func/sub-11795_ses-01_task-trust_run-1_events.tsv	548a5ebdaf7fe5818be266ddad156dcbf1b469a519abad6bcffe159aeddcabe2	42	42	42	0	0.0	pass		pass	False	True	True			True
sub-11795	01	2	sub-11795/ses-01/func/sub-11795_ses-01_task-trust_run-2_events.tsv	1e80c4bfd6e84458987849d34b5fd6e2ad8582a961cf5a23d19343ec96d4f7f4	42	42	42	0	0.0	pass		pass	False	True	True			True
sub-11815	01	1	sub-11815/ses-01/func/sub-11815_ses-01_task-trust_run-1_events.tsv	d7190151bef12d4d6a895ed477fcda6e5ceb4e69e39e5177a77cb2e604ba6b02	42	42	42	0	0.0	pass		pass	False	True	True			True
sub-11815	01	2	sub-11815/ses-01/func/sub-11815_ses-01_task-trust_run-2_events.tsv	e0446748e95282d730bca65ab649733f92b267c283e7c1a4f427426aa8dc25df	42	42	42	0	0.0	pass		pass	False	True	True			True
sub-11822	01	1	sub-11822/ses-01/func/sub-11822_ses-01_task-trust_run-1_events.tsv	84b86d2ed64db425b725f0dbeeedb86e60060e773f892e0503a1b19ad0a1ee0a	42	42	42	0	0.0	pass		pass	False	True	True			True
sub-11822	01	2	sub-11822/ses-01/func/sub-11822_ses-01_task-trust_run-2_events.tsv	cf31a3d694cad89b52f83ea800fbf738e63747a550cfbe630810aacd9c17ee55	42	42	42	0	0.0	pass		pass	False	True	True			True
sub-11823	01	1	sub-11823/ses-01/func/sub-11823_ses-01_task-trust_run-1_events.tsv	76e75c0e59290049a469b10c0ea14a614f8dd101e89596d12820db24046b3bd4	42	42	41	1	0.023809523809523808	pass		pass	False	True	True			True
sub-11823	01	2	sub-11823/ses-01/func/sub-11823_ses-01_task-trust_run-2_events.tsv	be94829caee6a82f8781968fc457dd91fa9b672b72de5316e1cae00339383d7b	42	42	42	0	0.0	pass		pass	False	True	True			True
sub-11824	01	1	sub-11824/ses-01/func/sub-11824_ses-01_task-trust_run-1_events.tsv	a0bb81b9c1c694c04ddad5f4193d86ad4f7bfbfbacdbaa98f2a0123832169de9	42	42	38	4	0.09523809523809523	pass		pass	False	True	True			True
sub-11824	01	2	sub-11824/ses-01/func/sub-11824_ses-01_task-trust_run-2_events.tsv	bfcc76cb158d107fc1a133bbcab0f4415b8642c87b8b1a5fc1e144e075ae89ab	42	42	41	1	0.023809523809523808	pass		pass	False	True	True			True
sub-11828	01	1	sub-11828/ses-01/func/sub-11828_ses-01_task-trust_run-1_events.tsv	c4f32468c11c73584d9ef0882e248aa96407624a574debad41271969823d4607	42	42	42	0	0.0	pass		pass	False	True	True			True
sub-11828	01	2	sub-11828/ses-01/func/sub-11828_ses-01_task-trust_run-2_events.tsv	4759198575ac7a220bc9ff6e885c1de8799c541ef2901ae24785315445eb05b0	42	42	42	0	0.0	pass		pass	False	True	True			True
sub-11829	01	1	sub-11829/ses-01/func/sub-11829_ses-01_task-trust_run-1_events.tsv	cdf62dd63d2555860c43bef5163df70e48f533d20bff7bd662595cbd895a7df2	42	42	41	1	0.023809523809523808	pass		pass	False	True	True			True
sub-11829	01	2	sub-11829/ses-01/func/sub-11829_ses-01_task-trust_run-2_events.tsv	9ae76226dcdb754ed9fd589e77376bb4cb10d2373b96d9b07b6c2dd5c9156ee3	42	42	42	0	0.0	pass		pass	False	True	True			True
sub-11836	01	1	sub-11836/ses-01/func/sub-11836_ses-01_task-trust_run-1_events.tsv		42	0	0	0		not_audited		unresolved	True	False	False	source_excluded	source_excluded	False
sub-11836	01	2	sub-11836/ses-01/func/sub-11836_ses-01_task-trust_run-2_events.tsv		42	0	0	0		not_audited		unresolved	True	False	False	source_excluded	source_excluded	False
sub-11840	01	1	sub-11840/ses-01/func/sub-11840_ses-01_task-trust_run-1_events.tsv	39207f0062e3be589f927c85e0feb6c84afd52bf14b432408b7755564a5f6db6	42	42	40	2	0.047619047619047616	pass		pass	False	True	True			True
sub-11840	01	2	sub-11840/ses-01/func/sub-11840_ses-01_task-trust_run-2_events.tsv	c6123dc139f9a46c8b3318833e5b982913b80d386757511aeb7c617b8b6d6eff	42	42	41	1	0.023809523809523808	pass		pass	False	True	True			True
sub-11847	01	1	sub-11847/ses-01/func/sub-11847_ses-01_task-trust_run-1_events.tsv	cc4cfe2126b848121e2f6077a66b61af1e4c529187e8d336e8dd888eb059002c	42	42	39	3	0.07142857142857142	pass		pass	False	True	True			True
sub-11847	01	2	sub-11847/ses-01/func/sub-11847_ses-01_task-trust_run-2_events.tsv	73a4dca0c41b845d033418034b79b2920837183c64ad6dd62e05beebef2366d8	42	42	40	2	0.047619047619047616	pass		pass	False	True	True			True
sub-11853	01	1	sub-11853/ses-01/func/sub-11853_ses-01_task-trust_run-1_events.tsv	f51df8172c8ff88d20d4db5833490d56ffc3f3c8ebece1dc82cd493d30af3eb4	42	42	42	0	0.0	pass		pass	False	True	True			True
sub-11853	01	2	sub-11853/ses-01/func/sub-11853_ses-01_task-trust_run-2_events.tsv	42816c3e57f55b3713fedf8bf2af1e2b4d84c5a7879974007c0ab08daf05e2f6	42	42	42	0	0.0	pass		pass	False	True	True			True
sub-11854	01	1	sub-11854/ses-01/func/sub-11854_ses-01_task-trust_run-1_events.tsv	c5a38bb3cb28b7d708d88a31837c23a72a0fc85a4d9d5fe67cc7d2a550423cd4	42	42	41	1	0.023809523809523808	pass		pass	False	True	True			True
sub-11854	01	2	sub-11854/ses-01/func/sub-11854_ses-01_task-trust_run-2_events.tsv	02bdaaa0f64c1c6ea6c8d485a6458d85776ae926ad446a218edf31c057b2d6fc	42	42	41	1	0.023809523809523808	pass		pass	False	True	True			True
sub-11861	01	1	sub-11861/ses-01/func/sub-11861_ses-01_task-trust_run-1_events.tsv	6768ac37834c36e146a4d731a25381d4563555970aa682b786433d4a9d0eea0c	42	42	42	0	0.0	pass		pass	False	True	True			True
sub-11861	01	2	sub-11861/ses-01/func/sub-11861_ses-01_task-trust_run-2_events.tsv	85fed63692cf79d8aa054f746a6cbba76cdbc62002ed98102fd9d9f9289f7726	42	42	42	0	0.0	pass		pass	False	True	True			True
sub-11866	01	1	sub-11866/ses-01/func/sub-11866_ses-01_task-trust_run-1_events.tsv	27af882e832097d744984f22484ef9a33fdf081964bca2a0a6bf19b88c4e2723	42	42	42	0	0.0	pass		pass	False	True	True			True
sub-11866	01	2	sub-11866/ses-01/func/sub-11866_ses-01_task-trust_run-2_events.tsv	a56318d4a2da8807b13f5adcd12c10f6c99b4e9d6aebd10bdb4a452d552324ef	42	42	42	0	0.0	pass		pass	False	True	True			True
sub-11867	01	1	sub-11867/ses-01/func/sub-11867_ses-01_task-trust_run-1_events.tsv	907932df22302230f5308616f8d4cd7e7e28c3cdf55d0bc59768725267a6a7ff	42	42	40	2	0.047619047619047616	pass		pass	False	True	True			True
sub-11867	01	2	sub-11867/ses-01/func/sub-11867_ses-01_task-trust_run-2_events.tsv	8cd08f3fd44eebbf7b789a777e9f0456f07ee69b404410d642a6cbb0add5cc88	42	42	39	3	0.07142857142857142	pass		pass	False	True	True			True
sub-11870	01	1	sub-11870/ses-01/func/sub-11870_ses-01_task-trust_run-1_events.tsv	bb377370a68e38bb8ad6f70dd34e54d9debba577ce2d61f3b2e0b1f5f82e72a5	42	42	42	0	0.0	pass		pass	False	True	True			True
sub-11870	01	2	sub-11870/ses-01/func/sub-11870_ses-01_task-trust_run-2_events.tsv	e38c9247c51a5180068fd3f0a020012587aa2158a4ee1f0ee3582f12d08db063	42	42	42	0	0.0	pass		pass	False	True	True			True
sub-11872	01	1	sub-11872/ses-01/func/sub-11872_ses-01_task-trust_run-1_events.tsv	6abec37b025b4009036d0c85372e38a8f44ce42f279016da76ad065392bcc9bd	42	42	42	0	0.0	pass		pass	False	True	True			True
sub-11872	01	2	sub-11872/ses-01/func/sub-11872_ses-01_task-trust_run-2_events.tsv	3fcb3cf2bb5ca9ccd0eae02c00983f2566353c370c60b7b1122c38d4a66cf62e	42	42	42	0	0.0	pass		pass	False	True	True			True
sub-11876	01	1	sub-11876/ses-01/func/sub-11876_ses-01_task-trust_run-1_events.tsv	cf5e0538a36e8181b4e84d6d629c40c85bf0d4524f990dec5d55e6c78a0cd096	42	42	42	0	0.0	pass		pass	False	True	True			True
sub-11876	01	2	sub-11876/ses-01/func/sub-11876_ses-01_task-trust_run-2_events.tsv	fd9643d369aad059c6b567eef4058bed4219cbdb373a2874073f8f6e6b0f9804	42	42	42	0	0.0	pass		pass	False	True	True			True
sub-11877	01	1	sub-11877/ses-01/func/sub-11877_ses-01_task-trust_run-1_events.tsv	e8b717d6297f61ac965a6cabbf59e0f5002f4df8f4b7f99dd4daab43705a3e95	42	42	42	0	0.0	pass		pass	False	True	True			True
sub-11877	01	2	sub-11877/ses-01/func/sub-11877_ses-01_task-trust_run-2_events.tsv	e19eec15ec266905456f27bbdee81280b212d7eb5316fc1b2a0d96e15f1413e0	42	42	41	1	0.023809523809523808	pass		pass	False	True	True			True
sub-11881	01	1	sub-11881/ses-01/func/sub-11881_ses-01_task-trust_run-1_events.tsv	b4fa5ad3aafed30eccc35880cccdbfdc02fd1ee1e59b0e43aabe0a3a5f8e31aa	42	42	42	0	0.0	pass		pass	False	True	True			True
sub-11881	01	2	sub-11881/ses-01/func/sub-11881_ses-01_task-trust_run-2_events.tsv	927fbeddef9d8b441b8da55b1b69147d15d830587ba96bdef2695503c02f1112	42	42	42	0	0.0	pass		pass	False	True	True			True
sub-11885	01	1	sub-11885/ses-01/func/sub-11885_ses-01_task-trust_run-1_events.tsv	4d7d8d30b65174d5fc8849b304b91402d8857aa307469ddf31be3abb6ce8c3ad	42	42	42	0	0.0	pass		pass	False	True	True			True
sub-11885	01	2	sub-11885/ses-01/func/sub-11885_ses-01_task-trust_run-2_events.tsv	845815a2746a9fbcc4368a694a2f523cc17c47bd0b181a578c5422acdd63ee7d	42	42	40	2	0.047619047619047616	pass		pass	False	True	True			True
sub-11891	01	1	sub-11891/ses-01/func/sub-11891_ses-01_task-trust_run-1_events.tsv	35150b671522724655601615bd8b70db72d8de09a3690d6b5683dedc6aacd63e	42	42	41	1	0.023809523809523808	pass		pass	False	True	True			True
sub-11891	01	2	sub-11891/ses-01/func/sub-11891_ses-01_task-trust_run-2_events.tsv	9508e6f4aa8c494ee83f43b184982a9179d9d3350a5d83456fbbec83db3a41a4	42	42	42	0	0.0	pass		pass	False	True	True			True
sub-11897	01	1	sub-11897/ses-01/func/sub-11897_ses-01_task-trust_run-1_events.tsv	c3173e16f7410c3579bee5afd56cb5d387adf9b4b5ec43b7482a879afffd9ae0	42	42	42	0	0.0	pass		pass	False	True	True			True
sub-11897	01	2	sub-11897/ses-01/func/sub-11897_ses-01_task-trust_run-2_events.tsv	68961140a83b5b77f12569d17d4bc5e0d15188a32435d1c194d8a324aba9e8b0	42	42	42	0	0.0	pass		pass	False	True	True			True
sub-11900	01	1	sub-11900/ses-01/func/sub-11900_ses-01_task-trust_run-1_events.tsv	548c6feb6fc42bb15ade3bb8fa50f46ce0fbeaa1466fa198a1744c7917c86fc0	42	42	41	1	0.023809523809523808	pass		pass	False	True	True			True
sub-11900	01	2	sub-11900/ses-01/func/sub-11900_ses-01_task-trust_run-2_events.tsv	9652b664a2c9e5686065704e2e79cf912e79cfd95db663f8253ac70ad6bf67d9	42	42	42	0	0.0	pass		pass	False	True	True			True
sub-11902	01	1	sub-11902/ses-01/func/sub-11902_ses-01_task-trust_run-1_events.tsv	67ad2e2784e07dea455cb0add07a040227acbd7c0c3c5be0aa0ff5f893364e06	42	42	38	4	0.09523809523809523	pass		pass	False	True	True			True
sub-11902	01	2	sub-11902/ses-01/func/sub-11902_ses-01_task-trust_run-2_events.tsv	774ab95d529565d294678a10c64c510eabed548e2f391a4d5f4ca275f5e9d44e	42	42	39	3	0.07142857142857142	pass		pass	False	True	True			True
sub-11909	01	1	sub-11909/ses-01/func/sub-11909_ses-01_task-trust_run-1_events.tsv	1c6ffa6e777dc691b11c33a25dc73ddf68a7f24054c22298ccb544fa56b3e5e4	42	42	36	6	0.14285714285714285	pass		pass	False	True	True			True
sub-11909	01	2	sub-11909/ses-01/func/sub-11909_ses-01_task-trust_run-2_events.tsv	d432864dec1f711ed5d6fbafd6347e4d2d4ab6867b4832934ed119831d5660e9	42	42	40	2	0.047619047619047616	pass		pass	False	True	True			True
sub-11913	01	1	sub-11913/ses-01/func/sub-11913_ses-01_task-trust_run-1_events.tsv	c01e23af74404409f9ac27086899ee0354a14197a0e7912e92d813ed6f80b0c3	42	42	41	1	0.023809523809523808	pass		pass	False	True	True			True
sub-11913	01	2	sub-11913/ses-01/func/sub-11913_ses-01_task-trust_run-2_events.tsv	55e0a938f34cca6956923455d39d31496fed9ef2d428b4a7b574b6b20b20c281	42	42	42	0	0.0	pass		pass	False	True	True			True
sub-11914	01	1	sub-11914/ses-01/func/sub-11914_ses-01_task-trust_run-1_events.tsv	9a518bfe1b79ef8b09824311b1640049e1d5a97a86331c27d4a5634b396fe6c5	42	42	42	0	0.0	pass		pass	False	True	True			True
sub-11914	01	2	sub-11914/ses-01/func/sub-11914_ses-01_task-trust_run-2_events.tsv	10b826490ee0dd0ae040a0b82557e0bea3d430a3baf12382150b48c628ba40bf	42	42	42	0	0.0	pass		pass	False	True	True			True
sub-11920	01	1	sub-11920/ses-01/func/sub-11920_ses-01_task-trust_run-1_events.tsv	e80b4412318bb19aabc8d4485d7ed1ad5c0477ecfad2113c6ea2a713a5f5f744	42	42	42	0	0.0	pass		pass	False	True	True			True
sub-11920	01	2	sub-11920/ses-01/func/sub-11920_ses-01_task-trust_run-2_events.tsv	0ba9b0dacc4acbebabc630980e7979aa545acafcfac386c06cb730b84626c11c	42	42	39	3	0.07142857142857142	pass		pass	False	True	True			True
sub-11922	01	1	sub-11922/ses-01/func/sub-11922_ses-01_task-trust_run-1_events.tsv	829ea8395a6e3fa29f54d1e25ae059f7b28b3e2cf717abf46bd892d98f0f26ae	42	42	41	1	0.023809523809523808	pass		pass	False	True	True			True
sub-11922	01	2	sub-11922/ses-01/func/sub-11922_ses-01_task-trust_run-2_events.tsv	c64d6bc62fe55b6a2f7469079bc2e313deac19c17c96cef6a628e62f1c52c857	42	42	42	0	0.0	pass		pass	False	True	True			True
sub-11923	01	1	sub-11923/ses-01/func/sub-11923_ses-01_task-trust_run-1_events.tsv	22a0a434abecc18ff1f114d3c9fa8b6ede08f9c6ede4bee2d4c8e85da17bcf28	42	42	40	2	0.047619047619047616	pass		pass	False	True	True			True
sub-11923	01	2	sub-11923/ses-01/func/sub-11923_ses-01_task-trust_run-2_events.tsv	d6396f63fc67b3227546a3dfcc2c9b4948223cb3bd83ac71e123e87072d53b10	42	42	41	1	0.023809523809523808	pass		pass	False	True	True			True
sub-11924	01	1	sub-11924/ses-01/func/sub-11924_ses-01_task-trust_run-1_events.tsv	d4c2eebb4be905a1eb268ee32f3d14125dc20a29fbf265194d3aba335a1c3954	42	42	41	1	0.023809523809523808	pass		pass	False	True	True			True
sub-11924	01	2	sub-11924/ses-01/func/sub-11924_ses-01_task-trust_run-2_events.tsv	a60f6e0317988e55da77449c924cfa73a58502f01f9fe5a2d548585d3eb4d276	42	42	42	0	0.0	pass		pass	False	True	True			True
sub-11926	01	1	sub-11926/ses-01/func/sub-11926_ses-01_task-trust_run-1_events.tsv	5b3bbd4bfa0d7cd272f7c9288230cbbb0b3aef54a16b656c8e9fda8e26f7efeb	42	42	42	0	0.0	pass		pass	False	True	True			True
sub-11926	01	2	sub-11926/ses-01/func/sub-11926_ses-01_task-trust_run-2_events.tsv	5d643dc89df611487881211a32475b08053bac528588f608ecbff4da64625058	42	42	42	0	0.0	pass		pass	False	True	True			True
sub-11928	01	1	sub-11928/ses-01/func/sub-11928_ses-01_task-trust_run-1_events.tsv	d7f241b3e6e5f036015375f08aae45921e3fa03007028566368c3e2027e9ff28	42	42	35	7	0.16666666666666666	pass		pass	False	True	True			True
sub-11928	01	2	sub-11928/ses-01/func/sub-11928_ses-01_task-trust_run-2_events.tsv	5f28f46c0c7f7607b592936bea702b7feae163cba6f8b389e85e46903bd8531d	42	42	41	1	0.023809523809523808	pass		pass	False	True	True			True
sub-11929	01	1	sub-11929/ses-01/func/sub-11929_ses-01_task-trust_run-1_events.tsv	951a3fe42e85a5f21855225ba7c507985acac10be8bc33e1e8debd1bee9c0804	42	42	41	1	0.023809523809523808	pass		pass	False	True	True			True
sub-11929	01	2	sub-11929/ses-01/func/sub-11929_ses-01_task-trust_run-2_events.tsv	1ce01c1086d27b957c0e37c6bc2fa92e7b19ae6eaccb30a1a3770b0954752026	42	42	42	0	0.0	pass		pass	False	True	True			True
sub-11931	01	1	sub-11931/ses-01/func/sub-11931_ses-01_task-trust_run-1_events.tsv	53a4bd2295289ec49272184d376b92f8a098be29125253e113dd06c86936331f	42	42	42	0	0.0	pass		pass	False	True	True			True
sub-11931	01	2	sub-11931/ses-01/func/sub-11931_ses-01_task-trust_run-2_events.tsv	a60bc0641d18488a0d348e4999ba751d5e81ad4b09b7023043e6cc617e06e5e0	42	42	42	0	0.0	pass		pass	False	True	True			True
sub-11935	01	1	sub-11935/ses-01/func/sub-11935_ses-01_task-trust_run-1_events.tsv	fa6344950364db234abca0dcaed1e35070dc97d09087ba84743c248c0d92e230	42	42	42	0	0.0	pass		pass	False	True	True			True
sub-11935	01	2	sub-11935/ses-01/func/sub-11935_ses-01_task-trust_run-2_events.tsv	a6e959a548e446de65164f924b5eeabe5021215b7b55b785ebc66d88170480f7	42	42	42	0	0.0	pass		pass	False	True	True			True
sub-11939	01	1	sub-11939/ses-01/func/sub-11939_ses-01_task-trust_run-1_events.tsv	a0b7510e03d2a73ee8e0928169617773c9ad2d70f219c09d618b0a759fce9979	42	42	42	0	0.0	pass		pass	False	True	True			True
sub-11939	01	2	sub-11939/ses-01/func/sub-11939_ses-01_task-trust_run-2_events.tsv	0e9ee36ddc54d19219c3012619ad01af7700c1a85ba22d951b21746d76c67151	42	42	42	0	0.0	pass		pass	False	True	True			True
sub-11943	01	1	sub-11943/ses-01/func/sub-11943_ses-01_task-trust_run-1_events.tsv	64b8e9870c48e9fd7b7481fe67852f3709a01f66b22df83ad7f90b13cc487a4f	42	42	42	0	0.0	pass		pass	False	True	True			True
sub-11943	01	2	sub-11943/ses-01/func/sub-11943_ses-01_task-trust_run-2_events.tsv	1104ad141173e9f2539656e87c609941a06a437ca36291545bc8ad6cab144f50	42	42	42	0	0.0	pass		pass	False	True	True			True
sub-11949	01	1	sub-11949/ses-01/func/sub-11949_ses-01_task-trust_run-1_events.tsv	4eb284c4d0078b081b0b0f9298e65f77a3d9958f958d5052d902c849e6132530	42	42	41	1	0.023809523809523808	pass		pass	False	True	True			True
sub-11949	01	2	sub-11949/ses-01/func/sub-11949_ses-01_task-trust_run-2_events.tsv	cc9274348133fa8b5ae6794e0d5265f73af6eb75a3a11fbed423f013840718fa	42	42	42	0	0.0	pass		pass	False	True	True			True
sub-11960	01	1	sub-11960/ses-01/func/sub-11960_ses-01_task-trust_run-1_events.tsv	d07922e0f8cf3359959801e85d711ab848e486defda8a8b7d49e621dca8d17ab	42	42	41	1	0.023809523809523808	pass		pass	False	True	True			True
sub-11960	01	2	sub-11960/ses-01/func/sub-11960_ses-01_task-trust_run-2_events.tsv	1b3e0d2bb23e655537abf9a4f7e6b04d0d63d465b4578b5b4fbd02c9c360780f	42	42	41	1	0.023809523809523808	pass		pass	False	True	True			True
sub-11969	01	1	sub-11969/ses-01/func/sub-11969_ses-01_task-trust_run-1_events.tsv	fa58ee3a90bcd168d8d0878020b8111209b296a939aa19fcbc35ff1fd67ffffc	42	42	42	0	0.0	pass		pass	False	True	True			True
sub-11969	01	2	sub-11969/ses-01/func/sub-11969_ses-01_task-trust_run-2_events.tsv	3873ac02b981c64c0d578dc5839dfc062280c9e74afde1e251a5c09ec9922896	42	42	42	0	0.0	pass		pass	False	True	True			True
sub-11974	01	1	sub-11974/ses-01/func/sub-11974_ses-01_task-trust_run-1_events.tsv	1695d3e18391f3211022267f65c27705bca66811c6a32ccb8cb4ae48a9010fe1	42	42	40	2	0.047619047619047616	pass		pass	False	True	True			True
sub-11974	01	2	sub-11974/ses-01/func/sub-11974_ses-01_task-trust_run-2_events.tsv	360766a3be710de6a893efe7a9445f93f304979da5f2e6fea57141ccd38dbd5d	42	42	42	0	0.0	pass		pass	False	True	True			True
sub-11976	01	1	sub-11976/ses-01/func/sub-11976_ses-01_task-trust_run-1_events.tsv	b1e41d3830898fce1621a11c7cf4ecb13d6d3a54b95b431203082562058d0630	42	42	41	1	0.023809523809523808	pass		pass	False	True	True			True
sub-11976	01	2	sub-11976/ses-01/func/sub-11976_ses-01_task-trust_run-2_events.tsv	14c458862dff5d1b205b43a98769dc9ecc734f6108db2598759c25b2c692447d	42	42	42	0	0.0	pass		pass	False	True	True			True
sub-11982	01	1	sub-11982/ses-01/func/sub-11982_ses-01_task-trust_run-1_events.tsv	434dd543cba688d76ae2df14f37f52b9a7b8f522298d8b2f2305b18e47d8ff3f	42	42	42	0	0.0	pass		pass	False	True	True			True
sub-11982	01	2	sub-11982/ses-01/func/sub-11982_ses-01_task-trust_run-2_events.tsv	7cc4a1ffdacd9919bd02b080aeada2c204f7c82524b9615adc4dc620228c18c2	42	42	39	3	0.07142857142857142	pass		pass	False	True	True			True
sub-11984	01	1	sub-11984/ses-01/func/sub-11984_ses-01_task-trust_run-1_events.tsv	fe7ab78e7ff110f654b025d0435c1cc80f8132d3a721d59fb670e5f8877583ef	42	42	42	0	0.0	pass		pass	False	True	True			True
sub-11984	01	2	sub-11984/ses-01/func/sub-11984_ses-01_task-trust_run-2_events.tsv	507d3e343bcb8223d45797b952f596497a7ebba9d3ca1091cf1a95f4311622d5	42	42	42	0	0.0	pass		pass	False	True	True			True
sub-12008	01	1	sub-12008/ses-01/func/sub-12008_ses-01_task-trust_run-1_events.tsv	9a600b7af07b4ea68f142d1deca5eeca0e53209e66404f8fda765f161cd3dbcb	42	42	42	0	0.0	pass		pass	False	True	True			True
sub-12008	01	2	sub-12008/ses-01/func/sub-12008_ses-01_task-trust_run-2_events.tsv	fabd3e2c2d3270e2f56f59bec607be03e661acdd8a88e03154225795b54e8d3c	42	42	41	1	0.023809523809523808	pass		pass	False	True	True			True
sub-12011	01	1	sub-12011/ses-01/func/sub-12011_ses-01_task-trust_run-1_events.tsv	68794e991af46dd4baebd505f1f98e4786b99417de4cba5822159658d5232d02	42	42	40	2	0.047619047619047616	pass		pass	False	True	True			True
sub-12011	01	2	sub-12011/ses-01/func/sub-12011_ses-01_task-trust_run-2_events.tsv	e5902273ca503c316cecb51ba01fdff39804b509b8ec40d11e5f6a57c0c0442e	42	42	39	3	0.07142857142857142	pass		pass	False	True	True			True
sub-12013	01	1	sub-12013/ses-01/func/sub-12013_ses-01_task-trust_run-1_events.tsv	3634a3e59eda848a121e25521d2aa0fae9c1db42bd477872eea1c8cbd0456d95	42	42	42	0	0.0	pass		pass	False	True	True			True
sub-12013	01	2	sub-12013/ses-01/func/sub-12013_ses-01_task-trust_run-2_events.tsv	2a5cf126f233c893ef697d75406b717c7a096e49477c23de427dc0013602b7c2	42	42	40	2	0.047619047619047616	pass		pass	False	True	True			True
sub-12018	01	1	sub-12018/ses-01/func/sub-12018_ses-01_task-trust_run-1_events.tsv	a6bc389518de5ded8e4ae7971e0eb17e71fe6208133aaa5f2f3f84d1c1c7d3ae	42	42	41	1	0.023809523809523808	pass		pass	False	True	True			True
sub-12018	01	2	sub-12018/ses-01/func/sub-12018_ses-01_task-trust_run-2_events.tsv	e96096d89eb0feea853dc8d1bf97a8cf27aa80f9877709a791e88c6beb977661	42	42	41	1	0.023809523809523808	pass		pass	False	True	True			True
sub-12020	01	1	sub-12020/ses-01/func/sub-12020_ses-01_task-trust_run-1_events.tsv	4cdd3ba8b7ebb11e238c3132dd417f503526268899159d7080e118b49b6fef38	42	42	42	0	0.0	pass		pass	False	True	True			True
sub-12020	01	2	sub-12020/ses-01/func/sub-12020_ses-01_task-trust_run-2_events.tsv	e574fe11bbf9b05026cbe73d06c0a0a39de092a389fbdcc78583e75586701d4b	42	42	40	2	0.047619047619047616	pass		pass	False	True	True			True
sub-12021	01	1	sub-12021/ses-01/func/sub-12021_ses-01_task-trust_run-1_events.tsv	18db23d08b2b12eb314e844a064512a352f6491ae4db9e216a0e0d4e422c0084	42	42	41	1	0.023809523809523808	pass		pass	False	True	True			True
sub-12021	01	2	sub-12021/ses-01/func/sub-12021_ses-01_task-trust_run-2_events.tsv	a6859e48e364f5897bf07161994b64135a2f079721c252b6729cf7bf63a70eab	42	42	42	0	0.0	pass		pass	False	True	True			True
sub-12031	01	1	sub-12031/ses-01/func/sub-12031_ses-01_task-trust_run-1_events.tsv	5456e45ce2579e9d2b8915395b9c2ee3cbd6fc9b779548ccae868e7ac8387804	42	42	41	1	0.023809523809523808	pass		pass	False	True	True			True
sub-12031	01	2	sub-12031/ses-01/func/sub-12031_ses-01_task-trust_run-2_events.tsv	bb9d754009c2e59d95dd05da003c796bb9fecd71766891c80b72a8e3a0a1f622	42	42	41	1	0.023809523809523808	pass		pass	False	True	True			True
sub-12032	01	1	sub-12032/ses-01/func/sub-12032_ses-01_task-trust_run-1_events.tsv	ef927258de2f5fb5801cc116adf726eed02c9013e9a9718fc73c27813417a826	42	42	41	1	0.023809523809523808	pass		pass	False	True	True			True
sub-12032	01	2	sub-12032/ses-01/func/sub-12032_ses-01_task-trust_run-2_events.tsv	582207c676ed9ab061478e8c400dd69b34bdbec33213b24e7b5399906fd7b12f	42	42	42	0	0.0	pass		pass	False	True	True			True
sub-12033	01	1	sub-12033/ses-01/func/sub-12033_ses-01_task-trust_run-1_events.tsv	a30c40491296c8236e7aaa7d40c5b067bf8e44f55c41149a5cb2258c79d64d4c	42	42	42	0	0.0	pass		pass	False	True	True			True
sub-12033	01	2	sub-12033/ses-01/func/sub-12033_ses-01_task-trust_run-2_events.tsv	6f1672fd8a357facae53bc2a0a65d88afa5cc95270d7ce0e89f63275997c79a1	42	42	42	0	0.0	pass		pass	False	True	True			True
sub-12036	01	1	sub-12036/ses-01/func/sub-12036_ses-01_task-trust_run-1_events.tsv	51d71b50aba03e8d873670e9b4cf81a5f310c26042983e84e0af358623d6982d	42	42	41	1	0.023809523809523808	pass		pass	False	True	True			True
sub-12037	01	1	sub-12037/ses-01/func/sub-12037_ses-01_task-trust_run-1_events.tsv	0d43bb007fa43659123e65c0a98fda6d82691c56a4ccb3d7d48ab0168ed84c87	42	42	41	1	0.023809523809523808	pass		pass	False	True	True			True
sub-12037	01	2	sub-12037/ses-01/func/sub-12037_ses-01_task-trust_run-2_events.tsv		42	0	0	0		not_audited		unresolved	False	False	False	BOLD runs without events files=1;conversion failed=1		False
sub-12038	01	1	sub-12038/ses-01/func/sub-12038_ses-01_task-trust_run-1_events.tsv	c1de2cafcc62f43e07912ffa785c67788d03dd178aaf48d032bc4163ec3f06dd	42	42	42	0	0.0	pass		pass	False	True	True			True
sub-12038	01	2	sub-12038/ses-01/func/sub-12038_ses-01_task-trust_run-2_events.tsv	2cf0af23263c90aabbf02e2e95089bd33da55e0d747dca2cbeec97f48d1896eb	42	42	42	0	0.0	pass		pass	False	True	True			True
sub-12039	01	1	sub-12039/ses-01/func/sub-12039_ses-01_task-trust_run-1_events.tsv	306ebbe1843df8901e4fde2ab2d3dfb1b43d5f4eadd83fec9e0e9d6baad89831	42	42	42	0	0.0	pass		pass	False	True	True			True
sub-12039	01	2	sub-12039/ses-01/func/sub-12039_ses-01_task-trust_run-2_events.tsv	e6e3a023740835782d99baa22ce836717abb2d67dbc9b10bffacb0d6d1682622	42	42	42	0	0.0	pass		pass	False	True	True			True
sub-12041	01	1	sub-12041/ses-01/func/sub-12041_ses-01_task-trust_run-1_events.tsv	0cc727505fc399042b7c635dada4f51aae21a23a70b8273d1e5fd8bd7959c7ed	42	42	42	0	0.0	pass		pass	False	True	True			True
sub-12041	01	2	sub-12041/ses-01/func/sub-12041_ses-01_task-trust_run-2_events.tsv	ade48b169bc34bfa1d5a3c0b2da64c4227f5fc9ffcc6e3d355d9380bfd479873	42	42	42	0	0.0	pass		pass	False	True	True			True
sub-12047	01	1	sub-12047/ses-01/func/sub-12047_ses-01_task-trust_run-1_events.tsv	fd5fbaee0948f9207e16ba4f4d07f90b1f2b0a0323e36a5528b602a67026affd	42	42	42	0	0.0	pass		pass	False	True	True			True
sub-12047	01	2	sub-12047/ses-01/func/sub-12047_ses-01_task-trust_run-2_events.tsv	577094b4f9c45346b02345129b682ad003462e4c610c79086f73d6550d6f5798	42	42	41	1	0.023809523809523808	pass		pass	False	True	True			True
sub-12049	01	1	sub-12049/ses-01/func/sub-12049_ses-01_task-trust_run-1_events.tsv	ffe9c106004aa9ec49ca83587718d4220592dc9725c142b8c0039e002389af05	42	42	42	0	0.0	pass		pass	False	True	True			True
sub-12049	01	2	sub-12049/ses-01/func/sub-12049_ses-01_task-trust_run-2_events.tsv	ead35de8c07d3d4ee2103f04aca1fb136a0d0f4083fc5198475cd95f3e8e6dc1	42	42	41	1	0.023809523809523808	pass		pass	False	True	True			True
sub-12051	01	1	sub-12051/ses-01/func/sub-12051_ses-01_task-trust_run-1_events.tsv	4a753309aefea45cda9b4e9fbbf6a858addf08d4ae5bef26c0061592d55e336e	42	42	42	0	0.0	pass		pass	False	True	True			True
sub-12051	01	2	sub-12051/ses-01/func/sub-12051_ses-01_task-trust_run-2_events.tsv	278b18328afd15e568a8535dcd671538b565f78ef6f1664f15f36432e760b819	42	42	42	0	0.0	pass		pass	False	True	True			True
sub-12054	01	1	sub-12054/ses-01/func/sub-12054_ses-01_task-trust_run-1_events.tsv	e5045210bb060200525c30b8b64889b966a1f25f3114c6a47a96c294d1015531	42	42	41	1	0.023809523809523808	pass		pass	False	True	True			True
sub-12054	01	2	sub-12054/ses-01/func/sub-12054_ses-01_task-trust_run-2_events.tsv	ea50b1d65464e8fdfbf726afe382a1241ce5176e6d43b07a74b30d6d4a1e03fe	42	42	42	0	0.0	pass		pass	False	True	True			True
sub-12055	01	1	sub-12055/ses-01/func/sub-12055_ses-01_task-trust_run-1_events.tsv	bb16c6d2cddab06ee22286e21ef549dad9b63353a22500ba10228ff3815f95f1	42	42	42	0	0.0	pass		pass	False	True	True			True
sub-12055	01	2	sub-12055/ses-01/func/sub-12055_ses-01_task-trust_run-2_events.tsv	92ccfa6f01493db40d69d4f49d465fbb63128dced2b266f34c039a8d37b8c0d7	42	42	42	0	0.0	pass		pass	False	True	True			True
sub-12057	01	1	sub-12057/ses-01/func/sub-12057_ses-01_task-trust_run-1_events.tsv	6b7c9424fc9dc450839321d95f62de747727001890419c58ad8ac2fff76a5971	42	42	42	0	0.0	pass		pass	False	True	True			True
