participant_id	session	run	trial_id	field	legacy_value	canonical_value	classification	evidence	in_n111_primary
sub-10317	01	1.0	1	all	same	same	identical		True
sub-10317	01	1.0	2	all	same	same	identical		True
sub-10317	01	1.0	3	all	same	same	identical		True
sub-10317	01	1.0	4	all	same	same	identical		True
sub-10317	01	1.0	5	all	same	same	identical		True
sub-10317	01	1.0	6	all	same	same	identical		True
sub-10317	01	1.0	7	all	same	same	identical		True
sub-10317	01	1.0	8	all	same	same	identical		True
sub-10317	01	1.0	9	all	same	same	identical		True
sub-10317	01	1.0	10	all	same	same	identical		True
sub-10317	01	1.0	11	all	same	same	identical		True
sub-10317	01	1.0	12	all	same	same	identical		True
sub-10317	01	1.0	13	all	same	same	identical		True
sub-10317	01	1.0	14	all	same	same	identical		True
sub-10317	01	1.0	15	all	same	same	identical		True
sub-10317	01	1.0	16	all	same	same	identical		True
sub-10317	01	1.0	17	all	same	same	identical		True
sub-10317	01	1.0	18	all	same	same	identical		True
sub-10317	01	1.0	19	all	same	same	identical		True
sub-10317	01	1.0	20	all	same	same	identical		True
sub-10317	01	1.0	21	all	same	same	identical		True
sub-10317	01	1.0	22	all	same	same	identical		True
sub-10317	01	1.0	23	all	same	same	identical		True
sub-10317	01	1.0	24	all	same	same	identical		True
sub-10317	01	1.0	25	all	same	same	identical		True
sub-10317	01	1.0	26	all	same	same	identical		True
sub-10317	01	1.0	27	all	same	same	identical		True
sub-10317	01	1.0	28	all	same	same	identical		True
sub-10317	01	1.0	29	all	same	same	identical		True
sub-10317	01	1.0	30	all	same	same	identical		True
sub-10317	01	1.0	31	all	same	same	identical		True
sub-10317	01	1.0	32	all	same	same	identical		True
sub-10317	01	1.0	33	all	same	same	identical		True
sub-10317	01	1.0	34	all	same	same	identical		True
sub-10317	01	1.0	35	all	same	same	identical		True
sub-10317	01	1.0	36	all	same	same	identical		True
sub-10317	01	1.0	37	all	same	same	identical		True
sub-10317	01	1.0	38	all	same	same	identical		True
sub-10317	01	1.0	39	all	same	same	identical		True
sub-10317	01	1.0	40	all	same	same	identical		True
sub-10317	01	1.0	41	all	same	same	identical		True
sub-10317	01	1.0	42	all	same	same	identical		True
sub-10369	01	1.0	1	all	same	same	identical		True
sub-10369	01	1.0	2	all	same	same	identical		True
sub-10369	01	1.0	3	all	same	same	identical		True
sub-10369	01	1.0	4	all	same	same	identical		True
sub-10369	01	1.0	5	all	same	same	identical		True
sub-10369	01	1.0	6	all	same	same	identical		True
sub-10369	01	1.0	7	all	same	same	identical		True
sub-10369	01	1.0	8	all	same	same	identical		True
sub-10369	01	1.0	9	all	same	same	identical		True
sub-10369	01	1.0	10	all	same	same	identical		True
sub-10369	01	1.0	11	all	same	same	identical		True
sub-10369	01	1.0	12	all	same	same	identical		True
sub-10369	01	1.0	13	all	same	same	identical		True
sub-10369	01	1.0	14	all	same	same	identical		True
sub-10369	01	1.0	15	all	same	same	identical		True
sub-10369	01	1.0	16	all	same	same	identical		True
sub-10369	01	1.0	17	all	same	same	identical		True
sub-10369	01	1.0	18	all	same	same	identical		True
sub-10369	01	1.0	19	all	same	same	identical		True
sub-10369	01	1.0	20	all	same	same	identical		True
sub-10369	01	1.0	21	all	same	same	identical		True
sub-10369	01	1.0	22	all	same	same	identical		True
sub-10369	01	1.0	23	all	same	same	identical		True
sub-10369	01	1.0	24	all	same	same	identical		True
sub-10369	01	1.0	25	all	same	same	identical		True
sub-10369	01	1.0	26	all	same	same	identical		True
sub-10369	01	1.0	27	all	same	same	identical		True
sub-10369	01	1.0	28	all	same	same	identical		True
sub-10369	01	1.0	29	all	same	same	identical		True
sub-10369	01	1.0	30	all	same	same	identical		True
sub-10369	01	1.0	31	all	same	same	identical		True
sub-10369	01	1.0	32	all	same	same	identical		True
sub-10369	01	1.0	33	all	same	same	identical		True
sub-10369	01	1.0	34	all	same	same	identical		True
sub-10369	01	1.0	35	all	same	same	identical		True
sub-10369	01	1.0	36	all	same	same	identical		True
sub-10369	01	1.0	37	all	same	same	identical		True
sub-10369	01	1.0	38	all	same	same	identical		True
sub-10369	01	1.0	39	all	same	same	identical		True
sub-10369	01	1.0	40	all	same	same	identical		True
sub-10369	01	1.0	41	all	same	same	identical		True
sub-10369	01	1.0	42	all	same	same	identical		True
sub-10402	01	1.0	1	all	same	same	identical		True
sub-10402	01	1.0	2	all	same	same	identical		True
sub-10402	01	1.0	3	all	same	same	identical		True
sub-10402	01	1.0	4	all	same	same	identical		True
sub-10402	01	1.0	5	all	same	same	identical		True
sub-10402	01	1.0	6	all	same	same	identical		True
sub-10402	01	1.0	7	all	same	same	identical		True
sub-10402	01	1.0	8	all	same	same	identical		True
sub-10402	01	1.0	9	all	same	same	identical		True
sub-10402	01	1.0	10	all	same	same	identical		True
sub-10402	01	1.0	11	all	same	same	identical		True
sub-10402	01	1.0	12	all	same	same	identical		True
sub-10402	01	1.0	13	all	same	same	identical		True
sub-10402	01	1.0	14	all	same	same	identical		True
sub-10402	01	1.0	15	all	same	same	identical		True
sub-10402	01	1.0	16	all	same	same	identical		True
sub-10402	01	1.0	17	all	same	same	identical		True
sub-10402	01	1.0	18	all	same	same	identical		True
sub-10402	01	1.0	19	all	same	same	identical		True
sub-10402	01	1.0	20	all	same	same	identical		True
sub-10402	01	1.0	21	all	same	same	identical		True
sub-10402	01	1.0	22	all	same	same	identical		True
sub-10402	01	1.0	23	all	same	same	identical		True
sub-10402	01	1.0	24	all	same	same	identical		True
sub-10402	01	1.0	25	all	same	same	identical		True
sub-10402	01	1.0	26	all	same	same	identical		True
sub-10402	01	1.0	27	all	same	same	identical		True
sub-10402	01	1.0	28	all	same	same	identical		True
sub-10402	01	1.0	29	all	same	same	identical		True
sub-10402	01	1.0	30	all	same	same	identical		True
sub-10402	01	1.0	31	all	same	same	identical		True
sub-10402	01	1.0	32	all	same	same	identical		True
sub-10402	01	1.0	33	all	same	same	identical		True
sub-10402	01	1.0	34	all	same	same	identical		True
sub-10402	01	1.0	35	all	same	same	identical		True
sub-10402	01	1.0	36	all	same	same	identical		True
sub-10402	01	1.0	37	all	same	same	identical		True
sub-10402	01	1.0	38	all	same	same	identical		True
sub-10402	01	1.0	39	all	same	same	identical		True
sub-10402	01	1.0	40	all	same	same	identical		True
sub-10402	01	1.0	41	all	same	same	identical		True
sub-10402	01	1.0	42	all	same	same	identical		True
sub-10402	01	2.0	1	all	same	same	identical		True
sub-10402	01	2.0	2	all	same	same	identical		True
sub-10402	01	2.0	3	all	same	same	identical		True
sub-10402	01	2.0	4	all	same	same	identical		True
sub-10402	01	2.0	5	all	same	same	identical		True
sub-10402	01	2.0	6	all	same	same	identical		True
sub-10402	01	2.0	7	all	same	same	identical		True
sub-10402	01	2.0	8	all	same	same	identical		True
sub-10402	01	2.0	9	all	same	same	identical		True
sub-10402	01	2.0	10	all	same	same	identical		True
sub-10402	01	2.0	11	all	same	same	identical		True
sub-10402	01	2.0	12	all	same	same	identical		True
sub-10402	01	2.0	13	all	same	same	identical		True
sub-10402	01	2.0	14	all	same	same	identical		True
sub-10402	01	2.0	15	all	same	same	identical		True
sub-10402	01	2.0	16	all	same	same	identical		True
sub-10402	01	2.0	17	all	same	same	identical		True
sub-10402	01	2.0	18	all	same	same	identical		True
sub-10402	01	2.0	19	all	same	same	identical		True
sub-10402	01	2.0	20	all	same	same	identical		True
sub-10402	01	2.0	21	all	same	same	identical		True
sub-10402	01	2.0	22	all	same	same	identical		True
sub-10402	01	2.0	23	all	same	same	identical		True
sub-10402	01	2.0	24	all	same	same	identical		True
sub-10402	01	2.0	25	all	same	same	identical		True
sub-10402	01	2.0	26	all	same	same	identical		True
sub-10402	01	2.0	27	all	same	same	identical		True
sub-10402	01	2.0	28	all	same	same	identical		True
sub-10402	01	2.0	29	all	same	same	identical		True
sub-10402	01	2.0	30	all	same	same	identical		True
sub-10402	01	2.0	31	all	same	same	identical		True
sub-10402	01	2.0	32	all	same	same	identical		True
sub-10402	01	2.0	33	all	same	same	identical		True
sub-10402	01	2.0	34	all	same	same	identical		True
sub-10402	01	2.0	35	all	same	same	identical		True
sub-10402	01	2.0	36	all	same	same	identical		True
sub-10402	01	2.0	37	all	same	same	identical		True
sub-10402	01	2.0	38	all	same	same	identical		True
sub-10402	01	2.0	39	all	same	same	identical		True
sub-10402	01	2.0	40	all	same	same	identical		True
sub-10402	01	2.0	41	all	same	same	identical		True
sub-10402	01	2.0	42	all	same	same	identical		True
sub-10418	01	1.0	1	all	same	same	identical		True
sub-10418	01	1.0	2	all	same	same	identical		True
sub-10418	01	1.0	3	all	same	same	identical		True
sub-10418	01	1.0	4	all	same	same	identical		True
sub-10418	01	1.0	5	all	same	same	identical		True
sub-10418	01	1.0	6	all	same	same	identical		True
sub-10418	01	1.0	7	all	same	same	identical		True
sub-10418	01	1.0	8	all	same	same	identical		True
sub-10418	01	1.0	9	all	same	same	identical		True
sub-10418	01	1.0	10	all	same	same	identical		True
sub-10418	01	1.0	11	all	same	same	identical		True
sub-10418	01	1.0	12	all	same	same	identical		True
sub-10418	01	1.0	13	all	same	same	identical		True
sub-10418	01	1.0	14	all	same	same	identical		True
sub-10418	01	1.0	15	all	same	same	identical		True
sub-10418	01	1.0	16	all	same	same	identical		True
sub-10418	01	1.0	17	all	same	same	identical		True
sub-10418	01	1.0	18	all	same	same	identical		True
sub-10418	01	1.0	19	all	same	same	identical		True
sub-10418	01	1.0	20	all	same	same	identical		True
sub-10418	01	1.0	21	all	same	same	identical		True
sub-10418	01	1.0	22	all	same	same	identical		True
sub-10418	01	1.0	23	all	same	same	identical		True
sub-10418	01	1.0	24	all	same	same	identical		True
sub-10418	01	1.0	25	all	same	same	identical		True
sub-10418	01	1.0	26	all	same	same	identical		True
sub-10418	01	1.0	27	all	same	same	identical		True
sub-10418	01	1.0	28	all	same	same	identical		True
sub-10418	01	1.0	29	all	same	same	identical		True
sub-10418	01	1.0	30	all	same	same	identical		True
sub-10418	01	1.0	31	all	same	same	identical		True
sub-10418	01	1.0	32	all	same	same	identical		True
sub-10418	01	1.0	33	all	same	same	identical		True
sub-10418	01	1.0	34	all	same	same	identical		True
sub-10418	01	1.0	35	all	same	same	identical		True
sub-10418	01	1.0	36	all	same	same	identical		True
sub-10418	01	1.0	37	all	same	same	identical		True
sub-10418	01	1.0	38	all	same	same	identical		True
sub-10418	01	1.0	39	all	same	same	identical		True
sub-10418	01	1.0	40	all	same	same	identical		True
sub-10418	01	1.0	41	all	same	same	identical		True
sub-10418	01	1.0	42	all	same	same	identical		True
sub-10418	01	2.0	1	all	same	same	identical		True
sub-10418	01	2.0	2	all	same	same	identical		True
sub-10418	01	2.0	3	all	same	same	identical		True
sub-10418	01	2.0	4	all	same	same	identical		True
sub-10418	01	2.0	5	all	same	same	identical		True
sub-10418	01	2.0	6	all	same	same	identical		True
sub-10418	01	2.0	7	all	same	same	identical		True
sub-10418	01	2.0	8	all	same	same	identical		True
sub-10418	01	2.0	9	all	same	same	identical		True
sub-10418	01	2.0	10	all	same	same	identical		True
sub-10418	01	2.0	11	all	same	same	identical		True
sub-10418	01	2.0	12	all	same	same	identical		True
sub-10418	01	2.0	13	all	same	same	identical		True
sub-10418	01	2.0	14	all	same	same	identical		True
sub-10418	01	2.0	15	all	same	same	identical		True
sub-10418	01	2.0	16	all	same	same	identical		True
sub-10418	01	2.0	17	all	same	same	identical		True
sub-10418	01	2.0	18	all	same	same	identical		True
sub-10418	01	2.0	19	all	same	same	identical		True
sub-10418	01	2.0	20	all	same	same	identical		True
sub-10418	01	2.0	21	all	same	same	identical		True
sub-10418	01	2.0	22	all	same	same	identical		True
sub-10418	01	2.0	23	all	same	same	identical		True
sub-10418	01	2.0	24	all	same	same	identical		True
sub-10418	01	2.0	25	all	same	same	identical		True
sub-10418	01	2.0	26	all	same	same	identical		True
sub-10418	01	2.0	27	all	same	same	identical		True
sub-10418	01	2.0	28	all	same	same	identical		True
sub-10418	01	2.0	29	all	same	same	identical		True
sub-10418	01	2.0	30	all	same	same	identical		True
sub-10418	01	2.0	31	all	same	same	identical		True
sub-10418	01	2.0	32	all	same	same	identical		True
sub-10418	01	2.0	33	all	same	same	identical		True
sub-10418	01	2.0	34	all	same	same	identical		True
sub-10418	01	2.0	35	all	same	same	identical		True
sub-10418	01	2.0	36	all	same	same	identical		True
sub-10418	01	2.0	37	all	same	same	identical		True
sub-10418	01	2.0	38	all	same	same	identical		True
sub-10418	01	2.0	39	all	same	same	identical		True
sub-10418	01	2.0	40	all	same	same	identical		True
sub-10418	01	2.0	41	all	same	same	identical		True
sub-10418	01	2.0	42	all	same	same	identical		True
sub-10462	01	1.0	1	all	same	same	identical		True
sub-10462	01	1.0	2	all	same	same	identical		True
sub-10462	01	1.0	3	all	same	same	identical		True
sub-10462	01	1.0	4	all	same	same	identical		True
sub-10462	01	1.0	5	all	same	same	identical		True
sub-10462	01	1.0	6	all	same	same	identical		True
sub-10462	01	1.0	7	all	same	same	identical		True
sub-10462	01	1.0	8	all	same	same	identical		True
sub-10462	01	1.0	9	all	same	same	identical		True
sub-10462	01	1.0	10	all	same	same	identical		True
sub-10462	01	1.0	11	all	same	same	identical		True
sub-10462	01	1.0	12	all	same	same	identical		True
sub-10462	01	1.0	13	all	same	same	identical		True
sub-10462	01	1.0	14	all	same	same	identical		True
sub-10462	01	1.0	15	all	same	same	identical		True
sub-10462	01	1.0	16	all	same	same	identical		True
sub-10462	01	1.0	17	all	same	same	identical		True
sub-10462	01	1.0	18	all	same	same	identical		True
sub-10462	01	1.0	19	all	same	same	identical		True
sub-10462	01	1.0	20	all	same	same	identical		True
sub-10462	01	1.0	21	all	same	same	identical		True
sub-10462	01	1.0	22	all	same	same	identical		True
sub-10462	01	1.0	23	all	same	same	identical		True
sub-10462	01	1.0	24	all	same	same	identical		True
sub-10462	01	1.0	25	all	same	same	identical		True
sub-10462	01	1.0	26	all	same	same	identical		True
sub-10462	01	1.0	27	all	same	same	identical		True
sub-10462	01	1.0	28	all	same	same	identical		True
sub-10462	01	1.0	29	all	same	same	identical		True
sub-10462	01	1.0	30	all	same	same	identical		True
sub-10462	01	1.0	31	all	same	same	identical		True
sub-10462	01	1.0	32	all	same	same	identical		True
sub-10462	01	1.0	33	all	same	same	identical		True
sub-10462	01	1.0	34	all	same	same	identical		True
sub-10462	01	1.0	35	all	same	same	identical		True
sub-10462	01	1.0	36	all	same	same	identical		True
sub-10462	01	1.0	37	all	same	same	identical		True
sub-10462	01	1.0	38	all	same	same	identical		True
sub-10462	01	1.0	39	all	same	same	identical		True
sub-10462	01	1.0	40	all	same	same	identical		True
sub-10462	01	1.0	41	all	same	same	identical		True
sub-10462	01	1.0	42	all	same	same	identical		True
sub-10478	01	1.0	1	all	same	same	identical		True
sub-10478	01	1.0	2	all	same	same	identical		True
sub-10478	01	1.0	3	all	same	same	identical		True
sub-10478	01	1.0	4	all	same	same	identical		True
sub-10478	01	1.0	5	all	same	same	identical		True
sub-10478	01	1.0	6	all	same	same	identical		True
sub-10478	01	1.0	7	all	same	same	identical		True
sub-10478	01	1.0	8	all	same	same	identical		True
sub-10478	01	1.0	9	all	same	same	identical		True
sub-10478	01	1.0	10	all	same	same	identical		True
sub-10478	01	1.0	11	all	same	same	identical		True
sub-10478	01	1.0	12	all	same	same	identical		True
sub-10478	01	1.0	13	all	same	same	identical		True
sub-10478	01	1.0	14	all	same	same	identical		True
sub-10478	01	1.0	15	all	same	same	identical		True
sub-10478	01	1.0	16	all	same	same	identical		True
sub-10478	01	1.0	17	all	same	same	identical		True
sub-10478	01	1.0	18	all	same	same	identical		True
sub-10478	01	1.0	19	all	same	same	identical		True
sub-10478	01	1.0	20	all	same	same	identical		True
sub-10478	01	1.0	21	all	same	same	identical		True
sub-10478	01	1.0	22	all	same	same	identical		True
sub-10478	01	1.0	23	all	same	same	identical		True
sub-10478	01	1.0	24	all	same	same	identical		True
sub-10478	01	1.0	25	all	same	same	identical		True
sub-10478	01	1.0	26	all	same	same	identical		True
sub-10478	01	1.0	27	all	same	same	identical		True
sub-10478	01	1.0	28	all	same	same	identical		True
sub-10478	01	1.0	29	all	same	same	identical		True
sub-10478	01	1.0	30	all	same	same	identical		True
sub-10478	01	1.0	31	all	same	same	identical		True
sub-10478	01	1.0	32	all	same	same	identical		True
sub-10478	01	1.0	33	all	same	same	identical		True
sub-10478	01	1.0	34	all	same	same	identical		True
sub-10478	01	1.0	35	all	same	same	identical		True
sub-10478	01	1.0	36	all	same	same	identical		True
sub-10478	01	1.0	37	all	same	same	identical		True
sub-10478	01	1.0	38	all	same	same	identical		True
sub-10478	01	1.0	39	all	same	same	identical		True
sub-10478	01	1.0	40	all	same	same	identical		True
sub-10478	01	1.0	41	all	same	same	identical		True
sub-10478	01	1.0	42	all	same	same	identical		True
sub-10478	01	2.0	1	all	same	same	identical		True
sub-10478	01	2.0	2	all	same	same	identical		True
sub-10478	01	2.0	3	all	same	same	identical		True
sub-10478	01	2.0	4	all	same	same	identical		True
sub-10478	01	2.0	5	all	same	same	identical		True
sub-10478	01	2.0	6	all	same	same	identical		True
sub-10478	01	2.0	7	all	same	same	identical		True
sub-10478	01	2.0	8	all	same	same	identical		True
sub-10478	01	2.0	9	all	same	same	identical		True
sub-10478	01	2.0	10	all	same	same	identical		True
sub-10478	01	2.0	11	all	same	same	identical		True
sub-10478	01	2.0	12	all	same	same	identical		True
sub-10478	01	2.0	13	all	same	same	identical		True
sub-10478	01	2.0	14	all	same	same	identical		True
sub-10478	01	2.0	15	all	same	same	identical		True
sub-10478	01	2.0	16	all	same	same	identical		True
sub-10478	01	2.0	17	all	same	same	identical		True
sub-10478	01	2.0	18	all	same	same	identical		True
sub-10478	01	2.0	19	all	same	same	identical		True
sub-10478	01	2.0	20	all	same	same	identical		True
sub-10478	01	2.0	21	all	same	same	identical		True
sub-10478	01	2.0	22	all	same	same	identical		True
sub-10478	01	2.0	23	all	same	same	identical		True
sub-10478	01	2.0	24	all	same	same	identical		True
sub-10478	01	2.0	25	all	same	same	identical		True
sub-10478	01	2.0	26	all	same	same	identical		True
sub-10478	01	2.0	27	all	same	same	identical		True
sub-10478	01	2.0	28	all	same	same	identical		True
sub-10478	01	2.0	29	all	same	same	identical		True
sub-10478	01	2.0	30	all	same	same	identical		True
sub-10478	01	2.0	31	all	same	same	identical		True
sub-10478	01	2.0	32	all	same	same	identical		True
sub-10478	01	2.0	33	all	same	same	identical		True
sub-10478	01	2.0	34	all	same	same	identical		True
sub-10478	01	2.0	35	all	same	same	identical		True
sub-10478	01	2.0	36	all	same	same	identical		True
sub-10478	01	2.0	37	all	same	same	identical		True
sub-10478	01	2.0	38	all	same	same	identical		True
sub-10478	01	2.0	39	all	same	same	identical		True
sub-10478	01	2.0	40	all	same	same	identical		True
sub-10478	01	2.0	41	all	same	same	identical		True
sub-10478	01	2.0	42	all	same	same	identical		True
sub-10486	01	1.0	1	all	same	same	identical		True
sub-10486	01	1.0	2	all	same	same	identical		True
sub-10486	01	1.0	3	all	same	same	identical		True
sub-10486	01	1.0	4	all	same	same	identical		True
sub-10486	01	1.0	5	all	same	same	identical		True
sub-10486	01	1.0	6	all	same	same	identical		True
sub-10486	01	1.0	7	all	same	same	identical		True
sub-10486	01	1.0	8	all	same	same	identical		True
sub-10486	01	1.0	9	all	same	same	identical		True
sub-10486	01	1.0	10	all	same	same	identical		True
sub-10486	01	1.0	11	all	same	same	identical		True
sub-10486	01	1.0	12	all	same	same	identical		True
sub-10486	01	1.0	13	all	same	same	identical		True
sub-10486	01	1.0	14	all	same	same	identical		True
sub-10486	01	1.0	15	all	same	same	identical		True
sub-10486	01	1.0	16	all	same	same	identical		True
sub-10486	01	1.0	17	all	same	same	identical		True
sub-10486	01	1.0	18	all	same	same	identical		True
sub-10486	01	1.0	19	all	same	same	identical		True
sub-10486	01	1.0	20	all	same	same	identical		True
sub-10486	01	1.0	21	all	same	same	identical		True
sub-10486	01	1.0	22	all	same	same	identical		True
sub-10486	01	1.0	23	all	same	same	identical		True
sub-10486	01	1.0	24	all	same	same	identical		True
sub-10486	01	1.0	25	all	same	same	identical		True
sub-10486	01	1.0	26	all	same	same	identical		True
sub-10486	01	1.0	27	all	same	same	identical		True
sub-10486	01	1.0	28	all	same	same	identical		True
sub-10486	01	1.0	29	all	same	same	identical		True
sub-10486	01	1.0	30	all	same	same	identical		True
sub-10486	01	1.0	31	all	same	same	identical		True
sub-10486	01	1.0	32	all	same	same	identical		True
sub-10486	01	1.0	33	all	same	same	identical		True
sub-10486	01	1.0	34	all	same	same	identical		True
sub-10486	01	1.0	35	all	same	same	identical		True
sub-10486	01	1.0	36	all	same	same	identical		True
sub-10486	01	1.0	37	all	same	same	identical		True
sub-10486	01	1.0	38	all	same	same	identical		True
sub-10486	01	1.0	39	all	same	same	identical		True
sub-10486	01	1.0	40	all	same	same	identical		True
sub-10486	01	1.0	41	all	same	same	identical		True
sub-10486	01	1.0	42	all	same	same	identical		True
sub-10529	01	1.0	1	all	same	same	identical		True
sub-10529	01	1.0	2	all	same	same	identical		True
sub-10529	01	1.0	3	all	same	same	identical		True
sub-10529	01	1.0	4	all	same	same	identical		True
sub-10529	01	1.0	5	all	same	same	identical		True
sub-10529	01	1.0	6	all	same	same	identical		True
sub-10529	01	1.0	7	all	same	same	identical		True
sub-10529	01	1.0	8	all	same	same	identical		True
sub-10529	01	1.0	9	all	same	same	identical		True
sub-10529	01	1.0	10	all	same	same	identical		True
sub-10529	01	1.0	11	all	same	same	identical		True
sub-10529	01	1.0	12	all	same	same	identical		True
sub-10529	01	1.0	13	all	same	same	identical		True
sub-10529	01	1.0	14	all	same	same	identical		True
sub-10529	01	1.0	15	all	same	same	identical		True
sub-10529	01	1.0	16	all	same	same	identical		True
sub-10529	01	1.0	17	all	same	same	identical		True
sub-10529	01	1.0	18	all	same	same	identical		True
sub-10529	01	1.0	19	all	same	same	identical		True
sub-10529	01	1.0	20	all	same	same	identical		True
sub-10529	01	1.0	21	all	same	same	identical		True
sub-10529	01	1.0	22	all	same	same	identical		True
sub-10529	01	1.0	23	all	same	same	identical		True
sub-10529	01	1.0	24	all	same	same	identical		True
sub-10529	01	1.0	25	all	same	same	identical		True
sub-10529	01	1.0	26	all	same	same	identical		True
sub-10529	01	1.0	27	all	same	same	identical		True
sub-10529	01	1.0	28	all	same	same	identical		True
sub-10529	01	1.0	29	all	same	same	identical		True
sub-10529	01	1.0	30	all	same	same	identical		True
sub-10529	01	1.0	31	all	same	same	identical		True
sub-10529	01	1.0	32	all	same	same	identical		True
sub-10529	01	1.0	33	all	same	same	identical		True
sub-10529	01	1.0	34	all	same	same	identical		True
sub-10529	01	1.0	35	all	same	same	identical		True
sub-10529	01	1.0	36	all	same	same	identical		True
sub-10529	01	1.0	37	all	same	same	identical		True
sub-10529	01	1.0	38	all	same	same	identical		True
sub-10529	01	1.0	39	all	same	same	identical		True
sub-10529	01	1.0	40	all	same	same	identical		True
sub-10529	01	1.0	41	all	same	same	identical		True
sub-10529	01	1.0	42	all	same	same	identical		True
sub-10529	01	2.0	1	all	same	same	identical		True
sub-10529	01	2.0	2	all	same	same	identical		True
sub-10529	01	2.0	3	all	same	same	identical		True
sub-10529	01	2.0	4	all	same	same	identical		True
sub-10529	01	2.0	5	all	same	same	identical		True
sub-10529	01	2.0	6	all	same	same	identical		True
sub-10529	01	2.0	7	all	same	same	identical		True
sub-10529	01	2.0	8	all	same	same	identical		True
sub-10529	01	2.0	9	all	same	same	identical		True
sub-10529	01	2.0	10	all	same	same	identical		True
sub-10529	01	2.0	11	all	same	same	identical		True
sub-10529	01	2.0	12	all	same	same	identical		True
sub-10529	01	2.0	13	all	same	same	identical		True
sub-10529	01	2.0	14	all	same	same	identical		True
sub-10529	01	2.0	15	all	same	same	identical		True
sub-10529	01	2.0	16	all	same	same	identical		True
sub-10529	01	2.0	17	all	same	same	identical		True
sub-10529	01	2.0	18	all	same	same	identical		True
sub-10529	01	2.0	19	all	same	same	identical		True
sub-10529	01	2.0	20	all	same	same	identical		True
sub-10529	01	2.0	21	all	same	same	identical		True
sub-10529	01	2.0	22	all	same	same	identical		True
sub-10529	01	2.0	23	all	same	same	identical		True
sub-10529	01	2.0	24	all	same	same	identical		True
sub-10529	01	2.0	25	all	same	same	identical		True
sub-10529	01	2.0	26	all	same	same	identical		True
sub-10529	01	2.0	27	all	same	same	identical		True
sub-10529	01	2.0	28	all	same	same	identical		True
sub-10529	01	2.0	29	all	same	same	identical		True
sub-10529	01	2.0	30	all	same	same	identical		True
sub-10529	01	2.0	31	all	same	same	identical		True
sub-10529	01	2.0	32	all	same	same	identical		True
sub-10529	01	2.0	33	all	same	same	identical		True
sub-10529	01	2.0	34	all	same	same	identical		True
sub-10529	01	2.0	35	all	same	same	identical		True
sub-10529	01	2.0	36	all	same	same	identical		True
sub-10529	01	2.0	37	all	same	same	identical		True
sub-10529	01	2.0	38	all	same	same	identical		True
sub-10529	01	2.0	39	all	same	same	identical		True
sub-10529	01	2.0	40	all	same	same	identical		True
sub-10529	01	2.0	41	all	same	same	identical		True
sub-10529	01	2.0	42	all	same	same	identical		True
sub-10541	01	1.0	1	all	same	same	identical		True
sub-10541	01	1.0	2	all	same	same	identical		True
sub-10541	01	1.0	3	all	same	same	identical		True
sub-10541	01	1.0	4	all	same	same	identical		True
sub-10541	01	1.0	5	all	same	same	identical		True
sub-10541	01	1.0	6	all	same	same	identical		True
sub-10541	01	1.0	7	all	same	same	identical		True
sub-10541	01	1.0	8	all	same	same	identical		True
sub-10541	01	1.0	9	all	same	same	identical		True
sub-10541	01	1.0	10	all	same	same	identical		True
sub-10541	01	1.0	11	all	same	same	identical		True
sub-10541	01	1.0	12	all	same	same	identical		True
sub-10541	01	1.0	13	all	same	same	identical		True
sub-10541	01	1.0	14	all	same	same	identical		True
sub-10541	01	1.0	15	all	same	same	identical		True
sub-10541	01	1.0	16	all	same	same	identical		True
sub-10541	01	1.0	17	all	same	same	identical		True
sub-10541	01	1.0	18	all	same	same	identical		True
sub-10541	01	1.0	19	all	same	same	identical		True
sub-10541	01	1.0	20	all	same	same	identical		True
sub-10541	01	1.0	21	all	same	same	identical		True
sub-10541	01	1.0	22	all	same	same	identical		True
sub-10541	01	1.0	23	all	same	same	identical		True
sub-10541	01	1.0	24	all	same	same	identical		True
sub-10541	01	1.0	25	all	same	same	identical		True
sub-10541	01	1.0	26	all	same	same	identical		True
sub-10541	01	1.0	27	all	same	same	identical		True
sub-10541	01	1.0	28	all	same	same	identical		True
sub-10541	01	1.0	29	all	same	same	identical		True
sub-10541	01	1.0	30	all	same	same	identical		True
sub-10541	01	1.0	31	all	same	same	identical		True
sub-10541	01	1.0	32	all	same	same	identical		True
sub-10541	01	1.0	33	all	same	same	identical		True
sub-10541	01	1.0	34	all	same	same	identical		True
sub-10541	01	1.0	35	all	same	same	identical		True
sub-10541	01	1.0	36	all	same	same	identical		True
sub-10541	01	1.0	37	all	same	same	identical		True
sub-10541	01	1.0	38	all	same	same	identical		True
sub-10541	01	1.0	39	all	same	same	identical		True
sub-10541	01	1.0	40	all	same	same	identical		True
sub-10541	01	1.0	41	all	same	same	identical		True
sub-10541	01	1.0	42	all	same	same	identical		True
sub-10541	01	2.0	1	all	same	same	identical		True
sub-10541	01	2.0	2	all	same	same	identical		True
sub-10541	01	2.0	3	all	same	same	identical		True
sub-10541	01	2.0	4	all	same	same	identical		True
sub-10541	01	2.0	5	all	same	same	identical		True
sub-10541	01	2.0	6	all	same	same	identical		True
sub-10541	01	2.0	7	all	same	same	identical		True
sub-10541	01	2.0	8	all	same	same	identical		True
sub-10541	01	2.0	9	all	same	same	identical		True
sub-10541	01	2.0	10	all	same	same	identical		True
sub-10541	01	2.0	11	all	same	same	identical		True
sub-10541	01	2.0	12	all	same	same	identical		True
sub-10541	01	2.0	13	all	same	same	identical		True
sub-10541	01	2.0	14	all	same	same	identical		True
sub-10541	01	2.0	15	all	same	same	identical		True
sub-10541	01	2.0	16	all	same	same	identical		True
sub-10541	01	2.0	17	all	same	same	identical		True
sub-10541	01	2.0	18	all	same	same	identical		True
sub-10541	01	2.0	19	all	same	same	identical		True
sub-10541	01	2.0	20	all	same	same	identical		True
sub-10541	01	2.0	21	all	same	same	identical		True
sub-10541	01	2.0	22	all	same	same	identical		True
sub-10541	01	2.0	23	all	same	same	identical		True
sub-10541	01	2.0	24	all	same	same	identical		True
sub-10541	01	2.0	25	all	same	same	identical		True
sub-10541	01	2.0	26	all	same	same	identical		True
sub-10541	01	2.0	27	all	same	same	identical		True
sub-10541	01	2.0	28	all	same	same	identical		True
sub-10541	01	2.0	29	all	same	same	identical		True
sub-10541	01	2.0	30	all	same	same	identical		True
sub-10541	01	2.0	31	all	same	same	identical		True
sub-10541	01	2.0	32	all	same	same	identical		True
sub-10541	01	2.0	33	all	same	same	identical		True
sub-10541	01	2.0	34	all	same	same	identical		True
sub-10541	01	2.0	35	all	same	same	identical		True
sub-10541	01	2.0	36	all	same	same	identical		True
sub-10541	01	2.0	37	all	same	same	identical		True
sub-10541	01	2.0	38	all	same	same	identical		True
sub-10541	01	2.0	39	all	same	same	identical		True
sub-10541	01	2.0	40	all	same	same	identical		True
sub-10541	01	2.0	41	all	same	same	identical		True
sub-10541	01	2.0	42	all	same	same	identical		True
sub-10559	01	1.0	1	all	same	same	identical		True
sub-10559	01	1.0	2	all	same	same	identical		True
sub-10559	01	1.0	3	all	same	same	identical		True
sub-10559	01	1.0	4	all	same	same	identical		True
sub-10559	01	1.0	5	all	same	same	identical		True
sub-10559	01	1.0	6	all	same	same	identical		True
sub-10559	01	1.0	7	all	same	same	identical		True
sub-10559	01	1.0	8	all	same	same	identical		True
sub-10559	01	1.0	9	all	same	same	identical		True
sub-10559	01	1.0	10	all	same	same	identical		True
sub-10559	01	1.0	11	all	same	same	identical		True
sub-10559	01	1.0	12	all	same	same	identical		True
sub-10559	01	1.0	13	all	same	same	identical		True
sub-10559	01	1.0	14	all	same	same	identical		True
sub-10559	01	1.0	15	all	same	same	identical		True
sub-10559	01	1.0	16	all	same	same	identical		True
sub-10559	01	1.0	17	all	same	same	identical		True
sub-10559	01	1.0	18	all	same	same	identical		True
sub-10559	01	1.0	19	all	same	same	identical		True
sub-10559	01	1.0	20	all	same	same	identical		True
sub-10559	01	1.0	21	all	same	same	identical		True
sub-10559	01	1.0	22	all	same	same	identical		True
sub-10559	01	1.0	23	all	same	same	identical		True
sub-10559	01	1.0	24	all	same	same	identical		True
sub-10559	01	1.0	25	all	same	same	identical		True
sub-10559	01	1.0	26	all	same	same	identical		True
sub-10559	01	1.0	27	all	same	same	identical		True
sub-10559	01	1.0	28	all	same	same	identical		True
sub-10559	01	1.0	29	all	same	same	identical		True
sub-10559	01	1.0	30	all	same	same	identical		True
sub-10559	01	1.0	31	all	same	same	identical		True
sub-10559	01	1.0	32	all	same	same	identical		True
sub-10559	01	1.0	33	all	same	same	identical		True
sub-10559	01	1.0	34	all	same	same	identical		True
sub-10559	01	1.0	35	all	same	same	identical		True
sub-10559	01	1.0	36	all	same	same	identical		True
sub-10559	01	1.0	37	all	same	same	identical		True
sub-10559	01	1.0	38	all	same	same	identical		True
sub-10559	01	1.0	39	all	same	same	identical		True
sub-10559	01	1.0	40	all	same	same	identical		True
sub-10559	01	1.0	41	all	same	same	identical		True
sub-10559	01	1.0	42	all	same	same	identical		True
sub-10559	01	2.0	1	all	same	same	identical		True
sub-10559	01	2.0	2	all	same	same	identical		True
sub-10559	01	2.0	3	all	same	same	identical		True
sub-10559	01	2.0	4	all	same	same	identical		True
sub-10559	01	2.0	5	all	same	same	identical		True
sub-10559	01	2.0	6	all	same	same	identical		True
sub-10559	01	2.0	7	all	same	same	identical		True
sub-10559	01	2.0	8	all	same	same	identical		True
sub-10559	01	2.0	9	all	same	same	identical		True
sub-10559	01	2.0	10	all	same	same	identical		True
sub-10559	01	2.0	11	all	same	same	identical		True
sub-10559	01	2.0	12	all	same	same	identical		True
sub-10559	01	2.0	13	all	same	same	identical		True
sub-10559	01	2.0	14	all	same	same	identical		True
sub-10559	01	2.0	15	all	same	same	identical		True
sub-10559	01	2.0	16	all	same	same	identical		True
sub-10559	01	2.0	17	all	same	same	identical		True
sub-10559	01	2.0	18	all	same	same	identical		True
sub-10559	01	2.0	19	all	same	same	identical		True
sub-10559	01	2.0	20	all	same	same	identical		True
sub-10559	01	2.0	21	all	same	same	identical		True
sub-10559	01	2.0	22	all	same	same	identical		True
sub-10559	01	2.0	23	all	same	same	identical		True
sub-10559	01	2.0	24	all	same	same	identical		True
sub-10559	01	2.0	25	all	same	same	identical		True
sub-10559	01	2.0	26	all	same	same	identical		True
sub-10559	01	2.0	27	all	same	same	identical		True
sub-10559	01	2.0	28	all	same	same	identical		True
sub-10559	01	2.0	29	all	same	same	identical		True
sub-10559	01	2.0	30	all	same	same	identical		True
sub-10559	01	2.0	31	all	same	same	identical		True
sub-10559	01	2.0	32	all	same	same	identical		True
sub-10559	01	2.0	33	all	same	same	identical		True
sub-10559	01	2.0	34	all	same	same	identical		True
sub-10559	01	2.0	35	all	same	same	identical		True
sub-10559	01	2.0	36	all	same	same	identical		True
sub-10559	01	2.0	37	all	same	same	identical		True
sub-10559	01	2.0	38	all	same	same	identical		True
sub-10559	01	2.0	39	all	same	same	identical		True
sub-10559	01	2.0	40	all	same	same	identical		True
sub-10559	01	2.0	41	all	same	same	identical		True
sub-10559	01	2.0	42	all	same	same	identical		True
sub-10572	01	1.0	1	all	same	same	identical		True
sub-10572	01	1.0	2	all	same	same	identical		True
sub-10572	01	1.0	3	all	same	same	identical		True
sub-10572	01	1.0	4	all	same	same	identical		True
sub-10572	01	1.0	5	all	same	same	identical		True
sub-10572	01	1.0	6	all	same	same	identical		True
sub-10572	01	1.0	7	all	same	same	identical		True
sub-10572	01	1.0	8	all	same	same	identical		True
sub-10572	01	1.0	9	all	same	same	identical		True
sub-10572	01	1.0	10	all	same	same	identical		True
sub-10572	01	1.0	11	all	same	same	identical		True
sub-10572	01	1.0	12	all	same	same	identical		True
sub-10572	01	1.0	13	all	same	same	identical		True
sub-10572	01	1.0	14	all	same	same	identical		True
sub-10572	01	1.0	15	all	same	same	identical		True
sub-10572	01	1.0	16	all	same	same	identical		True
sub-10572	01	1.0	17	all	same	same	identical		True
sub-10572	01	1.0	18	all	same	same	identical		True
sub-10572	01	1.0	19	all	same	same	identical		True
sub-10572	01	1.0	20	all	same	same	identical		True
sub-10572	01	1.0	21	all	same	same	identical		True
sub-10572	01	1.0	22	all	same	same	identical		True
sub-10572	01	1.0	23	all	same	same	identical		True
sub-10572	01	1.0	24	all	same	same	identical		True
sub-10572	01	1.0	25	all	same	same	identical		True
sub-10572	01	1.0	26	all	same	same	identical		True
sub-10572	01	1.0	27	all	same	same	identical		True
sub-10572	01	1.0	28	all	same	same	identical		True
sub-10572	01	1.0	29	all	same	same	identical		True
sub-10572	01	1.0	30	all	same	same	identical		True
sub-10572	01	1.0	31	all	same	same	identical		True
sub-10572	01	1.0	32	all	same	same	identical		True
sub-10572	01	1.0	33	all	same	same	identical		True
sub-10572	01	1.0	34	all	same	same	identical		True
sub-10572	01	1.0	35	all	same	same	identical		True
sub-10572	01	1.0	36	all	same	same	identical		True
sub-10572	01	1.0	37	all	same	same	identical		True
sub-10572	01	1.0	38	all	same	same	identical		True
sub-10572	01	1.0	39	all	same	same	identical		True
sub-10572	01	1.0	40	all	same	same	identical		True
sub-10572	01	1.0	41	all	same	same	identical		True
sub-10572	01	1.0	42	all	same	same	identical		True
sub-10572	01	2.0	1	all	same	same	identical		True
sub-10572	01	2.0	2	all	same	same	identical		True
sub-10572	01	2.0	3	all	same	same	identical		True
sub-10572	01	2.0	4	all	same	same	identical		True
sub-10572	01	2.0	5	all	same	same	identical		True
sub-10572	01	2.0	6	all	same	same	identical		True
sub-10572	01	2.0	7	all	same	same	identical		True
sub-10572	01	2.0	8	all	same	same	identical		True
sub-10572	01	2.0	9	all	same	same	identical		True
sub-10572	01	2.0	10	all	same	same	identical		True
sub-10572	01	2.0	11	all	same	same	identical		True
sub-10572	01	2.0	12	all	same	same	identical		True
sub-10572	01	2.0	13	all	same	same	identical		True
sub-10572	01	2.0	14	all	same	same	identical		True
sub-10572	01	2.0	15	all	same	same	identical		True
sub-10572	01	2.0	16	all	same	same	identical		True
sub-10572	01	2.0	17	all	same	same	identical		True
sub-10572	01	2.0	18	all	same	same	identical		True
sub-10572	01	2.0	19	all	same	same	identical		True
sub-10572	01	2.0	20	all	same	same	identical		True
sub-10572	01	2.0	21	all	same	same	identical		True
sub-10572	01	2.0	22	all	same	same	identical		True
sub-10572	01	2.0	23	all	same	same	identical		True
sub-10572	01	2.0	24	all	same	same	identical		True
sub-10572	01	2.0	25	all	same	same	identical		True
sub-10572	01	2.0	26	all	same	same	identical		True
sub-10572	01	2.0	27	all	same	same	identical		True
sub-10572	01	2.0	28	all	same	same	identical		True
sub-10572	01	2.0	29	all	same	same	identical		True
sub-10572	01	2.0	30	all	same	same	identical		True
sub-10572	01	2.0	31	all	same	same	identical		True
sub-10572	01	2.0	32	all	same	same	identical		True
sub-10572	01	2.0	33	all	same	same	identical		True
sub-10572	01	2.0	34	all	same	same	identical		True
sub-10572	01	2.0	35	all	same	same	identical		True
sub-10572	01	2.0	36	all	same	same	identical		True
sub-10572	01	2.0	37	all	same	same	identical		True
sub-10572	01	2.0	38	all	same	same	identical		True
sub-10572	01	2.0	39	all	same	same	identical		True
sub-10572	01	2.0	40	all	same	same	identical		True
sub-10572	01	2.0	41	all	same	same	identical		True
sub-10572	01	2.0	42	all	same	same	identical		True
sub-10581	01	1.0	1	all	same	same	identical		True
sub-10581	01	1.0	2	all	same	same	identical		True
sub-10581	01	1.0	3	all	same	same	identical		True
sub-10581	01	1.0	4	all	same	same	identical		True
sub-10581	01	1.0	5	all	same	same	identical		True
sub-10581	01	1.0	6	all	same	same	identical		True
sub-10581	01	1.0	7	all	same	same	identical		True
sub-10581	01	1.0	8	all	same	same	identical		True
sub-10581	01	1.0	9	all	same	same	identical		True
sub-10581	01	1.0	10	all	same	same	identical		True
sub-10581	01	1.0	11	all	same	same	identical		True
sub-10581	01	1.0	12	all	same	same	identical		True
sub-10581	01	1.0	13	all	same	same	identical		True
sub-10581	01	1.0	14	all	same	same	identical		True
sub-10581	01	1.0	15	all	same	same	identical		True
sub-10581	01	1.0	16	all	same	same	identical		True
sub-10581	01	1.0	17	all	same	same	identical		True
sub-10581	01	1.0	18	all	same	same	identical		True
sub-10581	01	1.0	19	all	same	same	identical		True
sub-10581	01	1.0	20	all	same	same	identical		True
sub-10581	01	1.0	21	all	same	same	identical		True
sub-10581	01	1.0	22	all	same	same	identical		True
sub-10581	01	1.0	23	all	same	same	identical		True
sub-10581	01	1.0	24	all	same	same	identical		True
sub-10581	01	1.0	25	all	same	same	identical		True
sub-10581	01	1.0	26	all	same	same	identical		True
sub-10581	01	1.0	27	all	same	same	identical		True
sub-10581	01	1.0	28	all	same	same	identical		True
sub-10581	01	1.0	29	all	same	same	identical		True
sub-10581	01	1.0	30	all	same	same	identical		True
sub-10581	01	1.0	31	all	same	same	identical		True
sub-10581	01	1.0	32	all	same	same	identical		True
sub-10581	01	1.0	33	all	same	same	identical		True
sub-10581	01	1.0	34	all	same	same	identical		True
sub-10581	01	1.0	35	all	same	same	identical		True
sub-10581	01	1.0	36	all	same	same	identical		True
sub-10581	01	1.0	37	all	same	same	identical		True
sub-10581	01	1.0	38	all	same	same	identical		True
sub-10581	01	1.0	39	all	same	same	identical		True
sub-10581	01	1.0	40	all	same	same	identical		True
sub-10581	01	1.0	41	all	same	same	identical		True
sub-10581	01	1.0	42	all	same	same	identical		True
sub-10581	01	2.0	1	all	same	same	identical		True
sub-10581	01	2.0	2	all	same	same	identical		True
sub-10581	01	2.0	3	all	same	same	identical		True
sub-10581	01	2.0	4	all	same	same	identical		True
sub-10581	01	2.0	5	all	same	same	identical		True
sub-10581	01	2.0	6	all	same	same	identical		True
sub-10581	01	2.0	7	all	same	same	identical		True
sub-10581	01	2.0	8	all	same	same	identical		True
sub-10581	01	2.0	9	all	same	same	identical		True
sub-10581	01	2.0	10	all	same	same	identical		True
sub-10581	01	2.0	11	all	same	same	identical		True
sub-10581	01	2.0	12	all	same	same	identical		True
sub-10581	01	2.0	13	all	same	same	identical		True
sub-10581	01	2.0	14	all	same	same	identical		True
sub-10581	01	2.0	15	all	same	same	identical		True
sub-10581	01	2.0	16	all	same	same	identical		True
sub-10581	01	2.0	17	all	same	same	identical		True
sub-10581	01	2.0	18	all	same	same	identical		True
sub-10581	01	2.0	19	all	same	same	identical		True
sub-10581	01	2.0	20	all	same	same	identical		True
sub-10581	01	2.0	21	all	same	same	identical		True
sub-10581	01	2.0	22	all	same	same	identical		True
sub-10581	01	2.0	23	all	same	same	identical		True
sub-10581	01	2.0	24	all	same	same	identical		True
sub-10581	01	2.0	25	all	same	same	identical		True
sub-10581	01	2.0	26	all	same	same	identical		True
sub-10581	01	2.0	27	all	same	same	identical		True
sub-10581	01	2.0	28	all	same	same	identical		True
sub-10581	01	2.0	29	all	same	same	identical		True
sub-10581	01	2.0	30	all	same	same	identical		True
sub-10581	01	2.0	31	all	same	same	identical		True
sub-10581	01	2.0	32	all	same	same	identical		True
sub-10581	01	2.0	33	all	same	same	identical		True
sub-10581	01	2.0	34	all	same	same	identical		True
sub-10581	01	2.0	35	all	same	same	identical		True
sub-10581	01	2.0	36	all	same	same	identical		True
sub-10581	01	2.0	37	all	same	same	identical		True
sub-10581	01	2.0	38	all	same	same	identical		True
sub-10581	01	2.0	39	all	same	same	identical		True
sub-10581	01	2.0	40	all	same	same	identical		True
sub-10581	01	2.0	41	all	same	same	identical		True
sub-10581	01	2.0	42	all	same	same	identical		True
sub-10584	01	1.0	1	all	same	same	identical		True
sub-10584	01	1.0	2	all	same	same	identical		True
sub-10584	01	1.0	3	all	same	same	identical		True
sub-10584	01	1.0	4	all	same	same	identical		True
sub-10584	01	1.0	5	all	same	same	identical		True
sub-10584	01	1.0	6	all	same	same	identical		True
sub-10584	01	1.0	7	all	same	same	identical		True
sub-10584	01	1.0	8	all	same	same	identical		True
sub-10584	01	1.0	9	all	same	same	identical		True
sub-10584	01	1.0	10	all	same	same	identical		True
sub-10584	01	1.0	11	all	same	same	identical		True
sub-10584	01	1.0	12	all	same	same	identical		True
sub-10584	01	1.0	13	all	same	same	identical		True
sub-10584	01	1.0	14	all	same	same	identical		True
sub-10584	01	1.0	15	all	same	same	identical		True
sub-10584	01	1.0	16	all	same	same	identical		True
sub-10584	01	1.0	17	all	same	same	identical		True
sub-10584	01	1.0	18	all	same	same	identical		True
sub-10584	01	1.0	19	all	same	same	identical		True
sub-10584	01	1.0	20	all	same	same	identical		True
sub-10584	01	1.0	21	all	same	same	identical		True
sub-10584	01	1.0	22	all	same	same	identical		True
sub-10584	01	1.0	23	all	same	same	identical		True
sub-10584	01	1.0	24	all	same	same	identical		True
sub-10584	01	1.0	25	all	same	same	identical		True
sub-10584	01	1.0	26	all	same	same	identical		True
sub-10584	01	1.0	27	all	same	same	identical		True
sub-10584	01	1.0	28	all	same	same	identical		True
sub-10584	01	1.0	29	all	same	same	identical		True
sub-10584	01	1.0	30	all	same	same	identical		True
sub-10584	01	1.0	31	all	same	same	identical		True
sub-10584	01	1.0	32	all	same	same	identical		True
sub-10584	01	1.0	33	all	same	same	identical		True
sub-10584	01	1.0	34	all	same	same	identical		True
sub-10584	01	1.0	35	all	same	same	identical		True
sub-10584	01	1.0	36	all	same	same	identical		True
sub-10584	01	1.0	37	all	same	same	identical		True
sub-10584	01	1.0	38	all	same	same	identical		True
sub-10584	01	1.0	39	all	same	same	identical		True
sub-10584	01	1.0	40	all	same	same	identical		True
sub-10584	01	1.0	41	all	same	same	identical		True
sub-10584	01	1.0	42	all	same	same	identical		True
sub-10584	01	2.0	1	all	same	same	identical		True
sub-10584	01	2.0	2	all	same	same	identical		True
sub-10584	01	2.0	3	all	same	same	identical		True
sub-10584	01	2.0	4	all	same	same	identical		True
sub-10584	01	2.0	5	all	same	same	identical		True
sub-10584	01	2.0	6	all	same	same	identical		True
sub-10584	01	2.0	7	all	same	same	identical		True
sub-10584	01	2.0	8	all	same	same	identical		True
sub-10584	01	2.0	9	all	same	same	identical		True
sub-10584	01	2.0	10	all	same	same	identical		True
sub-10584	01	2.0	11	all	same	same	identical		True
sub-10584	01	2.0	12	all	same	same	identical		True
sub-10584	01	2.0	13	all	same	same	identical		True
sub-10584	01	2.0	14	all	same	same	identical		True
sub-10584	01	2.0	15	all	same	same	identical		True
sub-10584	01	2.0	16	all	same	same	identical		True
sub-10584	01	2.0	17	all	same	same	identical		True
sub-10584	01	2.0	18	all	same	same	identical		True
sub-10584	01	2.0	19	all	same	same	identical		True
sub-10584	01	2.0	20	all	same	same	identical		True
sub-10584	01	2.0	21	all	same	same	identical		True
sub-10584	01	2.0	22	all	same	same	identical		True
sub-10584	01	2.0	23	all	same	same	identical		True
sub-10584	01	2.0	24	all	same	same	identical		True
sub-10584	01	2.0	25	all	same	same	identical		True
sub-10584	01	2.0	26	all	same	same	identical		True
sub-10584	01	2.0	27	all	same	same	identical		True
sub-10584	01	2.0	28	all	same	same	identical		True
sub-10584	01	2.0	29	all	same	same	identical		True
sub-10584	01	2.0	30	all	same	same	identical		True
sub-10584	01	2.0	31	all	same	same	identical		True
sub-10584	01	2.0	32	all	same	same	identical		True
sub-10584	01	2.0	33	all	same	same	identical		True
sub-10584	01	2.0	34	all	same	same	identical		True
sub-10584	01	2.0	35	all	same	same	identical		True
sub-10584	01	2.0	36	all	same	same	identical		True
sub-10584	01	2.0	37	all	same	same	identical		True
sub-10584	01	2.0	38	all	same	same	identical		True
sub-10584	01	2.0	39	all	same	same	identical		True
sub-10584	01	2.0	40	all	same	same	identical		True
sub-10584	01	2.0	41	all	same	same	identical		True
sub-10584	01	2.0	42	all	same	same	identical		True
sub-10585	01	1.0	1	all	same	same	identical		True
sub-10585	01	1.0	2	all	same	same	identical		True
sub-10585	01	1.0	3	all	same	same	identical		True
sub-10585	01	1.0	4	all	same	same	identical		True
sub-10585	01	1.0	5	all	same	same	identical		True
sub-10585	01	1.0	6	all	same	same	identical		True
sub-10585	01	1.0	7	all	same	same	identical		True
sub-10585	01	1.0	8	all	same	same	identical		True
sub-10585	01	1.0	9	all	same	same	identical		True
sub-10585	01	1.0	10	all	same	same	identical		True
sub-10585	01	1.0	11	all	same	same	identical		True
sub-10585	01	1.0	12	all	same	same	identical		True
sub-10585	01	1.0	13	all	same	same	identical		True
sub-10585	01	1.0	14	all	same	same	identical		True
sub-10585	01	1.0	15	all	same	same	identical		True
sub-10585	01	1.0	16	all	same	same	identical		True
sub-10585	01	1.0	17	all	same	same	identical		True
sub-10585	01	1.0	18	all	same	same	identical		True
sub-10585	01	1.0	19	all	same	same	identical		True
sub-10585	01	1.0	20	all	same	same	identical		True
sub-10585	01	1.0	21	all	same	same	identical		True
sub-10585	01	1.0	22	all	same	same	identical		True
sub-10585	01	1.0	23	all	same	same	identical		True
sub-10585	01	1.0	24	all	same	same	identical		True
sub-10585	01	1.0	25	all	same	same	identical		True
sub-10585	01	1.0	26	all	same	same	identical		True
sub-10585	01	1.0	27	all	same	same	identical		True
sub-10585	01	1.0	28	all	same	same	identical		True
sub-10585	01	1.0	29	all	same	same	identical		True
sub-10585	01	1.0	30	all	same	same	identical		True
sub-10585	01	1.0	31	all	same	same	identical		True
sub-10585	01	1.0	32	all	same	same	identical		True
sub-10585	01	1.0	33	all	same	same	identical		True
sub-10585	01	1.0	34	all	same	same	identical		True
sub-10585	01	1.0	35	all	same	same	identical		True
sub-10585	01	1.0	36	all	same	same	identical		True
sub-10585	01	1.0	37	all	same	same	identical		True
sub-10585	01	1.0	38	all	same	same	identical		True
sub-10585	01	1.0	39	all	same	same	identical		True
sub-10585	01	1.0	40	all	same	same	identical		True
sub-10585	01	1.0	41	all	same	same	identical		True
sub-10585	01	1.0	42	all	same	same	identical		True
sub-10585	01	2.0	1	all	same	same	identical		True
sub-10585	01	2.0	2	all	same	same	identical		True
sub-10585	01	2.0	3	all	same	same	identical		True
sub-10585	01	2.0	4	all	same	same	identical		True
sub-10585	01	2.0	5	all	same	same	identical		True
sub-10585	01	2.0	6	all	same	same	identical		True
sub-10585	01	2.0	7	all	same	same	identical		True
sub-10585	01	2.0	8	all	same	same	identical		True
sub-10585	01	2.0	9	all	same	same	identical		True
sub-10585	01	2.0	10	all	same	same	identical		True
sub-10585	01	2.0	11	all	same	same	identical		True
sub-10585	01	2.0	12	all	same	same	identical		True
sub-10585	01	2.0	13	all	same	same	identical		True
sub-10585	01	2.0	14	all	same	same	identical		True
sub-10585	01	2.0	15	all	same	same	identical		True
sub-10585	01	2.0	16	all	same	same	identical		True
sub-10585	01	2.0	17	all	same	same	identical		True
sub-10585	01	2.0	18	all	same	same	identical		True
sub-10585	01	2.0	19	all	same	same	identical		True
sub-10585	01	2.0	20	all	same	same	identical		True
sub-10585	01	2.0	21	all	same	same	identical		True
sub-10585	01	2.0	22	all	same	same	identical		True
sub-10585	01	2.0	23	all	same	same	identical		True
sub-10585	01	2.0	24	all	same	same	identical		True
sub-10585	01	2.0	25	all	same	same	identical		True
sub-10585	01	2.0	26	all	same	same	identical		True
sub-10585	01	2.0	27	all	same	same	identical		True
sub-10585	01	2.0	28	all	same	same	identical		True
sub-10585	01	2.0	29	all	same	same	identical		True
sub-10585	01	2.0	30	all	same	same	identical		True
sub-10585	01	2.0	31	all	same	same	identical		True
sub-10585	01	2.0	32	all	same	same	identical		True
sub-10585	01	2.0	33	all	same	same	identical		True
sub-10585	01	2.0	34	all	same	same	identical		True
sub-10585	01	2.0	35	all	same	same	identical		True
sub-10585	01	2.0	36	all	same	same	identical		True
sub-10585	01	2.0	37	all	same	same	identical		True
sub-10585	01	2.0	38	all	same	same	identical		True
sub-10585	01	2.0	39	all	same	same	identical		True
sub-10585	01	2.0	40	all	same	same	identical		True
sub-10585	01	2.0	41	all	same	same	identical		True
sub-10585	01	2.0	42	all	same	same	identical		True
sub-10589	01	1.0	1	all	same	same	identical		True
sub-10589	01	1.0	2	all	same	same	identical		True
sub-10589	01	1.0	3	all	same	same	identical		True
sub-10589	01	1.0	4	all	same	same	identical		True
sub-10589	01	1.0	5	all	same	same	identical		True
sub-10589	01	1.0	6	all	same	same	identical		True
sub-10589	01	1.0	7	all	same	same	identical		True
sub-10589	01	1.0	8	all	same	same	identical		True
sub-10589	01	1.0	9	all	same	same	identical		True
sub-10589	01	1.0	10	all	same	same	identical		True
sub-10589	01	1.0	11	all	same	same	identical		True
sub-10589	01	1.0	12	all	same	same	identical		True
sub-10589	01	1.0	13	all	same	same	identical		True
sub-10589	01	1.0	14	all	same	same	identical		True
sub-10589	01	1.0	15	all	same	same	identical		True
sub-10589	01	1.0	16	all	same	same	identical		True
sub-10589	01	1.0	17	all	same	same	identical		True
sub-10589	01	1.0	18	all	same	same	identical		True
sub-10589	01	1.0	19	all	same	same	identical		True
sub-10589	01	1.0	20	all	same	same	identical		True
sub-10589	01	1.0	21	all	same	same	identical		True
sub-10589	01	1.0	22	all	same	same	identical		True
sub-10589	01	1.0	23	all	same	same	identical		True
sub-10589	01	1.0	24	all	same	same	identical		True
sub-10589	01	1.0	25	all	same	same	identical		True
sub-10589	01	1.0	26	all	same	same	identical		True
sub-10589	01	1.0	27	all	same	same	identical		True
sub-10589	01	1.0	28	all	same	same	identical		True
sub-10589	01	1.0	29	all	same	same	identical		True
sub-10589	01	1.0	30	all	same	same	identical		True
sub-10589	01	1.0	31	all	same	same	identical		True
sub-10589	01	1.0	32	all	same	same	identical		True
sub-10589	01	1.0	33	all	same	same	identical		True
sub-10589	01	1.0	34	all	same	same	identical		True
sub-10589	01	1.0	35	all	same	same	identical		True
sub-10589	01	1.0	36	all	same	same	identical		True
sub-10589	01	1.0	37	all	same	same	identical		True
sub-10589	01	1.0	38	all	same	same	identical		True
sub-10589	01	1.0	39	all	same	same	identical		True
sub-10589	01	1.0	40	all	same	same	identical		True
sub-10589	01	1.0	41	all	same	same	identical		True
sub-10589	01	1.0	42	all	same	same	identical		True
sub-10589	01	2.0	1	all	same	same	identical		True
sub-10589	01	2.0	2	all	same	same	identical		True
sub-10589	01	2.0	3	all	same	same	identical		True
sub-10589	01	2.0	4	all	same	same	identical		True
sub-10589	01	2.0	5	all	same	same	identical		True
sub-10589	01	2.0	6	all	same	same	identical		True
sub-10589	01	2.0	7	all	same	same	identical		True
sub-10589	01	2.0	8	all	same	same	identical		True
sub-10589	01	2.0	9	all	same	same	identical		True
sub-10589	01	2.0	10	all	same	same	identical		True
sub-10589	01	2.0	11	all	same	same	identical		True
sub-10589	01	2.0	12	all	same	same	identical		True
sub-10589	01	2.0	13	all	same	same	identical		True
sub-10589	01	2.0	14	all	same	same	identical		True
sub-10589	01	2.0	15	all	same	same	identical		True
sub-10589	01	2.0	16	all	same	same	identical		True
sub-10589	01	2.0	17	all	same	same	identical		True
sub-10589	01	2.0	18	all	same	same	identical		True
sub-10589	01	2.0	19	all	same	same	identical		True
sub-10589	01	2.0	20	all	same	same	identical		True
sub-10589	01	2.0	21	all	same	same	identical		True
sub-10589	01	2.0	22	all	same	same	identical		True
sub-10589	01	2.0	23	all	same	same	identical		True
sub-10589	01	2.0	24	all	same	same	identical		True
sub-10589	01	2.0	25	all	same	same	identical		True
sub-10589	01	2.0	26	all	same	same	identical		True
sub-10589	01	2.0	27	all	same	same	identical		True
sub-10589	01	2.0	28	all	same	same	identical		True
sub-10589	01	2.0	29	all	same	same	identical		True
sub-10589	01	2.0	30	all	same	same	identical		True
sub-10589	01	2.0	31	all	same	same	identical		True
sub-10589	01	2.0	32	all	same	same	identical		True
sub-10589	01	2.0	33	all	same	same	identical		True
sub-10589	01	2.0	34	all	same	same	identical		True
sub-10589	01	2.0	35	all	same	same	identical		True
sub-10589	01	2.0	36	all	same	same	identical		True
sub-10589	01	2.0	37	all	same	same	identical		True
sub-10589	01	2.0	38	all	same	same	identical		True
sub-10589	01	2.0	39	all	same	same	identical		True
sub-10589	01	2.0	40	all	same	same	identical		True
sub-10589	01	2.0	41	all	same	same	identical		True
sub-10589	01	2.0	42	all	same	same	identical		True
sub-10590	01	1.0	1	all	same	same	identical		True
sub-10590	01	1.0	2	all	same	same	identical		True
sub-10590	01	1.0	3	all	same	same	identical		True
sub-10590	01	1.0	4	all	same	same	identical		True
sub-10590	01	1.0	5	all	same	same	identical		True
sub-10590	01	1.0	6	all	same	same	identical		True
sub-10590	01	1.0	7	all	same	same	identical		True
sub-10590	01	1.0	8	all	same	same	identical		True
sub-10590	01	1.0	9	all	same	same	identical		True
sub-10590	01	1.0	10	all	same	same	identical		True
sub-10590	01	1.0	11	all	same	same	identical		True
sub-10590	01	1.0	12	all	same	same	identical		True
sub-10590	01	1.0	13	all	same	same	identical		True
sub-10590	01	1.0	14	all	same	same	identical		True
sub-10590	01	1.0	15	all	same	same	identical		True
sub-10590	01	1.0	16	all	same	same	identical		True
sub-10590	01	1.0	17	all	same	same	identical		True
sub-10590	01	1.0	18	all	same	same	identical		True
sub-10590	01	1.0	19	all	same	same	identical		True
sub-10590	01	1.0	20	all	same	same	identical		True
sub-10590	01	1.0	21	all	same	same	identical		True
sub-10590	01	1.0	22	all	same	same	identical		True
sub-10590	01	1.0	23	all	same	same	identical		True
sub-10590	01	1.0	24	all	same	same	identical		True
sub-10590	01	1.0	25	all	same	same	identical		True
sub-10590	01	1.0	26	all	same	same	identical		True
sub-10590	01	1.0	27	all	same	same	identical		True
sub-10590	01	1.0	28	all	same	same	identical		True
sub-10590	01	1.0	29	all	same	same	identical		True
sub-10590	01	1.0	30	all	same	same	identical		True
sub-10590	01	1.0	31	all	same	same	identical		True
sub-10590	01	1.0	32	all	same	same	identical		True
sub-10590	01	1.0	33	all	same	same	identical		True
sub-10590	01	1.0	34	all	same	same	identical		True
sub-10590	01	1.0	35	all	same	same	identical		True
sub-10590	01	1.0	36	all	same	same	identical		True
sub-10590	01	1.0	37	all	same	same	identical		True
sub-10590	01	1.0	38	all	same	same	identical		True
sub-10590	01	1.0	39	all	same	same	identical		True
sub-10590	01	1.0	40	all	same	same	identical		True
sub-10590	01	1.0	41	all	same	same	identical		True
sub-10590	01	1.0	42	all	same	same	identical		True
sub-10590	01	2.0	1	all	same	same	identical		True
sub-10590	01	2.0	2	all	same	same	identical		True
sub-10590	01	2.0	3	all	same	same	identical		True
sub-10590	01	2.0	4	all	same	same	identical		True
sub-10590	01	2.0	5	all	same	same	identical		True
sub-10590	01	2.0	6	all	same	same	identical		True
sub-10590	01	2.0	7	all	same	same	identical		True
sub-10590	01	2.0	8	all	same	same	identical		True
sub-10590	01	2.0	9	all	same	same	identical		True
sub-10590	01	2.0	10	all	same	same	identical		True
sub-10590	01	2.0	11	all	same	same	identical		True
sub-10590	01	2.0	12	all	same	same	identical		True
sub-10590	01	2.0	13	all	same	same	identical		True
sub-10590	01	2.0	14	all	same	same	identical		True
sub-10590	01	2.0	15	all	same	same	identical		True
sub-10590	01	2.0	16	all	same	same	identical		True
sub-10590	01	2.0	17	all	same	same	identical		True
sub-10590	01	2.0	18	all	same	same	identical		True
sub-10590	01	2.0	19	all	same	same	identical		True
sub-10590	01	2.0	20	all	same	same	identical		True
sub-10590	01	2.0	21	all	same	same	identical		True
sub-10590	01	2.0	22	all	same	same	identical		True
sub-10590	01	2.0	23	all	same	same	identical		True
sub-10590	01	2.0	24	all	same	same	identical		True
sub-10590	01	2.0	25	all	same	same	identical		True
sub-10590	01	2.0	26	all	same	same	identical		True
sub-10590	01	2.0	27	all	same	same	identical		True
sub-10590	01	2.0	28	all	same	same	identical		True
sub-10590	01	2.0	29	all	same	same	identical		True
sub-10590	01	2.0	30	all	same	same	identical		True
sub-10590	01	2.0	31	all	same	same	identical		True
sub-10590	01	2.0	32	all	same	same	identical		True
sub-10590	01	2.0	33	all	same	same	identical		True
sub-10590	01	2.0	34	all	same	same	identical		True
sub-10590	01	2.0	35	all	same	same	identical		True
sub-10590	01	2.0	36	all	same	same	identical		True
sub-10590	01	2.0	37	all	same	same	identical		True
sub-10590	01	2.0	38	all	same	same	identical		True
sub-10590	01	2.0	39	all	same	same	identical		True
sub-10590	01	2.0	40	all	same	same	identical		True
sub-10590	01	2.0	41	all	same	same	identical		True
sub-10590	01	2.0	42	all	same	same	identical		True
sub-10596	01	1.0	1	all	same	same	identical		True
sub-10596	01	1.0	2	all	same	same	identical		True
sub-10596	01	1.0	3	all	same	same	identical		True
sub-10596	01	1.0	4	all	same	same	identical		True
sub-10596	01	1.0	5	all	same	same	identical		True
sub-10596	01	1.0	6	all	same	same	identical		True
sub-10596	01	1.0	7	all	same	same	identical		True
sub-10596	01	1.0	8	all	same	same	identical		True
sub-10596	01	1.0	9	all	same	same	identical		True
sub-10596	01	1.0	10	all	same	same	identical		True
sub-10596	01	1.0	11	all	same	same	identical		True
sub-10596	01	1.0	12	all	same	same	identical		True
sub-10596	01	1.0	13	all	same	same	identical		True
sub-10596	01	1.0	14	all	same	same	identical		True
sub-10596	01	1.0	15	all	same	same	identical		True
sub-10596	01	1.0	16	all	same	same	identical		True
sub-10596	01	1.0	17	all	same	same	identical		True
sub-10596	01	1.0	18	all	same	same	identical		True
sub-10596	01	1.0	19	all	same	same	identical		True
sub-10596	01	1.0	20	all	same	same	identical		True
sub-10596	01	1.0	21	all	same	same	identical		True
sub-10596	01	1.0	22	all	same	same	identical		True
sub-10596	01	1.0	23	all	same	same	identical		True
sub-10596	01	1.0	24	all	same	same	identical		True
sub-10596	01	1.0	25	all	same	same	identical		True
sub-10596	01	1.0	26	all	same	same	identical		True
sub-10596	01	1.0	27	all	same	same	identical		True
sub-10596	01	1.0	28	all	same	same	identical		True
sub-10596	01	1.0	29	all	same	same	identical		True
sub-10596	01	1.0	30	all	same	same	identical		True
sub-10596	01	1.0	31	all	same	same	identical		True
sub-10596	01	1.0	32	all	same	same	identical		True
sub-10596	01	1.0	33	all	same	same	identical		True
sub-10596	01	1.0	34	all	same	same	identical		True
sub-10596	01	1.0	35	all	same	same	identical		True
sub-10596	01	1.0	36	all	same	same	identical		True
sub-10596	01	1.0	37	all	same	same	identical		True
sub-10596	01	1.0	38	all	same	same	identical		True
sub-10596	01	1.0	39	all	same	same	identical		True
sub-10596	01	1.0	40	all	same	same	identical		True
sub-10596	01	1.0	41	all	same	same	identical		True
sub-10596	01	1.0	42	all	same	same	identical		True
sub-10596	01	2.0	1	all	same	same	identical		True
sub-10596	01	2.0	2	all	same	same	identical		True
sub-10596	01	2.0	3	all	same	same	identical		True
sub-10596	01	2.0	4	all	same	same	identical		True
sub-10596	01	2.0	5	all	same	same	identical		True
sub-10596	01	2.0	6	all	same	same	identical		True
sub-10596	01	2.0	7	all	same	same	identical		True
sub-10596	01	2.0	8	all	same	same	identical		True
sub-10596	01	2.0	9	all	same	same	identical		True
sub-10596	01	2.0	10	all	same	same	identical		True
sub-10596	01	2.0	11	all	same	same	identical		True
sub-10596	01	2.0	12	all	same	same	identical		True
sub-10596	01	2.0	13	all	same	same	identical		True
sub-10596	01	2.0	14	all	same	same	identical		True
sub-10596	01	2.0	15	all	same	same	identical		True
sub-10596	01	2.0	16	all	same	same	identical		True
sub-10596	01	2.0	17	all	same	same	identical		True
sub-10596	01	2.0	18	all	same	same	identical		True
sub-10596	01	2.0	19	all	same	same	identical		True
sub-10596	01	2.0	20	all	same	same	identical		True
sub-10596	01	2.0	21	all	same	same	identical		True
sub-10596	01	2.0	22	all	same	same	identical		True
sub-10596	01	2.0	23	all	same	same	identical		True
sub-10596	01	2.0	24	all	same	same	identical		True
sub-10596	01	2.0	25	all	same	same	identical		True
sub-10596	01	2.0	26	all	same	same	identical		True
sub-10596	01	2.0	27	all	same	same	identical		True
sub-10596	01	2.0	28	all	same	same	identical		True
sub-10596	01	2.0	29	all	same	same	identical		True
sub-10596	01	2.0	30	all	same	same	identical		True
sub-10596	01	2.0	31	all	same	same	identical		True
sub-10596	01	2.0	32	all	same	same	identical		True
sub-10596	01	2.0	33	all	same	same	identical		True
sub-10596	01	2.0	34	all	same	same	identical		True
sub-10596	01	2.0	35	all	same	same	identical		True
sub-10596	01	2.0	36	all	same	same	identical		True
sub-10596	01	2.0	37	all	same	same	identical		True
sub-10596	01	2.0	38	all	same	same	identical		True
sub-10596	01	2.0	39	all	same	same	identical		True
sub-10596	01	2.0	40	all	same	same	identical		True
sub-10596	01	2.0	41	all	same	same	identical		True
sub-10596	01	2.0	42	all	same	same	identical		True
sub-10603	01	1.0	1	all	same	same	identical		True
sub-10603	01	1.0	2	all	same	same	identical		True
sub-10603	01	1.0	3	all	same	same	identical		True
sub-10603	01	1.0	4	all	same	same	identical		True
sub-10603	01	1.0	5	all	same	same	identical		True
sub-10603	01	1.0	6	all	same	same	identical		True
sub-10603	01	1.0	7	all	same	same	identical		True
sub-10603	01	1.0	8	all	same	same	identical		True
sub-10603	01	1.0	9	all	same	same	identical		True
sub-10603	01	1.0	10	all	same	same	identical		True
sub-10603	01	1.0	11	all	same	same	identical		True
sub-10603	01	1.0	12	all	same	same	identical		True
sub-10603	01	1.0	13	all	same	same	identical		True
sub-10603	01	1.0	14	all	same	same	identical		True
sub-10603	01	1.0	15	all	same	same	identical		True
sub-10603	01	1.0	16	all	same	same	identical		True
sub-10603	01	1.0	17	all	same	same	identical		True
sub-10603	01	1.0	18	all	same	same	identical		True
sub-10603	01	1.0	19	all	same	same	identical		True
sub-10603	01	1.0	20	all	same	same	identical		True
sub-10603	01	1.0	21	all	same	same	identical		True
sub-10603	01	1.0	22	all	same	same	identical		True
sub-10603	01	1.0	23	all	same	same	identical		True
sub-10603	01	1.0	24	all	same	same	identical		True
sub-10603	01	1.0	25	all	same	same	identical		True
sub-10603	01	1.0	26	all	same	same	identical		True
sub-10603	01	1.0	27	all	same	same	identical		True
sub-10603	01	1.0	28	all	same	same	identical		True
sub-10603	01	1.0	29	all	same	same	identical		True
sub-10603	01	1.0	30	all	same	same	identical		True
sub-10603	01	1.0	31	all	same	same	identical		True
sub-10603	01	1.0	32	all	same	same	identical		True
sub-10603	01	1.0	33	all	same	same	identical		True
sub-10603	01	1.0	34	all	same	same	identical		True
sub-10603	01	1.0	35	all	same	same	identical		True
sub-10603	01	1.0	36	all	same	same	identical		True
sub-10603	01	1.0	37	all	same	same	identical		True
sub-10603	01	1.0	38	all	same	same	identical		True
sub-10603	01	1.0	39	all	same	same	identical		True
sub-10603	01	1.0	40	all	same	same	identical		True
sub-10603	01	1.0	41	all	same	same	identical		True
sub-10603	01	1.0	42	all	same	same	identical		True
sub-10603	01	2.0	1	all	same	same	identical		True
sub-10603	01	2.0	2	all	same	same	identical		True
sub-10603	01	2.0	3	all	same	same	identical		True
sub-10603	01	2.0	4	all	same	same	identical		True
sub-10603	01	2.0	5	all	same	same	identical		True
sub-10603	01	2.0	6	all	same	same	identical		True
sub-10603	01	2.0	7	all	same	same	identical		True
sub-10603	01	2.0	8	all	same	same	identical		True
sub-10603	01	2.0	9	all	same	same	identical		True
sub-10603	01	2.0	10	all	same	same	identical		True
sub-10603	01	2.0	11	all	same	same	identical		True
sub-10603	01	2.0	12	all	same	same	identical		True
sub-10603	01	2.0	13	all	same	same	identical		True
sub-10603	01	2.0	14	all	same	same	identical		True
sub-10603	01	2.0	15	all	same	same	identical		True
sub-10603	01	2.0	16	all	same	same	identical		True
sub-10603	01	2.0	17	all	same	same	identical		True
sub-10603	01	2.0	18	all	same	same	identical		True
sub-10603	01	2.0	19	all	same	same	identical		True
sub-10603	01	2.0	20	all	same	same	identical		True
sub-10603	01	2.0	21	all	same	same	identical		True
sub-10603	01	2.0	22	all	same	same	identical		True
sub-10603	01	2.0	23	all	same	same	identical		True
sub-10603	01	2.0	24	all	same	same	identical		True
sub-10603	01	2.0	25	all	same	same	identical		True
sub-10603	01	2.0	26	all	same	same	identical		True
sub-10603	01	2.0	27	all	same	same	identical		True
sub-10603	01	2.0	28	all	same	same	identical		True
sub-10603	01	2.0	29	all	same	same	identical		True
sub-10603	01	2.0	30	all	same	same	identical		True
sub-10603	01	2.0	31	all	same	same	identical		True
sub-10603	01	2.0	32	all	same	same	identical		True
sub-10603	01	2.0	33	all	same	same	identical		True
sub-10603	01	2.0	34	all	same	same	identical		True
sub-10603	01	2.0	35	all	same	same	identical		True
sub-10603	01	2.0	36	all	same	same	identical		True
sub-10603	01	2.0	37	all	same	same	identical		True
sub-10603	01	2.0	38	all	same	same	identical		True
sub-10603	01	2.0	39	all	same	same	identical		True
sub-10603	01	2.0	40	all	same	same	identical		True
sub-10603	01	2.0	41	all	same	same	identical		True
sub-10603	01	2.0	42	all	same	same	identical		True
sub-10606	01	1.0	1	all	same	same	identical		True
sub-10606	01	1.0	2	all	same	same	identical		True
sub-10606	01	1.0	3	all	same	same	identical		True
sub-10606	01	1.0	4	all	same	same	identical		True
sub-10606	01	1.0	5	all	same	same	identical		True
sub-10606	01	1.0	6	all	same	same	identical		True
sub-10606	01	1.0	7	all	same	same	identical		True
sub-10606	01	1.0	8	all	same	same	identical		True
sub-10606	01	1.0	9	all	same	same	identical		True
sub-10606	01	1.0	10	all	same	same	identical		True
sub-10606	01	1.0	11	all	same	same	identical		True
sub-10606	01	1.0	12	all	same	same	identical		True
sub-10606	01	1.0	13	all	same	same	identical		True
sub-10606	01	1.0	14	all	same	same	identical		True
sub-10606	01	1.0	15	all	same	same	identical		True
sub-10606	01	1.0	16	all	same	same	identical		True
sub-10606	01	1.0	17	all	same	same	identical		True
sub-10606	01	1.0	18	all	same	same	identical		True
sub-10606	01	1.0	19	all	same	same	identical		True
sub-10606	01	1.0	20	all	same	same	identical		True
sub-10606	01	1.0	21	all	same	same	identical		True
sub-10606	01	1.0	22	all	same	same	identical		True
sub-10606	01	1.0	23	all	same	same	identical		True
sub-10606	01	1.0	24	all	same	same	identical		True
sub-10606	01	1.0	25	all	same	same	identical		True
sub-10606	01	1.0	26	all	same	same	identical		True
sub-10606	01	1.0	27	all	same	same	identical		True
sub-10606	01	1.0	28	all	same	same	identical		True
sub-10606	01	1.0	29	all	same	same	identical		True
sub-10606	01	1.0	30	all	same	same	identical		True
sub-10606	01	1.0	31	all	same	same	identical		True
sub-10606	01	1.0	32	all	same	same	identical		True
sub-10606	01	1.0	33	all	same	same	identical		True
sub-10606	01	1.0	34	all	same	same	identical		True
sub-10606	01	1.0	35	all	same	same	identical		True
sub-10606	01	1.0	36	all	same	same	identical		True
sub-10606	01	1.0	37	all	same	same	identical		True
sub-10606	01	1.0	38	all	same	same	identical		True
sub-10606	01	1.0	39	all	same	same	identical		True
sub-10606	01	1.0	40	all	same	same	identical		True
sub-10606	01	1.0	41	all	same	same	identical		True
sub-10606	01	1.0	42	all	same	same	identical		True
sub-10606	01	2.0	1	all	same	same	identical		True
sub-10606	01	2.0	2	all	same	same	identical		True
sub-10606	01	2.0	3	all	same	same	identical		True
sub-10606	01	2.0	4	all	same	same	identical		True
sub-10606	01	2.0	5	all	same	same	identical		True
sub-10606	01	2.0	6	all	same	same	identical		True
sub-10606	01	2.0	7	all	same	same	identical		True
sub-10606	01	2.0	8	all	same	same	identical		True
sub-10606	01	2.0	9	all	same	same	identical		True
sub-10606	01	2.0	10	all	same	same	identical		True
sub-10606	01	2.0	11	all	same	same	identical		True
sub-10606	01	2.0	12	all	same	same	identical		True
sub-10606	01	2.0	13	all	same	same	identical		True
sub-10606	01	2.0	14	all	same	same	identical		True
sub-10606	01	2.0	15	all	same	same	identical		True
sub-10606	01	2.0	16	all	same	same	identical		True
sub-10606	01	2.0	17	all	same	same	identical		True
sub-10606	01	2.0	18	all	same	same	identical		True
sub-10606	01	2.0	19	all	same	same	identical		True
sub-10606	01	2.0	20	all	same	same	identical		True
sub-10606	01	2.0	21	all	same	same	identical		True
sub-10606	01	2.0	22	all	same	same	identical		True
sub-10606	01	2.0	23	all	same	same	identical		True
sub-10606	01	2.0	24	all	same	same	identical		True
sub-10606	01	2.0	25	all	same	same	identical		True
sub-10606	01	2.0	26	all	same	same	identical		True
sub-10606	01	2.0	27	all	same	same	identical		True
sub-10606	01	2.0	28	all	same	same	identical		True
sub-10606	01	2.0	29	all	same	same	identical		True
sub-10606	01	2.0	30	all	same	same	identical		True
sub-10606	01	2.0	31	all	same	same	identical		True
sub-10606	01	2.0	32	all	same	same	identical		True
sub-10606	01	2.0	33	all	same	same	identical		True
sub-10606	01	2.0	34	all	same	same	identical		True
sub-10606	01	2.0	35	all	same	same	identical		True
sub-10606	01	2.0	36	all	same	same	identical		True
sub-10606	01	2.0	37	all	same	same	identical		True
sub-10606	01	2.0	38	all	same	same	identical		True
sub-10606	01	2.0	39	all	same	same	identical		True
sub-10606	01	2.0	40	all	same	same	identical		True
sub-10606	01	2.0	41	all	same	same	identical		True
sub-10606	01	2.0	42	all	same	same	identical		True
sub-10608	01	1.0	1	all	same	same	identical		True
sub-10608	01	1.0	2	all	same	same	identical		True
sub-10608	01	1.0	3	all	same	same	identical		True
sub-10608	01	1.0	4	all	same	same	identical		True
sub-10608	01	1.0	5	all	same	same	identical		True
sub-10608	01	1.0	6	all	same	same	identical		True
sub-10608	01	1.0	7	all	same	same	identical		True
sub-10608	01	1.0	8	all	same	same	identical		True
sub-10608	01	1.0	9	all	same	same	identical		True
sub-10608	01	1.0	10	all	same	same	identical		True
sub-10608	01	1.0	11	all	same	same	identical		True
sub-10608	01	1.0	12	all	same	same	identical		True
sub-10608	01	1.0	13	all	same	same	identical		True
sub-10608	01	1.0	14	all	same	same	identical		True
sub-10608	01	1.0	15	all	same	same	identical		True
sub-10608	01	1.0	16	all	same	same	identical		True
sub-10608	01	1.0	17	all	same	same	identical		True
sub-10608	01	1.0	18	all	same	same	identical		True
sub-10608	01	1.0	19	all	same	same	identical		True
sub-10608	01	1.0	20	all	same	same	identical		True
sub-10608	01	1.0	21	all	same	same	identical		True
sub-10608	01	1.0	22	all	same	same	identical		True
sub-10608	01	1.0	23	all	same	same	identical		True
sub-10608	01	1.0	24	all	same	same	identical		True
sub-10608	01	1.0	25	all	same	same	identical		True
sub-10608	01	1.0	26	all	same	same	identical		True
sub-10608	01	1.0	27	all	same	same	identical		True
sub-10608	01	1.0	28	all	same	same	identical		True
sub-10608	01	1.0	29	all	same	same	identical		True
sub-10608	01	1.0	30	all	same	same	identical		True
sub-10608	01	1.0	31	all	same	same	identical		True
sub-10608	01	1.0	32	all	same	same	identical		True
sub-10608	01	1.0	33	all	same	same	identical		True
sub-10608	01	1.0	34	all	same	same	identical		True
sub-10608	01	1.0	35	all	same	same	identical		True
sub-10608	01	1.0	36	all	same	same	identical		True
sub-10608	01	1.0	37	all	same	same	identical		True
sub-10608	01	1.0	38	all	same	same	identical		True
sub-10608	01	1.0	39	all	same	same	identical		True
sub-10608	01	1.0	40	all	same	same	identical		True
sub-10608	01	1.0	41	all	same	same	identical		True
sub-10608	01	1.0	42	all	same	same	identical		True
sub-10617	01	1.0	1	all	same	same	identical		True
sub-10617	01	1.0	2	all	same	same	identical		True
sub-10617	01	1.0	3	all	same	same	identical		True
sub-10617	01	1.0	4	all	same	same	identical		True
sub-10617	01	1.0	5	all	same	same	identical		True
sub-10617	01	1.0	6	all	same	same	identical		True
sub-10617	01	1.0	7	all	same	same	identical		True
sub-10617	01	1.0	8	all	same	same	identical		True
sub-10617	01	1.0	9	all	same	same	identical		True
sub-10617	01	1.0	10	all	same	same	identical		True
sub-10617	01	1.0	11	all	same	same	identical		True
sub-10617	01	1.0	12	all	same	same	identical		True
sub-10617	01	1.0	13	all	same	same	identical		True
sub-10617	01	1.0	14	all	same	same	identical		True
sub-10617	01	1.0	15	all	same	same	identical		True
sub-10617	01	1.0	16	all	same	same	identical		True
sub-10617	01	1.0	17	all	same	same	identical		True
sub-10617	01	1.0	18	all	same	same	identical		True
sub-10617	01	1.0	19	all	same	same	identical		True
sub-10617	01	1.0	20	all	same	same	identical		True
sub-10617	01	1.0	21	all	same	same	identical		True
sub-10617	01	1.0	22	all	same	same	identical		True
sub-10617	01	1.0	23	all	same	same	identical		True
sub-10617	01	1.0	24	all	same	same	identical		True
sub-10617	01	1.0	25	all	same	same	identical		True
sub-10617	01	1.0	26	all	same	same	identical		True
sub-10617	01	1.0	27	all	same	same	identical		True
sub-10617	01	1.0	28	all	same	same	identical		True
sub-10617	01	1.0	29	all	same	same	identical		True
sub-10617	01	1.0	30	all	same	same	identical		True
sub-10617	01	1.0	31	all	same	same	identical		True
sub-10617	01	1.0	32	all	same	same	identical		True
sub-10617	01	1.0	33	all	same	same	identical		True
sub-10617	01	1.0	34	all	same	same	identical		True
sub-10617	01	1.0	35	all	same	same	identical		True
sub-10617	01	1.0	36	all	same	same	identical		True
sub-10617	01	1.0	37	all	same	same	identical		True
sub-10617	01	1.0	38	all	same	same	identical		True
sub-10617	01	1.0	39	all	same	same	identical		True
sub-10617	01	1.0	40	all	same	same	identical		True
sub-10617	01	1.0	41	all	same	same	identical		True
sub-10617	01	1.0	42	all	same	same	identical		True
sub-10636	01	1.0	1	all	same	same	identical		True
sub-10636	01	1.0	2	all	same	same	identical		True
sub-10636	01	1.0	3	all	same	same	identical		True
sub-10636	01	1.0	4	all	same	same	identical		True
sub-10636	01	1.0	5	all	same	same	identical		True
sub-10636	01	1.0	6	all	same	same	identical		True
sub-10636	01	1.0	7	all	same	same	identical		True
sub-10636	01	1.0	8	all	same	same	identical		True
sub-10636	01	1.0	9	all	same	same	identical		True
sub-10636	01	1.0	10	all	same	same	identical		True
sub-10636	01	1.0	11	all	same	same	identical		True
sub-10636	01	1.0	12	all	same	same	identical		True
sub-10636	01	1.0	13	all	same	same	identical		True
sub-10636	01	1.0	14	all	same	same	identical		True
sub-10636	01	1.0	15	all	same	same	identical		True
sub-10636	01	1.0	16	all	same	same	identical		True
sub-10636	01	1.0	17	all	same	same	identical		True
sub-10636	01	1.0	18	all	same	same	identical		True
sub-10636	01	1.0	19	all	same	same	identical		True
sub-10636	01	1.0	20	all	same	same	identical		True
sub-10636	01	1.0	21	all	same	same	identical		True
sub-10636	01	1.0	22	all	same	same	identical		True
sub-10636	01	1.0	23	all	same	same	identical		True
sub-10636	01	1.0	24	all	same	same	identical		True
sub-10636	01	1.0	25	all	same	same	identical		True
sub-10636	01	1.0	26	all	same	same	identical		True
sub-10636	01	1.0	27	all	same	same	identical		True
sub-10636	01	1.0	28	all	same	same	identical		True
sub-10636	01	1.0	29	all	same	same	identical		True
sub-10636	01	1.0	30	all	same	same	identical		True
sub-10636	01	1.0	31	all	same	same	identical		True
sub-10636	01	1.0	32	all	same	same	identical		True
sub-10636	01	1.0	33	all	same	same	identical		True
sub-10636	01	1.0	34	all	same	same	identical		True
sub-10636	01	1.0	35	all	same	same	identical		True
sub-10636	01	1.0	36	all	same	same	identical		True
sub-10636	01	1.0	37	all	same	same	identical		True
sub-10636	01	1.0	38	all	same	same	identical		True
sub-10636	01	1.0	39	all	same	same	identical		True
sub-10636	01	1.0	40	all	same	same	identical		True
sub-10636	01	1.0	41	all	same	same	identical		True
sub-10636	01	1.0	42	all	same	same	identical		True
sub-10636	01	2.0	1	all	same	same	identical		True
sub-10636	01	2.0	2	all	same	same	identical		True
sub-10636	01	2.0	3	all	same	same	identical		True
sub-10636	01	2.0	4	all	same	same	identical		True
sub-10636	01	2.0	5	all	same	same	identical		True
sub-10636	01	2.0	6	all	same	same	identical		True
sub-10636	01	2.0	7	all	same	same	identical		True
sub-10636	01	2.0	8	all	same	same	identical		True
sub-10636	01	2.0	9	all	same	same	identical		True
sub-10636	01	2.0	10	all	same	same	identical		True
sub-10636	01	2.0	11	all	same	same	identical		True
sub-10636	01	2.0	12	all	same	same	identical		True
sub-10636	01	2.0	13	all	same	same	identical		True
sub-10636	01	2.0	14	all	same	same	identical		True
sub-10636	01	2.0	15	all	same	same	identical		True
sub-10636	01	2.0	16	all	same	same	identical		True
sub-10636	01	2.0	17	all	same	same	identical		True
sub-10636	01	2.0	18	all	same	same	identical		True
sub-10636	01	2.0	19	all	same	same	identical		True
sub-10636	01	2.0	20	all	same	same	identical		True
sub-10636	01	2.0	21	all	same	same	identical		True
sub-10636	01	2.0	22	all	same	same	identical		True
sub-10636	01	2.0	23	all	same	same	identical		True
sub-10636	01	2.0	24	all	same	same	identical		True
sub-10636	01	2.0	25	all	same	same	identical		True
sub-10636	01	2.0	26	all	same	same	identical		True
sub-10636	01	2.0	27	all	same	same	identical		True
sub-10636	01	2.0	28	all	same	same	identical		True
sub-10636	01	2.0	29	all	same	same	identical		True
sub-10636	01	2.0	30	all	same	same	identical		True
sub-10636	01	2.0	31	all	same	same	identical		True
sub-10636	01	2.0	32	all	same	same	identical		True
sub-10636	01	2.0	33	all	same	same	identical		True
sub-10636	01	2.0	34	all	same	same	identical		True
sub-10636	01	2.0	35	all	same	same	identical		True
sub-10636	01	2.0	36	all	same	same	identical		True
sub-10636	01	2.0	37	all	same	same	identical		True
sub-10636	01	2.0	38	all	same	same	identical		True
sub-10636	01	2.0	39	all	same	same	identical		True
sub-10636	01	2.0	40	all	same	same	identical		True
sub-10636	01	2.0	41	all	same	same	identical		True
sub-10636	01	2.0	42	all	same	same	identical		True
sub-10638	01	1.0	1	all	same	same	identical		True
sub-10638	01	1.0	2	all	same	same	identical		True
sub-10638	01	1.0	3	all	same	same	identical		True
sub-10638	01	1.0	4	all	same	same	identical		True
sub-10638	01	1.0	5	all	same	same	identical		True
sub-10638	01	1.0	6	all	same	same	identical		True
sub-10638	01	1.0	7	all	same	same	identical		True
sub-10638	01	1.0	8	all	same	same	identical		True
sub-10638	01	1.0	9	all	same	same	identical		True
sub-10638	01	1.0	10	all	same	same	identical		True
sub-10638	01	1.0	11	all	same	same	identical		True
sub-10638	01	1.0	12	all	same	same	identical		True
sub-10638	01	1.0	13	all	same	same	identical		True
sub-10638	01	1.0	14	all	same	same	identical		True
sub-10638	01	1.0	15	all	same	same	identical		True
sub-10638	01	1.0	16	all	same	same	identical		True
sub-10638	01	1.0	17	all	same	same	identical		True
sub-10638	01	1.0	18	all	same	same	identical		True
sub-10638	01	1.0	19	all	same	same	identical		True
sub-10638	01	1.0	20	all	same	same	identical		True
sub-10638	01	1.0	21	all	same	same	identical		True
sub-10638	01	1.0	22	all	same	same	identical		True
sub-10638	01	1.0	23	all	same	same	identical		True
sub-10638	01	1.0	24	all	same	same	identical		True
sub-10638	01	1.0	25	all	same	same	identical		True
sub-10638	01	1.0	26	all	same	same	identical		True
sub-10638	01	1.0	27	all	same	same	identical		True
sub-10638	01	1.0	28	all	same	same	identical		True
sub-10638	01	1.0	29	all	same	same	identical		True
sub-10638	01	1.0	30	all	same	same	identical		True
sub-10638	01	1.0	31	all	same	same	identical		True
sub-10638	01	1.0	32	all	same	same	identical		True
sub-10638	01	1.0	33	all	same	same	identical		True
sub-10638	01	1.0	34	all	same	same	identical		True
sub-10638	01	1.0	35	all	same	same	identical		True
sub-10638	01	1.0	36	all	same	same	identical		True
sub-10638	01	1.0	37	all	same	same	identical		True
sub-10638	01	1.0	38	all	same	same	identical		True
sub-10638	01	1.0	39	all	same	same	identical		True
sub-10638	01	1.0	40	all	same	same	identical		True
sub-10638	01	1.0	41	all	same	same	identical		True
sub-10638	01	1.0	42	all	same	same	identical		True
sub-10638	01	2.0	1	all	same	same	identical		True
sub-10638	01	2.0	2	all	same	same	identical		True
sub-10638	01	2.0	3	all	same	same	identical		True
sub-10638	01	2.0	4	all	same	same	identical		True
sub-10638	01	2.0	5	all	same	same	identical		True
sub-10638	01	2.0	6	all	same	same	identical		True
sub-10638	01	2.0	7	all	same	same	identical		True
sub-10638	01	2.0	8	all	same	same	identical		True
sub-10638	01	2.0	9	all	same	same	identical		True
sub-10638	01	2.0	10	all	same	same	identical		True
sub-10638	01	2.0	11	all	same	same	identical		True
sub-10638	01	2.0	12	all	same	same	identical		True
sub-10638	01	2.0	13	all	same	same	identical		True
sub-10638	01	2.0	14	all	same	same	identical		True
sub-10638	01	2.0	15	all	same	same	identical		True
sub-10638	01	2.0	16	all	same	same	identical		True
sub-10638	01	2.0	17	all	same	same	identical		True
sub-10638	01	2.0	18	all	same	same	identical		True
sub-10638	01	2.0	19	all	same	same	identical		True
sub-10638	01	2.0	20	all	same	same	identical		True
sub-10638	01	2.0	21	all	same	same	identical		True
sub-10638	01	2.0	22	all	same	same	identical		True
sub-10638	01	2.0	23	all	same	same	identical		True
sub-10638	01	2.0	24	all	same	same	identical		True
sub-10638	01	2.0	25	all	same	same	identical		True
sub-10638	01	2.0	26	all	same	same	identical		True
sub-10638	01	2.0	27	all	same	same	identical		True
sub-10638	01	2.0	28	all	same	same	identical		True
sub-10638	01	2.0	29	all	same	same	identical		True
sub-10638	01	2.0	30	all	same	same	identical		True
sub-10638	01	2.0	31	all	same	same	identical		True
sub-10638	01	2.0	32	all	same	same	identical		True
sub-10638	01	2.0	33	all	same	same	identical		True
sub-10638	01	2.0	34	all	same	same	identical		True
sub-10638	01	2.0	35	all	same	same	identical		True
sub-10638	01	2.0	36	all	same	same	identical		True
sub-10638	01	2.0	37	all	same	same	identical		True
sub-10638	01	2.0	38	all	same	same	identical		True
sub-10638	01	2.0	39	all	same	same	identical		True
sub-10638	01	2.0	40	all	same	same	identical		True
sub-10638	01	2.0	41	all	same	same	identical		True
sub-10638	01	2.0	42	all	same	same	identical		True
sub-10640	01	1.0	1	all	same	same	identical		True
sub-10640	01	1.0	2	all	same	same	identical		True
sub-10640	01	1.0	3	all	same	same	identical		True
sub-10640	01	1.0	4	all	same	same	identical		True
sub-10640	01	1.0	5	all	same	same	identical		True
sub-10640	01	1.0	6	all	same	same	identical		True
sub-10640	01	1.0	7	all	same	same	identical		True
sub-10640	01	1.0	8	all	same	same	identical		True
sub-10640	01	1.0	9	all	same	same	identical		True
sub-10640	01	1.0	10	all	same	same	identical		True
sub-10640	01	1.0	11	all	same	same	identical		True
sub-10640	01	1.0	12	all	same	same	identical		True
sub-10640	01	1.0	13	all	same	same	identical		True
sub-10640	01	1.0	14	all	same	same	identical		True
sub-10640	01	1.0	15	all	same	same	identical		True
sub-10640	01	1.0	16	all	same	same	identical		True
sub-10640	01	1.0	17	all	same	same	identical		True
sub-10640	01	1.0	18	all	same	same	identical		True
sub-10640	01	1.0	19	all	same	same	identical		True
sub-10640	01	1.0	20	all	same	same	identical		True
sub-10640	01	1.0	21	all	same	same	identical		True
sub-10640	01	1.0	22	all	same	same	identical		True
sub-10640	01	1.0	23	all	same	same	identical		True
sub-10640	01	1.0	24	all	same	same	identical		True
sub-10640	01	1.0	25	all	same	same	identical		True
sub-10640	01	1.0	26	all	same	same	identical		True
sub-10640	01	1.0	27	all	same	same	identical		True
sub-10640	01	1.0	28	all	same	same	identical		True
sub-10640	01	1.0	29	all	same	same	identical		True
sub-10640	01	1.0	30	all	same	same	identical		True
sub-10640	01	1.0	31	all	same	same	identical		True
sub-10640	01	1.0	32	all	same	same	identical		True
sub-10640	01	1.0	33	all	same	same	identical		True
sub-10640	01	1.0	34	all	same	same	identical		True
sub-10640	01	1.0	35	all	same	same	identical		True
sub-10640	01	1.0	36	all	same	same	identical		True
sub-10640	01	1.0	37	all	same	same	identical		True
sub-10640	01	1.0	38	all	same	same	identical		True
sub-10640	01	1.0	39	all	same	same	identical		True
sub-10640	01	1.0	40	all	same	same	identical		True
sub-10640	01	1.0	41	all	same	same	identical		True
sub-10640	01	1.0	42	all	same	same	identical		True
sub-10640	01	2.0	1	all	same	same	identical		True
sub-10640	01	2.0	2	all	same	same	identical		True
sub-10640	01	2.0	3	all	same	same	identical		True
sub-10640	01	2.0	4	all	same	same	identical		True
sub-10640	01	2.0	5	all	same	same	identical		True
sub-10640	01	2.0	6	all	same	same	identical		True
sub-10640	01	2.0	7	all	same	same	identical		True
sub-10640	01	2.0	8	all	same	same	identical		True
sub-10640	01	2.0	9	all	same	same	identical		True
sub-10640	01	2.0	10	all	same	same	identical		True
sub-10640	01	2.0	11	all	same	same	identical		True
sub-10640	01	2.0	12	all	same	same	identical		True
sub-10640	01	2.0	13	all	same	same	identical		True
sub-10640	01	2.0	14	all	same	same	identical		True
sub-10640	01	2.0	15	all	same	same	identical		True
sub-10640	01	2.0	16	all	same	same	identical		True
sub-10640	01	2.0	17	all	same	same	identical		True
sub-10640	01	2.0	18	all	same	same	identical		True
sub-10640	01	2.0	19	all	same	same	identical		True
sub-10640	01	2.0	20	all	same	same	identical		True
sub-10640	01	2.0	21	all	same	same	identical		True
sub-10640	01	2.0	22	all	same	same	identical		True
sub-10640	01	2.0	23	all	same	same	identical		True
sub-10640	01	2.0	24	all	same	same	identical		True
sub-10640	01	2.0	25	all	same	same	identical		True
sub-10640	01	2.0	26	all	same	same	identical		True
sub-10640	01	2.0	27	all	same	same	identical		True
sub-10640	01	2.0	28	all	same	same	identical		True
sub-10640	01	2.0	29	all	same	same	identical		True
sub-10640	01	2.0	30	all	same	same	identical		True
sub-10640	01	2.0	31	all	same	same	identical		True
sub-10640	01	2.0	32	all	same	same	identical		True
sub-10640	01	2.0	33	all	same	same	identical		True
sub-10640	01	2.0	34	all	same	same	identical		True
sub-10640	01	2.0	35	all	same	same	identical		True
sub-10640	01	2.0	36	all	same	same	identical		True
sub-10640	01	2.0	37	all	same	same	identical		True
sub-10640	01	2.0	38	all	same	same	identical		True
sub-10640	01	2.0	39	all	same	same	identical		True
sub-10640	01	2.0	40	all	same	same	identical		True
sub-10640	01	2.0	41	all	same	same	identical		True
sub-10640	01	2.0	42	all	same	same	identical		True
sub-10641	01	1.0	1	all	same	same	identical		True
sub-10641	01	1.0	2	all	same	same	identical		True
sub-10641	01	1.0	3	all	same	same	identical		True
sub-10641	01	1.0	4	all	same	same	identical		True
sub-10641	01	1.0	5	all	same	same	identical		True
sub-10641	01	1.0	6	all	same	same	identical		True
sub-10641	01	1.0	7	all	same	same	identical		True
sub-10641	01	1.0	8	all	same	same	identical		True
sub-10641	01	1.0	9	all	same	same	identical		True
sub-10641	01	1.0	10	all	same	same	identical		True
sub-10641	01	1.0	11	all	same	same	identical		True
sub-10641	01	1.0	12	all	same	same	identical		True
sub-10641	01	1.0	13	all	same	same	identical		True
sub-10641	01	1.0	14	all	same	same	identical		True
sub-10641	01	1.0	15	all	same	same	identical		True
sub-10641	01	1.0	16	all	same	same	identical		True
sub-10641	01	1.0	17	all	same	same	identical		True
sub-10641	01	1.0	18	all	same	same	identical		True
sub-10641	01	1.0	19	all	same	same	identical		True
sub-10641	01	1.0	20	all	same	same	identical		True
sub-10641	01	1.0	21	all	same	same	identical		True
sub-10641	01	1.0	22	all	same	same	identical		True
sub-10641	01	1.0	23	all	same	same	identical		True
sub-10641	01	1.0	24	all	same	same	identical		True
sub-10641	01	1.0	25	all	same	same	identical		True
sub-10641	01	1.0	26	all	same	same	identical		True
sub-10641	01	1.0	27	all	same	same	identical		True
sub-10641	01	1.0	28	all	same	same	identical		True
sub-10641	01	1.0	29	all	same	same	identical		True
sub-10641	01	1.0	30	all	same	same	identical		True
sub-10641	01	1.0	31	all	same	same	identical		True
sub-10641	01	1.0	32	all	same	same	identical		True
sub-10641	01	1.0	33	all	same	same	identical		True
sub-10641	01	1.0	34	all	same	same	identical		True
sub-10641	01	1.0	35	all	same	same	identical		True
sub-10641	01	1.0	36	all	same	same	identical		True
sub-10641	01	1.0	37	all	same	same	identical		True
sub-10641	01	1.0	38	all	same	same	identical		True
sub-10641	01	1.0	39	all	same	same	identical		True
sub-10641	01	1.0	40	all	same	same	identical		True
sub-10641	01	1.0	41	all	same	same	identical		True
sub-10641	01	1.0	42	all	same	same	identical		True
sub-10642	01	1.0	1	all	same	same	identical		True
sub-10642	01	1.0	2	all	same	same	identical		True
sub-10642	01	1.0	3	all	same	same	identical		True
sub-10642	01	1.0	4	all	same	same	identical		True
sub-10642	01	1.0	5	all	same	same	identical		True
sub-10642	01	1.0	6	all	same	same	identical		True
sub-10642	01	1.0	7	all	same	same	identical		True
sub-10642	01	1.0	8	all	same	same	identical		True
sub-10642	01	1.0	9	all	same	same	identical		True
sub-10642	01	1.0	10	all	same	same	identical		True
sub-10642	01	1.0	11	all	same	same	identical		True
sub-10642	01	1.0	12	all	same	same	identical		True
sub-10642	01	1.0	13	all	same	same	identical		True
sub-10642	01	1.0	14	all	same	same	identical		True
sub-10642	01	1.0	15	all	same	same	identical		True
sub-10642	01	1.0	16	all	same	same	identical		True
sub-10642	01	1.0	17	all	same	same	identical		True
sub-10642	01	1.0	18	all	same	same	identical		True
sub-10642	01	1.0	19	all	same	same	identical		True
sub-10642	01	1.0	20	all	same	same	identical		True
sub-10642	01	1.0	21	all	same	same	identical		True
sub-10642	01	1.0	22	all	same	same	identical		True
sub-10642	01	1.0	23	all	same	same	identical		True
sub-10642	01	1.0	24	all	same	same	identical		True
sub-10642	01	1.0	25	all	same	same	identical		True
sub-10642	01	1.0	26	all	same	same	identical		True
sub-10642	01	1.0	27	all	same	same	identical		True
sub-10642	01	1.0	28	all	same	same	identical		True
sub-10642	01	1.0	29	all	same	same	identical		True
sub-10642	01	1.0	30	all	same	same	identical		True
sub-10642	01	1.0	31	all	same	same	identical		True
sub-10642	01	1.0	32	all	same	same	identical		True
sub-10642	01	1.0	33	all	same	same	identical		True
sub-10642	01	1.0	34	all	same	same	identical		True
sub-10642	01	1.0	35	all	same	same	identical		True
sub-10642	01	1.0	36	all	same	same	identical		True
sub-10642	01	1.0	37	all	same	same	identical		True
sub-10642	01	1.0	38	all	same	same	identical		True
sub-10642	01	1.0	39	all	same	same	identical		True
sub-10642	01	1.0	40	all	same	same	identical		True
sub-10642	01	1.0	41	all	same	same	identical		True
sub-10642	01	1.0	42	all	same	same	identical		True
sub-10642	01	2.0	1	all	same	same	identical		True
sub-10642	01	2.0	2	all	same	same	identical		True
sub-10642	01	2.0	3	all	same	same	identical		True
sub-10642	01	2.0	4	all	same	same	identical		True
sub-10642	01	2.0	5	all	same	same	identical		True
sub-10642	01	2.0	6	all	same	same	identical		True
sub-10642	01	2.0	7	all	same	same	identical		True
sub-10642	01	2.0	8	all	same	same	identical		True
sub-10642	01	2.0	9	all	same	same	identical		True
sub-10642	01	2.0	10	all	same	same	identical		True
sub-10642	01	2.0	11	all	same	same	identical		True
sub-10642	01	2.0	12	all	same	same	identical		True
sub-10642	01	2.0	13	all	same	same	identical		True
sub-10642	01	2.0	14	all	same	same	identical		True
sub-10642	01	2.0	15	all	same	same	identical		True
sub-10642	01	2.0	16	all	same	same	identical		True
sub-10642	01	2.0	17	all	same	same	identical		True
sub-10642	01	2.0	18	all	same	same	identical		True
sub-10642	01	2.0	19	all	same	same	identical		True
sub-10642	01	2.0	20	all	same	same	identical		True
sub-10642	01	2.0	21	all	same	same	identical		True
sub-10642	01	2.0	22	all	same	same	identical		True
sub-10642	01	2.0	23	all	same	same	identical		True
sub-10642	01	2.0	24	all	same	same	identical		True
sub-10642	01	2.0	25	all	same	same	identical		True
sub-10642	01	2.0	26	all	same	same	identical		True
sub-10642	01	2.0	27	all	same	same	identical		True
sub-10642	01	2.0	28	all	same	same	identical		True
sub-10642	01	2.0	29	all	same	same	identical		True
sub-10642	01	2.0	30	all	same	same	identical		True
sub-10642	01	2.0	31	all	same	same	identical		True
sub-10642	01	2.0	32	all	same	same	identical		True
sub-10642	01	2.0	33	all	same	same	identical		True
sub-10642	01	2.0	34	all	same	same	identical		True
sub-10642	01	2.0	35	all	same	same	identical		True
sub-10642	01	2.0	36	all	same	same	identical		True
sub-10642	01	2.0	37	all	same	same	identical		True
sub-10642	01	2.0	38	all	same	same	identical		True
sub-10642	01	2.0	39	all	same	same	identical		True
sub-10642	01	2.0	40	all	same	same	identical		True
sub-10642	01	2.0	41	all	same	same	identical		True
sub-10642	01	2.0	42	all	same	same	identical		True
sub-10644	01	1.0	1	all	same	same	identical		True
sub-10644	01	1.0	2	all	same	same	identical		True
sub-10644	01	1.0	3	all	same	same	identical		True
sub-10644	01	1.0	4	all	same	same	identical		True
sub-10644	01	1.0	5	all	same	same	identical		True
sub-10644	01	1.0	6	all	same	same	identical		True
sub-10644	01	1.0	7	all	same	same	identical		True
sub-10644	01	1.0	8	all	same	same	identical		True
sub-10644	01	1.0	9	all	same	same	identical		True
sub-10644	01	1.0	10	all	same	same	identical		True
sub-10644	01	1.0	11	all	same	same	identical		True
sub-10644	01	1.0	12	all	same	same	identical		True
sub-10644	01	1.0	13	all	same	same	identical		True
sub-10644	01	1.0	14	all	same	same	identical		True
sub-10644	01	1.0	15	all	same	same	identical		True
sub-10644	01	1.0	16	all	same	same	identical		True
sub-10644	01	1.0	17	all	same	same	identical		True
sub-10644	01	1.0	18	all	same	same	identical		True
sub-10644	01	1.0	19	all	same	same	identical		True
sub-10644	01	1.0	20	all	same	same	identical		True
sub-10644	01	1.0	21	all	same	same	identical		True
sub-10644	01	1.0	22	all	same	same	identical		True
sub-10644	01	1.0	23	all	same	same	identical		True
sub-10644	01	1.0	24	all	same	same	identical		True
sub-10644	01	1.0	25	all	same	same	identical		True
sub-10644	01	1.0	26	all	same	same	identical		True
sub-10644	01	1.0	27	all	same	same	identical		True
sub-10644	01	1.0	28	all	same	same	identical		True
sub-10644	01	1.0	29	all	same	same	identical		True
sub-10644	01	1.0	30	all	same	same	identical		True
sub-10644	01	1.0	31	all	same	same	identical		True
sub-10644	01	1.0	32	all	same	same	identical		True
sub-10644	01	1.0	33	all	same	same	identical		True
sub-10644	01	1.0	34	all	same	same	identical		True
sub-10644	01	1.0	35	all	same	same	identical		True
sub-10644	01	1.0	36	all	same	same	identical		True
sub-10644	01	1.0	37	all	same	same	identical		True
sub-10644	01	1.0	38	all	same	same	identical		True
sub-10644	01	1.0	39	all	same	same	identical		True
sub-10644	01	1.0	40	all	same	same	identical		True
sub-10644	01	1.0	41	all	same	same	identical		True
sub-10644	01	1.0	42	all	same	same	identical		True
sub-10644	01	2.0	1	all	same	same	identical		True
sub-10644	01	2.0	2	all	same	same	identical		True
sub-10644	01	2.0	3	all	same	same	identical		True
sub-10644	01	2.0	4	all	same	same	identical		True
sub-10644	01	2.0	5	all	same	same	identical		True
sub-10644	01	2.0	6	all	same	same	identical		True
sub-10644	01	2.0	7	all	same	same	identical		True
sub-10644	01	2.0	8	all	same	same	identical		True
sub-10644	01	2.0	9	all	same	same	identical		True
sub-10644	01	2.0	10	all	same	same	identical		True
sub-10644	01	2.0	11	all	same	same	identical		True
sub-10644	01	2.0	12	all	same	same	identical		True
sub-10644	01	2.0	13	all	same	same	identical		True
sub-10644	01	2.0	14	all	same	same	identical		True
sub-10644	01	2.0	15	all	same	same	identical		True
sub-10644	01	2.0	16	all	same	same	identical		True
sub-10644	01	2.0	17	all	same	same	identical		True
sub-10644	01	2.0	18	all	same	same	identical		True
sub-10644	01	2.0	19	all	same	same	identical		True
sub-10644	01	2.0	20	all	same	same	identical		True
sub-10644	01	2.0	21	all	same	same	identical		True
sub-10644	01	2.0	22	all	same	same	identical		True
sub-10644	01	2.0	23	all	same	same	identical		True
sub-10644	01	2.0	24	all	same	same	identical		True
sub-10644	01	2.0	25	all	same	same	identical		True
sub-10644	01	2.0	26	all	same	same	identical		True
sub-10644	01	2.0	27	all	same	same	identical		True
sub-10644	01	2.0	28	all	same	same	identical		True
sub-10644	01	2.0	29	all	same	same	identical		True
sub-10644	01	2.0	30	all	same	same	identical		True
sub-10644	01	2.0	31	all	same	same	identical		True
sub-10644	01	2.0	32	all	same	same	identical		True
sub-10644	01	2.0	33	all	same	same	identical		True
sub-10644	01	2.0	34	all	same	same	identical		True
sub-10644	01	2.0	35	all	same	same	identical		True
sub-10644	01	2.0	36	all	same	same	identical		True
sub-10644	01	2.0	37	all	same	same	identical		True
sub-10644	01	2.0	38	all	same	same	identical		True
sub-10644	01	2.0	39	all	same	same	identical		True
sub-10644	01	2.0	40	all	same	same	identical		True
sub-10644	01	2.0	41	all	same	same	identical		True
sub-10644	01	2.0	42	all	same	same	identical		True
sub-10647	01	1.0	1	all	same	same	identical		True
sub-10647	01	1.0	2	all	same	same	identical		True
sub-10647	01	1.0	3	all	same	same	identical		True
sub-10647	01	1.0	4	all	same	same	identical		True
sub-10647	01	1.0	5	all	same	same	identical		True
sub-10647	01	1.0	6	all	same	same	identical		True
sub-10647	01	1.0	7	all	same	same	identical		True
sub-10647	01	1.0	8	all	same	same	identical		True
sub-10647	01	1.0	9	all	same	same	identical		True
sub-10647	01	1.0	10	all	same	same	identical		True
sub-10647	01	1.0	11	all	same	same	identical		True
sub-10647	01	1.0	12	all	same	same	identical		True
sub-10647	01	1.0	13	all	same	same	identical		True
sub-10647	01	1.0	14	all	same	same	identical		True
sub-10647	01	1.0	15	all	same	same	identical		True
sub-10647	01	1.0	16	all	same	same	identical		True
sub-10647	01	1.0	17	all	same	same	identical		True
sub-10647	01	1.0	18	all	same	same	identical		True
sub-10647	01	1.0	19	all	same	same	identical		True
sub-10647	01	1.0	20	all	same	same	identical		True
sub-10647	01	1.0	21	all	same	same	identical		True
sub-10647	01	1.0	22	all	same	same	identical		True
sub-10647	01	1.0	23	all	same	same	identical		True
sub-10647	01	1.0	24	all	same	same	identical		True
sub-10647	01	1.0	25	all	same	same	identical		True
sub-10647	01	1.0	26	all	same	same	identical		True
sub-10647	01	1.0	27	all	same	same	identical		True
sub-10647	01	1.0	28	all	same	same	identical		True
sub-10647	01	1.0	29	all	same	same	identical		True
sub-10647	01	1.0	30	all	same	same	identical		True
sub-10647	01	1.0	31	all	same	same	identical		True
sub-10647	01	1.0	32	all	same	same	identical		True
sub-10647	01	1.0	33	all	same	same	identical		True
sub-10647	01	1.0	34	all	same	same	identical		True
sub-10647	01	1.0	35	all	same	same	identical		True
sub-10647	01	1.0	36	all	same	same	identical		True
sub-10647	01	1.0	37	all	same	same	identical		True
sub-10647	01	1.0	38	all	same	same	identical		True
sub-10647	01	1.0	39	all	same	same	identical		True
sub-10647	01	1.0	40	all	same	same	identical		True
sub-10647	01	1.0	41	all	same	same	identical		True
sub-10647	01	1.0	42	all	same	same	identical		True
sub-10647	01	2.0	1	all	same	same	identical		True
sub-10647	01	2.0	2	all	same	same	identical		True
sub-10647	01	2.0	3	all	same	same	identical		True
sub-10647	01	2.0	4	all	same	same	identical		True
sub-10647	01	2.0	5	all	same	same	identical		True
sub-10647	01	2.0	6	all	same	same	identical		True
sub-10647	01	2.0	7	all	same	same	identical		True
sub-10647	01	2.0	8	all	same	same	identical		True
sub-10647	01	2.0	9	all	same	same	identical		True
sub-10647	01	2.0	10	all	same	same	identical		True
sub-10647	01	2.0	11	all	same	same	identical		True
sub-10647	01	2.0	12	all	same	same	identical		True
sub-10647	01	2.0	13	all	same	same	identical		True
sub-10647	01	2.0	14	all	same	same	identical		True
sub-10647	01	2.0	15	all	same	same	identical		True
sub-10647	01	2.0	16	all	same	same	identical		True
sub-10647	01	2.0	17	all	same	same	identical		True
sub-10647	01	2.0	18	all	same	same	identical		True
sub-10647	01	2.0	19	all	same	same	identical		True
sub-10647	01	2.0	20	all	same	same	identical		True
sub-10647	01	2.0	21	all	same	same	identical		True
sub-10647	01	2.0	22	all	same	same	identical		True
sub-10647	01	2.0	23	all	same	same	identical		True
sub-10647	01	2.0	24	all	same	same	identical		True
sub-10647	01	2.0	25	all	same	same	identical		True
sub-10647	01	2.0	26	all	same	same	identical		True
sub-10647	01	2.0	27	all	same	same	identical		True
sub-10647	01	2.0	28	all	same	same	identical		True
sub-10647	01	2.0	29	all	same	same	identical		True
sub-10647	01	2.0	30	all	same	same	identical		True
sub-10647	01	2.0	31	all	same	same	identical		True
sub-10647	01	2.0	32	all	same	same	identical		True
sub-10647	01	2.0	33	all	same	same	identical		True
sub-10647	01	2.0	34	all	same	same	identical		True
sub-10647	01	2.0	35	all	same	same	identical		True
sub-10647	01	2.0	36	all	same	same	identical		True
sub-10647	01	2.0	37	all	same	same	identical		True
sub-10647	01	2.0	38	all	same	same	identical		True
sub-10647	01	2.0	39	all	same	same	identical		True
sub-10647	01	2.0	40	all	same	same	identical		True
sub-10647	01	2.0	41	all	same	same	identical		True
sub-10647	01	2.0	42	all	same	same	identical		True
sub-10649	01	1.0	1	all	same	same	identical		True
sub-10649	01	1.0	2	all	same	same	identical		True
sub-10649	01	1.0	3	all	same	same	identical		True
sub-10649	01	1.0	4	all	same	same	identical		True
sub-10649	01	1.0	5	all	same	same	identical		True
sub-10649	01	1.0	6	all	same	same	identical		True
sub-10649	01	1.0	7	all	same	same	identical		True
sub-10649	01	1.0	8	all	same	same	identical		True
sub-10649	01	1.0	9	all	same	same	identical		True
sub-10649	01	1.0	10	all	same	same	identical		True
sub-10649	01	1.0	11	all	same	same	identical		True
sub-10649	01	1.0	12	all	same	same	identical		True
sub-10649	01	1.0	13	all	same	same	identical		True
sub-10649	01	1.0	14	all	same	same	identical		True
sub-10649	01	1.0	15	all	same	same	identical		True
sub-10649	01	1.0	16	all	same	same	identical		True
sub-10649	01	1.0	17	all	same	same	identical		True
sub-10649	01	1.0	18	all	same	same	identical		True
sub-10649	01	1.0	19	all	same	same	identical		True
sub-10649	01	1.0	20	all	same	same	identical		True
sub-10649	01	1.0	21	all	same	same	identical		True
sub-10649	01	1.0	22	all	same	same	identical		True
sub-10649	01	1.0	23	all	same	same	identical		True
sub-10649	01	1.0	24	all	same	same	identical		True
sub-10649	01	1.0	25	all	same	same	identical		True
sub-10649	01	1.0	26	all	same	same	identical		True
sub-10649	01	1.0	27	all	same	same	identical		True
sub-10649	01	1.0	28	all	same	same	identical		True
sub-10649	01	1.0	29	all	same	same	identical		True
sub-10649	01	1.0	30	all	same	same	identical		True
sub-10649	01	1.0	31	all	same	same	identical		True
sub-10649	01	1.0	32	all	same	same	identical		True
sub-10649	01	1.0	33	all	same	same	identical		True
sub-10649	01	1.0	34	all	same	same	identical		True
sub-10649	01	1.0	35	all	same	same	identical		True
sub-10649	01	1.0	36	all	same	same	identical		True
sub-10649	01	1.0	37	all	same	same	identical		True
sub-10649	01	1.0	38	all	same	same	identical		True
sub-10649	01	1.0	39	all	same	same	identical		True
sub-10649	01	1.0	40	all	same	same	identical		True
sub-10649	01	1.0	41	all	same	same	identical		True
sub-10649	01	1.0	42	all	same	same	identical		True
sub-10649	01	2.0	1	all	same	same	identical		True
sub-10649	01	2.0	2	all	same	same	identical		True
sub-10649	01	2.0	3	all	same	same	identical		True
sub-10649	01	2.0	4	all	same	same	identical		True
sub-10649	01	2.0	5	all	same	same	identical		True
sub-10649	01	2.0	6	all	same	same	identical		True
sub-10649	01	2.0	7	all	same	same	identical		True
sub-10649	01	2.0	8	all	same	same	identical		True
sub-10649	01	2.0	9	all	same	same	identical		True
sub-10649	01	2.0	10	all	same	same	identical		True
sub-10649	01	2.0	11	all	same	same	identical		True
sub-10649	01	2.0	12	all	same	same	identical		True
sub-10649	01	2.0	13	all	same	same	identical		True
sub-10649	01	2.0	14	all	same	same	identical		True
sub-10649	01	2.0	15	all	same	same	identical		True
sub-10649	01	2.0	16	all	same	same	identical		True
sub-10649	01	2.0	17	all	same	same	identical		True
sub-10649	01	2.0	18	all	same	same	identical		True
sub-10649	01	2.0	19	all	same	same	identical		True
sub-10649	01	2.0	20	all	same	same	identical		True
sub-10649	01	2.0	21	all	same	same	identical		True
sub-10649	01	2.0	22	all	same	same	identical		True
sub-10649	01	2.0	23	all	same	same	identical		True
sub-10649	01	2.0	24	all	same	same	identical		True
sub-10649	01	2.0	25	all	same	same	identical		True
sub-10649	01	2.0	26	all	same	same	identical		True
sub-10649	01	2.0	27	all	same	same	identical		True
sub-10649	01	2.0	28	all	same	same	identical		True
sub-10649	01	2.0	29	all	same	same	identical		True
sub-10649	01	2.0	30	all	same	same	identical		True
sub-10649	01	2.0	31	all	same	same	identical		True
sub-10649	01	2.0	32	all	same	same	identical		True
sub-10649	01	2.0	33	all	same	same	identical		True
sub-10649	01	2.0	34	all	same	same	identical		True
sub-10649	01	2.0	35	all	same	same	identical		True
sub-10649	01	2.0	36	all	same	same	identical		True
sub-10649	01	2.0	37	all	same	same	identical		True
sub-10649	01	2.0	38	all	same	same	identical		True
sub-10649	01	2.0	39	all	same	same	identical		True
sub-10649	01	2.0	40	all	same	same	identical		True
sub-10649	01	2.0	41	all	same	same	identical		True
sub-10649	01	2.0	42	all	same	same	identical		True
sub-10652	01	1.0	1	all	same	same	identical		True
sub-10652	01	1.0	2	all	same	same	identical		True
sub-10652	01	1.0	3	all	same	same	identical		True
sub-10652	01	1.0	4	all	same	same	identical		True
sub-10652	01	1.0	5	all	same	same	identical		True
sub-10652	01	1.0	6	all	same	same	identical		True
sub-10652	01	1.0	7	all	same	same	identical		True
sub-10652	01	1.0	8	all	same	same	identical		True
sub-10652	01	1.0	9	all	same	same	identical		True
sub-10652	01	1.0	10	all	same	same	identical		True
sub-10652	01	1.0	11	all	same	same	identical		True
sub-10652	01	1.0	12	all	same	same	identical		True
sub-10652	01	1.0	13	all	same	same	identical		True
sub-10652	01	1.0	14	all	same	same	identical		True
sub-10652	01	1.0	15	all	same	same	identical		True
sub-10652	01	1.0	16	all	same	same	identical		True
sub-10652	01	1.0	17	all	same	same	identical		True
sub-10652	01	1.0	18	all	same	same	identical		True
sub-10652	01	1.0	19	all	same	same	identical		True
sub-10652	01	1.0	20	all	same	same	identical		True
sub-10652	01	1.0	21	all	same	same	identical		True
sub-10652	01	1.0	22	all	same	same	identical		True
sub-10652	01	1.0	23	all	same	same	identical		True
sub-10652	01	1.0	24	all	same	same	identical		True
sub-10652	01	1.0	25	all	same	same	identical		True
sub-10652	01	1.0	26	all	same	same	identical		True
sub-10652	01	1.0	27	all	same	same	identical		True
sub-10652	01	1.0	28	all	same	same	identical		True
sub-10652	01	1.0	29	all	same	same	identical		True
sub-10652	01	1.0	30	all	same	same	identical		True
sub-10652	01	1.0	31	all	same	same	identical		True
sub-10652	01	1.0	32	all	same	same	identical		True
sub-10652	01	1.0	33	all	same	same	identical		True
sub-10652	01	1.0	34	all	same	same	identical		True
sub-10652	01	1.0	35	all	same	same	identical		True
sub-10652	01	1.0	36	all	same	same	identical		True
sub-10652	01	1.0	37	all	same	same	identical		True
sub-10652	01	1.0	38	all	same	same	identical		True
sub-10652	01	1.0	39	all	same	same	identical		True
sub-10652	01	1.0	40	all	same	same	identical		True
sub-10652	01	1.0	41	all	same	same	identical		True
sub-10652	01	1.0	42	all	same	same	identical		True
sub-10652	01	2.0	1	all	same	same	identical		True
sub-10652	01	2.0	2	all	same	same	identical		True
sub-10652	01	2.0	3	all	same	same	identical		True
sub-10652	01	2.0	4	all	same	same	identical		True
sub-10652	01	2.0	5	all	same	same	identical		True
sub-10652	01	2.0	6	all	same	same	identical		True
sub-10652	01	2.0	7	all	same	same	identical		True
sub-10652	01	2.0	8	all	same	same	identical		True
sub-10652	01	2.0	9	all	same	same	identical		True
sub-10652	01	2.0	10	all	same	same	identical		True
sub-10652	01	2.0	11	all	same	same	identical		True
sub-10652	01	2.0	12	all	same	same	identical		True
sub-10652	01	2.0	13	all	same	same	identical		True
sub-10652	01	2.0	14	all	same	same	identical		True
sub-10652	01	2.0	15	all	same	same	identical		True
sub-10652	01	2.0	16	all	same	same	identical		True
sub-10652	01	2.0	17	all	same	same	identical		True
sub-10652	01	2.0	18	all	same	same	identical		True
sub-10652	01	2.0	19	all	same	same	identical		True
sub-10652	01	2.0	20	all	same	same	identical		True
sub-10652	01	2.0	21	all	same	same	identical		True
sub-10652	01	2.0	22	all	same	same	identical		True
sub-10652	01	2.0	23	all	same	same	identical		True
sub-10652	01	2.0	24	all	same	same	identical		True
sub-10652	01	2.0	25	all	same	same	identical		True
sub-10652	01	2.0	26	all	same	same	identical		True
sub-10652	01	2.0	27	all	same	same	identical		True
sub-10652	01	2.0	28	all	same	same	identical		True
sub-10652	01	2.0	29	all	same	same	identical		True
sub-10652	01	2.0	30	all	same	same	identical		True
sub-10652	01	2.0	31	all	same	same	identical		True
sub-10652	01	2.0	32	all	same	same	identical		True
sub-10652	01	2.0	33	all	same	same	identical		True
sub-10652	01	2.0	34	all	same	same	identical		True
sub-10652	01	2.0	35	all	same	same	identical		True
sub-10652	01	2.0	36	all	same	same	identical		True
sub-10652	01	2.0	37	all	same	same	identical		True
sub-10652	01	2.0	38	all	same	same	identical		True
sub-10652	01	2.0	39	all	same	same	identical		True
sub-10652	01	2.0	40	all	same	same	identical		True
sub-10652	01	2.0	41	all	same	same	identical		True
sub-10652	01	2.0	42	all	same	same	identical		True
sub-10656	01	1.0	1	all	same	same	identical		True
sub-10656	01	1.0	2	all	same	same	identical		True
sub-10656	01	1.0	3	all	same	same	identical		True
sub-10656	01	1.0	4	all	same	same	identical		True
sub-10656	01	1.0	5	all	same	same	identical		True
sub-10656	01	1.0	6	all	same	same	identical		True
sub-10656	01	1.0	7	all	same	same	identical		True
sub-10656	01	1.0	8	all	same	same	identical		True
sub-10656	01	1.0	9	all	same	same	identical		True
sub-10656	01	1.0	10	all	same	same	identical		True
sub-10656	01	1.0	11	all	same	same	identical		True
sub-10656	01	1.0	12	all	same	same	identical		True
sub-10656	01	1.0	13	all	same	same	identical		True
sub-10656	01	1.0	14	all	same	same	identical		True
sub-10656	01	1.0	15	all	same	same	identical		True
sub-10656	01	1.0	16	all	same	same	identical		True
sub-10656	01	1.0	17	all	same	same	identical		True
sub-10656	01	1.0	18	all	same	same	identical		True
sub-10656	01	1.0	19	all	same	same	identical		True
sub-10656	01	1.0	20	all	same	same	identical		True
sub-10656	01	1.0	21	all	same	same	identical		True
sub-10656	01	1.0	22	all	same	same	identical		True
sub-10656	01	1.0	23	all	same	same	identical		True
sub-10656	01	1.0	24	all	same	same	identical		True
sub-10656	01	1.0	25	all	same	same	identical		True
sub-10656	01	1.0	26	all	same	same	identical		True
sub-10656	01	1.0	27	all	same	same	identical		True
sub-10656	01	1.0	28	all	same	same	identical		True
sub-10656	01	1.0	29	all	same	same	identical		True
sub-10656	01	1.0	30	all	same	same	identical		True
sub-10656	01	1.0	31	all	same	same	identical		True
sub-10656	01	1.0	32	all	same	same	identical		True
sub-10656	01	1.0	33	all	same	same	identical		True
sub-10656	01	1.0	34	all	same	same	identical		True
sub-10656	01	1.0	35	all	same	same	identical		True
sub-10656	01	1.0	36	all	same	same	identical		True
sub-10656	01	1.0	37	all	same	same	identical		True
sub-10656	01	1.0	38	all	same	same	identical		True
sub-10656	01	1.0	39	all	same	same	identical		True
sub-10656	01	1.0	40	all	same	same	identical		True
sub-10656	01	1.0	41	all	same	same	identical		True
sub-10656	01	1.0	42	all	same	same	identical		True
sub-10656	01	2.0	1	all	same	same	identical		True
sub-10656	01	2.0	2	all	same	same	identical		True
sub-10656	01	2.0	3	all	same	same	identical		True
sub-10656	01	2.0	4	all	same	same	identical		True
sub-10656	01	2.0	5	all	same	same	identical		True
sub-10656	01	2.0	6	all	same	same	identical		True
sub-10656	01	2.0	7	all	same	same	identical		True
sub-10656	01	2.0	8	all	same	same	identical		True
sub-10656	01	2.0	9	all	same	same	identical		True
sub-10656	01	2.0	10	all	same	same	identical		True
sub-10656	01	2.0	11	all	same	same	identical		True
sub-10656	01	2.0	12	all	same	same	identical		True
sub-10656	01	2.0	13	all	same	same	identical		True
sub-10656	01	2.0	14	all	same	same	identical		True
sub-10656	01	2.0	15	all	same	same	identical		True
sub-10656	01	2.0	16	all	same	same	identical		True
sub-10656	01	2.0	17	all	same	same	identical		True
sub-10656	01	2.0	18	all	same	same	identical		True
sub-10656	01	2.0	19	all	same	same	identical		True
sub-10656	01	2.0	20	all	same	same	identical		True
sub-10656	01	2.0	21	all	same	same	identical		True
sub-10656	01	2.0	22	all	same	same	identical		True
sub-10656	01	2.0	23	all	same	same	identical		True
sub-10656	01	2.0	24	all	same	same	identical		True
sub-10656	01	2.0	25	all	same	same	identical		True
sub-10656	01	2.0	26	all	same	same	identical		True
sub-10656	01	2.0	27	all	same	same	identical		True
sub-10656	01	2.0	28	all	same	same	identical		True
sub-10656	01	2.0	29	all	same	same	identical		True
sub-10656	01	2.0	30	all	same	same	identical		True
sub-10656	01	2.0	31	all	same	same	identical		True
sub-10656	01	2.0	32	all	same	same	identical		True
sub-10656	01	2.0	33	all	same	same	identical		True
sub-10656	01	2.0	34	all	same	same	identical		True
sub-10656	01	2.0	35	all	same	same	identical		True
sub-10656	01	2.0	36	all	same	same	identical		True
sub-10656	01	2.0	37	all	same	same	identical		True
sub-10656	01	2.0	38	all	same	same	identical		True
sub-10656	01	2.0	39	all	same	same	identical		True
sub-10656	01	2.0	40	all	same	same	identical		True
sub-10656	01	2.0	41	all	same	same	identical		True
sub-10656	01	2.0	42	all	same	same	identical		True
sub-10657	01	1.0	1	all	same	same	identical		False
sub-10657	01	1.0	2	all	same	same	identical		False
sub-10657	01	1.0	3	all	same	same	identical		False
sub-10657	01	1.0	4	all	same	same	identical		False
sub-10657	01	1.0	5	all	same	same	identical		False
sub-10657	01	1.0	6	all	same	same	identical		False
sub-10657	01	1.0	7	all	same	same	identical		False
sub-10657	01	1.0	8	all	same	same	identical		False
sub-10657	01	1.0	9	all	same	same	identical		False
sub-10657	01	1.0	10	all	same	same	identical		False
sub-10657	01	1.0	11	all	same	same	identical		False
sub-10657	01	1.0	12	all	same	same	identical		False
sub-10657	01	1.0	13	all	same	same	identical		False
sub-10657	01	1.0	14	all	same	same	identical		False
sub-10657	01	1.0	15	all	same	same	identical		False
sub-10657	01	1.0	16	all	same	same	identical		False
sub-10657	01	1.0	17	all	same	same	identical		False
sub-10657	01	1.0	18	all	same	same	identical		False
sub-10657	01	1.0	19	all	same	same	identical		False
sub-10657	01	1.0	20	all	same	same	identical		False
sub-10657	01	1.0	21	all	same	same	identical		False
sub-10657	01	1.0	22	all	same	same	identical		False
sub-10657	01	1.0	23	all	same	same	identical		False
sub-10657	01	1.0	24	all	same	same	identical		False
sub-10657	01	1.0	25	all	same	same	identical		False
sub-10657	01	1.0	26	all	same	same	identical		False
sub-10657	01	1.0	27	all	same	same	identical		False
sub-10657	01	1.0	28	all	same	same	identical		False
sub-10657	01	1.0	29	all	same	same	identical		False
sub-10657	01	1.0	30	all	same	same	identical		False
sub-10657	01	1.0	31	all	same	same	identical		False
sub-10657	01	1.0	32	all	same	same	identical		False
sub-10657	01	1.0	33	all	same	same	identical		False
sub-10657	01	1.0	34	all	same	same	identical		False
sub-10657	01	1.0	35	all	same	same	identical		False
sub-10657	01	1.0	36	all	same	same	identical		False
sub-10657	01	1.0	37	all	same	same	identical		False
sub-10657	01	1.0	38	all	same	same	identical		False
sub-10657	01	1.0	39	all	same	same	identical		False
sub-10657	01	1.0	40	all	same	same	identical		False
sub-10657	01	1.0	41	all	same	same	identical		False
sub-10657	01	1.0	42	all	same	same	identical		False
sub-10657	01	1.1	1	row_presence	present	absent	new unexplained discrepancy		False
sub-10657	01	1.1	2	row_presence	present	absent	new unexplained discrepancy		False
sub-10657	01	1.1	3	row_presence	present	absent	new unexplained discrepancy		False
sub-10657	01	1.1	4	row_presence	present	absent	new unexplained discrepancy		False
sub-10657	01	1.1	5	row_presence	present	absent	new unexplained discrepancy		False
sub-10657	01	1.1	6	row_presence	present	absent	new unexplained discrepancy		False
sub-10657	01	1.1	7	row_presence	present	absent	new unexplained discrepancy		False
sub-10657	01	1.1	8	row_presence	present	absent	new unexplained discrepancy		False
sub-10657	01	1.1	9	row_presence	present	absent	new unexplained discrepancy		False
sub-10657	01	1.1	10	row_presence	present	absent	new unexplained discrepancy		False
sub-10657	01	1.1	11	row_presence	present	absent	new unexplained discrepancy		False
sub-10657	01	1.1	12	row_presence	present	absent	new unexplained discrepancy		False
sub-10657	01	1.1	13	row_presence	present	absent	new unexplained discrepancy		False
sub-10657	01	1.1	14	row_presence	present	absent	new unexplained discrepancy		False
sub-10657	01	1.1	15	row_presence	present	absent	new unexplained discrepancy		False
sub-10657	01	1.1	16	row_presence	present	absent	new unexplained discrepancy		False
sub-10657	01	1.1	17	row_presence	present	absent	new unexplained discrepancy		False
sub-10657	01	1.1	18	row_presence	present	absent	new unexplained discrepancy		False
sub-10657	01	1.1	19	row_presence	present	absent	new unexplained discrepancy		False
sub-10657	01	1.1	20	row_presence	present	absent	new unexplained discrepancy		False
sub-10657	01	1.1	21	row_presence	present	absent	new unexplained discrepancy		False
sub-10657	01	1.1	22	row_presence	present	absent	new unexplained discrepancy		False
sub-10657	01	1.1	23	row_presence	present	absent	new unexplained discrepancy		False
sub-10657	01	1.1	24	row_presence	present	absent	new unexplained discrepancy		False
sub-10657	01	1.1	25	row_presence	present	absent	new unexplained discrepancy		False
sub-10657	01	1.1	26	row_presence	present	absent	new unexplained discrepancy		False
sub-10657	01	1.1	27	row_presence	present	absent	new unexplained discrepancy		False
sub-10657	01	1.1	28	row_presence	present	absent	new unexplained discrepancy		False
sub-10657	01	1.1	29	row_presence	present	absent	new unexplained discrepancy		False
sub-10657	01	1.1	30	row_presence	present	absent	new unexplained discrepancy		False
sub-10657	01	1.1	31	row_presence	present	absent	new unexplained discrepancy		False
sub-10657	01	1.1	32	row_presence	present	absent	new unexplained discrepancy		False
sub-10657	01	1.1	33	row_presence	present	absent	new unexplained discrepancy		False
sub-10657	01	1.1	34	row_presence	present	absent	new unexplained discrepancy		False
sub-10657	01	1.1	35	row_presence	present	absent	new unexplained discrepancy		False
sub-10657	01	1.1	36	row_presence	present	absent	new unexplained discrepancy		False
sub-10657	01	1.1	37	row_presence	present	absent	new unexplained discrepancy		False
sub-10657	01	1.1	38	row_presence	present	absent	new unexplained discrepancy		False
sub-10657	01	1.1	39	row_presence	present	absent	new unexplained discrepancy		False
sub-10657	01	1.1	40	row_presence	present	absent	new unexplained discrepancy		False
sub-10657	01	1.1	41	row_presence	present	absent	new unexplained discrepancy		False
sub-10657	01	1.1	42	row_presence	present	absent	new unexplained discrepancy		False
sub-10657	01	2.0	1	row_presence	absent	present	expected public-data omission	historical public run absent from frozen decision table	False
sub-10657	01	2.0	2	row_presence	absent	present	expected public-data omission	historical public run absent from frozen decision table	False
sub-10657	01	2.0	3	row_presence	absent	present	expected public-data omission	historical public run absent from frozen decision table	False
sub-10657	01	2.0	4	row_presence	absent	present	expected public-data omission	historical public run absent from frozen decision table	False
sub-10657	01	2.0	5	row_presence	absent	present	expected public-data omission	historical public run absent from frozen decision table	False
sub-10657	01	2.0	6	row_presence	absent	present	expected public-data omission	historical public run absent from frozen decision table	False
sub-10657	01	2.0	7	row_presence	absent	present	expected public-data omission	historical public run absent from frozen decision table	False
sub-10657	01	2.0	8	row_presence	absent	present	expected public-data omission	historical public run absent from frozen decision table	False
sub-10657	01	2.0	9	row_presence	absent	present	expected public-data omission	historical public run absent from frozen decision table	False
sub-10657	01	2.0	10	row_presence	absent	present	expected public-data omission	historical public run absent from frozen decision table	False
sub-10657	01	2.0	11	row_presence	absent	present	expected public-data omission	historical public run absent from frozen decision table	False
sub-10657	01	2.0	12	row_presence	absent	present	expected public-data omission	historical public run absent from frozen decision table	False
sub-10657	01	2.0	13	row_presence	absent	present	expected public-data omission	historical public run absent from frozen decision table	False
sub-10657	01	2.0	14	row_presence	absent	present	expected public-data omission	historical public run absent from frozen decision table	False
sub-10657	01	2.0	15	row_presence	absent	present	expected public-data omission	historical public run absent from frozen decision table	False
sub-10657	01	2.0	16	row_presence	absent	present	expected public-data omission	historical public run absent from frozen decision table	False
sub-10657	01	2.0	17	row_presence	absent	present	expected public-data omission	historical public run absent from frozen decision table	False
sub-10657	01	2.0	18	row_presence	absent	present	expected public-data omission	historical public run absent from frozen decision table	False
sub-10657	01	2.0	19	row_presence	absent	present	expected public-data omission	historical public run absent from frozen decision table	False
sub-10657	01	2.0	20	row_presence	absent	present	expected public-data omission	historical public run absent from frozen decision table	False
sub-10657	01	2.0	21	row_presence	absent	present	expected public-data omission	historical public run absent from frozen decision table	False
sub-10657	01	2.0	22	row_presence	absent	present	expected public-data omission	historical public run absent from frozen decision table	False
sub-10657	01	2.0	23	row_presence	absent	present	expected public-data omission	historical public run absent from frozen decision table	False
sub-10657	01	2.0	24	row_presence	absent	present	expected public-data omission	historical public run absent from frozen decision table	False
sub-10657	01	2.0	25	row_presence	absent	present	expected public-data omission	historical public run absent from frozen decision table	False
sub-10657	01	2.0	26	row_presence	absent	present	expected public-data omission	historical public run absent from frozen decision table	False
sub-10657	01	2.0	27	row_presence	absent	present	expected public-data omission	historical public run absent from frozen decision table	False
sub-10657	01	2.0	28	row_presence	absent	present	expected public-data omission	historical public run absent from frozen decision table	False
sub-10657	01	2.0	29	row_presence	absent	present	expected public-data omission	historical public run absent from frozen decision table	False
sub-10657	01	2.0	30	row_presence	absent	present	expected public-data omission	historical public run absent from frozen decision table	False
sub-10657	01	2.0	31	row_presence	absent	present	expected public-data omission	historical public run absent from frozen decision table	False
sub-10657	01	2.0	32	row_presence	absent	present	expected public-data omission	historical public run absent from frozen decision table	False
sub-10657	01	2.0	33	row_presence	absent	present	expected public-data omission	historical public run absent from frozen decision table	False
sub-10657	01	2.0	34	row_presence	absent	present	expected public-data omission	historical public run absent from frozen decision table	False
sub-10657	01	2.0	35	row_presence	absent	present	expected public-data omission	historical public run absent from frozen decision table	False
sub-10657	01	2.0	36	row_presence	absent	present	expected public-data omission	historical public run absent from frozen decision table	False
sub-10657	01	2.0	37	row_presence	absent	present	expected public-data omission	historical public run absent from frozen decision table	False
sub-10657	01	2.0	38	row_presence	absent	present	expected public-data omission	historical public run absent from frozen decision table	False
sub-10657	01	2.0	39	row_presence	absent	present	expected public-data omission	historical public run absent from frozen decision table	False
sub-10657	01	2.0	40	row_presence	absent	present	expected public-data omission	historical public run absent from frozen decision table	False
sub-10657	01	2.0	41	row_presence	absent	present	expected public-data omission	historical public run absent from frozen decision table	False
sub-10657	01	2.0	42	row_presence	absent	present	expected public-data omission	historical public run absent from frozen decision table	False
sub-10661	01	1.0	1	all	same	same	identical		True
sub-10661	01	1.0	2	all	same	same	identical		True
sub-10661	01	1.0	3	all	same	same	identical		True
sub-10661	01	1.0	4	all	same	same	identical		True
sub-10661	01	1.0	5	all	same	same	identical		True
sub-10661	01	1.0	6	all	same	same	identical		True
sub-10661	01	1.0	7	all	same	same	identical		True
sub-10661	01	1.0	8	all	same	same	identical		True
sub-10661	01	1.0	9	all	same	same	identical		True
sub-10661	01	1.0	10	all	same	same	identical		True
sub-10661	01	1.0	11	all	same	same	identical		True
sub-10661	01	1.0	12	all	same	same	identical		True
sub-10661	01	1.0	13	all	same	same	identical		True
sub-10661	01	1.0	14	all	same	same	identical		True
sub-10661	01	1.0	15	all	same	same	identical		True
sub-10661	01	1.0	16	all	same	same	identical		True
sub-10661	01	1.0	17	all	same	same	identical		True
sub-10661	01	1.0	18	all	same	same	identical		True
sub-10661	01	1.0	19	all	same	same	identical		True
sub-10661	01	1.0	20	all	same	same	identical		True
sub-10661	01	1.0	21	all	same	same	identical		True
sub-10661	01	1.0	22	all	same	same	identical		True
sub-10661	01	1.0	23	all	same	same	identical		True
sub-10661	01	1.0	24	all	same	same	identical		True
sub-10661	01	1.0	25	all	same	same	identical		True
sub-10661	01	1.0	26	all	same	same	identical		True
sub-10661	01	1.0	27	all	same	same	identical		True
sub-10661	01	1.0	28	all	same	same	identical		True
sub-10661	01	1.0	29	all	same	same	identical		True
sub-10661	01	1.0	30	all	same	same	identical		True
sub-10661	01	1.0	31	all	same	same	identical		True
sub-10661	01	1.0	32	all	same	same	identical		True
sub-10661	01	1.0	33	all	same	same	identical		True
sub-10661	01	1.0	34	all	same	same	identical		True
sub-10661	01	1.0	35	all	same	same	identical		True
sub-10661	01	1.0	36	all	same	same	identical		True
sub-10661	01	1.0	37	all	same	same	identical		True
sub-10661	01	1.0	38	all	same	same	identical		True
sub-10661	01	1.0	39	all	same	same	identical		True
sub-10661	01	1.0	40	all	same	same	identical		True
sub-10661	01	1.0	41	all	same	same	identical		True
sub-10661	01	1.0	42	all	same	same	identical		True
sub-10661	01	2.0	1	all	same	same	identical		True
sub-10661	01	2.0	2	all	same	same	identical		True
sub-10661	01	2.0	3	all	same	same	identical		True
sub-10661	01	2.0	4	all	same	same	identical		True
sub-10661	01	2.0	5	all	same	same	identical		True
sub-10661	01	2.0	6	all	same	same	identical		True
sub-10661	01	2.0	7	all	same	same	identical		True
sub-10661	01	2.0	8	all	same	same	identical		True
sub-10661	01	2.0	9	all	same	same	identical		True
sub-10661	01	2.0	10	all	same	same	identical		True
sub-10661	01	2.0	11	all	same	same	identical		True
sub-10661	01	2.0	12	all	same	same	identical		True
sub-10661	01	2.0	13	all	same	same	identical		True
sub-10661	01	2.0	14	all	same	same	identical		True
sub-10661	01	2.0	15	all	same	same	identical		True
sub-10661	01	2.0	16	all	same	same	identical		True
sub-10661	01	2.0	17	all	same	same	identical		True
sub-10661	01	2.0	18	all	same	same	identical		True
sub-10661	01	2.0	19	all	same	same	identical		True
sub-10661	01	2.0	20	all	same	same	identical		True
sub-10661	01	2.0	21	all	same	same	identical		True
sub-10661	01	2.0	22	all	same	same	identical		True
sub-10661	01	2.0	23	all	same	same	identical		True
sub-10661	01	2.0	24	all	same	same	identical		True
sub-10661	01	2.0	25	all	same	same	identical		True
sub-10661	01	2.0	26	all	same	same	identical		True
sub-10661	01	2.0	27	all	same	same	identical		True
sub-10661	01	2.0	28	all	same	same	identical		True
sub-10661	01	2.0	29	all	same	same	identical		True
sub-10661	01	2.0	30	all	same	same	identical		True
sub-10661	01	2.0	31	all	same	same	identical		True
sub-10661	01	2.0	32	all	same	same	identical		True
sub-10661	01	2.0	33	all	same	same	identical		True
sub-10661	01	2.0	34	all	same	same	identical		True
sub-10661	01	2.0	35	all	same	same	identical		True
sub-10661	01	2.0	36	all	same	same	identical		True
sub-10661	01	2.0	37	all	same	same	identical		True
sub-10661	01	2.0	38	all	same	same	identical		True
sub-10661	01	2.0	39	all	same	same	identical		True
sub-10661	01	2.0	40	all	same	same	identical		True
sub-10661	01	2.0	41	all	same	same	identical		True
sub-10661	01	2.0	42	all	same	same	identical		True
sub-10663	01	1.0	1	all	same	same	identical		True
sub-10663	01	1.0	2	all	same	same	identical		True
sub-10663	01	1.0	3	all	same	same	identical		True
sub-10663	01	1.0	4	all	same	same	identical		True
sub-10663	01	1.0	5	all	same	same	identical		True
sub-10663	01	1.0	6	all	same	same	identical		True
sub-10663	01	1.0	7	all	same	same	identical		True
sub-10663	01	1.0	8	all	same	same	identical		True
sub-10663	01	1.0	9	all	same	same	identical		True
sub-10663	01	1.0	10	all	same	same	identical		True
sub-10663	01	1.0	11	all	same	same	identical		True
sub-10663	01	1.0	12	all	same	same	identical		True
sub-10663	01	1.0	13	all	same	same	identical		True
sub-10663	01	1.0	14	all	same	same	identical		True
sub-10663	01	1.0	15	all	same	same	identical		True
sub-10663	01	1.0	16	all	same	same	identical		True
sub-10663	01	1.0	17	all	same	same	identical		True
sub-10663	01	1.0	18	all	same	same	identical		True
sub-10663	01	1.0	19	all	same	same	identical		True
sub-10663	01	1.0	20	all	same	same	identical		True
sub-10663	01	1.0	21	all	same	same	identical		True
sub-10663	01	1.0	22	all	same	same	identical		True
sub-10663	01	1.0	23	all	same	same	identical		True
sub-10663	01	1.0	24	all	same	same	identical		True
sub-10663	01	1.0	25	all	same	same	identical		True
sub-10663	01	1.0	26	all	same	same	identical		True
sub-10663	01	1.0	27	all	same	same	identical		True
sub-10663	01	1.0	28	all	same	same	identical		True
sub-10663	01	1.0	29	all	same	same	identical		True
sub-10663	01	1.0	30	all	same	same	identical		True
sub-10663	01	1.0	31	all	same	same	identical		True
sub-10663	01	1.0	32	all	same	same	identical		True
sub-10663	01	1.0	33	all	same	same	identical		True
sub-10663	01	1.0	34	all	same	same	identical		True
sub-10663	01	1.0	35	all	same	same	identical		True
sub-10663	01	1.0	36	all	same	same	identical		True
sub-10663	01	1.0	37	all	same	same	identical		True
sub-10663	01	1.0	38	all	same	same	identical		True
sub-10663	01	1.0	39	all	same	same	identical		True
sub-10663	01	1.0	40	all	same	same	identical		True
sub-10663	01	1.0	41	all	same	same	identical		True
sub-10663	01	1.0	42	all	same	same	identical		True
sub-10663	01	2.0	1	all	same	same	identical		True
sub-10663	01	2.0	2	all	same	same	identical		True
sub-10663	01	2.0	3	all	same	same	identical		True
sub-10663	01	2.0	4	all	same	same	identical		True
sub-10663	01	2.0	5	all	same	same	identical		True
sub-10663	01	2.0	6	all	same	same	identical		True
sub-10663	01	2.0	7	all	same	same	identical		True
sub-10663	01	2.0	8	all	same	same	identical		True
sub-10663	01	2.0	9	all	same	same	identical		True
sub-10663	01	2.0	10	all	same	same	identical		True
sub-10663	01	2.0	11	all	same	same	identical		True
sub-10663	01	2.0	12	all	same	same	identical		True
sub-10663	01	2.0	13	all	same	same	identical		True
sub-10663	01	2.0	14	all	same	same	identical		True
sub-10663	01	2.0	15	all	same	same	identical		True
sub-10663	01	2.0	16	all	same	same	identical		True
sub-10663	01	2.0	17	all	same	same	identical		True
sub-10663	01	2.0	18	all	same	same	identical		True
sub-10663	01	2.0	19	all	same	same	identical		True
sub-10663	01	2.0	20	all	same	same	identical		True
sub-10663	01	2.0	21	all	same	same	identical		True
sub-10663	01	2.0	22	all	same	same	identical		True
sub-10663	01	2.0	23	all	same	same	identical		True
sub-10663	01	2.0	24	all	same	same	identical		True
sub-10663	01	2.0	25	all	same	same	identical		True
sub-10663	01	2.0	26	all	same	same	identical		True
sub-10663	01	2.0	27	all	same	same	identical		True
sub-10663	01	2.0	28	all	same	same	identical		True
sub-10663	01	2.0	29	all	same	same	identical		True
sub-10663	01	2.0	30	all	same	same	identical		True
sub-10663	01	2.0	31	all	same	same	identical		True
sub-10663	01	2.0	32	all	same	same	identical		True
sub-10663	01	2.0	33	all	same	same	identical		True
sub-10663	01	2.0	34	all	same	same	identical		True
sub-10663	01	2.0	35	all	same	same	identical		True
sub-10663	01	2.0	36	all	same	same	identical		True
sub-10663	01	2.0	37	all	same	same	identical		True
sub-10663	01	2.0	38	all	same	same	identical		True
sub-10663	01	2.0	39	all	same	same	identical		True
sub-10663	01	2.0	40	all	same	same	identical		True
sub-10663	01	2.0	41	all	same	same	identical		True
sub-10663	01	2.0	42	all	same	same	identical		True
sub-10668	01	1.0	1	all	same	same	identical		True
sub-10668	01	1.0	2	all	same	same	identical		True
sub-10668	01	1.0	3	all	same	same	identical		True
sub-10668	01	1.0	4	all	same	same	identical		True
sub-10668	01	1.0	5	all	same	same	identical		True
sub-10668	01	1.0	6	all	same	same	identical		True
sub-10668	01	1.0	7	all	same	same	identical		True
sub-10668	01	1.0	8	all	same	same	identical		True
sub-10668	01	1.0	9	all	same	same	identical		True
sub-10668	01	1.0	10	all	same	same	identical		True
sub-10668	01	1.0	11	all	same	same	identical		True
sub-10668	01	1.0	12	all	same	same	identical		True
sub-10668	01	1.0	13	all	same	same	identical		True
sub-10668	01	1.0	14	all	same	same	identical		True
sub-10668	01	1.0	15	all	same	same	identical		True
sub-10668	01	1.0	16	all	same	same	identical		True
sub-10668	01	1.0	17	all	same	same	identical		True
sub-10668	01	1.0	18	all	same	same	identical		True
sub-10668	01	1.0	19	all	same	same	identical		True
sub-10668	01	1.0	20	all	same	same	identical		True
sub-10668	01	1.0	21	all	same	same	identical		True
sub-10668	01	1.0	22	all	same	same	identical		True
sub-10668	01	1.0	23	all	same	same	identical		True
sub-10668	01	1.0	24	all	same	same	identical		True
sub-10668	01	1.0	25	all	same	same	identical		True
sub-10668	01	1.0	26	all	same	same	identical		True
sub-10668	01	1.0	27	all	same	same	identical		True
sub-10668	01	1.0	28	all	same	same	identical		True
sub-10668	01	1.0	29	all	same	same	identical		True
sub-10668	01	1.0	30	all	same	same	identical		True
sub-10668	01	1.0	31	all	same	same	identical		True
sub-10668	01	1.0	32	all	same	same	identical		True
sub-10668	01	1.0	33	all	same	same	identical		True
sub-10668	01	1.0	34	all	same	same	identical		True
sub-10668	01	1.0	35	all	same	same	identical		True
sub-10668	01	1.0	36	all	same	same	identical		True
sub-10668	01	1.0	37	all	same	same	identical		True
sub-10668	01	1.0	38	all	same	same	identical		True
sub-10668	01	1.0	39	all	same	same	identical		True
sub-10668	01	1.0	40	all	same	same	identical		True
sub-10668	01	1.0	41	all	same	same	identical		True
sub-10668	01	1.0	42	all	same	same	identical		True
sub-10673	01	1.0	1	all	same	same	identical		True
sub-10673	01	1.0	2	all	same	same	identical		True
sub-10673	01	1.0	3	all	same	same	identical		True
sub-10673	01	1.0	4	all	same	same	identical		True
sub-10673	01	1.0	5	all	same	same	identical		True
sub-10673	01	1.0	6	all	same	same	identical		True
sub-10673	01	1.0	7	all	same	same	identical		True
sub-10673	01	1.0	8	all	same	same	identical		True
sub-10673	01	1.0	9	all	same	same	identical		True
sub-10673	01	1.0	10	all	same	same	identical		True
sub-10673	01	1.0	11	all	same	same	identical		True
sub-10673	01	1.0	12	all	same	same	identical		True
sub-10673	01	1.0	13	all	same	same	identical		True
sub-10673	01	1.0	14	all	same	same	identical		True
sub-10673	01	1.0	15	all	same	same	identical		True
sub-10673	01	1.0	16	all	same	same	identical		True
sub-10673	01	1.0	17	all	same	same	identical		True
sub-10673	01	1.0	18	all	same	same	identical		True
sub-10673	01	1.0	19	all	same	same	identical		True
sub-10673	01	1.0	20	all	same	same	identical		True
sub-10673	01	1.0	21	all	same	same	identical		True
sub-10673	01	1.0	22	all	same	same	identical		True
sub-10673	01	1.0	23	all	same	same	identical		True
sub-10673	01	1.0	24	all	same	same	identical		True
sub-10673	01	1.0	25	all	same	same	identical		True
sub-10673	01	1.0	26	all	same	same	identical		True
sub-10673	01	1.0	27	all	same	same	identical		True
sub-10673	01	1.0	28	all	same	same	identical		True
sub-10673	01	1.0	29	all	same	same	identical		True
sub-10673	01	1.0	30	all	same	same	identical		True
sub-10673	01	1.0	31	all	same	same	identical		True
sub-10673	01	1.0	32	all	same	same	identical		True
sub-10673	01	1.0	33	all	same	same	identical		True
sub-10673	01	1.0	34	all	same	same	identical		True
sub-10673	01	1.0	35	all	same	same	identical		True
sub-10673	01	1.0	36	all	same	same	identical		True
sub-10673	01	1.0	37	all	same	same	identical		True
sub-10673	01	1.0	38	all	same	same	identical		True
sub-10673	01	1.0	39	all	same	same	identical		True
sub-10673	01	1.0	40	all	same	same	identical		True
sub-10673	01	1.0	41	all	same	same	identical		True
sub-10673	01	1.0	42	all	same	same	identical		True
sub-10673	01	2.0	1	all	same	same	identical		True
sub-10673	01	2.0	2	all	same	same	identical		True
sub-10673	01	2.0	3	all	same	same	identical		True
sub-10673	01	2.0	4	all	same	same	identical		True
sub-10673	01	2.0	5	all	same	same	identical		True
sub-10673	01	2.0	6	all	same	same	identical		True
sub-10673	01	2.0	7	all	same	same	identical		True
sub-10673	01	2.0	8	all	same	same	identical		True
sub-10673	01	2.0	9	all	same	same	identical		True
sub-10673	01	2.0	10	all	same	same	identical		True
sub-10673	01	2.0	11	all	same	same	identical		True
sub-10673	01	2.0	12	all	same	same	identical		True
sub-10673	01	2.0	13	all	same	same	identical		True
sub-10673	01	2.0	14	all	same	same	identical		True
sub-10673	01	2.0	15	all	same	same	identical		True
sub-10673	01	2.0	16	all	same	same	identical		True
sub-10673	01	2.0	17	all	same	same	identical		True
sub-10673	01	2.0	18	all	same	same	identical		True
sub-10673	01	2.0	19	all	same	same	identical		True
sub-10673	01	2.0	20	all	same	same	identical		True
sub-10673	01	2.0	21	all	same	same	identical		True
sub-10673	01	2.0	22	all	same	same	identical		True
sub-10673	01	2.0	23	all	same	same	identical		True
sub-10673	01	2.0	24	all	same	same	identical		True
sub-10673	01	2.0	25	all	same	same	identical		True
sub-10673	01	2.0	26	all	same	same	identical		True
sub-10673	01	2.0	27	all	same	same	identical		True
sub-10673	01	2.0	28	all	same	same	identical		True
sub-10673	01	2.0	29	all	same	same	identical		True
sub-10673	01	2.0	30	all	same	same	identical		True
sub-10673	01	2.0	31	all	same	same	identical		True
sub-10673	01	2.0	32	all	same	same	identical		True
sub-10673	01	2.0	33	all	same	same	identical		True
sub-10673	01	2.0	34	all	same	same	identical		True
sub-10673	01	2.0	35	all	same	same	identical		True
sub-10673	01	2.0	36	all	same	same	identical		True
sub-10673	01	2.0	37	all	same	same	identical		True
sub-10673	01	2.0	38	all	same	same	identical		True
sub-10673	01	2.0	39	all	same	same	identical		True
sub-10673	01	2.0	40	all	same	same	identical		True
sub-10673	01	2.0	41	all	same	same	identical		True
sub-10673	01	2.0	42	all	same	same	identical		True
sub-10674	01	1.0	1	all	same	same	identical		True
sub-10674	01	1.0	2	all	same	same	identical		True
sub-10674	01	1.0	3	all	same	same	identical		True
sub-10674	01	1.0	4	all	same	same	identical		True
sub-10674	01	1.0	5	all	same	same	identical		True
sub-10674	01	1.0	6	all	same	same	identical		True
sub-10674	01	1.0	7	all	same	same	identical		True
sub-10674	01	1.0	8	all	same	same	identical		True
sub-10674	01	1.0	9	all	same	same	identical		True
sub-10674	01	1.0	10	all	same	same	identical		True
sub-10674	01	1.0	11	all	same	same	identical		True
sub-10674	01	1.0	12	all	same	same	identical		True
sub-10674	01	1.0	13	all	same	same	identical		True
sub-10674	01	1.0	14	all	same	same	identical		True
sub-10674	01	1.0	15	all	same	same	identical		True
sub-10674	01	1.0	16	all	same	same	identical		True
sub-10674	01	1.0	17	all	same	same	identical		True
sub-10674	01	1.0	18	all	same	same	identical		True
sub-10674	01	1.0	19	all	same	same	identical		True
sub-10674	01	1.0	20	all	same	same	identical		True
sub-10674	01	1.0	21	all	same	same	identical		True
sub-10674	01	1.0	22	all	same	same	identical		True
sub-10674	01	1.0	23	all	same	same	identical		True
sub-10674	01	1.0	24	all	same	same	identical		True
sub-10674	01	1.0	25	all	same	same	identical		True
sub-10674	01	1.0	26	all	same	same	identical		True
sub-10674	01	1.0	27	all	same	same	identical		True
sub-10674	01	1.0	28	all	same	same	identical		True
sub-10674	01	1.0	29	all	same	same	identical		True
sub-10674	01	1.0	30	all	same	same	identical		True
sub-10674	01	1.0	31	all	same	same	identical		True
sub-10674	01	1.0	32	all	same	same	identical		True
sub-10674	01	1.0	33	all	same	same	identical		True
sub-10674	01	1.0	34	all	same	same	identical		True
sub-10674	01	1.0	35	all	same	same	identical		True
sub-10674	01	1.0	36	all	same	same	identical		True
sub-10674	01	1.0	37	all	same	same	identical		True
sub-10674	01	1.0	38	all	same	same	identical		True
sub-10674	01	1.0	39	all	same	same	identical		True
sub-10674	01	1.0	40	all	same	same	identical		True
sub-10674	01	1.0	41	all	same	same	identical		True
sub-10674	01	1.0	42	all	same	same	identical		True
sub-10674	01	2.0	1	all	same	same	identical		True
sub-10674	01	2.0	2	all	same	same	identical		True
sub-10674	01	2.0	3	all	same	same	identical		True
sub-10674	01	2.0	4	all	same	same	identical		True
sub-10674	01	2.0	5	all	same	same	identical		True
sub-10674	01	2.0	6	all	same	same	identical		True
sub-10674	01	2.0	7	all	same	same	identical		True
sub-10674	01	2.0	8	all	same	same	identical		True
sub-10674	01	2.0	9	all	same	same	identical		True
sub-10674	01	2.0	10	all	same	same	identical		True
sub-10674	01	2.0	11	all	same	same	identical		True
sub-10674	01	2.0	12	all	same	same	identical		True
sub-10674	01	2.0	13	all	same	same	identical		True
sub-10674	01	2.0	14	all	same	same	identical		True
sub-10674	01	2.0	15	all	same	same	identical		True
sub-10674	01	2.0	16	all	same	same	identical		True
sub-10674	01	2.0	17	all	same	same	identical		True
sub-10674	01	2.0	18	all	same	same	identical		True
sub-10674	01	2.0	19	all	same	same	identical		True
sub-10674	01	2.0	20	all	same	same	identical		True
sub-10674	01	2.0	21	all	same	same	identical		True
sub-10674	01	2.0	22	all	same	same	identical		True
sub-10674	01	2.0	23	all	same	same	identical		True
sub-10674	01	2.0	24	all	same	same	identical		True
sub-10674	01	2.0	25	all	same	same	identical		True
sub-10674	01	2.0	26	all	same	same	identical		True
sub-10674	01	2.0	27	all	same	same	identical		True
sub-10674	01	2.0	28	all	same	same	identical		True
sub-10674	01	2.0	29	all	same	same	identical		True
sub-10674	01	2.0	30	all	same	same	identical		True
sub-10674	01	2.0	31	all	same	same	identical		True
sub-10674	01	2.0	32	all	same	same	identical		True
sub-10674	01	2.0	33	all	same	same	identical		True
sub-10674	01	2.0	34	all	same	same	identical		True
sub-10674	01	2.0	35	all	same	same	identical		True
sub-10674	01	2.0	36	all	same	same	identical		True
sub-10674	01	2.0	37	all	same	same	identical		True
sub-10674	01	2.0	38	all	same	same	identical		True
sub-10674	01	2.0	39	all	same	same	identical		True
sub-10674	01	2.0	40	all	same	same	identical		True
sub-10674	01	2.0	41	all	same	same	identical		True
sub-10674	01	2.0	42	all	same	same	identical		True
sub-10677	01	1.0	1	all	same	same	identical		True
sub-10677	01	1.0	2	all	same	same	identical		True
sub-10677	01	1.0	3	all	same	same	identical		True
sub-10677	01	1.0	4	all	same	same	identical		True
sub-10677	01	1.0	5	all	same	same	identical		True
sub-10677	01	1.0	6	all	same	same	identical		True
sub-10677	01	1.0	7	all	same	same	identical		True
sub-10677	01	1.0	8	all	same	same	identical		True
sub-10677	01	1.0	9	all	same	same	identical		True
sub-10677	01	1.0	10	all	same	same	identical		True
sub-10677	01	1.0	11	all	same	same	identical		True
sub-10677	01	1.0	12	all	same	same	identical		True
sub-10677	01	1.0	13	all	same	same	identical		True
sub-10677	01	1.0	14	all	same	same	identical		True
sub-10677	01	1.0	15	all	same	same	identical		True
sub-10677	01	1.0	16	all	same	same	identical		True
sub-10677	01	1.0	17	all	same	same	identical		True
sub-10677	01	1.0	18	all	same	same	identical		True
sub-10677	01	1.0	19	all	same	same	identical		True
sub-10677	01	1.0	20	all	same	same	identical		True
sub-10677	01	1.0	21	all	same	same	identical		True
sub-10677	01	1.0	22	all	same	same	identical		True
sub-10677	01	1.0	23	all	same	same	identical		True
sub-10677	01	1.0	24	all	same	same	identical		True
sub-10677	01	1.0	25	all	same	same	identical		True
sub-10677	01	1.0	26	all	same	same	identical		True
sub-10677	01	1.0	27	all	same	same	identical		True
sub-10677	01	1.0	28	all	same	same	identical		True
sub-10677	01	1.0	29	all	same	same	identical		True
sub-10677	01	1.0	30	all	same	same	identical		True
sub-10677	01	1.0	31	all	same	same	identical		True
sub-10677	01	1.0	32	all	same	same	identical		True
sub-10677	01	1.0	33	all	same	same	identical		True
sub-10677	01	1.0	34	all	same	same	identical		True
sub-10677	01	1.0	35	all	same	same	identical		True
sub-10677	01	1.0	36	all	same	same	identical		True
sub-10677	01	1.0	37	all	same	same	identical		True
sub-10677	01	1.0	38	all	same	same	identical		True
sub-10677	01	1.0	39	all	same	same	identical		True
sub-10677	01	1.0	40	all	same	same	identical		True
sub-10677	01	1.0	41	all	same	same	identical		True
sub-10677	01	1.0	42	all	same	same	identical		True
sub-10677	01	2.0	1	all	same	same	identical		True
sub-10677	01	2.0	2	all	same	same	identical		True
sub-10677	01	2.0	3	all	same	same	identical		True
sub-10677	01	2.0	4	all	same	same	identical		True
sub-10677	01	2.0	5	all	same	same	identical		True
sub-10677	01	2.0	6	all	same	same	identical		True
sub-10677	01	2.0	7	all	same	same	identical		True
sub-10677	01	2.0	8	all	same	same	identical		True
sub-10677	01	2.0	9	all	same	same	identical		True
sub-10677	01	2.0	10	all	same	same	identical		True
sub-10677	01	2.0	11	all	same	same	identical		True
sub-10677	01	2.0	12	all	same	same	identical		True
sub-10677	01	2.0	13	all	same	same	identical		True
sub-10677	01	2.0	14	all	same	same	identical		True
sub-10677	01	2.0	15	all	same	same	identical		True
sub-10677	01	2.0	16	all	same	same	identical		True
sub-10677	01	2.0	17	all	same	same	identical		True
sub-10677	01	2.0	18	all	same	same	identical		True
sub-10677	01	2.0	19	all	same	same	identical		True
sub-10677	01	2.0	20	all	same	same	identical		True
sub-10677	01	2.0	21	all	same	same	identical		True
sub-10677	01	2.0	22	all	same	same	identical		True
sub-10677	01	2.0	23	all	same	same	identical		True
sub-10677	01	2.0	24	all	same	same	identical		True
sub-10677	01	2.0	25	all	same	same	identical		True
sub-10677	01	2.0	26	all	same	same	identical		True
sub-10677	01	2.0	27	all	same	same	identical		True
sub-10677	01	2.0	28	all	same	same	identical		True
sub-10677	01	2.0	29	all	same	same	identical		True
sub-10677	01	2.0	30	all	same	same	identical		True
sub-10677	01	2.0	31	all	same	same	identical		True
sub-10677	01	2.0	32	all	same	same	identical		True
sub-10677	01	2.0	33	all	same	same	identical		True
sub-10677	01	2.0	34	all	same	same	identical		True
sub-10677	01	2.0	35	all	same	same	identical		True
sub-10677	01	2.0	36	all	same	same	identical		True
sub-10677	01	2.0	37	all	same	same	identical		True
sub-10677	01	2.0	38	all	same	same	identical		True
sub-10677	01	2.0	39	all	same	same	identical		True
sub-10677	01	2.0	40	all	same	same	identical		True
sub-10677	01	2.0	41	all	same	same	identical		True
sub-10677	01	2.0	42	all	same	same	identical		True
sub-10685	01	1.0	1	all	same	same	identical		True
sub-10685	01	1.0	2	all	same	same	identical		True
sub-10685	01	1.0	3	all	same	same	identical		True
sub-10685	01	1.0	4	all	same	same	identical		True
sub-10685	01	1.0	5	all	same	same	identical		True
sub-10685	01	1.0	6	all	same	same	identical		True
sub-10685	01	1.0	7	all	same	same	identical		True
sub-10685	01	1.0	8	all	same	same	identical		True
sub-10685	01	1.0	9	all	same	same	identical		True
sub-10685	01	1.0	10	all	same	same	identical		True
sub-10685	01	1.0	11	all	same	same	identical		True
sub-10685	01	1.0	12	all	same	same	identical		True
sub-10685	01	1.0	13	all	same	same	identical		True
sub-10685	01	1.0	14	all	same	same	identical		True
sub-10685	01	1.0	15	all	same	same	identical		True
sub-10685	01	1.0	16	all	same	same	identical		True
sub-10685	01	1.0	17	all	same	same	identical		True
sub-10685	01	1.0	18	all	same	same	identical		True
sub-10685	01	1.0	19	all	same	same	identical		True
sub-10685	01	1.0	20	all	same	same	identical		True
sub-10685	01	1.0	21	all	same	same	identical		True
sub-10685	01	1.0	22	all	same	same	identical		True
sub-10685	01	1.0	23	all	same	same	identical		True
sub-10685	01	1.0	24	all	same	same	identical		True
sub-10685	01	1.0	25	all	same	same	identical		True
sub-10685	01	1.0	26	all	same	same	identical		True
sub-10685	01	1.0	27	all	same	same	identical		True
sub-10685	01	1.0	28	all	same	same	identical		True
sub-10685	01	1.0	29	all	same	same	identical		True
sub-10685	01	1.0	30	all	same	same	identical		True
sub-10685	01	1.0	31	all	same	same	identical		True
sub-10685	01	1.0	32	all	same	same	identical		True
sub-10685	01	1.0	33	all	same	same	identical		True
sub-10685	01	1.0	34	all	same	same	identical		True
sub-10685	01	1.0	35	all	same	same	identical		True
sub-10685	01	1.0	36	all	same	same	identical		True
sub-10685	01	1.0	37	all	same	same	identical		True
sub-10685	01	1.0	38	all	same	same	identical		True
sub-10685	01	1.0	39	all	same	same	identical		True
sub-10685	01	1.0	40	all	same	same	identical		True
sub-10685	01	1.0	41	all	same	same	identical		True
sub-10685	01	1.0	42	all	same	same	identical		True
sub-10685	01	2.0	1	all	same	same	identical		True
sub-10685	01	2.0	2	all	same	same	identical		True
sub-10685	01	2.0	3	all	same	same	identical		True
sub-10685	01	2.0	4	all	same	same	identical		True
sub-10685	01	2.0	5	all	same	same	identical		True
sub-10685	01	2.0	6	all	same	same	identical		True
sub-10685	01	2.0	7	all	same	same	identical		True
sub-10685	01	2.0	8	all	same	same	identical		True
sub-10685	01	2.0	9	all	same	same	identical		True
sub-10685	01	2.0	10	all	same	same	identical		True
sub-10685	01	2.0	11	all	same	same	identical		True
sub-10685	01	2.0	12	all	same	same	identical		True
sub-10685	01	2.0	13	all	same	same	identical		True
sub-10685	01	2.0	14	all	same	same	identical		True
sub-10685	01	2.0	15	all	same	same	identical		True
sub-10685	01	2.0	16	all	same	same	identical		True
sub-10685	01	2.0	17	all	same	same	identical		True
sub-10685	01	2.0	18	all	same	same	identical		True
sub-10685	01	2.0	19	all	same	same	identical		True
sub-10685	01	2.0	20	all	same	same	identical		True
sub-10685	01	2.0	21	all	same	same	identical		True
sub-10685	01	2.0	22	all	same	same	identical		True
sub-10685	01	2.0	23	all	same	same	identical		True
sub-10685	01	2.0	24	all	same	same	identical		True
sub-10685	01	2.0	25	all	same	same	identical		True
sub-10685	01	2.0	26	all	same	same	identical		True
sub-10685	01	2.0	27	all	same	same	identical		True
sub-10685	01	2.0	28	all	same	same	identical		True
sub-10685	01	2.0	29	all	same	same	identical		True
sub-10685	01	2.0	30	all	same	same	identical		True
sub-10685	01	2.0	31	all	same	same	identical		True
sub-10685	01	2.0	32	all	same	same	identical		True
sub-10685	01	2.0	33	all	same	same	identical		True
sub-10685	01	2.0	34	all	same	same	identical		True
sub-10685	01	2.0	35	all	same	same	identical		True
sub-10685	01	2.0	36	all	same	same	identical		True
sub-10685	01	2.0	37	all	same	same	identical		True
sub-10685	01	2.0	38	all	same	same	identical		True
sub-10685	01	2.0	39	all	same	same	identical		True
sub-10685	01	2.0	40	all	same	same	identical		True
sub-10685	01	2.0	41	all	same	same	identical		True
sub-10685	01	2.0	42	all	same	same	identical		True
sub-10690	01	1.0	1	all	same	same	identical		True
sub-10690	01	1.0	2	all	same	same	identical		True
sub-10690	01	1.0	3	all	same	same	identical		True
sub-10690	01	1.0	4	all	same	same	identical		True
sub-10690	01	1.0	5	all	same	same	identical		True
sub-10690	01	1.0	6	all	same	same	identical		True
sub-10690	01	1.0	7	all	same	same	identical		True
sub-10690	01	1.0	8	all	same	same	identical		True
sub-10690	01	1.0	9	all	same	same	identical		True
sub-10690	01	1.0	10	all	same	same	identical		True
sub-10690	01	1.0	11	all	same	same	identical		True
sub-10690	01	1.0	12	all	same	same	identical		True
sub-10690	01	1.0	13	all	same	same	identical		True
sub-10690	01	1.0	14	all	same	same	identical		True
sub-10690	01	1.0	15	all	same	same	identical		True
sub-10690	01	1.0	16	all	same	same	identical		True
sub-10690	01	1.0	17	all	same	same	identical		True
sub-10690	01	1.0	18	all	same	same	identical		True
sub-10690	01	1.0	19	all	same	same	identical		True
sub-10690	01	1.0	20	all	same	same	identical		True
sub-10690	01	1.0	21	all	same	same	identical		True
sub-10690	01	1.0	22	all	same	same	identical		True
sub-10690	01	1.0	23	all	same	same	identical		True
sub-10690	01	1.0	24	all	same	same	identical		True
sub-10690	01	1.0	25	all	same	same	identical		True
sub-10690	01	1.0	26	all	same	same	identical		True
sub-10690	01	1.0	27	all	same	same	identical		True
sub-10690	01	1.0	28	all	same	same	identical		True
sub-10690	01	1.0	29	all	same	same	identical		True
sub-10690	01	1.0	30	all	same	same	identical		True
sub-10690	01	1.0	31	all	same	same	identical		True
sub-10690	01	1.0	32	all	same	same	identical		True
sub-10690	01	1.0	33	all	same	same	identical		True
sub-10690	01	1.0	34	all	same	same	identical		True
sub-10690	01	1.0	35	all	same	same	identical		True
sub-10690	01	1.0	36	all	same	same	identical		True
sub-10690	01	1.0	37	all	same	same	identical		True
sub-10690	01	1.0	38	all	same	same	identical		True
sub-10690	01	1.0	39	all	same	same	identical		True
sub-10690	01	1.0	40	all	same	same	identical		True
sub-10690	01	1.0	41	all	same	same	identical		True
sub-10690	01	1.0	42	all	same	same	identical		True
sub-10691	01	1.0	1	all	same	same	identical		True
sub-10691	01	1.0	2	all	same	same	identical		True
sub-10691	01	1.0	3	all	same	same	identical		True
sub-10691	01	1.0	4	all	same	same	identical		True
sub-10691	01	1.0	5	all	same	same	identical		True
sub-10691	01	1.0	6	all	same	same	identical		True
sub-10691	01	1.0	7	all	same	same	identical		True
sub-10691	01	1.0	8	all	same	same	identical		True
sub-10691	01	1.0	9	all	same	same	identical		True
sub-10691	01	1.0	10	all	same	same	identical		True
sub-10691	01	1.0	11	all	same	same	identical		True
sub-10691	01	1.0	12	all	same	same	identical		True
sub-10691	01	1.0	13	all	same	same	identical		True
sub-10691	01	1.0	14	all	same	same	identical		True
sub-10691	01	1.0	15	all	same	same	identical		True
sub-10691	01	1.0	16	all	same	same	identical		True
sub-10691	01	1.0	17	all	same	same	identical		True
sub-10691	01	1.0	18	all	same	same	identical		True
sub-10691	01	1.0	19	all	same	same	identical		True
sub-10691	01	1.0	20	all	same	same	identical		True
sub-10691	01	1.0	21	all	same	same	identical		True
sub-10691	01	1.0	22	all	same	same	identical		True
sub-10691	01	1.0	23	all	same	same	identical		True
sub-10691	01	1.0	24	all	same	same	identical		True
sub-10691	01	1.0	25	all	same	same	identical		True
sub-10691	01	1.0	26	all	same	same	identical		True
sub-10691	01	1.0	27	all	same	same	identical		True
sub-10691	01	1.0	28	all	same	same	identical		True
sub-10691	01	1.0	29	all	same	same	identical		True
sub-10691	01	1.0	30	all	same	same	identical		True
sub-10691	01	1.0	31	all	same	same	identical		True
sub-10691	01	1.0	32	all	same	same	identical		True
sub-10691	01	1.0	33	all	same	same	identical		True
sub-10691	01	1.0	34	all	same	same	identical		True
sub-10691	01	1.0	35	all	same	same	identical		True
sub-10691	01	1.0	36	all	same	same	identical		True
sub-10691	01	1.0	37	all	same	same	identical		True
sub-10691	01	1.0	38	all	same	same	identical		True
sub-10691	01	1.0	39	all	same	same	identical		True
sub-10691	01	1.0	40	all	same	same	identical		True
sub-10691	01	1.0	41	all	same	same	identical		True
sub-10691	01	1.0	42	all	same	same	identical		True
sub-10691	01	2.0	1	all	same	same	identical		True
sub-10691	01	2.0	2	all	same	same	identical		True
sub-10691	01	2.0	3	all	same	same	identical		True
sub-10691	01	2.0	4	all	same	same	identical		True
sub-10691	01	2.0	5	all	same	same	identical		True
sub-10691	01	2.0	6	all	same	same	identical		True
sub-10691	01	2.0	7	all	same	same	identical		True
sub-10691	01	2.0	8	all	same	same	identical		True
sub-10691	01	2.0	9	all	same	same	identical		True
sub-10691	01	2.0	10	all	same	same	identical		True
sub-10691	01	2.0	11	all	same	same	identical		True
sub-10691	01	2.0	12	all	same	same	identical		True
sub-10691	01	2.0	13	all	same	same	identical		True
sub-10691	01	2.0	14	all	same	same	identical		True
sub-10691	01	2.0	15	all	same	same	identical		True
sub-10691	01	2.0	16	all	same	same	identical		True
sub-10691	01	2.0	17	all	same	same	identical		True
sub-10691	01	2.0	18	all	same	same	identical		True
sub-10691	01	2.0	19	all	same	same	identical		True
sub-10691	01	2.0	20	all	same	same	identical		True
sub-10691	01	2.0	21	all	same	same	identical		True
sub-10691	01	2.0	22	all	same	same	identical		True
sub-10691	01	2.0	23	all	same	same	identical		True
sub-10691	01	2.0	24	all	same	same	identical		True
sub-10691	01	2.0	25	all	same	same	identical		True
sub-10691	01	2.0	26	all	same	same	identical		True
sub-10691	01	2.0	27	all	same	same	identical		True
sub-10691	01	2.0	28	all	same	same	identical		True
sub-10691	01	2.0	29	all	same	same	identical		True
sub-10691	01	2.0	30	all	same	same	identical		True
sub-10691	01	2.0	31	all	same	same	identical		True
sub-10691	01	2.0	32	all	same	same	identical		True
sub-10691	01	2.0	33	all	same	same	identical		True
sub-10691	01	2.0	34	all	same	same	identical		True
sub-10691	01	2.0	35	all	same	same	identical		True
sub-10691	01	2.0	36	all	same	same	identical		True
sub-10691	01	2.0	37	all	same	same	identical		True
sub-10691	01	2.0	38	all	same	same	identical		True
sub-10691	01	2.0	39	all	same	same	identical		True
sub-10691	01	2.0	40	all	same	same	identical		True
sub-10691	01	2.0	41	all	same	same	identical		True
sub-10691	01	2.0	42	all	same	same	identical		True
sub-10700	01	1.0	1	all	same	same	identical		True
sub-10700	01	1.0	2	all	same	same	identical		True
sub-10700	01	1.0	3	all	same	same	identical		True
sub-10700	01	1.0	4	all	same	same	identical		True
sub-10700	01	1.0	5	all	same	same	identical		True
sub-10700	01	1.0	6	all	same	same	identical		True
sub-10700	01	1.0	7	all	same	same	identical		True
sub-10700	01	1.0	8	all	same	same	identical		True
sub-10700	01	1.0	9	all	same	same	identical		True
sub-10700	01	1.0	10	all	same	same	identical		True
sub-10700	01	1.0	11	all	same	same	identical		True
sub-10700	01	1.0	12	all	same	same	identical		True
sub-10700	01	1.0	13	all	same	same	identical		True
sub-10700	01	1.0	14	all	same	same	identical		True
sub-10700	01	1.0	15	all	same	same	identical		True
sub-10700	01	1.0	16	all	same	same	identical		True
sub-10700	01	1.0	17	all	same	same	identical		True
sub-10700	01	1.0	18	all	same	same	identical		True
sub-10700	01	1.0	19	all	same	same	identical		True
sub-10700	01	1.0	20	all	same	same	identical		True
sub-10700	01	1.0	21	all	same	same	identical		True
sub-10700	01	1.0	22	all	same	same	identical		True
sub-10700	01	1.0	23	all	same	same	identical		True
sub-10700	01	1.0	24	all	same	same	identical		True
sub-10700	01	1.0	25	all	same	same	identical		True
sub-10700	01	1.0	26	all	same	same	identical		True
sub-10700	01	1.0	27	all	same	same	identical		True
sub-10700	01	1.0	28	all	same	same	identical		True
sub-10700	01	1.0	29	all	same	same	identical		True
sub-10700	01	1.0	30	all	same	same	identical		True
sub-10700	01	1.0	31	all	same	same	identical		True
sub-10700	01	1.0	32	all	same	same	identical		True
sub-10700	01	1.0	33	all	same	same	identical		True
sub-10700	01	1.0	34	all	same	same	identical		True
sub-10700	01	1.0	35	all	same	same	identical		True
sub-10700	01	1.0	36	all	same	same	identical		True
sub-10700	01	1.0	37	all	same	same	identical		True
sub-10700	01	1.0	38	all	same	same	identical		True
sub-10700	01	1.0	39	all	same	same	identical		True
sub-10700	01	1.0	40	all	same	same	identical		True
sub-10700	01	1.0	41	all	same	same	identical		True
sub-10700	01	1.0	42	all	same	same	identical		True
sub-10700	01	2.0	1	all	same	same	identical		True
sub-10700	01	2.0	2	all	same	same	identical		True
sub-10700	01	2.0	3	all	same	same	identical		True
sub-10700	01	2.0	4	all	same	same	identical		True
sub-10700	01	2.0	5	all	same	same	identical		True
sub-10700	01	2.0	6	all	same	same	identical		True
sub-10700	01	2.0	7	all	same	same	identical		True
sub-10700	01	2.0	8	all	same	same	identical		True
sub-10700	01	2.0	9	all	same	same	identical		True
sub-10700	01	2.0	10	all	same	same	identical		True
sub-10700	01	2.0	11	all	same	same	identical		True
sub-10700	01	2.0	12	all	same	same	identical		True
sub-10700	01	2.0	13	all	same	same	identical		True
sub-10700	01	2.0	14	all	same	same	identical		True
sub-10700	01	2.0	15	all	same	same	identical		True
sub-10700	01	2.0	16	all	same	same	identical		True
sub-10700	01	2.0	17	all	same	same	identical		True
sub-10700	01	2.0	18	all	same	same	identical		True
sub-10700	01	2.0	19	all	same	same	identical		True
sub-10700	01	2.0	20	all	same	same	identical		True
sub-10700	01	2.0	21	all	same	same	identical		True
sub-10700	01	2.0	22	all	same	same	identical		True
sub-10700	01	2.0	23	all	same	same	identical		True
sub-10700	01	2.0	24	all	same	same	identical		True
sub-10700	01	2.0	25	all	same	same	identical		True
sub-10700	01	2.0	26	all	same	same	identical		True
sub-10700	01	2.0	27	all	same	same	identical		True
sub-10700	01	2.0	28	all	same	same	identical		True
sub-10700	01	2.0	29	all	same	same	identical		True
sub-10700	01	2.0	30	all	same	same	identical		True
sub-10700	01	2.0	31	all	same	same	identical		True
sub-10700	01	2.0	32	all	same	same	identical		True
sub-10700	01	2.0	33	all	same	same	identical		True
sub-10700	01	2.0	34	all	same	same	identical		True
sub-10700	01	2.0	35	all	same	same	identical		True
sub-10700	01	2.0	36	all	same	same	identical		True
sub-10700	01	2.0	37	all	same	same	identical		True
sub-10700	01	2.0	38	all	same	same	identical		True
sub-10700	01	2.0	39	all	same	same	identical		True
sub-10700	01	2.0	40	all	same	same	identical		True
sub-10700	01	2.0	41	all	same	same	identical		True
sub-10700	01	2.0	42	all	same	same	identical		True
sub-10701	01	1.0	1	all	same	same	identical		True
sub-10701	01	1.0	2	all	same	same	identical		True
sub-10701	01	1.0	3	all	same	same	identical		True
sub-10701	01	1.0	4	all	same	same	identical		True
sub-10701	01	1.0	5	all	same	same	identical		True
sub-10701	01	1.0	6	all	same	same	identical		True
sub-10701	01	1.0	7	all	same	same	identical		True
sub-10701	01	1.0	8	all	same	same	identical		True
sub-10701	01	1.0	9	all	same	same	identical		True
sub-10701	01	1.0	10	all	same	same	identical		True
sub-10701	01	1.0	11	all	same	same	identical		True
sub-10701	01	1.0	12	all	same	same	identical		True
sub-10701	01	1.0	13	all	same	same	identical		True
sub-10701	01	1.0	14	all	same	same	identical		True
sub-10701	01	1.0	15	all	same	same	identical		True
sub-10701	01	1.0	16	all	same	same	identical		True
sub-10701	01	1.0	17	all	same	same	identical		True
sub-10701	01	1.0	18	all	same	same	identical		True
sub-10701	01	1.0	19	all	same	same	identical		True
sub-10701	01	1.0	20	all	same	same	identical		True
sub-10701	01	1.0	21	all	same	same	identical		True
sub-10701	01	1.0	22	all	same	same	identical		True
sub-10701	01	1.0	23	all	same	same	identical		True
sub-10701	01	1.0	24	all	same	same	identical		True
sub-10701	01	1.0	25	all	same	same	identical		True
sub-10701	01	1.0	26	all	same	same	identical		True
sub-10701	01	1.0	27	all	same	same	identical		True
sub-10701	01	1.0	28	all	same	same	identical		True
sub-10701	01	1.0	29	all	same	same	identical		True
sub-10701	01	1.0	30	all	same	same	identical		True
sub-10701	01	1.0	31	all	same	same	identical		True
sub-10701	01	1.0	32	all	same	same	identical		True
sub-10701	01	1.0	33	all	same	same	identical		True
sub-10701	01	1.0	34	all	same	same	identical		True
sub-10701	01	1.0	35	all	same	same	identical		True
sub-10701	01	1.0	36	all	same	same	identical		True
sub-10701	01	1.0	37	all	same	same	identical		True
sub-10701	01	1.0	38	all	same	same	identical		True
sub-10701	01	1.0	39	all	same	same	identical		True
sub-10701	01	1.0	40	all	same	same	identical		True
sub-10701	01	1.0	41	all	same	same	identical		True
sub-10701	01	1.0	42	all	same	same	identical		True
sub-10701	01	2.0	1	all	same	same	identical		True
sub-10701	01	2.0	2	all	same	same	identical		True
sub-10701	01	2.0	3	all	same	same	identical		True
sub-10701	01	2.0	4	all	same	same	identical		True
sub-10701	01	2.0	5	all	same	same	identical		True
sub-10701	01	2.0	6	all	same	same	identical		True
sub-10701	01	2.0	7	all	same	same	identical		True
sub-10701	01	2.0	8	all	same	same	identical		True
sub-10701	01	2.0	9	all	same	same	identical		True
sub-10701	01	2.0	10	all	same	same	identical		True
sub-10701	01	2.0	11	all	same	same	identical		True
sub-10701	01	2.0	12	all	same	same	identical		True
sub-10701	01	2.0	13	all	same	same	identical		True
sub-10701	01	2.0	14	all	same	same	identical		True
sub-10701	01	2.0	15	all	same	same	identical		True
sub-10701	01	2.0	16	all	same	same	identical		True
sub-10701	01	2.0	17	all	same	same	identical		True
sub-10701	01	2.0	18	all	same	same	identical		True
sub-10701	01	2.0	19	all	same	same	identical		True
sub-10701	01	2.0	20	all	same	same	identical		True
sub-10701	01	2.0	21	all	same	same	identical		True
sub-10701	01	2.0	22	all	same	same	identical		True
sub-10701	01	2.0	23	all	same	same	identical		True
sub-10701	01	2.0	24	all	same	same	identical		True
sub-10701	01	2.0	25	all	same	same	identical		True
sub-10701	01	2.0	26	all	same	same	identical		True
sub-10701	01	2.0	27	all	same	same	identical		True
sub-10701	01	2.0	28	all	same	same	identical		True
sub-10701	01	2.0	29	all	same	same	identical		True
sub-10701	01	2.0	30	all	same	same	identical		True
sub-10701	01	2.0	31	all	same	same	identical		True
sub-10701	01	2.0	32	all	same	same	identical		True
sub-10701	01	2.0	33	all	same	same	identical		True
sub-10701	01	2.0	34	all	same	same	identical		True
sub-10701	01	2.0	35	all	same	same	identical		True
sub-10701	01	2.0	36	all	same	same	identical		True
sub-10701	01	2.0	37	all	same	same	identical		True
sub-10701	01	2.0	38	all	same	same	identical		True
sub-10701	01	2.0	39	all	same	same	identical		True
sub-10701	01	2.0	40	all	same	same	identical		True
sub-10701	01	2.0	41	all	same	same	identical		True
sub-10701	01	2.0	42	all	same	same	identical		True
sub-10713	01	1.0	1	all	same	same	identical		True
sub-10713	01	1.0	2	all	same	same	identical		True
sub-10713	01	1.0	3	all	same	same	identical		True
sub-10713	01	1.0	4	all	same	same	identical		True
sub-10713	01	1.0	5	all	same	same	identical		True
sub-10713	01	1.0	6	all	same	same	identical		True
sub-10713	01	1.0	7	all	same	same	identical		True
sub-10713	01	1.0	8	all	same	same	identical		True
sub-10713	01	1.0	9	all	same	same	identical		True
sub-10713	01	1.0	10	all	same	same	identical		True
sub-10713	01	1.0	11	all	same	same	identical		True
sub-10713	01	1.0	12	all	same	same	identical		True
sub-10713	01	1.0	13	all	same	same	identical		True
sub-10713	01	1.0	14	all	same	same	identical		True
sub-10713	01	1.0	15	all	same	same	identical		True
sub-10713	01	1.0	16	all	same	same	identical		True
sub-10713	01	1.0	17	all	same	same	identical		True
sub-10713	01	1.0	18	all	same	same	identical		True
sub-10713	01	1.0	19	all	same	same	identical		True
sub-10713	01	1.0	20	all	same	same	identical		True
sub-10713	01	1.0	21	all	same	same	identical		True
sub-10713	01	1.0	22	all	same	same	identical		True
sub-10713	01	1.0	23	all	same	same	identical		True
sub-10713	01	1.0	24	all	same	same	identical		True
sub-10713	01	1.0	25	all	same	same	identical		True
sub-10713	01	1.0	26	all	same	same	identical		True
sub-10713	01	1.0	27	all	same	same	identical		True
sub-10713	01	1.0	28	all	same	same	identical		True
sub-10713	01	1.0	29	all	same	same	identical		True
sub-10713	01	1.0	30	all	same	same	identical		True
sub-10713	01	1.0	31	all	same	same	identical		True
sub-10713	01	1.0	32	all	same	same	identical		True
sub-10713	01	1.0	33	all	same	same	identical		True
sub-10713	01	1.0	34	all	same	same	identical		True
sub-10713	01	1.0	35	all	same	same	identical		True
sub-10713	01	1.0	36	all	same	same	identical		True
sub-10713	01	1.0	37	all	same	same	identical		True
sub-10713	01	1.0	38	all	same	same	identical		True
sub-10713	01	1.0	39	all	same	same	identical		True
sub-10713	01	1.0	40	all	same	same	identical		True
sub-10713	01	1.0	41	all	same	same	identical		True
sub-10713	01	1.0	42	all	same	same	identical		True
sub-10713	01	2.0	1	all	same	same	identical		True
sub-10713	01	2.0	2	all	same	same	identical		True
sub-10713	01	2.0	3	all	same	same	identical		True
sub-10713	01	2.0	4	all	same	same	identical		True
sub-10713	01	2.0	5	all	same	same	identical		True
sub-10713	01	2.0	6	all	same	same	identical		True
sub-10713	01	2.0	7	all	same	same	identical		True
sub-10713	01	2.0	8	all	same	same	identical		True
sub-10713	01	2.0	9	all	same	same	identical		True
sub-10713	01	2.0	10	all	same	same	identical		True
sub-10713	01	2.0	11	all	same	same	identical		True
sub-10713	01	2.0	12	all	same	same	identical		True
sub-10713	01	2.0	13	all	same	same	identical		True
sub-10713	01	2.0	14	all	same	same	identical		True
sub-10713	01	2.0	15	all	same	same	identical		True
sub-10713	01	2.0	16	all	same	same	identical		True
sub-10713	01	2.0	17	all	same	same	identical		True
sub-10713	01	2.0	18	all	same	same	identical		True
sub-10713	01	2.0	19	all	same	same	identical		True
sub-10713	01	2.0	20	all	same	same	identical		True
sub-10713	01	2.0	21	all	same	same	identical		True
sub-10713	01	2.0	22	all	same	same	identical		True
sub-10713	01	2.0	23	all	same	same	identical		True
sub-10713	01	2.0	24	all	same	same	identical		True
sub-10713	01	2.0	25	all	same	same	identical		True
sub-10713	01	2.0	26	all	same	same	identical		True
sub-10713	01	2.0	27	all	same	same	identical		True
sub-10713	01	2.0	28	all	same	same	identical		True
sub-10713	01	2.0	29	all	same	same	identical		True
sub-10713	01	2.0	30	all	same	same	identical		True
sub-10713	01	2.0	31	all	same	same	identical		True
sub-10713	01	2.0	32	all	same	same	identical		True
sub-10713	01	2.0	33	all	same	same	identical		True
sub-10713	01	2.0	34	all	same	same	identical		True
sub-10713	01	2.0	35	all	same	same	identical		True
sub-10713	01	2.0	36	all	same	same	identical		True
sub-10713	01	2.0	37	all	same	same	identical		True
sub-10713	01	2.0	38	all	same	same	identical		True
sub-10713	01	2.0	39	all	same	same	identical		True
sub-10713	01	2.0	40	all	same	same	identical		True
sub-10713	01	2.0	41	all	same	same	identical		True
sub-10713	01	2.0	42	all	same	same	identical		True
sub-10716	01	1.0	1	all	same	same	identical		True
sub-10716	01	1.0	2	all	same	same	identical		True
sub-10716	01	1.0	3	all	same	same	identical		True
sub-10716	01	1.0	4	all	same	same	identical		True
sub-10716	01	1.0	5	all	same	same	identical		True
sub-10716	01	1.0	6	all	same	same	identical		True
sub-10716	01	1.0	7	all	same	same	identical		True
sub-10716	01	1.0	8	all	same	same	identical		True
sub-10716	01	1.0	9	all	same	same	identical		True
sub-10716	01	1.0	10	all	same	same	identical		True
sub-10716	01	1.0	11	all	same	same	identical		True
sub-10716	01	1.0	12	all	same	same	identical		True
sub-10716	01	1.0	13	all	same	same	identical		True
sub-10716	01	1.0	14	all	same	same	identical		True
sub-10716	01	1.0	15	all	same	same	identical		True
sub-10716	01	1.0	16	all	same	same	identical		True
sub-10716	01	1.0	17	all	same	same	identical		True
sub-10716	01	1.0	18	all	same	same	identical		True
sub-10716	01	1.0	19	all	same	same	identical		True
sub-10716	01	1.0	20	all	same	same	identical		True
sub-10716	01	1.0	21	all	same	same	identical		True
sub-10716	01	1.0	22	all	same	same	identical		True
sub-10716	01	1.0	23	all	same	same	identical		True
sub-10716	01	1.0	24	all	same	same	identical		True
sub-10716	01	1.0	25	all	same	same	identical		True
sub-10716	01	1.0	26	all	same	same	identical		True
sub-10716	01	1.0	27	all	same	same	identical		True
sub-10716	01	1.0	28	all	same	same	identical		True
sub-10716	01	1.0	29	all	same	same	identical		True
sub-10716	01	1.0	30	all	same	same	identical		True
sub-10716	01	1.0	31	all	same	same	identical		True
sub-10716	01	1.0	32	all	same	same	identical		True
sub-10716	01	1.0	33	all	same	same	identical		True
sub-10716	01	1.0	34	all	same	same	identical		True
sub-10716	01	1.0	35	all	same	same	identical		True
sub-10716	01	1.0	36	all	same	same	identical		True
sub-10716	01	1.0	37	all	same	same	identical		True
sub-10716	01	1.0	38	all	same	same	identical		True
sub-10716	01	1.0	39	all	same	same	identical		True
sub-10716	01	1.0	40	all	same	same	identical		True
sub-10716	01	1.0	41	all	same	same	identical		True
sub-10716	01	1.0	42	all	same	same	identical		True
sub-10716	01	2.0	1	all	same	same	identical		True
sub-10716	01	2.0	2	all	same	same	identical		True
sub-10716	01	2.0	3	all	same	same	identical		True
sub-10716	01	2.0	4	all	same	same	identical		True
sub-10716	01	2.0	5	all	same	same	identical		True
sub-10716	01	2.0	6	all	same	same	identical		True
sub-10716	01	2.0	7	all	same	same	identical		True
sub-10716	01	2.0	8	all	same	same	identical		True
sub-10716	01	2.0	9	all	same	same	identical		True
sub-10716	01	2.0	10	all	same	same	identical		True
sub-10716	01	2.0	11	all	same	same	identical		True
sub-10716	01	2.0	12	all	same	same	identical		True
sub-10716	01	2.0	13	all	same	same	identical		True
sub-10716	01	2.0	14	all	same	same	identical		True
sub-10716	01	2.0	15	all	same	same	identical		True
sub-10716	01	2.0	16	all	same	same	identical		True
sub-10716	01	2.0	17	all	same	same	identical		True
sub-10716	01	2.0	18	all	same	same	identical		True
sub-10716	01	2.0	19	all	same	same	identical		True
sub-10716	01	2.0	20	all	same	same	identical		True
sub-10716	01	2.0	21	all	same	same	identical		True
sub-10716	01	2.0	22	all	same	same	identical		True
sub-10716	01	2.0	23	all	same	same	identical		True
sub-10716	01	2.0	24	all	same	same	identical		True
sub-10716	01	2.0	25	all	same	same	identical		True
sub-10716	01	2.0	26	all	same	same	identical		True
sub-10716	01	2.0	27	all	same	same	identical		True
sub-10716	01	2.0	28	all	same	same	identical		True
sub-10716	01	2.0	29	all	same	same	identical		True
sub-10716	01	2.0	30	all	same	same	identical		True
sub-10716	01	2.0	31	all	same	same	identical		True
sub-10716	01	2.0	32	all	same	same	identical		True
sub-10716	01	2.0	33	all	same	same	identical		True
sub-10716	01	2.0	34	all	same	same	identical		True
sub-10716	01	2.0	35	all	same	same	identical		True
sub-10716	01	2.0	36	all	same	same	identical		True
sub-10716	01	2.0	37	all	same	same	identical		True
sub-10716	01	2.0	38	all	same	same	identical		True
sub-10716	01	2.0	39	all	same	same	identical		True
sub-10716	01	2.0	40	all	same	same	identical		True
sub-10716	01	2.0	41	all	same	same	identical		True
sub-10716	01	2.0	42	all	same	same	identical		True
sub-10718	01	1.0	1	all	same	same	identical		True
sub-10718	01	1.0	2	all	same	same	identical		True
sub-10718	01	1.0	3	all	same	same	identical		True
sub-10718	01	1.0	4	all	same	same	identical		True
sub-10718	01	1.0	5	all	same	same	identical		True
sub-10718	01	1.0	6	all	same	same	identical		True
sub-10718	01	1.0	7	all	same	same	identical		True
sub-10718	01	1.0	8	all	same	same	identical		True
sub-10718	01	1.0	9	all	same	same	identical		True
sub-10718	01	1.0	10	all	same	same	identical		True
sub-10718	01	1.0	11	all	same	same	identical		True
sub-10718	01	1.0	12	all	same	same	identical		True
sub-10718	01	1.0	13	all	same	same	identical		True
sub-10718	01	1.0	14	all	same	same	identical		True
sub-10718	01	1.0	15	all	same	same	identical		True
sub-10718	01	1.0	16	all	same	same	identical		True
sub-10718	01	1.0	17	all	same	same	identical		True
sub-10718	01	1.0	18	all	same	same	identical		True
sub-10718	01	1.0	19	all	same	same	identical		True
sub-10718	01	1.0	20	all	same	same	identical		True
sub-10718	01	1.0	21	all	same	same	identical		True
sub-10718	01	1.0	22	all	same	same	identical		True
sub-10718	01	1.0	23	all	same	same	identical		True
sub-10718	01	1.0	24	all	same	same	identical		True
sub-10718	01	1.0	25	all	same	same	identical		True
sub-10718	01	1.0	26	all	same	same	identical		True
sub-10718	01	1.0	27	all	same	same	identical		True
sub-10718	01	1.0	28	all	same	same	identical		True
sub-10718	01	1.0	29	all	same	same	identical		True
sub-10718	01	1.0	30	all	same	same	identical		True
sub-10718	01	1.0	31	all	same	same	identical		True
sub-10718	01	1.0	32	all	same	same	identical		True
sub-10718	01	1.0	33	all	same	same	identical		True
sub-10718	01	1.0	34	all	same	same	identical		True
sub-10718	01	1.0	35	all	same	same	identical		True
sub-10718	01	1.0	36	all	same	same	identical		True
sub-10718	01	1.0	37	all	same	same	identical		True
sub-10718	01	1.0	38	all	same	same	identical		True
sub-10718	01	1.0	39	all	same	same	identical		True
sub-10718	01	1.0	40	all	same	same	identical		True
sub-10718	01	1.0	41	all	same	same	identical		True
sub-10718	01	1.0	42	all	same	same	identical		True
sub-10718	01	2.0	1	all	same	same	identical		True
sub-10718	01	2.0	2	all	same	same	identical		True
sub-10718	01	2.0	3	all	same	same	identical		True
sub-10718	01	2.0	4	all	same	same	identical		True
sub-10718	01	2.0	5	all	same	same	identical		True
sub-10718	01	2.0	6	all	same	same	identical		True
sub-10718	01	2.0	7	all	same	same	identical		True
sub-10718	01	2.0	8	all	same	same	identical		True
sub-10718	01	2.0	9	all	same	same	identical		True
sub-10718	01	2.0	10	all	same	same	identical		True
sub-10718	01	2.0	11	all	same	same	identical		True
sub-10718	01	2.0	12	all	same	same	identical		True
sub-10718	01	2.0	13	all	same	same	identical		True
sub-10718	01	2.0	14	all	same	same	identical		True
sub-10718	01	2.0	15	all	same	same	identical		True
sub-10718	01	2.0	16	all	same	same	identical		True
sub-10718	01	2.0	17	all	same	same	identical		True
sub-10718	01	2.0	18	all	same	same	identical		True
sub-10718	01	2.0	19	all	same	same	identical		True
sub-10718	01	2.0	20	all	same	same	identical		True
sub-10718	01	2.0	21	all	same	same	identical		True
sub-10718	01	2.0	22	all	same	same	identical		True
sub-10718	01	2.0	23	all	same	same	identical		True
sub-10718	01	2.0	24	all	same	same	identical		True
sub-10718	01	2.0	25	all	same	same	identical		True
sub-10718	01	2.0	26	all	same	same	identical		True
sub-10718	01	2.0	27	all	same	same	identical		True
sub-10718	01	2.0	28	all	same	same	identical		True
sub-10718	01	2.0	29	all	same	same	identical		True
sub-10718	01	2.0	30	all	same	same	identical		True
sub-10718	01	2.0	31	all	same	same	identical		True
sub-10718	01	2.0	32	all	same	same	identical		True
sub-10718	01	2.0	33	all	same	same	identical		True
sub-10718	01	2.0	34	all	same	same	identical		True
sub-10718	01	2.0	35	all	same	same	identical		True
sub-10718	01	2.0	36	all	same	same	identical		True
sub-10718	01	2.0	37	all	same	same	identical		True
sub-10718	01	2.0	38	all	same	same	identical		True
sub-10718	01	2.0	39	all	same	same	identical		True
sub-10718	01	2.0	40	all	same	same	identical		True
sub-10718	01	2.0	41	all	same	same	identical		True
sub-10718	01	2.0	42	all	same	same	identical		True
sub-10720	01	1.0	1	all	same	same	identical		True
sub-10720	01	1.0	2	all	same	same	identical		True
sub-10720	01	1.0	3	all	same	same	identical		True
sub-10720	01	1.0	4	all	same	same	identical		True
sub-10720	01	1.0	5	all	same	same	identical		True
sub-10720	01	1.0	6	all	same	same	identical		True
sub-10720	01	1.0	7	all	same	same	identical		True
sub-10720	01	1.0	8	all	same	same	identical		True
sub-10720	01	1.0	9	all	same	same	identical		True
sub-10720	01	1.0	10	all	same	same	identical		True
sub-10720	01	1.0	11	all	same	same	identical		True
sub-10720	01	1.0	12	all	same	same	identical		True
sub-10720	01	1.0	13	all	same	same	identical		True
sub-10720	01	1.0	14	all	same	same	identical		True
sub-10720	01	1.0	15	all	same	same	identical		True
sub-10720	01	1.0	16	all	same	same	identical		True
sub-10720	01	1.0	17	all	same	same	identical		True
sub-10720	01	1.0	18	all	same	same	identical		True
sub-10720	01	1.0	19	all	same	same	identical		True
sub-10720	01	1.0	20	all	same	same	identical		True
sub-10720	01	1.0	21	all	same	same	identical		True
sub-10720	01	1.0	22	all	same	same	identical		True
sub-10720	01	1.0	23	all	same	same	identical		True
sub-10720	01	1.0	24	all	same	same	identical		True
sub-10720	01	1.0	25	all	same	same	identical		True
sub-10720	01	1.0	26	all	same	same	identical		True
sub-10720	01	1.0	27	all	same	same	identical		True
sub-10720	01	1.0	28	all	same	same	identical		True
sub-10720	01	1.0	29	all	same	same	identical		True
sub-10720	01	1.0	30	all	same	same	identical		True
sub-10720	01	1.0	31	all	same	same	identical		True
sub-10720	01	1.0	32	all	same	same	identical		True
sub-10720	01	1.0	33	all	same	same	identical		True
sub-10720	01	1.0	34	all	same	same	identical		True
sub-10720	01	1.0	35	all	same	same	identical		True
sub-10720	01	1.0	36	all	same	same	identical		True
sub-10720	01	1.0	37	all	same	same	identical		True
sub-10720	01	1.0	38	all	same	same	identical		True
sub-10720	01	1.0	39	all	same	same	identical		True
sub-10720	01	1.0	40	all	same	same	identical		True
sub-10720	01	1.0	41	all	same	same	identical		True
sub-10720	01	1.0	42	all	same	same	identical		True
sub-10720	01	2.0	1	all	same	same	identical		True
sub-10720	01	2.0	2	all	same	same	identical		True
sub-10720	01	2.0	3	all	same	same	identical		True
sub-10720	01	2.0	4	all	same	same	identical		True
sub-10720	01	2.0	5	all	same	same	identical		True
sub-10720	01	2.0	6	all	same	same	identical		True
sub-10720	01	2.0	7	all	same	same	identical		True
sub-10720	01	2.0	8	all	same	same	identical		True
sub-10720	01	2.0	9	all	same	same	identical		True
sub-10720	01	2.0	10	all	same	same	identical		True
sub-10720	01	2.0	11	all	same	same	identical		True
sub-10720	01	2.0	12	all	same	same	identical		True
sub-10720	01	2.0	13	all	same	same	identical		True
sub-10720	01	2.0	14	all	same	same	identical		True
sub-10720	01	2.0	15	all	same	same	identical		True
sub-10720	01	2.0	16	all	same	same	identical		True
sub-10720	01	2.0	17	all	same	same	identical		True
sub-10720	01	2.0	18	all	same	same	identical		True
sub-10720	01	2.0	19	all	same	same	identical		True
sub-10720	01	2.0	20	all	same	same	identical		True
sub-10720	01	2.0	21	all	same	same	identical		True
sub-10720	01	2.0	22	all	same	same	identical		True
sub-10720	01	2.0	23	all	same	same	identical		True
sub-10720	01	2.0	24	all	same	same	identical		True
sub-10720	01	2.0	25	all	same	same	identical		True
sub-10720	01	2.0	26	all	same	same	identical		True
sub-10720	01	2.0	27	all	same	same	identical		True
sub-10720	01	2.0	28	all	same	same	identical		True
sub-10720	01	2.0	29	all	same	same	identical		True
sub-10720	01	2.0	30	all	same	same	identical		True
sub-10720	01	2.0	31	all	same	same	identical		True
sub-10720	01	2.0	32	all	same	same	identical		True
sub-10720	01	2.0	33	all	same	same	identical		True
sub-10720	01	2.0	34	all	same	same	identical		True
sub-10720	01	2.0	35	all	same	same	identical		True
sub-10720	01	2.0	36	all	same	same	identical		True
sub-10720	01	2.0	37	all	same	same	identical		True
sub-10720	01	2.0	38	all	same	same	identical		True
sub-10720	01	2.0	39	all	same	same	identical		True
sub-10720	01	2.0	40	all	same	same	identical		True
sub-10720	01	2.0	41	all	same	same	identical		True
sub-10720	01	2.0	42	all	same	same	identical		True
sub-10723	01	1.0	1	all	same	same	identical		True
sub-10723	01	1.0	2	all	same	same	identical		True
sub-10723	01	1.0	3	all	same	same	identical		True
sub-10723	01	1.0	4	all	same	same	identical		True
sub-10723	01	1.0	5	all	same	same	identical		True
sub-10723	01	1.0	6	all	same	same	identical		True
sub-10723	01	1.0	7	all	same	same	identical		True
sub-10723	01	1.0	8	all	same	same	identical		True
sub-10723	01	1.0	9	all	same	same	identical		True
sub-10723	01	1.0	10	all	same	same	identical		True
sub-10723	01	1.0	11	all	same	same	identical		True
sub-10723	01	1.0	12	all	same	same	identical		True
sub-10723	01	1.0	13	all	same	same	identical		True
sub-10723	01	1.0	14	all	same	same	identical		True
sub-10723	01	1.0	15	all	same	same	identical		True
sub-10723	01	1.0	16	all	same	same	identical		True
sub-10723	01	1.0	17	all	same	same	identical		True
sub-10723	01	1.0	18	all	same	same	identical		True
sub-10723	01	1.0	19	all	same	same	identical		True
sub-10723	01	1.0	20	all	same	same	identical		True
sub-10723	01	1.0	21	all	same	same	identical		True
sub-10723	01	1.0	22	all	same	same	identical		True
sub-10723	01	1.0	23	all	same	same	identical		True
sub-10723	01	1.0	24	all	same	same	identical		True
sub-10723	01	1.0	25	all	same	same	identical		True
sub-10723	01	1.0	26	all	same	same	identical		True
sub-10723	01	1.0	27	all	same	same	identical		True
sub-10723	01	1.0	28	all	same	same	identical		True
sub-10723	01	1.0	29	all	same	same	identical		True
sub-10723	01	1.0	30	all	same	same	identical		True
sub-10723	01	1.0	31	all	same	same	identical		True
sub-10723	01	1.0	32	all	same	same	identical		True
sub-10723	01	1.0	33	all	same	same	identical		True
sub-10723	01	1.0	34	all	same	same	identical		True
sub-10723	01	1.0	35	all	same	same	identical		True
sub-10723	01	1.0	36	all	same	same	identical		True
sub-10723	01	1.0	37	all	same	same	identical		True
sub-10723	01	1.0	38	all	same	same	identical		True
sub-10723	01	1.0	39	all	same	same	identical		True
sub-10723	01	1.0	40	all	same	same	identical		True
sub-10723	01	1.0	41	all	same	same	identical		True
sub-10723	01	1.0	42	all	same	same	identical		True
sub-10723	01	2.0	1	all	same	same	identical		True
sub-10723	01	2.0	2	all	same	same	identical		True
sub-10723	01	2.0	3	all	same	same	identical		True
sub-10723	01	2.0	4	all	same	same	identical		True
sub-10723	01	2.0	5	all	same	same	identical		True
sub-10723	01	2.0	6	all	same	same	identical		True
sub-10723	01	2.0	7	all	same	same	identical		True
sub-10723	01	2.0	8	all	same	same	identical		True
sub-10723	01	2.0	9	all	same	same	identical		True
sub-10723	01	2.0	10	all	same	same	identical		True
sub-10723	01	2.0	11	all	same	same	identical		True
sub-10723	01	2.0	12	all	same	same	identical		True
sub-10723	01	2.0	13	all	same	same	identical		True
sub-10723	01	2.0	14	all	same	same	identical		True
sub-10723	01	2.0	15	all	same	same	identical		True
sub-10723	01	2.0	16	all	same	same	identical		True
sub-10723	01	2.0	17	all	same	same	identical		True
sub-10723	01	2.0	18	all	same	same	identical		True
sub-10723	01	2.0	19	all	same	same	identical		True
sub-10723	01	2.0	20	all	same	same	identical		True
sub-10723	01	2.0	21	all	same	same	identical		True
sub-10723	01	2.0	22	all	same	same	identical		True
sub-10723	01	2.0	23	all	same	same	identical		True
sub-10723	01	2.0	24	all	same	same	identical		True
sub-10723	01	2.0	25	all	same	same	identical		True
sub-10723	01	2.0	26	all	same	same	identical		True
sub-10723	01	2.0	27	all	same	same	identical		True
sub-10723	01	2.0	28	all	same	same	identical		True
sub-10723	01	2.0	29	all	same	same	identical		True
sub-10723	01	2.0	30	all	same	same	identical		True
sub-10723	01	2.0	31	all	same	same	identical		True
sub-10723	01	2.0	32	all	same	same	identical		True
sub-10723	01	2.0	33	all	same	same	identical		True
sub-10723	01	2.0	34	all	same	same	identical		True
sub-10723	01	2.0	35	all	same	same	identical		True
sub-10723	01	2.0	36	all	same	same	identical		True
sub-10723	01	2.0	37	all	same	same	identical		True
sub-10723	01	2.0	38	all	same	same	identical		True
sub-10723	01	2.0	39	all	same	same	identical		True
sub-10723	01	2.0	40	all	same	same	identical		True
sub-10723	01	2.0	41	all	same	same	identical		True
sub-10723	01	2.0	42	all	same	same	identical		True
sub-10741	01	1.0	1	all	same	same	identical		True
sub-10741	01	1.0	2	all	same	same	identical		True
sub-10741	01	1.0	3	all	same	same	identical		True
sub-10741	01	1.0	4	all	same	same	identical		True
sub-10741	01	1.0	5	all	same	same	identical		True
sub-10741	01	1.0	6	all	same	same	identical		True
sub-10741	01	1.0	7	all	same	same	identical		True
sub-10741	01	1.0	8	all	same	same	identical		True
sub-10741	01	1.0	9	all	same	same	identical		True
sub-10741	01	1.0	10	all	same	same	identical		True
sub-10741	01	1.0	11	all	same	same	identical		True
sub-10741	01	1.0	12	all	same	same	identical		True
sub-10741	01	1.0	13	all	same	same	identical		True
sub-10741	01	1.0	14	all	same	same	identical		True
sub-10741	01	1.0	15	all	same	same	identical		True
sub-10741	01	1.0	16	all	same	same	identical		True
sub-10741	01	1.0	17	all	same	same	identical		True
sub-10741	01	1.0	18	all	same	same	identical		True
sub-10741	01	1.0	19	all	same	same	identical		True
sub-10741	01	1.0	20	all	same	same	identical		True
sub-10741	01	1.0	21	all	same	same	identical		True
sub-10741	01	1.0	22	all	same	same	identical		True
sub-10741	01	1.0	23	all	same	same	identical		True
sub-10741	01	1.0	24	all	same	same	identical		True
sub-10741	01	1.0	25	all	same	same	identical		True
sub-10741	01	1.0	26	all	same	same	identical		True
sub-10741	01	1.0	27	all	same	same	identical		True
sub-10741	01	1.0	28	all	same	same	identical		True
sub-10741	01	1.0	29	all	same	same	identical		True
sub-10741	01	1.0	30	all	same	same	identical		True
sub-10741	01	1.0	31	all	same	same	identical		True
sub-10741	01	1.0	32	all	same	same	identical		True
sub-10741	01	1.0	33	all	same	same	identical		True
sub-10741	01	1.0	34	all	same	same	identical		True
sub-10741	01	1.0	35	all	same	same	identical		True
sub-10741	01	1.0	36	all	same	same	identical		True
sub-10741	01	1.0	37	all	same	same	identical		True
sub-10741	01	1.0	38	all	same	same	identical		True
sub-10741	01	1.0	39	all	same	same	identical		True
sub-10741	01	1.0	40	all	same	same	identical		True
sub-10741	01	1.0	41	all	same	same	identical		True
sub-10741	01	1.0	42	all	same	same	identical		True
sub-10741	01	2.0	1	all	same	same	identical		True
sub-10741	01	2.0	2	all	same	same	identical		True
sub-10741	01	2.0	3	all	same	same	identical		True
sub-10741	01	2.0	4	all	same	same	identical		True
sub-10741	01	2.0	5	all	same	same	identical		True
sub-10741	01	2.0	6	all	same	same	identical		True
sub-10741	01	2.0	7	all	same	same	identical		True
sub-10741	01	2.0	8	all	same	same	identical		True
sub-10741	01	2.0	9	all	same	same	identical		True
sub-10741	01	2.0	10	all	same	same	identical		True
sub-10741	01	2.0	11	all	same	same	identical		True
sub-10741	01	2.0	12	all	same	same	identical		True
sub-10741	01	2.0	13	all	same	same	identical		True
sub-10741	01	2.0	14	all	same	same	identical		True
sub-10741	01	2.0	15	all	same	same	identical		True
sub-10741	01	2.0	16	all	same	same	identical		True
sub-10741	01	2.0	17	all	same	same	identical		True
sub-10741	01	2.0	18	all	same	same	identical		True
sub-10741	01	2.0	19	all	same	same	identical		True
sub-10741	01	2.0	20	all	same	same	identical		True
sub-10741	01	2.0	21	all	same	same	identical		True
sub-10741	01	2.0	22	all	same	same	identical		True
sub-10741	01	2.0	23	all	same	same	identical		True
sub-10741	01	2.0	24	all	same	same	identical		True
sub-10741	01	2.0	25	all	same	same	identical		True
sub-10741	01	2.0	26	all	same	same	identical		True
sub-10741	01	2.0	27	all	same	same	identical		True
sub-10741	01	2.0	28	all	same	same	identical		True
sub-10741	01	2.0	29	all	same	same	identical		True
sub-10741	01	2.0	30	all	same	same	identical		True
sub-10741	01	2.0	31	all	same	same	identical		True
sub-10741	01	2.0	32	all	same	same	identical		True
sub-10741	01	2.0	33	all	same	same	identical		True
sub-10741	01	2.0	34	all	same	same	identical		True
sub-10741	01	2.0	35	all	same	same	identical		True
sub-10741	01	2.0	36	all	same	same	identical		True
sub-10741	01	2.0	37	all	same	same	identical		True
sub-10741	01	2.0	38	all	same	same	identical		True
sub-10741	01	2.0	39	all	same	same	identical		True
sub-10741	01	2.0	40	all	same	same	identical		True
sub-10741	01	2.0	41	all	same	same	identical		True
sub-10741	01	2.0	42	all	same	same	identical		True
sub-10748	01	1.0	1	all	same	same	identical		True
sub-10748	01	1.0	2	all	same	same	identical		True
sub-10748	01	1.0	3	all	same	same	identical		True
sub-10748	01	1.0	4	all	same	same	identical		True
sub-10748	01	1.0	5	all	same	same	identical		True
sub-10748	01	1.0	6	all	same	same	identical		True
sub-10748	01	1.0	7	all	same	same	identical		True
sub-10748	01	1.0	8	all	same	same	identical		True
sub-10748	01	1.0	9	all	same	same	identical		True
sub-10748	01	1.0	10	all	same	same	identical		True
sub-10748	01	1.0	11	all	same	same	identical		True
sub-10748	01	1.0	12	all	same	same	identical		True
sub-10748	01	1.0	13	all	same	same	identical		True
sub-10748	01	1.0	14	all	same	same	identical		True
sub-10748	01	1.0	15	all	same	same	identical		True
sub-10748	01	1.0	16	all	same	same	identical		True
sub-10748	01	1.0	17	all	same	same	identical		True
sub-10748	01	1.0	18	all	same	same	identical		True
sub-10748	01	1.0	19	all	same	same	identical		True
sub-10748	01	1.0	20	all	same	same	identical		True
sub-10748	01	1.0	21	all	same	same	identical		True
sub-10748	01	1.0	22	all	same	same	identical		True
sub-10748	01	1.0	23	all	same	same	identical		True
sub-10748	01	1.0	24	all	same	same	identical		True
sub-10748	01	1.0	25	all	same	same	identical		True
sub-10748	01	1.0	26	all	same	same	identical		True
sub-10748	01	1.0	27	all	same	same	identical		True
sub-10748	01	1.0	28	all	same	same	identical		True
sub-10748	01	1.0	29	all	same	same	identical		True
sub-10748	01	1.0	30	all	same	same	identical		True
sub-10748	01	1.0	31	all	same	same	identical		True
sub-10748	01	1.0	32	all	same	same	identical		True
sub-10748	01	1.0	33	all	same	same	identical		True
sub-10748	01	1.0	34	all	same	same	identical		True
sub-10748	01	1.0	35	all	same	same	identical		True
sub-10748	01	1.0	36	all	same	same	identical		True
sub-10748	01	1.0	37	all	same	same	identical		True
sub-10748	01	1.0	38	all	same	same	identical		True
sub-10748	01	1.0	39	all	same	same	identical		True
sub-10748	01	1.0	40	all	same	same	identical		True
sub-10748	01	1.0	41	all	same	same	identical		True
sub-10748	01	1.0	42	all	same	same	identical		True
sub-10748	01	2.0	1	all	same	same	identical		True
sub-10748	01	2.0	2	all	same	same	identical		True
sub-10748	01	2.0	3	all	same	same	identical		True
sub-10748	01	2.0	4	all	same	same	identical		True
sub-10748	01	2.0	5	all	same	same	identical		True
sub-10748	01	2.0	6	all	same	same	identical		True
sub-10748	01	2.0	7	all	same	same	identical		True
sub-10748	01	2.0	8	all	same	same	identical		True
sub-10748	01	2.0	9	all	same	same	identical		True
sub-10748	01	2.0	10	all	same	same	identical		True
sub-10748	01	2.0	11	all	same	same	identical		True
sub-10748	01	2.0	12	all	same	same	identical		True
sub-10748	01	2.0	13	all	same	same	identical		True
sub-10748	01	2.0	14	all	same	same	identical		True
sub-10748	01	2.0	15	all	same	same	identical		True
sub-10748	01	2.0	16	all	same	same	identical		True
sub-10748	01	2.0	17	all	same	same	identical		True
sub-10748	01	2.0	18	all	same	same	identical		True
sub-10748	01	2.0	19	all	same	same	identical		True
sub-10748	01	2.0	20	all	same	same	identical		True
sub-10748	01	2.0	21	all	same	same	identical		True
sub-10748	01	2.0	22	all	same	same	identical		True
sub-10748	01	2.0	23	all	same	same	identical		True
sub-10748	01	2.0	24	all	same	same	identical		True
sub-10748	01	2.0	25	all	same	same	identical		True
sub-10748	01	2.0	26	all	same	same	identical		True
sub-10748	01	2.0	27	all	same	same	identical		True
sub-10748	01	2.0	28	all	same	same	identical		True
sub-10748	01	2.0	29	all	same	same	identical		True
sub-10748	01	2.0	30	all	same	same	identical		True
sub-10748	01	2.0	31	all	same	same	identical		True
sub-10748	01	2.0	32	all	same	same	identical		True
sub-10748	01	2.0	33	all	same	same	identical		True
sub-10748	01	2.0	34	all	same	same	identical		True
sub-10748	01	2.0	35	all	same	same	identical		True
sub-10748	01	2.0	36	all	same	same	identical		True
sub-10748	01	2.0	37	all	same	same	identical		True
sub-10748	01	2.0	38	all	same	same	identical		True
sub-10748	01	2.0	39	all	same	same	identical		True
sub-10748	01	2.0	40	all	same	same	identical		True
sub-10748	01	2.0	41	all	same	same	identical		True
sub-10748	01	2.0	42	all	same	same	identical		True
sub-10767	01	1.0	1	all	same	same	identical		True
sub-10767	01	1.0	2	all	same	same	identical		True
sub-10767	01	1.0	3	all	same	same	identical		True
sub-10767	01	1.0	4	all	same	same	identical		True
sub-10767	01	1.0	5	all	same	same	identical		True
sub-10767	01	1.0	6	all	same	same	identical		True
sub-10767	01	1.0	7	all	same	same	identical		True
sub-10767	01	1.0	8	all	same	same	identical		True
sub-10767	01	1.0	9	all	same	same	identical		True
sub-10767	01	1.0	10	all	same	same	identical		True
sub-10767	01	1.0	11	all	same	same	identical		True
sub-10767	01	1.0	12	all	same	same	identical		True
sub-10767	01	1.0	13	all	same	same	identical		True
sub-10767	01	1.0	14	all	same	same	identical		True
sub-10767	01	1.0	15	all	same	same	identical		True
sub-10767	01	1.0	16	all	same	same	identical		True
sub-10767	01	1.0	17	all	same	same	identical		True
sub-10767	01	1.0	18	all	same	same	identical		True
sub-10767	01	1.0	19	all	same	same	identical		True
sub-10767	01	1.0	20	all	same	same	identical		True
sub-10767	01	1.0	21	all	same	same	identical		True
sub-10767	01	1.0	22	all	same	same	identical		True
sub-10767	01	1.0	23	all	same	same	identical		True
sub-10767	01	1.0	24	all	same	same	identical		True
sub-10767	01	1.0	25	all	same	same	identical		True
sub-10767	01	1.0	26	all	same	same	identical		True
sub-10767	01	1.0	27	all	same	same	identical		True
sub-10767	01	1.0	28	all	same	same	identical		True
sub-10767	01	1.0	29	all	same	same	identical		True
sub-10767	01	1.0	30	all	same	same	identical		True
sub-10767	01	1.0	31	all	same	same	identical		True
sub-10767	01	1.0	32	all	same	same	identical		True
sub-10767	01	1.0	33	all	same	same	identical		True
sub-10767	01	1.0	34	all	same	same	identical		True
sub-10767	01	1.0	35	all	same	same	identical		True
sub-10767	01	1.0	36	all	same	same	identical		True
sub-10767	01	1.0	37	all	same	same	identical		True
sub-10767	01	1.0	38	all	same	same	identical		True
sub-10767	01	1.0	39	all	same	same	identical		True
sub-10767	01	1.0	40	all	same	same	identical		True
sub-10767	01	1.0	41	all	same	same	identical		True
sub-10767	01	1.0	42	all	same	same	identical		True
sub-10767	01	2.0	1	all	same	same	identical		True
sub-10767	01	2.0	2	all	same	same	identical		True
sub-10767	01	2.0	3	all	same	same	identical		True
sub-10767	01	2.0	4	all	same	same	identical		True
sub-10767	01	2.0	5	all	same	same	identical		True
sub-10767	01	2.0	6	all	same	same	identical		True
sub-10767	01	2.0	7	all	same	same	identical		True
sub-10767	01	2.0	8	all	same	same	identical		True
sub-10767	01	2.0	9	all	same	same	identical		True
sub-10767	01	2.0	10	all	same	same	identical		True
sub-10767	01	2.0	11	all	same	same	identical		True
sub-10767	01	2.0	12	all	same	same	identical		True
sub-10767	01	2.0	13	all	same	same	identical		True
sub-10767	01	2.0	14	all	same	same	identical		True
sub-10767	01	2.0	15	all	same	same	identical		True
sub-10767	01	2.0	16	all	same	same	identical		True
sub-10767	01	2.0	17	all	same	same	identical		True
sub-10767	01	2.0	18	all	same	same	identical		True
sub-10767	01	2.0	19	all	same	same	identical		True
sub-10767	01	2.0	20	all	same	same	identical		True
sub-10767	01	2.0	21	all	same	same	identical		True
sub-10767	01	2.0	22	all	same	same	identical		True
sub-10767	01	2.0	23	all	same	same	identical		True
sub-10767	01	2.0	24	all	same	same	identical		True
sub-10767	01	2.0	25	all	same	same	identical		True
sub-10767	01	2.0	26	all	same	same	identical		True
sub-10767	01	2.0	27	all	same	same	identical		True
sub-10767	01	2.0	28	all	same	same	identical		True
sub-10767	01	2.0	29	all	same	same	identical		True
sub-10767	01	2.0	30	all	same	same	identical		True
sub-10767	01	2.0	31	all	same	same	identical		True
sub-10767	01	2.0	32	all	same	same	identical		True
sub-10767	01	2.0	33	all	same	same	identical		True
sub-10767	01	2.0	34	all	same	same	identical		True
sub-10767	01	2.0	35	all	same	same	identical		True
sub-10767	01	2.0	36	all	same	same	identical		True
sub-10767	01	2.0	37	all	same	same	identical		True
sub-10767	01	2.0	38	all	same	same	identical		True
sub-10767	01	2.0	39	all	same	same	identical		True
sub-10767	01	2.0	40	all	same	same	identical		True
sub-10767	01	2.0	41	all	same	same	identical		True
sub-10767	01	2.0	42	all	same	same	identical		True
sub-10770	01	1.0	1	all	same	same	identical		True
sub-10770	01	1.0	2	all	same	same	identical		True
sub-10770	01	1.0	3	all	same	same	identical		True
sub-10770	01	1.0	4	all	same	same	identical		True
sub-10770	01	1.0	5	all	same	same	identical		True
sub-10770	01	1.0	6	all	same	same	identical		True
sub-10770	01	1.0	7	all	same	same	identical		True
sub-10770	01	1.0	8	all	same	same	identical		True
sub-10770	01	1.0	9	all	same	same	identical		True
sub-10770	01	1.0	10	all	same	same	identical		True
sub-10770	01	1.0	11	all	same	same	identical		True
sub-10770	01	1.0	12	all	same	same	identical		True
sub-10770	01	1.0	13	all	same	same	identical		True
sub-10770	01	1.0	14	all	same	same	identical		True
sub-10770	01	1.0	15	all	same	same	identical		True
sub-10770	01	1.0	16	all	same	same	identical		True
sub-10770	01	1.0	17	all	same	same	identical		True
sub-10770	01	1.0	18	all	same	same	identical		True
sub-10770	01	1.0	19	all	same	same	identical		True
sub-10770	01	1.0	20	all	same	same	identical		True
sub-10770	01	1.0	21	all	same	same	identical		True
sub-10770	01	1.0	22	all	same	same	identical		True
sub-10770	01	1.0	23	all	same	same	identical		True
sub-10770	01	1.0	24	all	same	same	identical		True
sub-10770	01	1.0	25	all	same	same	identical		True
sub-10770	01	1.0	26	all	same	same	identical		True
sub-10770	01	1.0	27	all	same	same	identical		True
sub-10770	01	1.0	28	all	same	same	identical		True
sub-10770	01	1.0	29	all	same	same	identical		True
sub-10770	01	1.0	30	all	same	same	identical		True
sub-10770	01	1.0	31	all	same	same	identical		True
sub-10770	01	1.0	32	all	same	same	identical		True
sub-10770	01	1.0	33	all	same	same	identical		True
sub-10770	01	1.0	34	all	same	same	identical		True
sub-10770	01	1.0	35	all	same	same	identical		True
sub-10770	01	1.0	36	all	same	same	identical		True
sub-10770	01	1.0	37	all	same	same	identical		True
sub-10770	01	1.0	38	all	same	same	identical		True
sub-10770	01	1.0	39	all	same	same	identical		True
sub-10770	01	1.0	40	all	same	same	identical		True
sub-10770	01	1.0	41	all	same	same	identical		True
sub-10770	01	1.0	42	all	same	same	identical		True
sub-10770	01	2.0	1	all	same	same	identical		True
sub-10770	01	2.0	2	all	same	same	identical		True
sub-10770	01	2.0	3	all	same	same	identical		True
sub-10770	01	2.0	4	all	same	same	identical		True
sub-10770	01	2.0	5	all	same	same	identical		True
sub-10770	01	2.0	6	all	same	same	identical		True
sub-10770	01	2.0	7	all	same	same	identical		True
sub-10770	01	2.0	8	all	same	same	identical		True
sub-10770	01	2.0	9	all	same	same	identical		True
sub-10770	01	2.0	10	all	same	same	identical		True
sub-10770	01	2.0	11	all	same	same	identical		True
sub-10770	01	2.0	12	all	same	same	identical		True
sub-10770	01	2.0	13	all	same	same	identical		True
sub-10770	01	2.0	14	all	same	same	identical		True
sub-10770	01	2.0	15	all	same	same	identical		True
sub-10770	01	2.0	16	all	same	same	identical		True
sub-10770	01	2.0	17	all	same	same	identical		True
sub-10770	01	2.0	18	all	same	same	identical		True
sub-10770	01	2.0	19	all	same	same	identical		True
sub-10770	01	2.0	20	all	same	same	identical		True
sub-10770	01	2.0	21	all	same	same	identical		True
sub-10770	01	2.0	22	all	same	same	identical		True
sub-10770	01	2.0	23	all	same	same	identical		True
sub-10770	01	2.0	24	all	same	same	identical		True
sub-10770	01	2.0	25	all	same	same	identical		True
sub-10770	01	2.0	26	all	same	same	identical		True
sub-10770	01	2.0	27	all	same	same	identical		True
sub-10770	01	2.0	28	all	same	same	identical		True
sub-10770	01	2.0	29	all	same	same	identical		True
sub-10770	01	2.0	30	all	same	same	identical		True
sub-10770	01	2.0	31	all	same	same	identical		True
sub-10770	01	2.0	32	all	same	same	identical		True
sub-10770	01	2.0	33	all	same	same	identical		True
sub-10770	01	2.0	34	all	same	same	identical		True
sub-10770	01	2.0	35	all	same	same	identical		True
sub-10770	01	2.0	36	all	same	same	identical		True
sub-10770	01	2.0	37	all	same	same	identical		True
sub-10770	01	2.0	38	all	same	same	identical		True
sub-10770	01	2.0	39	all	same	same	identical		True
sub-10770	01	2.0	40	all	same	same	identical		True
sub-10770	01	2.0	41	all	same	same	identical		True
sub-10770	01	2.0	42	all	same	same	identical		True
sub-10777	01	1.0	1	response_time	1.6038406	1.208597	new unexplained discrepancy		False
sub-10777	01	1.0	2	response_time	1.4741542	1.011661	new unexplained discrepancy		False
sub-10777	01	1.0	3	row_presence	absent	present	new unexplained discrepancy		False
sub-10777	01	1.0	4	row_presence	absent	present	new unexplained discrepancy		False
sub-10777	01	1.0	5	row_presence	absent	present	new unexplained discrepancy		False
sub-10777	01	1.0	6	row_presence	absent	present	new unexplained discrepancy		False
sub-10777	01	1.0	7	row_presence	absent	present	new unexplained discrepancy		False
sub-10777	01	1.0	8	row_presence	absent	present	new unexplained discrepancy		False
sub-10777	01	1.0	9	row_presence	absent	present	new unexplained discrepancy		False
sub-10777	01	1.0	10	row_presence	absent	present	new unexplained discrepancy		False
sub-10777	01	1.0	11	row_presence	absent	present	new unexplained discrepancy		False
sub-10777	01	1.0	12	row_presence	absent	present	new unexplained discrepancy		False
sub-10777	01	1.0	13	row_presence	absent	present	new unexplained discrepancy		False
sub-10777	01	1.0	14	row_presence	absent	present	new unexplained discrepancy		False
sub-10777	01	1.0	15	row_presence	absent	present	new unexplained discrepancy		False
sub-10777	01	1.0	16	row_presence	absent	present	new unexplained discrepancy		False
sub-10777	01	1.0	17	row_presence	absent	present	new unexplained discrepancy		False
sub-10777	01	1.0	18	row_presence	absent	present	new unexplained discrepancy		False
sub-10777	01	1.0	19	row_presence	absent	present	new unexplained discrepancy		False
sub-10777	01	1.0	20	row_presence	absent	present	new unexplained discrepancy		False
sub-10777	01	1.0	21	row_presence	absent	present	new unexplained discrepancy		False
sub-10777	01	1.0	22	row_presence	absent	present	new unexplained discrepancy		False
sub-10777	01	1.0	23	row_presence	absent	present	new unexplained discrepancy		False
sub-10777	01	1.0	24	row_presence	absent	present	new unexplained discrepancy		False
sub-10777	01	1.0	25	row_presence	absent	present	new unexplained discrepancy		False
sub-10777	01	1.0	26	row_presence	absent	present	new unexplained discrepancy		False
sub-10777	01	1.0	27	row_presence	absent	present	new unexplained discrepancy		False
sub-10777	01	1.0	28	row_presence	absent	present	new unexplained discrepancy		False
sub-10777	01	1.0	29	row_presence	absent	present	new unexplained discrepancy		False
sub-10777	01	1.0	30	row_presence	absent	present	new unexplained discrepancy		False
sub-10777	01	1.0	31	row_presence	absent	present	new unexplained discrepancy		False
sub-10777	01	1.0	32	row_presence	absent	present	new unexplained discrepancy		False
sub-10777	01	1.0	33	row_presence	absent	present	new unexplained discrepancy		False
sub-10777	01	1.0	34	row_presence	absent	present	new unexplained discrepancy		False
sub-10777	01	1.0	35	row_presence	absent	present	new unexplained discrepancy		False
sub-10777	01	1.0	36	row_presence	absent	present	new unexplained discrepancy		False
sub-10777	01	1.0	37	row_presence	absent	present	new unexplained discrepancy		False
sub-10777	01	1.0	38	row_presence	absent	present	new unexplained discrepancy		False
sub-10777	01	1.0	39	row_presence	absent	present	new unexplained discrepancy		False
sub-10777	01	1.0	40	row_presence	absent	present	new unexplained discrepancy		False
sub-10777	01	1.0	41	row_presence	absent	present	new unexplained discrepancy		False
sub-10777	01	1.0	42	row_presence	absent	present	new unexplained discrepancy		False
sub-10777	01	1.1	1	row_presence	present	absent	new unexplained discrepancy		False
sub-10777	01	1.1	2	row_presence	present	absent	new unexplained discrepancy		False
sub-10777	01	1.1	3	row_presence	present	absent	new unexplained discrepancy		False
sub-10777	01	1.1	4	row_presence	present	absent	new unexplained discrepancy		False
sub-10777	01	1.1	5	row_presence	present	absent	new unexplained discrepancy		False
sub-10777	01	1.1	6	row_presence	present	absent	new unexplained discrepancy		False
sub-10777	01	1.1	7	row_presence	present	absent	new unexplained discrepancy		False
sub-10777	01	1.1	8	row_presence	present	absent	new unexplained discrepancy		False
sub-10777	01	1.1	9	row_presence	present	absent	new unexplained discrepancy		False
sub-10777	01	1.1	10	row_presence	present	absent	new unexplained discrepancy		False
sub-10777	01	1.1	11	row_presence	present	absent	new unexplained discrepancy		False
sub-10777	01	1.1	12	row_presence	present	absent	new unexplained discrepancy		False
sub-10777	01	1.1	13	row_presence	present	absent	new unexplained discrepancy		False
sub-10777	01	1.1	14	row_presence	present	absent	new unexplained discrepancy		False
sub-10777	01	1.1	15	row_presence	present	absent	new unexplained discrepancy		False
sub-10777	01	1.1	16	row_presence	present	absent	new unexplained discrepancy		False
sub-10777	01	1.1	17	row_presence	present	absent	new unexplained discrepancy		False
sub-10777	01	1.1	18	row_presence	present	absent	new unexplained discrepancy		False
sub-10777	01	1.1	19	row_presence	present	absent	new unexplained discrepancy		False
sub-10777	01	1.1	20	row_presence	present	absent	new unexplained discrepancy		False
sub-10777	01	1.1	21	row_presence	present	absent	new unexplained discrepancy		False
sub-10777	01	1.1	22	row_presence	present	absent	new unexplained discrepancy		False
sub-10777	01	1.1	23	row_presence	present	absent	new unexplained discrepancy		False
sub-10777	01	1.1	24	row_presence	present	absent	new unexplained discrepancy		False
sub-10777	01	1.1	25	row_presence	present	absent	new unexplained discrepancy		False
sub-10777	01	1.1	26	row_presence	present	absent	new unexplained discrepancy		False
sub-10777	01	1.1	27	row_presence	present	absent	new unexplained discrepancy		False
sub-10777	01	1.1	28	row_presence	present	absent	new unexplained discrepancy		False
sub-10777	01	1.1	29	row_presence	present	absent	new unexplained discrepancy		False
sub-10777	01	1.1	30	row_presence	present	absent	new unexplained discrepancy		False
sub-10777	01	1.1	31	row_presence	present	absent	new unexplained discrepancy		False
sub-10777	01	1.1	32	row_presence	present	absent	new unexplained discrepancy		False
sub-10777	01	1.1	33	row_presence	present	absent	new unexplained discrepancy		False
sub-10777	01	1.1	34	row_presence	present	absent	new unexplained discrepancy		False
sub-10777	01	1.1	35	row_presence	present	absent	new unexplained discrepancy		False
sub-10777	01	1.1	36	row_presence	present	absent	new unexplained discrepancy		False
sub-10777	01	1.1	37	row_presence	present	absent	new unexplained discrepancy		False
sub-10777	01	1.1	38	row_presence	present	absent	new unexplained discrepancy		False
sub-10777	01	1.1	39	row_presence	present	absent	new unexplained discrepancy		False
sub-10777	01	1.1	40	row_presence	present	absent	new unexplained discrepancy		False
sub-10777	01	1.1	41	row_presence	present	absent	new unexplained discrepancy		False
sub-10777	01	1.1	42	row_presence	present	absent	new unexplained discrepancy		False
sub-10781	01	1.0	1	all	same	same	identical		True
sub-10781	01	1.0	2	all	same	same	identical		True
sub-10781	01	1.0	3	all	same	same	identical		True
sub-10781	01	1.0	4	all	same	same	identical		True
sub-10781	01	1.0	5	all	same	same	identical		True
sub-10781	01	1.0	6	all	same	same	identical		True
sub-10781	01	1.0	7	all	same	same	identical		True
sub-10781	01	1.0	8	all	same	same	identical		True
sub-10781	01	1.0	9	all	same	same	identical		True
sub-10781	01	1.0	10	all	same	same	identical		True
sub-10781	01	1.0	11	all	same	same	identical		True
sub-10781	01	1.0	12	all	same	same	identical		True
sub-10781	01	1.0	13	all	same	same	identical		True
sub-10781	01	1.0	14	all	same	same	identical		True
sub-10781	01	1.0	15	all	same	same	identical		True
sub-10781	01	1.0	16	all	same	same	identical		True
sub-10781	01	1.0	17	all	same	same	identical		True
sub-10781	01	1.0	18	all	same	same	identical		True
sub-10781	01	1.0	19	all	same	same	identical		True
sub-10781	01	1.0	20	all	same	same	identical		True
sub-10781	01	1.0	21	all	same	same	identical		True
sub-10781	01	1.0	22	all	same	same	identical		True
sub-10781	01	1.0	23	all	same	same	identical		True
sub-10781	01	1.0	24	all	same	same	identical		True
sub-10781	01	1.0	25	all	same	same	identical		True
sub-10781	01	1.0	26	all	same	same	identical		True
sub-10781	01	1.0	27	all	same	same	identical		True
sub-10781	01	1.0	28	all	same	same	identical		True
sub-10781	01	1.0	29	all	same	same	identical		True
sub-10781	01	1.0	30	all	same	same	identical		True
sub-10781	01	1.0	31	all	same	same	identical		True
sub-10781	01	1.0	32	all	same	same	identical		True
sub-10781	01	1.0	33	all	same	same	identical		True
sub-10781	01	1.0	34	all	same	same	identical		True
sub-10781	01	1.0	35	all	same	same	identical		True
sub-10781	01	1.0	36	all	same	same	identical		True
sub-10781	01	1.0	37	all	same	same	identical		True
sub-10781	01	1.0	38	all	same	same	identical		True
sub-10781	01	1.0	39	all	same	same	identical		True
sub-10781	01	1.0	40	all	same	same	identical		True
sub-10781	01	1.0	41	all	same	same	identical		True
sub-10781	01	1.0	42	all	same	same	identical		True
sub-10781	01	2.0	1	all	same	same	identical		True
sub-10781	01	2.0	2	all	same	same	identical		True
sub-10781	01	2.0	3	all	same	same	identical		True
sub-10781	01	2.0	4	all	same	same	identical		True
sub-10781	01	2.0	5	all	same	same	identical		True
sub-10781	01	2.0	6	all	same	same	identical		True
sub-10781	01	2.0	7	all	same	same	identical		True
sub-10781	01	2.0	8	all	same	same	identical		True
sub-10781	01	2.0	9	all	same	same	identical		True
sub-10781	01	2.0	10	all	same	same	identical		True
sub-10781	01	2.0	11	all	same	same	identical		True
sub-10781	01	2.0	12	all	same	same	identical		True
sub-10781	01	2.0	13	all	same	same	identical		True
sub-10781	01	2.0	14	all	same	same	identical		True
sub-10781	01	2.0	15	all	same	same	identical		True
sub-10781	01	2.0	16	all	same	same	identical		True
sub-10781	01	2.0	17	all	same	same	identical		True
sub-10781	01	2.0	18	all	same	same	identical		True
sub-10781	01	2.0	19	all	same	same	identical		True
sub-10781	01	2.0	20	all	same	same	identical		True
sub-10781	01	2.0	21	all	same	same	identical		True
sub-10781	01	2.0	22	all	same	same	identical		True
sub-10781	01	2.0	23	all	same	same	identical		True
sub-10781	01	2.0	24	all	same	same	identical		True
sub-10781	01	2.0	25	all	same	same	identical		True
sub-10781	01	2.0	26	all	same	same	identical		True
sub-10781	01	2.0	27	all	same	same	identical		True
sub-10781	01	2.0	28	all	same	same	identical		True
sub-10781	01	2.0	29	all	same	same	identical		True
sub-10781	01	2.0	30	all	same	same	identical		True
sub-10781	01	2.0	31	all	same	same	identical		True
sub-10781	01	2.0	32	all	same	same	identical		True
sub-10781	01	2.0	33	all	same	same	identical		True
sub-10781	01	2.0	34	all	same	same	identical		True
sub-10781	01	2.0	35	all	same	same	identical		True
sub-10781	01	2.0	36	all	same	same	identical		True
sub-10781	01	2.0	37	all	same	same	identical		True
sub-10781	01	2.0	38	all	same	same	identical		True
sub-10781	01	2.0	39	all	same	same	identical		True
sub-10781	01	2.0	40	all	same	same	identical		True
sub-10781	01	2.0	41	all	same	same	identical		True
sub-10781	01	2.0	42	all	same	same	identical		True
sub-10783	01	1.0	1	all	same	same	identical		True
sub-10783	01	1.0	2	all	same	same	identical		True
sub-10783	01	1.0	3	all	same	same	identical		True
sub-10783	01	1.0	4	all	same	same	identical		True
sub-10783	01	1.0	5	all	same	same	identical		True
sub-10783	01	1.0	6	all	same	same	identical		True
sub-10783	01	1.0	7	all	same	same	identical		True
sub-10783	01	1.0	8	all	same	same	identical		True
sub-10783	01	1.0	9	all	same	same	identical		True
sub-10783	01	1.0	10	all	same	same	identical		True
sub-10783	01	1.0	11	all	same	same	identical		True
sub-10783	01	1.0	12	all	same	same	identical		True
sub-10783	01	1.0	13	all	same	same	identical		True
sub-10783	01	1.0	14	all	same	same	identical		True
sub-10783	01	1.0	15	all	same	same	identical		True
sub-10783	01	1.0	16	all	same	same	identical		True
sub-10783	01	1.0	17	all	same	same	identical		True
sub-10783	01	1.0	18	all	same	same	identical		True
sub-10783	01	1.0	19	all	same	same	identical		True
sub-10783	01	1.0	20	all	same	same	identical		True
sub-10783	01	1.0	21	all	same	same	identical		True
sub-10783	01	1.0	22	all	same	same	identical		True
sub-10783	01	1.0	23	all	same	same	identical		True
sub-10783	01	1.0	24	all	same	same	identical		True
sub-10783	01	1.0	25	all	same	same	identical		True
sub-10783	01	1.0	26	all	same	same	identical		True
sub-10783	01	1.0	27	all	same	same	identical		True
sub-10783	01	1.0	28	all	same	same	identical		True
sub-10783	01	1.0	29	all	same	same	identical		True
sub-10783	01	1.0	30	all	same	same	identical		True
sub-10783	01	1.0	31	all	same	same	identical		True
sub-10783	01	1.0	32	all	same	same	identical		True
sub-10783	01	1.0	33	all	same	same	identical		True
sub-10783	01	1.0	34	all	same	same	identical		True
sub-10783	01	1.0	35	all	same	same	identical		True
sub-10783	01	1.0	36	all	same	same	identical		True
sub-10783	01	1.0	37	all	same	same	identical		True
sub-10783	01	1.0	38	all	same	same	identical		True
sub-10783	01	1.0	39	all	same	same	identical		True
sub-10783	01	1.0	40	all	same	same	identical		True
sub-10783	01	1.0	41	all	same	same	identical		True
sub-10783	01	1.0	42	all	same	same	identical		True
sub-10783	01	2.0	1	all	same	same	identical		True
sub-10783	01	2.0	2	all	same	same	identical		True
sub-10783	01	2.0	3	all	same	same	identical		True
sub-10783	01	2.0	4	all	same	same	identical		True
sub-10783	01	2.0	5	all	same	same	identical		True
sub-10783	01	2.0	6	all	same	same	identical		True
sub-10783	01	2.0	7	all	same	same	identical		True
sub-10783	01	2.0	8	all	same	same	identical		True
sub-10783	01	2.0	9	all	same	same	identical		True
sub-10783	01	2.0	10	all	same	same	identical		True
sub-10783	01	2.0	11	all	same	same	identical		True
sub-10783	01	2.0	12	all	same	same	identical		True
sub-10783	01	2.0	13	all	same	same	identical		True
sub-10783	01	2.0	14	all	same	same	identical		True
sub-10783	01	2.0	15	all	same	same	identical		True
sub-10783	01	2.0	16	all	same	same	identical		True
sub-10783	01	2.0	17	all	same	same	identical		True
sub-10783	01	2.0	18	all	same	same	identical		True
sub-10783	01	2.0	19	all	same	same	identical		True
sub-10783	01	2.0	20	all	same	same	identical		True
sub-10783	01	2.0	21	all	same	same	identical		True
sub-10783	01	2.0	22	all	same	same	identical		True
sub-10783	01	2.0	23	all	same	same	identical		True
sub-10783	01	2.0	24	all	same	same	identical		True
sub-10783	01	2.0	25	all	same	same	identical		True
sub-10783	01	2.0	26	all	same	same	identical		True
sub-10783	01	2.0	27	all	same	same	identical		True
sub-10783	01	2.0	28	all	same	same	identical		True
sub-10783	01	2.0	29	all	same	same	identical		True
sub-10783	01	2.0	30	all	same	same	identical		True
sub-10783	01	2.0	31	all	same	same	identical		True
sub-10783	01	2.0	32	all	same	same	identical		True
sub-10783	01	2.0	33	all	same	same	identical		True
sub-10783	01	2.0	34	all	same	same	identical		True
sub-10783	01	2.0	35	all	same	same	identical		True
sub-10783	01	2.0	36	all	same	same	identical		True
sub-10783	01	2.0	37	all	same	same	identical		True
sub-10783	01	2.0	38	all	same	same	identical		True
sub-10783	01	2.0	39	all	same	same	identical		True
sub-10783	01	2.0	40	all	same	same	identical		True
sub-10783	01	2.0	41	all	same	same	identical		True
sub-10783	01	2.0	42	all	same	same	identical		True
sub-10785	01	1.0	1	all	same	same	identical		True
sub-10785	01	1.0	2	all	same	same	identical		True
sub-10785	01	1.0	3	all	same	same	identical		True
sub-10785	01	1.0	4	all	same	same	identical		True
sub-10785	01	1.0	5	all	same	same	identical		True
sub-10785	01	1.0	6	all	same	same	identical		True
sub-10785	01	1.0	7	all	same	same	identical		True
sub-10785	01	1.0	8	all	same	same	identical		True
sub-10785	01	1.0	9	all	same	same	identical		True
sub-10785	01	1.0	10	all	same	same	identical		True
sub-10785	01	1.0	11	all	same	same	identical		True
sub-10785	01	1.0	12	all	same	same	identical		True
sub-10785	01	1.0	13	all	same	same	identical		True
sub-10785	01	1.0	14	all	same	same	identical		True
sub-10785	01	1.0	15	all	same	same	identical		True
sub-10785	01	1.0	16	all	same	same	identical		True
sub-10785	01	1.0	17	all	same	same	identical		True
sub-10785	01	1.0	18	all	same	same	identical		True
sub-10785	01	1.0	19	all	same	same	identical		True
sub-10785	01	1.0	20	all	same	same	identical		True
sub-10785	01	1.0	21	all	same	same	identical		True
sub-10785	01	1.0	22	all	same	same	identical		True
sub-10785	01	1.0	23	all	same	same	identical		True
sub-10785	01	1.0	24	all	same	same	identical		True
sub-10785	01	1.0	25	all	same	same	identical		True
sub-10785	01	1.0	26	all	same	same	identical		True
sub-10785	01	1.0	27	all	same	same	identical		True
sub-10785	01	1.0	28	all	same	same	identical		True
sub-10785	01	1.0	29	all	same	same	identical		True
sub-10785	01	1.0	30	all	same	same	identical		True
sub-10785	01	1.0	31	all	same	same	identical		True
sub-10785	01	1.0	32	all	same	same	identical		True
sub-10785	01	1.0	33	all	same	same	identical		True
sub-10785	01	1.0	34	all	same	same	identical		True
sub-10785	01	1.0	35	all	same	same	identical		True
sub-10785	01	1.0	36	all	same	same	identical		True
sub-10785	01	1.0	37	all	same	same	identical		True
sub-10785	01	1.0	38	all	same	same	identical		True
sub-10785	01	1.0	39	all	same	same	identical		True
sub-10785	01	1.0	40	all	same	same	identical		True
sub-10785	01	1.0	41	all	same	same	identical		True
sub-10785	01	1.0	42	all	same	same	identical		True
sub-10785	01	2.0	1	all	same	same	identical		True
sub-10785	01	2.0	2	all	same	same	identical		True
sub-10785	01	2.0	3	all	same	same	identical		True
sub-10785	01	2.0	4	all	same	same	identical		True
sub-10785	01	2.0	5	all	same	same	identical		True
sub-10785	01	2.0	6	all	same	same	identical		True
sub-10785	01	2.0	7	all	same	same	identical		True
sub-10785	01	2.0	8	all	same	same	identical		True
sub-10785	01	2.0	9	all	same	same	identical		True
sub-10785	01	2.0	10	all	same	same	identical		True
sub-10785	01	2.0	11	all	same	same	identical		True
sub-10785	01	2.0	12	all	same	same	identical		True
sub-10785	01	2.0	13	all	same	same	identical		True
sub-10785	01	2.0	14	all	same	same	identical		True
sub-10785	01	2.0	15	all	same	same	identical		True
sub-10785	01	2.0	16	all	same	same	identical		True
sub-10785	01	2.0	17	all	same	same	identical		True
sub-10785	01	2.0	18	all	same	same	identical		True
sub-10785	01	2.0	19	all	same	same	identical		True
sub-10785	01	2.0	20	all	same	same	identical		True
sub-10785	01	2.0	21	all	same	same	identical		True
sub-10785	01	2.0	22	all	same	same	identical		True
sub-10785	01	2.0	23	all	same	same	identical		True
sub-10785	01	2.0	24	all	same	same	identical		True
sub-10785	01	2.0	25	all	same	same	identical		True
sub-10785	01	2.0	26	all	same	same	identical		True
sub-10785	01	2.0	27	all	same	same	identical		True
sub-10785	01	2.0	28	all	same	same	identical		True
sub-10785	01	2.0	29	all	same	same	identical		True
sub-10785	01	2.0	30	all	same	same	identical		True
sub-10785	01	2.0	31	all	same	same	identical		True
sub-10785	01	2.0	32	all	same	same	identical		True
sub-10785	01	2.0	33	all	same	same	identical		True
sub-10785	01	2.0	34	all	same	same	identical		True
sub-10785	01	2.0	35	all	same	same	identical		True
sub-10785	01	2.0	36	all	same	same	identical		True
sub-10785	01	2.0	37	all	same	same	identical		True
sub-10785	01	2.0	38	all	same	same	identical		True
sub-10785	01	2.0	39	all	same	same	identical		True
sub-10785	01	2.0	40	all	same	same	identical		True
sub-10785	01	2.0	41	all	same	same	identical		True
sub-10785	01	2.0	42	all	same	same	identical		True
sub-10794	01	1.0	1	all	same	same	identical		True
sub-10794	01	1.0	2	all	same	same	identical		True
sub-10794	01	1.0	3	all	same	same	identical		True
sub-10794	01	1.0	4	all	same	same	identical		True
sub-10794	01	1.0	5	all	same	same	identical		True
sub-10794	01	1.0	6	all	same	same	identical		True
sub-10794	01	1.0	7	all	same	same	identical		True
sub-10794	01	1.0	8	all	same	same	identical		True
sub-10794	01	1.0	9	all	same	same	identical		True
sub-10794	01	1.0	10	all	same	same	identical		True
sub-10794	01	1.0	11	all	same	same	identical		True
sub-10794	01	1.0	12	all	same	same	identical		True
sub-10794	01	1.0	13	all	same	same	identical		True
sub-10794	01	1.0	14	all	same	same	identical		True
sub-10794	01	1.0	15	all	same	same	identical		True
sub-10794	01	1.0	16	all	same	same	identical		True
sub-10794	01	1.0	17	all	same	same	identical		True
sub-10794	01	1.0	18	all	same	same	identical		True
sub-10794	01	1.0	19	all	same	same	identical		True
sub-10794	01	1.0	20	all	same	same	identical		True
sub-10794	01	1.0	21	all	same	same	identical		True
sub-10794	01	1.0	22	all	same	same	identical		True
sub-10794	01	1.0	23	all	same	same	identical		True
sub-10794	01	1.0	24	all	same	same	identical		True
sub-10794	01	1.0	25	all	same	same	identical		True
sub-10794	01	1.0	26	all	same	same	identical		True
sub-10794	01	1.0	27	all	same	same	identical		True
sub-10794	01	1.0	28	all	same	same	identical		True
sub-10794	01	1.0	29	all	same	same	identical		True
sub-10794	01	1.0	30	all	same	same	identical		True
sub-10794	01	1.0	31	all	same	same	identical		True
sub-10794	01	1.0	32	all	same	same	identical		True
sub-10794	01	1.0	33	all	same	same	identical		True
sub-10794	01	1.0	34	all	same	same	identical		True
sub-10794	01	1.0	35	all	same	same	identical		True
sub-10794	01	1.0	36	all	same	same	identical		True
sub-10794	01	1.0	37	all	same	same	identical		True
sub-10794	01	1.0	38	all	same	same	identical		True
sub-10794	01	1.0	39	all	same	same	identical		True
sub-10794	01	1.0	40	all	same	same	identical		True
sub-10794	01	1.0	41	all	same	same	identical		True
sub-10794	01	1.0	42	all	same	same	identical		True
sub-10794	01	2.0	1	all	same	same	identical		True
sub-10794	01	2.0	2	all	same	same	identical		True
sub-10794	01	2.0	3	all	same	same	identical		True
sub-10794	01	2.0	4	all	same	same	identical		True
sub-10794	01	2.0	5	all	same	same	identical		True
sub-10794	01	2.0	6	all	same	same	identical		True
sub-10794	01	2.0	7	all	same	same	identical		True
sub-10794	01	2.0	8	all	same	same	identical		True
sub-10794	01	2.0	9	all	same	same	identical		True
sub-10794	01	2.0	10	all	same	same	identical		True
sub-10794	01	2.0	11	all	same	same	identical		True
sub-10794	01	2.0	12	all	same	same	identical		True
sub-10794	01	2.0	13	all	same	same	identical		True
sub-10794	01	2.0	14	all	same	same	identical		True
sub-10794	01	2.0	15	all	same	same	identical		True
sub-10794	01	2.0	16	all	same	same	identical		True
sub-10794	01	2.0	17	all	same	same	identical		True
sub-10794	01	2.0	18	all	same	same	identical		True
sub-10794	01	2.0	19	all	same	same	identical		True
sub-10794	01	2.0	20	all	same	same	identical		True
sub-10794	01	2.0	21	all	same	same	identical		True
sub-10794	01	2.0	22	all	same	same	identical		True
sub-10794	01	2.0	23	all	same	same	identical		True
sub-10794	01	2.0	24	all	same	same	identical		True
sub-10794	01	2.0	25	all	same	same	identical		True
sub-10794	01	2.0	26	all	same	same	identical		True
sub-10794	01	2.0	27	all	same	same	identical		True
sub-10794	01	2.0	28	all	same	same	identical		True
sub-10794	01	2.0	29	all	same	same	identical		True
sub-10794	01	2.0	30	all	same	same	identical		True
sub-10794	01	2.0	31	all	same	same	identical		True
sub-10794	01	2.0	32	all	same	same	identical		True
sub-10794	01	2.0	33	all	same	same	identical		True
sub-10794	01	2.0	34	all	same	same	identical		True
sub-10794	01	2.0	35	all	same	same	identical		True
sub-10794	01	2.0	36	all	same	same	identical		True
sub-10794	01	2.0	37	all	same	same	identical		True
sub-10794	01	2.0	38	all	same	same	identical		True
sub-10794	01	2.0	39	all	same	same	identical		True
sub-10794	01	2.0	40	all	same	same	identical		True
sub-10794	01	2.0	41	all	same	same	identical		True
sub-10794	01	2.0	42	all	same	same	identical		True
sub-10800	01	1.0	1	all	same	same	identical		True
sub-10800	01	1.0	2	all	same	same	identical		True
sub-10800	01	1.0	3	all	same	same	identical		True
sub-10800	01	1.0	4	all	same	same	identical		True
sub-10800	01	1.0	5	all	same	same	identical		True
sub-10800	01	1.0	6	all	same	same	identical		True
sub-10800	01	1.0	7	all	same	same	identical		True
sub-10800	01	1.0	8	all	same	same	identical		True
sub-10800	01	1.0	9	all	same	same	identical		True
sub-10800	01	1.0	10	all	same	same	identical		True
sub-10800	01	1.0	11	all	same	same	identical		True
sub-10800	01	1.0	12	all	same	same	identical		True
sub-10800	01	1.0	13	all	same	same	identical		True
sub-10800	01	1.0	14	all	same	same	identical		True
sub-10800	01	1.0	15	all	same	same	identical		True
sub-10800	01	1.0	16	all	same	same	identical		True
sub-10800	01	1.0	17	all	same	same	identical		True
sub-10800	01	1.0	18	all	same	same	identical		True
sub-10800	01	1.0	19	all	same	same	identical		True
sub-10800	01	1.0	20	all	same	same	identical		True
sub-10800	01	1.0	21	all	same	same	identical		True
sub-10800	01	1.0	22	all	same	same	identical		True
sub-10800	01	1.0	23	all	same	same	identical		True
sub-10800	01	1.0	24	all	same	same	identical		True
sub-10800	01	1.0	25	all	same	same	identical		True
sub-10800	01	1.0	26	all	same	same	identical		True
sub-10800	01	1.0	27	all	same	same	identical		True
sub-10800	01	1.0	28	all	same	same	identical		True
sub-10800	01	1.0	29	all	same	same	identical		True
sub-10800	01	1.0	30	all	same	same	identical		True
sub-10800	01	1.0	31	all	same	same	identical		True
sub-10800	01	1.0	32	all	same	same	identical		True
sub-10800	01	1.0	33	all	same	same	identical		True
sub-10800	01	1.0	34	all	same	same	identical		True
sub-10800	01	1.0	35	all	same	same	identical		True
sub-10800	01	1.0	36	all	same	same	identical		True
sub-10800	01	1.0	37	all	same	same	identical		True
sub-10800	01	1.0	38	all	same	same	identical		True
sub-10800	01	1.0	39	all	same	same	identical		True
sub-10800	01	1.0	40	all	same	same	identical		True
sub-10800	01	1.0	41	all	same	same	identical		True
sub-10800	01	1.0	42	all	same	same	identical		True
sub-10800	01	2.0	1	all	same	same	identical		True
sub-10800	01	2.0	2	all	same	same	identical		True
sub-10800	01	2.0	3	all	same	same	identical		True
sub-10800	01	2.0	4	all	same	same	identical		True
sub-10800	01	2.0	5	all	same	same	identical		True
sub-10800	01	2.0	6	all	same	same	identical		True
sub-10800	01	2.0	7	all	same	same	identical		True
sub-10800	01	2.0	8	all	same	same	identical		True
sub-10800	01	2.0	9	all	same	same	identical		True
sub-10800	01	2.0	10	all	same	same	identical		True
sub-10800	01	2.0	11	all	same	same	identical		True
sub-10800	01	2.0	12	all	same	same	identical		True
sub-10800	01	2.0	13	all	same	same	identical		True
sub-10800	01	2.0	14	all	same	same	identical		True
sub-10800	01	2.0	15	all	same	same	identical		True
sub-10800	01	2.0	16	all	same	same	identical		True
sub-10800	01	2.0	17	all	same	same	identical		True
sub-10800	01	2.0	18	all	same	same	identical		True
sub-10800	01	2.0	19	all	same	same	identical		True
sub-10800	01	2.0	20	all	same	same	identical		True
sub-10800	01	2.0	21	all	same	same	identical		True
sub-10800	01	2.0	22	all	same	same	identical		True
sub-10800	01	2.0	23	all	same	same	identical		True
sub-10800	01	2.0	24	all	same	same	identical		True
sub-10800	01	2.0	25	all	same	same	identical		True
sub-10800	01	2.0	26	all	same	same	identical		True
sub-10800	01	2.0	27	all	same	same	identical		True
sub-10800	01	2.0	28	all	same	same	identical		True
sub-10800	01	2.0	29	all	same	same	identical		True
sub-10800	01	2.0	30	all	same	same	identical		True
sub-10800	01	2.0	31	all	same	same	identical		True
sub-10800	01	2.0	32	all	same	same	identical		True
sub-10800	01	2.0	33	all	same	same	identical		True
sub-10800	01	2.0	34	all	same	same	identical		True
sub-10800	01	2.0	35	all	same	same	identical		True
sub-10800	01	2.0	36	all	same	same	identical		True
sub-10800	01	2.0	37	all	same	same	identical		True
sub-10800	01	2.0	38	all	same	same	identical		True
sub-10800	01	2.0	39	all	same	same	identical		True
sub-10800	01	2.0	40	all	same	same	identical		True
sub-10800	01	2.0	41	all	same	same	identical		True
sub-10800	01	2.0	42	all	same	same	identical		True
sub-10801	01	1.0	1	all	same	same	identical		True
sub-10801	01	1.0	2	all	same	same	identical		True
sub-10801	01	1.0	3	all	same	same	identical		True
sub-10801	01	1.0	4	all	same	same	identical		True
sub-10801	01	1.0	5	all	same	same	identical		True
sub-10801	01	1.0	6	all	same	same	identical		True
sub-10801	01	1.0	7	all	same	same	identical		True
sub-10801	01	1.0	8	all	same	same	identical		True
sub-10801	01	1.0	9	all	same	same	identical		True
sub-10801	01	1.0	10	all	same	same	identical		True
sub-10801	01	1.0	11	all	same	same	identical		True
sub-10801	01	1.0	12	all	same	same	identical		True
sub-10801	01	1.0	13	all	same	same	identical		True
sub-10801	01	1.0	14	all	same	same	identical		True
sub-10801	01	1.0	15	all	same	same	identical		True
sub-10801	01	1.0	16	all	same	same	identical		True
sub-10801	01	1.0	17	all	same	same	identical		True
sub-10801	01	1.0	18	all	same	same	identical		True
sub-10801	01	1.0	19	all	same	same	identical		True
sub-10801	01	1.0	20	all	same	same	identical		True
sub-10801	01	1.0	21	all	same	same	identical		True
sub-10801	01	1.0	22	all	same	same	identical		True
sub-10801	01	1.0	23	all	same	same	identical		True
sub-10801	01	1.0	24	all	same	same	identical		True
sub-10801	01	1.0	25	all	same	same	identical		True
sub-10801	01	1.0	26	all	same	same	identical		True
sub-10801	01	1.0	27	all	same	same	identical		True
sub-10801	01	1.0	28	all	same	same	identical		True
sub-10801	01	1.0	29	all	same	same	identical		True
sub-10801	01	1.0	30	all	same	same	identical		True
sub-10801	01	1.0	31	all	same	same	identical		True
sub-10801	01	1.0	32	all	same	same	identical		True
sub-10801	01	1.0	33	all	same	same	identical		True
sub-10801	01	1.0	34	all	same	same	identical		True
sub-10801	01	1.0	35	all	same	same	identical		True
sub-10801	01	1.0	36	all	same	same	identical		True
sub-10801	01	1.0	37	all	same	same	identical		True
sub-10801	01	1.0	38	all	same	same	identical		True
sub-10801	01	1.0	39	all	same	same	identical		True
sub-10801	01	1.0	40	all	same	same	identical		True
sub-10801	01	1.0	41	all	same	same	identical		True
sub-10801	01	1.0	42	all	same	same	identical		True
sub-10801	01	2.0	1	all	same	same	identical		True
sub-10801	01	2.0	2	all	same	same	identical		True
sub-10801	01	2.0	3	all	same	same	identical		True
sub-10801	01	2.0	4	all	same	same	identical		True
sub-10801	01	2.0	5	all	same	same	identical		True
sub-10801	01	2.0	6	all	same	same	identical		True
sub-10801	01	2.0	7	all	same	same	identical		True
sub-10801	01	2.0	8	all	same	same	identical		True
sub-10801	01	2.0	9	all	same	same	identical		True
sub-10801	01	2.0	10	all	same	same	identical		True
sub-10801	01	2.0	11	all	same	same	identical		True
sub-10801	01	2.0	12	all	same	same	identical		True
sub-10801	01	2.0	13	all	same	same	identical		True
sub-10801	01	2.0	14	all	same	same	identical		True
sub-10801	01	2.0	15	all	same	same	identical		True
sub-10801	01	2.0	16	all	same	same	identical		True
sub-10801	01	2.0	17	all	same	same	identical		True
sub-10801	01	2.0	18	all	same	same	identical		True
sub-10801	01	2.0	19	all	same	same	identical		True
sub-10801	01	2.0	20	all	same	same	identical		True
sub-10801	01	2.0	21	all	same	same	identical		True
sub-10801	01	2.0	22	all	same	same	identical		True
sub-10801	01	2.0	23	all	same	same	identical		True
sub-10801	01	2.0	24	all	same	same	identical		True
sub-10801	01	2.0	25	all	same	same	identical		True
sub-10801	01	2.0	26	all	same	same	identical		True
sub-10801	01	2.0	27	all	same	same	identical		True
sub-10801	01	2.0	28	all	same	same	identical		True
sub-10801	01	2.0	29	all	same	same	identical		True
sub-10801	01	2.0	30	all	same	same	identical		True
sub-10801	01	2.0	31	all	same	same	identical		True
sub-10801	01	2.0	32	all	same	same	identical		True
sub-10801	01	2.0	33	all	same	same	identical		True
sub-10801	01	2.0	34	all	same	same	identical		True
sub-10801	01	2.0	35	all	same	same	identical		True
sub-10801	01	2.0	36	all	same	same	identical		True
sub-10801	01	2.0	37	all	same	same	identical		True
sub-10801	01	2.0	38	all	same	same	identical		True
sub-10801	01	2.0	39	all	same	same	identical		True
sub-10801	01	2.0	40	all	same	same	identical		True
sub-10801	01	2.0	41	all	same	same	identical		True
sub-10801	01	2.0	42	all	same	same	identical		True
sub-10802	01	1.0	1	all	same	same	identical		True
sub-10802	01	1.0	2	all	same	same	identical		True
sub-10802	01	1.0	3	all	same	same	identical		True
sub-10802	01	1.0	4	all	same	same	identical		True
sub-10802	01	1.0	5	all	same	same	identical		True
sub-10802	01	1.0	6	all	same	same	identical		True
sub-10802	01	1.0	7	all	same	same	identical		True
sub-10802	01	1.0	8	all	same	same	identical		True
sub-10802	01	1.0	9	all	same	same	identical		True
sub-10802	01	1.0	10	all	same	same	identical		True
sub-10802	01	1.0	11	all	same	same	identical		True
sub-10802	01	1.0	12	all	same	same	identical		True
sub-10802	01	1.0	13	all	same	same	identical		True
sub-10802	01	1.0	14	all	same	same	identical		True
sub-10802	01	1.0	15	all	same	same	identical		True
sub-10802	01	1.0	16	all	same	same	identical		True
sub-10802	01	1.0	17	all	same	same	identical		True
sub-10802	01	1.0	18	all	same	same	identical		True
sub-10802	01	1.0	19	all	same	same	identical		True
sub-10802	01	1.0	20	all	same	same	identical		True
sub-10802	01	1.0	21	all	same	same	identical		True
sub-10802	01	1.0	22	all	same	same	identical		True
sub-10802	01	1.0	23	all	same	same	identical		True
sub-10802	01	1.0	24	all	same	same	identical		True
sub-10802	01	1.0	25	all	same	same	identical		True
sub-10802	01	1.0	26	all	same	same	identical		True
sub-10802	01	1.0	27	all	same	same	identical		True
sub-10802	01	1.0	28	all	same	same	identical		True
sub-10802	01	1.0	29	all	same	same	identical		True
sub-10802	01	1.0	30	all	same	same	identical		True
sub-10802	01	1.0	31	all	same	same	identical		True
sub-10802	01	1.0	32	all	same	same	identical		True
sub-10802	01	1.0	33	all	same	same	identical		True
sub-10802	01	1.0	34	all	same	same	identical		True
sub-10802	01	1.0	35	all	same	same	identical		True
sub-10802	01	1.0	36	all	same	same	identical		True
sub-10802	01	1.0	37	all	same	same	identical		True
sub-10802	01	1.0	38	all	same	same	identical		True
sub-10802	01	1.0	39	all	same	same	identical		True
sub-10802	01	1.0	40	all	same	same	identical		True
sub-10802	01	1.0	41	all	same	same	identical		True
sub-10802	01	1.0	42	all	same	same	identical		True
sub-10802	01	2.0	1	all	same	same	identical		True
sub-10802	01	2.0	2	all	same	same	identical		True
sub-10802	01	2.0	3	all	same	same	identical		True
sub-10802	01	2.0	4	all	same	same	identical		True
sub-10802	01	2.0	5	all	same	same	identical		True
sub-10802	01	2.0	6	all	same	same	identical		True
sub-10802	01	2.0	7	all	same	same	identical		True
sub-10802	01	2.0	8	all	same	same	identical		True
sub-10802	01	2.0	9	all	same	same	identical		True
sub-10802	01	2.0	10	all	same	same	identical		True
sub-10802	01	2.0	11	all	same	same	identical		True
sub-10802	01	2.0	12	all	same	same	identical		True
sub-10802	01	2.0	13	all	same	same	identical		True
sub-10802	01	2.0	14	all	same	same	identical		True
sub-10802	01	2.0	15	all	same	same	identical		True
sub-10802	01	2.0	16	all	same	same	identical		True
sub-10802	01	2.0	17	all	same	same	identical		True
sub-10802	01	2.0	18	all	same	same	identical		True
sub-10802	01	2.0	19	all	same	same	identical		True
sub-10802	01	2.0	20	all	same	same	identical		True
sub-10802	01	2.0	21	all	same	same	identical		True
sub-10802	01	2.0	22	all	same	same	identical		True
sub-10802	01	2.0	23	all	same	same	identical		True
sub-10802	01	2.0	24	all	same	same	identical		True
sub-10802	01	2.0	25	all	same	same	identical		True
sub-10802	01	2.0	26	all	same	same	identical		True
sub-10802	01	2.0	27	all	same	same	identical		True
sub-10802	01	2.0	28	all	same	same	identical		True
sub-10802	01	2.0	29	all	same	same	identical		True
sub-10802	01	2.0	30	all	same	same	identical		True
sub-10802	01	2.0	31	all	same	same	identical		True
sub-10802	01	2.0	32	all	same	same	identical		True
sub-10802	01	2.0	33	all	same	same	identical		True
sub-10802	01	2.0	34	all	same	same	identical		True
sub-10802	01	2.0	35	all	same	same	identical		True
sub-10802	01	2.0	36	all	same	same	identical		True
sub-10802	01	2.0	37	all	same	same	identical		True
sub-10802	01	2.0	38	all	same	same	identical		True
sub-10802	01	2.0	39	all	same	same	identical		True
sub-10802	01	2.0	40	all	same	same	identical		True
sub-10802	01	2.0	41	all	same	same	identical		True
sub-10802	01	2.0	42	all	same	same	identical		True
sub-10803	01	1.0	1	all	same	same	identical		True
sub-10803	01	1.0	2	all	same	same	identical		True
sub-10803	01	1.0	3	all	same	same	identical		True
sub-10803	01	1.0	4	all	same	same	identical		True
sub-10803	01	1.0	5	all	same	same	identical		True
sub-10803	01	1.0	6	all	same	same	identical		True
sub-10803	01	1.0	7	all	same	same	identical		True
sub-10803	01	1.0	8	all	same	same	identical		True
sub-10803	01	1.0	9	all	same	same	identical		True
sub-10803	01	1.0	10	all	same	same	identical		True
sub-10803	01	1.0	11	all	same	same	identical		True
sub-10803	01	1.0	12	all	same	same	identical		True
sub-10803	01	1.0	13	all	same	same	identical		True
sub-10803	01	1.0	14	all	same	same	identical		True
sub-10803	01	1.0	15	all	same	same	identical		True
sub-10803	01	1.0	16	all	same	same	identical		True
sub-10803	01	1.0	17	all	same	same	identical		True
sub-10803	01	1.0	18	all	same	same	identical		True
sub-10803	01	1.0	19	all	same	same	identical		True
sub-10803	01	1.0	20	all	same	same	identical		True
sub-10803	01	1.0	21	all	same	same	identical		True
sub-10803	01	1.0	22	all	same	same	identical		True
sub-10803	01	1.0	23	all	same	same	identical		True
sub-10803	01	1.0	24	all	same	same	identical		True
sub-10803	01	1.0	25	all	same	same	identical		True
sub-10803	01	1.0	26	all	same	same	identical		True
sub-10803	01	1.0	27	all	same	same	identical		True
sub-10803	01	1.0	28	all	same	same	identical		True
sub-10803	01	1.0	29	all	same	same	identical		True
sub-10803	01	1.0	30	all	same	same	identical		True
sub-10803	01	1.0	31	all	same	same	identical		True
sub-10803	01	1.0	32	all	same	same	identical		True
sub-10803	01	1.0	33	all	same	same	identical		True
sub-10803	01	1.0	34	all	same	same	identical		True
sub-10803	01	1.0	35	all	same	same	identical		True
sub-10803	01	1.0	36	all	same	same	identical		True
sub-10803	01	1.0	37	all	same	same	identical		True
sub-10803	01	1.0	38	all	same	same	identical		True
sub-10803	01	1.0	39	all	same	same	identical		True
sub-10803	01	1.0	40	all	same	same	identical		True
sub-10803	01	1.0	41	all	same	same	identical		True
sub-10803	01	1.0	42	all	same	same	identical		True
sub-10804	01	1.0	1	all	same	same	identical		True
sub-10804	01	1.0	2	all	same	same	identical		True
sub-10804	01	1.0	3	all	same	same	identical		True
sub-10804	01	1.0	4	all	same	same	identical		True
sub-10804	01	1.0	5	all	same	same	identical		True
sub-10804	01	1.0	6	all	same	same	identical		True
sub-10804	01	1.0	7	all	same	same	identical		True
sub-10804	01	1.0	8	all	same	same	identical		True
sub-10804	01	1.0	9	all	same	same	identical		True
sub-10804	01	1.0	10	all	same	same	identical		True
sub-10804	01	1.0	11	all	same	same	identical		True
sub-10804	01	1.0	12	all	same	same	identical		True
sub-10804	01	1.0	13	all	same	same	identical		True
sub-10804	01	1.0	14	all	same	same	identical		True
sub-10804	01	1.0	15	all	same	same	identical		True
sub-10804	01	1.0	16	all	same	same	identical		True
sub-10804	01	1.0	17	all	same	same	identical		True
sub-10804	01	1.0	18	all	same	same	identical		True
sub-10804	01	1.0	19	all	same	same	identical		True
sub-10804	01	1.0	20	all	same	same	identical		True
sub-10804	01	1.0	21	all	same	same	identical		True
sub-10804	01	1.0	22	all	same	same	identical		True
sub-10804	01	1.0	23	all	same	same	identical		True
sub-10804	01	1.0	24	all	same	same	identical		True
sub-10804	01	1.0	25	all	same	same	identical		True
sub-10804	01	1.0	26	all	same	same	identical		True
sub-10804	01	1.0	27	all	same	same	identical		True
sub-10804	01	1.0	28	all	same	same	identical		True
sub-10804	01	1.0	29	all	same	same	identical		True
sub-10804	01	1.0	30	all	same	same	identical		True
sub-10804	01	1.0	31	all	same	same	identical		True
sub-10804	01	1.0	32	all	same	same	identical		True
sub-10804	01	1.0	33	all	same	same	identical		True
sub-10804	01	1.0	34	all	same	same	identical		True
sub-10804	01	1.0	35	all	same	same	identical		True
sub-10804	01	1.0	36	all	same	same	identical		True
sub-10804	01	1.0	37	all	same	same	identical		True
sub-10804	01	1.0	38	all	same	same	identical		True
sub-10804	01	1.0	39	all	same	same	identical		True
sub-10804	01	1.0	40	all	same	same	identical		True
sub-10804	01	1.0	41	all	same	same	identical		True
sub-10804	01	1.0	42	all	same	same	identical		True
sub-10804	01	2.0	1	all	same	same	identical		True
sub-10804	01	2.0	2	all	same	same	identical		True
sub-10804	01	2.0	3	all	same	same	identical		True
sub-10804	01	2.0	4	all	same	same	identical		True
sub-10804	01	2.0	5	all	same	same	identical		True
sub-10804	01	2.0	6	all	same	same	identical		True
sub-10804	01	2.0	7	all	same	same	identical		True
sub-10804	01	2.0	8	all	same	same	identical		True
sub-10804	01	2.0	9	all	same	same	identical		True
sub-10804	01	2.0	10	all	same	same	identical		True
sub-10804	01	2.0	11	all	same	same	identical		True
sub-10804	01	2.0	12	all	same	same	identical		True
sub-10804	01	2.0	13	all	same	same	identical		True
sub-10804	01	2.0	14	all	same	same	identical		True
sub-10804	01	2.0	15	all	same	same	identical		True
sub-10804	01	2.0	16	all	same	same	identical		True
sub-10804	01	2.0	17	all	same	same	identical		True
sub-10804	01	2.0	18	all	same	same	identical		True
sub-10804	01	2.0	19	all	same	same	identical		True
sub-10804	01	2.0	20	all	same	same	identical		True
sub-10804	01	2.0	21	all	same	same	identical		True
sub-10804	01	2.0	22	all	same	same	identical		True
sub-10804	01	2.0	23	all	same	same	identical		True
sub-10804	01	2.0	24	all	same	same	identical		True
sub-10804	01	2.0	25	all	same	same	identical		True
sub-10804	01	2.0	26	all	same	same	identical		True
sub-10804	01	2.0	27	all	same	same	identical		True
sub-10804	01	2.0	28	all	same	same	identical		True
sub-10804	01	2.0	29	all	same	same	identical		True
sub-10804	01	2.0	30	all	same	same	identical		True
sub-10804	01	2.0	31	all	same	same	identical		True
sub-10804	01	2.0	32	all	same	same	identical		True
sub-10804	01	2.0	33	all	same	same	identical		True
sub-10804	01	2.0	34	all	same	same	identical		True
sub-10804	01	2.0	35	all	same	same	identical		True
sub-10804	01	2.0	36	all	same	same	identical		True
sub-10804	01	2.0	37	all	same	same	identical		True
sub-10804	01	2.0	38	all	same	same	identical		True
sub-10804	01	2.0	39	all	same	same	identical		True
sub-10804	01	2.0	40	all	same	same	identical		True
sub-10804	01	2.0	41	all	same	same	identical		True
sub-10804	01	2.0	42	all	same	same	identical		True
sub-10806	01	1.0	1	all	same	same	identical		True
sub-10806	01	1.0	2	all	same	same	identical		True
sub-10806	01	1.0	3	all	same	same	identical		True
sub-10806	01	1.0	4	all	same	same	identical		True
sub-10806	01	1.0	5	all	same	same	identical		True
sub-10806	01	1.0	6	all	same	same	identical		True
sub-10806	01	1.0	7	all	same	same	identical		True
sub-10806	01	1.0	8	all	same	same	identical		True
sub-10806	01	1.0	9	all	same	same	identical		True
sub-10806	01	1.0	10	all	same	same	identical		True
sub-10806	01	1.0	11	all	same	same	identical		True
sub-10806	01	1.0	12	all	same	same	identical		True
sub-10806	01	1.0	13	all	same	same	identical		True
sub-10806	01	1.0	14	all	same	same	identical		True
sub-10806	01	1.0	15	all	same	same	identical		True
sub-10806	01	1.0	16	all	same	same	identical		True
sub-10806	01	1.0	17	all	same	same	identical		True
sub-10806	01	1.0	18	all	same	same	identical		True
sub-10806	01	1.0	19	all	same	same	identical		True
sub-10806	01	1.0	20	all	same	same	identical		True
sub-10806	01	1.0	21	all	same	same	identical		True
sub-10806	01	1.0	22	all	same	same	identical		True
sub-10806	01	1.0	23	all	same	same	identical		True
sub-10806	01	1.0	24	all	same	same	identical		True
sub-10806	01	1.0	25	all	same	same	identical		True
sub-10806	01	1.0	26	all	same	same	identical		True
sub-10806	01	1.0	27	all	same	same	identical		True
sub-10806	01	1.0	28	all	same	same	identical		True
sub-10806	01	1.0	29	all	same	same	identical		True
sub-10806	01	1.0	30	all	same	same	identical		True
sub-10806	01	1.0	31	all	same	same	identical		True
sub-10806	01	1.0	32	all	same	same	identical		True
sub-10806	01	1.0	33	all	same	same	identical		True
sub-10806	01	1.0	34	all	same	same	identical		True
sub-10806	01	1.0	35	all	same	same	identical		True
sub-10806	01	1.0	36	all	same	same	identical		True
sub-10806	01	1.0	37	all	same	same	identical		True
sub-10806	01	1.0	38	all	same	same	identical		True
sub-10806	01	1.0	39	all	same	same	identical		True
sub-10806	01	1.0	40	all	same	same	identical		True
sub-10806	01	1.0	41	all	same	same	identical		True
sub-10806	01	1.0	42	all	same	same	identical		True
sub-10806	01	2.0	1	all	same	same	identical		True
sub-10806	01	2.0	2	all	same	same	identical		True
sub-10806	01	2.0	3	all	same	same	identical		True
sub-10806	01	2.0	4	all	same	same	identical		True
sub-10806	01	2.0	5	all	same	same	identical		True
sub-10806	01	2.0	6	all	same	same	identical		True
sub-10806	01	2.0	7	all	same	same	identical		True
sub-10806	01	2.0	8	all	same	same	identical		True
sub-10806	01	2.0	9	all	same	same	identical		True
sub-10806	01	2.0	10	all	same	same	identical		True
sub-10806	01	2.0	11	all	same	same	identical		True
sub-10806	01	2.0	12	all	same	same	identical		True
sub-10806	01	2.0	13	all	same	same	identical		True
sub-10806	01	2.0	14	all	same	same	identical		True
sub-10806	01	2.0	15	all	same	same	identical		True
sub-10806	01	2.0	16	all	same	same	identical		True
sub-10806	01	2.0	17	all	same	same	identical		True
sub-10806	01	2.0	18	all	same	same	identical		True
sub-10806	01	2.0	19	all	same	same	identical		True
sub-10806	01	2.0	20	all	same	same	identical		True
sub-10806	01	2.0	21	all	same	same	identical		True
sub-10806	01	2.0	22	all	same	same	identical		True
sub-10806	01	2.0	23	all	same	same	identical		True
sub-10806	01	2.0	24	all	same	same	identical		True
sub-10806	01	2.0	25	all	same	same	identical		True
sub-10806	01	2.0	26	all	same	same	identical		True
sub-10806	01	2.0	27	all	same	same	identical		True
sub-10806	01	2.0	28	all	same	same	identical		True
sub-10806	01	2.0	29	all	same	same	identical		True
sub-10806	01	2.0	30	all	same	same	identical		True
sub-10806	01	2.0	31	all	same	same	identical		True
sub-10806	01	2.0	32	all	same	same	identical		True
sub-10806	01	2.0	33	all	same	same	identical		True
sub-10806	01	2.0	34	all	same	same	identical		True
sub-10806	01	2.0	35	all	same	same	identical		True
sub-10806	01	2.0	36	all	same	same	identical		True
sub-10806	01	2.0	37	all	same	same	identical		True
sub-10806	01	2.0	38	all	same	same	identical		True
sub-10806	01	2.0	39	all	same	same	identical		True
sub-10806	01	2.0	40	all	same	same	identical		True
sub-10806	01	2.0	41	all	same	same	identical		True
sub-10806	01	2.0	42	all	same	same	identical		True
sub-10807	01	1.0	1	all	same	same	identical		True
sub-10807	01	1.0	2	all	same	same	identical		True
sub-10807	01	1.0	3	all	same	same	identical		True
sub-10807	01	1.0	4	all	same	same	identical		True
sub-10807	01	1.0	5	all	same	same	identical		True
sub-10807	01	1.0	6	all	same	same	identical		True
sub-10807	01	1.0	7	all	same	same	identical		True
sub-10807	01	1.0	8	all	same	same	identical		True
sub-10807	01	1.0	9	all	same	same	identical		True
sub-10807	01	1.0	10	all	same	same	identical		True
sub-10807	01	1.0	11	all	same	same	identical		True
sub-10807	01	1.0	12	all	same	same	identical		True
sub-10807	01	1.0	13	all	same	same	identical		True
sub-10807	01	1.0	14	all	same	same	identical		True
sub-10807	01	1.0	15	all	same	same	identical		True
sub-10807	01	1.0	16	all	same	same	identical		True
sub-10807	01	1.0	17	all	same	same	identical		True
sub-10807	01	1.0	18	all	same	same	identical		True
sub-10807	01	1.0	19	all	same	same	identical		True
sub-10807	01	1.0	20	all	same	same	identical		True
sub-10807	01	1.0	21	all	same	same	identical		True
sub-10807	01	1.0	22	all	same	same	identical		True
sub-10807	01	1.0	23	all	same	same	identical		True
sub-10807	01	1.0	24	all	same	same	identical		True
sub-10807	01	1.0	25	all	same	same	identical		True
sub-10807	01	1.0	26	all	same	same	identical		True
sub-10807	01	1.0	27	all	same	same	identical		True
sub-10807	01	1.0	28	all	same	same	identical		True
sub-10807	01	1.0	29	all	same	same	identical		True
sub-10807	01	1.0	30	all	same	same	identical		True
sub-10807	01	1.0	31	all	same	same	identical		True
sub-10807	01	1.0	32	all	same	same	identical		True
sub-10807	01	1.0	33	all	same	same	identical		True
sub-10807	01	1.0	34	all	same	same	identical		True
sub-10807	01	1.0	35	all	same	same	identical		True
sub-10807	01	1.0	36	all	same	same	identical		True
sub-10807	01	1.0	37	all	same	same	identical		True
sub-10807	01	1.0	38	all	same	same	identical		True
sub-10807	01	1.0	39	all	same	same	identical		True
sub-10807	01	1.0	40	all	same	same	identical		True
sub-10807	01	1.0	41	all	same	same	identical		True
sub-10807	01	1.0	42	all	same	same	identical		True
sub-10807	01	2.0	1	all	same	same	identical		True
sub-10807	01	2.0	2	all	same	same	identical		True
sub-10807	01	2.0	3	all	same	same	identical		True
sub-10807	01	2.0	4	all	same	same	identical		True
sub-10807	01	2.0	5	all	same	same	identical		True
sub-10807	01	2.0	6	all	same	same	identical		True
sub-10807	01	2.0	7	all	same	same	identical		True
sub-10807	01	2.0	8	all	same	same	identical		True
sub-10807	01	2.0	9	all	same	same	identical		True
sub-10807	01	2.0	10	all	same	same	identical		True
sub-10807	01	2.0	11	all	same	same	identical		True
sub-10807	01	2.0	12	all	same	same	identical		True
sub-10807	01	2.0	13	all	same	same	identical		True
sub-10807	01	2.0	14	all	same	same	identical		True
sub-10807	01	2.0	15	all	same	same	identical		True
sub-10807	01	2.0	16	all	same	same	identical		True
sub-10807	01	2.0	17	all	same	same	identical		True
sub-10807	01	2.0	18	all	same	same	identical		True
sub-10807	01	2.0	19	all	same	same	identical		True
sub-10807	01	2.0	20	all	same	same	identical		True
sub-10807	01	2.0	21	all	same	same	identical		True
sub-10807	01	2.0	22	all	same	same	identical		True
sub-10807	01	2.0	23	all	same	same	identical		True
sub-10807	01	2.0	24	all	same	same	identical		True
sub-10807	01	2.0	25	all	same	same	identical		True
sub-10807	01	2.0	26	all	same	same	identical		True
sub-10807	01	2.0	27	all	same	same	identical		True
sub-10807	01	2.0	28	all	same	same	identical		True
sub-10807	01	2.0	29	all	same	same	identical		True
sub-10807	01	2.0	30	all	same	same	identical		True
sub-10807	01	2.0	31	all	same	same	identical		True
sub-10807	01	2.0	32	all	same	same	identical		True
sub-10807	01	2.0	33	all	same	same	identical		True
sub-10807	01	2.0	34	all	same	same	identical		True
sub-10807	01	2.0	35	all	same	same	identical		True
sub-10807	01	2.0	36	all	same	same	identical		True
sub-10807	01	2.0	37	all	same	same	identical		True
sub-10807	01	2.0	38	all	same	same	identical		True
sub-10807	01	2.0	39	all	same	same	identical		True
sub-10807	01	2.0	40	all	same	same	identical		True
sub-10807	01	2.0	41	all	same	same	identical		True
sub-10807	01	2.0	42	all	same	same	identical		True
sub-10809	01	1.0	1	all	same	same	identical		True
sub-10809	01	1.0	2	all	same	same	identical		True
sub-10809	01	1.0	3	all	same	same	identical		True
sub-10809	01	1.0	4	all	same	same	identical		True
sub-10809	01	1.0	5	all	same	same	identical		True
sub-10809	01	1.0	6	all	same	same	identical		True
sub-10809	01	1.0	7	all	same	same	identical		True
sub-10809	01	1.0	8	all	same	same	identical		True
sub-10809	01	1.0	9	all	same	same	identical		True
sub-10809	01	1.0	10	all	same	same	identical		True
sub-10809	01	1.0	11	all	same	same	identical		True
sub-10809	01	1.0	12	all	same	same	identical		True
sub-10809	01	1.0	13	all	same	same	identical		True
sub-10809	01	1.0	14	all	same	same	identical		True
sub-10809	01	1.0	15	all	same	same	identical		True
sub-10809	01	1.0	16	all	same	same	identical		True
sub-10809	01	1.0	17	all	same	same	identical		True
sub-10809	01	1.0	18	all	same	same	identical		True
sub-10809	01	1.0	19	all	same	same	identical		True
sub-10809	01	1.0	20	all	same	same	identical		True
sub-10809	01	1.0	21	all	same	same	identical		True
sub-10809	01	1.0	22	all	same	same	identical		True
sub-10809	01	1.0	23	all	same	same	identical		True
sub-10809	01	1.0	24	all	same	same	identical		True
sub-10809	01	1.0	25	all	same	same	identical		True
sub-10809	01	1.0	26	all	same	same	identical		True
sub-10809	01	1.0	27	all	same	same	identical		True
sub-10809	01	1.0	28	all	same	same	identical		True
sub-10809	01	1.0	29	all	same	same	identical		True
sub-10809	01	1.0	30	all	same	same	identical		True
sub-10809	01	1.0	31	all	same	same	identical		True
sub-10809	01	1.0	32	all	same	same	identical		True
sub-10809	01	1.0	33	all	same	same	identical		True
sub-10809	01	1.0	34	all	same	same	identical		True
sub-10809	01	1.0	35	all	same	same	identical		True
sub-10809	01	1.0	36	all	same	same	identical		True
sub-10809	01	1.0	37	all	same	same	identical		True
sub-10809	01	1.0	38	all	same	same	identical		True
sub-10809	01	1.0	39	all	same	same	identical		True
sub-10809	01	1.0	40	all	same	same	identical		True
sub-10809	01	1.0	41	all	same	same	identical		True
sub-10809	01	1.0	42	all	same	same	identical		True
sub-10809	01	2.0	1	all	same	same	identical		True
sub-10809	01	2.0	2	all	same	same	identical		True
sub-10809	01	2.0	3	all	same	same	identical		True
sub-10809	01	2.0	4	all	same	same	identical		True
sub-10809	01	2.0	5	all	same	same	identical		True
sub-10809	01	2.0	6	all	same	same	identical		True
sub-10809	01	2.0	7	all	same	same	identical		True
sub-10809	01	2.0	8	all	same	same	identical		True
sub-10809	01	2.0	9	all	same	same	identical		True
sub-10809	01	2.0	10	all	same	same	identical		True
sub-10809	01	2.0	11	all	same	same	identical		True
sub-10809	01	2.0	12	all	same	same	identical		True
sub-10809	01	2.0	13	all	same	same	identical		True
sub-10809	01	2.0	14	all	same	same	identical		True
sub-10809	01	2.0	15	all	same	same	identical		True
sub-10809	01	2.0	16	all	same	same	identical		True
sub-10809	01	2.0	17	all	same	same	identical		True
sub-10809	01	2.0	18	all	same	same	identical		True
sub-10809	01	2.0	19	all	same	same	identical		True
sub-10809	01	2.0	20	all	same	same	identical		True
sub-10809	01	2.0	21	all	same	same	identical		True
sub-10809	01	2.0	22	all	same	same	identical		True
sub-10809	01	2.0	23	all	same	same	identical		True
sub-10809	01	2.0	24	all	same	same	identical		True
sub-10809	01	2.0	25	all	same	same	identical		True
sub-10809	01	2.0	26	all	same	same	identical		True
sub-10809	01	2.0	27	all	same	same	identical		True
sub-10809	01	2.0	28	all	same	same	identical		True
sub-10809	01	2.0	29	all	same	same	identical		True
sub-10809	01	2.0	30	all	same	same	identical		True
sub-10809	01	2.0	31	all	same	same	identical		True
sub-10809	01	2.0	32	all	same	same	identical		True
sub-10809	01	2.0	33	all	same	same	identical		True
sub-10809	01	2.0	34	all	same	same	identical		True
sub-10809	01	2.0	35	all	same	same	identical		True
sub-10809	01	2.0	36	all	same	same	identical		True
sub-10809	01	2.0	37	all	same	same	identical		True
sub-10809	01	2.0	38	all	same	same	identical		True
sub-10809	01	2.0	39	all	same	same	identical		True
sub-10809	01	2.0	40	all	same	same	identical		True
sub-10809	01	2.0	41	all	same	same	identical		True
sub-10809	01	2.0	42	all	same	same	identical		True
sub-10810	01	1.0	1	all	same	same	identical		True
sub-10810	01	1.0	2	all	same	same	identical		True
sub-10810	01	1.0	3	all	same	same	identical		True
sub-10810	01	1.0	4	all	same	same	identical		True
sub-10810	01	1.0	5	all	same	same	identical		True
sub-10810	01	1.0	6	all	same	same	identical		True
sub-10810	01	1.0	7	all	same	same	identical		True
sub-10810	01	1.0	8	all	same	same	identical		True
sub-10810	01	1.0	9	all	same	same	identical		True
sub-10810	01	1.0	10	all	same	same	identical		True
sub-10810	01	1.0	11	all	same	same	identical		True
sub-10810	01	1.0	12	all	same	same	identical		True
sub-10810	01	1.0	13	all	same	same	identical		True
sub-10810	01	1.0	14	all	same	same	identical		True
sub-10810	01	1.0	15	all	same	same	identical		True
sub-10810	01	1.0	16	all	same	same	identical		True
sub-10810	01	1.0	17	all	same	same	identical		True
sub-10810	01	1.0	18	all	same	same	identical		True
sub-10810	01	1.0	19	all	same	same	identical		True
sub-10810	01	1.0	20	all	same	same	identical		True
sub-10810	01	1.0	21	all	same	same	identical		True
sub-10810	01	1.0	22	all	same	same	identical		True
sub-10810	01	1.0	23	all	same	same	identical		True
sub-10810	01	1.0	24	all	same	same	identical		True
sub-10810	01	1.0	25	all	same	same	identical		True
sub-10810	01	1.0	26	all	same	same	identical		True
sub-10810	01	1.0	27	all	same	same	identical		True
sub-10810	01	1.0	28	all	same	same	identical		True
sub-10810	01	1.0	29	all	same	same	identical		True
sub-10810	01	1.0	30	all	same	same	identical		True
sub-10810	01	1.0	31	all	same	same	identical		True
sub-10810	01	1.0	32	all	same	same	identical		True
sub-10810	01	1.0	33	all	same	same	identical		True
sub-10810	01	1.0	34	all	same	same	identical		True
sub-10810	01	1.0	35	all	same	same	identical		True
sub-10810	01	1.0	36	all	same	same	identical		True
sub-10810	01	1.0	37	all	same	same	identical		True
sub-10810	01	1.0	38	all	same	same	identical		True
sub-10810	01	1.0	39	all	same	same	identical		True
sub-10810	01	1.0	40	all	same	same	identical		True
sub-10810	01	1.0	41	all	same	same	identical		True
sub-10810	01	1.0	42	all	same	same	identical		True
sub-10810	01	2.0	1	all	same	same	identical		True
sub-10810	01	2.0	2	all	same	same	identical		True
sub-10810	01	2.0	3	all	same	same	identical		True
sub-10810	01	2.0	4	all	same	same	identical		True
sub-10810	01	2.0	5	all	same	same	identical		True
sub-10810	01	2.0	6	all	same	same	identical		True
sub-10810	01	2.0	7	all	same	same	identical		True
sub-10810	01	2.0	8	all	same	same	identical		True
sub-10810	01	2.0	9	all	same	same	identical		True
sub-10810	01	2.0	10	all	same	same	identical		True
sub-10810	01	2.0	11	all	same	same	identical		True
sub-10810	01	2.0	12	all	same	same	identical		True
sub-10810	01	2.0	13	all	same	same	identical		True
sub-10810	01	2.0	14	all	same	same	identical		True
sub-10810	01	2.0	15	all	same	same	identical		True
sub-10810	01	2.0	16	all	same	same	identical		True
sub-10810	01	2.0	17	all	same	same	identical		True
sub-10810	01	2.0	18	all	same	same	identical		True
sub-10810	01	2.0	19	all	same	same	identical		True
sub-10810	01	2.0	20	all	same	same	identical		True
sub-10810	01	2.0	21	all	same	same	identical		True
sub-10810	01	2.0	22	all	same	same	identical		True
sub-10810	01	2.0	23	all	same	same	identical		True
sub-10810	01	2.0	24	all	same	same	identical		True
sub-10810	01	2.0	25	all	same	same	identical		True
sub-10810	01	2.0	26	all	same	same	identical		True
sub-10810	01	2.0	27	all	same	same	identical		True
sub-10810	01	2.0	28	all	same	same	identical		True
sub-10810	01	2.0	29	all	same	same	identical		True
sub-10810	01	2.0	30	all	same	same	identical		True
sub-10810	01	2.0	31	all	same	same	identical		True
sub-10810	01	2.0	32	all	same	same	identical		True
sub-10810	01	2.0	33	all	same	same	identical		True
sub-10810	01	2.0	34	all	same	same	identical		True
sub-10810	01	2.0	35	all	same	same	identical		True
sub-10810	01	2.0	36	all	same	same	identical		True
sub-10810	01	2.0	37	all	same	same	identical		True
sub-10810	01	2.0	38	all	same	same	identical		True
sub-10810	01	2.0	39	all	same	same	identical		True
sub-10810	01	2.0	40	all	same	same	identical		True
sub-10810	01	2.0	41	all	same	same	identical		True
sub-10810	01	2.0	42	all	same	same	identical		True
sub-10812	01	1.0	1	all	same	same	identical		True
sub-10812	01	1.0	2	all	same	same	identical		True
sub-10812	01	1.0	3	all	same	same	identical		True
sub-10812	01	1.0	4	all	same	same	identical		True
sub-10812	01	1.0	5	all	same	same	identical		True
sub-10812	01	1.0	6	all	same	same	identical		True
sub-10812	01	1.0	7	all	same	same	identical		True
sub-10812	01	1.0	8	all	same	same	identical		True
sub-10812	01	1.0	9	all	same	same	identical		True
sub-10812	01	1.0	10	all	same	same	identical		True
sub-10812	01	1.0	11	all	same	same	identical		True
sub-10812	01	1.0	12	all	same	same	identical		True
sub-10812	01	1.0	13	all	same	same	identical		True
sub-10812	01	1.0	14	all	same	same	identical		True
sub-10812	01	1.0	15	all	same	same	identical		True
sub-10812	01	1.0	16	all	same	same	identical		True
sub-10812	01	1.0	17	all	same	same	identical		True
sub-10812	01	1.0	18	all	same	same	identical		True
sub-10812	01	1.0	19	all	same	same	identical		True
sub-10812	01	1.0	20	all	same	same	identical		True
sub-10812	01	1.0	21	all	same	same	identical		True
sub-10812	01	1.0	22	all	same	same	identical		True
sub-10812	01	1.0	23	all	same	same	identical		True
sub-10812	01	1.0	24	all	same	same	identical		True
sub-10812	01	1.0	25	all	same	same	identical		True
sub-10812	01	1.0	26	all	same	same	identical		True
sub-10812	01	1.0	27	all	same	same	identical		True
sub-10812	01	1.0	28	all	same	same	identical		True
sub-10812	01	1.0	29	all	same	same	identical		True
sub-10812	01	1.0	30	all	same	same	identical		True
sub-10812	01	1.0	31	all	same	same	identical		True
sub-10812	01	1.0	32	all	same	same	identical		True
sub-10812	01	1.0	33	all	same	same	identical		True
sub-10812	01	1.0	34	all	same	same	identical		True
sub-10812	01	1.0	35	all	same	same	identical		True
sub-10812	01	1.0	36	all	same	same	identical		True
sub-10812	01	1.0	37	all	same	same	identical		True
sub-10812	01	1.0	38	all	same	same	identical		True
sub-10812	01	1.0	39	all	same	same	identical		True
sub-10812	01	1.0	40	all	same	same	identical		True
sub-10812	01	1.0	41	all	same	same	identical		True
sub-10812	01	1.0	42	all	same	same	identical		True
sub-10812	01	2.0	1	all	same	same	identical		True
sub-10812	01	2.0	2	all	same	same	identical		True
sub-10812	01	2.0	3	all	same	same	identical		True
sub-10812	01	2.0	4	all	same	same	identical		True
sub-10812	01	2.0	5	all	same	same	identical		True
sub-10812	01	2.0	6	all	same	same	identical		True
sub-10812	01	2.0	7	all	same	same	identical		True
sub-10812	01	2.0	8	all	same	same	identical		True
sub-10812	01	2.0	9	all	same	same	identical		True
sub-10812	01	2.0	10	all	same	same	identical		True
sub-10812	01	2.0	11	all	same	same	identical		True
sub-10812	01	2.0	12	all	same	same	identical		True
sub-10812	01	2.0	13	all	same	same	identical		True
sub-10812	01	2.0	14	all	same	same	identical		True
sub-10812	01	2.0	15	all	same	same	identical		True
sub-10812	01	2.0	16	all	same	same	identical		True
sub-10812	01	2.0	17	all	same	same	identical		True
sub-10812	01	2.0	18	all	same	same	identical		True
sub-10812	01	2.0	19	all	same	same	identical		True
sub-10812	01	2.0	20	all	same	same	identical		True
sub-10812	01	2.0	21	all	same	same	identical		True
sub-10812	01	2.0	22	all	same	same	identical		True
sub-10812	01	2.0	23	all	same	same	identical		True
sub-10812	01	2.0	24	all	same	same	identical		True
sub-10812	01	2.0	25	all	same	same	identical		True
sub-10812	01	2.0	26	all	same	same	identical		True
sub-10812	01	2.0	27	all	same	same	identical		True
sub-10812	01	2.0	28	all	same	same	identical		True
sub-10812	01	2.0	29	all	same	same	identical		True
sub-10812	01	2.0	30	all	same	same	identical		True
sub-10812	01	2.0	31	all	same	same	identical		True
sub-10812	01	2.0	32	all	same	same	identical		True
sub-10812	01	2.0	33	all	same	same	identical		True
sub-10812	01	2.0	34	all	same	same	identical		True
sub-10812	01	2.0	35	all	same	same	identical		True
sub-10812	01	2.0	36	all	same	same	identical		True
sub-10812	01	2.0	37	all	same	same	identical		True
sub-10812	01	2.0	38	all	same	same	identical		True
sub-10812	01	2.0	39	all	same	same	identical		True
sub-10812	01	2.0	40	all	same	same	identical		True
sub-10812	01	2.0	41	all	same	same	identical		True
sub-10812	01	2.0	42	all	same	same	identical		True
sub-10817	01	1.0	1	all	same	same	identical		True
sub-10817	01	1.0	2	all	same	same	identical		True
sub-10817	01	1.0	3	all	same	same	identical		True
sub-10817	01	1.0	4	all	same	same	identical		True
sub-10817	01	1.0	5	all	same	same	identical		True
sub-10817	01	1.0	6	all	same	same	identical		True
sub-10817	01	1.0	7	all	same	same	identical		True
sub-10817	01	1.0	8	all	same	same	identical		True
sub-10817	01	1.0	9	all	same	same	identical		True
sub-10817	01	1.0	10	all	same	same	identical		True
sub-10817	01	1.0	11	all	same	same	identical		True
sub-10817	01	1.0	12	all	same	same	identical		True
sub-10817	01	1.0	13	all	same	same	identical		True
sub-10817	01	1.0	14	all	same	same	identical		True
sub-10817	01	1.0	15	all	same	same	identical		True
sub-10817	01	1.0	16	all	same	same	identical		True
sub-10817	01	1.0	17	all	same	same	identical		True
sub-10817	01	1.0	18	all	same	same	identical		True
sub-10817	01	1.0	19	all	same	same	identical		True
sub-10817	01	1.0	20	all	same	same	identical		True
sub-10817	01	1.0	21	all	same	same	identical		True
sub-10817	01	1.0	22	all	same	same	identical		True
sub-10817	01	1.0	23	all	same	same	identical		True
sub-10817	01	1.0	24	all	same	same	identical		True
sub-10817	01	1.0	25	all	same	same	identical		True
sub-10817	01	1.0	26	all	same	same	identical		True
sub-10817	01	1.0	27	all	same	same	identical		True
sub-10817	01	1.0	28	all	same	same	identical		True
sub-10817	01	1.0	29	all	same	same	identical		True
sub-10817	01	1.0	30	all	same	same	identical		True
sub-10817	01	1.0	31	all	same	same	identical		True
sub-10817	01	1.0	32	all	same	same	identical		True
sub-10817	01	1.0	33	all	same	same	identical		True
sub-10817	01	1.0	34	all	same	same	identical		True
sub-10817	01	1.0	35	all	same	same	identical		True
sub-10817	01	1.0	36	all	same	same	identical		True
sub-10817	01	1.0	37	all	same	same	identical		True
sub-10817	01	1.0	38	all	same	same	identical		True
sub-10817	01	1.0	39	all	same	same	identical		True
sub-10817	01	1.0	40	all	same	same	identical		True
sub-10817	01	1.0	41	all	same	same	identical		True
sub-10817	01	1.0	42	all	same	same	identical		True
sub-10817	01	2.0	1	all	same	same	identical		True
sub-10817	01	2.0	2	all	same	same	identical		True
sub-10817	01	2.0	3	all	same	same	identical		True
sub-10817	01	2.0	4	all	same	same	identical		True
sub-10817	01	2.0	5	all	same	same	identical		True
sub-10817	01	2.0	6	all	same	same	identical		True
sub-10817	01	2.0	7	all	same	same	identical		True
sub-10817	01	2.0	8	all	same	same	identical		True
sub-10817	01	2.0	9	all	same	same	identical		True
sub-10817	01	2.0	10	all	same	same	identical		True
sub-10817	01	2.0	11	all	same	same	identical		True
sub-10817	01	2.0	12	all	same	same	identical		True
sub-10817	01	2.0	13	all	same	same	identical		True
sub-10817	01	2.0	14	all	same	same	identical		True
sub-10817	01	2.0	15	all	same	same	identical		True
sub-10817	01	2.0	16	all	same	same	identical		True
sub-10817	01	2.0	17	all	same	same	identical		True
sub-10817	01	2.0	18	all	same	same	identical		True
sub-10817	01	2.0	19	all	same	same	identical		True
sub-10817	01	2.0	20	all	same	same	identical		True
sub-10817	01	2.0	21	all	same	same	identical		True
sub-10817	01	2.0	22	all	same	same	identical		True
sub-10817	01	2.0	23	all	same	same	identical		True
sub-10817	01	2.0	24	all	same	same	identical		True
sub-10817	01	2.0	25	all	same	same	identical		True
sub-10817	01	2.0	26	all	same	same	identical		True
sub-10817	01	2.0	27	all	same	same	identical		True
sub-10817	01	2.0	28	all	same	same	identical		True
sub-10817	01	2.0	29	all	same	same	identical		True
sub-10817	01	2.0	30	all	same	same	identical		True
sub-10817	01	2.0	31	all	same	same	identical		True
sub-10817	01	2.0	32	all	same	same	identical		True
sub-10817	01	2.0	33	all	same	same	identical		True
sub-10817	01	2.0	34	all	same	same	identical		True
sub-10817	01	2.0	35	all	same	same	identical		True
sub-10817	01	2.0	36	all	same	same	identical		True
sub-10817	01	2.0	37	all	same	same	identical		True
sub-10817	01	2.0	38	all	same	same	identical		True
sub-10817	01	2.0	39	all	same	same	identical		True
sub-10817	01	2.0	40	all	same	same	identical		True
sub-10817	01	2.0	41	all	same	same	identical		True
sub-10817	01	2.0	42	all	same	same	identical		True
sub-10827	01	1.0	1	all	same	same	identical		True
sub-10827	01	1.0	2	all	same	same	identical		True
sub-10827	01	1.0	3	all	same	same	identical		True
sub-10827	01	1.0	4	all	same	same	identical		True
sub-10827	01	1.0	5	all	same	same	identical		True
sub-10827	01	1.0	6	all	same	same	identical		True
sub-10827	01	1.0	7	all	same	same	identical		True
sub-10827	01	1.0	8	all	same	same	identical		True
sub-10827	01	1.0	9	all	same	same	identical		True
sub-10827	01	1.0	10	all	same	same	identical		True
sub-10827	01	1.0	11	all	same	same	identical		True
sub-10827	01	1.0	12	all	same	same	identical		True
sub-10827	01	1.0	13	all	same	same	identical		True
sub-10827	01	1.0	14	all	same	same	identical		True
sub-10827	01	1.0	15	all	same	same	identical		True
sub-10827	01	1.0	16	all	same	same	identical		True
sub-10827	01	1.0	17	all	same	same	identical		True
sub-10827	01	1.0	18	all	same	same	identical		True
sub-10827	01	1.0	19	all	same	same	identical		True
sub-10827	01	1.0	20	all	same	same	identical		True
sub-10827	01	1.0	21	all	same	same	identical		True
sub-10827	01	1.0	22	all	same	same	identical		True
sub-10827	01	1.0	23	all	same	same	identical		True
sub-10827	01	1.0	24	all	same	same	identical		True
sub-10827	01	1.0	25	all	same	same	identical		True
sub-10827	01	1.0	26	all	same	same	identical		True
sub-10827	01	1.0	27	all	same	same	identical		True
sub-10827	01	1.0	28	all	same	same	identical		True
sub-10827	01	1.0	29	all	same	same	identical		True
sub-10827	01	1.0	30	all	same	same	identical		True
sub-10827	01	1.0	31	all	same	same	identical		True
sub-10827	01	1.0	32	all	same	same	identical		True
sub-10827	01	1.0	33	all	same	same	identical		True
sub-10827	01	1.0	34	all	same	same	identical		True
sub-10827	01	1.0	35	all	same	same	identical		True
sub-10827	01	1.0	36	all	same	same	identical		True
sub-10827	01	1.0	37	all	same	same	identical		True
sub-10827	01	1.0	38	all	same	same	identical		True
sub-10827	01	1.0	39	all	same	same	identical		True
sub-10827	01	1.0	40	all	same	same	identical		True
sub-10827	01	1.0	41	all	same	same	identical		True
sub-10827	01	1.0	42	all	same	same	identical		True
sub-10827	01	2.0	1	all	same	same	identical		True
sub-10827	01	2.0	2	all	same	same	identical		True
sub-10827	01	2.0	3	all	same	same	identical		True
sub-10827	01	2.0	4	all	same	same	identical		True
sub-10827	01	2.0	5	all	same	same	identical		True
sub-10827	01	2.0	6	all	same	same	identical		True
sub-10827	01	2.0	7	all	same	same	identical		True
sub-10827	01	2.0	8	all	same	same	identical		True
sub-10827	01	2.0	9	all	same	same	identical		True
sub-10827	01	2.0	10	all	same	same	identical		True
sub-10827	01	2.0	11	all	same	same	identical		True
sub-10827	01	2.0	12	all	same	same	identical		True
sub-10827	01	2.0	13	all	same	same	identical		True
sub-10827	01	2.0	14	all	same	same	identical		True
sub-10827	01	2.0	15	all	same	same	identical		True
sub-10827	01	2.0	16	all	same	same	identical		True
sub-10827	01	2.0	17	all	same	same	identical		True
sub-10827	01	2.0	18	all	same	same	identical		True
sub-10827	01	2.0	19	all	same	same	identical		True
sub-10827	01	2.0	20	all	same	same	identical		True
sub-10827	01	2.0	21	all	same	same	identical		True
sub-10827	01	2.0	22	all	same	same	identical		True
sub-10827	01	2.0	23	all	same	same	identical		True
sub-10827	01	2.0	24	all	same	same	identical		True
sub-10827	01	2.0	25	all	same	same	identical		True
sub-10827	01	2.0	26	all	same	same	identical		True
sub-10827	01	2.0	27	all	same	same	identical		True
sub-10827	01	2.0	28	all	same	same	identical		True
sub-10827	01	2.0	29	all	same	same	identical		True
sub-10827	01	2.0	30	all	same	same	identical		True
sub-10827	01	2.0	31	all	same	same	identical		True
sub-10827	01	2.0	32	all	same	same	identical		True
sub-10827	01	2.0	33	all	same	same	identical		True
sub-10827	01	2.0	34	all	same	same	identical		True
sub-10827	01	2.0	35	all	same	same	identical		True
sub-10827	01	2.0	36	all	same	same	identical		True
sub-10827	01	2.0	37	all	same	same	identical		True
sub-10827	01	2.0	38	all	same	same	identical		True
sub-10827	01	2.0	39	all	same	same	identical		True
sub-10827	01	2.0	40	all	same	same	identical		True
sub-10827	01	2.0	41	all	same	same	identical		True
sub-10827	01	2.0	42	all	same	same	identical		True
sub-10831	01	1.0	1	all	same	same	identical		True
sub-10831	01	1.0	2	all	same	same	identical		True
sub-10831	01	1.0	3	all	same	same	identical		True
sub-10831	01	1.0	4	all	same	same	identical		True
sub-10831	01	1.0	5	all	same	same	identical		True
sub-10831	01	1.0	6	all	same	same	identical		True
sub-10831	01	1.0	7	all	same	same	identical		True
sub-10831	01	1.0	8	all	same	same	identical		True
sub-10831	01	1.0	9	all	same	same	identical		True
sub-10831	01	1.0	10	all	same	same	identical		True
sub-10831	01	1.0	11	all	same	same	identical		True
sub-10831	01	1.0	12	all	same	same	identical		True
sub-10831	01	1.0	13	all	same	same	identical		True
sub-10831	01	1.0	14	all	same	same	identical		True
sub-10831	01	1.0	15	all	same	same	identical		True
sub-10831	01	1.0	16	all	same	same	identical		True
sub-10831	01	1.0	17	all	same	same	identical		True
sub-10831	01	1.0	18	all	same	same	identical		True
sub-10831	01	1.0	19	all	same	same	identical		True
sub-10831	01	1.0	20	all	same	same	identical		True
sub-10831	01	1.0	21	all	same	same	identical		True
sub-10831	01	1.0	22	all	same	same	identical		True
sub-10831	01	1.0	23	all	same	same	identical		True
sub-10831	01	1.0	24	all	same	same	identical		True
sub-10831	01	1.0	25	all	same	same	identical		True
sub-10831	01	1.0	26	all	same	same	identical		True
sub-10831	01	1.0	27	all	same	same	identical		True
sub-10831	01	1.0	28	all	same	same	identical		True
sub-10831	01	1.0	29	all	same	same	identical		True
sub-10831	01	1.0	30	all	same	same	identical		True
sub-10831	01	1.0	31	all	same	same	identical		True
sub-10831	01	1.0	32	all	same	same	identical		True
sub-10831	01	1.0	33	all	same	same	identical		True
sub-10831	01	1.0	34	all	same	same	identical		True
sub-10831	01	1.0	35	all	same	same	identical		True
sub-10831	01	1.0	36	all	same	same	identical		True
sub-10831	01	1.0	37	all	same	same	identical		True
sub-10831	01	1.0	38	all	same	same	identical		True
sub-10831	01	1.0	39	all	same	same	identical		True
sub-10831	01	1.0	40	all	same	same	identical		True
sub-10831	01	1.0	41	all	same	same	identical		True
sub-10831	01	1.0	42	all	same	same	identical		True
sub-10831	01	2.0	1	all	same	same	identical		True
sub-10831	01	2.0	2	all	same	same	identical		True
sub-10831	01	2.0	3	all	same	same	identical		True
sub-10831	01	2.0	4	all	same	same	identical		True
sub-10831	01	2.0	5	all	same	same	identical		True
sub-10831	01	2.0	6	all	same	same	identical		True
sub-10831	01	2.0	7	all	same	same	identical		True
sub-10831	01	2.0	8	all	same	same	identical		True
sub-10831	01	2.0	9	all	same	same	identical		True
sub-10831	01	2.0	10	all	same	same	identical		True
sub-10831	01	2.0	11	all	same	same	identical		True
sub-10831	01	2.0	12	all	same	same	identical		True
sub-10831	01	2.0	13	all	same	same	identical		True
sub-10831	01	2.0	14	all	same	same	identical		True
sub-10831	01	2.0	15	all	same	same	identical		True
sub-10831	01	2.0	16	all	same	same	identical		True
sub-10831	01	2.0	17	all	same	same	identical		True
sub-10831	01	2.0	18	all	same	same	identical		True
sub-10831	01	2.0	19	all	same	same	identical		True
sub-10831	01	2.0	20	all	same	same	identical		True
sub-10831	01	2.0	21	all	same	same	identical		True
sub-10831	01	2.0	22	all	same	same	identical		True
sub-10831	01	2.0	23	all	same	same	identical		True
sub-10831	01	2.0	24	all	same	same	identical		True
sub-10831	01	2.0	25	all	same	same	identical		True
sub-10831	01	2.0	26	all	same	same	identical		True
sub-10831	01	2.0	27	all	same	same	identical		True
sub-10831	01	2.0	28	all	same	same	identical		True
sub-10831	01	2.0	29	all	same	same	identical		True
sub-10831	01	2.0	30	all	same	same	identical		True
sub-10831	01	2.0	31	all	same	same	identical		True
sub-10831	01	2.0	32	all	same	same	identical		True
sub-10831	01	2.0	33	all	same	same	identical		True
sub-10831	01	2.0	34	all	same	same	identical		True
sub-10831	01	2.0	35	all	same	same	identical		True
sub-10831	01	2.0	36	all	same	same	identical		True
sub-10831	01	2.0	37	all	same	same	identical		True
sub-10831	01	2.0	38	all	same	same	identical		True
sub-10831	01	2.0	39	all	same	same	identical		True
sub-10831	01	2.0	40	all	same	same	identical		True
sub-10831	01	2.0	41	all	same	same	identical		True
sub-10831	01	2.0	42	all	same	same	identical		True
sub-10834	01	1.0	1	all	same	same	identical		True
sub-10834	01	1.0	2	all	same	same	identical		True
sub-10834	01	1.0	3	all	same	same	identical		True
sub-10834	01	1.0	4	all	same	same	identical		True
sub-10834	01	1.0	5	all	same	same	identical		True
sub-10834	01	1.0	6	all	same	same	identical		True
sub-10834	01	1.0	7	all	same	same	identical		True
sub-10834	01	1.0	8	all	same	same	identical		True
sub-10834	01	1.0	9	all	same	same	identical		True
sub-10834	01	1.0	10	all	same	same	identical		True
sub-10834	01	1.0	11	all	same	same	identical		True
sub-10834	01	1.0	12	all	same	same	identical		True
sub-10834	01	1.0	13	all	same	same	identical		True
sub-10834	01	1.0	14	all	same	same	identical		True
sub-10834	01	1.0	15	all	same	same	identical		True
sub-10834	01	1.0	16	all	same	same	identical		True
sub-10834	01	1.0	17	all	same	same	identical		True
sub-10834	01	1.0	18	all	same	same	identical		True
sub-10834	01	1.0	19	all	same	same	identical		True
sub-10834	01	1.0	20	all	same	same	identical		True
sub-10834	01	1.0	21	all	same	same	identical		True
sub-10834	01	1.0	22	all	same	same	identical		True
sub-10834	01	1.0	23	all	same	same	identical		True
sub-10834	01	1.0	24	all	same	same	identical		True
sub-10834	01	1.0	25	all	same	same	identical		True
sub-10834	01	1.0	26	all	same	same	identical		True
sub-10834	01	1.0	27	all	same	same	identical		True
sub-10834	01	1.0	28	all	same	same	identical		True
sub-10834	01	1.0	29	all	same	same	identical		True
sub-10834	01	1.0	30	all	same	same	identical		True
sub-10834	01	1.0	31	all	same	same	identical		True
sub-10834	01	1.0	32	all	same	same	identical		True
sub-10834	01	1.0	33	all	same	same	identical		True
sub-10834	01	1.0	34	all	same	same	identical		True
sub-10834	01	1.0	35	all	same	same	identical		True
sub-10834	01	1.0	36	all	same	same	identical		True
sub-10834	01	1.0	37	all	same	same	identical		True
sub-10834	01	1.0	38	all	same	same	identical		True
sub-10834	01	1.0	39	all	same	same	identical		True
sub-10834	01	1.0	40	all	same	same	identical		True
sub-10834	01	1.0	41	all	same	same	identical		True
sub-10834	01	1.0	42	all	same	same	identical		True
sub-10834	01	2.0	1	all	same	same	identical		True
sub-10834	01	2.0	2	all	same	same	identical		True
sub-10834	01	2.0	3	all	same	same	identical		True
sub-10834	01	2.0	4	all	same	same	identical		True
sub-10834	01	2.0	5	all	same	same	identical		True
sub-10834	01	2.0	6	all	same	same	identical		True
sub-10834	01	2.0	7	all	same	same	identical		True
sub-10834	01	2.0	8	all	same	same	identical		True
sub-10834	01	2.0	9	all	same	same	identical		True
sub-10834	01	2.0	10	all	same	same	identical		True
sub-10834	01	2.0	11	all	same	same	identical		True
sub-10834	01	2.0	12	all	same	same	identical		True
sub-10834	01	2.0	13	all	same	same	identical		True
sub-10834	01	2.0	14	all	same	same	identical		True
sub-10834	01	2.0	15	all	same	same	identical		True
sub-10834	01	2.0	16	all	same	same	identical		True
sub-10834	01	2.0	17	all	same	same	identical		True
sub-10834	01	2.0	18	all	same	same	identical		True
sub-10834	01	2.0	19	all	same	same	identical		True
sub-10834	01	2.0	20	all	same	same	identical		True
sub-10834	01	2.0	21	all	same	same	identical		True
sub-10834	01	2.0	22	all	same	same	identical		True
sub-10834	01	2.0	23	all	same	same	identical		True
sub-10834	01	2.0	24	all	same	same	identical		True
sub-10834	01	2.0	25	all	same	same	identical		True
sub-10834	01	2.0	26	all	same	same	identical		True
sub-10834	01	2.0	27	all	same	same	identical		True
sub-10834	01	2.0	28	all	same	same	identical		True
sub-10834	01	2.0	29	all	same	same	identical		True
sub-10834	01	2.0	30	all	same	same	identical		True
sub-10834	01	2.0	31	all	same	same	identical		True
sub-10834	01	2.0	32	all	same	same	identical		True
sub-10834	01	2.0	33	all	same	same	identical		True
sub-10834	01	2.0	34	all	same	same	identical		True
sub-10834	01	2.0	35	all	same	same	identical		True
sub-10834	01	2.0	36	all	same	same	identical		True
sub-10834	01	2.0	37	all	same	same	identical		True
sub-10834	01	2.0	38	all	same	same	identical		True
sub-10834	01	2.0	39	all	same	same	identical		True
sub-10834	01	2.0	40	all	same	same	identical		True
sub-10834	01	2.0	41	all	same	same	identical		True
sub-10834	01	2.0	42	all	same	same	identical		True
sub-10836	01	1.0	1	row_presence	absent	present	expected public-data omission	historical public run absent from frozen decision table	True
sub-10836	01	1.0	2	row_presence	absent	present	expected public-data omission	historical public run absent from frozen decision table	True
sub-10836	01	1.0	3	row_presence	absent	present	expected public-data omission	historical public run absent from frozen decision table	True
sub-10836	01	1.0	4	row_presence	absent	present	expected public-data omission	historical public run absent from frozen decision table	True
sub-10836	01	1.0	5	row_presence	absent	present	expected public-data omission	historical public run absent from frozen decision table	True
sub-10836	01	1.0	6	row_presence	absent	present	expected public-data omission	historical public run absent from frozen decision table	True
sub-10836	01	1.0	7	row_presence	absent	present	expected public-data omission	historical public run absent from frozen decision table	True
sub-10836	01	1.0	8	row_presence	absent	present	expected public-data omission	historical public run absent from frozen decision table	True
sub-10836	01	1.0	9	row_presence	absent	present	expected public-data omission	historical public run absent from frozen decision table	True
sub-10836	01	1.0	10	row_presence	absent	present	expected public-data omission	historical public run absent from frozen decision table	True
sub-10836	01	1.0	11	row_presence	absent	present	expected public-data omission	historical public run absent from frozen decision table	True
sub-10836	01	1.0	12	row_presence	absent	present	expected public-data omission	historical public run absent from frozen decision table	True
sub-10836	01	1.0	13	row_presence	absent	present	expected public-data omission	historical public run absent from frozen decision table	True
sub-10836	01	1.0	14	row_presence	absent	present	expected public-data omission	historical public run absent from frozen decision table	True
sub-10836	01	1.0	15	row_presence	absent	present	expected public-data omission	historical public run absent from frozen decision table	True
sub-10836	01	1.0	16	row_presence	absent	present	expected public-data omission	historical public run absent from frozen decision table	True
sub-10836	01	1.0	17	row_presence	absent	present	expected public-data omission	historical public run absent from frozen decision table	True
sub-10836	01	1.0	18	row_presence	absent	present	expected public-data omission	historical public run absent from frozen decision table	True
sub-10836	01	1.0	19	row_presence	absent	present	expected public-data omission	historical public run absent from frozen decision table	True
sub-10836	01	1.0	20	row_presence	absent	present	expected public-data omission	historical public run absent from frozen decision table	True
sub-10836	01	1.0	21	row_presence	absent	present	expected public-data omission	historical public run absent from frozen decision table	True
sub-10836	01	1.0	22	row_presence	absent	present	expected public-data omission	historical public run absent from frozen decision table	True
sub-10836	01	1.0	23	row_presence	absent	present	expected public-data omission	historical public run absent from frozen decision table	True
sub-10836	01	1.0	24	row_presence	absent	present	expected public-data omission	historical public run absent from frozen decision table	True
sub-10836	01	1.0	25	row_presence	absent	present	expected public-data omission	historical public run absent from frozen decision table	True
sub-10836	01	1.0	26	row_presence	absent	present	expected public-data omission	historical public run absent from frozen decision table	True
sub-10836	01	1.0	27	row_presence	absent	present	expected public-data omission	historical public run absent from frozen decision table	True
sub-10836	01	1.0	28	row_presence	absent	present	expected public-data omission	historical public run absent from frozen decision table	True
sub-10836	01	1.0	29	row_presence	absent	present	expected public-data omission	historical public run absent from frozen decision table	True
sub-10836	01	1.0	30	row_presence	absent	present	expected public-data omission	historical public run absent from frozen decision table	True
sub-10836	01	1.0	31	row_presence	absent	present	expected public-data omission	historical public run absent from frozen decision table	True
sub-10836	01	1.0	32	row_presence	absent	present	expected public-data omission	historical public run absent from frozen decision table	True
sub-10836	01	1.0	33	row_presence	absent	present	expected public-data omission	historical public run absent from frozen decision table	True
sub-10836	01	1.0	34	row_presence	absent	present	expected public-data omission	historical public run absent from frozen decision table	True
sub-10836	01	1.0	35	row_presence	absent	present	expected public-data omission	historical public run absent from frozen decision table	True
sub-10836	01	1.0	36	row_presence	absent	present	expected public-data omission	historical public run absent from frozen decision table	True
sub-10836	01	1.0	37	row_presence	absent	present	expected public-data omission	historical public run absent from frozen decision table	True
sub-10836	01	1.0	38	row_presence	absent	present	expected public-data omission	historical public run absent from frozen decision table	True
sub-10836	01	1.0	39	row_presence	absent	present	expected public-data omission	historical public run absent from frozen decision table	True
sub-10836	01	1.0	40	row_presence	absent	present	expected public-data omission	historical public run absent from frozen decision table	True
sub-10836	01	1.0	41	row_presence	absent	present	expected public-data omission	historical public run absent from frozen decision table	True
sub-10836	01	1.0	42	row_presence	absent	present	expected public-data omission	historical public run absent from frozen decision table	True
sub-10836	01	2.0	1	row_presence	present	absent	new unexplained discrepancy		True
sub-10836	01	2.0	2	row_presence	present	absent	new unexplained discrepancy		True
sub-10836	01	2.0	3	row_presence	present	absent	new unexplained discrepancy		True
sub-10836	01	2.0	4	row_presence	present	absent	new unexplained discrepancy		True
sub-10836	01	2.0	5	row_presence	present	absent	new unexplained discrepancy		True
sub-10836	01	2.0	6	row_presence	present	absent	new unexplained discrepancy		True
sub-10836	01	2.0	7	row_presence	present	absent	new unexplained discrepancy		True
sub-10836	01	2.0	8	row_presence	present	absent	new unexplained discrepancy		True
sub-10836	01	2.0	9	row_presence	present	absent	new unexplained discrepancy		True
sub-10836	01	2.0	10	row_presence	present	absent	new unexplained discrepancy		True
sub-10836	01	2.0	11	row_presence	present	absent	new unexplained discrepancy		True
sub-10836	01	2.0	12	row_presence	present	absent	new unexplained discrepancy		True
sub-10836	01	2.0	13	row_presence	present	absent	new unexplained discrepancy		True
sub-10836	01	2.0	14	row_presence	present	absent	new unexplained discrepancy		True
sub-10836	01	2.0	15	row_presence	present	absent	new unexplained discrepancy		True
sub-10836	01	2.0	16	row_presence	present	absent	new unexplained discrepancy		True
sub-10836	01	2.0	17	row_presence	present	absent	new unexplained discrepancy		True
sub-10836	01	2.0	18	row_presence	present	absent	new unexplained discrepancy		True
sub-10836	01	2.0	19	row_presence	present	absent	new unexplained discrepancy		True
sub-10836	01	2.0	20	row_presence	present	absent	new unexplained discrepancy		True
sub-10836	01	2.0	21	row_presence	present	absent	new unexplained discrepancy		True
sub-10836	01	2.0	22	row_presence	present	absent	new unexplained discrepancy		True
sub-10836	01	2.0	23	row_presence	present	absent	new unexplained discrepancy		True
sub-10836	01	2.0	24	row_presence	present	absent	new unexplained discrepancy		True
sub-10836	01	2.0	25	row_presence	present	absent	new unexplained discrepancy		True
sub-10836	01	2.0	26	row_presence	present	absent	new unexplained discrepancy		True
sub-10836	01	2.0	27	row_presence	present	absent	new unexplained discrepancy		True
sub-10836	01	2.0	28	row_presence	present	absent	new unexplained discrepancy		True
sub-10836	01	2.0	29	row_presence	present	absent	new unexplained discrepancy		True
sub-10836	01	2.0	30	row_presence	present	absent	new unexplained discrepancy		True
sub-10836	01	2.0	31	row_presence	present	absent	new unexplained discrepancy		True
sub-10836	01	2.0	32	row_presence	present	absent	new unexplained discrepancy		True
sub-10836	01	2.0	33	row_presence	present	absent	new unexplained discrepancy		True
sub-10836	01	2.0	34	row_presence	present	absent	new unexplained discrepancy		True
sub-10836	01	2.0	35	row_presence	present	absent	new unexplained discrepancy		True
sub-10836	01	2.0	36	row_presence	present	absent	new unexplained discrepancy		True
sub-10836	01	2.0	37	row_presence	present	absent	new unexplained discrepancy		True
sub-10836	01	2.0	38	row_presence	present	absent	new unexplained discrepancy		True
sub-10836	01	2.0	39	row_presence	present	absent	new unexplained discrepancy		True
sub-10836	01	2.0	40	row_presence	present	absent	new unexplained discrepancy		True
sub-10836	01	2.0	41	row_presence	present	absent	new unexplained discrepancy		True
sub-10836	01	2.0	42	row_presence	present	absent	new unexplained discrepancy		True
sub-10838	01	1.0	1	all	same	same	identical		True
sub-10838	01	1.0	2	all	same	same	identical		True
sub-10838	01	1.0	3	all	same	same	identical		True
sub-10838	01	1.0	4	all	same	same	identical		True
sub-10838	01	1.0	5	all	same	same	identical		True
sub-10838	01	1.0	6	all	same	same	identical		True
sub-10838	01	1.0	7	all	same	same	identical		True
sub-10838	01	1.0	8	all	same	same	identical		True
sub-10838	01	1.0	9	all	same	same	identical		True
sub-10838	01	1.0	10	all	same	same	identical		True
sub-10838	01	1.0	11	all	same	same	identical		True
sub-10838	01	1.0	12	all	same	same	identical		True
sub-10838	01	1.0	13	all	same	same	identical		True
sub-10838	01	1.0	14	all	same	same	identical		True
sub-10838	01	1.0	15	all	same	same	identical		True
sub-10838	01	1.0	16	all	same	same	identical		True
sub-10838	01	1.0	17	all	same	same	identical		True
sub-10838	01	1.0	18	all	same	same	identical		True
sub-10838	01	1.0	19	all	same	same	identical		True
sub-10838	01	1.0	20	all	same	same	identical		True
sub-10838	01	1.0	21	all	same	same	identical		True
sub-10838	01	1.0	22	all	same	same	identical		True
sub-10838	01	1.0	23	all	same	same	identical		True
sub-10838	01	1.0	24	all	same	same	identical		True
sub-10838	01	1.0	25	all	same	same	identical		True
sub-10838	01	1.0	26	all	same	same	identical		True
sub-10838	01	1.0	27	all	same	same	identical		True
sub-10838	01	1.0	28	all	same	same	identical		True
sub-10838	01	1.0	29	all	same	same	identical		True
sub-10838	01	1.0	30	all	same	same	identical		True
sub-10838	01	1.0	31	all	same	same	identical		True
sub-10838	01	1.0	32	all	same	same	identical		True
sub-10838	01	1.0	33	all	same	same	identical		True
sub-10838	01	1.0	34	all	same	same	identical		True
sub-10838	01	1.0	35	all	same	same	identical		True
sub-10838	01	1.0	36	all	same	same	identical		True
sub-10838	01	1.0	37	all	same	same	identical		True
sub-10838	01	1.0	38	all	same	same	identical		True
sub-10838	01	1.0	39	all	same	same	identical		True
sub-10838	01	1.0	40	all	same	same	identical		True
sub-10838	01	1.0	41	all	same	same	identical		True
sub-10838	01	1.0	42	all	same	same	identical		True
sub-10838	01	2.0	1	all	same	same	identical		True
sub-10838	01	2.0	2	all	same	same	identical		True
sub-10838	01	2.0	3	all	same	same	identical		True
sub-10838	01	2.0	4	all	same	same	identical		True
sub-10838	01	2.0	5	all	same	same	identical		True
sub-10838	01	2.0	6	all	same	same	identical		True
sub-10838	01	2.0	7	all	same	same	identical		True
sub-10838	01	2.0	8	all	same	same	identical		True
sub-10838	01	2.0	9	all	same	same	identical		True
sub-10838	01	2.0	10	all	same	same	identical		True
sub-10838	01	2.0	11	all	same	same	identical		True
sub-10838	01	2.0	12	all	same	same	identical		True
sub-10838	01	2.0	13	all	same	same	identical		True
sub-10838	01	2.0	14	all	same	same	identical		True
sub-10838	01	2.0	15	all	same	same	identical		True
sub-10838	01	2.0	16	all	same	same	identical		True
sub-10838	01	2.0	17	all	same	same	identical		True
sub-10838	01	2.0	18	all	same	same	identical		True
sub-10838	01	2.0	19	all	same	same	identical		True
sub-10838	01	2.0	20	all	same	same	identical		True
sub-10838	01	2.0	21	all	same	same	identical		True
sub-10838	01	2.0	22	all	same	same	identical		True
sub-10838	01	2.0	23	all	same	same	identical		True
sub-10838	01	2.0	24	all	same	same	identical		True
sub-10838	01	2.0	25	all	same	same	identical		True
sub-10838	01	2.0	26	all	same	same	identical		True
sub-10838	01	2.0	27	all	same	same	identical		True
sub-10838	01	2.0	28	all	same	same	identical		True
sub-10838	01	2.0	29	all	same	same	identical		True
sub-10838	01	2.0	30	all	same	same	identical		True
sub-10838	01	2.0	31	all	same	same	identical		True
sub-10838	01	2.0	32	all	same	same	identical		True
sub-10838	01	2.0	33	all	same	same	identical		True
sub-10838	01	2.0	34	all	same	same	identical		True
sub-10838	01	2.0	35	all	same	same	identical		True
sub-10838	01	2.0	36	all	same	same	identical		True
sub-10838	01	2.0	37	all	same	same	identical		True
sub-10838	01	2.0	38	all	same	same	identical		True
sub-10838	01	2.0	39	all	same	same	identical		True
sub-10838	01	2.0	40	all	same	same	identical		True
sub-10838	01	2.0	41	all	same	same	identical		True
sub-10838	01	2.0	42	all	same	same	identical		True
sub-10843	01	1.0	1	all	same	same	identical		True
sub-10843	01	1.0	2	all	same	same	identical		True
sub-10843	01	1.0	3	all	same	same	identical		True
sub-10843	01	1.0	4	all	same	same	identical		True
sub-10843	01	1.0	5	all	same	same	identical		True
sub-10843	01	1.0	6	all	same	same	identical		True
sub-10843	01	1.0	7	all	same	same	identical		True
sub-10843	01	1.0	8	all	same	same	identical		True
sub-10843	01	1.0	9	all	same	same	identical		True
sub-10843	01	1.0	10	all	same	same	identical		True
sub-10843	01	1.0	11	all	same	same	identical		True
sub-10843	01	1.0	12	all	same	same	identical		True
sub-10843	01	1.0	13	all	same	same	identical		True
sub-10843	01	1.0	14	all	same	same	identical		True
sub-10843	01	1.0	15	all	same	same	identical		True
sub-10843	01	1.0	16	all	same	same	identical		True
sub-10843	01	1.0	17	all	same	same	identical		True
sub-10843	01	1.0	18	all	same	same	identical		True
sub-10843	01	1.0	19	all	same	same	identical		True
sub-10843	01	1.0	20	all	same	same	identical		True
sub-10843	01	1.0	21	all	same	same	identical		True
sub-10843	01	1.0	22	all	same	same	identical		True
sub-10843	01	1.0	23	all	same	same	identical		True
sub-10843	01	1.0	24	all	same	same	identical		True
sub-10843	01	1.0	25	all	same	same	identical		True
sub-10843	01	1.0	26	all	same	same	identical		True
sub-10843	01	1.0	27	all	same	same	identical		True
sub-10843	01	1.0	28	all	same	same	identical		True
sub-10843	01	1.0	29	all	same	same	identical		True
sub-10843	01	1.0	30	all	same	same	identical		True
sub-10843	01	1.0	31	all	same	same	identical		True
sub-10843	01	1.0	32	all	same	same	identical		True
sub-10843	01	1.0	33	all	same	same	identical		True
sub-10843	01	1.0	34	all	same	same	identical		True
sub-10843	01	1.0	35	all	same	same	identical		True
sub-10843	01	1.0	36	all	same	same	identical		True
sub-10843	01	1.0	37	all	same	same	identical		True
sub-10843	01	1.0	38	all	same	same	identical		True
sub-10843	01	1.0	39	all	same	same	identical		True
sub-10843	01	1.0	40	all	same	same	identical		True
sub-10843	01	1.0	41	all	same	same	identical		True
sub-10843	01	1.0	42	all	same	same	identical		True
sub-10843	01	2.0	1	all	same	same	identical		True
sub-10843	01	2.0	2	all	same	same	identical		True
sub-10843	01	2.0	3	all	same	same	identical		True
sub-10843	01	2.0	4	all	same	same	identical		True
sub-10843	01	2.0	5	all	same	same	identical		True
sub-10843	01	2.0	6	all	same	same	identical		True
sub-10843	01	2.0	7	all	same	same	identical		True
sub-10843	01	2.0	8	all	same	same	identical		True
sub-10843	01	2.0	9	all	same	same	identical		True
sub-10843	01	2.0	10	all	same	same	identical		True
sub-10843	01	2.0	11	all	same	same	identical		True
sub-10843	01	2.0	12	all	same	same	identical		True
sub-10843	01	2.0	13	all	same	same	identical		True
sub-10843	01	2.0	14	all	same	same	identical		True
sub-10843	01	2.0	15	all	same	same	identical		True
sub-10843	01	2.0	16	all	same	same	identical		True
sub-10843	01	2.0	17	all	same	same	identical		True
sub-10843	01	2.0	18	all	same	same	identical		True
sub-10843	01	2.0	19	all	same	same	identical		True
sub-10843	01	2.0	20	all	same	same	identical		True
sub-10843	01	2.0	21	all	same	same	identical		True
sub-10843	01	2.0	22	all	same	same	identical		True
sub-10843	01	2.0	23	all	same	same	identical		True
sub-10843	01	2.0	24	all	same	same	identical		True
sub-10843	01	2.0	25	all	same	same	identical		True
sub-10843	01	2.0	26	all	same	same	identical		True
sub-10843	01	2.0	27	all	same	same	identical		True
sub-10843	01	2.0	28	all	same	same	identical		True
sub-10843	01	2.0	29	all	same	same	identical		True
sub-10843	01	2.0	30	all	same	same	identical		True
sub-10843	01	2.0	31	all	same	same	identical		True
sub-10843	01	2.0	32	all	same	same	identical		True
sub-10843	01	2.0	33	all	same	same	identical		True
sub-10843	01	2.0	34	all	same	same	identical		True
sub-10843	01	2.0	35	all	same	same	identical		True
sub-10843	01	2.0	36	all	same	same	identical		True
sub-10843	01	2.0	37	all	same	same	identical		True
sub-10843	01	2.0	38	all	same	same	identical		True
sub-10843	01	2.0	39	all	same	same	identical		True
sub-10843	01	2.0	40	all	same	same	identical		True
sub-10843	01	2.0	41	all	same	same	identical		True
sub-10843	01	2.0	42	all	same	same	identical		True
sub-10850	01	1.0	1	all	same	same	identical		True
sub-10850	01	1.0	2	all	same	same	identical		True
sub-10850	01	1.0	3	all	same	same	identical		True
sub-10850	01	1.0	4	all	same	same	identical		True
sub-10850	01	1.0	5	all	same	same	identical		True
sub-10850	01	1.0	6	all	same	same	identical		True
sub-10850	01	1.0	7	all	same	same	identical		True
sub-10850	01	1.0	8	all	same	same	identical		True
sub-10850	01	1.0	9	all	same	same	identical		True
sub-10850	01	1.0	10	all	same	same	identical		True
sub-10850	01	1.0	11	all	same	same	identical		True
sub-10850	01	1.0	12	all	same	same	identical		True
sub-10850	01	1.0	13	all	same	same	identical		True
sub-10850	01	1.0	14	all	same	same	identical		True
sub-10850	01	1.0	15	all	same	same	identical		True
sub-10850	01	1.0	16	all	same	same	identical		True
sub-10850	01	1.0	17	all	same	same	identical		True
sub-10850	01	1.0	18	all	same	same	identical		True
sub-10850	01	1.0	19	all	same	same	identical		True
sub-10850	01	1.0	20	all	same	same	identical		True
sub-10850	01	1.0	21	all	same	same	identical		True
sub-10850	01	1.0	22	all	same	same	identical		True
sub-10850	01	1.0	23	all	same	same	identical		True
sub-10850	01	1.0	24	all	same	same	identical		True
sub-10850	01	1.0	25	all	same	same	identical		True
sub-10850	01	1.0	26	all	same	same	identical		True
sub-10850	01	1.0	27	all	same	same	identical		True
sub-10850	01	1.0	28	all	same	same	identical		True
sub-10850	01	1.0	29	all	same	same	identical		True
sub-10850	01	1.0	30	all	same	same	identical		True
sub-10850	01	1.0	31	all	same	same	identical		True
sub-10850	01	1.0	32	all	same	same	identical		True
sub-10850	01	1.0	33	all	same	same	identical		True
sub-10850	01	1.0	34	all	same	same	identical		True
sub-10850	01	1.0	35	all	same	same	identical		True
sub-10850	01	1.0	36	all	same	same	identical		True
sub-10850	01	1.0	37	all	same	same	identical		True
sub-10850	01	1.0	38	all	same	same	identical		True
sub-10850	01	1.0	39	all	same	same	identical		True
sub-10850	01	1.0	40	all	same	same	identical		True
sub-10850	01	1.0	41	all	same	same	identical		True
sub-10850	01	1.0	42	all	same	same	identical		True
sub-10850	01	2.0	1	all	same	same	identical		True
sub-10850	01	2.0	2	all	same	same	identical		True
sub-10850	01	2.0	3	all	same	same	identical		True
sub-10850	01	2.0	4	all	same	same	identical		True
sub-10850	01	2.0	5	all	same	same	identical		True
sub-10850	01	2.0	6	all	same	same	identical		True
sub-10850	01	2.0	7	all	same	same	identical		True
sub-10850	01	2.0	8	all	same	same	identical		True
sub-10850	01	2.0	9	all	same	same	identical		True
sub-10850	01	2.0	10	all	same	same	identical		True
sub-10850	01	2.0	11	all	same	same	identical		True
sub-10850	01	2.0	12	all	same	same	identical		True
sub-10850	01	2.0	13	all	same	same	identical		True
sub-10850	01	2.0	14	all	same	same	identical		True
sub-10850	01	2.0	15	all	same	same	identical		True
sub-10850	01	2.0	16	all	same	same	identical		True
sub-10850	01	2.0	17	all	same	same	identical		True
sub-10850	01	2.0	18	all	same	same	identical		True
sub-10850	01	2.0	19	all	same	same	identical		True
sub-10850	01	2.0	20	all	same	same	identical		True
sub-10850	01	2.0	21	all	same	same	identical		True
sub-10850	01	2.0	22	all	same	same	identical		True
sub-10850	01	2.0	23	all	same	same	identical		True
sub-10850	01	2.0	24	all	same	same	identical		True
sub-10850	01	2.0	25	all	same	same	identical		True
sub-10850	01	2.0	26	all	same	same	identical		True
sub-10850	01	2.0	27	all	same	same	identical		True
sub-10850	01	2.0	28	all	same	same	identical		True
sub-10850	01	2.0	29	all	same	same	identical		True
sub-10850	01	2.0	30	all	same	same	identical		True
sub-10850	01	2.0	31	all	same	same	identical		True
sub-10850	01	2.0	32	all	same	same	identical		True
sub-10850	01	2.0	33	all	same	same	identical		True
sub-10850	01	2.0	34	all	same	same	identical		True
sub-10850	01	2.0	35	all	same	same	identical		True
sub-10850	01	2.0	36	all	same	same	identical		True
sub-10850	01	2.0	37	all	same	same	identical		True
sub-10850	01	2.0	38	all	same	same	identical		True
sub-10850	01	2.0	39	all	same	same	identical		True
sub-10850	01	2.0	40	all	same	same	identical		True
sub-10850	01	2.0	41	all	same	same	identical		True
sub-10850	01	2.0	42	all	same	same	identical		True
sub-10854	01	1.0	1	all	same	same	identical		True
sub-10854	01	1.0	2	all	same	same	identical		True
sub-10854	01	1.0	3	all	same	same	identical		True
sub-10854	01	1.0	4	all	same	same	identical		True
sub-10854	01	1.0	5	all	same	same	identical		True
sub-10854	01	1.0	6	all	same	same	identical		True
sub-10854	01	1.0	7	all	same	same	identical		True
sub-10854	01	1.0	8	all	same	same	identical		True
sub-10854	01	1.0	9	all	same	same	identical		True
sub-10854	01	1.0	10	all	same	same	identical		True
sub-10854	01	1.0	11	all	same	same	identical		True
sub-10854	01	1.0	12	all	same	same	identical		True
sub-10854	01	1.0	13	all	same	same	identical		True
sub-10854	01	1.0	14	all	same	same	identical		True
sub-10854	01	1.0	15	all	same	same	identical		True
sub-10854	01	1.0	16	all	same	same	identical		True
sub-10854	01	1.0	17	all	same	same	identical		True
sub-10854	01	1.0	18	all	same	same	identical		True
sub-10854	01	1.0	19	all	same	same	identical		True
sub-10854	01	1.0	20	all	same	same	identical		True
sub-10854	01	1.0	21	all	same	same	identical		True
sub-10854	01	1.0	22	all	same	same	identical		True
sub-10854	01	1.0	23	all	same	same	identical		True
sub-10854	01	1.0	24	all	same	same	identical		True
sub-10854	01	1.0	25	all	same	same	identical		True
sub-10854	01	1.0	26	all	same	same	identical		True
sub-10854	01	1.0	27	all	same	same	identical		True
sub-10854	01	1.0	28	all	same	same	identical		True
sub-10854	01	1.0	29	all	same	same	identical		True
sub-10854	01	1.0	30	all	same	same	identical		True
sub-10854	01	1.0	31	all	same	same	identical		True
sub-10854	01	1.0	32	all	same	same	identical		True
sub-10854	01	1.0	33	all	same	same	identical		True
sub-10854	01	1.0	34	all	same	same	identical		True
sub-10854	01	1.0	35	all	same	same	identical		True
sub-10854	01	1.0	36	all	same	same	identical		True
sub-10854	01	1.0	37	all	same	same	identical		True
sub-10854	01	1.0	38	all	same	same	identical		True
sub-10854	01	1.0	39	all	same	same	identical		True
sub-10854	01	1.0	40	all	same	same	identical		True
sub-10854	01	1.0	41	all	same	same	identical		True
sub-10854	01	1.0	42	all	same	same	identical		True
sub-10854	01	2.0	1	all	same	same	identical		True
sub-10854	01	2.0	2	all	same	same	identical		True
sub-10854	01	2.0	3	all	same	same	identical		True
sub-10854	01	2.0	4	all	same	same	identical		True
sub-10854	01	2.0	5	all	same	same	identical		True
sub-10854	01	2.0	6	all	same	same	identical		True
sub-10854	01	2.0	7	all	same	same	identical		True
sub-10854	01	2.0	8	all	same	same	identical		True
sub-10854	01	2.0	9	all	same	same	identical		True
sub-10854	01	2.0	10	all	same	same	identical		True
sub-10854	01	2.0	11	all	same	same	identical		True
sub-10854	01	2.0	12	all	same	same	identical		True
sub-10854	01	2.0	13	all	same	same	identical		True
sub-10854	01	2.0	14	all	same	same	identical		True
sub-10854	01	2.0	15	all	same	same	identical		True
sub-10854	01	2.0	16	all	same	same	identical		True
sub-10854	01	2.0	17	all	same	same	identical		True
sub-10854	01	2.0	18	all	same	same	identical		True
sub-10854	01	2.0	19	all	same	same	identical		True
sub-10854	01	2.0	20	all	same	same	identical		True
sub-10854	01	2.0	21	all	same	same	identical		True
sub-10854	01	2.0	22	all	same	same	identical		True
sub-10854	01	2.0	23	all	same	same	identical		True
sub-10854	01	2.0	24	all	same	same	identical		True
sub-10854	01	2.0	25	all	same	same	identical		True
sub-10854	01	2.0	26	all	same	same	identical		True
sub-10854	01	2.0	27	all	same	same	identical		True
sub-10854	01	2.0	28	all	same	same	identical		True
sub-10854	01	2.0	29	all	same	same	identical		True
sub-10854	01	2.0	30	all	same	same	identical		True
sub-10854	01	2.0	31	all	same	same	identical		True
sub-10854	01	2.0	32	all	same	same	identical		True
sub-10854	01	2.0	33	all	same	same	identical		True
sub-10854	01	2.0	34	all	same	same	identical		True
sub-10854	01	2.0	35	all	same	same	identical		True
sub-10854	01	2.0	36	all	same	same	identical		True
sub-10854	01	2.0	37	all	same	same	identical		True
sub-10854	01	2.0	38	all	same	same	identical		True
sub-10854	01	2.0	39	all	same	same	identical		True
sub-10854	01	2.0	40	all	same	same	identical		True
sub-10854	01	2.0	41	all	same	same	identical		True
sub-10854	01	2.0	42	all	same	same	identical		True
sub-10857	01	1.0	1	all	same	same	identical		True
sub-10857	01	1.0	2	all	same	same	identical		True
sub-10857	01	1.0	3	all	same	same	identical		True
sub-10857	01	1.0	4	all	same	same	identical		True
sub-10857	01	1.0	5	all	same	same	identical		True
sub-10857	01	1.0	6	all	same	same	identical		True
sub-10857	01	1.0	7	all	same	same	identical		True
sub-10857	01	1.0	8	all	same	same	identical		True
sub-10857	01	1.0	9	all	same	same	identical		True
sub-10857	01	1.0	10	all	same	same	identical		True
sub-10857	01	1.0	11	all	same	same	identical		True
sub-10857	01	1.0	12	all	same	same	identical		True
sub-10857	01	1.0	13	all	same	same	identical		True
sub-10857	01	1.0	14	all	same	same	identical		True
sub-10857	01	1.0	15	all	same	same	identical		True
sub-10857	01	1.0	16	all	same	same	identical		True
sub-10857	01	1.0	17	all	same	same	identical		True
sub-10857	01	1.0	18	all	same	same	identical		True
sub-10857	01	1.0	19	all	same	same	identical		True
sub-10857	01	1.0	20	all	same	same	identical		True
sub-10857	01	1.0	21	all	same	same	identical		True
sub-10857	01	1.0	22	all	same	same	identical		True
sub-10857	01	1.0	23	all	same	same	identical		True
sub-10857	01	1.0	24	all	same	same	identical		True
sub-10857	01	1.0	25	all	same	same	identical		True
sub-10857	01	1.0	26	all	same	same	identical		True
sub-10857	01	1.0	27	all	same	same	identical		True
sub-10857	01	1.0	28	all	same	same	identical		True
sub-10857	01	1.0	29	all	same	same	identical		True
sub-10857	01	1.0	30	all	same	same	identical		True
sub-10857	01	1.0	31	all	same	same	identical		True
sub-10857	01	1.0	32	all	same	same	identical		True
sub-10857	01	1.0	33	all	same	same	identical		True
sub-10857	01	1.0	34	all	same	same	identical		True
sub-10857	01	1.0	35	all	same	same	identical		True
sub-10857	01	1.0	36	all	same	same	identical		True
sub-10857	01	1.0	37	all	same	same	identical		True
sub-10857	01	1.0	38	all	same	same	identical		True
sub-10857	01	1.0	39	all	same	same	identical		True
sub-10857	01	1.0	40	all	same	same	identical		True
sub-10857	01	1.0	41	all	same	same	identical		True
sub-10857	01	1.0	42	all	same	same	identical		True
sub-10857	01	2.0	1	all	same	same	identical		True
sub-10857	01	2.0	2	all	same	same	identical		True
sub-10857	01	2.0	3	all	same	same	identical		True
sub-10857	01	2.0	4	all	same	same	identical		True
sub-10857	01	2.0	5	all	same	same	identical		True
sub-10857	01	2.0	6	all	same	same	identical		True
sub-10857	01	2.0	7	all	same	same	identical		True
sub-10857	01	2.0	8	all	same	same	identical		True
sub-10857	01	2.0	9	all	same	same	identical		True
sub-10857	01	2.0	10	all	same	same	identical		True
sub-10857	01	2.0	11	all	same	same	identical		True
sub-10857	01	2.0	12	all	same	same	identical		True
sub-10857	01	2.0	13	all	same	same	identical		True
sub-10857	01	2.0	14	all	same	same	identical		True
sub-10857	01	2.0	15	all	same	same	identical		True
sub-10857	01	2.0	16	all	same	same	identical		True
sub-10857	01	2.0	17	all	same	same	identical		True
sub-10857	01	2.0	18	all	same	same	identical		True
sub-10857	01	2.0	19	all	same	same	identical		True
sub-10857	01	2.0	20	all	same	same	identical		True
sub-10857	01	2.0	21	all	same	same	identical		True
sub-10857	01	2.0	22	all	same	same	identical		True
sub-10857	01	2.0	23	all	same	same	identical		True
sub-10857	01	2.0	24	all	same	same	identical		True
sub-10857	01	2.0	25	all	same	same	identical		True
sub-10857	01	2.0	26	all	same	same	identical		True
sub-10857	01	2.0	27	all	same	same	identical		True
sub-10857	01	2.0	28	all	same	same	identical		True
sub-10857	01	2.0	29	all	same	same	identical		True
sub-10857	01	2.0	30	all	same	same	identical		True
sub-10857	01	2.0	31	all	same	same	identical		True
sub-10857	01	2.0	32	all	same	same	identical		True
sub-10857	01	2.0	33	all	same	same	identical		True
sub-10857	01	2.0	34	all	same	same	identical		True
sub-10857	01	2.0	35	all	same	same	identical		True
sub-10857	01	2.0	36	all	same	same	identical		True
sub-10857	01	2.0	37	all	same	same	identical		True
sub-10857	01	2.0	38	all	same	same	identical		True
sub-10857	01	2.0	39	all	same	same	identical		True
sub-10857	01	2.0	40	all	same	same	identical		True
sub-10857	01	2.0	41	all	same	same	identical		True
sub-10857	01	2.0	42	all	same	same	identical		True
sub-10858	01	1.0	1	all	same	same	identical		True
sub-10858	01	1.0	2	all	same	same	identical		True
sub-10858	01	1.0	3	all	same	same	identical		True
sub-10858	01	1.0	4	all	same	same	identical		True
sub-10858	01	1.0	5	all	same	same	identical		True
sub-10858	01	1.0	6	all	same	same	identical		True
sub-10858	01	1.0	7	all	same	same	identical		True
sub-10858	01	1.0	8	all	same	same	identical		True
sub-10858	01	1.0	9	all	same	same	identical		True
sub-10858	01	1.0	10	all	same	same	identical		True
sub-10858	01	1.0	11	all	same	same	identical		True
sub-10858	01	1.0	12	all	same	same	identical		True
sub-10858	01	1.0	13	all	same	same	identical		True
sub-10858	01	1.0	14	all	same	same	identical		True
sub-10858	01	1.0	15	all	same	same	identical		True
sub-10858	01	1.0	16	all	same	same	identical		True
sub-10858	01	1.0	17	all	same	same	identical		True
sub-10858	01	1.0	18	all	same	same	identical		True
sub-10858	01	1.0	19	all	same	same	identical		True
sub-10858	01	1.0	20	all	same	same	identical		True
sub-10858	01	1.0	21	all	same	same	identical		True
sub-10858	01	1.0	22	all	same	same	identical		True
sub-10858	01	1.0	23	all	same	same	identical		True
sub-10858	01	1.0	24	all	same	same	identical		True
sub-10858	01	1.0	25	all	same	same	identical		True
sub-10858	01	1.0	26	all	same	same	identical		True
sub-10858	01	1.0	27	all	same	same	identical		True
sub-10858	01	1.0	28	all	same	same	identical		True
sub-10858	01	1.0	29	all	same	same	identical		True
sub-10858	01	1.0	30	all	same	same	identical		True
sub-10858	01	1.0	31	all	same	same	identical		True
sub-10858	01	1.0	32	all	same	same	identical		True
sub-10858	01	1.0	33	all	same	same	identical		True
sub-10858	01	1.0	34	all	same	same	identical		True
sub-10858	01	1.0	35	all	same	same	identical		True
sub-10858	01	1.0	36	all	same	same	identical		True
sub-10858	01	1.0	37	all	same	same	identical		True
sub-10858	01	1.0	38	all	same	same	identical		True
sub-10858	01	1.0	39	all	same	same	identical		True
sub-10858	01	1.0	40	all	same	same	identical		True
sub-10858	01	1.0	41	all	same	same	identical		True
sub-10858	01	1.0	42	all	same	same	identical		True
sub-10858	01	2.0	1	all	same	same	identical		True
sub-10858	01	2.0	2	all	same	same	identical		True
sub-10858	01	2.0	3	all	same	same	identical		True
sub-10858	01	2.0	4	all	same	same	identical		True
sub-10858	01	2.0	5	all	same	same	identical		True
sub-10858	01	2.0	6	all	same	same	identical		True
sub-10858	01	2.0	7	all	same	same	identical		True
sub-10858	01	2.0	8	all	same	same	identical		True
sub-10858	01	2.0	9	all	same	same	identical		True
sub-10858	01	2.0	10	all	same	same	identical		True
sub-10858	01	2.0	11	all	same	same	identical		True
sub-10858	01	2.0	12	all	same	same	identical		True
sub-10858	01	2.0	13	all	same	same	identical		True
sub-10858	01	2.0	14	all	same	same	identical		True
sub-10858	01	2.0	15	all	same	same	identical		True
sub-10858	01	2.0	16	all	same	same	identical		True
sub-10858	01	2.0	17	all	same	same	identical		True
sub-10858	01	2.0	18	all	same	same	identical		True
sub-10858	01	2.0	19	all	same	same	identical		True
sub-10858	01	2.0	20	all	same	same	identical		True
sub-10858	01	2.0	21	all	same	same	identical		True
sub-10858	01	2.0	22	all	same	same	identical		True
sub-10858	01	2.0	23	all	same	same	identical		True
sub-10858	01	2.0	24	all	same	same	identical		True
sub-10858	01	2.0	25	all	same	same	identical		True
sub-10858	01	2.0	26	all	same	same	identical		True
sub-10858	01	2.0	27	all	same	same	identical		True
sub-10858	01	2.0	28	all	same	same	identical		True
sub-10858	01	2.0	29	all	same	same	identical		True
sub-10858	01	2.0	30	all	same	same	identical		True
sub-10858	01	2.0	31	all	same	same	identical		True
sub-10858	01	2.0	32	all	same	same	identical		True
sub-10858	01	2.0	33	all	same	same	identical		True
sub-10858	01	2.0	34	all	same	same	identical		True
sub-10858	01	2.0	35	all	same	same	identical		True
sub-10858	01	2.0	36	all	same	same	identical		True
sub-10858	01	2.0	37	all	same	same	identical		True
sub-10858	01	2.0	38	all	same	same	identical		True
sub-10858	01	2.0	39	all	same	same	identical		True
sub-10858	01	2.0	40	all	same	same	identical		True
sub-10858	01	2.0	41	all	same	same	identical		True
sub-10858	01	2.0	42	all	same	same	identical		True
sub-10860	01	1.0	1	all	same	same	identical		True
sub-10860	01	1.0	2	all	same	same	identical		True
sub-10860	01	1.0	3	all	same	same	identical		True
sub-10860	01	1.0	4	all	same	same	identical		True
sub-10860	01	1.0	5	all	same	same	identical		True
sub-10860	01	1.0	6	all	same	same	identical		True
sub-10860	01	1.0	7	all	same	same	identical		True
sub-10860	01	1.0	8	all	same	same	identical		True
sub-10860	01	1.0	9	all	same	same	identical		True
sub-10860	01	1.0	10	all	same	same	identical		True
sub-10860	01	1.0	11	all	same	same	identical		True
sub-10860	01	1.0	12	all	same	same	identical		True
sub-10860	01	1.0	13	all	same	same	identical		True
sub-10860	01	1.0	14	all	same	same	identical		True
sub-10860	01	1.0	15	all	same	same	identical		True
sub-10860	01	1.0	16	all	same	same	identical		True
sub-10860	01	1.0	17	all	same	same	identical		True
sub-10860	01	1.0	18	all	same	same	identical		True
sub-10860	01	1.0	19	all	same	same	identical		True
sub-10860	01	1.0	20	all	same	same	identical		True
sub-10860	01	1.0	21	all	same	same	identical		True
sub-10860	01	1.0	22	all	same	same	identical		True
sub-10860	01	1.0	23	all	same	same	identical		True
sub-10860	01	1.0	24	all	same	same	identical		True
sub-10860	01	1.0	25	all	same	same	identical		True
sub-10860	01	1.0	26	all	same	same	identical		True
sub-10860	01	1.0	27	all	same	same	identical		True
sub-10860	01	1.0	28	all	same	same	identical		True
sub-10860	01	1.0	29	all	same	same	identical		True
sub-10860	01	1.0	30	all	same	same	identical		True
sub-10860	01	1.0	31	all	same	same	identical		True
sub-10860	01	1.0	32	all	same	same	identical		True
sub-10860	01	1.0	33	all	same	same	identical		True
sub-10860	01	1.0	34	all	same	same	identical		True
sub-10860	01	1.0	35	all	same	same	identical		True
sub-10860	01	1.0	36	all	same	same	identical		True
sub-10860	01	1.0	37	all	same	same	identical		True
sub-10860	01	1.0	38	all	same	same	identical		True
sub-10860	01	1.0	39	all	same	same	identical		True
sub-10860	01	1.0	40	all	same	same	identical		True
sub-10860	01	1.0	41	all	same	same	identical		True
sub-10860	01	1.0	42	all	same	same	identical		True
sub-10860	01	2.0	1	all	same	same	identical		True
sub-10860	01	2.0	2	all	same	same	identical		True
sub-10860	01	2.0	3	all	same	same	identical		True
sub-10860	01	2.0	4	all	same	same	identical		True
sub-10860	01	2.0	5	all	same	same	identical		True
sub-10860	01	2.0	6	all	same	same	identical		True
sub-10860	01	2.0	7	all	same	same	identical		True
sub-10860	01	2.0	8	all	same	same	identical		True
sub-10860	01	2.0	9	all	same	same	identical		True
sub-10860	01	2.0	10	all	same	same	identical		True
sub-10860	01	2.0	11	all	same	same	identical		True
sub-10860	01	2.0	12	all	same	same	identical		True
sub-10860	01	2.0	13	all	same	same	identical		True
sub-10860	01	2.0	14	all	same	same	identical		True
sub-10860	01	2.0	15	all	same	same	identical		True
sub-10860	01	2.0	16	all	same	same	identical		True
sub-10860	01	2.0	17	all	same	same	identical		True
sub-10860	01	2.0	18	all	same	same	identical		True
sub-10860	01	2.0	19	all	same	same	identical		True
sub-10860	01	2.0	20	all	same	same	identical		True
sub-10860	01	2.0	21	all	same	same	identical		True
sub-10860	01	2.0	22	all	same	same	identical		True
sub-10860	01	2.0	23	all	same	same	identical		True
sub-10860	01	2.0	24	all	same	same	identical		True
sub-10860	01	2.0	25	all	same	same	identical		True
sub-10860	01	2.0	26	all	same	same	identical		True
sub-10860	01	2.0	27	all	same	same	identical		True
sub-10860	01	2.0	28	all	same	same	identical		True
sub-10860	01	2.0	29	all	same	same	identical		True
sub-10860	01	2.0	30	all	same	same	identical		True
sub-10860	01	2.0	31	all	same	same	identical		True
sub-10860	01	2.0	32	all	same	same	identical		True
sub-10860	01	2.0	33	all	same	same	identical		True
sub-10860	01	2.0	34	all	same	same	identical		True
sub-10860	01	2.0	35	all	same	same	identical		True
sub-10860	01	2.0	36	all	same	same	identical		True
sub-10860	01	2.0	37	all	same	same	identical		True
sub-10860	01	2.0	38	all	same	same	identical		True
sub-10860	01	2.0	39	all	same	same	identical		True
sub-10860	01	2.0	40	all	same	same	identical		True
sub-10860	01	2.0	41	all	same	same	identical		True
sub-10860	01	2.0	42	all	same	same	identical		True
sub-10862	01	1.0	1	all	same	same	identical		True
sub-10862	01	1.0	2	all	same	same	identical		True
sub-10862	01	1.0	3	all	same	same	identical		True
sub-10862	01	1.0	4	all	same	same	identical		True
sub-10862	01	1.0	5	all	same	same	identical		True
sub-10862	01	1.0	6	all	same	same	identical		True
sub-10862	01	1.0	7	all	same	same	identical		True
sub-10862	01	1.0	8	all	same	same	identical		True
sub-10862	01	1.0	9	all	same	same	identical		True
sub-10862	01	1.0	10	all	same	same	identical		True
sub-10862	01	1.0	11	all	same	same	identical		True
sub-10862	01	1.0	12	all	same	same	identical		True
sub-10862	01	1.0	13	all	same	same	identical		True
sub-10862	01	1.0	14	all	same	same	identical		True
sub-10862	01	1.0	15	all	same	same	identical		True
sub-10862	01	1.0	16	all	same	same	identical		True
sub-10862	01	1.0	17	all	same	same	identical		True
sub-10862	01	1.0	18	all	same	same	identical		True
sub-10862	01	1.0	19	all	same	same	identical		True
sub-10862	01	1.0	20	all	same	same	identical		True
sub-10862	01	1.0	21	all	same	same	identical		True
sub-10862	01	1.0	22	all	same	same	identical		True
sub-10862	01	1.0	23	all	same	same	identical		True
sub-10862	01	1.0	24	all	same	same	identical		True
sub-10862	01	1.0	25	all	same	same	identical		True
sub-10862	01	1.0	26	all	same	same	identical		True
sub-10862	01	1.0	27	all	same	same	identical		True
sub-10862	01	1.0	28	all	same	same	identical		True
sub-10862	01	1.0	29	all	same	same	identical		True
sub-10862	01	1.0	30	all	same	same	identical		True
sub-10862	01	1.0	31	all	same	same	identical		True
sub-10862	01	1.0	32	all	same	same	identical		True
sub-10862	01	1.0	33	all	same	same	identical		True
sub-10862	01	1.0	34	all	same	same	identical		True
sub-10862	01	1.0	35	all	same	same	identical		True
sub-10862	01	1.0	36	all	same	same	identical		True
sub-10862	01	1.0	37	all	same	same	identical		True
sub-10862	01	1.0	38	all	same	same	identical		True
sub-10862	01	1.0	39	all	same	same	identical		True
sub-10862	01	1.0	40	all	same	same	identical		True
sub-10862	01	1.0	41	all	same	same	identical		True
sub-10862	01	1.0	42	all	same	same	identical		True
sub-10862	01	2.0	1	all	same	same	identical		True
sub-10862	01	2.0	2	all	same	same	identical		True
sub-10862	01	2.0	3	all	same	same	identical		True
sub-10862	01	2.0	4	all	same	same	identical		True
sub-10862	01	2.0	5	all	same	same	identical		True
sub-10862	01	2.0	6	all	same	same	identical		True
sub-10862	01	2.0	7	all	same	same	identical		True
sub-10862	01	2.0	8	all	same	same	identical		True
sub-10862	01	2.0	9	all	same	same	identical		True
sub-10862	01	2.0	10	all	same	same	identical		True
sub-10862	01	2.0	11	all	same	same	identical		True
sub-10862	01	2.0	12	all	same	same	identical		True
sub-10862	01	2.0	13	all	same	same	identical		True
sub-10862	01	2.0	14	all	same	same	identical		True
sub-10862	01	2.0	15	all	same	same	identical		True
sub-10862	01	2.0	16	all	same	same	identical		True
sub-10862	01	2.0	17	all	same	same	identical		True
sub-10862	01	2.0	18	all	same	same	identical		True
sub-10862	01	2.0	19	all	same	same	identical		True
sub-10862	01	2.0	20	all	same	same	identical		True
sub-10862	01	2.0	21	all	same	same	identical		True
sub-10862	01	2.0	22	all	same	same	identical		True
sub-10862	01	2.0	23	all	same	same	identical		True
sub-10862	01	2.0	24	all	same	same	identical		True
sub-10862	01	2.0	25	all	same	same	identical		True
sub-10862	01	2.0	26	all	same	same	identical		True
sub-10862	01	2.0	27	all	same	same	identical		True
sub-10862	01	2.0	28	all	same	same	identical		True
sub-10862	01	2.0	29	all	same	same	identical		True
sub-10862	01	2.0	30	all	same	same	identical		True
sub-10862	01	2.0	31	all	same	same	identical		True
sub-10862	01	2.0	32	all	same	same	identical		True
sub-10862	01	2.0	33	all	same	same	identical		True
sub-10862	01	2.0	34	all	same	same	identical		True
sub-10862	01	2.0	35	all	same	same	identical		True
sub-10862	01	2.0	36	all	same	same	identical		True
sub-10862	01	2.0	37	all	same	same	identical		True
sub-10862	01	2.0	38	all	same	same	identical		True
sub-10862	01	2.0	39	all	same	same	identical		True
sub-10862	01	2.0	40	all	same	same	identical		True
sub-10862	01	2.0	41	all	same	same	identical		True
sub-10862	01	2.0	42	all	same	same	identical		True
sub-10863	01	1.0	1	all	same	same	identical		True
sub-10863	01	1.0	2	all	same	same	identical		True
sub-10863	01	1.0	3	all	same	same	identical		True
sub-10863	01	1.0	4	all	same	same	identical		True
sub-10863	01	1.0	5	all	same	same	identical		True
sub-10863	01	1.0	6	all	same	same	identical		True
sub-10863	01	1.0	7	all	same	same	identical		True
sub-10863	01	1.0	8	all	same	same	identical		True
sub-10863	01	1.0	9	all	same	same	identical		True
sub-10863	01	1.0	10	all	same	same	identical		True
sub-10863	01	1.0	11	all	same	same	identical		True
sub-10863	01	1.0	12	all	same	same	identical		True
sub-10863	01	1.0	13	all	same	same	identical		True
sub-10863	01	1.0	14	all	same	same	identical		True
sub-10863	01	1.0	15	all	same	same	identical		True
sub-10863	01	1.0	16	all	same	same	identical		True
sub-10863	01	1.0	17	all	same	same	identical		True
sub-10863	01	1.0	18	all	same	same	identical		True
sub-10863	01	1.0	19	all	same	same	identical		True
sub-10863	01	1.0	20	all	same	same	identical		True
sub-10863	01	1.0	21	all	same	same	identical		True
sub-10863	01	1.0	22	all	same	same	identical		True
sub-10863	01	1.0	23	all	same	same	identical		True
sub-10863	01	1.0	24	all	same	same	identical		True
sub-10863	01	1.0	25	all	same	same	identical		True
sub-10863	01	1.0	26	all	same	same	identical		True
sub-10863	01	1.0	27	all	same	same	identical		True
sub-10863	01	1.0	28	all	same	same	identical		True
sub-10863	01	1.0	29	all	same	same	identical		True
sub-10863	01	1.0	30	all	same	same	identical		True
sub-10863	01	1.0	31	all	same	same	identical		True
sub-10863	01	1.0	32	all	same	same	identical		True
sub-10863	01	1.0	33	all	same	same	identical		True
sub-10863	01	1.0	34	all	same	same	identical		True
sub-10863	01	1.0	35	all	same	same	identical		True
sub-10863	01	1.0	36	all	same	same	identical		True
sub-10863	01	1.0	37	all	same	same	identical		True
sub-10863	01	1.0	38	all	same	same	identical		True
sub-10863	01	1.0	39	all	same	same	identical		True
sub-10863	01	1.0	40	all	same	same	identical		True
sub-10863	01	1.0	41	all	same	same	identical		True
sub-10863	01	1.0	42	all	same	same	identical		True
sub-10863	01	2.0	1	all	same	same	identical		True
sub-10863	01	2.0	2	all	same	same	identical		True
sub-10863	01	2.0	3	all	same	same	identical		True
sub-10863	01	2.0	4	all	same	same	identical		True
sub-10863	01	2.0	5	all	same	same	identical		True
sub-10863	01	2.0	6	all	same	same	identical		True
sub-10863	01	2.0	7	all	same	same	identical		True
sub-10863	01	2.0	8	all	same	same	identical		True
sub-10863	01	2.0	9	all	same	same	identical		True
sub-10863	01	2.0	10	all	same	same	identical		True
sub-10863	01	2.0	11	all	same	same	identical		True
sub-10863	01	2.0	12	all	same	same	identical		True
sub-10863	01	2.0	13	all	same	same	identical		True
sub-10863	01	2.0	14	all	same	same	identical		True
sub-10863	01	2.0	15	all	same	same	identical		True
sub-10863	01	2.0	16	all	same	same	identical		True
sub-10863	01	2.0	17	all	same	same	identical		True
sub-10863	01	2.0	18	all	same	same	identical		True
sub-10863	01	2.0	19	all	same	same	identical		True
sub-10863	01	2.0	20	all	same	same	identical		True
sub-10863	01	2.0	21	all	same	same	identical		True
sub-10863	01	2.0	22	all	same	same	identical		True
sub-10863	01	2.0	23	all	same	same	identical		True
sub-10863	01	2.0	24	all	same	same	identical		True
sub-10863	01	2.0	25	all	same	same	identical		True
sub-10863	01	2.0	26	all	same	same	identical		True
sub-10863	01	2.0	27	all	same	same	identical		True
sub-10863	01	2.0	28	all	same	same	identical		True
sub-10863	01	2.0	29	all	same	same	identical		True
sub-10863	01	2.0	30	all	same	same	identical		True
sub-10863	01	2.0	31	all	same	same	identical		True
sub-10863	01	2.0	32	all	same	same	identical		True
sub-10863	01	2.0	33	all	same	same	identical		True
sub-10863	01	2.0	34	all	same	same	identical		True
sub-10863	01	2.0	35	all	same	same	identical		True
sub-10863	01	2.0	36	all	same	same	identical		True
sub-10863	01	2.0	37	all	same	same	identical		True
sub-10863	01	2.0	38	all	same	same	identical		True
sub-10863	01	2.0	39	all	same	same	identical		True
sub-10863	01	2.0	40	all	same	same	identical		True
sub-10863	01	2.0	41	all	same	same	identical		True
sub-10863	01	2.0	42	all	same	same	identical		True
sub-10866	01	1.0	1	all	same	same	identical		True
sub-10866	01	1.0	2	all	same	same	identical		True
sub-10866	01	1.0	3	all	same	same	identical		True
sub-10866	01	1.0	4	all	same	same	identical		True
sub-10866	01	1.0	5	all	same	same	identical		True
sub-10866	01	1.0	6	all	same	same	identical		True
sub-10866	01	1.0	7	all	same	same	identical		True
sub-10866	01	1.0	8	all	same	same	identical		True
sub-10866	01	1.0	9	all	same	same	identical		True
sub-10866	01	1.0	10	all	same	same	identical		True
sub-10866	01	1.0	11	all	same	same	identical		True
sub-10866	01	1.0	12	all	same	same	identical		True
sub-10866	01	1.0	13	all	same	same	identical		True
sub-10866	01	1.0	14	all	same	same	identical		True
sub-10866	01	1.0	15	all	same	same	identical		True
sub-10866	01	1.0	16	all	same	same	identical		True
sub-10866	01	1.0	17	all	same	same	identical		True
sub-10866	01	1.0	18	all	same	same	identical		True
sub-10866	01	1.0	19	all	same	same	identical		True
sub-10866	01	1.0	20	all	same	same	identical		True
sub-10866	01	1.0	21	all	same	same	identical		True
sub-10866	01	1.0	22	all	same	same	identical		True
sub-10866	01	1.0	23	all	same	same	identical		True
sub-10866	01	1.0	24	all	same	same	identical		True
sub-10866	01	1.0	25	all	same	same	identical		True
sub-10866	01	1.0	26	all	same	same	identical		True
sub-10866	01	1.0	27	all	same	same	identical		True
sub-10866	01	1.0	28	all	same	same	identical		True
sub-10866	01	1.0	29	all	same	same	identical		True
sub-10866	01	1.0	30	all	same	same	identical		True
sub-10866	01	1.0	31	all	same	same	identical		True
sub-10866	01	1.0	32	all	same	same	identical		True
sub-10866	01	1.0	33	all	same	same	identical		True
sub-10866	01	1.0	34	all	same	same	identical		True
sub-10866	01	1.0	35	all	same	same	identical		True
sub-10866	01	1.0	36	all	same	same	identical		True
sub-10866	01	1.0	37	all	same	same	identical		True
sub-10866	01	1.0	38	all	same	same	identical		True
sub-10866	01	1.0	39	all	same	same	identical		True
sub-10866	01	1.0	40	all	same	same	identical		True
sub-10866	01	1.0	41	all	same	same	identical		True
sub-10866	01	1.0	42	all	same	same	identical		True
sub-10866	01	2.0	1	all	same	same	identical		True
sub-10866	01	2.0	2	all	same	same	identical		True
sub-10866	01	2.0	3	all	same	same	identical		True
sub-10866	01	2.0	4	all	same	same	identical		True
sub-10866	01	2.0	5	all	same	same	identical		True
sub-10866	01	2.0	6	all	same	same	identical		True
sub-10866	01	2.0	7	all	same	same	identical		True
sub-10866	01	2.0	8	all	same	same	identical		True
sub-10866	01	2.0	9	all	same	same	identical		True
sub-10866	01	2.0	10	all	same	same	identical		True
sub-10866	01	2.0	11	all	same	same	identical		True
sub-10866	01	2.0	12	all	same	same	identical		True
sub-10866	01	2.0	13	all	same	same	identical		True
sub-10866	01	2.0	14	all	same	same	identical		True
sub-10866	01	2.0	15	all	same	same	identical		True
sub-10866	01	2.0	16	all	same	same	identical		True
sub-10866	01	2.0	17	all	same	same	identical		True
sub-10866	01	2.0	18	all	same	same	identical		True
sub-10866	01	2.0	19	all	same	same	identical		True
sub-10866	01	2.0	20	all	same	same	identical		True
sub-10866	01	2.0	21	all	same	same	identical		True
sub-10866	01	2.0	22	all	same	same	identical		True
sub-10866	01	2.0	23	all	same	same	identical		True
sub-10866	01	2.0	24	all	same	same	identical		True
sub-10866	01	2.0	25	all	same	same	identical		True
sub-10866	01	2.0	26	all	same	same	identical		True
sub-10866	01	2.0	27	all	same	same	identical		True
sub-10866	01	2.0	28	all	same	same	identical		True
sub-10866	01	2.0	29	all	same	same	identical		True
sub-10866	01	2.0	30	all	same	same	identical		True
sub-10866	01	2.0	31	all	same	same	identical		True
sub-10866	01	2.0	32	all	same	same	identical		True
sub-10866	01	2.0	33	all	same	same	identical		True
sub-10866	01	2.0	34	all	same	same	identical		True
sub-10866	01	2.0	35	all	same	same	identical		True
sub-10866	01	2.0	36	all	same	same	identical		True
sub-10866	01	2.0	37	all	same	same	identical		True
sub-10866	01	2.0	38	all	same	same	identical		True
sub-10866	01	2.0	39	all	same	same	identical		True
sub-10866	01	2.0	40	all	same	same	identical		True
sub-10866	01	2.0	41	all	same	same	identical		True
sub-10866	01	2.0	42	all	same	same	identical		True
sub-10875	01	1.0	1	all	same	same	identical		True
sub-10875	01	1.0	2	all	same	same	identical		True
sub-10875	01	1.0	3	all	same	same	identical		True
sub-10875	01	1.0	4	all	same	same	identical		True
sub-10875	01	1.0	5	all	same	same	identical		True
sub-10875	01	1.0	6	all	same	same	identical		True
sub-10875	01	1.0	7	all	same	same	identical		True
sub-10875	01	1.0	8	all	same	same	identical		True
sub-10875	01	1.0	9	all	same	same	identical		True
sub-10875	01	1.0	10	all	same	same	identical		True
sub-10875	01	1.0	11	all	same	same	identical		True
sub-10875	01	1.0	12	all	same	same	identical		True
sub-10875	01	1.0	13	all	same	same	identical		True
sub-10875	01	1.0	14	all	same	same	identical		True
sub-10875	01	1.0	15	all	same	same	identical		True
sub-10875	01	1.0	16	all	same	same	identical		True
sub-10875	01	1.0	17	all	same	same	identical		True
sub-10875	01	1.0	18	all	same	same	identical		True
sub-10875	01	1.0	19	all	same	same	identical		True
sub-10875	01	1.0	20	all	same	same	identical		True
sub-10875	01	1.0	21	all	same	same	identical		True
sub-10875	01	1.0	22	all	same	same	identical		True
sub-10875	01	1.0	23	all	same	same	identical		True
sub-10875	01	1.0	24	all	same	same	identical		True
sub-10875	01	1.0	25	all	same	same	identical		True
sub-10875	01	1.0	26	all	same	same	identical		True
sub-10875	01	1.0	27	all	same	same	identical		True
sub-10875	01	1.0	28	all	same	same	identical		True
sub-10875	01	1.0	29	all	same	same	identical		True
sub-10875	01	1.0	30	all	same	same	identical		True
sub-10875	01	1.0	31	all	same	same	identical		True
sub-10875	01	1.0	32	all	same	same	identical		True
sub-10875	01	1.0	33	all	same	same	identical		True
sub-10875	01	1.0	34	all	same	same	identical		True
sub-10875	01	1.0	35	all	same	same	identical		True
sub-10875	01	1.0	36	all	same	same	identical		True
sub-10875	01	1.0	37	all	same	same	identical		True
sub-10875	01	1.0	38	all	same	same	identical		True
sub-10875	01	1.0	39	all	same	same	identical		True
sub-10875	01	1.0	40	all	same	same	identical		True
sub-10875	01	1.0	41	all	same	same	identical		True
sub-10875	01	1.0	42	all	same	same	identical		True
sub-10875	01	2.0	1	all	same	same	identical		True
sub-10875	01	2.0	2	all	same	same	identical		True
sub-10875	01	2.0	3	all	same	same	identical		True
sub-10875	01	2.0	4	all	same	same	identical		True
sub-10875	01	2.0	5	all	same	same	identical		True
sub-10875	01	2.0	6	all	same	same	identical		True
sub-10875	01	2.0	7	all	same	same	identical		True
sub-10875	01	2.0	8	all	same	same	identical		True
sub-10875	01	2.0	9	all	same	same	identical		True
sub-10875	01	2.0	10	all	same	same	identical		True
sub-10875	01	2.0	11	all	same	same	identical		True
sub-10875	01	2.0	12	all	same	same	identical		True
sub-10875	01	2.0	13	all	same	same	identical		True
sub-10875	01	2.0	14	all	same	same	identical		True
sub-10875	01	2.0	15	all	same	same	identical		True
sub-10875	01	2.0	16	all	same	same	identical		True
sub-10875	01	2.0	17	all	same	same	identical		True
sub-10875	01	2.0	18	all	same	same	identical		True
sub-10875	01	2.0	19	all	same	same	identical		True
sub-10875	01	2.0	20	all	same	same	identical		True
sub-10875	01	2.0	21	all	same	same	identical		True
sub-10875	01	2.0	22	all	same	same	identical		True
sub-10875	01	2.0	23	all	same	same	identical		True
sub-10875	01	2.0	24	all	same	same	identical		True
sub-10875	01	2.0	25	all	same	same	identical		True
sub-10875	01	2.0	26	all	same	same	identical		True
sub-10875	01	2.0	27	all	same	same	identical		True
sub-10875	01	2.0	28	all	same	same	identical		True
sub-10875	01	2.0	29	all	same	same	identical		True
sub-10875	01	2.0	30	all	same	same	identical		True
sub-10875	01	2.0	31	all	same	same	identical		True
sub-10875	01	2.0	32	all	same	same	identical		True
sub-10875	01	2.0	33	all	same	same	identical		True
sub-10875	01	2.0	34	all	same	same	identical		True
sub-10875	01	2.0	35	all	same	same	identical		True
sub-10875	01	2.0	36	all	same	same	identical		True
sub-10875	01	2.0	37	all	same	same	identical		True
sub-10875	01	2.0	38	all	same	same	identical		True
sub-10875	01	2.0	39	all	same	same	identical		True
sub-10875	01	2.0	40	all	same	same	identical		True
sub-10875	01	2.0	41	all	same	same	identical		True
sub-10875	01	2.0	42	all	same	same	identical		True
sub-10881	01	1.0	1	all	same	same	identical		True
sub-10881	01	1.0	2	all	same	same	identical		True
sub-10881	01	1.0	3	all	same	same	identical		True
sub-10881	01	1.0	4	all	same	same	identical		True
sub-10881	01	1.0	5	all	same	same	identical		True
sub-10881	01	1.0	6	all	same	same	identical		True
sub-10881	01	1.0	7	all	same	same	identical		True
sub-10881	01	1.0	8	all	same	same	identical		True
sub-10881	01	1.0	9	all	same	same	identical		True
sub-10881	01	1.0	10	all	same	same	identical		True
sub-10881	01	1.0	11	all	same	same	identical		True
sub-10881	01	1.0	12	all	same	same	identical		True
sub-10881	01	1.0	13	all	same	same	identical		True
sub-10881	01	1.0	14	all	same	same	identical		True
sub-10881	01	1.0	15	all	same	same	identical		True
sub-10881	01	1.0	16	all	same	same	identical		True
sub-10881	01	1.0	17	all	same	same	identical		True
sub-10881	01	1.0	18	all	same	same	identical		True
sub-10881	01	1.0	19	all	same	same	identical		True
sub-10881	01	1.0	20	all	same	same	identical		True
sub-10881	01	1.0	21	all	same	same	identical		True
sub-10881	01	1.0	22	all	same	same	identical		True
sub-10881	01	1.0	23	all	same	same	identical		True
sub-10881	01	1.0	24	all	same	same	identical		True
sub-10881	01	1.0	25	all	same	same	identical		True
sub-10881	01	1.0	26	all	same	same	identical		True
sub-10881	01	1.0	27	all	same	same	identical		True
sub-10881	01	1.0	28	all	same	same	identical		True
sub-10881	01	1.0	29	all	same	same	identical		True
sub-10881	01	1.0	30	all	same	same	identical		True
sub-10881	01	1.0	31	all	same	same	identical		True
sub-10881	01	1.0	32	all	same	same	identical		True
sub-10881	01	1.0	33	all	same	same	identical		True
sub-10881	01	1.0	34	all	same	same	identical		True
sub-10881	01	1.0	35	all	same	same	identical		True
sub-10881	01	1.0	36	all	same	same	identical		True
sub-10881	01	1.0	37	all	same	same	identical		True
sub-10881	01	1.0	38	all	same	same	identical		True
sub-10881	01	1.0	39	all	same	same	identical		True
sub-10881	01	1.0	40	all	same	same	identical		True
sub-10881	01	1.0	41	all	same	same	identical		True
sub-10881	01	1.0	42	all	same	same	identical		True
sub-10886	01	1.0	1	all	same	same	identical		True
sub-10886	01	1.0	2	all	same	same	identical		True
sub-10886	01	1.0	3	all	same	same	identical		True
sub-10886	01	1.0	4	all	same	same	identical		True
sub-10886	01	1.0	5	all	same	same	identical		True
sub-10886	01	1.0	6	all	same	same	identical		True
sub-10886	01	1.0	7	all	same	same	identical		True
sub-10886	01	1.0	8	all	same	same	identical		True
sub-10886	01	1.0	9	all	same	same	identical		True
sub-10886	01	1.0	10	all	same	same	identical		True
sub-10886	01	1.0	11	all	same	same	identical		True
sub-10886	01	1.0	12	all	same	same	identical		True
sub-10886	01	1.0	13	all	same	same	identical		True
sub-10886	01	1.0	14	all	same	same	identical		True
sub-10886	01	1.0	15	all	same	same	identical		True
sub-10886	01	1.0	16	all	same	same	identical		True
sub-10886	01	1.0	17	all	same	same	identical		True
sub-10886	01	1.0	18	all	same	same	identical		True
sub-10886	01	1.0	19	all	same	same	identical		True
sub-10886	01	1.0	20	all	same	same	identical		True
sub-10886	01	1.0	21	all	same	same	identical		True
sub-10886	01	1.0	22	all	same	same	identical		True
sub-10886	01	1.0	23	all	same	same	identical		True
sub-10886	01	1.0	24	all	same	same	identical		True
sub-10886	01	1.0	25	all	same	same	identical		True
sub-10886	01	1.0	26	all	same	same	identical		True
sub-10886	01	1.0	27	all	same	same	identical		True
sub-10886	01	1.0	28	all	same	same	identical		True
sub-10886	01	1.0	29	all	same	same	identical		True
sub-10886	01	1.0	30	all	same	same	identical		True
sub-10886	01	1.0	31	all	same	same	identical		True
sub-10886	01	1.0	32	all	same	same	identical		True
sub-10886	01	1.0	33	all	same	same	identical		True
sub-10886	01	1.0	34	all	same	same	identical		True
sub-10886	01	1.0	35	all	same	same	identical		True
sub-10886	01	1.0	36	all	same	same	identical		True
sub-10886	01	1.0	37	all	same	same	identical		True
sub-10886	01	1.0	38	all	same	same	identical		True
sub-10886	01	1.0	39	all	same	same	identical		True
sub-10886	01	1.0	40	all	same	same	identical		True
sub-10886	01	1.0	41	all	same	same	identical		True
sub-10886	01	1.0	42	all	same	same	identical		True
sub-10887	01	1.0	1	all	same	same	identical		True
sub-10887	01	1.0	2	all	same	same	identical		True
sub-10887	01	1.0	3	all	same	same	identical		True
sub-10887	01	1.0	4	all	same	same	identical		True
sub-10887	01	1.0	5	all	same	same	identical		True
sub-10887	01	1.0	6	all	same	same	identical		True
sub-10887	01	1.0	7	all	same	same	identical		True
sub-10887	01	1.0	8	all	same	same	identical		True
sub-10887	01	1.0	9	all	same	same	identical		True
sub-10887	01	1.0	10	all	same	same	identical		True
sub-10887	01	1.0	11	all	same	same	identical		True
sub-10887	01	1.0	12	all	same	same	identical		True
sub-10887	01	1.0	13	all	same	same	identical		True
sub-10887	01	1.0	14	all	same	same	identical		True
sub-10887	01	1.0	15	all	same	same	identical		True
sub-10887	01	1.0	16	all	same	same	identical		True
sub-10887	01	1.0	17	all	same	same	identical		True
sub-10887	01	1.0	18	all	same	same	identical		True
sub-10887	01	1.0	19	all	same	same	identical		True
sub-10887	01	1.0	20	all	same	same	identical		True
sub-10887	01	1.0	21	all	same	same	identical		True
sub-10887	01	1.0	22	all	same	same	identical		True
sub-10887	01	1.0	23	all	same	same	identical		True
sub-10887	01	1.0	24	all	same	same	identical		True
sub-10887	01	1.0	25	all	same	same	identical		True
sub-10887	01	1.0	26	all	same	same	identical		True
sub-10887	01	1.0	27	all	same	same	identical		True
sub-10887	01	1.0	28	all	same	same	identical		True
sub-10887	01	1.0	29	all	same	same	identical		True
sub-10887	01	1.0	30	all	same	same	identical		True
sub-10887	01	1.0	31	all	same	same	identical		True
sub-10887	01	1.0	32	all	same	same	identical		True
sub-10887	01	1.0	33	all	same	same	identical		True
sub-10887	01	1.0	34	all	same	same	identical		True
sub-10887	01	1.0	35	all	same	same	identical		True
sub-10887	01	1.0	36	all	same	same	identical		True
sub-10887	01	1.0	37	all	same	same	identical		True
sub-10887	01	1.0	38	all	same	same	identical		True
sub-10887	01	1.0	39	all	same	same	identical		True
sub-10887	01	1.0	40	all	same	same	identical		True
sub-10887	01	1.0	41	all	same	same	identical		True
sub-10887	01	1.0	42	all	same	same	identical		True
sub-10887	01	2.0	1	all	same	same	identical		True
sub-10887	01	2.0	2	all	same	same	identical		True
sub-10887	01	2.0	3	all	same	same	identical		True
sub-10887	01	2.0	4	all	same	same	identical		True
sub-10887	01	2.0	5	all	same	same	identical		True
sub-10887	01	2.0	6	all	same	same	identical		True
sub-10887	01	2.0	7	all	same	same	identical		True
sub-10887	01	2.0	8	all	same	same	identical		True
sub-10887	01	2.0	9	all	same	same	identical		True
sub-10887	01	2.0	10	all	same	same	identical		True
sub-10887	01	2.0	11	all	same	same	identical		True
sub-10887	01	2.0	12	all	same	same	identical		True
sub-10887	01	2.0	13	all	same	same	identical		True
sub-10887	01	2.0	14	all	same	same	identical		True
sub-10887	01	2.0	15	all	same	same	identical		True
sub-10887	01	2.0	16	all	same	same	identical		True
sub-10887	01	2.0	17	all	same	same	identical		True
sub-10887	01	2.0	18	all	same	same	identical		True
sub-10887	01	2.0	19	all	same	same	identical		True
sub-10887	01	2.0	20	all	same	same	identical		True
sub-10887	01	2.0	21	all	same	same	identical		True
sub-10887	01	2.0	22	all	same	same	identical		True
sub-10887	01	2.0	23	all	same	same	identical		True
sub-10887	01	2.0	24	all	same	same	identical		True
sub-10887	01	2.0	25	all	same	same	identical		True
sub-10887	01	2.0	26	all	same	same	identical		True
sub-10887	01	2.0	27	all	same	same	identical		True
sub-10887	01	2.0	28	all	same	same	identical		True
sub-10887	01	2.0	29	all	same	same	identical		True
sub-10887	01	2.0	30	all	same	same	identical		True
sub-10887	01	2.0	31	all	same	same	identical		True
sub-10887	01	2.0	32	all	same	same	identical		True
sub-10887	01	2.0	33	all	same	same	identical		True
sub-10887	01	2.0	34	all	same	same	identical		True
sub-10887	01	2.0	35	all	same	same	identical		True
sub-10887	01	2.0	36	all	same	same	identical		True
sub-10887	01	2.0	37	all	same	same	identical		True
sub-10887	01	2.0	38	all	same	same	identical		True
sub-10887	01	2.0	39	all	same	same	identical		True
sub-10887	01	2.0	40	all	same	same	identical		True
sub-10887	01	2.0	41	all	same	same	identical		True
sub-10887	01	2.0	42	all	same	same	identical		True
sub-10896	01	1.0	1	all	same	same	identical		True
sub-10896	01	1.0	2	all	same	same	identical		True
sub-10896	01	1.0	3	all	same	same	identical		True
sub-10896	01	1.0	4	all	same	same	identical		True
sub-10896	01	1.0	5	all	same	same	identical		True
sub-10896	01	1.0	6	all	same	same	identical		True
sub-10896	01	1.0	7	all	same	same	identical		True
sub-10896	01	1.0	8	all	same	same	identical		True
sub-10896	01	1.0	9	all	same	same	identical		True
sub-10896	01	1.0	10	all	same	same	identical		True
sub-10896	01	1.0	11	all	same	same	identical		True
sub-10896	01	1.0	12	all	same	same	identical		True
sub-10896	01	1.0	13	all	same	same	identical		True
sub-10896	01	1.0	14	all	same	same	identical		True
sub-10896	01	1.0	15	all	same	same	identical		True
sub-10896	01	1.0	16	all	same	same	identical		True
sub-10896	01	1.0	17	all	same	same	identical		True
sub-10896	01	1.0	18	all	same	same	identical		True
sub-10896	01	1.0	19	all	same	same	identical		True
sub-10896	01	1.0	20	all	same	same	identical		True
sub-10896	01	1.0	21	all	same	same	identical		True
sub-10896	01	1.0	22	all	same	same	identical		True
sub-10896	01	1.0	23	all	same	same	identical		True
sub-10896	01	1.0	24	all	same	same	identical		True
sub-10896	01	1.0	25	all	same	same	identical		True
sub-10896	01	1.0	26	all	same	same	identical		True
sub-10896	01	1.0	27	all	same	same	identical		True
sub-10896	01	1.0	28	all	same	same	identical		True
sub-10896	01	1.0	29	all	same	same	identical		True
sub-10896	01	1.0	30	all	same	same	identical		True
sub-10896	01	1.0	31	all	same	same	identical		True
sub-10896	01	1.0	32	all	same	same	identical		True
sub-10896	01	1.0	33	all	same	same	identical		True
sub-10896	01	1.0	34	all	same	same	identical		True
sub-10896	01	1.0	35	all	same	same	identical		True
sub-10896	01	1.0	36	all	same	same	identical		True
sub-10896	01	1.0	37	all	same	same	identical		True
sub-10896	01	1.0	38	all	same	same	identical		True
sub-10896	01	1.0	39	all	same	same	identical		True
sub-10896	01	1.0	40	all	same	same	identical		True
sub-10896	01	1.0	41	all	same	same	identical		True
sub-10896	01	1.0	42	all	same	same	identical		True
sub-10896	01	2.0	1	all	same	same	identical		True
sub-10896	01	2.0	2	all	same	same	identical		True
sub-10896	01	2.0	3	all	same	same	identical		True
sub-10896	01	2.0	4	all	same	same	identical		True
sub-10896	01	2.0	5	all	same	same	identical		True
sub-10896	01	2.0	6	all	same	same	identical		True
sub-10896	01	2.0	7	all	same	same	identical		True
sub-10896	01	2.0	8	all	same	same	identical		True
sub-10896	01	2.0	9	all	same	same	identical		True
sub-10896	01	2.0	10	all	same	same	identical		True
sub-10896	01	2.0	11	all	same	same	identical		True
sub-10896	01	2.0	12	all	same	same	identical		True
sub-10896	01	2.0	13	all	same	same	identical		True
sub-10896	01	2.0	14	all	same	same	identical		True
sub-10896	01	2.0	15	all	same	same	identical		True
sub-10896	01	2.0	16	all	same	same	identical		True
sub-10896	01	2.0	17	all	same	same	identical		True
sub-10896	01	2.0	18	all	same	same	identical		True
sub-10896	01	2.0	19	all	same	same	identical		True
sub-10896	01	2.0	20	all	same	same	identical		True
sub-10896	01	2.0	21	all	same	same	identical		True
sub-10896	01	2.0	22	all	same	same	identical		True
sub-10896	01	2.0	23	all	same	same	identical		True
sub-10896	01	2.0	24	all	same	same	identical		True
sub-10896	01	2.0	25	all	same	same	identical		True
sub-10896	01	2.0	26	all	same	same	identical		True
sub-10896	01	2.0	27	all	same	same	identical		True
sub-10896	01	2.0	28	all	same	same	identical		True
sub-10896	01	2.0	29	all	same	same	identical		True
sub-10896	01	2.0	30	all	same	same	identical		True
sub-10896	01	2.0	31	all	same	same	identical		True
sub-10896	01	2.0	32	all	same	same	identical		True
sub-10896	01	2.0	33	all	same	same	identical		True
sub-10896	01	2.0	34	all	same	same	identical		True
sub-10896	01	2.0	35	all	same	same	identical		True
sub-10896	01	2.0	36	all	same	same	identical		True
sub-10896	01	2.0	37	all	same	same	identical		True
sub-10896	01	2.0	38	all	same	same	identical		True
sub-10896	01	2.0	39	all	same	same	identical		True
sub-10896	01	2.0	40	all	same	same	identical		True
sub-10896	01	2.0	41	all	same	same	identical		True
sub-10896	01	2.0	42	all	same	same	identical		True
sub-10897	01	1.0	1	all	same	same	identical		True
sub-10897	01	1.0	2	all	same	same	identical		True
sub-10897	01	1.0	3	all	same	same	identical		True
sub-10897	01	1.0	4	all	same	same	identical		True
sub-10897	01	1.0	5	all	same	same	identical		True
sub-10897	01	1.0	6	all	same	same	identical		True
sub-10897	01	1.0	7	all	same	same	identical		True
sub-10897	01	1.0	8	all	same	same	identical		True
sub-10897	01	1.0	9	all	same	same	identical		True
sub-10897	01	1.0	10	all	same	same	identical		True
sub-10897	01	1.0	11	all	same	same	identical		True
sub-10897	01	1.0	12	all	same	same	identical		True
sub-10897	01	1.0	13	all	same	same	identical		True
sub-10897	01	1.0	14	all	same	same	identical		True
sub-10897	01	1.0	15	all	same	same	identical		True
sub-10897	01	1.0	16	all	same	same	identical		True
sub-10897	01	1.0	17	all	same	same	identical		True
sub-10897	01	1.0	18	all	same	same	identical		True
sub-10897	01	1.0	19	all	same	same	identical		True
sub-10897	01	1.0	20	all	same	same	identical		True
sub-10897	01	1.0	21	all	same	same	identical		True
sub-10897	01	1.0	22	all	same	same	identical		True
sub-10897	01	1.0	23	all	same	same	identical		True
sub-10897	01	1.0	24	all	same	same	identical		True
sub-10897	01	1.0	25	all	same	same	identical		True
sub-10897	01	1.0	26	all	same	same	identical		True
sub-10897	01	1.0	27	all	same	same	identical		True
sub-10897	01	1.0	28	all	same	same	identical		True
sub-10897	01	1.0	29	all	same	same	identical		True
sub-10897	01	1.0	30	all	same	same	identical		True
sub-10897	01	1.0	31	all	same	same	identical		True
sub-10897	01	1.0	32	all	same	same	identical		True
sub-10897	01	1.0	33	all	same	same	identical		True
sub-10897	01	1.0	34	all	same	same	identical		True
sub-10897	01	1.0	35	all	same	same	identical		True
sub-10897	01	1.0	36	all	same	same	identical		True
sub-10897	01	1.0	37	all	same	same	identical		True
sub-10897	01	1.0	38	all	same	same	identical		True
sub-10897	01	1.0	39	all	same	same	identical		True
sub-10897	01	1.0	40	all	same	same	identical		True
sub-10897	01	1.0	41	all	same	same	identical		True
sub-10897	01	1.0	42	all	same	same	identical		True
sub-10898	01	1.0	1	all	same	same	identical		True
sub-10898	01	1.0	2	all	same	same	identical		True
sub-10898	01	1.0	3	all	same	same	identical		True
sub-10898	01	1.0	4	all	same	same	identical		True
sub-10898	01	1.0	5	all	same	same	identical		True
sub-10898	01	1.0	6	all	same	same	identical		True
sub-10898	01	1.0	7	all	same	same	identical		True
sub-10898	01	1.0	8	all	same	same	identical		True
sub-10898	01	1.0	9	all	same	same	identical		True
sub-10898	01	1.0	10	all	same	same	identical		True
sub-10898	01	1.0	11	all	same	same	identical		True
sub-10898	01	1.0	12	all	same	same	identical		True
sub-10898	01	1.0	13	all	same	same	identical		True
sub-10898	01	1.0	14	all	same	same	identical		True
sub-10898	01	1.0	15	all	same	same	identical		True
sub-10898	01	1.0	16	all	same	same	identical		True
sub-10898	01	1.0	17	all	same	same	identical		True
sub-10898	01	1.0	18	all	same	same	identical		True
sub-10898	01	1.0	19	all	same	same	identical		True
sub-10898	01	1.0	20	all	same	same	identical		True
sub-10898	01	1.0	21	all	same	same	identical		True
sub-10898	01	1.0	22	all	same	same	identical		True
sub-10898	01	1.0	23	all	same	same	identical		True
sub-10898	01	1.0	24	all	same	same	identical		True
sub-10898	01	1.0	25	all	same	same	identical		True
sub-10898	01	1.0	26	all	same	same	identical		True
sub-10898	01	1.0	27	all	same	same	identical		True
sub-10898	01	1.0	28	all	same	same	identical		True
sub-10898	01	1.0	29	all	same	same	identical		True
sub-10898	01	1.0	30	all	same	same	identical		True
sub-10898	01	1.0	31	all	same	same	identical		True
sub-10898	01	1.0	32	all	same	same	identical		True
sub-10898	01	1.0	33	all	same	same	identical		True
sub-10898	01	1.0	34	all	same	same	identical		True
sub-10898	01	1.0	35	all	same	same	identical		True
sub-10898	01	1.0	36	all	same	same	identical		True
sub-10898	01	1.0	37	all	same	same	identical		True
sub-10898	01	1.0	38	all	same	same	identical		True
sub-10898	01	1.0	39	all	same	same	identical		True
sub-10898	01	1.0	40	all	same	same	identical		True
sub-10898	01	1.0	41	all	same	same	identical		True
sub-10898	01	1.0	42	all	same	same	identical		True
sub-10898	01	2.0	1	all	same	same	identical		True
sub-10898	01	2.0	2	all	same	same	identical		True
sub-10898	01	2.0	3	all	same	same	identical		True
sub-10898	01	2.0	4	all	same	same	identical		True
sub-10898	01	2.0	5	all	same	same	identical		True
sub-10898	01	2.0	6	all	same	same	identical		True
sub-10898	01	2.0	7	all	same	same	identical		True
sub-10898	01	2.0	8	all	same	same	identical		True
sub-10898	01	2.0	9	all	same	same	identical		True
sub-10898	01	2.0	10	all	same	same	identical		True
sub-10898	01	2.0	11	all	same	same	identical		True
sub-10898	01	2.0	12	all	same	same	identical		True
sub-10898	01	2.0	13	all	same	same	identical		True
sub-10898	01	2.0	14	all	same	same	identical		True
sub-10898	01	2.0	15	all	same	same	identical		True
sub-10898	01	2.0	16	all	same	same	identical		True
sub-10898	01	2.0	17	all	same	same	identical		True
sub-10898	01	2.0	18	all	same	same	identical		True
sub-10898	01	2.0	19	all	same	same	identical		True
sub-10898	01	2.0	20	all	same	same	identical		True
sub-10898	01	2.0	21	all	same	same	identical		True
sub-10898	01	2.0	22	all	same	same	identical		True
sub-10898	01	2.0	23	all	same	same	identical		True
sub-10898	01	2.0	24	all	same	same	identical		True
sub-10898	01	2.0	25	all	same	same	identical		True
sub-10898	01	2.0	26	all	same	same	identical		True
sub-10898	01	2.0	27	all	same	same	identical		True
sub-10898	01	2.0	28	all	same	same	identical		True
sub-10898	01	2.0	29	all	same	same	identical		True
sub-10898	01	2.0	30	all	same	same	identical		True
sub-10898	01	2.0	31	all	same	same	identical		True
sub-10898	01	2.0	32	all	same	same	identical		True
sub-10898	01	2.0	33	all	same	same	identical		True
sub-10898	01	2.0	34	all	same	same	identical		True
sub-10898	01	2.0	35	all	same	same	identical		True
sub-10898	01	2.0	36	all	same	same	identical		True
sub-10898	01	2.0	37	all	same	same	identical		True
sub-10898	01	2.0	38	all	same	same	identical		True
sub-10898	01	2.0	39	all	same	same	identical		True
sub-10898	01	2.0	40	all	same	same	identical		True
sub-10898	01	2.0	41	all	same	same	identical		True
sub-10898	01	2.0	42	all	same	same	identical		True
sub-10908	01	1.0	1	all	same	same	identical		True
sub-10908	01	1.0	2	all	same	same	identical		True
sub-10908	01	1.0	3	all	same	same	identical		True
sub-10908	01	1.0	4	all	same	same	identical		True
sub-10908	01	1.0	5	all	same	same	identical		True
sub-10908	01	1.0	6	all	same	same	identical		True
sub-10908	01	1.0	7	all	same	same	identical		True
sub-10908	01	1.0	8	all	same	same	identical		True
sub-10908	01	1.0	9	all	same	same	identical		True
sub-10908	01	1.0	10	all	same	same	identical		True
sub-10908	01	1.0	11	all	same	same	identical		True
sub-10908	01	1.0	12	all	same	same	identical		True
sub-10908	01	1.0	13	all	same	same	identical		True
sub-10908	01	1.0	14	all	same	same	identical		True
sub-10908	01	1.0	15	all	same	same	identical		True
sub-10908	01	1.0	16	all	same	same	identical		True
sub-10908	01	1.0	17	all	same	same	identical		True
sub-10908	01	1.0	18	all	same	same	identical		True
sub-10908	01	1.0	19	all	same	same	identical		True
sub-10908	01	1.0	20	all	same	same	identical		True
sub-10908	01	1.0	21	all	same	same	identical		True
sub-10908	01	1.0	22	all	same	same	identical		True
sub-10908	01	1.0	23	all	same	same	identical		True
sub-10908	01	1.0	24	all	same	same	identical		True
sub-10908	01	1.0	25	all	same	same	identical		True
sub-10908	01	1.0	26	all	same	same	identical		True
sub-10908	01	1.0	27	all	same	same	identical		True
sub-10908	01	1.0	28	all	same	same	identical		True
sub-10908	01	1.0	29	all	same	same	identical		True
sub-10908	01	1.0	30	all	same	same	identical		True
sub-10908	01	1.0	31	all	same	same	identical		True
sub-10908	01	1.0	32	all	same	same	identical		True
sub-10908	01	1.0	33	all	same	same	identical		True
sub-10908	01	1.0	34	all	same	same	identical		True
sub-10908	01	1.0	35	all	same	same	identical		True
sub-10908	01	1.0	36	all	same	same	identical		True
sub-10908	01	1.0	37	all	same	same	identical		True
sub-10908	01	1.0	38	all	same	same	identical		True
sub-10908	01	1.0	39	all	same	same	identical		True
sub-10908	01	1.0	40	all	same	same	identical		True
sub-10908	01	1.0	41	all	same	same	identical		True
sub-10908	01	1.0	42	all	same	same	identical		True
sub-10908	01	2.0	1	all	same	same	identical		True
sub-10908	01	2.0	2	all	same	same	identical		True
sub-10908	01	2.0	3	all	same	same	identical		True
sub-10908	01	2.0	4	all	same	same	identical		True
sub-10908	01	2.0	5	all	same	same	identical		True
sub-10908	01	2.0	6	all	same	same	identical		True
sub-10908	01	2.0	7	all	same	same	identical		True
sub-10908	01	2.0	8	all	same	same	identical		True
sub-10908	01	2.0	9	all	same	same	identical		True
sub-10908	01	2.0	10	all	same	same	identical		True
sub-10908	01	2.0	11	all	same	same	identical		True
sub-10908	01	2.0	12	all	same	same	identical		True
sub-10908	01	2.0	13	all	same	same	identical		True
sub-10908	01	2.0	14	all	same	same	identical		True
sub-10908	01	2.0	15	all	same	same	identical		True
sub-10908	01	2.0	16	all	same	same	identical		True
sub-10908	01	2.0	17	all	same	same	identical		True
sub-10908	01	2.0	18	all	same	same	identical		True
sub-10908	01	2.0	19	all	same	same	identical		True
sub-10908	01	2.0	20	all	same	same	identical		True
sub-10908	01	2.0	21	all	same	same	identical		True
sub-10908	01	2.0	22	all	same	same	identical		True
sub-10908	01	2.0	23	all	same	same	identical		True
sub-10908	01	2.0	24	all	same	same	identical		True
sub-10908	01	2.0	25	all	same	same	identical		True
sub-10908	01	2.0	26	all	same	same	identical		True
sub-10908	01	2.0	27	all	same	same	identical		True
sub-10908	01	2.0	28	all	same	same	identical		True
sub-10908	01	2.0	29	all	same	same	identical		True
sub-10908	01	2.0	30	all	same	same	identical		True
sub-10908	01	2.0	31	all	same	same	identical		True
sub-10908	01	2.0	32	all	same	same	identical		True
sub-10908	01	2.0	33	all	same	same	identical		True
sub-10908	01	2.0	34	all	same	same	identical		True
sub-10908	01	2.0	35	all	same	same	identical		True
sub-10908	01	2.0	36	all	same	same	identical		True
sub-10908	01	2.0	37	all	same	same	identical		True
sub-10908	01	2.0	38	all	same	same	identical		True
sub-10908	01	2.0	39	all	same	same	identical		True
sub-10908	01	2.0	40	all	same	same	identical		True
sub-10908	01	2.0	41	all	same	same	identical		True
sub-10908	01	2.0	42	all	same	same	identical		True
sub-10918	01	1.0	1	all	same	same	identical		True
sub-10918	01	1.0	2	all	same	same	identical		True
sub-10918	01	1.0	3	all	same	same	identical		True
sub-10918	01	1.0	4	all	same	same	identical		True
sub-10918	01	1.0	5	all	same	same	identical		True
sub-10918	01	1.0	6	all	same	same	identical		True
sub-10918	01	1.0	7	all	same	same	identical		True
sub-10918	01	1.0	8	all	same	same	identical		True
sub-10918	01	1.0	9	all	same	same	identical		True
sub-10918	01	1.0	10	all	same	same	identical		True
sub-10918	01	1.0	11	all	same	same	identical		True
sub-10918	01	1.0	12	all	same	same	identical		True
sub-10918	01	1.0	13	all	same	same	identical		True
sub-10918	01	1.0	14	all	same	same	identical		True
sub-10918	01	1.0	15	all	same	same	identical		True
sub-10918	01	1.0	16	all	same	same	identical		True
sub-10918	01	1.0	17	all	same	same	identical		True
sub-10918	01	1.0	18	all	same	same	identical		True
sub-10918	01	1.0	19	all	same	same	identical		True
sub-10918	01	1.0	20	all	same	same	identical		True
sub-10918	01	1.0	21	all	same	same	identical		True
sub-10918	01	1.0	22	all	same	same	identical		True
sub-10918	01	1.0	23	all	same	same	identical		True
sub-10918	01	1.0	24	all	same	same	identical		True
sub-10918	01	1.0	25	all	same	same	identical		True
sub-10918	01	1.0	26	all	same	same	identical		True
sub-10918	01	1.0	27	all	same	same	identical		True
sub-10918	01	1.0	28	all	same	same	identical		True
sub-10918	01	1.0	29	all	same	same	identical		True
sub-10918	01	1.0	30	all	same	same	identical		True
sub-10918	01	1.0	31	all	same	same	identical		True
sub-10918	01	1.0	32	all	same	same	identical		True
sub-10918	01	1.0	33	all	same	same	identical		True
sub-10918	01	1.0	34	all	same	same	identical		True
sub-10918	01	1.0	35	all	same	same	identical		True
sub-10918	01	1.0	36	all	same	same	identical		True
sub-10918	01	1.0	37	all	same	same	identical		True
sub-10918	01	1.0	38	all	same	same	identical		True
sub-10918	01	1.0	39	all	same	same	identical		True
sub-10918	01	1.0	40	all	same	same	identical		True
sub-10918	01	1.0	41	all	same	same	identical		True
sub-10918	01	1.0	42	all	same	same	identical		True
sub-10918	01	2.0	1	all	same	same	identical		True
sub-10918	01	2.0	2	all	same	same	identical		True
sub-10918	01	2.0	3	all	same	same	identical		True
sub-10918	01	2.0	4	all	same	same	identical		True
sub-10918	01	2.0	5	all	same	same	identical		True
sub-10918	01	2.0	6	all	same	same	identical		True
sub-10918	01	2.0	7	all	same	same	identical		True
sub-10918	01	2.0	8	all	same	same	identical		True
sub-10918	01	2.0	9	all	same	same	identical		True
sub-10918	01	2.0	10	all	same	same	identical		True
sub-10918	01	2.0	11	all	same	same	identical		True
sub-10918	01	2.0	12	all	same	same	identical		True
sub-10918	01	2.0	13	all	same	same	identical		True
sub-10918	01	2.0	14	all	same	same	identical		True
sub-10918	01	2.0	15	all	same	same	identical		True
sub-10918	01	2.0	16	all	same	same	identical		True
sub-10918	01	2.0	17	all	same	same	identical		True
sub-10918	01	2.0	18	all	same	same	identical		True
sub-10918	01	2.0	19	all	same	same	identical		True
sub-10918	01	2.0	20	all	same	same	identical		True
sub-10918	01	2.0	21	all	same	same	identical		True
sub-10918	01	2.0	22	all	same	same	identical		True
sub-10918	01	2.0	23	all	same	same	identical		True
sub-10918	01	2.0	24	all	same	same	identical		True
sub-10918	01	2.0	25	all	same	same	identical		True
sub-10918	01	2.0	26	all	same	same	identical		True
sub-10918	01	2.0	27	all	same	same	identical		True
sub-10918	01	2.0	28	all	same	same	identical		True
sub-10918	01	2.0	29	all	same	same	identical		True
sub-10918	01	2.0	30	all	same	same	identical		True
sub-10918	01	2.0	31	all	same	same	identical		True
sub-10918	01	2.0	32	all	same	same	identical		True
sub-10918	01	2.0	33	all	same	same	identical		True
sub-10918	01	2.0	34	all	same	same	identical		True
sub-10918	01	2.0	35	all	same	same	identical		True
sub-10918	01	2.0	36	all	same	same	identical		True
sub-10918	01	2.0	37	all	same	same	identical		True
sub-10918	01	2.0	38	all	same	same	identical		True
sub-10918	01	2.0	39	all	same	same	identical		True
sub-10918	01	2.0	40	all	same	same	identical		True
sub-10918	01	2.0	41	all	same	same	identical		True
sub-10918	01	2.0	42	all	same	same	identical		True
sub-10924	01	1.0	1	all	same	same	identical		True
sub-10924	01	1.0	2	all	same	same	identical		True
sub-10924	01	1.0	3	all	same	same	identical		True
sub-10924	01	1.0	4	all	same	same	identical		True
sub-10924	01	1.0	5	all	same	same	identical		True
sub-10924	01	1.0	6	all	same	same	identical		True
sub-10924	01	1.0	7	all	same	same	identical		True
sub-10924	01	1.0	8	all	same	same	identical		True
sub-10924	01	1.0	9	all	same	same	identical		True
sub-10924	01	1.0	10	all	same	same	identical		True
sub-10924	01	1.0	11	all	same	same	identical		True
sub-10924	01	1.0	12	all	same	same	identical		True
sub-10924	01	1.0	13	all	same	same	identical		True
sub-10924	01	1.0	14	all	same	same	identical		True
sub-10924	01	1.0	15	all	same	same	identical		True
sub-10924	01	1.0	16	all	same	same	identical		True
sub-10924	01	1.0	17	all	same	same	identical		True
sub-10924	01	1.0	18	all	same	same	identical		True
sub-10924	01	1.0	19	all	same	same	identical		True
sub-10924	01	1.0	20	all	same	same	identical		True
sub-10924	01	1.0	21	all	same	same	identical		True
sub-10924	01	1.0	22	all	same	same	identical		True
sub-10924	01	1.0	23	all	same	same	identical		True
sub-10924	01	1.0	24	all	same	same	identical		True
sub-10924	01	1.0	25	all	same	same	identical		True
sub-10924	01	1.0	26	all	same	same	identical		True
sub-10924	01	1.0	27	all	same	same	identical		True
sub-10924	01	1.0	28	all	same	same	identical		True
sub-10924	01	1.0	29	all	same	same	identical		True
sub-10924	01	1.0	30	all	same	same	identical		True
sub-10924	01	1.0	31	all	same	same	identical		True
sub-10924	01	1.0	32	all	same	same	identical		True
sub-10924	01	1.0	33	all	same	same	identical		True
sub-10924	01	1.0	34	all	same	same	identical		True
sub-10924	01	1.0	35	all	same	same	identical		True
sub-10924	01	1.0	36	all	same	same	identical		True
sub-10924	01	1.0	37	all	same	same	identical		True
sub-10924	01	1.0	38	all	same	same	identical		True
sub-10924	01	1.0	39	all	same	same	identical		True
sub-10924	01	1.0	40	all	same	same	identical		True
sub-10924	01	1.0	41	all	same	same	identical		True
sub-10924	01	1.0	42	all	same	same	identical		True
sub-10924	01	2.0	1	all	same	same	identical		True
sub-10924	01	2.0	2	all	same	same	identical		True
sub-10924	01	2.0	3	all	same	same	identical		True
sub-10924	01	2.0	4	all	same	same	identical		True
sub-10924	01	2.0	5	all	same	same	identical		True
sub-10924	01	2.0	6	all	same	same	identical		True
sub-10924	01	2.0	7	all	same	same	identical		True
sub-10924	01	2.0	8	all	same	same	identical		True
sub-10924	01	2.0	9	all	same	same	identical		True
sub-10924	01	2.0	10	all	same	same	identical		True
sub-10924	01	2.0	11	all	same	same	identical		True
sub-10924	01	2.0	12	all	same	same	identical		True
sub-10924	01	2.0	13	all	same	same	identical		True
sub-10924	01	2.0	14	all	same	same	identical		True
sub-10924	01	2.0	15	all	same	same	identical		True
sub-10924	01	2.0	16	all	same	same	identical		True
sub-10924	01	2.0	17	all	same	same	identical		True
sub-10924	01	2.0	18	all	same	same	identical		True
sub-10924	01	2.0	19	all	same	same	identical		True
sub-10924	01	2.0	20	all	same	same	identical		True
sub-10924	01	2.0	21	all	same	same	identical		True
sub-10924	01	2.0	22	all	same	same	identical		True
sub-10924	01	2.0	23	all	same	same	identical		True
sub-10924	01	2.0	24	all	same	same	identical		True
sub-10924	01	2.0	25	all	same	same	identical		True
sub-10924	01	2.0	26	all	same	same	identical		True
sub-10924	01	2.0	27	all	same	same	identical		True
sub-10924	01	2.0	28	all	same	same	identical		True
sub-10924	01	2.0	29	all	same	same	identical		True
sub-10924	01	2.0	30	all	same	same	identical		True
sub-10924	01	2.0	31	all	same	same	identical		True
sub-10924	01	2.0	32	all	same	same	identical		True
sub-10924	01	2.0	33	all	same	same	identical		True
sub-10924	01	2.0	34	all	same	same	identical		True
sub-10924	01	2.0	35	all	same	same	identical		True
sub-10924	01	2.0	36	all	same	same	identical		True
sub-10924	01	2.0	37	all	same	same	identical		True
sub-10924	01	2.0	38	all	same	same	identical		True
sub-10924	01	2.0	39	all	same	same	identical		True
sub-10924	01	2.0	40	all	same	same	identical		True
sub-10924	01	2.0	41	all	same	same	identical		True
sub-10924	01	2.0	42	all	same	same	identical		True
sub-10926	01	1.0	1	all	same	same	identical		True
sub-10926	01	1.0	2	all	same	same	identical		True
sub-10926	01	1.0	3	all	same	same	identical		True
sub-10926	01	1.0	4	all	same	same	identical		True
sub-10926	01	1.0	5	all	same	same	identical		True
sub-10926	01	1.0	6	all	same	same	identical		True
sub-10926	01	1.0	7	all	same	same	identical		True
sub-10926	01	1.0	8	all	same	same	identical		True
sub-10926	01	1.0	9	all	same	same	identical		True
sub-10926	01	1.0	10	all	same	same	identical		True
sub-10926	01	1.0	11	all	same	same	identical		True
sub-10926	01	1.0	12	all	same	same	identical		True
sub-10926	01	1.0	13	all	same	same	identical		True
sub-10926	01	1.0	14	all	same	same	identical		True
sub-10926	01	1.0	15	all	same	same	identical		True
sub-10926	01	1.0	16	all	same	same	identical		True
sub-10926	01	1.0	17	all	same	same	identical		True
sub-10926	01	1.0	18	all	same	same	identical		True
sub-10926	01	1.0	19	all	same	same	identical		True
sub-10926	01	1.0	20	all	same	same	identical		True
sub-10926	01	1.0	21	all	same	same	identical		True
sub-10926	01	1.0	22	all	same	same	identical		True
sub-10926	01	1.0	23	all	same	same	identical		True
sub-10926	01	1.0	24	all	same	same	identical		True
sub-10926	01	1.0	25	all	same	same	identical		True
sub-10926	01	1.0	26	all	same	same	identical		True
sub-10926	01	1.0	27	all	same	same	identical		True
sub-10926	01	1.0	28	all	same	same	identical		True
sub-10926	01	1.0	29	all	same	same	identical		True
sub-10926	01	1.0	30	all	same	same	identical		True
sub-10926	01	1.0	31	all	same	same	identical		True
sub-10926	01	1.0	32	all	same	same	identical		True
sub-10926	01	1.0	33	all	same	same	identical		True
sub-10926	01	1.0	34	all	same	same	identical		True
sub-10926	01	1.0	35	all	same	same	identical		True
sub-10926	01	1.0	36	all	same	same	identical		True
sub-10926	01	1.0	37	all	same	same	identical		True
sub-10926	01	1.0	38	all	same	same	identical		True
sub-10926	01	1.0	39	all	same	same	identical		True
sub-10926	01	1.0	40	all	same	same	identical		True
sub-10926	01	1.0	41	all	same	same	identical		True
sub-10926	01	1.0	42	all	same	same	identical		True
sub-10928	01	1.0	1	all	same	same	identical		True
sub-10928	01	1.0	2	all	same	same	identical		True
sub-10928	01	1.0	3	all	same	same	identical		True
sub-10928	01	1.0	4	all	same	same	identical		True
sub-10928	01	1.0	5	all	same	same	identical		True
sub-10928	01	1.0	6	all	same	same	identical		True
sub-10928	01	1.0	7	all	same	same	identical		True
sub-10928	01	1.0	8	all	same	same	identical		True
sub-10928	01	1.0	9	all	same	same	identical		True
sub-10928	01	1.0	10	all	same	same	identical		True
sub-10928	01	1.0	11	all	same	same	identical		True
sub-10928	01	1.0	12	all	same	same	identical		True
sub-10928	01	1.0	13	all	same	same	identical		True
sub-10928	01	1.0	14	all	same	same	identical		True
sub-10928	01	1.0	15	all	same	same	identical		True
sub-10928	01	1.0	16	all	same	same	identical		True
sub-10928	01	1.0	17	all	same	same	identical		True
sub-10928	01	1.0	18	all	same	same	identical		True
sub-10928	01	1.0	19	all	same	same	identical		True
sub-10928	01	1.0	20	all	same	same	identical		True
sub-10928	01	1.0	21	all	same	same	identical		True
sub-10928	01	1.0	22	all	same	same	identical		True
sub-10928	01	1.0	23	all	same	same	identical		True
sub-10928	01	1.0	24	all	same	same	identical		True
sub-10928	01	1.0	25	all	same	same	identical		True
sub-10928	01	1.0	26	all	same	same	identical		True
sub-10928	01	1.0	27	all	same	same	identical		True
sub-10928	01	1.0	28	all	same	same	identical		True
sub-10928	01	1.0	29	all	same	same	identical		True
sub-10928	01	1.0	30	all	same	same	identical		True
sub-10928	01	1.0	31	all	same	same	identical		True
sub-10928	01	1.0	32	all	same	same	identical		True
sub-10928	01	1.0	33	all	same	same	identical		True
sub-10928	01	1.0	34	all	same	same	identical		True
sub-10928	01	1.0	35	all	same	same	identical		True
sub-10928	01	1.0	36	all	same	same	identical		True
sub-10928	01	1.0	37	all	same	same	identical		True
sub-10928	01	1.0	38	all	same	same	identical		True
sub-10928	01	1.0	39	all	same	same	identical		True
sub-10928	01	1.0	40	all	same	same	identical		True
sub-10928	01	1.0	41	all	same	same	identical		True
sub-10928	01	1.0	42	all	same	same	identical		True
sub-10929	01	1.0	1	all	same	same	identical		True
sub-10929	01	1.0	2	all	same	same	identical		True
sub-10929	01	1.0	3	all	same	same	identical		True
sub-10929	01	1.0	4	all	same	same	identical		True
sub-10929	01	1.0	5	all	same	same	identical		True
sub-10929	01	1.0	6	all	same	same	identical		True
sub-10929	01	1.0	7	all	same	same	identical		True
sub-10929	01	1.0	8	all	same	same	identical		True
sub-10929	01	1.0	9	all	same	same	identical		True
sub-10929	01	1.0	10	all	same	same	identical		True
sub-10929	01	1.0	11	all	same	same	identical		True
sub-10929	01	1.0	12	all	same	same	identical		True
sub-10929	01	1.0	13	all	same	same	identical		True
sub-10929	01	1.0	14	all	same	same	identical		True
sub-10929	01	1.0	15	all	same	same	identical		True
sub-10929	01	1.0	16	all	same	same	identical		True
sub-10929	01	1.0	17	all	same	same	identical		True
sub-10929	01	1.0	18	all	same	same	identical		True
sub-10929	01	1.0	19	all	same	same	identical		True
sub-10929	01	1.0	20	all	same	same	identical		True
sub-10929	01	1.0	21	all	same	same	identical		True
sub-10929	01	1.0	22	all	same	same	identical		True
sub-10929	01	1.0	23	all	same	same	identical		True
sub-10929	01	1.0	24	all	same	same	identical		True
sub-10929	01	1.0	25	all	same	same	identical		True
sub-10929	01	1.0	26	all	same	same	identical		True
sub-10929	01	1.0	27	all	same	same	identical		True
sub-10929	01	1.0	28	all	same	same	identical		True
sub-10929	01	1.0	29	all	same	same	identical		True
sub-10929	01	1.0	30	all	same	same	identical		True
sub-10929	01	1.0	31	all	same	same	identical		True
sub-10929	01	1.0	32	all	same	same	identical		True
sub-10929	01	1.0	33	all	same	same	identical		True
sub-10929	01	1.0	34	all	same	same	identical		True
sub-10929	01	1.0	35	all	same	same	identical		True
sub-10929	01	1.0	36	all	same	same	identical		True
sub-10929	01	1.0	37	all	same	same	identical		True
sub-10929	01	1.0	38	all	same	same	identical		True
sub-10929	01	1.0	39	all	same	same	identical		True
sub-10929	01	1.0	40	all	same	same	identical		True
sub-10929	01	1.0	41	all	same	same	identical		True
sub-10929	01	1.0	42	all	same	same	identical		True
sub-10930	01	1.0	1	all	same	same	identical		True
sub-10930	01	1.0	2	all	same	same	identical		True
sub-10930	01	1.0	3	all	same	same	identical		True
sub-10930	01	1.0	4	all	same	same	identical		True
sub-10930	01	1.0	5	all	same	same	identical		True
sub-10930	01	1.0	6	all	same	same	identical		True
sub-10930	01	1.0	7	all	same	same	identical		True
sub-10930	01	1.0	8	all	same	same	identical		True
sub-10930	01	1.0	9	all	same	same	identical		True
sub-10930	01	1.0	10	all	same	same	identical		True
sub-10930	01	1.0	11	all	same	same	identical		True
sub-10930	01	1.0	12	all	same	same	identical		True
sub-10930	01	1.0	13	all	same	same	identical		True
sub-10930	01	1.0	14	all	same	same	identical		True
sub-10930	01	1.0	15	all	same	same	identical		True
sub-10930	01	1.0	16	all	same	same	identical		True
sub-10930	01	1.0	17	all	same	same	identical		True
sub-10930	01	1.0	18	all	same	same	identical		True
sub-10930	01	1.0	19	all	same	same	identical		True
sub-10930	01	1.0	20	all	same	same	identical		True
sub-10930	01	1.0	21	all	same	same	identical		True
sub-10930	01	1.0	22	all	same	same	identical		True
sub-10930	01	1.0	23	all	same	same	identical		True
sub-10930	01	1.0	24	all	same	same	identical		True
sub-10930	01	1.0	25	all	same	same	identical		True
sub-10930	01	1.0	26	all	same	same	identical		True
sub-10930	01	1.0	27	all	same	same	identical		True
sub-10930	01	1.0	28	all	same	same	identical		True
sub-10930	01	1.0	29	all	same	same	identical		True
sub-10930	01	1.0	30	all	same	same	identical		True
sub-10930	01	1.0	31	all	same	same	identical		True
sub-10930	01	1.0	32	all	same	same	identical		True
sub-10930	01	1.0	33	all	same	same	identical		True
sub-10930	01	1.0	34	all	same	same	identical		True
sub-10930	01	1.0	35	all	same	same	identical		True
sub-10930	01	1.0	36	all	same	same	identical		True
sub-10930	01	1.0	37	all	same	same	identical		True
sub-10930	01	1.0	38	all	same	same	identical		True
sub-10930	01	1.0	39	all	same	same	identical		True
sub-10930	01	1.0	40	all	same	same	identical		True
sub-10930	01	1.0	41	all	same	same	identical		True
sub-10930	01	1.0	42	all	same	same	identical		True
sub-10930	01	2.0	1	all	same	same	identical		True
sub-10930	01	2.0	2	all	same	same	identical		True
sub-10930	01	2.0	3	all	same	same	identical		True
sub-10930	01	2.0	4	all	same	same	identical		True
sub-10930	01	2.0	5	all	same	same	identical		True
sub-10930	01	2.0	6	all	same	same	identical		True
sub-10930	01	2.0	7	all	same	same	identical		True
sub-10930	01	2.0	8	all	same	same	identical		True
sub-10930	01	2.0	9	all	same	same	identical		True
sub-10930	01	2.0	10	all	same	same	identical		True
sub-10930	01	2.0	11	all	same	same	identical		True
sub-10930	01	2.0	12	all	same	same	identical		True
sub-10930	01	2.0	13	all	same	same	identical		True
sub-10930	01	2.0	14	all	same	same	identical		True
sub-10930	01	2.0	15	all	same	same	identical		True
sub-10930	01	2.0	16	all	same	same	identical		True
sub-10930	01	2.0	17	all	same	same	identical		True
sub-10930	01	2.0	18	all	same	same	identical		True
sub-10930	01	2.0	19	all	same	same	identical		True
sub-10930	01	2.0	20	all	same	same	identical		True
sub-10930	01	2.0	21	all	same	same	identical		True
sub-10930	01	2.0	22	all	same	same	identical		True
sub-10930	01	2.0	23	all	same	same	identical		True
sub-10930	01	2.0	24	all	same	same	identical		True
sub-10930	01	2.0	25	all	same	same	identical		True
sub-10930	01	2.0	26	all	same	same	identical		True
sub-10930	01	2.0	27	all	same	same	identical		True
sub-10930	01	2.0	28	all	same	same	identical		True
sub-10930	01	2.0	29	all	same	same	identical		True
sub-10930	01	2.0	30	all	same	same	identical		True
sub-10930	01	2.0	31	all	same	same	identical		True
sub-10930	01	2.0	32	all	same	same	identical		True
sub-10930	01	2.0	33	all	same	same	identical		True
sub-10930	01	2.0	34	all	same	same	identical		True
sub-10930	01	2.0	35	all	same	same	identical		True
sub-10930	01	2.0	36	all	same	same	identical		True
sub-10930	01	2.0	37	all	same	same	identical		True
sub-10930	01	2.0	38	all	same	same	identical		True
sub-10930	01	2.0	39	all	same	same	identical		True
sub-10930	01	2.0	40	all	same	same	identical		True
sub-10930	01	2.0	41	all	same	same	identical		True
sub-10930	01	2.0	42	all	same	same	identical		True
sub-10938	01	1.0	1	all	same	same	identical		True
sub-10938	01	1.0	2	all	same	same	identical		True
sub-10938	01	1.0	3	all	same	same	identical		True
sub-10938	01	1.0	4	all	same	same	identical		True
sub-10938	01	1.0	5	all	same	same	identical		True
sub-10938	01	1.0	6	all	same	same	identical		True
sub-10938	01	1.0	7	all	same	same	identical		True
sub-10938	01	1.0	8	all	same	same	identical		True
sub-10938	01	1.0	9	all	same	same	identical		True
sub-10938	01	1.0	10	all	same	same	identical		True
sub-10938	01	1.0	11	all	same	same	identical		True
sub-10938	01	1.0	12	all	same	same	identical		True
sub-10938	01	1.0	13	all	same	same	identical		True
sub-10938	01	1.0	14	all	same	same	identical		True
sub-10938	01	1.0	15	all	same	same	identical		True
sub-10938	01	1.0	16	all	same	same	identical		True
sub-10938	01	1.0	17	all	same	same	identical		True
sub-10938	01	1.0	18	all	same	same	identical		True
sub-10938	01	1.0	19	all	same	same	identical		True
sub-10938	01	1.0	20	all	same	same	identical		True
sub-10938	01	1.0	21	all	same	same	identical		True
sub-10938	01	1.0	22	all	same	same	identical		True
sub-10938	01	1.0	23	all	same	same	identical		True
sub-10938	01	1.0	24	all	same	same	identical		True
sub-10938	01	1.0	25	all	same	same	identical		True
sub-10938	01	1.0	26	all	same	same	identical		True
sub-10938	01	1.0	27	all	same	same	identical		True
sub-10938	01	1.0	28	all	same	same	identical		True
sub-10938	01	1.0	29	all	same	same	identical		True
sub-10938	01	1.0	30	all	same	same	identical		True
sub-10938	01	1.0	31	all	same	same	identical		True
sub-10938	01	1.0	32	all	same	same	identical		True
sub-10938	01	1.0	33	all	same	same	identical		True
sub-10938	01	1.0	34	all	same	same	identical		True
sub-10938	01	1.0	35	all	same	same	identical		True
sub-10938	01	1.0	36	all	same	same	identical		True
sub-10938	01	1.0	37	all	same	same	identical		True
sub-10938	01	1.0	38	all	same	same	identical		True
sub-10938	01	1.0	39	all	same	same	identical		True
sub-10938	01	1.0	40	all	same	same	identical		True
sub-10938	01	1.0	41	all	same	same	identical		True
sub-10938	01	1.0	42	all	same	same	identical		True
sub-10938	01	2.0	1	all	same	same	identical		True
sub-10938	01	2.0	2	all	same	same	identical		True
sub-10938	01	2.0	3	all	same	same	identical		True
sub-10938	01	2.0	4	all	same	same	identical		True
sub-10938	01	2.0	5	all	same	same	identical		True
sub-10938	01	2.0	6	all	same	same	identical		True
sub-10938	01	2.0	7	all	same	same	identical		True
sub-10938	01	2.0	8	all	same	same	identical		True
sub-10938	01	2.0	9	all	same	same	identical		True
sub-10938	01	2.0	10	all	same	same	identical		True
sub-10938	01	2.0	11	all	same	same	identical		True
sub-10938	01	2.0	12	all	same	same	identical		True
sub-10938	01	2.0	13	all	same	same	identical		True
sub-10938	01	2.0	14	all	same	same	identical		True
sub-10938	01	2.0	15	all	same	same	identical		True
sub-10938	01	2.0	16	all	same	same	identical		True
sub-10938	01	2.0	17	all	same	same	identical		True
sub-10938	01	2.0	18	all	same	same	identical		True
sub-10938	01	2.0	19	all	same	same	identical		True
sub-10938	01	2.0	20	all	same	same	identical		True
sub-10938	01	2.0	21	all	same	same	identical		True
sub-10938	01	2.0	22	all	same	same	identical		True
sub-10938	01	2.0	23	all	same	same	identical		True
sub-10938	01	2.0	24	all	same	same	identical		True
sub-10938	01	2.0	25	all	same	same	identical		True
sub-10938	01	2.0	26	all	same	same	identical		True
sub-10938	01	2.0	27	all	same	same	identical		True
sub-10938	01	2.0	28	all	same	same	identical		True
sub-10938	01	2.0	29	all	same	same	identical		True
sub-10938	01	2.0	30	all	same	same	identical		True
sub-10938	01	2.0	31	all	same	same	identical		True
sub-10938	01	2.0	32	all	same	same	identical		True
sub-10938	01	2.0	33	all	same	same	identical		True
sub-10938	01	2.0	34	all	same	same	identical		True
sub-10938	01	2.0	35	all	same	same	identical		True
sub-10938	01	2.0	36	all	same	same	identical		True
sub-10938	01	2.0	37	all	same	same	identical		True
sub-10938	01	2.0	38	all	same	same	identical		True
sub-10938	01	2.0	39	all	same	same	identical		True
sub-10938	01	2.0	40	all	same	same	identical		True
sub-10938	01	2.0	41	all	same	same	identical		True
sub-10938	01	2.0	42	all	same	same	identical		True
sub-10940	01	1.0	1	all	same	same	identical		True
sub-10940	01	1.0	2	all	same	same	identical		True
sub-10940	01	1.0	3	all	same	same	identical		True
sub-10940	01	1.0	4	all	same	same	identical		True
sub-10940	01	1.0	5	all	same	same	identical		True
sub-10940	01	1.0	6	all	same	same	identical		True
sub-10940	01	1.0	7	all	same	same	identical		True
sub-10940	01	1.0	8	all	same	same	identical		True
sub-10940	01	1.0	9	all	same	same	identical		True
sub-10940	01	1.0	10	all	same	same	identical		True
sub-10940	01	1.0	11	all	same	same	identical		True
sub-10940	01	1.0	12	all	same	same	identical		True
sub-10940	01	1.0	13	all	same	same	identical		True
sub-10940	01	1.0	14	all	same	same	identical		True
sub-10940	01	1.0	15	all	same	same	identical		True
sub-10940	01	1.0	16	all	same	same	identical		True
sub-10940	01	1.0	17	all	same	same	identical		True
sub-10940	01	1.0	18	all	same	same	identical		True
sub-10940	01	1.0	19	all	same	same	identical		True
sub-10940	01	1.0	20	all	same	same	identical		True
sub-10940	01	1.0	21	all	same	same	identical		True
sub-10940	01	1.0	22	all	same	same	identical		True
sub-10940	01	1.0	23	all	same	same	identical		True
sub-10940	01	1.0	24	all	same	same	identical		True
sub-10940	01	1.0	25	all	same	same	identical		True
sub-10940	01	1.0	26	all	same	same	identical		True
sub-10940	01	1.0	27	all	same	same	identical		True
sub-10940	01	1.0	28	all	same	same	identical		True
sub-10940	01	1.0	29	all	same	same	identical		True
sub-10940	01	1.0	30	all	same	same	identical		True
sub-10940	01	1.0	31	all	same	same	identical		True
sub-10940	01	1.0	32	all	same	same	identical		True
sub-10940	01	1.0	33	all	same	same	identical		True
sub-10940	01	1.0	34	all	same	same	identical		True
sub-10940	01	1.0	35	all	same	same	identical		True
sub-10940	01	1.0	36	all	same	same	identical		True
sub-10940	01	1.0	37	all	same	same	identical		True
sub-10940	01	1.0	38	all	same	same	identical		True
sub-10940	01	1.0	39	all	same	same	identical		True
sub-10940	01	1.0	40	all	same	same	identical		True
sub-10940	01	1.0	41	all	same	same	identical		True
sub-10940	01	1.0	42	all	same	same	identical		True
sub-10940	01	2.0	1	all	same	same	identical		True
sub-10940	01	2.0	2	all	same	same	identical		True
sub-10940	01	2.0	3	all	same	same	identical		True
sub-10940	01	2.0	4	all	same	same	identical		True
sub-10940	01	2.0	5	all	same	same	identical		True
sub-10940	01	2.0	6	all	same	same	identical		True
sub-10940	01	2.0	7	all	same	same	identical		True
sub-10940	01	2.0	8	all	same	same	identical		True
sub-10940	01	2.0	9	all	same	same	identical		True
sub-10940	01	2.0	10	all	same	same	identical		True
sub-10940	01	2.0	11	all	same	same	identical		True
sub-10940	01	2.0	12	all	same	same	identical		True
sub-10940	01	2.0	13	all	same	same	identical		True
sub-10940	01	2.0	14	all	same	same	identical		True
sub-10940	01	2.0	15	all	same	same	identical		True
sub-10940	01	2.0	16	all	same	same	identical		True
sub-10940	01	2.0	17	all	same	same	identical		True
sub-10940	01	2.0	18	all	same	same	identical		True
sub-10940	01	2.0	19	all	same	same	identical		True
sub-10940	01	2.0	20	all	same	same	identical		True
sub-10940	01	2.0	21	all	same	same	identical		True
sub-10940	01	2.0	22	all	same	same	identical		True
sub-10940	01	2.0	23	all	same	same	identical		True
sub-10940	01	2.0	24	all	same	same	identical		True
sub-10940	01	2.0	25	all	same	same	identical		True
sub-10940	01	2.0	26	all	same	same	identical		True
sub-10940	01	2.0	27	all	same	same	identical		True
sub-10940	01	2.0	28	all	same	same	identical		True
sub-10940	01	2.0	29	all	same	same	identical		True
sub-10940	01	2.0	30	all	same	same	identical		True
sub-10940	01	2.0	31	all	same	same	identical		True
sub-10940	01	2.0	32	all	same	same	identical		True
sub-10940	01	2.0	33	all	same	same	identical		True
sub-10940	01	2.0	34	all	same	same	identical		True
sub-10940	01	2.0	35	all	same	same	identical		True
sub-10940	01	2.0	36	all	same	same	identical		True
sub-10940	01	2.0	37	all	same	same	identical		True
sub-10940	01	2.0	38	all	same	same	identical		True
sub-10940	01	2.0	39	all	same	same	identical		True
sub-10940	01	2.0	40	all	same	same	identical		True
sub-10940	01	2.0	41	all	same	same	identical		True
sub-10940	01	2.0	42	all	same	same	identical		True
sub-10950	01	1.0	1	all	same	same	identical		True
sub-10950	01	1.0	2	all	same	same	identical		True
sub-10950	01	1.0	3	all	same	same	identical		True
sub-10950	01	1.0	4	all	same	same	identical		True
sub-10950	01	1.0	5	all	same	same	identical		True
sub-10950	01	1.0	6	all	same	same	identical		True
sub-10950	01	1.0	7	all	same	same	identical		True
sub-10950	01	1.0	8	all	same	same	identical		True
sub-10950	01	1.0	9	all	same	same	identical		True
sub-10950	01	1.0	10	all	same	same	identical		True
sub-10950	01	1.0	11	all	same	same	identical		True
sub-10950	01	1.0	12	all	same	same	identical		True
sub-10950	01	1.0	13	all	same	same	identical		True
sub-10950	01	1.0	14	all	same	same	identical		True
sub-10950	01	1.0	15	all	same	same	identical		True
sub-10950	01	1.0	16	all	same	same	identical		True
sub-10950	01	1.0	17	all	same	same	identical		True
sub-10950	01	1.0	18	all	same	same	identical		True
sub-10950	01	1.0	19	all	same	same	identical		True
sub-10950	01	1.0	20	all	same	same	identical		True
sub-10950	01	1.0	21	all	same	same	identical		True
sub-10950	01	1.0	22	all	same	same	identical		True
sub-10950	01	1.0	23	all	same	same	identical		True
sub-10950	01	1.0	24	all	same	same	identical		True
sub-10950	01	1.0	25	all	same	same	identical		True
sub-10950	01	1.0	26	all	same	same	identical		True
sub-10950	01	1.0	27	all	same	same	identical		True
sub-10950	01	1.0	28	all	same	same	identical		True
sub-10950	01	1.0	29	all	same	same	identical		True
sub-10950	01	1.0	30	all	same	same	identical		True
sub-10950	01	1.0	31	all	same	same	identical		True
sub-10950	01	1.0	32	all	same	same	identical		True
sub-10950	01	1.0	33	all	same	same	identical		True
sub-10950	01	1.0	34	all	same	same	identical		True
sub-10950	01	1.0	35	all	same	same	identical		True
sub-10950	01	1.0	36	all	same	same	identical		True
sub-10950	01	1.0	37	all	same	same	identical		True
sub-10950	01	1.0	38	all	same	same	identical		True
sub-10950	01	1.0	39	all	same	same	identical		True
sub-10950	01	1.0	40	all	same	same	identical		True
sub-10950	01	1.0	41	all	same	same	identical		True
sub-10950	01	1.0	42	all	same	same	identical		True
sub-10950	01	2.0	1	all	same	same	identical		True
sub-10950	01	2.0	2	all	same	same	identical		True
sub-10950	01	2.0	3	all	same	same	identical		True
sub-10950	01	2.0	4	all	same	same	identical		True
sub-10950	01	2.0	5	all	same	same	identical		True
sub-10950	01	2.0	6	all	same	same	identical		True
sub-10950	01	2.0	7	all	same	same	identical		True
sub-10950	01	2.0	8	all	same	same	identical		True
sub-10950	01	2.0	9	all	same	same	identical		True
sub-10950	01	2.0	10	all	same	same	identical		True
sub-10950	01	2.0	11	all	same	same	identical		True
sub-10950	01	2.0	12	all	same	same	identical		True
sub-10950	01	2.0	13	all	same	same	identical		True
sub-10950	01	2.0	14	all	same	same	identical		True
sub-10950	01	2.0	15	all	same	same	identical		True
sub-10950	01	2.0	16	all	same	same	identical		True
sub-10950	01	2.0	17	all	same	same	identical		True
sub-10950	01	2.0	18	all	same	same	identical		True
sub-10950	01	2.0	19	all	same	same	identical		True
sub-10950	01	2.0	20	all	same	same	identical		True
sub-10950	01	2.0	21	all	same	same	identical		True
sub-10950	01	2.0	22	all	same	same	identical		True
sub-10950	01	2.0	23	all	same	same	identical		True
sub-10950	01	2.0	24	all	same	same	identical		True
sub-10950	01	2.0	25	all	same	same	identical		True
sub-10950	01	2.0	26	all	same	same	identical		True
sub-10950	01	2.0	27	all	same	same	identical		True
sub-10950	01	2.0	28	all	same	same	identical		True
sub-10950	01	2.0	29	all	same	same	identical		True
sub-10950	01	2.0	30	all	same	same	identical		True
sub-10950	01	2.0	31	all	same	same	identical		True
sub-10950	01	2.0	32	all	same	same	identical		True
sub-10950	01	2.0	33	all	same	same	identical		True
sub-10950	01	2.0	34	all	same	same	identical		True
sub-10950	01	2.0	35	all	same	same	identical		True
sub-10950	01	2.0	36	all	same	same	identical		True
sub-10950	01	2.0	37	all	same	same	identical		True
sub-10950	01	2.0	38	all	same	same	identical		True
sub-10950	01	2.0	39	all	same	same	identical		True
sub-10950	01	2.0	40	all	same	same	identical		True
sub-10950	01	2.0	41	all	same	same	identical		True
sub-10950	01	2.0	42	all	same	same	identical		True
sub-10952	01	1.0	1	all	same	same	identical		True
sub-10952	01	1.0	2	all	same	same	identical		True
sub-10952	01	1.0	3	all	same	same	identical		True
sub-10952	01	1.0	4	all	same	same	identical		True
sub-10952	01	1.0	5	all	same	same	identical		True
sub-10952	01	1.0	6	all	same	same	identical		True
sub-10952	01	1.0	7	all	same	same	identical		True
sub-10952	01	1.0	8	all	same	same	identical		True
sub-10952	01	1.0	9	all	same	same	identical		True
sub-10952	01	1.0	10	all	same	same	identical		True
sub-10952	01	1.0	11	all	same	same	identical		True
sub-10952	01	1.0	12	all	same	same	identical		True
sub-10952	01	1.0	13	all	same	same	identical		True
sub-10952	01	1.0	14	all	same	same	identical		True
sub-10952	01	1.0	15	all	same	same	identical		True
sub-10952	01	1.0	16	all	same	same	identical		True
sub-10952	01	1.0	17	all	same	same	identical		True
sub-10952	01	1.0	18	all	same	same	identical		True
sub-10952	01	1.0	19	all	same	same	identical		True
sub-10952	01	1.0	20	all	same	same	identical		True
sub-10952	01	1.0	21	all	same	same	identical		True
sub-10952	01	1.0	22	all	same	same	identical		True
sub-10952	01	1.0	23	all	same	same	identical		True
sub-10952	01	1.0	24	all	same	same	identical		True
sub-10952	01	1.0	25	all	same	same	identical		True
sub-10952	01	1.0	26	all	same	same	identical		True
sub-10952	01	1.0	27	all	same	same	identical		True
sub-10952	01	1.0	28	all	same	same	identical		True
sub-10952	01	1.0	29	all	same	same	identical		True
sub-10952	01	1.0	30	all	same	same	identical		True
sub-10952	01	1.0	31	all	same	same	identical		True
sub-10952	01	1.0	32	all	same	same	identical		True
sub-10952	01	1.0	33	all	same	same	identical		True
sub-10952	01	1.0	34	all	same	same	identical		True
sub-10952	01	1.0	35	all	same	same	identical		True
sub-10952	01	1.0	36	all	same	same	identical		True
sub-10952	01	1.0	37	all	same	same	identical		True
sub-10952	01	1.0	38	all	same	same	identical		True
sub-10952	01	1.0	39	all	same	same	identical		True
sub-10952	01	1.0	40	all	same	same	identical		True
sub-10952	01	1.0	41	all	same	same	identical		True
sub-10952	01	1.0	42	all	same	same	identical		True
sub-10953	01	1.0	1	all	same	same	identical		True
sub-10953	01	1.0	2	all	same	same	identical		True
sub-10953	01	1.0	3	all	same	same	identical		True
sub-10953	01	1.0	4	all	same	same	identical		True
sub-10953	01	1.0	5	all	same	same	identical		True
sub-10953	01	1.0	6	all	same	same	identical		True
sub-10953	01	1.0	7	all	same	same	identical		True
sub-10953	01	1.0	8	all	same	same	identical		True
sub-10953	01	1.0	9	all	same	same	identical		True
sub-10953	01	1.0	10	all	same	same	identical		True
sub-10953	01	1.0	11	all	same	same	identical		True
sub-10953	01	1.0	12	all	same	same	identical		True
sub-10953	01	1.0	13	all	same	same	identical		True
sub-10953	01	1.0	14	all	same	same	identical		True
sub-10953	01	1.0	15	all	same	same	identical		True
sub-10953	01	1.0	16	all	same	same	identical		True
sub-10953	01	1.0	17	all	same	same	identical		True
sub-10953	01	1.0	18	all	same	same	identical		True
sub-10953	01	1.0	19	all	same	same	identical		True
sub-10953	01	1.0	20	all	same	same	identical		True
sub-10953	01	1.0	21	all	same	same	identical		True
sub-10953	01	1.0	22	all	same	same	identical		True
sub-10953	01	1.0	23	all	same	same	identical		True
sub-10953	01	1.0	24	all	same	same	identical		True
sub-10953	01	1.0	25	all	same	same	identical		True
sub-10953	01	1.0	26	all	same	same	identical		True
sub-10953	01	1.0	27	all	same	same	identical		True
sub-10953	01	1.0	28	all	same	same	identical		True
sub-10953	01	1.0	29	all	same	same	identical		True
sub-10953	01	1.0	30	all	same	same	identical		True
sub-10953	01	1.0	31	all	same	same	identical		True
sub-10953	01	1.0	32	all	same	same	identical		True
sub-10953	01	1.0	33	all	same	same	identical		True
sub-10953	01	1.0	34	all	same	same	identical		True
sub-10953	01	1.0	35	all	same	same	identical		True
sub-10953	01	1.0	36	all	same	same	identical		True
sub-10953	01	1.0	37	all	same	same	identical		True
sub-10953	01	1.0	38	all	same	same	identical		True
sub-10953	01	1.0	39	all	same	same	identical		True
sub-10953	01	1.0	40	all	same	same	identical		True
sub-10953	01	1.0	41	all	same	same	identical		True
sub-10953	01	1.0	42	all	same	same	identical		True
sub-10953	01	2.0	1	all	same	same	identical		True
sub-10953	01	2.0	2	all	same	same	identical		True
sub-10953	01	2.0	3	all	same	same	identical		True
sub-10953	01	2.0	4	all	same	same	identical		True
sub-10953	01	2.0	5	all	same	same	identical		True
sub-10953	01	2.0	6	all	same	same	identical		True
sub-10953	01	2.0	7	all	same	same	identical		True
sub-10953	01	2.0	8	all	same	same	identical		True
sub-10953	01	2.0	9	all	same	same	identical		True
sub-10953	01	2.0	10	all	same	same	identical		True
sub-10953	01	2.0	11	all	same	same	identical		True
sub-10953	01	2.0	12	all	same	same	identical		True
sub-10953	01	2.0	13	all	same	same	identical		True
sub-10953	01	2.0	14	all	same	same	identical		True
sub-10953	01	2.0	15	all	same	same	identical		True
sub-10953	01	2.0	16	all	same	same	identical		True
sub-10953	01	2.0	17	all	same	same	identical		True
sub-10953	01	2.0	18	all	same	same	identical		True
sub-10953	01	2.0	19	all	same	same	identical		True
sub-10953	01	2.0	20	all	same	same	identical		True
sub-10953	01	2.0	21	all	same	same	identical		True
sub-10953	01	2.0	22	all	same	same	identical		True
sub-10953	01	2.0	23	all	same	same	identical		True
sub-10953	01	2.0	24	all	same	same	identical		True
sub-10953	01	2.0	25	all	same	same	identical		True
sub-10953	01	2.0	26	all	same	same	identical		True
sub-10953	01	2.0	27	all	same	same	identical		True
sub-10953	01	2.0	28	all	same	same	identical		True
sub-10953	01	2.0	29	all	same	same	identical		True
sub-10953	01	2.0	30	all	same	same	identical		True
sub-10953	01	2.0	31	all	same	same	identical		True
sub-10953	01	2.0	32	all	same	same	identical		True
sub-10953	01	2.0	33	all	same	same	identical		True
sub-10953	01	2.0	34	all	same	same	identical		True
sub-10953	01	2.0	35	all	same	same	identical		True
sub-10953	01	2.0	36	all	same	same	identical		True
sub-10953	01	2.0	37	all	same	same	identical		True
sub-10953	01	2.0	38	all	same	same	identical		True
sub-10953	01	2.0	39	all	same	same	identical		True
sub-10953	01	2.0	40	all	same	same	identical		True
sub-10953	01	2.0	41	all	same	same	identical		True
sub-10953	01	2.0	42	all	same	same	identical		True
sub-10954	01	1.0	1	all	same	same	identical		True
sub-10954	01	1.0	2	all	same	same	identical		True
sub-10954	01	1.0	3	all	same	same	identical		True
sub-10954	01	1.0	4	all	same	same	identical		True
sub-10954	01	1.0	5	all	same	same	identical		True
sub-10954	01	1.0	6	all	same	same	identical		True
sub-10954	01	1.0	7	all	same	same	identical		True
sub-10954	01	1.0	8	all	same	same	identical		True
sub-10954	01	1.0	9	all	same	same	identical		True
sub-10954	01	1.0	10	all	same	same	identical		True
sub-10954	01	1.0	11	all	same	same	identical		True
sub-10954	01	1.0	12	all	same	same	identical		True
sub-10954	01	1.0	13	all	same	same	identical		True
sub-10954	01	1.0	14	all	same	same	identical		True
sub-10954	01	1.0	15	all	same	same	identical		True
sub-10954	01	1.0	16	all	same	same	identical		True
sub-10954	01	1.0	17	all	same	same	identical		True
sub-10954	01	1.0	18	all	same	same	identical		True
sub-10954	01	1.0	19	all	same	same	identical		True
sub-10954	01	1.0	20	all	same	same	identical		True
sub-10954	01	1.0	21	all	same	same	identical		True
sub-10954	01	1.0	22	all	same	same	identical		True
sub-10954	01	1.0	23	all	same	same	identical		True
sub-10954	01	1.0	24	all	same	same	identical		True
sub-10954	01	1.0	25	all	same	same	identical		True
sub-10954	01	1.0	26	all	same	same	identical		True
sub-10954	01	1.0	27	all	same	same	identical		True
sub-10954	01	1.0	28	all	same	same	identical		True
sub-10954	01	1.0	29	all	same	same	identical		True
sub-10954	01	1.0	30	all	same	same	identical		True
sub-10954	01	1.0	31	all	same	same	identical		True
sub-10954	01	1.0	32	all	same	same	identical		True
sub-10954	01	1.0	33	all	same	same	identical		True
sub-10954	01	1.0	34	all	same	same	identical		True
sub-10954	01	1.0	35	all	same	same	identical		True
sub-10954	01	1.0	36	all	same	same	identical		True
sub-10954	01	1.0	37	all	same	same	identical		True
sub-10954	01	1.0	38	all	same	same	identical		True
sub-10954	01	1.0	39	all	same	same	identical		True
sub-10954	01	1.0	40	all	same	same	identical		True
sub-10954	01	1.0	41	all	same	same	identical		True
sub-10954	01	1.0	42	all	same	same	identical		True
sub-10954	01	2.0	1	all	same	same	identical		True
sub-10954	01	2.0	2	all	same	same	identical		True
sub-10954	01	2.0	3	all	same	same	identical		True
sub-10954	01	2.0	4	all	same	same	identical		True
sub-10954	01	2.0	5	all	same	same	identical		True
sub-10954	01	2.0	6	all	same	same	identical		True
sub-10954	01	2.0	7	all	same	same	identical		True
sub-10954	01	2.0	8	all	same	same	identical		True
sub-10954	01	2.0	9	all	same	same	identical		True
sub-10954	01	2.0	10	all	same	same	identical		True
sub-10954	01	2.0	11	all	same	same	identical		True
sub-10954	01	2.0	12	all	same	same	identical		True
sub-10954	01	2.0	13	all	same	same	identical		True
sub-10954	01	2.0	14	all	same	same	identical		True
sub-10954	01	2.0	15	all	same	same	identical		True
sub-10954	01	2.0	16	all	same	same	identical		True
sub-10954	01	2.0	17	all	same	same	identical		True
sub-10954	01	2.0	18	all	same	same	identical		True
sub-10954	01	2.0	19	all	same	same	identical		True
sub-10954	01	2.0	20	all	same	same	identical		True
sub-10954	01	2.0	21	all	same	same	identical		True
sub-10954	01	2.0	22	all	same	same	identical		True
sub-10954	01	2.0	23	all	same	same	identical		True
sub-10954	01	2.0	24	all	same	same	identical		True
sub-10954	01	2.0	25	all	same	same	identical		True
sub-10954	01	2.0	26	all	same	same	identical		True
sub-10954	01	2.0	27	all	same	same	identical		True
sub-10954	01	2.0	28	all	same	same	identical		True
sub-10954	01	2.0	29	all	same	same	identical		True
sub-10954	01	2.0	30	all	same	same	identical		True
sub-10954	01	2.0	31	all	same	same	identical		True
sub-10954	01	2.0	32	all	same	same	identical		True
sub-10954	01	2.0	33	all	same	same	identical		True
sub-10954	01	2.0	34	all	same	same	identical		True
sub-10954	01	2.0	35	all	same	same	identical		True
sub-10954	01	2.0	36	all	same	same	identical		True
sub-10954	01	2.0	37	all	same	same	identical		True
sub-10954	01	2.0	38	all	same	same	identical		True
sub-10954	01	2.0	39	all	same	same	identical		True
sub-10954	01	2.0	40	all	same	same	identical		True
sub-10954	01	2.0	41	all	same	same	identical		True
sub-10954	01	2.0	42	all	same	same	identical		True
sub-10956	01	1.0	1	all	same	same	identical		True
sub-10956	01	1.0	2	all	same	same	identical		True
sub-10956	01	1.0	3	all	same	same	identical		True
sub-10956	01	1.0	4	all	same	same	identical		True
sub-10956	01	1.0	5	all	same	same	identical		True
sub-10956	01	1.0	6	all	same	same	identical		True
sub-10956	01	1.0	7	all	same	same	identical		True
sub-10956	01	1.0	8	all	same	same	identical		True
sub-10956	01	1.0	9	all	same	same	identical		True
sub-10956	01	1.0	10	all	same	same	identical		True
sub-10956	01	1.0	11	all	same	same	identical		True
sub-10956	01	1.0	12	all	same	same	identical		True
sub-10956	01	1.0	13	all	same	same	identical		True
sub-10956	01	1.0	14	all	same	same	identical		True
sub-10956	01	1.0	15	all	same	same	identical		True
sub-10956	01	1.0	16	all	same	same	identical		True
sub-10956	01	1.0	17	all	same	same	identical		True
sub-10956	01	1.0	18	all	same	same	identical		True
sub-10956	01	1.0	19	all	same	same	identical		True
sub-10956	01	1.0	20	all	same	same	identical		True
sub-10956	01	1.0	21	all	same	same	identical		True
sub-10956	01	1.0	22	all	same	same	identical		True
sub-10956	01	1.0	23	all	same	same	identical		True
sub-10956	01	1.0	24	all	same	same	identical		True
sub-10956	01	1.0	25	all	same	same	identical		True
sub-10956	01	1.0	26	all	same	same	identical		True
sub-10956	01	1.0	27	all	same	same	identical		True
sub-10956	01	1.0	28	all	same	same	identical		True
sub-10956	01	1.0	29	all	same	same	identical		True
sub-10956	01	1.0	30	all	same	same	identical		True
sub-10956	01	1.0	31	all	same	same	identical		True
sub-10956	01	1.0	32	all	same	same	identical		True
sub-10956	01	1.0	33	all	same	same	identical		True
sub-10956	01	1.0	34	all	same	same	identical		True
sub-10956	01	1.0	35	all	same	same	identical		True
sub-10956	01	1.0	36	all	same	same	identical		True
sub-10956	01	1.0	37	all	same	same	identical		True
sub-10956	01	1.0	38	all	same	same	identical		True
sub-10956	01	1.0	39	all	same	same	identical		True
sub-10956	01	1.0	40	all	same	same	identical		True
sub-10956	01	1.0	41	all	same	same	identical		True
sub-10956	01	1.0	42	all	same	same	identical		True
sub-10956	01	2.0	1	all	same	same	identical		True
sub-10956	01	2.0	2	all	same	same	identical		True
sub-10956	01	2.0	3	all	same	same	identical		True
sub-10956	01	2.0	4	all	same	same	identical		True
sub-10956	01	2.0	5	all	same	same	identical		True
sub-10956	01	2.0	6	all	same	same	identical		True
sub-10956	01	2.0	7	all	same	same	identical		True
sub-10956	01	2.0	8	all	same	same	identical		True
sub-10956	01	2.0	9	all	same	same	identical		True
sub-10956	01	2.0	10	all	same	same	identical		True
sub-10956	01	2.0	11	all	same	same	identical		True
sub-10956	01	2.0	12	all	same	same	identical		True
sub-10956	01	2.0	13	all	same	same	identical		True
sub-10956	01	2.0	14	all	same	same	identical		True
sub-10956	01	2.0	15	all	same	same	identical		True
sub-10956	01	2.0	16	all	same	same	identical		True
sub-10956	01	2.0	17	all	same	same	identical		True
sub-10956	01	2.0	18	all	same	same	identical		True
sub-10956	01	2.0	19	all	same	same	identical		True
sub-10956	01	2.0	20	all	same	same	identical		True
sub-10956	01	2.0	21	all	same	same	identical		True
sub-10956	01	2.0	22	all	same	same	identical		True
sub-10956	01	2.0	23	all	same	same	identical		True
sub-10956	01	2.0	24	all	same	same	identical		True
sub-10956	01	2.0	25	all	same	same	identical		True
sub-10956	01	2.0	26	all	same	same	identical		True
sub-10956	01	2.0	27	all	same	same	identical		True
sub-10956	01	2.0	28	all	same	same	identical		True
sub-10956	01	2.0	29	all	same	same	identical		True
sub-10956	01	2.0	30	all	same	same	identical		True
sub-10956	01	2.0	31	all	same	same	identical		True
sub-10956	01	2.0	32	all	same	same	identical		True
sub-10956	01	2.0	33	all	same	same	identical		True
sub-10956	01	2.0	34	all	same	same	identical		True
sub-10956	01	2.0	35	all	same	same	identical		True
sub-10956	01	2.0	36	all	same	same	identical		True
sub-10956	01	2.0	37	all	same	same	identical		True
sub-10956	01	2.0	38	all	same	same	identical		True
sub-10956	01	2.0	39	all	same	same	identical		True
sub-10956	01	2.0	40	all	same	same	identical		True
sub-10956	01	2.0	41	all	same	same	identical		True
sub-10956	01	2.0	42	all	same	same	identical		True
sub-10958	01	1.0	1	all	same	same	identical		True
sub-10958	01	1.0	2	all	same	same	identical		True
sub-10958	01	1.0	3	all	same	same	identical		True
sub-10958	01	1.0	4	all	same	same	identical		True
sub-10958	01	1.0	5	all	same	same	identical		True
sub-10958	01	1.0	6	all	same	same	identical		True
sub-10958	01	1.0	7	all	same	same	identical		True
sub-10958	01	1.0	8	all	same	same	identical		True
sub-10958	01	1.0	9	all	same	same	identical		True
sub-10958	01	1.0	10	all	same	same	identical		True
sub-10958	01	1.0	11	all	same	same	identical		True
sub-10958	01	1.0	12	all	same	same	identical		True
sub-10958	01	1.0	13	all	same	same	identical		True
sub-10958	01	1.0	14	all	same	same	identical		True
sub-10958	01	1.0	15	all	same	same	identical		True
sub-10958	01	1.0	16	all	same	same	identical		True
sub-10958	01	1.0	17	all	same	same	identical		True
sub-10958	01	1.0	18	all	same	same	identical		True
sub-10958	01	1.0	19	all	same	same	identical		True
sub-10958	01	1.0	20	all	same	same	identical		True
sub-10958	01	1.0	21	all	same	same	identical		True
sub-10958	01	1.0	22	all	same	same	identical		True
sub-10958	01	1.0	23	all	same	same	identical		True
sub-10958	01	1.0	24	all	same	same	identical		True
sub-10958	01	1.0	25	all	same	same	identical		True
sub-10958	01	1.0	26	all	same	same	identical		True
sub-10958	01	1.0	27	all	same	same	identical		True
sub-10958	01	1.0	28	all	same	same	identical		True
sub-10958	01	1.0	29	all	same	same	identical		True
sub-10958	01	1.0	30	all	same	same	identical		True
sub-10958	01	1.0	31	all	same	same	identical		True
sub-10958	01	1.0	32	all	same	same	identical		True
sub-10958	01	1.0	33	all	same	same	identical		True
sub-10958	01	1.0	34	all	same	same	identical		True
sub-10958	01	1.0	35	all	same	same	identical		True
sub-10958	01	1.0	36	all	same	same	identical		True
sub-10958	01	1.0	37	all	same	same	identical		True
sub-10958	01	1.0	38	all	same	same	identical		True
sub-10958	01	1.0	39	all	same	same	identical		True
sub-10958	01	1.0	40	all	same	same	identical		True
sub-10958	01	1.0	41	all	same	same	identical		True
sub-10958	01	1.0	42	all	same	same	identical		True
sub-10958	01	2.0	1	all	same	same	identical		True
sub-10958	01	2.0	2	all	same	same	identical		True
sub-10958	01	2.0	3	all	same	same	identical		True
sub-10958	01	2.0	4	all	same	same	identical		True
sub-10958	01	2.0	5	all	same	same	identical		True
sub-10958	01	2.0	6	all	same	same	identical		True
sub-10958	01	2.0	7	all	same	same	identical		True
sub-10958	01	2.0	8	all	same	same	identical		True
sub-10958	01	2.0	9	all	same	same	identical		True
sub-10958	01	2.0	10	all	same	same	identical		True
sub-10958	01	2.0	11	all	same	same	identical		True
sub-10958	01	2.0	12	all	same	same	identical		True
sub-10958	01	2.0	13	all	same	same	identical		True
sub-10958	01	2.0	14	all	same	same	identical		True
sub-10958	01	2.0	15	all	same	same	identical		True
sub-10958	01	2.0	16	all	same	same	identical		True
sub-10958	01	2.0	17	all	same	same	identical		True
sub-10958	01	2.0	18	all	same	same	identical		True
sub-10958	01	2.0	19	all	same	same	identical		True
sub-10958	01	2.0	20	all	same	same	identical		True
sub-10958	01	2.0	21	all	same	same	identical		True
sub-10958	01	2.0	22	all	same	same	identical		True
sub-10958	01	2.0	23	all	same	same	identical		True
sub-10958	01	2.0	24	all	same	same	identical		True
sub-10958	01	2.0	25	all	same	same	identical		True
sub-10958	01	2.0	26	all	same	same	identical		True
sub-10958	01	2.0	27	all	same	same	identical		True
sub-10958	01	2.0	28	all	same	same	identical		True
sub-10958	01	2.0	29	all	same	same	identical		True
sub-10958	01	2.0	30	all	same	same	identical		True
sub-10958	01	2.0	31	all	same	same	identical		True
sub-10958	01	2.0	32	all	same	same	identical		True
sub-10958	01	2.0	33	all	same	same	identical		True
sub-10958	01	2.0	34	all	same	same	identical		True
sub-10958	01	2.0	35	all	same	same	identical		True
sub-10958	01	2.0	36	all	same	same	identical		True
sub-10958	01	2.0	37	all	same	same	identical		True
sub-10958	01	2.0	38	all	same	same	identical		True
sub-10958	01	2.0	39	all	same	same	identical		True
sub-10958	01	2.0	40	all	same	same	identical		True
sub-10958	01	2.0	41	all	same	same	identical		True
sub-10958	01	2.0	42	all	same	same	identical		True
sub-10969	01	1.0	1	all	same	same	identical		True
sub-10969	01	1.0	2	all	same	same	identical		True
sub-10969	01	1.0	3	all	same	same	identical		True
sub-10969	01	1.0	4	all	same	same	identical		True
sub-10969	01	1.0	5	all	same	same	identical		True
sub-10969	01	1.0	6	all	same	same	identical		True
sub-10969	01	1.0	7	all	same	same	identical		True
sub-10969	01	1.0	8	all	same	same	identical		True
sub-10969	01	1.0	9	all	same	same	identical		True
sub-10969	01	1.0	10	all	same	same	identical		True
sub-10969	01	1.0	11	all	same	same	identical		True
sub-10969	01	1.0	12	all	same	same	identical		True
sub-10969	01	1.0	13	all	same	same	identical		True
sub-10969	01	1.0	14	all	same	same	identical		True
sub-10969	01	1.0	15	all	same	same	identical		True
sub-10969	01	1.0	16	all	same	same	identical		True
sub-10969	01	1.0	17	all	same	same	identical		True
sub-10969	01	1.0	18	all	same	same	identical		True
sub-10969	01	1.0	19	all	same	same	identical		True
sub-10969	01	1.0	20	all	same	same	identical		True
sub-10969	01	1.0	21	all	same	same	identical		True
sub-10969	01	1.0	22	all	same	same	identical		True
sub-10969	01	1.0	23	all	same	same	identical		True
sub-10969	01	1.0	24	all	same	same	identical		True
sub-10969	01	1.0	25	all	same	same	identical		True
sub-10969	01	1.0	26	all	same	same	identical		True
sub-10969	01	1.0	27	all	same	same	identical		True
sub-10969	01	1.0	28	all	same	same	identical		True
sub-10969	01	1.0	29	all	same	same	identical		True
sub-10969	01	1.0	30	all	same	same	identical		True
sub-10969	01	1.0	31	all	same	same	identical		True
sub-10969	01	1.0	32	all	same	same	identical		True
sub-10969	01	1.0	33	all	same	same	identical		True
sub-10969	01	1.0	34	all	same	same	identical		True
sub-10969	01	1.0	35	all	same	same	identical		True
sub-10969	01	1.0	36	all	same	same	identical		True
sub-10969	01	1.0	37	all	same	same	identical		True
sub-10969	01	1.0	38	all	same	same	identical		True
sub-10969	01	1.0	39	all	same	same	identical		True
sub-10969	01	1.0	40	all	same	same	identical		True
sub-10969	01	1.0	41	all	same	same	identical		True
sub-10969	01	1.0	42	all	same	same	identical		True
sub-10969	01	2.0	1	all	same	same	identical		True
sub-10969	01	2.0	2	all	same	same	identical		True
sub-10969	01	2.0	3	all	same	same	identical		True
sub-10969	01	2.0	4	all	same	same	identical		True
sub-10969	01	2.0	5	all	same	same	identical		True
sub-10969	01	2.0	6	all	same	same	identical		True
sub-10969	01	2.0	7	all	same	same	identical		True
sub-10969	01	2.0	8	all	same	same	identical		True
sub-10969	01	2.0	9	all	same	same	identical		True
sub-10969	01	2.0	10	all	same	same	identical		True
sub-10969	01	2.0	11	all	same	same	identical		True
sub-10969	01	2.0	12	all	same	same	identical		True
sub-10969	01	2.0	13	all	same	same	identical		True
sub-10969	01	2.0	14	all	same	same	identical		True
sub-10969	01	2.0	15	all	same	same	identical		True
sub-10969	01	2.0	16	all	same	same	identical		True
sub-10969	01	2.0	17	all	same	same	identical		True
sub-10969	01	2.0	18	all	same	same	identical		True
sub-10969	01	2.0	19	all	same	same	identical		True
sub-10969	01	2.0	20	all	same	same	identical		True
sub-10969	01	2.0	21	all	same	same	identical		True
sub-10969	01	2.0	22	all	same	same	identical		True
sub-10969	01	2.0	23	all	same	same	identical		True
sub-10969	01	2.0	24	all	same	same	identical		True
sub-10969	01	2.0	25	all	same	same	identical		True
sub-10969	01	2.0	26	all	same	same	identical		True
sub-10969	01	2.0	27	all	same	same	identical		True
sub-10969	01	2.0	28	all	same	same	identical		True
sub-10969	01	2.0	29	all	same	same	identical		True
sub-10969	01	2.0	30	all	same	same	identical		True
sub-10969	01	2.0	31	all	same	same	identical		True
sub-10969	01	2.0	32	all	same	same	identical		True
sub-10969	01	2.0	33	all	same	same	identical		True
sub-10969	01	2.0	34	all	same	same	identical		True
sub-10969	01	2.0	35	all	same	same	identical		True
sub-10969	01	2.0	36	all	same	same	identical		True
sub-10969	01	2.0	37	all	same	same	identical		True
sub-10969	01	2.0	38	all	same	same	identical		True
sub-10969	01	2.0	39	all	same	same	identical		True
sub-10969	01	2.0	40	all	same	same	identical		True
sub-10969	01	2.0	41	all	same	same	identical		True
sub-10969	01	2.0	42	all	same	same	identical		True
sub-10974	01	1.0	1	all	same	same	identical		True
sub-10974	01	1.0	2	all	same	same	identical		True
sub-10974	01	1.0	3	all	same	same	identical		True
sub-10974	01	1.0	4	all	same	same	identical		True
sub-10974	01	1.0	5	all	same	same	identical		True
sub-10974	01	1.0	6	all	same	same	identical		True
sub-10974	01	1.0	7	all	same	same	identical		True
sub-10974	01	1.0	8	all	same	same	identical		True
sub-10974	01	1.0	9	all	same	same	identical		True
sub-10974	01	1.0	10	all	same	same	identical		True
sub-10974	01	1.0	11	all	same	same	identical		True
sub-10974	01	1.0	12	all	same	same	identical		True
sub-10974	01	1.0	13	all	same	same	identical		True
sub-10974	01	1.0	14	all	same	same	identical		True
sub-10974	01	1.0	15	all	same	same	identical		True
sub-10974	01	1.0	16	all	same	same	identical		True
sub-10974	01	1.0	17	all	same	same	identical		True
sub-10974	01	1.0	18	all	same	same	identical		True
sub-10974	01	1.0	19	all	same	same	identical		True
sub-10974	01	1.0	20	all	same	same	identical		True
sub-10974	01	1.0	21	all	same	same	identical		True
sub-10974	01	1.0	22	all	same	same	identical		True
sub-10974	01	1.0	23	all	same	same	identical		True
sub-10974	01	1.0	24	all	same	same	identical		True
sub-10974	01	1.0	25	all	same	same	identical		True
sub-10974	01	1.0	26	all	same	same	identical		True
sub-10974	01	1.0	27	all	same	same	identical		True
sub-10974	01	1.0	28	all	same	same	identical		True
sub-10974	01	1.0	29	all	same	same	identical		True
sub-10974	01	1.0	30	all	same	same	identical		True
sub-10974	01	1.0	31	all	same	same	identical		True
sub-10974	01	1.0	32	all	same	same	identical		True
sub-10974	01	1.0	33	all	same	same	identical		True
sub-10974	01	1.0	34	all	same	same	identical		True
sub-10974	01	1.0	35	all	same	same	identical		True
sub-10974	01	1.0	36	all	same	same	identical		True
sub-10974	01	1.0	37	all	same	same	identical		True
sub-10974	01	1.0	38	all	same	same	identical		True
sub-10974	01	1.0	39	all	same	same	identical		True
sub-10974	01	1.0	40	all	same	same	identical		True
sub-10974	01	1.0	41	all	same	same	identical		True
sub-10974	01	1.0	42	all	same	same	identical		True
sub-10977	01	1.0	1	all	same	same	identical		True
sub-10977	01	1.0	2	all	same	same	identical		True
sub-10977	01	1.0	3	all	same	same	identical		True
sub-10977	01	1.0	4	all	same	same	identical		True
sub-10977	01	1.0	5	all	same	same	identical		True
sub-10977	01	1.0	6	all	same	same	identical		True
sub-10977	01	1.0	7	all	same	same	identical		True
sub-10977	01	1.0	8	all	same	same	identical		True
sub-10977	01	1.0	9	all	same	same	identical		True
sub-10977	01	1.0	10	all	same	same	identical		True
sub-10977	01	1.0	11	all	same	same	identical		True
sub-10977	01	1.0	12	all	same	same	identical		True
sub-10977	01	1.0	13	all	same	same	identical		True
sub-10977	01	1.0	14	all	same	same	identical		True
sub-10977	01	1.0	15	all	same	same	identical		True
sub-10977	01	1.0	16	all	same	same	identical		True
sub-10977	01	1.0	17	all	same	same	identical		True
sub-10977	01	1.0	18	all	same	same	identical		True
sub-10977	01	1.0	19	all	same	same	identical		True
sub-10977	01	1.0	20	all	same	same	identical		True
sub-10977	01	1.0	21	all	same	same	identical		True
sub-10977	01	1.0	22	all	same	same	identical		True
sub-10977	01	1.0	23	all	same	same	identical		True
sub-10977	01	1.0	24	all	same	same	identical		True
sub-10977	01	1.0	25	all	same	same	identical		True
sub-10977	01	1.0	26	all	same	same	identical		True
sub-10977	01	1.0	27	all	same	same	identical		True
sub-10977	01	1.0	28	all	same	same	identical		True
sub-10977	01	1.0	29	all	same	same	identical		True
sub-10977	01	1.0	30	all	same	same	identical		True
sub-10977	01	1.0	31	all	same	same	identical		True
sub-10977	01	1.0	32	all	same	same	identical		True
sub-10977	01	1.0	33	all	same	same	identical		True
sub-10977	01	1.0	34	all	same	same	identical		True
sub-10977	01	1.0	35	all	same	same	identical		True
sub-10977	01	1.0	36	all	same	same	identical		True
sub-10977	01	1.0	37	all	same	same	identical		True
sub-10977	01	1.0	38	all	same	same	identical		True
sub-10977	01	1.0	39	all	same	same	identical		True
sub-10977	01	1.0	40	all	same	same	identical		True
sub-10977	01	1.0	41	all	same	same	identical		True
sub-10977	01	1.0	42	all	same	same	identical		True
sub-10983	01	1.0	1	all	same	same	identical		True
sub-10983	01	1.0	2	all	same	same	identical		True
sub-10983	01	1.0	3	all	same	same	identical		True
sub-10983	01	1.0	4	all	same	same	identical		True
sub-10983	01	1.0	5	all	same	same	identical		True
sub-10983	01	1.0	6	all	same	same	identical		True
sub-10983	01	1.0	7	all	same	same	identical		True
sub-10983	01	1.0	8	all	same	same	identical		True
sub-10983	01	1.0	9	all	same	same	identical		True
sub-10983	01	1.0	10	all	same	same	identical		True
sub-10983	01	1.0	11	all	same	same	identical		True
sub-10983	01	1.0	12	all	same	same	identical		True
sub-10983	01	1.0	13	all	same	same	identical		True
sub-10983	01	1.0	14	all	same	same	identical		True
sub-10983	01	1.0	15	all	same	same	identical		True
sub-10983	01	1.0	16	all	same	same	identical		True
sub-10983	01	1.0	17	all	same	same	identical		True
sub-10983	01	1.0	18	all	same	same	identical		True
sub-10983	01	1.0	19	all	same	same	identical		True
sub-10983	01	1.0	20	all	same	same	identical		True
sub-10983	01	1.0	21	all	same	same	identical		True
sub-10983	01	1.0	22	all	same	same	identical		True
sub-10983	01	1.0	23	all	same	same	identical		True
sub-10983	01	1.0	24	all	same	same	identical		True
sub-10983	01	1.0	25	all	same	same	identical		True
sub-10983	01	1.0	26	all	same	same	identical		True
sub-10983	01	1.0	27	all	same	same	identical		True
sub-10983	01	1.0	28	all	same	same	identical		True
sub-10983	01	1.0	29	all	same	same	identical		True
sub-10983	01	1.0	30	all	same	same	identical		True
sub-10983	01	1.0	31	all	same	same	identical		True
sub-10983	01	1.0	32	all	same	same	identical		True
sub-10983	01	1.0	33	all	same	same	identical		True
sub-10983	01	1.0	34	all	same	same	identical		True
sub-10983	01	1.0	35	all	same	same	identical		True
sub-10983	01	1.0	36	all	same	same	identical		True
sub-10983	01	1.0	37	all	same	same	identical		True
sub-10983	01	1.0	38	all	same	same	identical		True
sub-10983	01	1.0	39	all	same	same	identical		True
sub-10983	01	1.0	40	all	same	same	identical		True
sub-10983	01	1.0	41	all	same	same	identical		True
sub-10983	01	1.0	42	all	same	same	identical		True
sub-10983	01	2.0	1	all	same	same	identical		True
sub-10983	01	2.0	2	all	same	same	identical		True
sub-10983	01	2.0	3	all	same	same	identical		True
sub-10983	01	2.0	4	all	same	same	identical		True
sub-10983	01	2.0	5	all	same	same	identical		True
sub-10983	01	2.0	6	all	same	same	identical		True
sub-10983	01	2.0	7	all	same	same	identical		True
sub-10983	01	2.0	8	all	same	same	identical		True
sub-10983	01	2.0	9	all	same	same	identical		True
sub-10983	01	2.0	10	all	same	same	identical		True
sub-10983	01	2.0	11	all	same	same	identical		True
sub-10983	01	2.0	12	all	same	same	identical		True
sub-10983	01	2.0	13	all	same	same	identical		True
sub-10983	01	2.0	14	all	same	same	identical		True
sub-10983	01	2.0	15	all	same	same	identical		True
sub-10983	01	2.0	16	all	same	same	identical		True
sub-10983	01	2.0	17	all	same	same	identical		True
sub-10983	01	2.0	18	all	same	same	identical		True
sub-10983	01	2.0	19	all	same	same	identical		True
sub-10983	01	2.0	20	all	same	same	identical		True
sub-10983	01	2.0	21	all	same	same	identical		True
sub-10983	01	2.0	22	all	same	same	identical		True
sub-10983	01	2.0	23	all	same	same	identical		True
sub-10983	01	2.0	24	all	same	same	identical		True
sub-10983	01	2.0	25	all	same	same	identical		True
sub-10983	01	2.0	26	all	same	same	identical		True
sub-10983	01	2.0	27	all	same	same	identical		True
sub-10983	01	2.0	28	all	same	same	identical		True
sub-10983	01	2.0	29	all	same	same	identical		True
sub-10983	01	2.0	30	all	same	same	identical		True
sub-10983	01	2.0	31	all	same	same	identical		True
sub-10983	01	2.0	32	all	same	same	identical		True
sub-10983	01	2.0	33	all	same	same	identical		True
sub-10983	01	2.0	34	all	same	same	identical		True
sub-10983	01	2.0	35	all	same	same	identical		True
sub-10983	01	2.0	36	all	same	same	identical		True
sub-10983	01	2.0	37	all	same	same	identical		True
sub-10983	01	2.0	38	all	same	same	identical		True
sub-10983	01	2.0	39	all	same	same	identical		True
sub-10983	01	2.0	40	all	same	same	identical		True
sub-10983	01	2.0	41	all	same	same	identical		True
sub-10983	01	2.0	42	all	same	same	identical		True
sub-10984	01	1.0	1	all	same	same	identical		True
sub-10984	01	1.0	2	all	same	same	identical		True
sub-10984	01	1.0	3	all	same	same	identical		True
sub-10984	01	1.0	4	all	same	same	identical		True
sub-10984	01	1.0	5	all	same	same	identical		True
sub-10984	01	1.0	6	all	same	same	identical		True
sub-10984	01	1.0	7	all	same	same	identical		True
sub-10984	01	1.0	8	all	same	same	identical		True
sub-10984	01	1.0	9	all	same	same	identical		True
sub-10984	01	1.0	10	all	same	same	identical		True
sub-10984	01	1.0	11	all	same	same	identical		True
sub-10984	01	1.0	12	all	same	same	identical		True
sub-10984	01	1.0	13	all	same	same	identical		True
sub-10984	01	1.0	14	all	same	same	identical		True
sub-10984	01	1.0	15	all	same	same	identical		True
sub-10984	01	1.0	16	all	same	same	identical		True
sub-10984	01	1.0	17	all	same	same	identical		True
sub-10984	01	1.0	18	all	same	same	identical		True
sub-10984	01	1.0	19	all	same	same	identical		True
sub-10984	01	1.0	20	all	same	same	identical		True
sub-10984	01	1.0	21	all	same	same	identical		True
sub-10984	01	1.0	22	all	same	same	identical		True
sub-10984	01	1.0	23	all	same	same	identical		True
sub-10984	01	1.0	24	all	same	same	identical		True
sub-10984	01	1.0	25	all	same	same	identical		True
sub-10984	01	1.0	26	all	same	same	identical		True
sub-10984	01	1.0	27	all	same	same	identical		True
sub-10984	01	1.0	28	all	same	same	identical		True
sub-10984	01	1.0	29	all	same	same	identical		True
sub-10984	01	1.0	30	all	same	same	identical		True
sub-10984	01	1.0	31	all	same	same	identical		True
sub-10984	01	1.0	32	all	same	same	identical		True
sub-10984	01	1.0	33	all	same	same	identical		True
sub-10984	01	1.0	34	all	same	same	identical		True
sub-10984	01	1.0	35	all	same	same	identical		True
sub-10984	01	1.0	36	all	same	same	identical		True
sub-10984	01	1.0	37	all	same	same	identical		True
sub-10984	01	1.0	38	all	same	same	identical		True
sub-10984	01	1.0	39	all	same	same	identical		True
sub-10984	01	1.0	40	all	same	same	identical		True
sub-10984	01	1.0	41	all	same	same	identical		True
sub-10984	01	1.0	42	all	same	same	identical		True
sub-10984	01	2.0	1	all	same	same	identical		True
sub-10984	01	2.0	2	all	same	same	identical		True
sub-10984	01	2.0	3	all	same	same	identical		True
sub-10984	01	2.0	4	all	same	same	identical		True
sub-10984	01	2.0	5	all	same	same	identical		True
sub-10984	01	2.0	6	all	same	same	identical		True
sub-10984	01	2.0	7	all	same	same	identical		True
sub-10984	01	2.0	8	all	same	same	identical		True
sub-10984	01	2.0	9	all	same	same	identical		True
sub-10984	01	2.0	10	all	same	same	identical		True
sub-10984	01	2.0	11	all	same	same	identical		True
sub-10984	01	2.0	12	all	same	same	identical		True
sub-10984	01	2.0	13	all	same	same	identical		True
sub-10984	01	2.0	14	all	same	same	identical		True
sub-10984	01	2.0	15	all	same	same	identical		True
sub-10984	01	2.0	16	all	same	same	identical		True
sub-10984	01	2.0	17	all	same	same	identical		True
sub-10984	01	2.0	18	all	same	same	identical		True
sub-10984	01	2.0	19	all	same	same	identical		True
sub-10984	01	2.0	20	all	same	same	identical		True
sub-10984	01	2.0	21	all	same	same	identical		True
sub-10984	01	2.0	22	all	same	same	identical		True
sub-10984	01	2.0	23	all	same	same	identical		True
sub-10984	01	2.0	24	all	same	same	identical		True
sub-10984	01	2.0	25	all	same	same	identical		True
sub-10984	01	2.0	26	all	same	same	identical		True
sub-10984	01	2.0	27	all	same	same	identical		True
sub-10984	01	2.0	28	all	same	same	identical		True
sub-10984	01	2.0	29	all	same	same	identical		True
sub-10984	01	2.0	30	all	same	same	identical		True
sub-10984	01	2.0	31	all	same	same	identical		True
sub-10984	01	2.0	32	all	same	same	identical		True
sub-10984	01	2.0	33	all	same	same	identical		True
sub-10984	01	2.0	34	all	same	same	identical		True
sub-10984	01	2.0	35	all	same	same	identical		True
sub-10984	01	2.0	36	all	same	same	identical		True
sub-10984	01	2.0	37	all	same	same	identical		True
sub-10984	01	2.0	38	all	same	same	identical		True
sub-10984	01	2.0	39	all	same	same	identical		True
sub-10984	01	2.0	40	all	same	same	identical		True
sub-10984	01	2.0	41	all	same	same	identical		True
sub-10984	01	2.0	42	all	same	same	identical		True
sub-11005	01	1.0	1	all	same	same	identical		True
sub-11005	01	1.0	2	all	same	same	identical		True
sub-11005	01	1.0	3	all	same	same	identical		True
sub-11005	01	1.0	4	all	same	same	identical		True
sub-11005	01	1.0	5	all	same	same	identical		True
sub-11005	01	1.0	6	all	same	same	identical		True
sub-11005	01	1.0	7	all	same	same	identical		True
sub-11005	01	1.0	8	all	same	same	identical		True
sub-11005	01	1.0	9	all	same	same	identical		True
sub-11005	01	1.0	10	all	same	same	identical		True
sub-11005	01	1.0	11	all	same	same	identical		True
sub-11005	01	1.0	12	all	same	same	identical		True
sub-11005	01	1.0	13	all	same	same	identical		True
sub-11005	01	1.0	14	all	same	same	identical		True
sub-11005	01	1.0	15	all	same	same	identical		True
sub-11005	01	1.0	16	all	same	same	identical		True
sub-11005	01	1.0	17	all	same	same	identical		True
sub-11005	01	1.0	18	all	same	same	identical		True
sub-11005	01	1.0	19	all	same	same	identical		True
sub-11005	01	1.0	20	all	same	same	identical		True
sub-11005	01	1.0	21	all	same	same	identical		True
sub-11005	01	1.0	22	all	same	same	identical		True
sub-11005	01	1.0	23	all	same	same	identical		True
sub-11005	01	1.0	24	all	same	same	identical		True
sub-11005	01	1.0	25	all	same	same	identical		True
sub-11005	01	1.0	26	all	same	same	identical		True
sub-11005	01	1.0	27	all	same	same	identical		True
sub-11005	01	1.0	28	all	same	same	identical		True
sub-11005	01	1.0	29	all	same	same	identical		True
sub-11005	01	1.0	30	all	same	same	identical		True
sub-11005	01	1.0	31	all	same	same	identical		True
sub-11005	01	1.0	32	all	same	same	identical		True
sub-11005	01	1.0	33	all	same	same	identical		True
sub-11005	01	1.0	34	all	same	same	identical		True
sub-11005	01	1.0	35	all	same	same	identical		True
sub-11005	01	1.0	36	all	same	same	identical		True
sub-11005	01	1.0	37	all	same	same	identical		True
sub-11005	01	1.0	38	all	same	same	identical		True
sub-11005	01	1.0	39	all	same	same	identical		True
sub-11005	01	1.0	40	all	same	same	identical		True
sub-11005	01	1.0	41	all	same	same	identical		True
sub-11005	01	1.0	42	all	same	same	identical		True
sub-11005	01	2.0	1	all	same	same	identical		True
sub-11005	01	2.0	2	all	same	same	identical		True
sub-11005	01	2.0	3	all	same	same	identical		True
sub-11005	01	2.0	4	all	same	same	identical		True
sub-11005	01	2.0	5	all	same	same	identical		True
sub-11005	01	2.0	6	all	same	same	identical		True
sub-11005	01	2.0	7	all	same	same	identical		True
sub-11005	01	2.0	8	all	same	same	identical		True
sub-11005	01	2.0	9	all	same	same	identical		True
sub-11005	01	2.0	10	all	same	same	identical		True
sub-11005	01	2.0	11	all	same	same	identical		True
sub-11005	01	2.0	12	all	same	same	identical		True
sub-11005	01	2.0	13	all	same	same	identical		True
sub-11005	01	2.0	14	all	same	same	identical		True
sub-11005	01	2.0	15	all	same	same	identical		True
sub-11005	01	2.0	16	all	same	same	identical		True
sub-11005	01	2.0	17	all	same	same	identical		True
sub-11005	01	2.0	18	all	same	same	identical		True
sub-11005	01	2.0	19	all	same	same	identical		True
sub-11005	01	2.0	20	all	same	same	identical		True
sub-11005	01	2.0	21	all	same	same	identical		True
sub-11005	01	2.0	22	all	same	same	identical		True
sub-11005	01	2.0	23	all	same	same	identical		True
sub-11005	01	2.0	24	all	same	same	identical		True
sub-11005	01	2.0	25	all	same	same	identical		True
sub-11005	01	2.0	26	all	same	same	identical		True
sub-11005	01	2.0	27	all	same	same	identical		True
sub-11005	01	2.0	28	all	same	same	identical		True
sub-11005	01	2.0	29	all	same	same	identical		True
sub-11005	01	2.0	30	all	same	same	identical		True
sub-11005	01	2.0	31	all	same	same	identical		True
sub-11005	01	2.0	32	all	same	same	identical		True
sub-11005	01	2.0	33	all	same	same	identical		True
sub-11005	01	2.0	34	all	same	same	identical		True
sub-11005	01	2.0	35	all	same	same	identical		True
sub-11005	01	2.0	36	all	same	same	identical		True
sub-11005	01	2.0	37	all	same	same	identical		True
sub-11005	01	2.0	38	all	same	same	identical		True
sub-11005	01	2.0	39	all	same	same	identical		True
sub-11005	01	2.0	40	all	same	same	identical		True
sub-11005	01	2.0	41	all	same	same	identical		True
sub-11005	01	2.0	42	all	same	same	identical		True
sub-11031	01	1.0	1	all	same	same	identical		True
sub-11031	01	1.0	2	all	same	same	identical		True
sub-11031	01	1.0	3	all	same	same	identical		True
sub-11031	01	1.0	4	all	same	same	identical		True
sub-11031	01	1.0	5	all	same	same	identical		True
sub-11031	01	1.0	6	all	same	same	identical		True
sub-11031	01	1.0	7	all	same	same	identical		True
sub-11031	01	1.0	8	all	same	same	identical		True
sub-11031	01	1.0	9	all	same	same	identical		True
sub-11031	01	1.0	10	all	same	same	identical		True
sub-11031	01	1.0	11	all	same	same	identical		True
sub-11031	01	1.0	12	all	same	same	identical		True
sub-11031	01	1.0	13	all	same	same	identical		True
sub-11031	01	1.0	14	all	same	same	identical		True
sub-11031	01	1.0	15	all	same	same	identical		True
sub-11031	01	1.0	16	all	same	same	identical		True
sub-11031	01	1.0	17	all	same	same	identical		True
sub-11031	01	1.0	18	all	same	same	identical		True
sub-11031	01	1.0	19	all	same	same	identical		True
sub-11031	01	1.0	20	all	same	same	identical		True
sub-11031	01	1.0	21	all	same	same	identical		True
sub-11031	01	1.0	22	all	same	same	identical		True
sub-11031	01	1.0	23	all	same	same	identical		True
sub-11031	01	1.0	24	all	same	same	identical		True
sub-11031	01	1.0	25	all	same	same	identical		True
sub-11031	01	1.0	26	all	same	same	identical		True
sub-11031	01	1.0	27	all	same	same	identical		True
sub-11031	01	1.0	28	all	same	same	identical		True
sub-11031	01	1.0	29	all	same	same	identical		True
sub-11031	01	1.0	30	all	same	same	identical		True
sub-11031	01	1.0	31	all	same	same	identical		True
sub-11031	01	1.0	32	all	same	same	identical		True
sub-11031	01	1.0	33	all	same	same	identical		True
sub-11031	01	1.0	34	all	same	same	identical		True
sub-11031	01	1.0	35	all	same	same	identical		True
sub-11031	01	1.0	36	all	same	same	identical		True
sub-11031	01	1.0	37	all	same	same	identical		True
sub-11031	01	1.0	38	all	same	same	identical		True
sub-11031	01	1.0	39	all	same	same	identical		True
sub-11031	01	1.0	40	all	same	same	identical		True
sub-11031	01	1.0	41	all	same	same	identical		True
sub-11031	01	1.0	42	all	same	same	identical		True
sub-11031	01	2.0	1	all	same	same	identical		True
sub-11031	01	2.0	2	all	same	same	identical		True
sub-11031	01	2.0	3	all	same	same	identical		True
sub-11031	01	2.0	4	all	same	same	identical		True
sub-11031	01	2.0	5	all	same	same	identical		True
sub-11031	01	2.0	6	all	same	same	identical		True
sub-11031	01	2.0	7	all	same	same	identical		True
sub-11031	01	2.0	8	all	same	same	identical		True
sub-11031	01	2.0	9	all	same	same	identical		True
sub-11031	01	2.0	10	all	same	same	identical		True
sub-11031	01	2.0	11	all	same	same	identical		True
sub-11031	01	2.0	12	all	same	same	identical		True
sub-11031	01	2.0	13	all	same	same	identical		True
sub-11031	01	2.0	14	all	same	same	identical		True
sub-11031	01	2.0	15	all	same	same	identical		True
sub-11031	01	2.0	16	all	same	same	identical		True
sub-11031	01	2.0	17	all	same	same	identical		True
sub-11031	01	2.0	18	all	same	same	identical		True
sub-11031	01	2.0	19	all	same	same	identical		True
sub-11031	01	2.0	20	all	same	same	identical		True
sub-11031	01	2.0	21	all	same	same	identical		True
sub-11031	01	2.0	22	all	same	same	identical		True
sub-11031	01	2.0	23	all	same	same	identical		True
sub-11031	01	2.0	24	all	same	same	identical		True
sub-11031	01	2.0	25	all	same	same	identical		True
sub-11031	01	2.0	26	all	same	same	identical		True
sub-11031	01	2.0	27	all	same	same	identical		True
sub-11031	01	2.0	28	all	same	same	identical		True
sub-11031	01	2.0	29	all	same	same	identical		True
sub-11031	01	2.0	30	all	same	same	identical		True
sub-11031	01	2.0	31	all	same	same	identical		True
sub-11031	01	2.0	32	all	same	same	identical		True
sub-11031	01	2.0	33	all	same	same	identical		True
sub-11031	01	2.0	34	all	same	same	identical		True
sub-11031	01	2.0	35	all	same	same	identical		True
sub-11031	01	2.0	36	all	same	same	identical		True
sub-11031	01	2.0	37	all	same	same	identical		True
sub-11031	01	2.0	38	all	same	same	identical		True
sub-11031	01	2.0	39	all	same	same	identical		True
sub-11031	01	2.0	40	all	same	same	identical		True
sub-11031	01	2.0	41	all	same	same	identical		True
sub-11031	01	2.0	42	all	same	same	identical		True
