participant_id	parameter	mean	median	ci_low	ci_high
sub-10317	alpha	0.06721976557409048	0.0520038533	0.0061577113628750015	0.21028138181499997
sub-10317	kappa	1.3045724373216463	1.232281221	0.4725428449775	2.5409076052749993
sub-10317	theta	2.8470817421770502	2.713574841	1.2028807353250002	5.28992633815
sub-10317	theta_stranger	0.1841396658121194	0.1505361386	0.005047429836125002	0.5417011453649999
sub-10317	gamma0	1.0728362314250235	1.05459045	-0.2204028441925	2.459339146274999
sub-10369	alpha	0.12839473570929577	0.096053375515	0.010753975898	0.43417133832
sub-10369	kappa	0.4451902702741389	0.38188381520000003	0.05154694511025	1.1812456823
sub-10369	theta	2.702522856502931	2.2767652465	0.6408701386150001	6.990921533649996
sub-10369	theta_stranger	0.5019722323004187	0.1765335693	0.0032628832504250005	3.3868203816749975
sub-10369	gamma0	1.5082659159133311	1.4757689109999999	0.334516609405	2.8227584984999994
sub-10402	alpha	0.04633766127349519	0.035317658445	0.00396399229555	0.15179527958499997
sub-10402	kappa	0.9194899475560856	0.89338085925	0.19947263527	1.8197407179249998
sub-10402	theta	0.6298561530380629	0.5310967853999999	0.11904492283750001	1.6992944663249998
sub-10402	theta_stranger	0.20804346758959985	0.1315465868	0.00127387026605	0.6725796829099996
sub-10402	gamma0	3.534212926485625	3.502907701	2.2176744685000003	5.02340677795
sub-10418	alpha	0.022710497196680293	0.018282949325	0.0031655214914000003	0.0660795871455
sub-10418	kappa	0.9168705143307375	0.8974742491500001	0.3908305526575	1.5618664054499998
sub-10418	theta	2.8842633585497124	2.739368153	1.3451323912	5.2349407889499995
sub-10418	theta_stranger	0.14505647158943794	0.11411410915	0.006193395149400002	0.45865298704749996
sub-10418	gamma0	2.5445733679146754	2.5314819945	1.462735483375	3.754026354
sub-10462	alpha	0.034564460414057335	0.022299085674999997	0.0029705423188	0.13661988767249997
sub-10462	kappa	1.3087493383768851	1.2605508665	0.2645866757975	2.5689952910999994
sub-10462	theta	0.5737600770049549	0.4881964341	0.07774972420375001	1.6436165596999999
sub-10462	theta_stranger	0.07203856610374094	0.018656077729999998	0.00018609107967	0.35610944449749976
sub-10462	gamma0	1.2767876772822722	1.270162291	-0.04756496909324999	2.646310706025
sub-10478	alpha	0.07150331419251413	0.058442374745	0.008921512077925	0.2047807846899998
sub-10478	kappa	0.5094573058300275	0.47840571175	0.1542451541625	1.0333097977999999
sub-10478	theta	3.2250307827980498	3.0372732505	1.397181725575	6.16197605865
sub-10478	theta_stranger	0.2896949479233872	0.1957451783	0.006791787612525	1.146729899225
sub-10478	gamma0	1.30798172499626	1.292917482	0.4498092778425	2.2555907003249995
sub-10486	alpha	0.082084718459594	0.059502826125	0.00750894153265	0.2803214515899999
sub-10486	kappa	0.32648440810887497	0.29625397784999996	0.1020775097025	0.7218435725199991
sub-10486	theta	6.5482628098665	6.4316630895	3.04878351395	10.687115584999999
sub-10486	theta_stranger	5.997781938819477	5.7363810245	2.048022562275	11.348679620499995
sub-10486	gamma0	3.0617438497868497	3.0094486795	1.36744798945	5.050160203899998
sub-10529	alpha	0.06221037567529204	0.039600717875	0.005033748660175	0.2591200281924996
sub-10529	kappa	0.39477447625313133	0.3526543124	0.035413157919	1.0012917102999996
sub-10529	theta	1.957219511406019	1.4399998155	0.39160198911	6.489984404699993
sub-10529	theta_stranger	0.48178948634180074	0.16161158180000001	0.002877066522550001	3.527242977399994
sub-10529	gamma0	2.633013660135225	2.603172684	1.5017801448499999	3.9804391049249994
sub-10541	alpha	0.1444176057648264	0.10087664935	0.0111897171185	0.5251040342624997
sub-10541	kappa	0.121662522790146	0.08833651307000001	0.010681805938	0.41004622309249966
sub-10541	theta	3.339724187139186	2.6936256565	0.2813847692275	9.465787737674997
sub-10541	theta_stranger	1.3763642537437586	0.41533890965	0.0026645559433	7.485791598324989
sub-10541	gamma0	1.8618055821011126	1.842789869	0.9635734925775	2.8878855045999994
sub-10559	alpha	0.04620577793017	0.044150734115	0.00841597929465	0.09802602082975
sub-10559	kappa	2.90855801183445	2.788051252	1.5988146996	4.9843543359
sub-10559	theta	0.2665582138423159	0.27387751115000003	0.01849755228525	0.51625921662
sub-10559	theta_stranger	0.02849431624204769	0.005758552413999999	4.087702696075e-05	0.1966015650925
sub-10559	gamma0	0.5968172635753856	0.602856808	-0.6128365583025001	1.8123898258499977
sub-10572	alpha	0.01707585281577471	0.01307044401	0.0020281996154	0.05690579085399993
sub-10572	kappa	1.4259592959796124	1.407073661	0.79053402073	2.1536129482499997
sub-10572	theta	0.17911841207901802	0.16712243605	0.012724209896250002	0.41846228405249997
sub-10572	theta_stranger	0.02450157558117273	0.006821045209	6.1710412662e-05	0.15641191155499995
sub-10572	gamma0	2.2263331760145624	2.213753649	1.2568463687	3.2840729498999983
sub-10581	alpha	0.04036674918498682	0.032625460475	0.0051737459357000005	0.11829505122749996
sub-10581	kappa	0.9835095628617926	0.94496524375	0.30398913062	1.9236885486499997
sub-10581	theta	1.3685845627040252	1.1893776655	0.6524696428925	3.181083422624995
sub-10581	theta_stranger	0.14294836603055777	0.092854319765	0.0016022613197750003	0.4931740205049998
sub-10581	gamma0	0.7916347800735125	0.7870783625	-0.1861760668975	1.823888762075
sub-10584	alpha	0.03847177257373339	0.03270037178	0.0045319032217	0.10865065661499998
sub-10584	kappa	1.0914716981127388	1.0751703795	0.566670126345	1.6906652311249997
sub-10584	theta	0.08403019298254039	0.06349582182499999	0.005014438592375	0.2721207058525
sub-10584	theta_stranger	0.02799741892590212	0.002933735697	1.9639379867000007e-05	0.23092211947249983
sub-10584	gamma0	1.69322310598835	1.6853716360000002	0.81133693189	2.6226487872749997
sub-10585	alpha	0.11968452399396277	0.09486939919000001	0.01339980649425	0.3666381214849998
sub-10585	kappa	0.21772855573391064	0.1828312487	0.0424561674745	0.5764830920049996
sub-10585	theta	4.10245684193785	3.8155753475000003	1.33157824625	8.385275452175
sub-10585	theta_stranger	1.4566739998960785	0.98880486365	0.03057943812275	5.536606639724999
sub-10585	gamma0	1.3932736527175362	1.378120727	0.5256188575275	2.34053617395
sub-10589	alpha	0.04744828824982942	0.032492675665	0.0043429291981000005	0.18146192669249997
sub-10589	kappa	0.509860012408159	0.47429232225	0.086518820356	1.1282696517999995
sub-10589	theta	2.2136102785411627	1.8869019625	0.794551596095	5.450113072649999
sub-10589	theta_stranger	0.36093719881433267	0.19092010555	0.006655648697375	1.793592748574999
sub-10589	gamma0	3.0170714136944254	2.975709019	1.7752978758	4.456028296924999
sub-10590	alpha	0.05563718022008972	0.04838560254	0.006527825619075001	0.14558039705999995
sub-10590	kappa	2.0997598815410004	2.0064517945	0.88807560585	3.876292757724999
sub-10590	theta	1.2740409632026748	1.1674579215	0.7067916748874999	2.4818434649
sub-10590	theta_stranger	0.22801059633745446	0.23985320915	0.008128839148500001	0.4313869549424999
sub-10590	gamma0	1.4985170643569186	1.487323602	0.384319137245	2.6803976625
sub-10596	alpha	0.05712023096142253	0.04323898942	0.007269181458725	0.190259010485
sub-10596	kappa	0.39861822863018626	0.35525648345	0.126050218545	0.9113903816349995
sub-10596	theta	4.832268523791975	4.6313740275	1.9736917107	8.916151553249998
sub-10596	theta_stranger	3.056293405492154	2.6962830479999997	1.0137791501500002	6.921101350274997
sub-10596	gamma0	1.0325839053811992	1.02183384	0.029518528369250046	2.1015094802250003
sub-10603	alpha	0.074096472331006	0.06504298242	0.012242774037250003	0.194417248005
sub-10603	kappa	0.5901187951673725	0.5661601521499999	0.14437111923999998	1.1674447091249998
sub-10603	theta	1.5802002600089249	1.3496534345	0.6400885183375	3.914250453875
sub-10603	theta_stranger	0.07114824694935348	0.025526869985	0.0005105867528375	0.3882285099049999
sub-10603	gamma0	-0.3925428183100685	-0.39673801095000005	-1.2218687957	0.4401137910024993
sub-10606	alpha	0.10400151742962761	0.08112211796999999	0.010110246613499999	0.3246283093924999
sub-10606	kappa	0.23962604689175498	0.22368959705	0.09681702719775001	0.48614332412499994
sub-10606	theta	6.9396189887695	6.813292242999999	3.6554653819250005	11.0128110155
sub-10606	theta_stranger	5.670771329033	5.4116798605	2.123771117875	10.888559471999999
sub-10606	gamma0	3.2322515833292376	3.176505667	1.726781863375	5.0774251752
sub-10608	alpha	0.02837687851645763	0.019143478865	0.0019190598443000004	0.10586584892999994
sub-10608	kappa	5.282372549359851	4.9596653525	2.16598066295	10.278398970749999
sub-10608	theta	1.732577447661375	1.545425661	0.7205883774575	3.81330513205
sub-10608	theta_stranger	0.09808714420627374	0.072801106425	0.0020818670693000005	0.30660760079249993
sub-10608	gamma0	2.382681242363824	2.348877891	0.4003741075125	4.560998332549996
sub-10617	alpha	0.10871667507688167	0.068848997335	0.007842721178125001	0.4404824714074999
sub-10617	kappa	0.37788868333757764	0.2841981883	0.02813455229975	1.2124086531999996
sub-10617	theta	2.618853196851025	1.8932275685	0.30660721690750004	8.132252123274991
sub-10617	theta_stranger	1.0012394694791458	0.36545421595	0.0028246917907500005	5.93875387755
sub-10617	gamma0	1.6622034742501628	1.6369620255	0.4442638274225001	3.037748491975
sub-10636	alpha	0.11567654181985276	0.085959230755	0.01219383981775	0.37951810512499995
sub-10636	kappa	0.20130341634993373	0.18495246170000001	0.0769098683	0.41784715495749974
sub-10636	theta	6.772974777011876	6.650060310000001	3.4928625918	10.680322777999994
sub-10636	theta_stranger	4.940557608008486	4.6115188235	1.722073823475	9.790199242825
sub-10636	gamma0	1.5104569635919685	1.4793188145	0.49023012935500004	2.666463669499999
sub-10638	alpha	0.08540348112560363	0.06230801208	0.00820024927825	0.2893346035024998
sub-10638	kappa	0.233176052629185	0.21688826885	0.0934053239515	0.4599087889899998
sub-10638	theta	7.069875795013375	6.961521771499999	3.799720975025	11.05046433925
sub-10638	theta_stranger	6.066291973308087	5.8003407515	2.389276061625	11.275944671249995
sub-10638	gamma0	3.263715463363325	3.205623898	1.6991919899249999	5.122019921949999
sub-10640	alpha	0.15471191789197478	0.1501247121	0.0263464697005	0.3176840034199998
sub-10640	kappa	1.0168134032054061	1.0034544735	0.41385423673500005	1.699216402674999
sub-10640	theta	0.6531928152934438	0.6133601489	0.2499569660625	1.252972286324999
sub-10640	theta_stranger	0.024951996120271658	0.008312821526500001	0.00014953422354	0.14698029157499984
sub-10640	gamma0	-0.23198109855492596	-0.2254822615	-1.185684651475	0.6927537240724997
sub-10641	alpha	0.05222791236708734	0.0382770806	0.004888037775075	0.18161913171499955
sub-10641	kappa	1.1183326417621937	1.0867721905	0.3888590872475	2.0616337317999998
sub-10641	theta	2.4803026748472754	2.3134186195	0.98875488509	4.9038334603500005
sub-10641	theta_stranger	0.08144385372392944	0.051948256225	0.0021648613943500003	0.3239890586174998
sub-10641	gamma0	1.4627851709455884	1.4398327305	0.21056897966500002	2.8974295047999994
sub-10642	alpha	0.019262607671365076	0.015495365645	0.0025526016285	0.056765671629249975
sub-10642	kappa	3.855445763181	3.6959143155	2.0320226564749997	6.606685536174999
sub-10642	theta	1.9152573422230126	1.745601836	0.867482887765	3.8976635162749993
sub-10642	theta_stranger	0.09495986605896127	0.07502869924	0.002302311891250001	0.2781673628425
sub-10642	gamma0	1.2001562666572074	1.187644098	-0.17715424947999994	2.6571299167
sub-10644	alpha	0.07449805644953039	0.064764120775	0.009735780310525001	0.19240871188999983
sub-10644	kappa	1.5535805862602374	1.5092520655000001	0.812044478435	2.5249720430249982
sub-10644	theta	2.9844194358911498	2.8500325010000003	1.459543806475	5.176119249399999
sub-10644	theta_stranger	0.08954610344682866	0.063175138055	0.0017473461587250003	0.30870445338999997
sub-10644	gamma0	-0.7563351316793017	-0.7482321694	-2.04026253765	0.43480311722249976
sub-10647	alpha	0.011370814761409975	0.009408135640499998	0.0015239214602000002	0.031665604309249994
sub-10647	kappa	5.330781889049375	5.1733164295	2.75109336985	8.971847380949994
sub-10647	theta	0.31002152232767044	0.3226227752	0.12248496945750001	0.4235133488825
sub-10647	theta_stranger	0.028315348329674864	0.010214665344999999	0.00015208278854	0.16003593027
sub-10647	gamma0	1.932721825672947	1.908894082	0.6150633905325	3.3895330397499994
sub-10649	alpha	0.06202895708847963	0.04477787862	0.006588649470850001	0.21211952011499982
sub-10649	kappa	0.21684052289757375	0.19863283005	0.08428939620175001	0.4508760614549997
sub-10649	theta	6.408101679410125	6.2655463000000005	2.8635357132	10.704885701999999
sub-10649	theta_stranger	6.930515121528876	6.697714538	2.95071625515	11.961855253249999
sub-10649	gamma0	3.46666171927905	3.4099661814999997	1.913869850625	5.334796376299999
sub-10652	alpha	0.08520176053768092	0.051433126800000006	0.0065944756092	0.36757765986999935
sub-10652	kappa	0.4290584124419962	0.3854671003	0.0526000280975	1.0592754390749992
sub-10652	theta	2.0224886897662375	1.594187724	0.5506678552175001	5.83865355935
sub-10652	theta_stranger	0.3089978445267168	0.1096985153	0.0027549814248750003	1.9931174158999978
sub-10652	gamma0	2.3161075915259626	2.2916309245	1.2704346152	3.496397913075
sub-10656	alpha	0.00732503630406365	0.005341690203	0.0008004979576499999	0.024922057767999987
sub-10656	kappa	8.925770704761623	8.308363076	3.02741859185	18.525239149749993
sub-10656	theta	0.36767536481707996	0.37965779945	0.213371033045	0.44828244159749997
sub-10656	theta_stranger	0.34559331771768964	0.36526156575	0.0736638735365	0.44658167628749995
sub-10656	gamma0	3.0825566229345003	3.048981301	1.7395234276250002	4.565317964599998
sub-10657	alpha	0.2511005913153101	0.2327543936	0.035143132775	0.5866815440049999
sub-10657	kappa	0.44691462653977937	0.41709545025	0.02261415990525	1.1044915379
sub-10657	theta	1.20849230392749	0.6144170811	0.073808122771	6.842944435474998
sub-10657	theta_stranger	0.5080711008485471	0.09065825589	0.000301279167955	4.852256251824995
sub-10657	gamma0	1.1892805939487876	1.1760476185000002	0.35224370811000005	2.104080528125
sub-10661	alpha	0.201765430591133	0.1832386439	0.02416958457025	0.48534753857749996
sub-10661	kappa	0.20488373401025126	0.18774185100000002	0.06692565507275	0.4330100657724998
sub-10661	theta	6.609437693207624	6.469298076499999	3.4392001357	10.495681304999998
sub-10661	theta_stranger	3.841925511646476	3.408860142	0.9498592913800001	8.933657127775
sub-10661	gamma0	2.630104952670925	2.5880575524999996	1.4036725169000002	4.094863714024999
sub-10663	alpha	0.0536092717664729	0.048810491285	0.008390058059275	0.12792724300999997
sub-10663	kappa	2.3794187841263748	2.3363851904999997	1.391807065525	3.5810497656999987
sub-10663	theta	0.32335651350106587	0.32953756405	0.1051561897175	0.513675010555
sub-10663	theta_stranger	0.049853647267723386	0.02485656466	0.00035724532557499997	0.2205562601299999
sub-10663	gamma0	3.3403208346112496	3.3242135465000002	2.074457736275	4.71950025845
sub-10668	alpha	0.104696145629988	0.07908502297	0.0114948962905	0.3416245979374999
sub-10668	kappa	0.4662502868093884	0.3967594702	0.0623375023235	1.2479752601249994
sub-10668	theta	2.6634645576108595	2.2627911125	0.6871874805575	6.6046880152
sub-10668	theta_stranger	0.428176500108188	0.1498480549	0.00173779558105	2.76012470505
sub-10668	gamma0	0.13204411892588122	0.1255992381	-0.9730958963949999	1.3110042107249995
sub-10673	alpha	0.08113290517769577	0.043882246335	0.006098116364025	0.4006748019799998
sub-10673	kappa	0.30617742909375645	0.2725513859	0.0157269862285	0.8175976638449999
sub-10673	theta	1.3418433128363467	0.6931603477	0.058885126106	6.684382543549998
sub-10673	theta_stranger	0.3377532932222018	0.03022044577	0.00019246069767000002	3.6257815924499943
sub-10673	gamma0	1.0163153703905394	0.9999147459	0.224823672175	1.9051195223499995
sub-10674	alpha	0.09595968238416398	0.07060318384	0.007713544004875001	0.3124988252899999
sub-10674	kappa	0.28110978941058623	0.26523707005	0.12329422038	0.5266337004174997
sub-10674	theta	7.50928468370975	7.4069252395	4.063055427675	11.486463173999997
sub-10674	theta_stranger	7.485061492812	7.3101166155	3.40246111145	12.580876408249997
sub-10674	gamma0	3.4621964812055124	3.4007408795	1.8534913146	5.353077150099998
sub-10677	alpha	0.06373282124016211	0.051607877075	0.006985845433375	0.18886190544499978
sub-10677	kappa	0.8238056695898124	0.8131213653	0.25820690473499996	1.4600751343749998
sub-10677	theta	0.7657224466642563	0.6859261267	0.2550013801675	1.7626416431249998
sub-10677	theta_stranger	0.04787320708296588	0.019948966215000002	0.000330747951975	0.24466525289749977
sub-10677	gamma0	1.2125698762562973	1.2013626450000001	0.3260698615175	2.136317532524999
sub-10685	alpha	0.14602363282362824	0.14189725949999998	0.022058372796250003	0.3032300933725
sub-10685	kappa	1.2090732172464	1.140343399	0.5458783646825001	2.238865266924999
sub-10685	theta	2.4711591676530373	2.327555059	1.2058585052000002	4.562997332925
sub-10685	theta_stranger	0.22758657544360922	0.19627762155	0.0029950101195750007	0.6391259140249999
sub-10685	gamma0	-1.0175866167511296	-1.0019470945	-2.23380235815	0.10362731622499971
sub-10690	alpha	0.08643428702679183	0.059816903399999996	0.0069259387097000006	0.3460706408374999
sub-10690	kappa	0.6524380423249734	0.59392787215	0.036888600266750005	1.662982420525
sub-10690	theta	1.3746097591439883	0.8002729323	0.1402859857725	6.349024875524999
sub-10690	theta_stranger	0.40845244033671946	0.084410408305	0.00059120977992	3.718130059749984
sub-10690	gamma0	1.5907203368874703	1.5648616415	0.385245840775	2.9325225037249996
sub-10691	alpha	0.0738927890519053	0.059643229125	0.008727037626925	0.2221656241224999
sub-10691	kappa	0.17580066799939498	0.16340246730000002	0.07098825116875	0.3514939209049999
sub-10691	theta	6.5488404274015	6.4280293205	3.22140829755	10.66934880575
sub-10691	theta_stranger	5.812378047066362	5.568514865999999	2.253595497975	10.642550804749998
sub-10691	gamma0	2.3099056521428247	2.2698942665	1.1605599143999998	3.6846938675749996
sub-10700	alpha	0.09586665346621837	0.09076500878	0.01843080004575	0.20147490703
sub-10700	kappa	1.188718363230025	1.163849197	0.51037505953	2.018444803125
sub-10700	theta	1.4475473137198627	1.3418075815	0.8024996449625	2.7572661529249993
sub-10700	theta_stranger	0.04568258041718376	0.022194118775	0.0004347589896000001	0.224430658815
sub-10700	gamma0	-0.71648923384755	-0.7034951771	-1.755527113375	0.2832756692024985
sub-10701	alpha	0.04449839803266913	0.039479695849999996	0.007400322332000001	0.10955675550749996
sub-10701	kappa	1.2243451954216873	1.203907453	0.615749620255	1.95870518225
sub-10701	theta	0.17148496281925427	0.14892698259999998	0.007986186588550001	0.4554384197024999
sub-10701	theta_stranger	0.012221093822540998	0.0016823109034999999	9.57772833545e-06	0.10378298454249998
sub-10701	gamma0	-0.2337217995293056	-0.2269954186	-1.2183528949749998	0.7217736251524994
sub-10713	alpha	0.05400897405524136	0.050118459105	0.008650280949025	0.12149344325999999
sub-10713	kappa	1.1462817317538	1.132770985	0.5698339599675	1.7938003518499996
sub-10713	theta	0.21471682583598706	0.20049928255	0.017172919152250003	0.5016942828
sub-10713	theta_stranger	0.010221645577841536	0.003158579586	3.509595507050001e-05	0.06223836847624999
sub-10713	gamma0	0.9300742768673229	0.9270837516	0.05312057149475	1.8066120370249998
sub-10716	alpha	0.0229261847864011	0.01667970143	0.0022643846816500003	0.07976270078449992
sub-10716	kappa	0.9746044436742775	0.95328056995	0.37180568898	1.6900539000999995
sub-10716	theta	0.2847871755058247	0.2609831667	0.022565064481750004	0.6905631275899978
sub-10716	theta_stranger	0.06799441361609461	0.026253866115	0.000243529998125	0.3383530604824999
sub-10716	gamma0	3.409364044236	3.3766242195	2.21345066735	4.751902306524997
sub-10718	alpha	0.05907194996742493	0.04758101385	0.007564696496225	0.1786547606699999
sub-10718	kappa	0.23334914651623123	0.21801130825	0.09796876290075	0.4601295958774998
sub-10718	theta	6.7218559609277495	6.596970729	3.3557593384	10.881306784249997
sub-10718	theta_stranger	7.089608295524375	6.9030115475	3.199075625725	12.167984233499999
sub-10718	gamma0	3.4568502603628626	3.387459044	1.8761626497000001	5.369727782425
sub-10720	alpha	0.05207737591846906	0.044754120359999996	0.0062020981871	0.14312719009749997
sub-10720	kappa	1.2836274921218351	1.2495234915	0.49865681343750007	2.2612289465249993
sub-10720	theta	0.8269850417533925	0.7701257715000001	0.4414366035175	1.4998128493749991
sub-10720	theta_stranger	0.15603481887401377	0.1257782738	0.0022612745514750004	0.45581780171249997
sub-10720	gamma0	2.5992508314775624	2.5778598255	1.485503576825	3.8423358215
sub-10723	alpha	0.06575815467736995	0.046695623215	0.006474777030175	0.2315999132924999
sub-10723	kappa	0.5368057047332722	0.5282482236	0.059203046577	1.0752706297749999
sub-10723	theta	0.5328253375173307	0.343033525	0.033031654708000006	2.6032122479499953
sub-10723	theta_stranger	0.06811707910834838	0.008905768399000001	8.552369242150001e-05	0.37280413185749917
sub-10723	gamma0	0.8480917150330681	0.83830370455	0.023932942931750027	1.7453372158249996
sub-10741	alpha	0.04868115104944164	0.036571617165	0.005482160021725	0.17071666342499997
sub-10741	kappa	0.7526853882554011	0.7461356968	0.16247190307	1.40337371105
sub-10741	theta	0.9264769304973779	0.7972390810000001	0.2924964210675	2.4422498743749994
sub-10741	theta_stranger	0.04923329719816562	0.018347290395	0.0004098856803	0.24455744593749992
sub-10741	gamma0	1.0604718852150612	1.0576590565	0.19969575767000003	1.9455965783999993
sub-10748	alpha	0.25791820413597766	0.24667841925	0.0524663140325	0.5312069680249997
sub-10748	kappa	0.2812113615741936	0.25775845865	0.05338330246925	0.6341905594174999
sub-10748	theta	3.9170988399473727	3.669460956	1.4086308268	7.889327981899999
sub-10748	theta_stranger	0.8986385472722039	0.4970952669	0.017321782957500004	4.344980341974997
sub-10748	gamma0	2.3289537925036874	2.3049707335000003	1.2683025844500002	3.5591432437
sub-10767	alpha	0.0070176560452571875	0.0054202957985	0.000742443352875	0.02348086267075
sub-10767	kappa	12.827767910635124	11.579423599999998	5.203546578575001	28.145340920749987
sub-10767	theta	1.60418696420835	1.3961150955	0.6499137421075001	3.695868052199998
sub-10767	theta_stranger	0.42533336863248744	0.43018448625	0.34285814076	0.476418642485
sub-10767	gamma0	3.803500947895763	3.7722223130000003	2.03454844505	5.748550814524999
sub-10770	alpha	0.14198260905481322	0.096436858485	0.010855343349750001	0.5350813199574996
sub-10770	kappa	0.10252982564436149	0.072053280495	0.008235786782125	0.3580254386199999
sub-10770	theta	3.4991812119947827	2.9000537189999998	0.23759547042250004	9.654804816074998
sub-10770	theta_stranger	1.588871275167443	0.5470447816999999	0.002732354960650001	7.962939266124999
sub-10770	gamma0	1.733343170395455	1.7182606200000001	0.8657811049975	2.72155703275
sub-10777	alpha	0.04054151217405438	0.029477049715000002	0.003641346330475	0.13526261375249987
sub-10777	kappa	3.8602799567504373	3.1102391275	1.158095028325	10.991291420249995
sub-10777	theta	2.151264166252662	1.951427495	0.7889326878175	4.4959388340999995
sub-10777	theta_stranger	0.23442651411973384	0.2399391838	0.0042633383537	0.48307215401749987
sub-10777	gamma0	1.039968354739874	1.0127939675	-0.589503710945	2.7899808344749997
sub-10781	alpha	0.01704806789150034	0.014314699565	0.0028161628576749997	0.04604417659949999
sub-10781	kappa	1.7916828505830626	1.758626421	0.9653550903000001	2.7954525642249983
sub-10781	theta	1.7156385361299502	1.606882074	0.918633849615	3.1086190234249993
sub-10781	theta_stranger	0.036198576535796986	0.021482596895	0.0006694216983950002	0.14936702707749985
sub-10781	gamma0	0.5257484657425948	0.52521114895	-0.5698073811925001	1.6344266397999998
sub-10783	alpha	0.012954393317797012	0.01053797899	0.0016026396939250005	0.03760806399049999
sub-10783	kappa	5.19458074946775	5.021179943	2.786023002625	8.5943510172
sub-10783	theta	0.46422727058256247	0.464214895	0.3747244428575	0.55125783393
sub-10783	theta_stranger	0.04334177148791473	0.019801836135	0.0003202101334350001	0.20877499211499964
sub-10783	gamma0	2.112148261565049	2.077672797	0.8840433595975	3.4907857587249986
sub-10785	alpha	0.009910036006156876	0.00770905199	0.0011626431817250002	0.029623800672249994
sub-10785	kappa	2.56699901858325	2.5378594779999997	1.695498006225	3.6120560511999997
sub-10785	theta	0.12759552276538919	0.11940545895	0.008753334670575003	0.2952702721149999
sub-10785	theta_stranger	0.020279687709871156	0.0078427687485	0.00010209569191	0.10760379578499994
sub-10785	gamma0	3.75970072337025	3.7392952575	2.533783337775	5.1202399537
sub-10794	alpha	0.031043731399816074	0.02678432026	0.0033920101008000003	0.08254776851224999
sub-10794	kappa	1.6942556168984	1.672021607	0.9766175225550001	2.531692599475
sub-10794	theta	0.4033663043559825	0.40453557385	0.11902138662	0.6820963479374997
sub-10794	theta_stranger	0.027476901360364892	0.014738983984999999	0.0003634214559775	0.12549351150249996
sub-10794	gamma0	3.3555608947816244	3.3294780475000003	2.1852017167	4.658167739074999
sub-10800	alpha	0.25084038586033125	0.2080422287	0.025789965848	0.6838240412724998
sub-10800	kappa	0.06987315532682462	0.058116198174999995	0.016199221725	0.19249167834249994
sub-10800	theta	6.282047537951618	6.2011253879999995	1.849930567025	11.25942337825
sub-10800	theta_stranger	5.298358678099025	5.088666802	0.5310187930600001	11.391604407999996
sub-10800	gamma0	1.936555201802947	1.902781193	0.91996464999	3.0876742164499995
sub-10801	alpha	0.1302610063945209	0.1158007537	0.016791983858000004	0.3203027111424999
sub-10801	kappa	0.2317891278775975	0.2150511278	0.095028946332	0.46310320956749995
sub-10801	theta	6.42147837171625	6.2958906065	3.315494341075	10.320519780749999
sub-10801	theta_stranger	4.571258201056962	4.259924587	1.67043118915	9.251919500849999
sub-10801	gamma0	0.8729905955456279	0.8612929567000001	-0.03266731987374999	1.83066016795
sub-10802	alpha	0.02526852159917825	0.02022760051	0.002469783825825	0.0772839178425
sub-10802	kappa	1.7283412602546873	1.699014972	0.928162052225	2.710832265099999
sub-10802	theta	0.50248242722149	0.49957454465	0.2377262054875	0.79686772442
sub-10802	theta_stranger	0.07435726765745682	0.046182948005	0.00094218494042	0.2809911882924999
sub-10802	gamma0	3.7306876476122497	3.6997650585	2.4479059755250003	5.174731977849999
sub-10803	alpha	0.11546206403172914	0.062071141905	0.0061826988948	0.5611514301574999
sub-10803	kappa	0.3237343623482285	0.2469816242	0.012346427802250001	1.0313079504749996
sub-10803	theta	1.8984877561051825	0.7688984624999999	0.037476920253750004	8.647014589149999
sub-10803	theta_stranger	0.8865092325344724	0.11845897185000001	0.0002492263625500001	6.710894822549997
sub-10803	gamma0	1.2040121587317476	1.1789701	0.11767401626250001	2.448774826625
sub-10804	alpha	0.11979632960781111	0.1069581198	0.017836976124000002	0.29358630519499984
sub-10804	kappa	0.22869375586508875	0.19775173224999998	0.056645869409	0.5736597408274998
sub-10804	theta	4.728463729244575	4.520305218	1.772904950275	8.881037212749998
sub-10804	theta_stranger	2.396825767860144	1.9774628605000002	0.20568867489500003	6.816143037824999
sub-10804	gamma0	1.6431187473482662	1.623097124	0.6636868401125	2.753008590675
sub-10806	alpha	0.018307998559015323	0.013338369175	0.0020871224669250002	0.06492232144674999
sub-10806	kappa	3.58170241865545	3.3650123845	1.1826445117250002	7.38441393755
sub-10806	theta	0.7249850677315126	0.6790984964	0.531053556315	1.1865674787249998
sub-10806	theta_stranger	0.36108981202708484	0.38119660675	0.06662304810600002	0.48948647074999996
sub-10806	gamma0	1.3148112106176097	1.3005916335	0.20675913435000007	2.4986378811249996
sub-10807	alpha	0.2159199519260299	0.20932578219999998	0.03766648438575	0.44064399296499995
sub-10807	kappa	0.25488063194995497	0.23562827565	0.093892149834	0.5255622505074998
sub-10807	theta	6.804889132956625	6.694972492	3.6413102649250004	10.742257747999998
sub-10807	theta_stranger	4.583255222609	4.209384911	1.493420394725	9.588796059999995
sub-10807	gamma0	2.504768045255425	2.463917756	1.2264891226249999	4.011511100599999
sub-10809	alpha	0.041030124419510317	0.03640642603	0.005840194588175	0.10346089482249987
sub-10809	kappa	2.189408160961125	2.140113896	1.232777297825	3.4424807631749994
sub-10809	theta	0.36662361619320377	0.36718784145	0.1716302423075	0.5543453604124999
sub-10809	theta_stranger	0.03562640824296529	0.012051482964999999	0.0001841560391825	0.2072197549249999
sub-10809	gamma0	1.3302074290704091	1.3217176065	0.36720190406250003	2.3658090447999993
sub-10810	alpha	0.10115473103073239	0.08359386922	0.0113952012025	0.2859810859824999
sub-10810	kappa	0.259583009978135	0.23525104805000002	0.08731446349775	0.5733781940324999
sub-10810	theta	6.243300660852376	6.114347738999999	3.293466683575	10.071959511249998
sub-10810	theta_stranger	3.9096339644361064	3.5152915499999997	1.2012017195	8.778275180874994
sub-10810	gamma0	2.6460317263101123	2.5995671380000003	1.402372936975	4.129852305699999
sub-10812	alpha	0.08790619971133438	0.076929975455	0.0111657446765	0.22739864925999995
sub-10812	kappa	0.6036631285738738	0.56531628795	0.164612966325	1.275269336575
sub-10812	theta	2.493697927556275	2.2478916005	1.0105622870500002	5.379503319974999
sub-10812	theta_stranger	0.39034916694833705	0.30077048915	0.009733509239799999	1.3940777987249982
sub-10812	gamma0	1.9271248233827851	1.9055219635	0.9460322690275	3.044799710725
sub-10817	alpha	0.016389498084182275	0.011912958525	0.0016304168499500003	0.056665624906249996
sub-10817	kappa	2.0401244872604374	1.9994330245	1.143089732075	3.1875734908499997
sub-10817	theta	1.0205982297528375	0.9760358013999999	0.6495400570875	1.6606117392
sub-10817	theta_stranger	0.09759199849865823	0.07784574931999999	0.0028153812422000006	0.28211538501249994
sub-10817	gamma0	3.8764983290821253	3.8431872005	2.44860637005	5.4348502703
sub-10827	alpha	0.05105067863088629	0.036735662045	0.005428476810825001	0.19000306198999978
sub-10827	kappa	0.5157465413813939	0.4718685292	0.07371036056275002	1.19978423625
sub-10827	theta	1.8287675020381176	1.5037540365	0.560130829	4.919946839699998
sub-10827	theta_stranger	0.13975768566632002	0.044396578285	0.0007510116407400001	0.8694856612249997
sub-10827	gamma0	0.4459019005947378	0.43524103579999995	-0.49014575103249997	1.4532217285
sub-10831	alpha	0.09805795876187974	0.076685022805	0.01182766487725	0.3116024043449999
sub-10831	kappa	0.22797819896984312	0.17200467135	0.023947261407250002	0.7039861020624996
sub-10831	theta	2.881455608263169	2.252817963	0.42820195456500004	8.013170669774997
sub-10831	theta_stranger	1.2101296270469943	0.5384546132500001	0.004019669815975001	6.112307024299995
sub-10831	gamma0	1.5572543618418664	1.5374754309999998	0.6656864930299999	2.56408177805
sub-10834	alpha	0.1309605580328267	0.10948476879999999	0.0124141611	0.3594198015599999
sub-10834	kappa	0.20966169153000125	0.19410543445	0.08496149825950002	0.4150584153349997
sub-10834	theta	7.015735407921875	6.918138682	3.5164641057	11.155899439999999
sub-10834	theta_stranger	6.44521136565795	6.2038485130000005	2.6237188846249997	11.606768516749996
sub-10834	gamma0	3.27074455609215	3.2109502555000002	1.7968033064500002	5.068705243699999
sub-10836	alpha	0.11166860821611493	0.07330436917	0.008078724702975	0.46390363090999986
sub-10836	kappa	0.48968087412997685	0.4296204793	0.021732214535	1.3630244466999992
sub-10836	theta	1.3206092533885183	0.6086751461	0.049838330548249994	6.778336999899998
sub-10836	theta_stranger	0.3781886397527386	0.034769840245	0.0001958329831075	3.9452774733999774
sub-10836	gamma0	1.1321224378384207	1.1026364635	0.004453320881525033	2.366540176099999
sub-10838	alpha	0.238922058528361	0.17498779895	0.01860953464125	0.7411168394674998
sub-10838	kappa	0.09811551759299313	0.06326631978	0.007479215342025	0.36487090357999985
sub-10838	theta	3.4939548820781963	2.871728155	0.15263132424750003	9.896247188899997
sub-10838	theta_stranger	1.4081096114514844	0.36170559734999996	0.0005635439300325002	7.591086011174999
sub-10838	gamma0	-0.23361071441076936	-0.2305165326	-0.9613782936724999	0.49344796546499947
sub-10843	alpha	0.04268270479384464	0.03548714225	0.004643335122275	0.12319558386999999
sub-10843	kappa	1.3609327109965375	1.3331404915	0.7610387332649999	2.1055724684749992
sub-10843	theta	0.12698020412595956	0.10961061059999999	0.00811655470465	0.341564731785
sub-10843	theta_stranger	0.03465983657476019	0.0072429583495	4.340926698900001e-05	0.22583932905499995
sub-10843	gamma0	2.251374633934366	2.2310251505	1.3260650056	3.30350012035
sub-10850	alpha	0.12297859366434051	0.09354321695000001	0.012059774503250001	0.4107351495899994
sub-10850	kappa	0.13541245453006287	0.11806686635	0.03881738306125	0.33227163944749993
sub-10850	theta	5.925287535842111	5.7500560885	2.4048121088750003	10.451859064499999
sub-10850	theta_stranger	4.437397084246309	4.118931804	0.989096485265	9.583080807199996
sub-10850	gamma0	2.29738359393495	2.259534736	1.2195197668250002	3.5903506975499986
sub-10854	alpha	0.021899987106467563	0.017165774225	0.0021864127395250003	0.06935583742125
sub-10854	kappa	1.7725994394274749	1.7493624030000001	0.9833713694125	2.6816497643499995
sub-10854	theta	0.815368085045625	0.79348302085	0.5263723600525	1.2450596634999995
sub-10854	theta_stranger	0.03920066471313794	0.025793574899999998	0.0011384246905	0.1492769928874999
sub-10854	gamma0	3.868390040257375	3.8392465345	2.49909979545	5.40937926185
sub-10857	alpha	0.025520784345908973	0.020373543335	0.002185074536725	0.0743768118635
sub-10857	kappa	3.2085019212123753	3.1305563555	1.949010043775	4.878301931574999
sub-10857	theta	1.859406666922825	1.7005806415	0.8363988467775	3.7811404969249995
sub-10857	theta_stranger	0.10876378356282414	0.09752800809	0.0052841100601	0.2686915276949999
sub-10857	gamma0	3.6413952902677873	3.6096328040000003	2.20320618755	5.246350428725
sub-10858	alpha	0.07925693681686462	0.072514228755	0.0102096996445	0.18698452714249994
sub-10858	kappa	1.387515873321475	1.3260979955	0.4248134717325	2.6658577941999995
sub-10858	theta	2.1815306940753127	1.892936252	0.9439504742675	5.1109922934749985
sub-10858	theta_stranger	1.6728508257336876	1.4376176785	0.76012660344	3.990945435824997
sub-10858	gamma0	0.9187116993073269	0.9092619751	-0.2766100900474998	2.1997322265999992
sub-10860	alpha	0.08644126344355325	0.06744831363	0.01155488093025	0.2712841578375
sub-10860	kappa	0.214526532389695	0.2030783185	0.06991275872950001	0.431360454665
sub-10860	theta	5.760528403948375	5.6418397764999995	3.006192172525	9.140355086199998
sub-10860	theta_stranger	1.6777914361799235	1.360071561	0.12266532391750001	5.14647539994999
sub-10860	gamma0	1.0344112552573956	1.0175695185	0.19327237865000002	1.914588171125
sub-10862	alpha	0.13739094989355727	0.1083800583	0.014790432571	0.40376083405249985
sub-10862	kappa	0.3475153075472513	0.32048115415	0.115366630085	0.7309156712749998
sub-10862	theta	5.135065179447874	4.9880719705	2.532946545025	8.633118708199998
sub-10862	theta_stranger	1.6061602095475824	1.349458363	0.2849610286825	4.3937162287499945
sub-10862	gamma0	0.3402104061509669	0.33688939115	-0.5004124057374999	1.2122104964499998
sub-10863	alpha	0.09826508513061025	0.06949320882	0.0083089552898	0.3294934689975
sub-10863	kappa	0.30649627005474	0.2883368935	0.13465321377999998	0.5719367611374999
sub-10863	theta	7.28809514824025	7.2048211725	3.88824881395	11.233310025249999
sub-10863	theta_stranger	6.866549254193125	6.6484580255	3.15093884685	11.569684661999995
sub-10863	gamma0	2.3218464724231627	2.278576663	1.09466886335	3.77389599775
sub-10866	alpha	0.03944275350250859	0.028799519535	0.0038803692472750002	0.13860297101249996
sub-10866	kappa	0.6833166515922017	0.66458661435	0.135345839075	1.3143398762249996
sub-10866	theta	0.6755551310368078	0.5625532762000001	0.09285152023075001	1.9446122485749993
sub-10866	theta_stranger	0.09753942178802368	0.035380368755	0.0004066927075225001	0.4463495512674993
sub-10866	gamma0	2.36655919615565	2.3488703080000004	1.3518525521	3.5093812878
sub-10875	alpha	0.0779217503033417	0.057381039805	0.007907640173275	0.2615884294674993
sub-10875	kappa	0.229536791187055	0.21359707675	0.09393149618425001	0.45466354136749987
sub-10875	theta	7.204333319095751	7.108670728	3.8442136608250004	11.277023839
sub-10875	theta_stranger	6.163075684757163	5.893058251	2.5371327024	11.296657626999995
sub-10875	gamma0	2.727741897136525	2.681011528	1.40766717555	4.306672784124999
sub-10881	alpha	0.014765965044882926	0.011049195644999999	0.00169647806715	0.049006895129499954
sub-10881	kappa	2.5159710167023377	2.447470316	1.312325305825	4.144891301274998
sub-10881	theta	0.14060431045018024	0.125519567	0.006732217637700001	0.3566452449299998
sub-10881	theta_stranger	0.020887877792941677	0.0050588869130000005	3.370669254250002e-05	0.1420215779849999
sub-10881	gamma0	2.3161199996847506	2.3027974405	0.870290379875	3.8682067130999993
sub-10886	alpha	0.16831377309722023	0.1285306265	0.016077590300250005	0.5409860084674998
sub-10886	kappa	0.17210959675888085	0.14383867955000001	0.024342264189499998	0.49272569066249955
sub-10886	theta	4.272918092535277	4.0297345055000005	1.0463396405249998	8.821006421124999
sub-10886	theta_stranger	1.3740173867506178	0.75470996555	0.006755106212675	6.089023390424999
sub-10886	gamma0	0.3001648252500237	0.29611173635	-0.700208101245	1.3394186094249998
sub-10887	alpha	0.5811693852284459	0.61108512365	0.1300550905175	0.8674593687174998
sub-10887	kappa	0.12623185687094624	0.10484112655	0.025939243898750002	0.33959231468499995
sub-10887	theta	5.326401653048077	5.170829221	1.186857727825	10.601676359499999
sub-10887	theta_stranger	3.347539491235694	2.8640110219999997	0.06987876426700002	9.325961972724992
sub-10887	gamma0	0.7721570721991313	0.75784885725	-0.009345676162549974	1.6247453961749991
sub-10896	alpha	0.043765768219290874	0.03254083796	0.00482868623725	0.14916628940249993
sub-10896	kappa	0.952668359826425	0.93733591215	0.358812768125	1.66415717765
sub-10896	theta	1.6521658374665127	1.4975268745	0.7409275392975	3.47634480565
sub-10896	theta_stranger	0.1084451739944186	0.072949051745	0.0024313437386	0.38546198912749974
sub-10896	gamma0	1.9496326379917013	1.933980098	0.9019518518949999	3.0858636548
sub-10897	alpha	0.03977296893869198	0.0305436491	0.0045399159344	0.12727092874499993
sub-10897	kappa	1.3571556059298873	1.262050345	0.3123870073075	2.9909623651499992
sub-10897	theta	3.709361197387725	3.5259629495	1.4162903976	7.08594859795
sub-10897	theta_stranger	1.5440038501060875	1.2550614385	0.6198454258625	4.195538016474999
sub-10897	gamma0	0.9706661575022536	0.9387085072000001	-0.4678118380149999	2.532482030275
sub-10898	alpha	0.3241265091970213	0.31668760645000005	0.141396655695	0.5441686334174998
sub-10898	kappa	0.31856740598397376	0.29559491215	0.10671907167000001	0.6580234224149994
sub-10898	theta	4.799764206074087	4.6232485015	1.8697123607250001	8.802777027274999
sub-10898	theta_stranger	2.7895003970896655	2.4668651820000003	0.7138406699025001	6.568599202425
sub-10898	gamma0	0.914540670037759	0.9022099443	0.03255867054600003	1.8667567154249998
sub-10908	alpha	0.12083576255362626	0.07993825765000001	0.009505368437800001	0.47373306416499983
sub-10908	kappa	0.09829474244367313	0.071398755575	0.011155481836750003	0.33768366124249993
sub-10908	theta	4.36699064123198	3.9866991985	0.595945238095	10.268239904499998
sub-10908	theta_stranger	2.786494964250341	2.0585408505	0.0203417026285	9.292816976849998
sub-10908	gamma0	2.4201925105999	2.3826562865	1.3769449202	3.6780053818000003
sub-10918	alpha	0.023587017259911087	0.02135622864	0.003868524606025	0.0537905520195
sub-10918	kappa	4.52043091119825	4.118021886	2.107799969175	9.055577931374998
sub-10918	theta	0.491587016297775	0.4916935516	0.37694439136249996	0.6054735981499999
sub-10918	theta_stranger	0.16408052568115267	0.1671453382	0.0009840880137875	0.37157088970999996
sub-10918	gamma0	1.998027346416935	1.9775361029999998	0.8623432953375001	3.2528632981999994
sub-10919	alpha	0.07969791653694136	0.06552125812500001	0.008892737921799999	0.22912391100749996
sub-10919	kappa	0.3826300657193275	0.34889602649999996	0.11203797922750001	0.8356115534024998
sub-10919	theta	5.22732925372	5.09614894	2.5221475356250003	8.739665681349997
sub-10919	theta_stranger	2.344172340831561	1.9765038604999998	0.6598402441075001	6.061783887424999
sub-10919	gamma0	2.3201953759814753	2.2810772765	1.149033081875	3.666246165425
sub-10924	alpha	0.07506565287664944	0.05710875184	0.008019862086875	0.24177922092749987
sub-10924	kappa	0.22215787419750502	0.20892615215	0.09659788071625	0.4256912700649996
sub-10924	theta	6.9461729620552495	6.843431232	3.393928194375	11.03742994025
sub-10924	theta_stranger	7.3593676875895	7.1653081815	3.296102415875	12.512217466249995
sub-10924	gamma0	3.4473341798512247	3.3929118345	1.89410325685	5.343411327
sub-10926	alpha	0.03206694912305226	0.024272776635	0.0034807341102250007	0.10188579212249996
sub-10926	kappa	1.7558250283871966	1.6798465165	0.47326875258000006	3.403275184399998
sub-10926	theta	0.7702630683720899	0.6798677150500001	0.3768353178925	1.7309684471749975
sub-10926	theta_stranger	0.04105935102905921	0.015616567235	0.00025582346517250004	0.2098867438949997
sub-10926	gamma0	0.5085307535072513	0.50233958135	-0.8341500176799999	1.9033407867999992
sub-10928	alpha	0.03603648989964951	0.024909855755	0.002042935828125	0.13365231574249997
sub-10928	kappa	9.528168759626475	8.1015031405	2.687043378675	25.084981878999994
sub-10928	theta	0.490317947622875	0.4880734566	0.39049707235250003	0.61150227021
sub-10928	theta_stranger	0.03486907743965662	0.01416747166	0.0002868462184725	0.19430363036749998
sub-10928	gamma0	1.9122878747447456	1.888015634	0.012240142937500028	4.082748142549999
sub-10929	alpha	0.11049964810811788	0.081992997035	0.009691518904775001	0.3707871582724999
sub-10929	kappa	0.4363497778905015	0.38077545305000005	0.046509007196000006	1.1263228397749998
sub-10929	theta	2.0055124441573295	1.5849321134999999	0.31659462045	5.893024155649996
sub-10929	theta_stranger	0.3013153751684983	0.07693240231000001	0.0010890013790750002	2.299335924949999
sub-10929	gamma0	1.6417361984884022	1.6062865474999999	0.491660602	2.9414440541249998
sub-10930	alpha	0.07394397041484385	0.061098210895000005	0.008677447091	0.20637899143249996
sub-10930	kappa	0.5297803715795762	0.49317706735	0.16544642937	1.1077192765749997
sub-10930	theta	3.1596579832684872	2.9321985405	1.3096674288	6.128299186849999
sub-10930	theta_stranger	0.5347882680684277	0.43892933655	0.0211777007445	1.720317712725
sub-10930	gamma0	1.3698696926228742	1.35150875	0.44048536343500005	2.409663342775
sub-10938	alpha	0.13121995265887437	0.11296806884999999	0.016820504564000003	0.34473555675499995
sub-10938	kappa	0.316340794492055	0.28226460249999996	0.09240287028725	0.7138742881999993
sub-10938	theta	4.856079770921625	4.6674399275	2.0802331036	8.67023187545
sub-10938	theta_stranger	2.133028138093243	1.7831569385	0.4342798706325	5.766165896749999
sub-10938	gamma0	1.2088808915331914	1.1978336145	0.30283585497750004	2.176895333075
sub-10940	alpha	0.23135275157951435	0.18548455635	0.019856039408250006	0.6629666712574999
sub-10940	kappa	0.08648805236236663	0.05839598746	0.009418451943075	0.3133433824099999
sub-10940	theta	4.183139350487286	3.8184724279999998	0.372479082745	10.157237849749995
sub-10940	theta_stranger	2.148821792605744	1.09304953	0.00385313856475	8.742007307725
sub-10940	gamma0	1.1635419013771768	1.1534214505	0.41790078198249997	1.9806293292249997
sub-10950	alpha	0.18535778699436364	0.13211522685	0.016269662519249998	0.6266931785699998
sub-10950	kappa	0.1379954310928759	0.10214687694999999	0.0174751087405	0.45712727610999987
sub-10950	theta	4.2114035739014035	3.847398578	0.794562072255	9.60625369465
sub-10950	theta_stranger	2.048073871304375	1.238971771	0.013895280171000002	7.836847512324998
sub-10950	gamma0	1.8306286500664877	1.8139430535	0.935766329025	2.876885202775
sub-10952	alpha	0.08685891931212388	0.068938601615	0.00933335140805	0.2662864617275
sub-10952	kappa	0.2953292933332009	0.25461326585	0.054405661333000004	0.7855093584124997
sub-10952	theta	4.947209722291438	4.7196694515	1.9952706724500002	9.047660654349995
sub-10952	theta_stranger	2.251202704067242	1.6912670415	0.11090728636000001	7.405908578524996
sub-10952	gamma0	2.7830564425174673	2.756390926	1.27570980445	4.558523884024999
sub-10953	alpha	0.03036578601069328	0.024480541745	0.00350116374275	0.08940710587474997
sub-10953	kappa	3.6648345958255	3.5060248434999997	1.91784628435	6.212074138199996
sub-10953	theta	1.2549346511967752	1.1764398420000002	0.7383590276099999	2.213029465175
sub-10953	theta_stranger	0.02692409043094887	0.013728405805	0.0003382422334525	0.12844508637249996
sub-10953	gamma0	-0.09029032887443654	-0.09153821627	-1.68010093285	1.4514785818749993
sub-10954	alpha	0.1832163728168143	0.1060817498	0.009512992623575002	0.7022003625149996
sub-10954	kappa	0.3651933253434547	0.32647163195	0.01271884704825	1.0200251482249985
sub-10954	theta	1.4048309543934803	0.3859642506	0.024523770666750003	8.64445471404999
sub-10954	theta_stranger	0.6891154701373892	0.02849156041	6.17369048115e-05	6.681452631624994
sub-10954	gamma0	0.46195823562921284	0.45340158965	-0.4584175409675	1.4586616399249999
sub-10956	alpha	0.012838295813906738	0.010427187505000001	0.0018145001897	0.03720283001549998
sub-10956	kappa	2.675840056723013	2.576058389	1.362524396875	4.516029887174999
sub-10956	theta	2.263548658815725	2.103010088	1.00753176745	4.40690715155
sub-10956	theta_stranger	0.2551707854136863	0.2651352629	0.045342970287250005	0.41214460369249994
sub-10956	gamma0	2.2100411218405087	2.1967905744999996	1.048327462175	3.477479445149999
sub-10958	alpha	0.020827161292579485	0.01680215198	0.0029769865035000004	0.06229429164749997
sub-10958	kappa	1.220858350456535	1.2056805255	0.5260439708675	2.0080484443249995
sub-10958	theta	0.5843146266710063	0.55969794025	0.27938973114	1.0262027264499984
sub-10958	theta_stranger	0.025748684719211316	0.010777579544999999	0.00020571180492750003	0.1395251288675
sub-10958	gamma0	0.7466184559341975	0.7391369768	-0.155121185905	1.6488655286999998
sub-10961	alpha	0.003284274901453959	0.0027199984620000003	0.0004901596976250001	0.009165867682624996
sub-10961	kappa	16.185294227282125	14.484940305	7.3081294075250005	35.12770983124998
sub-10961	theta	0.47179565088466247	0.47370023445	0.42950601502	0.50407314382
sub-10961	theta_stranger	0.042250221425244955	0.02256830318	0.0006088526718475001	0.18775061005499993
sub-10961	gamma0	3.6535173905053124	3.6165201104999998	1.88951252	5.610397529699999
sub-10964	alpha	0.06300905112595988	0.048872526835	0.0078508844739	0.20374255576999986
sub-10964	kappa	0.8610055741350143	0.84048104785	0.165577290775	1.6849172803999994
sub-10964	theta	0.7344183403872746	0.60494052125	0.1743993447625	2.085490580549998
sub-10964	theta_stranger	0.12217297727518349	0.041259771875	0.00041428943785000005	0.4931036643574999
sub-10964	gamma0	1.197483810788242	1.1884449035	0.304895246595	2.139055462525
sub-10966	alpha	0.010629654298875562	0.0085543522265	0.0012652501525000001	0.031515689337749994
sub-10966	kappa	6.022638616316249	5.445302164999999	3.0003499750750002	12.367648740749999
sub-10966	theta	0.4583286602268	0.46032179014999997	0.3796080011875	0.5293513495824999
sub-10966	theta_stranger	0.09241616918261661	0.051268158354999996	0.0005598494744600001	0.32575471542499973
sub-10966	gamma0	2.1163540455922623	2.090831722	0.875144208285	3.5151330995249994
sub-10969	alpha	0.05707204998527085	0.035450288735	0.0049752752787	0.25351063052749984
sub-10969	kappa	0.5089474675864382	0.5005992854000001	0.04062125586325	1.03922034985
sub-10969	theta	0.5479857049179975	0.30471481715	0.02333309893625	3.3713741014499843
sub-10969	theta_stranger	0.08960504031965093	0.008367048749499999	7.283498112100004e-05	0.5569420944024996
sub-10969	gamma0	1.04889278311747	1.0456743995000002	0.19041117203750005	1.9414539750499997
sub-10974	alpha	0.133153332678679	0.090996050125	0.00878953330425	0.5027852040074995
sub-10974	kappa	0.245815221254082	0.1849063419	0.02078977317275	0.8048414879899995
sub-10974	theta	3.223517708978546	2.557428301	0.31950529380500003	9.057655569449997
sub-10974	theta_stranger	1.4610563898447795	0.54499489705	0.004386099501250001	7.612210186024995
sub-10974	gamma0	2.202648400498004	2.1716006635	0.8327613485725	3.789095635575
sub-10977	alpha	0.027596431136458287	0.021291878105000002	0.0028015901298	0.08775673467124992
sub-10977	kappa	2.1070027262921247	2.0308050360000003	0.860574798235	3.758143974399999
sub-10977	theta	0.743361750440175	0.695284522	0.422184736765	1.3297415209249999
sub-10977	theta_stranger	0.034609755070496705	0.017010725495	0.0004354613285725002	0.16666039742999994
sub-10977	gamma0	1.728975231895751	1.7132837525	0.3337816919025	3.21667834785
sub-10979	alpha	0.1499100778731036	0.13214739895	0.0249597846175	0.37944501286999993
sub-10979	kappa	0.10457062053591765	0.09183202296000001	0.0298771043965	0.2586265741824994
sub-10979	theta	5.994757511947962	5.8910542889999995	2.068753162375	10.657295450999994
sub-10979	theta_stranger	5.621945932180043	5.393830158	1.7759881370750001	10.675548557
sub-10979	gamma0	0.9605353868325098	0.9471644097	0.16651545357250003	1.8105103744249995
sub-10983	alpha	0.01677119778776457	0.013544614265000001	0.001774858677425	0.04808715526324996
sub-10983	kappa	3.378739450582375	3.2938228890000003	2.0412254278	5.2418304976749965
sub-10983	theta	0.29207499599531295	0.29960296115	0.11751955207999999	0.42879460205
sub-10983	theta_stranger	0.0612848341375349	0.035994441305	0.0004709878922825	0.22827926899249998
sub-10983	gamma0	3.57319161919825	3.5518634575	2.312322001025	4.963505565725
sub-10984	alpha	0.022831075733129574	0.019574679475000002	0.00373576187615	0.060574046820499966
sub-10984	kappa	1.1802847545083628	1.1533745135000002	0.5024419458625	2.0062889559999992
sub-10984	theta	1.6431254791785874	1.5205683975	0.8590965850825	3.1313258223249996
sub-10984	theta_stranger	0.11359852582359599	0.084090457735	0.0022872043715	0.37207719156999997
sub-10984	gamma0	1.4765549366266533	1.4620216505	0.5059572512175	2.510738865249999
sub-10998	alpha	0.10295248437177588	0.09135332298	0.012174026387750001	0.2642950404774999
sub-10998	kappa	0.8705627145828201	0.86262116385	0.2707510178775	1.5422140097999992
sub-10998	theta	0.6342857840703202	0.57472493335	0.13390113516750005	1.5116805135499995
sub-10998	theta_stranger	0.05427395083267831	0.022201808599999998	0.00033074305499	0.2652868179199999
sub-10998	gamma0	1.484931080320865	1.470958639	0.577648349905	2.4245571962749994
sub-11005	alpha	0.19153084731744513	0.1344446969	0.019428881783	0.6690584810174999
sub-11005	kappa	0.08723392983885614	0.053947049925000004	0.00692472594935	0.34482726555499993
sub-11005	theta	3.9150961099824415	3.4023028870000003	0.18491549976000002	10.236587069999999
sub-11005	theta_stranger	2.2942757732150296	1.364922065	0.0015837735297000004	8.821241157474999
sub-11005	gamma0	0.4175360523844128	0.41249506864999996	-0.2653475750325	1.1454463473499996
sub-11007	alpha	0.20870369637567138	0.2083193423	0.051548823652	0.368231084795
sub-11007	kappa	0.5566529560161213	0.5377244169	0.2249683787825	1.0015217138749997
sub-11007	theta	4.310461784515624	4.200785973	2.215152307775	7.0429630430999985
sub-11007	theta_stranger	0.3861639595871247	0.3200522233	0.019415249779000002	1.1657350970999998
sub-11007	gamma0	0.8500948562318563	0.84456419515	0.01848772376425	1.729941470149999
sub-11012	alpha	0.11912170886861187	0.1108405945	0.015335528826	0.2779882413649998
sub-11012	kappa	0.9206233344121	0.8701761379499999	0.36235043632	1.7557515202249998
sub-11012	theta	4.905461000226438	4.7576996105	2.21497568355	8.4217649296
sub-11012	theta_stranger	2.988215278525875	2.7112206834999997	1.2157411888	6.38664274835
sub-11012	gamma0	0.7880549659071615	0.779958774	-0.3560066810725	1.9842805178999996
sub-11016	alpha	0.015527937112126324	0.01228841011	0.001984576525	0.04812237361424998
sub-11016	kappa	2.8421718955582	2.7100170695	1.119114684425	5.457540459049998
sub-11016	theta	0.747366699568575	0.7115133551	0.53621219569	1.1738291700249999
sub-11016	theta_stranger	0.27403013863236203	0.30469191934999995	0.00804272106265	0.4442996790425
sub-11016	gamma0	1.7292704402071142	1.7130096355	0.6290243672075	2.91719296625
sub-11021	alpha	0.18130225975784298	0.18043594335000002	0.05407465392075	0.3144774491475
sub-11021	kappa	0.9058902521926651	0.85678118865	0.30323076719	1.793239836425
sub-11021	theta	4.926569682783375	4.8091219805000005	2.5076390052749997	8.029657877975
sub-11021	theta_stranger	1.9763229286997501	1.7643155805	0.9484094809325	4.287897703474999
sub-11021	gamma0	0.12450906070654828	0.12111809195	-0.84539548512	1.1084082010249998
sub-11030	alpha	0.032170674368620436	0.026891011200000002	0.00365509070085	0.0902362339739999
sub-11030	kappa	1.3196598718905375	1.3046244505	0.6778846830049999	2.060896037924999
sub-11030	theta	0.36495104615840157	0.36408843735	0.07065442272650001	0.6747489187349998
sub-11030	theta_stranger	0.029633005754065214	0.01398391727	0.0002454701531325001	0.14487440953749983
sub-11030	gamma0	2.7511555272928128	2.727373219	1.6782299999249999	3.949389721525
sub-11031	alpha	0.0160494728125142	0.012698149490000001	0.002116553830625	0.049213211139749996
sub-11031	kappa	1.6080753328798374	1.5944550545	0.9102082555325	2.41740668265
sub-11031	theta	0.3074145617383482	0.31023427615	0.06282448829800001	0.5461110526424998
sub-11031	theta_stranger	0.01602761052363845	0.007849338008	0.00018484748574500002	0.0809026632705
sub-11031	gamma0	2.5961926028484	2.5721937395000003	1.588304543675	3.7298079019749997
sub-11036	alpha	0.15274007247252525	0.1281209683	0.01985079746875	0.4274826555599999
sub-11036	kappa	0.1483543693740205	0.1366153436	0.041597183822	0.31900486320249977
sub-11036	theta	5.380849208416675	5.2088991205	2.4517168816500003	9.165309056074998
sub-11036	theta_stranger	1.6397797648629462	1.2509716815	0.045585733164000004	5.567573747974999
sub-11036	gamma0	0.16431828840248694	0.16926593805	-0.5829574371574999	0.9042006988149996
sub-11039	alpha	0.06507586483805722	0.049925126655	0.006299103309575001	0.20830145263999997
sub-11039	kappa	0.7681677126534263	0.7492075319	0.26129887907	1.3940720072999995
sub-11039	theta	1.134767569056375	1.0062430885	0.4968387704525	2.5277123223999993
sub-11039	theta_stranger	0.05767502635996523	0.02718295075	0.0005951716017350001	0.28315934265999976
sub-11039	gamma0	0.9445513648795805	0.93008798175	0.05601040952725002	1.9086260081749997
sub-11042	alpha	0.3045513707102011	0.30476212565	0.081705675814	0.5025513869324999
sub-11042	kappa	0.8999296019496376	0.87154357695	0.4352255043225	1.5244616342749993
sub-11042	theta	0.3509417909340865	0.32144514545	0.040628067390500004	0.8415218199474985
sub-11042	theta_stranger	0.20953917913569672	0.09384309088000001	0.0001228512980675	0.8240231865274997
sub-11042	gamma0	1.5748131679645132	1.5575023030000001	0.62483078182	2.6192742314499995
sub-11053	alpha	0.021895774010889327	0.016932501519999997	0.0027312471858	0.06956318053474984
sub-11053	kappa	1.726932644523	1.6916040645	0.7989742383425	2.8697929040749997
sub-11053	theta	2.798058839729287	2.6475442695	1.231837080725	5.202125645174998
sub-11053	theta_stranger	0.5305110657736812	0.5177092967	0.2670318997575	0.8751696398999999
sub-11053	gamma0	2.6566974641513226	2.6351658225	1.3672192786750001	4.054569733899999
sub-11058	alpha	0.08626427771603387	0.06753988744	0.011122726024249999	0.26720238415999975
sub-11058	kappa	0.1944156070624445	0.17508630014999998	0.03773434138175	0.4692683265574999
sub-11058	theta	4.178713941428712	3.9676317225	1.6121418167250001	7.9574558849499955
sub-11058	theta_stranger	0.9472755927685969	0.55023473265	0.012468830610250002	4.322370685375
sub-11058	gamma0	1.0037941440602205	0.9902144181	0.21897244297250001	1.8580666848249998
sub-11060	alpha	0.18069107870316453	0.15662533350000002	0.009819455573975	0.4840871051299998
sub-11060	kappa	0.5667504371053476	0.5129955008	0.16204093563	1.30776527735
sub-11060	theta	2.9804347238794624	2.7285663280000003	1.108218238025	6.241459065624999
sub-11060	theta_stranger	0.6449667026173906	0.5023834543	0.01605291035425	2.1643446520749965
sub-11060	gamma0	0.8098333184013666	0.7938605758499999	-0.1194434599325	1.8203070445249996
sub-11063	alpha	0.09668330903882708	0.053789647100000004	0.007352152145125	0.4858001926874997
sub-11063	kappa	0.4764282935238814	0.4426325278	0.055523024633000004	1.1131754901249997
sub-11063	theta	1.612451604019135	1.1098387645	0.38248653250000003	5.616335945099997
sub-11063	theta_stranger	0.1710504418763682	0.045129563185	0.0007066944631575001	1.208920917475
sub-11063	gamma0	0.5006292397369908	0.48763457585000003	-0.344933581795	1.4327634355999999
sub-11064	alpha	0.18524387425468164	0.15238188915	0.0169874440465	0.5046991970449999
sub-11064	kappa	0.2530937504419775	0.22767622264999998	0.07301737272549999	0.57366882163
sub-11064	theta	3.4868114657016	3.2621579765	1.2486775611749998	6.9133122487
sub-11064	theta_stranger	0.2898836198969524	0.1259586294	0.0026528495129500003	1.544815277299999
sub-11064	gamma0	-0.19592924722118	-0.20020204925	-0.9464171275575001	0.5635756043824994
sub-11065	alpha	0.06971164031492433	0.049990857400000005	0.0070362665915	0.2517519776574992
sub-11065	kappa	0.4104044926614839	0.3647182844	0.0569690697165	0.9897632593775
sub-11065	theta	2.1166580675558926	1.7198225489999999	0.5881323379425	5.961374157399999
sub-11065	theta_stranger	0.34456833369899664	0.13810836695	0.0027196415833500003	2.124969969049995
sub-11065	gamma0	1.6257807364658174	1.6029754415	0.70814945387	2.662763333475
sub-11066	alpha	0.031561583145102656	0.02284606123	0.00318232741735	0.10771284427749989
sub-11066	kappa	1.1303778142850627	1.0991245465000001	0.46412492305499997	1.9816145021749998
sub-11066	theta	2.873576473098975	2.7409550664999998	1.305413974825	5.233061487274998
sub-11066	theta_stranger	0.2973467920872167	0.28546012735000004	0.023702794829500003	0.6873176277724997
sub-11066	gamma0	3.447320613319075	3.403501181	2.07931905395	5.03585185515
sub-11068	alpha	0.08894180740905214	0.07039541932	0.007625295532950001	0.277965819085
sub-11068	kappa	0.7196447326220026	0.7106427176000001	0.1978129448125	1.28014068075
sub-11068	theta	0.23235078871437445	0.16591556555	0.011400530289500001	0.7569788397499987
sub-11068	theta_stranger	0.02245649097146737	0.0027465762175	1.8563905469500006e-05	0.1277191467924997
sub-11068	gamma0	0.22711523415483229	0.22954070705000001	-0.6469669934725	1.0863895140749993
sub-11071	alpha	0.17629024960785603	0.15544277205	0.02094014992125	0.4463577361649998
sub-11071	kappa	0.14753622158515126	0.1371351481	0.060024087191000004	0.2943064318175
sub-11071	theta	6.874366655190375	6.786896626000001	3.321916566425	11.022157328499999
sub-11071	theta_stranger	5.956153410145325	5.72676667	2.3621089894500003	10.726030261749997
sub-11071	gamma0	1.1430500940326178	1.128997306	0.26359714695	2.1114114820499994
sub-11072	alpha	0.08838361609230626	0.08636795092999999	0.04057685478925	0.14778869378749995
sub-11072	kappa	5.3543135823955	5.007596429	2.465799686025	10.1631414755
sub-11072	theta	2.9118766427234624	2.7634167185000003	1.4187025043000001	5.167144425125
sub-11072	theta_stranger	0.33982886552402247	0.33876718985	0.1944063314025	0.4891895699374998
sub-11072	gamma0	0.6569227509044718	0.64073553825	-0.8310998850399999	2.27967475645
sub-11074	alpha	0.1784564345866325	0.1638876534	0.05699658440625	0.38911617758749983
sub-11074	kappa	0.24869586950123823	0.20208089335	0.03370139414375	0.7053983109249998
sub-11074	theta	3.1538052631396014	2.5886530939999997	0.6422152679950001	8.252350952525
sub-11074	theta_stranger	1.3493959684841612	0.7800408294	0.005586268140975001	5.9238120987499965
sub-11074	gamma0	0.7127823463698166	0.6986978013	-0.04363075334199999	1.57464277875
sub-11075	alpha	0.03549933820622357	0.024587536129999997	0.003858687784225	0.12725092407999994
sub-11075	kappa	0.8151316669937244	0.80398390585	0.2167973641825	1.442071695999999
sub-11075	theta	0.28299057805169114	0.23183566465	0.018467486780500003	0.7856493652824997
sub-11075	theta_stranger	0.030490102851461195	0.004450786725	3.4685746642500015e-05	0.1999910187099995
sub-11075	gamma0	0.43108549658829426	0.43415964605	-0.4279774623725	1.2967611622249993
sub-11076	alpha	0.13605047017310187	0.1028780123	0.01133600719075	0.431609334435
sub-11076	kappa	0.29748756784267116	0.25084988555	0.04862714215575	0.7976866898449999
sub-11076	theta	4.026488111509946	3.7524220425	1.19950093715	8.339593378874996
sub-11076	theta_stranger	1.2890512998507255	0.7532898419	0.014099743471500002	5.474210658299991
sub-11076	gamma0	1.4077537982544759	1.3868644625000002	0.25428754974500006	2.724474857599999
sub-11078	alpha	0.019074048085234125	0.012357375985	0.00125612397615	0.07602936064024993
sub-11078	kappa	13.488304546322624	11.122130290000001	4.2900379932	37.70830538449999
sub-11078	theta	1.4122364090129127	1.2212220679999999	0.6409698791075	3.1544149379
sub-11078	theta_stranger	0.0640437060175302	0.03517156294	0.0006711223663650001	0.268952448135
sub-11078	gamma0	1.5305550409815414	1.5079224844999999	-0.8510521327999999	4.060817353249999
sub-11083	alpha	0.132421173326173	0.1019097189	0.01554187906675	0.41605260155999935
sub-11083	kappa	0.1997757046960436	0.17819993525	0.04455243583825	0.48102180336749967
sub-11083	theta	3.877447899169775	3.6654181064999998	1.292325222925	7.711018140499999
sub-11083	theta_stranger	0.6728864478624564	0.32809097435	0.005505833033775	3.329224022749993
sub-11083	gamma0	0.07400863476145761	0.07651418625	-0.6875233423649999	0.833767301055
sub-11084	alpha	0.12313358006574225	0.11405541250000001	0.018487225814750003	0.2812862796275
sub-11084	kappa	0.42145402212746125	0.39028079145	0.16204868356750002	0.8542746838849999
sub-11084	theta	6.3260488172167495	6.2061641865	3.20292506145	10.0536871855
sub-11084	theta_stranger	4.521057478902312	4.190800937	1.66937462755	9.030356123749998
sub-11084	gamma0	1.0976144189573835	1.0797582195	0.147806132	2.118936002175
sub-11085	alpha	0.33012314606643317	0.32387927905	0.08998157940775	0.6135825775125
sub-11085	kappa	0.24467167850099247	0.19617084005000002	0.05647452691825	0.7101699671724998
sub-11085	theta	4.387878972692025	4.132593363	1.1231791096250001	9.173890092374997
sub-11085	theta_stranger	2.65167213979633	2.1802270989999997	0.2940399452825	7.334836249349998
sub-11085	gamma0	0.22446135932791697	0.21620620185	-0.5401450019924999	1.0325361685999996
sub-11090	alpha	0.017117019290072703	0.01319042575	0.00170662086865	0.05562788960749991
sub-11090	kappa	3.629417250746363	3.475120517	1.639423977825	6.3947159480749995
sub-11090	theta	0.7251861901181126	0.6955418303500001	0.5418673532	1.0964374371999999
sub-11090	theta_stranger	0.34155652967950834	0.35472123165	0.12116640323000002	0.47620149316749993
sub-11090	gamma0	3.3998055191105876	3.355627754	1.9377832858	5.076089656599999
sub-11113	alpha	0.02006064672812874	0.016095917105000003	0.0029684562865750002	0.05835618398299995
sub-11113	kappa	2.1956118003106004	2.1350974865	1.1200321929000001	3.6247849903999994
sub-11113	theta	1.3536285982836624	1.264547137	0.8010790766325	2.3923893307249995
sub-11113	theta_stranger	0.03163686707153021	0.014732861095	0.0003264702498225001	0.1603662501074996
sub-11113	gamma0	-0.5751310518856477	-0.5629947396	-1.848687971775	0.6321652841349993
sub-11116	alpha	0.04298468998750508	0.03685402029	0.005463769729825	0.11179380900999998
sub-11116	kappa	3.4564664317329	3.3179155755	1.733144862825	5.977599666875
sub-11116	theta	2.1345787131021874	1.974491772	0.9693830262725001	4.144651135325
sub-11116	theta_stranger	0.06713238550224097	0.039692772615	0.0007011632684300001	0.2626335088499999
sub-11116	gamma0	-0.4010687492302285	-0.3862723723	-2.007220801475	1.1531081179499991
sub-11120	alpha	0.10657969983713213	0.07897189595500001	0.0093356172782	0.35539702969749987
sub-11120	kappa	0.16727425483710387	0.15164801644999998	0.0565399025075	0.36777148843499996
sub-11120	theta	6.3366356059974995	6.164340880999999	3.0132456497	10.531245107749998
sub-11120	theta_stranger	4.633706249703131	4.2512751810000005	1.245436181475	9.874643694099998
sub-11120	gamma0	3.1969570031654126	3.1510095975	1.788662900075	4.918434614724998
sub-11125	alpha	0.06722152403929077	0.033516074585	0.004781603645300001	0.38814482733249994
sub-11125	kappa	0.3329715674532025	0.29334147675	0.0103887632365	0.9020405024399999
sub-11125	theta	1.0514914285858286	0.375284795	0.02248459814125	6.723735921374991
sub-11125	theta_stranger	0.2973039457934861	0.011609487895	4.9659644132750014e-05	3.5863392190749988
sub-11125	gamma0	0.5297933275631463	0.51495316525	-0.3193368195224999	1.474415771999999
sub-11126	alpha	0.27203669357001636	0.25696667414999996	0.046882012033000006	0.5850245331999998
sub-11126	kappa	0.236918001663416	0.17466337469999998	0.0510966736625	0.8382532196224995
sub-11126	theta	5.187790587641725	5.079913312	1.3580110549500002	9.893156414449999
sub-11126	theta_stranger	2.8443741685729593	2.4236435215	0.45062459483	7.410888417
sub-11126	gamma0	-0.5330372315647163	-0.5228265284	-1.380680598725	0.3034265572324992
sub-11128	alpha	0.17546719060178761	0.15261040455	0.019959379138250005	0.4513343243699999
sub-11128	kappa	0.18472845296986	0.16809953049999998	0.0704854097735	0.3873679909624999
sub-11128	theta	6.783250655537749	6.643471141	3.3824026724	10.856211736999999
sub-11128	theta_stranger	5.438488109334087	5.158215986	1.820259817	10.69845685825
sub-11128	gamma0	2.5506897274642	2.5081602955	1.305830325475	4.08225331965
sub-11134	alpha	0.03607411800604454	0.026481376575	0.004276040884	0.11846610881499992
sub-11134	kappa	0.8358349548643208	0.83058311195	0.27088651907750005	1.4209783000749996
sub-11134	theta	0.20965666321537077	0.1608782321	0.01100235112625	0.5990646981849995
sub-11134	theta_stranger	0.020055501931657775	0.0029741893745	1.8607617022500005e-05	0.14110568134249998
sub-11134	gamma0	0.5546930363440717	0.5571734265499999	-0.3268819569725	1.412494525725
sub-11139	alpha	0.013721716343326014	0.011523641315	0.002046179699675	0.03748354163125
sub-11139	kappa	3.551587809480625	3.446633148	1.95351340745	5.805370225049999
sub-11139	theta	0.5823467803002249	0.5735568057	0.4660229196775	0.7539820308724999
sub-11139	theta_stranger	0.030642606285802912	0.013094650820000001	0.0002421334139275	0.15938931261249992
sub-11139	gamma0	0.9368704039348903	0.91931819635	-0.18016125238999994	2.111431465725
sub-11164	alpha	0.16035455690888975	0.1154689187	0.011895928889500001	0.5395086566575
sub-11164	kappa	0.2160977603393755	0.16255872295	0.023454008685250004	0.7141634789075
sub-11164	theta	3.6573958487595966	3.2457652625	0.61450980579	8.854247732524998
sub-11164	theta_stranger	1.3009283922908776	0.52637576445	0.003414819452775	6.305841876574999
sub-11164	gamma0	0.3328856163693189	0.32966046309999997	-0.6914685402825	1.3771638579749998
sub-11167	alpha	0.09633805528339429	0.066254952295	0.006622727477125	0.36263570815249996
sub-11167	kappa	0.27385004601277	0.2354249314	0.023669424021250003	0.7484218382925
sub-11167	theta	2.471833404060347	1.334697757	0.23677361668250002	8.970742495975
sub-11167	theta_stranger	4.198941025353048	3.7057050515	1.345675492825	9.77010258515
sub-11167	gamma0	1.9280696118065748	1.8961671815	0.90229285997	3.08567311805
sub-11168	alpha	0.034955050097120834	0.026664854745	0.004086902457675	0.11062357778
sub-11168	kappa	1.0728439688312275	1.0625455995	0.44274206599250004	1.7689161158999993
sub-11168	theta	0.6517785550673961	0.6140470833	0.25768179084250004	1.2764183949249999
sub-11168	theta_stranger	0.0376868556283452	0.018310279945	0.0004088629922175001	0.18045814809999997
sub-11168	gamma0	1.840645923148905	1.8252880409999999	0.8605708573699999	2.87544630395
sub-11171	alpha	0.02145688412704566	0.017167990105	0.0028733210635499998	0.06450709510949995
sub-11171	kappa	3.8290436227172004	3.6197808315	1.342135478575	7.509430427824998
sub-11171	theta	0.7655174752436625	0.7187906737	0.5606332342625	1.2491118950499998
sub-11171	theta_stranger	0.3784570215719549	0.39671550865	0.11603073991500004	0.5023644869
sub-11171	gamma0	1.2749109233286104	1.2606308495	0.17877528026000003	2.467367869399999
sub-11177	alpha	0.019736328068223463	0.01655067417	0.0027649266872500004	0.054483491589249984
sub-11177	kappa	4.72308859108435	4.1921855185000005	1.530001290375	10.859269827499988
sub-11177	theta	0.66578728589905	0.63060326145	0.520364221855	1.0220443770999998
sub-11177	theta_stranger	0.4663637530430549	0.47161032184999996	0.3349088035575	0.5683369484674998
sub-11177	gamma0	0.9266050779145952	0.9141195935499999	-0.1640847086075	2.0829841222999996
sub-11192	alpha	0.06220485241249138	0.059198765165	0.010452022330000001	0.13328623594
sub-11192	kappa	1.3077981993034125	1.285553089	0.6305960911899999	2.156915237575
sub-11192	theta	0.9577036434474374	0.9104639981	0.5596652604050001	1.6112406036249987
sub-11192	theta_stranger	0.07392312993147325	0.04696239313	0.0011082413700750002	0.27665560655749993
sub-11192	gamma0	2.0221121213830497	2.0076683875	1.002905285775	3.0996506933999997
sub-11193	alpha	0.11116273272197824	0.06781916847	0.010070145966	0.5107885790174997
sub-11193	kappa	0.160335958895616	0.1393360799	0.0296419698675	0.4197339262949999
sub-11193	theta	4.450925482216262	4.183896701	1.5600978867750002	8.834268183725
sub-11193	theta_stranger	1.4048758514579849	0.8775894424499999	0.017080380781000007	5.818438276499999
sub-11193	gamma0	0.6659950044085078	0.65998487855	-0.09085330367675	1.4734860564249996
sub-11201	alpha	0.07606509018699491	0.033483433585	0.003089418657725	0.4362250245799999
sub-11201	kappa	0.8722249250566088	0.6645950677	0.020861132894000007	2.9026933080749995
sub-11201	theta	1.3560935312715174	0.4628888828	0.025338066974750002	7.6186671336499945
sub-11201	theta_stranger	0.5972701715362896	0.04129565879	0.00011670672049500002	5.480632760349998
sub-11201	gamma0	1.6769380898179538	1.664384378	-0.7730174572799999	4.2038590244
sub-11203	alpha	0.23874770509680387	0.1956616899	0.025932815958750004	0.6677343128224996
sub-11203	kappa	0.08146735000391903	0.056815853505	0.009073101343275	0.29555370702499983
sub-11203	theta	4.2793627386854896	3.9693103685	0.5091425594275	9.762129728675001
sub-11203	theta_stranger	1.6874699462101326	0.8042674114	0.0026612693312000005	7.336542471699999
sub-11203	gamma0	-0.2260066020255096	-0.22554386195	-0.8892707733025	0.4455762091774999
sub-11209	alpha	0.0490845155630394	0.039286978335	0.0062934111548500005	0.14967921304249962
sub-11209	kappa	0.6406531801263388	0.5999082086	0.1619760972225	1.3540080693499998
sub-11209	theta	2.0957262918970128	1.827939843	0.8447393377200001	4.898775413125
sub-11209	theta_stranger	0.2336439725579772	0.14873389325	0.0023902927033250003	0.9321888627674991
sub-11209	gamma0	0.48255959904646883	0.47152221665000005	-0.41426223742499996	1.4363262577249993
sub-11227	alpha	0.011991042559611049	0.009699898535	0.0017190310846499999	0.03579254324824998
sub-11227	kappa	4.1604164610742504	3.674472077	1.950778103125	9.541816219749997
sub-11227	theta	0.35385989721833416	0.3627133737	0.1849051651375	0.46383044165
sub-11227	theta_stranger	0.08845625679800441	0.028724444315	0.00020567984005000003	0.36115846371249993
sub-11227	gamma0	1.3440127544008842	1.3242282840000001	0.2126947793925	2.5684227158999993
sub-11238	alpha	0.04943049522897587	0.040842534645	0.0074400989959000005	0.13886199780499986
sub-11238	kappa	0.584491835493635	0.5612721647500001	0.2058629493525	1.1047195768249993
sub-11238	theta	2.7325990846301624	2.5634469925000003	1.197673560825	5.2054005960749965
sub-11238	theta_stranger	0.16514808498052422	0.10792632134999999	0.0032754465071250004	0.6258114784549992
sub-11238	gamma0	1.2854290528335968	1.265858013	0.38605008621	2.2808124573999997
sub-11246	alpha	0.05714174816137438	0.051682832644999996	0.009782240618975	0.13891866828499996
sub-11246	kappa	0.9939934334691874	0.94220697415	0.36022943553000003	1.90715157265
sub-11246	theta	2.5012109028280625	2.3124158985000003	1.1580974621	4.9124678157499995
sub-11246	theta_stranger	0.41078544861500427	0.39994155104999995	0.029977530742500008	0.9210759655549995
sub-11246	gamma0	0.25533414435439356	0.24781369009999998	-0.69379810934	1.228230324725
sub-11276	alpha	0.23942765270460428	0.20395563919999998	0.028950050925250003	0.6508809257024996
sub-11276	kappa	0.06433935906749737	0.05034638492	0.01010195505475	0.19804209499249995
sub-11276	theta	5.154600313410783	5.015203012000001	0.93423320021	10.4376805875
sub-11276	theta_stranger	2.983139404636523	2.5269546079999996	0.0161157704655	8.836581646499999
sub-11276	gamma0	-0.046497962198359964	-0.04910279956	-0.73196827772	0.6506031992574998
sub-11286	alpha	0.015007158696217061	0.01222593179	0.002011650343425	0.04299889652149999
sub-11286	kappa	4.37688134088415	4.11465466	1.7497916124500004	8.56161803605
sub-11286	theta	0.5073952491299025	0.49920561555	0.36998552701250004	0.6957673223099999
sub-11286	theta_stranger	0.02755251176006314	0.0099983472565	0.00019388989362000003	0.15698411165999993
sub-11286	gamma0	0.9201097136810635	0.9057296190499999	-0.5913928945424999	2.5052667385999996
sub-11301	alpha	0.11387152299806544	0.09230518976	0.016612509472750003	0.35015194825999973
sub-11301	kappa	0.403008645574299	0.3440654675	0.043313643896250004	1.07982766645
sub-11301	theta	1.9668999964110225	1.4737216965	0.4745355273025	5.992864317449996
sub-11301	theta_stranger	0.2648112122838173	0.076017519535	0.001368214923475	1.970255755349992
sub-11301	gamma0	1.035721845635385	1.0163967345	0.19803555294	1.962343240825
sub-11311	alpha	0.031501605332559524	0.02578620758	0.0036009261100750007	0.08853745602699999
sub-11311	kappa	1.5788584642016374	1.5551589954999998	0.8203132779325	2.4958901021499993
sub-11311	theta	2.4276650468022627	2.2733532045000002	1.082831610575	4.633889080525
sub-11311	theta_stranger	0.16847705713186514	0.15954612350000003	0.00966652673615	0.3880181181449999
sub-11311	gamma0	2.881922777978175	2.8640218930000003	1.720537379	4.1714405523749996
sub-11312	alpha	0.028009633842143486	0.021933156635	0.00329189992255	0.0880721172535
sub-11312	kappa	1.1423281781793626	1.1252874739999998	0.5840320201375001	1.7857689829499992
sub-11312	theta	0.154838498838062	0.13638739535	0.0095155238782	0.40311452731999997
sub-11312	theta_stranger	0.012044398366196139	0.0025043848115	1.6508012633e-05	0.09142859705299997
sub-11312	gamma0	0.6795368997537601	0.6746414842999999	-0.2172964139375	1.587382334574999
sub-11316	alpha	0.18178270301743787	0.1581237744	0.0159234181345	0.46955281970999985
sub-11316	kappa	0.2546542023744763	0.22916171024999998	0.08567493804700001	0.5567460199549998
sub-11316	theta	6.02588499532	5.8810442925	2.89609428915	9.865212974799999
sub-11316	theta_stranger	3.20336488458	2.773691275	0.80379802638	7.831191239924998
sub-11316	gamma0	1.3669101284937788	1.3550534355	0.44016019746000007	2.373911503274999
sub-11318	alpha	0.04990725338863789	0.034335654335	0.004574509352075	0.19579975170999994
sub-11318	kappa	0.6987528334069183	0.68785527785	0.10935041544000002	1.3392167094249996
sub-11318	theta	0.6172071730667162	0.4909913989	0.0812730692325	2.1152581012999985
sub-11318	theta_stranger	0.06654631258063419	0.01504996544	0.00022621084777500007	0.2971621652874996
sub-11318	gamma0	1.1914753608747595	1.1836164355	0.3100771681400001	2.134790020324998
sub-11321	alpha	0.09155689477325074	0.070952157555	0.010717308843000001	0.27962713620999974
sub-11321	kappa	0.23698722516514875	0.22291767665	0.1055779250525	0.44622973701749996
sub-11321	theta	7.20852688332775	7.1125010895	3.863301430325	11.141911345
sub-11321	theta_stranger	7.248593056744999	7.054140090500001	3.323974347625	12.299217238999999
sub-11321	gamma0	2.762114890827687	2.7162610095	1.4055283383250001	4.401949691349999
sub-11325	alpha	0.011731841547809164	0.0090144662785	0.001265428434725	0.036477219596999996
sub-11325	kappa	8.890042218211088	8.013612167	3.2886723781250002	19.597129383749994
sub-11325	theta	1.8968282869697375	1.7082244224999998	0.7299603465825001	4.138677612424998
sub-11325	theta_stranger	0.4543558507493325	0.45891724614999996	0.361215433	0.524942525305
sub-11325	gamma0	2.309909226445371	2.276413268	0.863886512365	3.908264790324999
sub-11326	alpha	0.2180519167753471	0.15363882655	0.013994257866	0.717555755805
sub-11326	kappa	0.14561541722138663	0.09164135143499999	0.009300376157825	0.5348198948724998
sub-11326	theta	2.8580093151459356	1.9189474995	0.1118289963375	9.437351148749999
sub-11326	theta_stranger	1.0722307991839293	0.16375788260000002	0.00036377930879500004	6.877379371024997
sub-11326	gamma0	0.016538151025777825	0.0081288913075	-0.7070912302475	0.77429839905
sub-11329	alpha	0.03920075507647759	0.032738956459999996	0.0051145657461	0.10853898938499992
sub-11329	kappa	1.7969803191495375	1.730149967	0.7450895212475	3.217530979399999
sub-11329	theta	3.7302789806097625	3.5933456340000003	1.557872060725	6.756042626374996
sub-11329	theta_stranger	1.6675193032692373	1.5154212495000001	0.8656826430425001	3.3329873293
sub-11329	gamma0	0.5285970084262871	0.50946997235	-0.7775592792625	1.879499957525
sub-11330	alpha	0.11957367262322825	0.08313773403	0.009075032831050002	0.43731160193249996
sub-11330	kappa	0.14279444298542127	0.10469210640000001	0.016220563268250002	0.47121594326249977
sub-11330	theta	3.9129163656461925	3.3869808079999997	0.63839739618	9.885667887624997
sub-11330	theta_stranger	2.2220838233850793	1.226018227	0.01767981917000001	9.101831118975
sub-11330	gamma0	3.25493116775375	3.187932602	1.9738872222000001	4.879192638199999
sub-11337	alpha	0.07874385632800851	0.07613124841499999	0.03101176466625	0.14155383614749997
sub-11337	kappa	1.5540505080059375	1.530643013	0.8080669420025	2.433337804725
sub-11337	theta	0.7401241253285	0.71931575265	0.4068806374575	1.1854295673499995
sub-11337	theta_stranger	0.04515932321867723	0.025087580664999998	0.00055509530351	0.19161413453499984
sub-11337	gamma0	1.5827521573019137	1.57508411	0.6541372392925001	2.566801149024999
sub-11338	alpha	0.20060859563182237	0.15225235625	0.01737614815525	0.6357340886674997
sub-11338	kappa	0.08338210498161473	0.051247333395	0.007507466509875	0.3268280436849992
sub-11338	theta	3.821018133943623	3.390754779	0.19407524756500003	9.876748580524998
sub-11338	theta_stranger	1.9839027572961068	0.9773625208500001	0.001164470454075	8.18076478665
sub-11338	gamma0	0.3190253567469339	0.3125677744	-0.38509552873249997	1.0602719758249994
sub-11340	alpha	0.29222694956075246	0.2900961262	0.1225028444525	0.4801939460125
sub-11340	kappa	0.650747590545675	0.62406936945	0.259644978285	1.1929093711749998
sub-11340	theta	2.812787229912325	2.6327034559999998	1.192580280425	5.431235397649998
sub-11340	theta_stranger	0.12135644707195996	0.06919225033000001	0.0018480509502750001	0.5093890564475
sub-11340	gamma0	-0.12356766375115298	-0.12479608285	-0.9532845234749999	0.7179487971649994
sub-11345	alpha	0.028895962486239178	0.023938112305000002	0.00345038354265	0.08279374454874994
sub-11345	kappa	2.0945725528848875	2.0330782855000002	1.0442817942	3.493638749349999
sub-11345	theta	1.3287166089151625	1.241945342	0.7471601077400001	2.432652229025
sub-11345	theta_stranger	0.21923516699612908	0.22783429735	0.01347918196425	0.41667219274749984
sub-11345	gamma0	2.7567847174147	2.7291176635	1.51271128345	4.112004905549999
sub-11348	alpha	0.056462662902643596	0.03618897367	0.00460667207745	0.23604277796249973
sub-11348	kappa	0.5352752268170339	0.4877183744	0.11691478135	1.2307510653749996
sub-11348	theta	3.3475608746872996	3.06243158	1.2903209890749998	6.993653041775
sub-11348	theta_stranger	0.9771870675202294	0.74980505825	0.09931627994875	3.3153471134749957
sub-11348	gamma0	2.268910269673763	2.2398904145	1.143529982675	3.560732948874999
sub-11358	alpha	0.0949859021897585	0.068677285785	0.007726051052475	0.37404148192500003
sub-11358	kappa	0.44601461336347614	0.43706124485	0.03388922582375	1.0066262394749999
sub-11358	theta	1.54959025733904	0.7393609173	0.172909240405	8.135241687025
sub-11358	theta_stranger	3.6377652942437013	3.203655963	1.35914566625	8.613399390299998
sub-11358	gamma0	2.7296651656927375	2.6946428300000003	1.5185050176500001	4.150591272299999
sub-11364	alpha	0.016904174578924	0.01133433336	0.0011879241299000002	0.06370554861074995
sub-11364	kappa	7.611506195677499	7.3070113725	3.791944612675	13.027859045249997
sub-11364	theta	0.052404297321135475	0.03448738824	0.00129480029995	0.20269338876249998
sub-11364	theta_stranger	0.009570609059592538	0.0010087736179999998	5.025361178000001e-06	0.0883095876762498
sub-11364	gamma0	1.9328788854433019	1.888899218	-0.18468914196999994	4.245888660774997
sub-11367	alpha	0.044371074896941795	0.032169317815	0.004355002734525001	0.1517913205025
sub-11367	kappa	1.9644333979954376	1.8638581895000002	0.7984410655275	3.6597857695749996
sub-11367	theta	2.8187536154099755	2.6864778825	1.2116326184000001	5.1177159647499995
sub-11367	theta_stranger	0.38341463651941676	0.38994581660000005	0.12353828377500001	0.6175122029749999
sub-11367	gamma0	1.0281155002641358	1.017701659	-0.036009617874	2.182423596424999
sub-11374	alpha	0.22556956604938025	0.19151201164999998	0.02226532457575	0.6303092504174996
sub-11374	kappa	0.16572855599462563	0.12588030615	0.021557300122000002	0.5176827643574998
sub-11374	theta	3.5073740926447963	3.1042885005	0.59887112668	8.573638812849998
sub-11374	theta_stranger	0.9670891472387506	0.34849513615	0.0025023658366250014	5.314117489424999
sub-11374	gamma0	0.13610138862056867	0.1327829143	-0.6094839947925	0.8868961071474983
sub-11376	alpha	0.037375778592020556	0.032728124154999996	0.0054067911659750004	0.0973056974562499
sub-11376	kappa	2.71095283043955	2.6182986	1.3281983291750001	4.592603748925
sub-11376	theta	2.547144281279425	2.3920352755	1.07626252585	4.874890403749999
sub-11376	theta_stranger	0.4476862032368775	0.44456703905	0.2950339166025	0.621306086425
sub-11376	gamma0	2.1381734830268466	2.119027387	0.8520702837225	3.5586323453749995
sub-11377	alpha	0.07377513642420107	0.059701782290000005	0.0088574740206	0.21349559029249993
sub-11377	kappa	0.32626963320206126	0.30815955345	0.1400980187525	0.6073315282175
sub-11377	theta	7.20370715487625	7.0889256839999994	3.9322467366	11.072756653999999
sub-11377	theta_stranger	6.9391712997345	6.734232734	3.1628245836250004	11.701926869249997
sub-11377	gamma0	2.8058725193093506	2.75984503	1.4146754857750001	4.440888796149997
sub-11387	alpha	0.010300157903306026	0.00825524631	0.0015245788855	0.031130190234249986
sub-11387	kappa	7.441314701578874	6.6660770005	2.6759060017	16.636726572
sub-11387	theta	2.0465038301722998	1.845164353	0.7663662369625001	4.334133264924999
sub-11387	theta_stranger	0.5246113588434624	0.5184287322500001	0.4333459166275	0.6508207868449999
sub-11387	gamma0	1.740708155961868	1.7176234865	0.3585220248875	3.2214900384749994
sub-11396	alpha	0.03627290904154185	0.026032131355	0.004406243328675	0.13036129340499997
sub-11396	kappa	0.7154655972953274	0.69008387005	0.200071964045	1.3705347183499998
sub-11396	theta	1.6887672486456002	1.472734161	0.7623691960175	3.9823470871249995
sub-11396	theta_stranger	0.07861345033686366	0.037863512754999995	0.00071530922426	0.37079745919749973
sub-11396	gamma0	0.24703697371004868	0.24606232855	-0.6422625519925	1.1418958273999997
sub-11410	alpha	0.02826322472264399	0.023860242535	0.0041283744168500005	0.07630882053999999
sub-11410	kappa	1.3399703071495874	1.3143856365	0.6254256497174999	2.217577348425
sub-11410	theta	0.40327190790572565	0.40334455724999996	0.1069126279975	0.6994452967174996
sub-11410	theta_stranger	0.018797297039014126	0.005357685343	7.047493146375002e-05	0.12287434553499982
sub-11410	gamma0	-0.01061944809230882	-0.01042981317	-0.9654697117125	0.9052774692099997
sub-11416	alpha	0.1467502419557644	0.08400157214000001	0.00870873443715	0.6499698031324996
sub-11416	kappa	0.27827113763075906	0.1978058359	0.0082769903468	0.9232156110449996
sub-11416	theta	1.7398251607824073	0.64749114885	0.028086046947500002	8.420666899224992
sub-11416	theta_stranger	0.5109467073645859	0.017484559325000003	4.6763973485250025e-05	5.004262967424999
sub-11416	gamma0	-0.5987672683091495	-0.6093403958	-1.706180849425	0.5290399918349996
sub-11426	alpha	0.19538619972394175	0.16245565805	0.014835833482	0.5192488847050001
sub-11426	kappa	0.5491774672461874	0.4816198838	0.1289650831275	1.3636126176499999
sub-11426	theta	5.004262123895936	4.81511078	1.991729713525	9.215705693999997
sub-11426	theta_stranger	2.036231619199986	1.4848366465	0.24274609585750004	6.630178153099998
sub-11426	gamma0	0.18609902239437143	0.1841512062	-1.08007526445	1.4600578600999996
sub-11430	alpha	0.20270038698042522	0.16544920829999998	0.020495844037000003	0.5912666777275
sub-11430	kappa	0.096486721224608	0.07268270255	0.011459180439750001	0.3146461827225
sub-11430	theta	4.01293400051944	3.6787426930000002	0.6242721029775	9.203104194924997
sub-11430	theta_stranger	1.3807239443627923	0.59795635185	0.0034804927499	6.561517771299997
sub-11430	gamma0	0.27507490565917375	0.2712828007	-0.39458690480749997	0.9682624278624999
sub-11432	alpha	0.012248676517224126	0.008884252512	0.001277059936525	0.04333986874974999
sub-11432	kappa	3.9500552520571373	3.1899282739999997	1.33331210745	10.841743275499988
sub-11432	theta	0.3895148772036984	0.4037611104	0.14310646980000002	0.5605485681124998
sub-11432	theta_stranger	0.13167817970222917	0.07849246773	0.00038584047225750007	0.4019028064624999
sub-11432	gamma0	2.242056670173462	2.190223308	0.7116643351625	4.0440285583749995
sub-11433	alpha	0.0146230208169134	0.011735786615	0.002048103954625	0.04337629127799998
sub-11433	kappa	4.525858851386199	4.1963427385	1.761123041175	9.184270549099999
sub-11433	theta	0.42036199918475126	0.42895459334999997	0.273055820795	0.5162880563025
sub-11433	theta_stranger	0.22886718586457352	0.26330940225	0.0014328030729500003	0.4103293091925
sub-11433	gamma0	2.129284591077438	2.108564262	0.98826026607	3.398416413674999
sub-11435	alpha	0.026456180351535144	0.02233768381	0.0031275084146250003	0.07231683068424999
sub-11435	kappa	1.8563930802183248	1.8334272845	1.033590895875	2.798654975274999
sub-11435	theta	0.6552344409483125	0.6391907917499999	0.40783090511	0.99263980325
sub-11435	theta_stranger	0.025690017810097346	0.015044018029999998	0.0005125660026475001	0.1118979693149999
sub-11435	gamma0	2.58142859823835	2.5692733775	1.4545957691	3.8166044260999996
sub-11439	alpha	0.023017062908412926	0.018516066015	0.0033450692640250006	0.06904699208974995
sub-11439	kappa	1.065440210933606	1.0526810375	0.396721599935	1.7971330110999997
sub-11439	theta	0.6376574347175875	0.59492404295	0.25762526284250004	1.2363491451499995
sub-11439	theta_stranger	0.02779455355058296	0.009912950779999999	0.00017884624051000005	0.14836508591499967
sub-11439	gamma0	0.35751598068127155	0.35396907565	-0.5373182357874999	1.2358143236749979
sub-11440	alpha	0.21937716523803838	0.17762990185	0.022496784077000006	0.6209273590499994
sub-11440	kappa	0.06933302891008475	0.05377266768	0.01263497094725	0.22149196430749993
sub-11440	theta	5.431089111466759	5.321201264	1.1447129947	10.508687601999998
sub-11440	theta_stranger	3.3746046938072363	3.0069874629999997	0.03959137423725003	9.063680069349997
sub-11440	gamma0	0.49543726107559033	0.49043056695	-0.23110570343999995	1.23885497535
sub-11443	alpha	0.053538731776227616	0.03768788672	0.005769929532675	0.20432981762749983
sub-11443	kappa	0.6500537621298947	0.6386105833	0.054543640454	1.3733262100499999
sub-11443	theta	0.5516177255540863	0.3615499473	0.0291927729365	3.0676018040749997
sub-11443	theta_stranger	0.08231047173826679	0.005716122419	2.912362135450001e-05	0.5037105292449998
sub-11443	gamma0	-0.6750036870908213	-0.6650508852	-1.5982312846	0.21040263036499934
sub-11451	alpha	0.0757105225388195	0.06345437492	0.011054949442750001	0.21391047046249986
sub-11451	kappa	0.5166873897521638	0.4701336738	0.1513537938625	1.1322169166499996
sub-11451	theta	3.0591329639608373	2.813125305	1.252104993875	6.193399816424998
sub-11451	theta_stranger	0.4514745609373384	0.34907271905	0.008518209955300001	1.5486096863249996
sub-11451	gamma0	0.19539307778618079	0.18605105915	-0.6453103617899999	1.0627052848999998
sub-11461	alpha	0.1532439007279374	0.08698283342	0.0090637695822	0.6551763348149998
sub-11461	kappa	0.19917528863773623	0.13733619295	0.00845780434365	0.6665616368199996
sub-11461	theta	2.139692725819077	1.0419302830000001	0.06122473411950002	8.648232256399998
sub-11461	theta_stranger	0.7255241098954216	0.05605781517	0.000158375808025	5.860492845574988
sub-11461	gamma0	0.18531718535839709	0.17720658444999998	-0.5552237433199999	0.9666533064299992
sub-11462	alpha	0.2772769608064736	0.21364002375000002	0.013943624786750002	0.7861490320675
sub-11462	kappa	0.24591351569263462	0.1665773522	0.01467578268025	0.8390470589474993
sub-11462	theta	2.578482413001857	1.4352522575	0.06350255595525	9.222248376724995
sub-11462	theta_stranger	1.0584321458711998	0.1370831708	0.0002491769232275	6.8439516011249975
sub-11462	gamma0	0.1798921966686313	0.16579970665	-0.8871483553825	1.310398129249999
sub-11472	alpha	0.15007009464713514	0.10582187330000001	0.014072713249750003	0.5399207534774998
sub-11472	kappa	0.09327402117165776	0.07084180513	0.01153315093975	0.3001158409574995
sub-11472	theta	4.204890124976633	3.8371096930000004	0.6394502037225	9.675888342999999
sub-11472	theta_stranger	1.8094423537041426	0.97621419655	0.006434695146550005	7.6288566012
sub-11472	gamma0	0.7267138851595196	0.71784246255	0.016105181213500002	1.4621614908749996
sub-11492	alpha	0.08631805282759573	0.06577199510000001	0.008192817695575	0.2773890670074999
sub-11492	kappa	0.28232262059861124	0.26830879625000004	0.122782496825	0.5248741457824999
sub-11492	theta	7.422529801202	7.3256728655	3.9700939452	11.500111240999999
sub-11492	theta_stranger	7.133511609651376	6.92224438	3.2652434817000002	12.110377805499999
sub-11492	gamma0	2.7498971789467377	2.692594879	1.3652758816750001	4.406493367249999
sub-11493	alpha	0.1115708653022615	0.09640911696	0.016097139886999998	0.2917044873799997
sub-11493	kappa	0.2606756639715687	0.24559050659999998	0.11710849314749999	0.483446011935
sub-11493	theta	7.048894518614876	6.956660678	3.9807644088000003	10.63752575125
sub-11493	theta_stranger	5.1321590877833625	4.9019057015000005	2.1249822311	9.387050366199999
sub-11493	gamma0	0.989841004509827	0.9778484266	0.05930666281825002	1.9619832578749998
sub-11498	alpha	0.13088714271578275	0.1021739253	0.015306001928750002	0.41334805485250004
sub-11498	kappa	0.21839120986056876	0.1943078003	0.06059837823900001	0.5080278774474999
sub-11498	theta	6.21464650815525	6.104691473000001	2.948816418425	10.166608830999998
sub-11498	theta_stranger	3.768210594106333	3.4329276525	0.658634595325	8.520717885575
sub-11498	gamma0	0.884052244398202	0.8740142314999999	-0.2614028912549999	2.0955444490249993
sub-11517	alpha	0.0357609579905574	0.03073787623	0.005034802320025001	0.09365264012299993
sub-11517	kappa	1.5591764746838626	1.5150916785000001	0.7307666509925	2.654791263175
sub-11517	theta	1.1220288978398125	1.049542979	0.662344685025	2.0150946727999997
sub-11517	theta_stranger	0.0790204331375291	0.045719675835	0.0008593637185250004	0.29950757758749996
sub-11517	gamma0	0.6923898177253687	0.678108025	-0.31179624612999995	1.7282486447499998
sub-11518	alpha	0.01991531294659321	0.015283170385	0.0024243215558500003	0.06552846293499999
sub-11518	kappa	2.626253694006275	2.4658482925	0.767721424995	5.5044085200499975
sub-11518	theta	0.9999610552853124	0.9003568437	0.62092219491	1.96731490325
sub-11518	theta_stranger	0.4117996334400127	0.42594211275	0.10339801173500006	0.5904199845049997
sub-11518	gamma0	1.1454094025000292	1.127385945	0.04591177811825	2.3451844088499993
sub-11523	alpha	0.040155314160333404	0.030839163875	0.0048504794950750005	0.1271610958024999
sub-11523	kappa	0.7051265910177388	0.6982825791	0.17125442884750003	1.265808219925
sub-11523	theta	0.2162552271355255	0.1470566182	0.009840325887425002	0.7245506723424995
sub-11523	theta_stranger	0.01936091637713124	0.0028816444765	2.2525070006e-05	0.123504524495
sub-11523	gamma0	0.5338265907822811	0.53838663325	-0.36829785568499995	1.4274524862249993
sub-11526	alpha	0.04294227072788282	0.036887269454999996	0.0033430031810500003	0.11386300305499997
sub-11526	kappa	4.7963426589018745	4.564253472000001	2.5278474486749998	8.523704490599997
sub-11526	theta	1.0047647991841	0.9288509014999999	0.6319187591725	1.8021683661749996
sub-11526	theta_stranger	0.09890146654803833	0.082512759465	0.0019203608946750002	0.276767537015
sub-11526	gamma0	2.6422228706590247	2.6091787550000003	1.133821282275	4.3724144987999995
sub-11527	alpha	0.022512251433229914	0.01824599844	0.0028523177078500004	0.06615354270274998
sub-11527	kappa	1.3928712339243747	1.3759203334999999	0.8060236776399999	2.0349766110750003
sub-11527	theta	0.08918442965756287	0.069073069795	0.0038851604520250002	0.28289045254499995
sub-11527	theta_stranger	0.006487619713043337	0.001259607484	9.52521371845e-06	0.05010656954999999
sub-11527	gamma0	1.0133522249419575	1.0159562635000001	0.12817666429000002	1.9383334345249985
sub-11529	alpha	0.010355210139886478	0.0071751519765	0.0009456466999250001	0.03787784679974991
sub-11529	kappa	6.8541058736345635	5.6531271284999995	2.112339716175	17.73457236125
sub-11529	theta	0.427568644078199	0.43902627735	0.2271739797275	0.5645157220499999
sub-11529	theta_stranger	0.19222486890807255	0.19920505125	0.0013726279803250002	0.4161339894449999
sub-11529	gamma0	3.49840200532276	3.45388694	1.6444554275499998	5.62956491935
sub-11530	alpha	0.03555143105617064	0.020545661705000003	0.0028963613861750005	0.1760646349875
sub-11530	kappa	0.9214202534850499	0.9100759976	0.22467622750500005	1.7357702981999994
sub-11530	theta	1.2966536671950375	1.1045652394999999	0.5933876434575	3.254170616224998
sub-11530	theta_stranger	0.14049479084285782	0.08661612703	0.0019264373021	0.5023978726499994
sub-11530	gamma0	2.122822000087688	2.1062255325	1.081786062275	3.269982894149999
sub-11532	alpha	0.10654346578520948	0.093186513865	0.014189475614	0.27826585523499997
sub-11532	kappa	0.23475841994634122	0.2210401871	0.09873834986225001	0.44800379046999994
sub-11532	theta	7.284415011345501	7.17530135	4.057264093925	11.136902006749997
sub-11532	theta_stranger	6.3124895899491245	6.076750035	2.596444892925	11.306726983749996
sub-11532	gamma0	2.6704414591490004	2.6299098240000003	1.343989056525	4.183268607199999
sub-11533	alpha	0.07546309947348374	0.07312133065000001	0.017750066782250003	0.14922847167499997
sub-11533	kappa	1.752507809282	1.720618044	0.85484354587	2.840367728824999
sub-11533	theta	0.6824686077625876	0.6660390457500001	0.4470265068975	1.0180894285499997
sub-11533	theta_stranger	0.024828054303196873	0.0087831343125	0.00014950305811	0.147135683805
sub-11533	gamma0	-0.61913100819928	-0.6145223101499999	-1.58143926405	0.3241493960049998
sub-11534	alpha	0.023201343185351213	0.01871132055	0.00230849684915	0.07069422316849995
sub-11534	kappa	2.7411357768060376	2.6514015735	1.5546151604	4.38373146955
sub-11534	theta	0.6792419498921125	0.66091254825	0.48678022138250004	0.9785598550874998
sub-11534	theta_stranger	0.1042437855982794	0.08784426788	0.0023677886466750005	0.2868878719775
sub-11534	gamma0	3.673569094139375	3.640801821	2.27581693945	5.262336362275
sub-11535	alpha	0.0869268605848715	0.058955149240000004	0.00625473604095	0.31131631951
sub-11535	kappa	1.28015925542855	1.2399530675000001	0.4881777614	2.360195342074999
sub-11535	theta	1.6437134548303876	1.462764248	0.8272669705	3.557531978075
sub-11535	theta_stranger	0.0950904612723164	0.049648504100000004	0.0006863206184875001	0.39568548158499994
sub-11535	gamma0	-0.46031288009098326	-0.45111311249999997	-1.55590157675	0.6035631555824995
sub-11536	alpha	0.15663411201054325	0.11959133915	0.0147462780485	0.4967618725299999
sub-11536	kappa	0.32534693147369315	0.28743019375	0.062088004116	0.7849625123749998
sub-11536	theta	2.761865328166952	2.3607590845	0.86093032827	6.612923937749997
sub-11536	theta_stranger	0.35751572474795024	0.1139689648	0.0015087492070000007	2.347667771299996
sub-11536	gamma0	-0.5280745450013203	-0.52713145635	-1.34376314715	0.30151088361499945
sub-11539	alpha	0.18648612678157309	0.1580205493	0.0244720355195	0.497108808915
sub-11539	kappa	0.26275421435766	0.23857277615	0.07059658827	0.5973242105124997
sub-11539	theta	4.54349819254855	4.3337032225000005	1.825424299875	8.349298531124997
sub-11539	theta_stranger	1.2086237150165493	0.8635607049	0.03760767787475	4.502934419599995
sub-11539	gamma0	0.8700791928867322	0.8548341365500001	0.06803944631225005	1.7127775569249992
sub-11540	alpha	0.1676766276255256	0.15120238595000002	0.020789858845750003	0.41031862697499993
sub-11540	kappa	0.174208847338445	0.1594814812	0.063112580639	0.3717711088125
sub-11540	theta	6.826525889918876	6.706443312999999	3.3115070905	11.005010448249996
sub-11540	theta_stranger	5.5190280241182	5.185936797	1.866565392125	10.965064069499999
sub-11540	gamma0	3.1788951943900625	3.127182511	1.8015342026	4.834714690025
sub-11542	alpha	0.07584345470247075	0.062462415295000004	0.008335941672825	0.22140858423499996
sub-11542	kappa	0.85364042297339	0.8232460806999999	0.17692127719000003	1.7070478477749993
sub-11542	theta	0.930113594921485	0.7805536364500001	0.349365008265	2.6004091099749997
sub-11542	theta_stranger	0.1131743787791942	0.049347076170000004	0.000648328708675	0.47990123661249984
sub-11542	gamma0	0.8035118189911641	0.79779922145	-0.09682600791824998	1.7188537315499988
sub-11545	alpha	0.03299041979758097	0.025107410105	0.003814361536625	0.10828484206999998
sub-11545	kappa	0.6474593227812238	0.608364024	0.192885368735	1.3249044322999994
sub-11545	theta	2.6738309293515505	2.4795300635000004	1.14959640425	5.239972264874999
sub-11545	theta_stranger	0.3590131764870786	0.2902251101	0.01513279034425	1.2178928896999994
sub-11545	gamma0	3.0796308013769247	3.0363780105	1.8208100571999999	4.556027860475
sub-11551	alpha	0.033579814984321305	0.02834518389	0.0047728820334	0.09297667393349994
sub-11551	kappa	1.5388916902518623	1.4381669785	0.5735526308050001	3.0080025684499994
sub-11551	theta	1.0438339497405626	0.957552002	0.6097700423550001	1.9763786245999997
sub-11551	theta_stranger	0.21292803902771612	0.21709658710000002	0.002179546678425	0.4831297545399999
sub-11551	gamma0	0.6896483363419674	0.6779479146	-0.25194894647	1.6863109745249993
sub-11559	alpha	0.21816456192951086	0.1779542003	0.021887325042	0.6149651911024998
sub-11559	kappa	0.10151659367310936	0.07708938472	0.013818879273500001	0.32620666635749984
sub-11559	theta	4.105822753030105	3.751292063	0.6597971247675	9.463658868274997
sub-11559	theta_stranger	1.4807970542919486	0.6738515838	0.0029199857804500006	7.051654920074998
sub-11559	gamma0	0.0540075261372272	0.06248239691	-0.6720611131725	0.7664769892150001
sub-11560	alpha	0.22368682216464525	0.17249489494999998	0.021258697632	0.6822424353825
sub-11560	kappa	0.06494619773650087	0.048241544139999995	0.009764551042975	0.21987270663999975
sub-11560	theta	4.750940242991604	4.529033101	0.6997668886249999	10.200549219999997
sub-11560	theta_stranger	2.2915313579221572	1.507683297	0.0058222493309	8.354425355874998
sub-11560	gamma0	0.3301858450805259	0.3265916961	-0.35571196552499995	1.0482592797749999
sub-11563	alpha	0.08875165871910201	0.064102322935	0.008382050739225001	0.3143801195449999
sub-11563	kappa	0.7608167123234937	0.65885523255	0.1257360921525	1.927722324524999
sub-11563	theta	2.7051926520262124	2.1179618390000003	0.87138634233	7.263450841199998
sub-11563	theta_stranger	1.45512966602004	1.079052624	0.5068381160250001	4.592420342349995
sub-11563	gamma0	-0.1321197231443522	-0.1388324997	-1.0624832859	0.8244321441124997
sub-11565	alpha	0.284736688172509	0.25217344875000003	0.06054278856825	0.6622760821449993
sub-11565	kappa	0.2659926053343803	0.20144401769999998	0.0454671224845	0.8411718750174997
sub-11565	theta	3.8044960695233447	3.3764356060000003	0.8776124483325	8.817021020899997
sub-11565	theta_stranger	1.7766718644219963	1.1932117395	0.02813209226825001	6.486035836975001
sub-11565	gamma0	0.5835833925301772	0.5753177623000001	-0.20445177521249996	1.42867588815
sub-11570	alpha	0.08256075417279088	0.063612456125	0.00859476589885	0.26213777713249997
sub-11570	kappa	0.2850114450962287	0.26923032515	0.1207409962825	0.5406556992549998
sub-11570	theta	7.341674768213375	7.2133638535	3.95571168445	11.343069061749999
sub-11570	theta_stranger	7.321440132298124	7.099487454	3.2528094359499997	12.720671619749998
sub-11570	gamma0	3.4293877107419375	3.3668495835	1.810060587925	5.3062174698
sub-11572	alpha	0.036054147744922514	0.026826338445	0.002567310276625	0.11693717045999999
sub-11572	kappa	5.232702007109125	4.954080668	2.119445399025	10.004570425999999
sub-11572	theta	2.47847789532885	2.280687502	0.879882754425	5.127662544799998
sub-11572	theta_stranger	1.00337807474305	0.9128307279000001	0.6190996294300001	1.8844382712499999
sub-11572	gamma0	2.23195514086764	2.186265874	0.404646522695	4.382391175624999
sub-11579	alpha	0.19512362785106427	0.17785627650000002	0.0247498471125	0.4632692153499999
sub-11579	kappa	0.15886672251994252	0.146714161	0.06641380026725001	0.3177315860525
sub-11579	theta	6.855081204977625	6.759035631	3.25964091215	11.04675013575
sub-11579	theta_stranger	6.210255606963913	6.0058249715	2.616915487725	11.079342757
sub-11579	gamma0	0.7253127286791654	0.72040554	-0.11118502196999998	1.5890388900249999
sub-11586	alpha	0.13929324784535158	0.1218446087	0.014550940413750001	0.3690721959599999
sub-11586	kappa	0.9442653068430787	0.87897606225	0.196431879195	2.0621785727499993
sub-11586	theta	1.7424213790439376	1.4593510755	0.6291910201325	4.4504850248249985
sub-11586	theta_stranger	0.10013411870178271	0.03468988761	0.0005606366036625003	0.5635762589150001
sub-11586	gamma0	-0.5861463807937564	-0.5779250721	-1.901969475175	0.6774166484399997
sub-11587	alpha	0.33529207506288766	0.3329544498	0.058757989922500004	0.6488790119225001
sub-11587	kappa	0.2662533934707371	0.25352006959999995	0.0807507943305	0.5254291479375
sub-11587	theta	4.599072921118314	4.4872664475	2.0743933795500005	7.876943906674997
sub-11587	theta_stranger	0.7639714259716919	0.5070774339999999	0.01806638417725	2.9415436879249937
sub-11587	gamma0	1.1279062355153606	1.1198489495	0.3040509174275	2.0395079261249984
sub-11588	alpha	0.057053748446448456	0.036112840485000006	0.0048023020019500005	0.24178696815749984
sub-11588	kappa	0.4522205609558492	0.42294683435	0.049664013281750005	1.0391742106999997
sub-11588	theta	1.2436804538652668	0.90862032895	0.1554073238475	4.547400290999995
sub-11588	theta_stranger	0.17800592953161187	0.04476483328	0.0008413996298525001	1.1845302126499986
sub-11588	gamma0	2.516006595623875	2.4969487170000004	1.4438638436500002	3.71067651255
sub-11591	alpha	0.17451835122399922	0.1157830901	0.013058882472250002	0.6372679985699994
sub-11591	kappa	0.11961681128084738	0.08164980734999999	0.011624249524000003	0.43691650442749963
sub-11591	theta	3.828912273141581	3.339755561	0.3937953080575	9.83093975515
sub-11591	theta_stranger	1.9163326977047481	0.9868009802	0.004962919739825	8.350853006624998
sub-11591	gamma0	1.6706261403142788	1.6605088380000002	0.7849564225625	2.6303664654999994
sub-11597	alpha	0.020892279076377612	0.018605887245	0.0035130895097750005	0.05113653044825
sub-11597	kappa	4.633203695787124	4.3578381875000005	2.338254729875	8.443976789149998
sub-11597	theta	0.5043991995892875	0.4982664705	0.4042855863575	0.635606956585
sub-11597	theta_stranger	0.04755163102393069	0.01658374086	0.00020788117374250003	0.25181311426499975
sub-11597	gamma0	0.7863406548391791	0.7688682222000001	-0.4033466683425	2.0684567472999995
sub-11598	alpha	0.07656691295382162	0.05242146563	0.007515257669375	0.29378764540499985
sub-11598	kappa	0.250063808236215	0.21638544785	0.034854215694749995	0.6355610070299996
sub-11598	theta	2.676090063226499	2.347748463	0.706706733375	6.434989428724995
sub-11598	theta_stranger	0.32857662385316716	0.113188958	0.0021856248616000003	2.0812258716499983
sub-11598	gamma0	1.0959082744268194	1.0818590920000002	0.33176712454749996	1.958829918175
sub-11599	alpha	0.08534928041583874	0.06972338886	0.01134968308825	0.24484770345249998
sub-11599	kappa	0.23241942123306375	0.21049613655	0.08174748302575	0.5102846128799999
sub-11599	theta	5.742975738963751	5.614145504	2.560177164525	9.797278256724999
sub-11599	theta_stranger	4.198622547242463	3.905807528	1.3774181570250001	8.744111178824996
sub-11599	gamma0	1.548817316531644	1.5297641725000002	0.5481168615075	2.666733605575
sub-11600	alpha	0.08308661155021542	0.053550497465	0.006189183600775	0.33429758767749923
sub-11600	kappa	0.2489226955777201	0.20698241020000002	0.034380335509	0.6945367679049997
sub-11600	theta	3.4393359648924826	3.03706768	0.9553769933875	8.127648964199999
sub-11600	theta_stranger	1.2394153620261381	0.6751592050999999	0.017060293563	5.983565427399999
sub-11600	gamma0	2.835784795568037	2.8030553475	1.61743060155	4.2483023096
sub-11606	alpha	0.015094469242067312	0.01220607308	0.002102819626075	0.04404118858175
sub-11606	kappa	2.8418815368243378	2.7678524345	1.50776807395	4.602287281324999
sub-11606	theta	2.1618725930803375	1.9964241825	0.96583629405	4.224358817424997
sub-11606	theta_stranger	0.24191353645290642	0.25140979865	0.03844470043425001	0.3985000716325
sub-11606	gamma0	2.776581272302762	2.7476010825	1.5139896993000002	4.170664996099999
sub-11614	alpha	0.1614234528841704	0.1281524001	0.0199632110175	0.49124407709749973
sub-11614	kappa	0.08347220760329363	0.07322499476	0.01934288849775	0.20746314650249975
sub-11614	theta	5.7140648982088	5.5659900855	2.0002860999750003	10.255204059999992
sub-11614	theta_stranger	3.3865830593432484	3.0937816165000003	0.06973535688000003	8.500854579499999
sub-11614	gamma0	-0.2884155429712629	-0.28175649555000004	-1.0432804714	0.4478733628024996
sub-11622	alpha	0.3724328403888434	0.3497718586	0.0338951202575	0.8196188244275
sub-11622	kappa	0.06988044817736426	0.054405246795	0.014188375854000002	0.21590032116499996
sub-11622	theta	5.654431846384681	5.562692052	1.0802940872750002	11.03747754975
sub-11622	theta_stranger	3.6645305449755834	3.229861777	0.025527317355000002	10.0123273275
sub-11622	gamma0	0.697907113479548	0.6923321473999999	-0.012690279762999976	1.4390023504
sub-11623	alpha	0.11553772021178427	0.088435613765	0.014015007275000003	0.3870836249174999
sub-11623	kappa	0.23565804038954075	0.20851071640000002	0.04390043831525001	0.5682608238774999
sub-11623	theta	4.754908397269424	4.607631102499999	1.865340464475	8.6620954479
sub-11623	theta_stranger	1.3761836164854726	0.9757287243499999	0.019140757974000003	5.205518723099997
sub-11623	gamma0	-0.3635676594176125	-0.34917236515	-1.4248767104750002	0.6442974590849991
sub-11625	alpha	0.07508663719055501	0.060117880580000005	0.010635018433	0.22635367324499991
sub-11625	kappa	0.4702929531022063	0.44258990935	0.1658455078025	0.9432930136324994
sub-11625	theta	4.446554520796624	4.322915877	2.238288782525	7.3798705847
sub-11625	theta_stranger	0.6083032252557249	0.51971320715	0.036480872028250004	1.75684520025
sub-11625	gamma0	0.5207490327119279	0.5092642813999999	-0.3319395666225	1.4069874321499996
sub-11626	alpha	0.12339340280636825	0.085422280785	0.010425716209750002	0.4515110877549988
sub-11626	kappa	0.33493182136321514	0.27189603205	0.0370528921125	0.94167529973
sub-11626	theta	2.2575032585194386	1.668062475	0.3923506842750001	6.804324004974999
sub-11626	theta_stranger	0.3730110530248402	0.092725252205	0.0009526057715149999	2.70602069435
sub-11626	gamma0	0.6490004343342002	0.6328044137	-0.24650655236249996	1.6613433998749998
sub-11628	alpha	0.2637607370094404	0.24616136859999999	0.0409886831815	0.5920068406324999
sub-11628	kappa	0.10110276306254726	0.08516962512500001	0.023604001857750002	0.27419679859999957
sub-11628	theta	5.9124940299721	5.7916211235	1.9459597966500002	10.733070352499999
sub-11628	theta_stranger	3.9975227448990456	3.6344890165	0.3523107094175	9.629267500874999
sub-11628	gamma0	1.7698979788395885	1.7557643505	0.880241324525	2.7978604211749993
sub-11631	alpha	0.20158896246580224	0.17376435224999998	0.024864867698250002	0.5411887376699998
sub-11631	kappa	0.09306271019331325	0.075458019145	0.019259433766500002	0.28014055716749975
sub-11631	theta	5.4969132477026506	5.3729553755	1.40891247245	10.50287415025
sub-11631	theta_stranger	4.196987912281281	3.8790671310000002	0.3465991318625	9.714215889075
sub-11631	gamma0	0.8266841480737707	0.82724401	0.053347695801750014	1.6375531377499997
sub-11651	alpha	0.0570246387967161	0.034977012395	0.004229401986175002	0.23946258592999986
sub-11651	kappa	0.5172822289770718	0.44251458995000004	0.037597465854749997	1.4107100255499996
sub-11651	theta	2.1021006850021986	1.1026297015000002	0.3494729574825	8.06185930307499
sub-11651	theta_stranger	2.5630828919942616	1.858280733	0.7097069092675	7.958237803799995
sub-11651	gamma0	1.7797395884680713	1.753736941	0.7686384484625	2.962133366725
sub-11660	alpha	0.2603953379362706	0.2210389958	0.029067905894000004	0.6906821414925
sub-11660	kappa	0.09750380720078275	0.083376035775	0.022641314901	0.25857224567
sub-11660	theta	6.00001843525695	5.871291718	2.04143386305	10.7197647105
sub-11660	theta_stranger	3.9650029235400197	3.6770150394999996	0.26806556008000004	9.327981721024997
sub-11660	gamma0	0.7511615382035757	0.7513790566	-0.041633849060749996	1.568452992375
sub-11670	alpha	0.3345557578642782	0.34850824015000004	0.032897993534000004	0.6371980214774998
sub-11670	kappa	0.1677829679818825	0.1499311551	0.0559000656825	0.38653572513499984
sub-11670	theta	6.421300978682775	6.344622791	2.503900791825	10.90644365725
sub-11670	theta_stranger	5.885648058767071	5.632188369	1.8912111641500002	11.2215998185
sub-11670	gamma0	2.211941466749988	2.170580182	1.0880145538750001	3.5520270404749996
sub-11674	alpha	0.1992085486311675	0.16113190865	0.019532815401500002	0.5805468109124999
sub-11674	kappa	0.15879894791275076	0.11985267145	0.0208046589575	0.5241435027899994
sub-11674	theta	4.33454266225755	4.0617805755	0.695907529655	9.758605329675
sub-11674	theta_stranger	2.2282100921027186	1.452379882	0.010910787397250002	8.243854476324994
sub-11674	gamma0	1.3215299188672767	1.297237145	0.2166024131125	2.571046742225
sub-11679	alpha	0.02815161535432214	0.021580632405	0.00314387549385	0.08880367263674983
sub-11679	kappa	1.3347377962876126	1.275735474	0.6587084410525	2.4007226707749987
sub-11679	theta	0.17216188843924918	0.1575532837	0.01058939555	0.4118719161274999
sub-11679	theta_stranger	0.06602611920829571	0.008447034063	3.069409912575e-05	0.3628535291149995
sub-11679	gamma0	1.0251268403651297	1.0186304549999998	0.1419328000275	1.9737634541749998
sub-11681	alpha	0.09336886847457887	0.060675655035	0.0063862498663750005	0.3632964518475
sub-11681	kappa	0.26367393580820997	0.21044260785000002	0.056666082459999996	0.758325336355
sub-11681	theta	4.488519840347138	4.184725912	1.3425169112000002	9.202723832399997
sub-11681	theta_stranger	2.873153393166668	2.25090528	0.439412030215	8.196716640799997
sub-11681	gamma0	3.304082426677275	3.2565941945	1.8871632284250002	5.01647069405
sub-11692	alpha	0.011543960627258999	0.009236699353	0.001566170547425	0.034247159252749966
sub-11692	kappa	2.221689129600175	2.1707529225	1.3589956176	3.3458575537749993
sub-11692	theta	0.17529259220509025	0.1759625669	0.016274217727	0.34650490361749997
sub-11692	theta_stranger	0.03150921074913476	0.009117516123500001	7.947307577025004e-05	0.1838250561599999
sub-11692	gamma0	2.5083458410602377	2.496802156	1.472732166875	3.6398411126
sub-11701	alpha	0.30405622789319475	0.2888956861	0.033855061392500004	0.6833069793625
sub-11701	kappa	0.13618985217015303	0.11671689299999999	0.031885170412	0.3532701248824998
sub-11701	theta	5.246543598164299	5.0421151035000005	1.67029969885	10.071481383750001
sub-11701	theta_stranger	2.5072019583698446	1.9564651935000001	0.03292843353375	8.136037919824998
sub-11701	gamma0	0.5281866852833268	0.5228931063	-0.22753449231249998	1.3032480279749998
sub-11703	alpha	0.014389136058187577	0.01189905973	0.002137064416825	0.04076472744174999
sub-11703	kappa	1.7804102650584874	1.756492786	0.9955507608975	2.721349658325
sub-11703	theta	1.3698418134163626	1.2864087305	0.7957426067275	2.4461686446249997
sub-11703	theta_stranger	0.05891416009418194	0.041160531115	0.0015999521664500002	0.20133728007249996
sub-11703	gamma0	2.4153529494541255	2.397145647	1.280240955975	3.6692840272249994
sub-11705	alpha	0.046320688175029504	0.04545022873	0.020133371236	0.0775720946785
sub-11705	kappa	5.9909706252363755	5.8075016165	3.338031019075	9.651461769175
sub-11705	theta	0.6809160644550375	0.6725457462	0.554088144565	0.8550445830775
sub-11705	theta_stranger	0.019092715321106006	0.0087423318715	0.000182021043545	0.09544248826949987
sub-11705	gamma0	0.5307263697597985	0.5269015169	-0.78955575898	1.9418329914499999
sub-11709	alpha	0.1392296758864561	0.1270278016	0.02321779496125	0.32844347328249995
sub-11709	kappa	0.2726831873334494	0.25581412540000004	0.1033719609625	0.5347981378075
sub-11709	theta	4.155580621938075	4.0130991365	1.961331776125	7.058722171024999
sub-11709	theta_stranger	0.3261425460241496	0.18190288355	0.004418334511075	1.482613872374998
sub-11709	gamma0	-0.9210764797609576	-0.91213712635	-1.757557474375	-0.13981342156250082
sub-11710	alpha	0.03443808674527641	0.028093429465	0.004390861110475	0.09922475151124989
sub-11710	kappa	1.7331228674532002	1.6828242525000001	0.85431124765	2.9005053649999994
sub-11710	theta	0.6769028359184874	0.65222699985	0.4471599354	1.043994521025
sub-11710	theta_stranger	0.027997842889665815	0.01003273416	0.00017481200485	0.16419223775499994
sub-11710	gamma0	-0.061344008492586345	-0.065577252435	-1.04990300775	0.9413361287399995
sub-11714	alpha	0.1596202167103491	0.1258880371	0.02198500755325	0.49130295260249945
sub-11714	kappa	0.11761333278555	0.10722409215	0.04056876972725	0.25852134976499996
sub-11714	theta	6.4643698897904995	6.349332560500001	2.972116035975	10.63747885275
sub-11714	theta_stranger	4.767953559176876	4.503638066500001	1.4646603453000002	9.406563370724996
sub-11714	gamma0	-0.027262229372254174	-0.01952249458	-0.8202248600525	0.7641701600574999
sub-11719	alpha	0.093358620281753	0.07079923671499999	0.009793915694575	0.30683458361499955
sub-11719	kappa	0.3425569962039688	0.3100642179	0.10454765931500001	0.7641408196624998
sub-11719	theta	6.378120177930476	6.289543681	2.88795871675	10.455314342749999
sub-11719	theta_stranger	5.802642117124849	5.574703447499999	1.9724391974000002	10.982082031749998
sub-11719	gamma0	2.9770270112870163	2.940199548	1.2528158357249999	4.977421874774999
sub-11720	alpha	0.14164268382290376	0.10196470745	0.014337597912750001	0.5162114695249999
sub-11720	kappa	0.159616252407662	0.12576694485	0.017940784049000003	0.48855520294999977
sub-11720	theta	3.5048664054639374	3.125462098	0.7750650684725001	8.171881379649998
sub-11720	theta_stranger	0.6682806289761395	0.20310098259999998	0.001565853577725	4.316739192424994
sub-11720	gamma0	-0.7223123313740704	-0.7229724001	-1.482479329775	-0.004021833050475478
sub-11722	alpha	0.15344191972568552	0.14896631375	0.027914278537250002	0.3084557780674999
sub-11722	kappa	0.5634659771839425	0.5257880530500001	0.1681762446575	1.171728164475
sub-11722	theta	4.469586951531513	4.277560623499999	1.900362615975	8.184770362924999
sub-11722	theta_stranger	2.178845798984025	1.8994236205	0.8399869316624999	5.1333787179999995
sub-11722	gamma0	1.2695068618736896	1.253154146	0.2848324308825	2.373706098024999
sub-11723	alpha	0.05055639564873193	0.04215902948	0.006026473898975	0.14178212466749987
sub-11723	kappa	1.4964039436468002	1.439747862	0.721977440905	2.601003272874999
sub-11723	theta	0.7110049453802201	0.67797137775	0.3842588235725	1.215572971025
sub-11723	theta_stranger	0.08775453893343109	0.046779457635	0.0005225241970675	0.3394958635599999
sub-11723	gamma0	1.24828381374738	1.2353073655	0.2827906041475	2.2514559055999994
sub-11736	alpha	0.14358447901046062	0.07819604939	0.00973984512605	0.6495106818074996
sub-11736	kappa	0.1811380243364374	0.1314567641	0.006949680967825	0.5968416964999995
sub-11736	theta	2.0196031079022507	0.74114055755	0.0352583630005	9.138503991649998
sub-11736	theta_stranger	0.9167061921577262	0.05998746486	0.00010968292373	6.903208083199999
sub-11736	gamma0	0.3092724631355034	0.29385339815	-0.435172987355	1.0993866248499995
sub-11744	alpha	0.11708538154165375	0.098588573515	0.01778085833	0.30794916000249994
sub-11744	kappa	0.19561196645955026	0.17940880390000002	0.05351470764925	0.43231891809499995
sub-11744	theta	4.370599942813287	4.184225187	1.8355334155	7.953665669549997
sub-11744	theta_stranger	0.8675238012930986	0.57613947915	0.01475977612475	3.4232982513999954
sub-11744	gamma0	0.31045793095267304	0.3024532036	-0.420466279455	1.0633419077999997
sub-11746	alpha	0.09390333138829438	0.074012930575	0.012297941593	0.30535202432749997
sub-11746	kappa	0.26317144288497496	0.24226384709999998	0.0736553208345	0.5811398888799999
sub-11746	theta	4.406740690560875	4.237244907499999	1.9579084732499998	7.871071456075
sub-11746	theta_stranger	0.9702659163057414	0.70487149085	0.02581945034425	3.504124643675
sub-11746	gamma0	0.9052842326975967	0.89667670535	0.11811894943000001	1.7551720124749999
sub-11748	alpha	0.08120801445892288	0.06342784073999999	0.0089739689976	0.24466402948499993
sub-11748	kappa	0.28246644734850995	0.26624337605	0.11873428070250001	0.5386993209124997
sub-11748	theta	7.332930781604125	7.211824598	4.015684658275	11.327980351249998
sub-11748	theta_stranger	7.313868746432	7.1013509985	3.3300262282250004	12.391413300249997
sub-11748	gamma0	3.43247881004405	3.373294394	1.88159900825	5.3128299141749995
sub-11756	alpha	0.04412445467890923	0.034224722235000005	0.004552475263925	0.1385769761874999
sub-11756	kappa	2.5997152397639876	2.4550234700000004	1.0441564962999998	4.933262965949999
sub-11756	theta	3.201628125020625	3.0562263224999997	1.247273693575	6.08548067875
sub-11756	theta_stranger	1.121782478574125	1.023639745	0.6522895829300001	2.1655874008499993
sub-11756	gamma0	0.5246696112287002	0.5080313935	-0.914256590965	2.0571932118
sub-11764	alpha	0.11991891900701938	0.07813390752999999	0.01022585076375	0.4699437090199997
sub-11764	kappa	0.14405938110718453	0.1102444709	0.017598341258	0.4721400483299996
sub-11764	theta	3.9415574558501056	3.5721195985	0.8757439689975001	9.061036082774997
sub-11764	theta_stranger	1.5001768772114095	0.7985074570999999	0.00856720156475	6.727708022549989
sub-11764	gamma0	0.9937313731984436	0.98438542725	0.24562725002	1.8288770072499998
sub-11772	alpha	0.03880117676958345	0.02934191582	0.003096139203275	0.1285638672424999
sub-11772	kappa	4.867923126755913	4.4652351995	1.7796300252750001	10.292711430499985
sub-11772	theta	0.5700528697532374	0.5488422291	0.4350980424925	0.8334076485125
sub-11772	theta_stranger	0.04251539105544117	0.016473325945	0.000280945994405	0.23208913564499997
sub-11772	gamma0	1.2600153845469886	1.2363561275000001	-0.388718531975	3.069246098749999
sub-11773	alpha	0.022252052854504364	0.018186498619999998	0.0029307586726	0.06467296010875
sub-11773	kappa	1.4467179559937875	1.422446581	0.739945438345	2.310327794249999
sub-11773	theta	1.52700000275855	1.427834123	0.8227763401	2.809173219199999
sub-11773	theta_stranger	0.10784403700751986	0.084883311585	0.00306424216995	0.3278702695474998
sub-11773	gamma0	2.8154962621280752	2.797833694	1.676242688275	4.075992339699999
sub-11774	alpha	0.08552504373633181	0.06929705346500001	0.0103785302875	0.25302196611749994
sub-11774	kappa	0.21276665701602	0.198133848	0.08258802050750001	0.4255150588925
sub-11774	theta	6.867356979198876	6.7557123525	3.6410505577	10.72558290625
sub-11774	theta_stranger	5.1616379655664915	4.85350978	1.8568821383	10.078806983749995
sub-11774	gamma0	2.6794561619765873	2.6344213209999996	1.398674639775	4.244197078949998
sub-11784	alpha	0.00931284701663418	0.006705806055	0.0008397503989524999	0.033550894028749924
sub-11784	kappa	7.185271446974125	6.9853111135	4.049974415	11.4721093165
sub-11784	theta	0.06753573076765075	0.049778037735	0.0018919940913500004	0.21932172640999975
sub-11784	theta_stranger	0.009902352216507516	0.0019094866595	9.752640365925004e-06	0.0744752393189998
sub-11784	gamma0	2.6324104597126596	2.59664702	0.8442829430575001	4.649397826075
sub-11787	alpha	0.09907429475111311	0.072153845475	0.009514947184375	0.3786581033299997
sub-11787	kappa	0.649749134641563	0.6380225266999999	0.1172457650675	1.2725520328499997
sub-11787	theta	1.023685382644336	0.8455330636	0.26695056499250003	3.061057485974999
sub-11787	theta_stranger	0.08202710173247171	0.030944429995	0.00077217061016	0.3837172111849997
sub-11787	gamma0	2.2323892320682375	2.2169425755	1.209685431475	3.3302413065249996
sub-11788	alpha	0.13690668773275538	0.12533117385	0.020401378302750003	0.3275042686875
sub-11788	kappa	0.6867779397597837	0.65964934865	0.27713194775	1.2535042026999998
sub-11788	theta	4.058426544702375	3.9451805425	2.0527793028250003	6.722579931274998
sub-11788	theta_stranger	0.4023504889511008	0.35035371765	0.02511413714325	1.1214790778749992
sub-11788	gamma0	0.6578997003304585	0.6502968344	-0.18402832999750002	1.5710931278249998
sub-11789	alpha	0.02247481899338036	0.01809105914	0.0031074400734	0.06882611501524999
sub-11789	kappa	2.7306301435358873	2.5921180689999996	1.0258424853499999	5.234587762274998
sub-11789	theta	0.774770399909225	0.7288077864	0.544737997085	1.2832763867749999
sub-11789	theta_stranger	0.3159883069553224	0.3428766874	0.016574854128500002	0.48449083915
sub-11789	gamma0	1.546254283452366	1.5318729235	0.4590700307075	2.7121200359749995
sub-11790	alpha	0.09538812376721713	0.063199943765	0.008393040734325	0.36787619570749974
sub-11790	kappa	0.15294624208483176	0.12200164335	0.02755118596025	0.46524303256999977
sub-11790	theta	4.709808510648616	4.4475501635	1.24592640695	9.557564906125
sub-11790	theta_stranger	2.8547402283683256	2.32582056	0.128586167485	8.304851719024999
sub-11790	gamma0	2.0525891700187997	2.0212535349999996	1.06429930215	3.2061427942000003
sub-11793	alpha	0.0710416924285315	0.055942264065	0.007990517653175001	0.22310209969249997
sub-11793	kappa	0.5503267437258563	0.5337189967	0.12814452911000002	1.1080209019749996
sub-11793	theta	1.6276758080304012	1.385705209	0.572791528425	4.056937948774999
sub-11793	theta_stranger	0.0990616929423924	0.044595361695	0.001043693266725	0.46910564209249966
sub-11793	gamma0	1.3874217417993437	1.3720124115	0.53236364231	2.3432143037
sub-11795	alpha	0.08811430949372225	0.06690595199999999	0.008270311325925001	0.2799457605799997
sub-11795	kappa	0.20829291909376624	0.19404753695	0.08401076249875	0.41929268972249983
sub-11795	theta	6.792548654185	6.6799931595	3.1858535167000004	11.00095440025
sub-11795	theta_stranger	7.279829128692	7.0939905005	3.238987333125	12.561844130749995
sub-11795	gamma0	3.435156454676275	3.3724069965	1.88402244835	5.321403534049998
sub-11815	alpha	0.09430686268077727	0.056296891625	0.0068918410489250004	0.4192931320724989
sub-11815	kappa	0.22262766302376513	0.17715176135	0.012880583075750003	0.6784596001174997
sub-11815	theta	2.1118601060869757	1.2072176075	0.11403715865000001	8.192392993724996
sub-11815	theta_stranger	0.8485166863725707	0.1671016438	0.00076313406528	5.891840893249999
sub-11815	gamma0	1.4972481747509536	1.4775585735	0.6459766976325	2.4618626752999995
sub-11822	alpha	0.07402130476817374	0.06693372947000001	0.011370037769250002	0.1797256071924997
sub-11822	kappa	1.4741098636317251	1.431778114	0.64352430724	2.5436407701749997
sub-11822	theta	3.0100231594658124	2.8636433535	1.2986140294	5.536458159449998
sub-11822	theta_stranger	0.552513720511685	0.5392747111	0.24416311574500002	0.9414786087749998
sub-11822	gamma0	2.576648172104612	2.5618198055	1.3177433816250002	3.9532308381999997
sub-11823	alpha	0.21102397704448914	0.13632556455	0.0160955118725	0.7440526516049998
sub-11823	kappa	0.11866217299358998	0.084463619975	0.015614798932750001	0.4116004011324999
sub-11823	theta	4.318602425611879	3.994000734	0.7300668335375	9.717788546225
sub-11823	theta_stranger	2.004806745018778	1.2670481695	0.006099520387375002	7.792151222974994
sub-11823	gamma0	0.16382489113020268	0.16200266235	-0.5491162481624999	0.9018254100674998
sub-11824	alpha	0.022366979095879848	0.015880759145	0.002389372380675	0.08226315911149991
sub-11824	kappa	1.6410844423751625	1.6056857519999999	0.6384184124600001	2.831496131749999
sub-11824	theta	1.2544607713567497	1.1466262745	0.67780373865	2.5129075289749987
sub-11824	theta_stranger	0.34641040105890225	0.35131300384999997	0.036359645099000006	0.6469201914049998
sub-11824	gamma0	3.0079881161632502	2.9738956205	1.69421017685	4.496812817475
sub-11828	alpha	0.07375508903647372	0.050476631524999996	0.006787350582525001	0.30474922606749966
sub-11828	kappa	0.43586614409623914	0.40572103175	0.0537421484745	0.996999999554999
sub-11828	theta	1.5870566693760544	1.187663471	0.365731829475	5.1569059660999965
sub-11828	theta_stranger	0.14275591869307633	0.035070889785	0.00046717469630000013	0.9559355149299981
sub-11828	gamma0	0.3359021142600335	0.3260938057	-0.473034170355	1.1952590511749996
sub-11829	alpha	0.07512399315725356	0.059617943385	0.00854349872665	0.22524303654749972
sub-11829	kappa	0.3108119743834937	0.2939932462	0.13191980010999999	0.5840854279475001
sub-11829	theta	7.266746502877126	7.141267448500001	3.933400191875	11.18292042425
sub-11829	theta_stranger	7.136003468751375	6.9428335914999995	3.2245040071499997	12.192624923749998
sub-11829	gamma0	3.4400637541570624	3.378128587	1.86663601195	5.3270892446
sub-11840	alpha	0.22553053971809836	0.1885502632	0.0183572286265	0.6361558483724999
sub-11840	kappa	0.08037980078945126	0.054289661605	0.008938680435225	0.30373884337249996
sub-11840	theta	4.263249538146617	3.907964986	0.308381267795	10.120626912499999
sub-11840	theta_stranger	2.2687377558910264	1.3413553955	0.0030943873271500003	8.5341830513
sub-11840	gamma0	1.1316268781706562	1.1182320479999999	0.3618526515125	1.9588764502999998
sub-11847	alpha	0.035836139986364285	0.023188444345000003	0.003354479160900001	0.1414503447349998
sub-11847	kappa	0.7814381244789014	0.7616603738000001	0.12283521410500003	1.5458285276749997
sub-11847	theta	0.4804470357009001	0.3551199932	0.03504036832775001	1.769400327875
sub-11847	theta_stranger	0.11911689928935902	0.025959401785000003	0.00014402764957750002	0.4998194701324996
sub-11847	gamma0	1.5621023652280452	1.550011299	0.60971926288	2.5560289045249998
sub-11853	alpha	0.0560001631435426	0.046594188255	0.0075208737207	0.16113796911499992
sub-11853	kappa	0.29158521038846624	0.27555147820000003	0.1276861235975	0.5476011538899999
sub-11853	theta	7.280832705818249	7.1894152775	4.009346470200001	11.177615735249999
sub-11853	theta_stranger	7.335666262008624	7.1583746795	3.420565983325	12.368043660749999
sub-11853	gamma0	3.4802922764486004	3.415650381	1.884725049975	5.388979758149999
sub-11854	alpha	0.12420796471281513	0.11466349910000001	0.01792222976175	0.29130716542249996
sub-11854	kappa	0.6844366874682275	0.6746862900499999	0.18730984613500004	1.2291028243999997
sub-11854	theta	0.5875341123556665	0.51391003335	0.071761560535	1.5528343978499966
sub-11854	theta_stranger	0.03322873991675327	0.0085674093305	9.355707163175001e-05	0.21080056443749998
sub-11854	gamma0	-0.04342267480504396	-0.044771606165000005	-0.9160589582	0.8446071639049996
sub-11861	alpha	0.11665556409651769	0.07810492286500001	0.008372587743725	0.43477945540499996
sub-11861	kappa	0.13806207821499972	0.11966637025	0.034438834572749995	0.34459054713749976
sub-11861	theta	5.614026741769638	5.408595783	2.253962091775	10.23523310175
sub-11861	theta_stranger	3.3662148124898033	2.83090357	0.26589922491	9.26292656125
sub-11861	gamma0	3.1985551961867498	3.1333353959999997	1.8170202741250001	4.8841477332
sub-11866	alpha	0.03472203598998249	0.027875033549999997	0.003785275079625	0.10490636473249987
sub-11866	kappa	1.2076904352489	1.1761136735000002	0.5643604885775001	2.0309966533
sub-11866	theta	2.8181354370369376	2.6880863685	1.336896002625	4.985323341975
sub-11866	theta_stranger	0.21127009548622572	0.19269441525	0.012491524644500002	0.5258372339675
sub-11866	gamma0	2.8118689792593123	2.7980463	1.6336490433750002	4.098857515224999
sub-11867	alpha	0.1751765556985651	0.13437949375	0.013416907035250001	0.5296755110249998
sub-11867	kappa	0.34499655860522327	0.30384410065	0.05136694802350001	0.8570122191849997
sub-11867	theta	2.1410139008678626	1.7218124179999998	0.5249222426325001	5.963199295075
sub-11867	theta_stranger	0.19216911407747178	0.053471468665	0.0007255394252325	1.2910496410499996
sub-11867	gamma0	-0.14335896470351395	-0.14989863135	-0.9839438816449999	0.7219911551724992
sub-11870	alpha	0.03334045595055218	0.024221722195	0.0030488255959499997	0.12030556985999996
sub-11870	kappa	1.2918535578631878	1.2516716275	0.52072840331	2.2890062730249987
sub-11870	theta	4.50300288336875	4.344993741	1.7999651118250002	8.095213736149995
sub-11870	theta_stranger	4.150859188912225	3.841392067	1.4921465419750002	8.604455760249996
sub-11870	gamma0	3.6796270755041123	3.6504800250000002	2.07258659275	5.49118586125
sub-11872	alpha	0.07840237972567413	0.070485869435	0.011076513697	0.1899007204099999
sub-11872	kappa	1.6937886023337	1.6570411395	0.900573802675	2.6895007420249994
sub-11872	theta	2.864457252606125	2.7379230664999996	1.433133977575	5.0284639699749984
sub-11872	theta_stranger	0.05169215157216968	0.03248812265	0.0009066849730275002	0.2068661103274999
sub-11872	gamma0	-1.1490474934173975	-1.122707633	-2.5950427613250002	0.15528860220499952
sub-11876	alpha	0.01773667000323801	0.014641480075000001	0.0022485291926	0.05025233100875
sub-11876	kappa	9.119734820909448	7.9143435505	2.738586529475	22.970574194999987
sub-11876	theta	2.1247060857332998	1.9215798880000001	0.7018349948175	4.699704205299998
sub-11876	theta_stranger	0.778764882009225	0.72839536145	0.562791857325	1.2822616333499999
sub-11876	gamma0	2.1177404295140576	2.0780693494999998	0.10061700497825012	4.4118076436499996
sub-11877	alpha	0.06135998587514525	0.051070532205000005	0.008239486233925002	0.17548525256749992
sub-11877	kappa	0.4723753634145334	0.43976113385	0.1022934296525	1.0338432634249997
sub-11877	theta	2.1168858694834625	1.823923761	0.77991304347	5.062292423749999
sub-11877	theta_stranger	0.1905864965111962	0.087133604775	0.0018761777546750001	0.9840481391899999
sub-11877	gamma0	0.7583475699491564	0.7490293560000001	-0.06515274765274996	1.6343514836
sub-11881	alpha	0.06267927557723683	0.047601399424999996	0.00800631506105	0.20170317496249987
sub-11881	kappa	0.20226852452088123	0.18590595835	0.05829396134175	0.4379078716299999
sub-11881	theta	5.54308425219925	5.4184355355000005	2.708656181	9.108218987174999
sub-11881	theta_stranger	2.120331677954926	1.755369171	0.19737328908000001	6.049048453774998
sub-11881	gamma0	1.4609285141347075	1.434141419	0.5671136698875	2.4857163792999994
sub-11885	alpha	0.08110971755436089	0.07050218757	0.012773751926250002	0.21595823280999996
sub-11885	kappa	0.6756903501177587	0.64043044925	0.166724226105	1.3929861531249998
sub-11885	theta	1.77749520934885	1.5100843765	0.7477879471500001	4.535725221899996
sub-11885	theta_stranger	0.2783711935921907	0.20142621135	0.003670682055325	1.0578736871249999
sub-11885	gamma0	1.0515257562592888	1.0436519555000001	0.13196538340000002	2.03238383415
sub-11891	alpha	0.030028438136821278	0.026200926545000003	0.004193631528325	0.07715110068825
sub-11891	kappa	1.7650659210405375	1.7295919679999998	0.9346718319775	2.8121141117499997
sub-11891	theta	0.8065365710088499	0.77457064485	0.5353373256225	1.2725320213749995
sub-11891	theta_stranger	0.05023663737829606	0.025761371414999998	0.0005371335116774999	0.21941833200999997
sub-11891	gamma0	1.2135418206753161	1.2024918205000001	0.23050381374250004	2.240882710975
sub-11897	alpha	0.06997460957367267	0.052028349485	0.00675661707045	0.24100467961749997
sub-11897	kappa	0.4371451855904062	0.35656466114999996	0.09269035239725	1.1725464597499986
sub-11897	theta	3.6631985488200125	3.271821581	1.05505598795	8.235583142900001
sub-11897	theta_stranger	2.704262104022174	2.220494437	0.7612961474625001	7.152074013824996
sub-11897	gamma0	2.123957674197125	2.090520034	1.0219041496	3.45859882185
sub-11900	alpha	0.030456514184247187	0.024989436004999997	0.003813890105975	0.08608959926824988
sub-11900	kappa	3.393774495444888	3.1385192025	1.517678568475	6.767529010549995
sub-11900	theta	2.350607506159325	2.189217393	1.007633289825	4.545103019874998
sub-11900	theta_stranger	0.20632048179987497	0.21280796505	0.010386462334750003	0.390150162965
sub-11900	gamma0	0.7726169638245172	0.7675897721	-0.49568434794249994	2.060296174324997
sub-11902	alpha	0.1350870717977544	0.10158259929999999	0.011994081511000001	0.4452779151699999
sub-11902	kappa	0.13351328524882428	0.1045207585	0.025577573022	0.4064523412874999
sub-11902	theta	4.986136908762887	4.7679095615	1.2444340222249999	9.978903727874998
sub-11902	theta_stranger	3.5305054992760967	3.0773014635	0.19248425847500003	9.117241743724998
sub-11902	gamma0	2.3210196149531748	2.2935669635	1.2368947938250001	3.610613087099999
sub-11909	alpha	0.10485364178885649	0.059889730200000005	0.007298543023775	0.5236809197099993
sub-11909	kappa	0.3963867917112402	0.38134681495	0.013820890783	0.9578383422999994
sub-11909	theta	0.8683569024567146	0.25975483805	0.015427409277500002	7.289982649949998
sub-11909	theta_stranger	0.40311571342082697	0.015609563045	5.022216488875001e-05	4.6631573388499845
sub-11909	gamma0	0.8513393238855925	0.8410131215500001	-0.007249036544774997	1.7833772803499994
sub-11913	alpha	0.42120343343392436	0.3995388533	0.08188495255625	0.8427197506549998
sub-11913	kappa	0.130962787104026	0.09835910953	0.02501269835625	0.4141305765324999
sub-11913	theta	4.740723119257251	4.46934563	1.0170784926	10.095494668249989
sub-11913	theta_stranger	2.2766672916998663	1.590525204	0.0071984393381	8.028652394924997
sub-11913	gamma0	-0.5049002968086719	-0.5037342944500001	-1.27465120845	0.24986808242999967
sub-11914	alpha	0.1082212568276245	0.086831107315	0.013044047464500002	0.33812225386999967
sub-11914	kappa	0.159338028397305	0.14436835025	0.057602299586750005	0.3393442680924999
sub-11914	theta	6.714640966540125	6.594371902500001	3.2671539272250003	10.9193459605
sub-11914	theta_stranger	5.5062189854351375	5.2121317065	1.7529237587250002	10.977789110999998
sub-11914	gamma0	3.224559137504937	3.170652586	1.774185682125	4.951270117449999
sub-11920	alpha	0.069794829826491	0.06410590418	0.01429781584025	0.15669160221249992
sub-11920	kappa	1.5455139532847588	1.4559005534999998	0.543233500585	3.095135463725
sub-11920	theta	0.65417753119381	0.6187309625999999	0.33154733583	1.1570426332749995
sub-11920	theta_stranger	0.2435681436905788	0.26353918745	0.0013004539482750004	0.5168431887175
sub-11920	gamma0	1.0665844322558469	1.058025153	0.14563902319500002	2.0328729738
sub-11922	alpha	0.05031998121810053	0.043570608065	0.0053951591846	0.13361415196749998
sub-11922	kappa	2.100478103699712	2.031091768	1.0853832267749999	3.4666958426499974
sub-11922	theta	1.2141020395235873	1.150752748	0.7305298743075	2.0992846127499996
sub-11922	theta_stranger	0.1594937874020147	0.15076520385	0.004357068416075001	0.38234588042749984
sub-11922	gamma0	2.421464491744524	2.3970851079999997	1.21883699385	3.7955737750499994
sub-11923	alpha	0.05204037327373108	0.042769258995000003	0.00674012000655	0.152633849775
sub-11923	kappa	0.875263413547246	0.8528083912	0.17449917008250002	1.7182225079999998
sub-11923	theta	0.9052107644424536	0.7676784982	0.3032936579	2.444524646624998
sub-11923	theta_stranger	0.18940236555458745	0.12230980094999999	0.00142037832645	0.6553735259999994
sub-11923	gamma0	2.1209487505655122	2.1051699069999996	1.084709609675	3.244364915875
sub-11924	alpha	0.0899807771797673	0.08635776967	0.01225526731075	0.1900166588125
sub-11924	kappa	3.1296788835207248	3.029361979	1.6823114716749998	5.15285232215
sub-11924	theta	2.055761262958313	1.8955837500000001	0.8848691294075	4.0609638729499995
sub-11924	theta_stranger	0.07878949792885313	0.06266648167	0.0021728961613500003	0.2331800076775
sub-11924	gamma0	1.6341871995693495	1.610230276	0.396024761465	2.9972379132499998
sub-11926	alpha	0.07374568920033325	0.056985081045	0.00917155739285	0.23772524255999947
sub-11926	kappa	0.229790089350685	0.21222333875	0.092577322429	0.46047684449249987
sub-11926	theta	6.694838646557125	6.565055585	3.4177100078750002	10.710614483999999
sub-11926	theta_stranger	5.80504569670365	5.5442617535	2.24922298755	10.766938946
sub-11926	gamma0	2.7124313940139	2.678076055	1.3443842363	4.297477583199999
sub-11928	alpha	0.3080115625847488	0.2991981577	0.02433412958275	0.6617516832499998
sub-11928	kappa	0.16191983755033001	0.14878305625	0.0582411332885	0.34086371703999974
sub-11928	theta	7.060960025874024	6.9775523345	2.8854795708000003	11.603227437499994
sub-11928	theta_stranger	7.444165104204912	7.2645766555	3.126388032725	12.83418558825
sub-11928	gamma0	3.1871255940240752	3.1361723535	1.70755323425	5.0113637736499985
sub-11929	alpha	0.008814647577649801	0.007049343662500001	0.001284809149275	0.02604532854974998
sub-11929	kappa	3.870591366128063	3.7742123405	2.1876212045	6.228229978875
sub-11929	theta	0.1813583089645819	0.18589619165	0.013178219314000003	0.34602112577999994
sub-11929	theta_stranger	0.02154568765187834	0.005468040119500001	4.276854784025e-05	0.1501444430349995
sub-11929	gamma0	1.781129188237647	1.7637296084999998	0.5523549077050001	3.07183400485
sub-11931	alpha	0.08549084778727897	0.06632776595	0.009274082109299999	0.26994608654499996
sub-11931	kappa	0.25234225240874253	0.23712470755	0.111062824135	0.4702469050199997
sub-11931	theta	7.12288604174575	7.031230462	3.72891485035	11.12336758025
sub-11931	theta_stranger	7.1120106933648755	6.904946191	3.29690423275	11.99275938075
sub-11931	gamma0	2.7784497027338997	2.7333795074999996	1.458139049075	4.426029217024999
sub-11935	alpha	0.015350911496572375	0.010994591185	0.0015596909426500002	0.05546282705999996
sub-11935	kappa	1.8004455630694125	1.7787336310000001	0.8720139829425	2.866647450449999
sub-11935	theta	0.9254647916002	0.88206019875	0.5760361596225	1.5281676868749996
sub-11935	theta_stranger	0.14550807880232908	0.12904003455000002	0.003901428934500001	0.3776813842675
sub-11935	gamma0	3.72153581536825	3.699208518	2.34406746375	5.283958092275
sub-11939	alpha	0.028997411548149665	0.02356320284	0.0037485434669250004	0.08323050931724998
sub-11939	kappa	1.5699696313819749	1.5252487845	0.769114398215	2.6612708153499995
sub-11939	theta	0.521800399279165	0.5157967308	0.24948099337750002	0.8287936120499999
sub-11939	theta_stranger	0.08516231537872672	0.048009143435	0.000630263982815	0.3112403152525
sub-11939	gamma0	1.9467688930314375	1.928997996	0.9683311176075001	3.005391852725
sub-11943	alpha	0.02088278865605706	0.016575854955	0.0027006154612750004	0.06229338458199997
sub-11943	kappa	2.7199318164429123	2.5086548275	1.3020068609000002	5.44612334365
sub-11943	theta	1.1106683666560748	1.0400961285	0.6807731719250001	1.9361531546249995
sub-11943	theta_stranger	0.11990741011086065	0.08581031448500001	0.0010869838180000001	0.3650993203324997
sub-11943	gamma0	0.6593970392298321	0.6482719178	-0.5589625838525	1.947318002124997
sub-11949	alpha	0.0429264657457867	0.034330734015	0.00427252317285	0.12689245226749996
sub-11949	kappa	3.2351671626392	3.047287325	1.611832361825	5.922212306274998
sub-11949	theta	2.1828614300520877	1.9990889825	0.9680052317	4.334906473774999
sub-11949	theta_stranger	0.13745902597065815	0.1285721783	0.0032740476589500004	0.3294585952525
sub-11949	gamma0	0.7519720082440229	0.7382590769499999	-0.53966701656	2.1013437082999995
sub-11960	alpha	0.039118405715474286	0.03431237678	0.00472596918915	0.09999700805574999
sub-11960	kappa	1.6464726464933752	1.6167731515	0.8815749281974999	2.6023583803999997
sub-11960	theta	0.4095924532519886	0.4076725962	0.14578409123750002	0.6868963760375
sub-11960	theta_stranger	0.07941803580889763	0.044780889355000006	0.00074214627045	0.2970963320225
sub-11960	gamma0	2.98459113660775	2.9632744945000002	1.8223359356250002	4.263723250124999
sub-11969	alpha	0.03039268571184578	0.023656038424999998	0.00365887397235	0.093862971812
sub-11969	kappa	1.7233823767714749	1.6869615415	0.9508162036825001	2.6948868640500003
sub-11969	theta	2.4344148185460126	2.285307823	1.1037020297	4.6106304405
sub-11969	theta_stranger	0.11192606214706767	0.09305968394	0.0036704596098000013	0.32011073455749994
sub-11969	gamma0	1.5272347741033125	1.5160849399999998	0.463316154885	2.649437085124999
sub-11974	alpha	0.11213407356681775	0.09250278376500001	0.0118126735415	0.3189423994949999
sub-11974	kappa	0.2622527195997412	0.24253222125	0.10559667632250001	0.5234452137849999
sub-11974	theta	6.732758355711625	6.5794313895	3.2102373427749997	10.914509022749996
sub-11974	theta_stranger	6.892708386138125	6.674709549999999	3.06663046685	11.995933763499998
sub-11974	gamma0	3.3218908265878753	3.2620418415	1.7971803343	5.197339479824997
sub-11976	alpha	0.15853380837313624	0.1265782547	0.01912417171975	0.4757978295499999
sub-11976	kappa	0.24764137578362	0.23271768725	0.0956588222525	0.4844682297549999
sub-11976	theta	6.5125253858997505	6.3939535865	3.6538631604500003	10.069133635749997
sub-11976	theta_stranger	2.7144717519392434	2.4129880145	0.73388172193	6.4311126355749995
sub-11976	gamma0	0.13673930953337152	0.13443230665	-0.694689849485	0.9475694478374996
sub-11982	alpha	0.15509432145842583	0.1402549876	0.01576547537375	0.38235491398
sub-11982	kappa	0.4622479064847488	0.4091820373	0.1368235680475	1.05405816925
sub-11982	theta	4.519591077315975	4.2831127225	1.62651556115	8.727179720074993
sub-11982	theta_stranger	3.2346583635205626	2.8278989245	1.1096398379	7.573846645724999
sub-11982	gamma0	0.9320600108171164	0.9118417250499999	-0.07253344229774998	2.0134298335749996
sub-11984	alpha	0.08054654541456062	0.0638464889	0.008717617138525001	0.23855631617
sub-11984	kappa	0.20581327091087753	0.1927842121	0.0872802234805	0.3981790002424996
sub-11984	theta	6.786534766433251	6.667046382	3.187593658425	10.963761201749998
sub-11984	theta_stranger	7.3717265442386255	7.1571444635	3.385591211075	12.557958369
sub-11984	gamma0	3.4440311428782246	3.374207899	1.87275997135	5.332376649374998
sub-12008	alpha	0.01997925142825646	0.01670764177	0.0026698617451250003	0.0548896769705
sub-12008	kappa	2.6424785758357747	2.553980139	1.4146535445000001	4.383355148674999
sub-12008	theta	2.179393091853488	2.0228531204999998	0.9786902718425	4.2844897968749995
sub-12008	theta_stranger	0.1242886729767583	0.1025714002	0.002437859271875	0.35223297103749995
sub-12008	gamma0	1.0461900092822338	1.0418014155000002	-0.18667674939999995	2.3174657827
sub-12011	alpha	0.29345590681904227	0.28859394815	0.05706332274125001	0.5688074583825
sub-12011	kappa	0.13465173953797877	0.11880174704999999	0.03964097601475	0.32007074671
sub-12011	theta	6.214984363892425	6.0712399205	2.548593964925	10.704639381499998
sub-12011	theta_stranger	4.321005950606956	3.996419004	0.7025058131775	9.800164924474998
sub-12011	gamma0	1.0801336671840567	1.072884883	0.20554003005250004	2.0045663356499994
sub-12013	alpha	0.154028210027116	0.1293815579	0.021888098265	0.42434120644249995
sub-12013	kappa	0.16492613494957623	0.1477386741	0.047766571964	0.379806644265
sub-12013	theta	4.619040520122137	4.436597459	1.7666540825250001	8.407569666825
sub-12013	theta_stranger	1.1554567372026454	0.7844404848	0.008939509258775001	4.444467726374999
sub-12013	gamma0	-1.1317804063690007	-1.1289486945	-1.9724319239249999	-0.3392764241200002
sub-12018	alpha	0.03254724027267752	0.024776594540000002	0.0029657340676	0.10410019300249997
sub-12018	kappa	1.8968307929130874	1.8564915494999998	1.0317106593499998	3.031681850799999
sub-12018	theta	1.0105862937197	0.9588262299	0.624829654705	1.6893353547499996
sub-12018	theta_stranger	0.035626049374883534	0.021477181875	0.000761017289025	0.15017827876
sub-12018	gamma0	2.0098022842039436	1.993379843	0.88770003995	3.2392306270749995
sub-12020	alpha	0.011771136148973575	0.0097053641925	0.00158244790745	0.0337536634345
sub-12020	kappa	5.36394905691925	5.185881603	2.291322788675	9.370841758124998
sub-12020	theta	0.463894906621175	0.46649185275	0.36960007794	0.5485194713199999
sub-12020	theta_stranger	0.3127505828802476	0.32965674915	0.05161093287775001	0.42349512017499996
sub-12020	gamma0	3.016733861487587	2.9970650115	1.71628434285	4.431281177999999
sub-12021	alpha	0.18900659017025162	0.14012674	0.0191857276355	0.620904977425
sub-12021	kappa	0.09390612646278487	0.069396176475	0.01657465705	0.3289509686249998
sub-12021	theta	5.336310926225367	5.229439981500001	1.032870793275	10.545196644
sub-12021	theta_stranger	4.068134803503417	3.732550932	0.1701023022375	9.832796273824998
sub-12021	gamma0	1.1628972043014374	1.153053346	0.33885705090999996	2.0462153325249997
sub-12031	alpha	0.14215985132842987	0.10327095965	0.016325093561	0.48321353118999993
sub-12031	kappa	0.182578136963165	0.1686039836	0.063091743769	0.38825869098999993
sub-12031	theta	5.997316607262375	5.8436877475	2.9269693722250003	9.868436987775
sub-12031	theta_stranger	3.1636218840643786	2.8594986635	0.7697708009025	7.261370029899997
sub-12031	gamma0	-0.16539918501969328	-0.1609398613	-0.9659052231249999	0.5902502732274995
sub-12032	alpha	0.21065058421987187	0.1895650641	0.023201160098	0.528598646955
sub-12032	kappa	0.157055224127211	0.1324306101	0.035325169269000006	0.4132038887199999
sub-12032	theta	5.013113493840187	4.823160264	1.7002082456	9.648385297049998
sub-12032	theta_stranger	2.5414298781792657	2.0322285615	0.09824125162425001	7.4842286863249985
sub-12032	gamma0	1.4879979431910964	1.476580576	0.6032536871	2.5058018207249995
sub-12033	alpha	0.018791348061765075	0.0169115832	0.0038715546081250006	0.044728294598499994
sub-12033	kappa	6.213652665376625	5.9156809535	2.5018513516	11.474569537499994
sub-12033	theta	0.6264514505359375	0.6108253718000001	0.518980424045	0.8271437733749999
sub-12033	theta_stranger	0.34711303096984875	0.35864661875000003	0.18210580094	0.4359455573175
sub-12033	gamma0	2.7371281374075123	2.7044817445	1.3907317630500002	4.282565491574998
sub-12036	alpha	0.10791094763898712	0.08006852488499999	0.011099954675	0.3758761979574997
sub-12036	kappa	0.3065475257747537	0.2548412787	0.035491024420250004	0.8699929407024994
sub-12036	theta	3.106821149236155	2.73501489	0.7006476109374999	7.459115238399999
sub-12036	theta_stranger	0.7428276319496052	0.29494779584999997	0.004753060876325001	4.509892357399986
sub-12036	gamma0	1.757265849083376	1.729925963	0.5453628599475	3.0849639236749997
sub-12037	alpha	0.024880612914926964	0.01782202627	0.002313658044575	0.08635885407024999
sub-12037	kappa	2.637404838887219	2.4832297855	1.1246239039750001	4.9714378378249995
sub-12037	theta	0.6214773757683351	0.59675011135	0.359955043925	1.02487471615
sub-12037	theta_stranger	0.08637934474254823	0.052604108095000005	0.0010073996608250002	0.3104903669674998
sub-12037	gamma0	2.471838357697264	2.4437698685	1.033478899675	4.143154191349999
sub-12038	alpha	0.08425488294949375	0.08020695457499999	0.02490270104625	0.16749988558249992
sub-12038	kappa	3.9603694566985874	3.710098721	1.6867062716	7.900922977199999
sub-12038	theta	0.972455599202175	0.91095240315	0.6188258304400001	1.6943672928999995
sub-12038	theta_stranger	0.30121836588952694	0.3188573645	0.04725918371050001	0.44783805083249995
sub-12038	gamma0	1.4896312633791253	1.4672219985	0.2502281671900001	2.8403572124749994
sub-12039	alpha	0.16462857354131025	0.1459958221	0.024525670982	0.40486789401999973
sub-12039	kappa	0.16251954909097124	0.14691180139999999	0.058355277525	0.3583956609999999
sub-12039	theta	6.3909775171552505	6.2880642585	2.9452669778250002	10.454221363999995
sub-12039	theta_stranger	4.742216240370164	4.464951538	1.4548301385500002	9.616456791074999
sub-12039	gamma0	1.1296718067977913	1.109135062	0.25630133436	2.097487440075
sub-12041	alpha	0.00828434395748545	0.006297585424	0.000892132860735	0.027281820641749978
sub-12041	kappa	3.6239415178680003	3.5764526275	2.361951478275	5.205165529325
sub-12041	theta	0.29878736844969117	0.30192446225	0.1474785481325	0.42711368960499996
sub-12041	theta_stranger	0.026554504026638868	0.015127952430000001	0.00043487640189750004	0.11325102473
sub-12041	gamma0	4.53018471188475	4.494909291	3.1056594305	6.182664884474999
sub-12047	alpha	0.0526311832202225	0.04506365159	0.006921501654250001	0.1415212933
sub-12047	kappa	1.2187081207914576	1.1888137815	0.519328598385	2.0570392100499992
sub-12047	theta	0.3470528923962048	0.34482568535	0.050245096367750014	0.6729352171599993
sub-12047	theta_stranger	0.032127701699334696	0.0062319424315	5.6153918257e-05	0.22926031336249994
sub-12047	gamma0	-0.05345007765456485	-0.049026630855	-0.9588741665274999	0.8451920303199997
sub-12049	alpha	0.21206946188071038	0.1684014426	0.019304160601	0.6553150115924999
sub-12049	kappa	0.093880565652207	0.07756295027	0.023267165226500002	0.2657674435774997
sub-12049	theta	5.9729883140635005	5.8616210865	1.7785077774	10.87961922175
sub-12049	theta_stranger	5.044576495453249	4.820744621	0.9817600953800001	10.25395893875
sub-12049	gamma0	1.0847689461596797	1.0708514915	0.26746643584	1.9850984657
sub-12051	alpha	0.06278872148727464	0.051336090065	0.00609823378885	0.18330726766499986
sub-12051	kappa	1.118931592026625	1.089565244	0.46285239146999996	1.9509446456749997
sub-12051	theta	1.0950761076986124	1.005326143	0.5854147216325	2.125768859399999
sub-12051	theta_stranger	0.10943816377984136	0.071613558455	0.00140578131455	0.388613995105
sub-12051	gamma0	1.7486467234631122	1.7301510740000001	0.745683229955	2.8546213873
sub-12054	alpha	0.10535087011192387	0.10968193935000001	0.0367576927965	0.14481326090999996
sub-12054	kappa	7.1501609392958	6.1174846555	1.77091337695	18.356758363749996
sub-12054	theta	3.6149012984535873	3.441589085	1.3844736337	6.844431533474999
sub-12054	theta_stranger	2.5333188583240998	2.1946199065	1.1638271974999999	5.716351019975
sub-12054	gamma0	1.0141230974585926	0.9503671591	-0.881263053635	3.308544991174999
sub-12055	alpha	0.09377608901937601	0.07258421187	0.011266398416250002	0.29015143999249987
sub-12055	kappa	0.3061274277196325	0.25695355755000004	0.1001494625175	0.78641345183
sub-12055	theta	4.759378117809838	4.5686947015	1.5842243587000002	9.037791007749998
sub-12055	theta_stranger	3.7598876662465126	3.4700812915	1.3320007316	7.851424247374996
sub-12055	gamma0	-0.618841366815928	-0.6199353062499999	-1.4909569593249998	0.21150156994499972
sub-12057	alpha	0.03931786415039173	0.031980282235000004	0.004327218335425	0.11208419539749997
sub-12057	kappa	2.9086005333355125	2.7197575365000004	1.22378285575	5.754650713474998
sub-12057	theta	2.1997463748797625	2.0189762015	0.920206211655	4.411559822199999
sub-12057	theta_stranger	0.1442492377476859	0.11113891975	0.002482783661750001	0.42656125091749997
sub-12057	gamma0	1.1441117080756775	1.1302772719999998	-0.34925402344999995	2.7406144906499987
