participant_id	partner	history	metric	choices	observed	predicted_mean	ci_low	ci_high
sub-10317	friend	conditional	high_choice	14	1.0	0.5310401729752834	0.39862953084091846	0.6175647400451623
sub-10317	friend	conditional	investment	14	6.0	3.8059733696343745	3.145921413984567	4.254740196962179
sub-10317	friend	generative	high_choice	14	1.0	0.5257142857142857	0.2857142857142857	0.7857142857142857
sub-10317	friend	generative	investment	14	6.0	3.8014285714285716	2.5714285714285716	5.142857142857143
sub-10317	stranger	conditional	high_choice	14	0.35714285714285715	0.5431494840449302	0.4189589526719531	0.6268636617602462
sub-10317	stranger	conditional	investment	14	3.0	3.899715467130461	3.2829674172614576	4.302187315331962
sub-10317	stranger	generative	high_choice	14	0.35714285714285715	0.5428571428571428	0.2857142857142857	0.7857142857142857
sub-10317	stranger	generative	investment	14	3.0	3.92	2.5714285714285716	5.146428571428572
sub-10317	computer	conditional	high_choice	14	0.21428571428571427	0.5291420569598376	0.39570750051236697	0.6172217481858961
sub-10317	computer	conditional	investment	14	2.2857142857142856	3.8111537236120885	3.142310341084603	4.257816591306368
sub-10317	computer	generative	high_choice	14	0.21428571428571427	0.545	0.2857142857142857	0.7857142857142857
sub-10317	computer	generative	investment	14	2.2857142857142856	3.8828571428571426	2.5714285714285716	5.142857142857143
sub-10369	friend	conditional	high_choice	14	0.8571428571428571	0.614763958668037	0.5103424440742258	0.6872076159568926
sub-10369	friend	conditional	investment	14	5.285714285714286	4.222580067829372	3.6293645297327584	4.581843047384583
sub-10369	friend	generative	high_choice	14	0.8571428571428571	0.6228571428571429	0.35714285714285715	0.8571428571428571
sub-10369	friend	generative	investment	14	5.285714285714286	4.258571428571428	3.0	5.428571428571429
sub-10369	stranger	conditional	high_choice	13	0.38461538461538464	0.6072844219253022	0.520811194963425	0.6687518972810129
sub-10369	stranger	conditional	investment	13	3.3846153846153846	4.112852698400676	3.739121401187246	4.365358244630361
sub-10369	stranger	generative	high_choice	13	0.38461538461538464	0.6165384615384616	0.3826923076923078	0.8461538461538461
sub-10369	stranger	generative	investment	13	3.3846153846153846	4.1838461538461535	2.923076923076923	5.384615384615385
sub-10369	computer	conditional	high_choice	14	0.5714285714285714	0.6271297153064654	0.5401065478336255	0.6898440108148565
sub-10369	computer	conditional	investment	14	4.0	4.306857914961316	3.916843776352193	4.600674092234211
sub-10369	computer	generative	high_choice	14	0.5714285714285714	0.63	0.35714285714285715	0.8571428571428571
sub-10369	computer	generative	investment	14	4.0	4.313571428571429	2.857142857142857	5.428571428571429
sub-10402	friend	conditional	high_choice	27	0.7037037037037037	0.6570119254347171	0.5787716328802637	0.7111342237375631
sub-10402	friend	conditional	investment	27	4.666666666666667	4.380830616915213	3.958280217890281	4.653278271781664
sub-10402	friend	generative	high_choice	27	0.7037037037037037	0.6577777777777777	0.48055555555555557	0.8157407407407409
sub-10402	friend	generative	investment	27	4.666666666666667	4.3751851851851855	3.4814814814814814	5.112962962962963
sub-10402	stranger	conditional	high_choice	28	0.6428571428571429	0.6523620403189395	0.5785546014792062	0.7018845722232625
sub-10402	stranger	conditional	investment	28	4.428571428571429	4.409752306010572	4.019721748025136	4.656437252966657
sub-10402	stranger	generative	high_choice	28	0.6428571428571429	0.65	0.49910714285714286	0.7866071428571431
sub-10402	stranger	generative	investment	28	4.428571428571429	4.405	3.5696428571428576	5.144642857142858
sub-10402	computer	conditional	high_choice	28	0.5	0.6385945776124382	0.5421047070157887	0.7014814977616257
sub-10402	computer	conditional	investment	28	3.5	4.331196907775947	3.816205735530934	4.6540053081381965
sub-10402	computer	generative	high_choice	28	0.5	0.6364285714285715	0.4642857142857143	0.7866071428571431
sub-10402	computer	generative	investment	28	3.5	4.323571428571429	3.4964285714285714	5.214285714285714
sub-10418	friend	conditional	high_choice	28	1.0	0.6570300985644537	0.5869597792700645	0.6949353992916965
sub-10418	friend	conditional	investment	28	6.0	4.444282191899685	4.075096901362549	4.62406377880958
sub-10418	friend	generative	high_choice	28	1.0	0.6542857142857144	0.4642857142857143	0.8214285714285714
sub-10418	friend	generative	investment	28	6.0	4.442857142857143	3.6392857142857142	5.217857142857143
sub-10418	stranger	conditional	high_choice	28	0.5714285714285714	0.6558125514426556	0.5816327921499291	0.6948785452822877
sub-10418	stranger	conditional	investment	28	3.5	4.431923532739218	4.036686450458538	4.623442482621905
sub-10418	stranger	generative	high_choice	28	0.5714285714285714	0.6582142857142859	0.49910714285714286	0.7866071428571431
sub-10418	stranger	generative	investment	28	3.5	4.4557142857142855	3.5714285714285716	5.216071428571429
sub-10418	computer	conditional	high_choice	28	0.5714285714285714	0.6587418215384184	0.5889997702232236	0.695087440785963
sub-10418	computer	conditional	investment	28	3.7857142857142856	4.451408692842271	4.093673466503287	4.6247219534960395
sub-10418	computer	generative	high_choice	28	0.5714285714285714	0.6541071428571428	0.5	0.8214285714285714
sub-10418	computer	generative	investment	28	3.7857142857142856	4.442857142857143	3.5714285714285716	5.216071428571429
sub-10462	friend	conditional	high_choice	14	0.6428571428571429	0.44101930865449535	0.2961227558773961	0.5977911442625294
sub-10462	friend	conditional	investment	14	4.0	3.3291329812837893	2.5404690364939	4.170519379128489
sub-10462	friend	generative	high_choice	14	0.6428571428571429	0.4489285714285714	0.21250000000000002	0.7142857142857143
sub-10462	friend	generative	investment	14	4.0	3.3485714285714283	1.8571428571428572	4.857142857142857
sub-10462	stranger	conditional	high_choice	14	0.2857142857142857	0.4382936256734134	0.2936402544129347	0.5967896237336262
sub-10462	stranger	conditional	investment	14	2.5714285714285716	3.311856002127622	2.503647149695591	4.1645591202392405
sub-10462	stranger	generative	high_choice	14	0.2857142857142857	0.4507142857142857	0.14285714285714285	0.7857142857142857
sub-10462	stranger	generative	investment	14	2.5714285714285716	3.407142857142858	2.0	5.0
sub-10462	computer	conditional	high_choice	13	0.23076923076923078	0.5058910405006221	0.3711053996411754	0.6087940733103687
sub-10462	computer	conditional	investment	13	2.3076923076923075	3.58709711873764	2.7911714275419004	4.125183206711612
sub-10462	computer	generative	high_choice	13	0.23076923076923078	0.47961538461538467	0.23076923076923078	0.7692307692307693
sub-10462	computer	generative	investment	13	2.3076923076923075	3.440769230769231	2.0	4.923076923076923
sub-10478	friend	conditional	high_choice	28	0.9642857142857143	0.6216770984228167	0.5681863110461731	0.6731964190943799
sub-10478	friend	conditional	investment	28	5.857142857142857	4.2778430471709585	4.0323556630485	4.522582181341244
sub-10478	friend	generative	high_choice	28	0.9642857142857143	0.6125	0.42857142857142855	0.8214285714285714
sub-10478	friend	generative	investment	28	5.857142857142857	4.236071428571428	3.4267857142857143	5.071428571428571
sub-10478	stranger	conditional	high_choice	27	0.5925925925925926	0.6187725841022675	0.5700221644143033	0.6646608367236498
sub-10478	stranger	conditional	investment	27	4.074074074074074	4.396552091029244	4.157978123544828	4.623071079257122
sub-10478	stranger	generative	high_choice	27	0.5925925925925926	0.614074074074074	0.4444444444444444	0.7777777777777778
sub-10478	stranger	generative	investment	27	4.074074074074074	4.369259259259259	3.4074074074074074	5.187037037037038
sub-10478	computer	conditional	high_choice	27	0.5185185185185185	0.6298648007570175	0.5757350427707005	0.6797158069849164
sub-10478	computer	conditional	investment	27	3.8518518518518516	4.269558173057813	4.015778778396442	4.505340127753289
sub-10478	computer	generative	high_choice	27	0.5185185185185185	0.6188888888888888	0.44351851851851853	0.7777777777777778
sub-10478	computer	generative	investment	27	3.8518518518518516	4.210740740740741	3.257407407407407	5.111111111111111
sub-10486	friend	conditional	high_choice	14	1.0	0.682696037324271	0.6325763418368758	0.7065522171944163
sub-10486	friend	conditional	investment	14	6.0	4.561487242941422	4.3245018587852595	4.67798013575975
sub-10486	friend	generative	high_choice	14	1.0	0.6814285714285715	0.4982142857142858	0.8571428571428571
sub-10486	friend	generative	investment	14	6.0	4.549285714285714	3.5714285714285716	5.571428571428571
sub-10486	stranger	conditional	high_choice	14	1.0	0.6856884959268902	0.6415179148088819	0.7079568760519233
sub-10486	stranger	conditional	investment	14	6.0	4.580471200963025	4.3644790789014065	4.68502506090753
sub-10486	stranger	generative	high_choice	14	1.0	0.6892857142857143	0.4982142857142858	0.9285714285714286
sub-10486	stranger	generative	investment	14	6.0	4.577142857142857	3.4285714285714284	5.571428571428571
sub-10486	computer	conditional	high_choice	14	1.0	0.6850749561535602	0.6408083079976455	0.7073325557848734
sub-10486	computer	conditional	investment	14	6.0	4.576828481247043	4.355590952503575	4.6816835532167245
sub-10486	computer	generative	high_choice	14	1.0	0.6860714285714287	0.4982142857142858	0.8589285714285718
sub-10486	computer	generative	investment	14	6.0	4.5807142857142855	3.4285714285714284	5.571428571428571
sub-10529	friend	conditional	high_choice	27	0.8148148148148148	0.658689690829102	0.6088649584373187	0.6921094740875114
sub-10529	friend	conditional	investment	27	5.037037037037037	4.382945127033936	4.113628207619732	4.541865887409346
sub-10529	friend	generative	high_choice	27	0.8148148148148148	0.6533333333333334	0.48055555555555557	0.8148148148148148
sub-10529	friend	generative	investment	27	5.037037037037037	4.362592592592592	3.4814814814814814	5.111111111111111
sub-10529	stranger	conditional	high_choice	26	0.6153846153846154	0.6697645871374118	0.6313391755182534	0.699474466350204
sub-10529	stranger	conditional	investment	26	4.3076923076923075	4.6060799689238205	4.402505662508549	4.748734341913951
sub-10529	stranger	generative	high_choice	26	0.6153846153846154	0.6734615384615384	0.5	0.8461538461538461
sub-10529	stranger	generative	investment	26	4.3076923076923075	4.6534615384615385	3.923076923076923	5.384615384615385
sub-10529	computer	conditional	high_choice	28	0.5357142857142857	0.6631881973038785	0.6078800710560051	0.7018639951294328
sub-10529	computer	conditional	investment	28	4.0	4.46734281771484	4.184656431304922	4.656396752053318
sub-10529	computer	generative	high_choice	28	0.5357142857142857	0.6748214285714286	0.5	0.8214285714285714
sub-10529	computer	generative	investment	28	4.0	4.524285714285714	3.7857142857142856	5.216071428571429
sub-10541	friend	conditional	high_choice	27	0.7407407407407407	0.6603869724176888	0.6078115239078883	0.7044304484724979
sub-10541	friend	conditional	investment	27	4.814814814814815	4.482277297485049	4.22422483237517	4.6942736364502755
sub-10541	friend	generative	high_choice	27	0.7407407407407407	0.6577777777777777	0.48148148148148145	0.8157407407407409
sub-10541	friend	generative	investment	27	4.814814814814815	4.463703703703704	3.7037037037037037	5.3351851851851855
sub-10541	stranger	conditional	high_choice	27	0.5925925925925926	0.6445477206741521	0.5884032923463528	0.6874298796867933
sub-10541	stranger	conditional	investment	27	4.0	4.451268289060558	4.145008702251336	4.66234397675105
sub-10541	stranger	generative	high_choice	27	0.5925925925925926	0.6479629629629631	0.48148148148148145	0.8148148148148148
sub-10541	stranger	generative	investment	27	4.0	4.468518518518518	3.7018518518518517	5.2592592592592595
sub-10541	computer	conditional	high_choice	28	0.8214285714285714	0.6555220514710346	0.6083031585422368	0.6971921889600484
sub-10541	computer	conditional	investment	28	5.142857142857143	4.434755619590963	4.196727567312987	4.634286902096912
sub-10541	computer	generative	high_choice	28	0.8214285714285714	0.6569642857142857	0.46339285714285716	0.8214285714285714
sub-10541	computer	generative	investment	28	5.142857142857143	4.440714285714286	3.498214285714286	5.285714285714286
sub-10559	friend	conditional	high_choice	25	0.12	0.10225829708040553	0.05393289713422244	0.18192217263025454
sub-10559	friend	conditional	investment	25	2.08	1.8313418116675626	1.658499892500034	2.1581705198389516
sub-10559	friend	generative	high_choice	25	0.12	0.1242	0.0	0.28
sub-10559	friend	generative	investment	25	2.08	1.9212	1.52	2.72
sub-10559	stranger	conditional	high_choice	26	0.07692307692307693	0.1619701184023497	0.09733914880249435	0.24021119040322297
sub-10559	stranger	conditional	investment	26	1.9230769230769231	1.9592901432342804	1.6762737748591374	2.380838247826837
sub-10559	stranger	generative	high_choice	26	0.07692307692307693	0.18403846153846154	0.038461538461538464	0.38461538461538464
sub-10559	stranger	generative	investment	26	1.9230769230769231	2.057692307692308	1.4615384615384615	3.155769230769231
sub-10559	computer	conditional	high_choice	27	0.07407407407407407	0.13997760353321798	0.08260859567050678	0.22042586577100284
sub-10559	computer	conditional	investment	27	1.6296296296296295	1.9309750382372763	1.7200740317697392	2.3076893271991996
sub-10559	computer	generative	high_choice	27	0.07407407407407407	0.1398148148148148	0.037037037037037035	0.2962962962962963
sub-10559	computer	generative	investment	27	1.6296296296296295	1.937037037037037	1.5555555555555556	2.668518518518519
sub-10572	friend	conditional	high_choice	27	0.5555555555555556	0.4200519278542415	0.3375042304312264	0.5010117706009859
sub-10572	friend	conditional	investment	27	3.4074074074074074	3.128358775319814	2.693843486750617	3.5673026367645404
sub-10572	friend	generative	high_choice	27	0.5555555555555556	0.4209259259259259	0.25833333333333336	0.6296296296296297
sub-10572	friend	generative	investment	27	3.4074074074074074	3.1188888888888893	2.2203703703703703	4.148148148148148
sub-10572	stranger	conditional	high_choice	28	0.5	0.41651584457431484	0.3283880979263392	0.49764125279415905
sub-10572	stranger	conditional	investment	28	2.9285714285714284	3.128042094456027	2.6472463845068694	3.610748550277971
sub-10572	stranger	generative	high_choice	28	0.5	0.40839285714285717	0.25	0.5714285714285714
sub-10572	stranger	generative	investment	28	2.9285714285714284	3.0771428571428574	2.2839285714285715	3.9285714285714284
sub-10572	computer	conditional	high_choice	28	0.4642857142857143	0.4262656596990645	0.34387701655415814	0.5066390235550003
sub-10572	computer	conditional	investment	28	2.7857142857142856	3.162023537934473	2.7027504992292277	3.613093649329324
sub-10572	computer	generative	high_choice	28	0.4642857142857143	0.4296428571428571	0.25	0.6428571428571429
sub-10572	computer	generative	investment	28	2.7857142857142856	3.2075	2.2839285714285715	4.428571428571429
sub-10581	friend	conditional	high_choice	28	0.8928571428571429	0.5290612028447537	0.45610116207973517	0.6038226035478992
sub-10581	friend	conditional	investment	28	5.5	3.809791298077908	3.4040378424782487	4.192349382059708
sub-10581	friend	generative	high_choice	28	0.8928571428571429	0.525	0.35625	0.7142857142857143
sub-10581	friend	generative	investment	28	5.5	3.7732142857142854	2.7839285714285715	4.575
sub-10581	stranger	conditional	high_choice	25	0.4	0.5088195272945822	0.4149848975894401	0.5931413096488783
sub-10581	stranger	conditional	investment	25	3.28	3.7558813024240796	3.223826295839388	4.201984866897857
sub-10581	stranger	generative	high_choice	25	0.4	0.5147999999999999	0.28	0.72
sub-10581	stranger	generative	investment	25	3.28	3.7888000000000006	2.5580000000000003	4.882000000000001
sub-10581	computer	conditional	high_choice	26	0.19230769230769232	0.5201449002337388	0.42141341844674096	0.6112063130593026
sub-10581	computer	conditional	investment	26	2.1538461538461537	3.6727409299002303	3.150862645088823	4.133551547942738
sub-10581	computer	generative	high_choice	26	0.19230769230769232	0.5203846153846154	0.3076923076923077	0.7307692307692307
sub-10581	computer	generative	investment	26	2.1538461538461537	3.6803846153846154	2.5384615384615383	4.617307692307692
sub-10584	friend	conditional	high_choice	28	0.17857142857142858	0.3733003321288284	0.2955904290151368	0.47759223064152406
sub-10584	friend	conditional	investment	28	2.142857142857143	2.9180694124240527	2.5048092718485746	3.4901426773117943
sub-10584	friend	generative	high_choice	28	0.17857142857142858	0.41035714285714286	0.25	0.5723214285714288
sub-10584	friend	generative	investment	28	2.142857142857143	3.1257142857142854	2.2857142857142856	4.2875000000000005
sub-10584	stranger	conditional	high_choice	27	0.4444444444444444	0.4145707192302128	0.337649769094675	0.5067555539514131
sub-10584	stranger	conditional	investment	27	3.6296296296296298	3.2320161591913967	2.788121747917845	3.797486346088415
sub-10584	stranger	generative	high_choice	27	0.4444444444444444	0.4338888888888889	0.25833333333333336	0.6296296296296297
sub-10584	stranger	generative	investment	27	3.6296296296296298	3.332962962962963	2.3703703703703702	4.296296296296297
sub-10584	computer	conditional	high_choice	28	0.42857142857142855	0.3878980316291231	0.3107473527083502	0.4880077883143162
sub-10584	computer	conditional	investment	28	3.2142857142857144	2.9939713752706774	2.5752204721026866	3.5346206848713932
sub-10584	computer	generative	high_choice	28	0.42857142857142855	0.41767857142857145	0.25	0.6071428571428571
sub-10584	computer	generative	investment	28	3.2142857142857144	3.1617857142857138	2.2857142857142856	4.214285714285714
sub-10585	friend	conditional	high_choice	28	0.8214285714285714	0.6345616254302798	0.5895413108049338	0.6825460570749141
sub-10585	friend	conditional	investment	28	5.428571428571429	4.337184226284546	4.112563656351286	4.565154108762297
sub-10585	friend	generative	high_choice	28	0.8214285714285714	0.6330357142857143	0.4642857142857143	0.8214285714285714
sub-10585	friend	generative	investment	28	5.428571428571429	4.357142857142858	3.498214285714286	5.214285714285714
sub-10585	stranger	conditional	high_choice	28	0.7142857142857143	0.6369776765630276	0.5927829173490469	0.6833477638192211
sub-10585	stranger	conditional	investment	28	4.642857142857143	4.3501982872351395	4.1460255915164055	4.568826108143952
sub-10585	stranger	generative	high_choice	28	0.7142857142857143	0.6405357142857143	0.4642857142857143	0.8223214285714288
sub-10585	stranger	generative	investment	28	4.642857142857143	4.366785714285714	3.4946428571428574	5.214285714285714
sub-10585	computer	conditional	high_choice	28	0.5357142857142857	0.6347786241574698	0.5900077567222641	0.6825998610002469
sub-10585	computer	conditional	investment	28	4.0	4.336539188977972	4.116882432290349	4.562935861601603
sub-10585	computer	generative	high_choice	28	0.5357142857142857	0.6369642857142858	0.46339285714285716	0.7866071428571431
sub-10585	computer	generative	investment	28	4.0	4.345	3.4285714285714284	5.142857142857143
sub-10589	friend	conditional	high_choice	28	0.9285714285714286	0.6815431215462777	0.6356877932084662	0.7067000454445507
sub-10589	friend	conditional	investment	28	5.571428571428571	4.555508080227768	4.310025876637629	4.678737297485245
sub-10589	friend	generative	high_choice	28	0.9285714285714286	0.6805357142857144	0.5357142857142857	0.8214285714285714
sub-10589	friend	generative	investment	28	5.571428571428571	4.566071428571429	3.642857142857143	5.358928571428572
sub-10589	stranger	conditional	high_choice	28	0.6071428571428571	0.6821521105248095	0.6408631380056251	0.7066007228261106
sub-10589	stranger	conditional	investment	28	4.214285714285714	4.565777352837593	4.38055648212864	4.678632097340819
sub-10589	stranger	generative	high_choice	28	0.6071428571428571	0.6805357142857144	0.5357142857142857	0.8223214285714288
sub-10589	stranger	generative	investment	28	4.214285714285714	4.5582142857142856	3.9285714285714284	5.285714285714286
sub-10589	computer	conditional	high_choice	28	0.6071428571428571	0.6800049139431877	0.6314213678387791	0.7064133511070574
sub-10589	computer	conditional	investment	28	4.071428571428571	4.551162363677683	4.308677204153881	4.6776307172511125
sub-10589	computer	generative	high_choice	28	0.6071428571428571	0.6780357142857143	0.5714285714285714	0.8214285714285714
sub-10589	computer	generative	investment	28	4.071428571428571	4.552142857142857	3.9267857142857143	5.285714285714286
sub-10590	friend	conditional	high_choice	28	0.8928571428571429	0.5354686353530245	0.434602695332289	0.6122219626975607
sub-10590	friend	conditional	investment	28	5.714285714285714	3.8426352767642857	3.268161695471844	4.226006045926147
sub-10590	friend	generative	high_choice	28	0.8928571428571429	0.5405357142857143	0.32142857142857145	0.75
sub-10590	friend	generative	investment	28	5.714285714285714	3.841071428571429	2.7857142857142856	4.857142857142857
sub-10590	stranger	conditional	high_choice	28	0.5	0.5430310941997935	0.4464672438445111	0.6167220576245382
sub-10590	stranger	conditional	investment	28	3.4285714285714284	3.8837487438950418	3.3582550432822926	4.250199338412941
sub-10590	stranger	generative	high_choice	28	0.5	0.5480357142857142	0.39285714285714285	0.75
sub-10590	stranger	generative	investment	28	3.4285714285714284	3.9007142857142854	3.0	4.789285714285715
sub-10590	computer	conditional	high_choice	28	0.10714285714285714	0.5348859162370467	0.43229479390278003	0.6127486139319949
sub-10590	computer	conditional	investment	28	1.7857142857142858	3.8390982529452846	3.2585762914748013	4.227270788669209
sub-10590	computer	generative	high_choice	28	0.10714285714285714	0.5464285714285714	0.2857142857142857	0.75
sub-10590	computer	generative	investment	28	1.7857142857142858	3.89	2.6410714285714287	4.857142857142857
sub-10596	friend	conditional	high_choice	28	0.9642857142857143	0.6313023078264791	0.5678420515355076	0.6770942246168566
sub-10596	friend	conditional	investment	28	5.857142857142857	4.316975980738619	4.024654647241854	4.539083477298222
sub-10596	friend	generative	high_choice	28	0.9642857142857143	0.6344642857142858	0.4642857142857143	0.8214285714285714
sub-10596	friend	generative	investment	28	5.857142857142857	4.343214285714286	3.4964285714285714	5.144642857142858
sub-10596	stranger	conditional	high_choice	28	0.9285714285714286	0.6325391155215105	0.568265508184058	0.677175805221816
sub-10596	stranger	conditional	investment	28	5.571428571428571	4.3250688402744935	4.028925435091782	4.539749559635015
sub-10596	stranger	generative	high_choice	28	0.9285714285714286	0.63625	0.42857142857142855	0.8214285714285714
sub-10596	stranger	generative	investment	28	5.571428571428571	4.3275	3.357142857142857	5.214285714285714
sub-10596	computer	conditional	high_choice	26	0.46153846153846156	0.6171747072568526	0.559721928153841	0.65857033640136
sub-10596	computer	conditional	investment	26	3.3076923076923075	4.279466159174211	4.027316778904341	4.465478051444077
sub-10596	computer	generative	high_choice	26	0.46153846153846156	0.6253846153846154	0.46153846153846156	0.7692307692307693
sub-10596	computer	generative	investment	26	3.3076923076923075	4.34	3.4615384615384617	5.0
sub-10603	friend	conditional	high_choice	28	0.6785714285714286	0.4339371108760466	0.3393625623218453	0.505786767249167
sub-10603	friend	conditional	investment	28	4.785714285714286	3.3764190859765115	2.899097662057263	3.7405553237553586
sub-10603	friend	generative	high_choice	28	0.6785714285714286	0.4392857142857143	0.21428571428571427	0.6428571428571429
sub-10603	friend	generative	investment	28	4.785714285714286	3.398571428571429	2.4285714285714284	4.5
sub-10603	stranger	conditional	high_choice	28	0.17857142857142858	0.43012600752919683	0.3333429622758533	0.5037494993114003
sub-10603	stranger	conditional	investment	28	2.2857142857142856	3.3509539946906957	2.8704148177097735	3.721013547971906
sub-10603	stranger	generative	high_choice	28	0.17857142857142858	0.4357142857142857	0.21428571428571427	0.6428571428571429
sub-10603	stranger	generative	investment	28	2.2857142857142856	3.39	2.4285714285714284	4.358928571428572
sub-10603	computer	conditional	high_choice	28	0.32142857142857145	0.43331952457001977	0.3304706508078845	0.5101255268641364
sub-10603	computer	conditional	investment	28	2.857142857142857	3.384767380133228	2.865755368861247	3.762241204925052
sub-10603	computer	generative	high_choice	28	0.32142857142857145	0.43	0.25	0.6071428571428571
sub-10603	computer	generative	investment	28	2.857142857142857	3.3625	2.4285714285714284	4.285714285714286
sub-10606	friend	conditional	high_choice	28	1.0	0.6950328856163126	0.6627485203096354	0.7102549416378902
sub-10606	friend	conditional	investment	28	6.0	4.622419640720626	4.468608863398551	4.695359280854542
sub-10606	friend	generative	high_choice	28	1.0	0.7066071428571429	0.5714285714285714	0.8571428571428571
sub-10606	friend	generative	investment	28	6.0	4.687857142857143	4.071428571428571	5.428571428571429
sub-10606	stranger	conditional	high_choice	27	0.9629629629629629	0.7020915961699598	0.6688750778116325	0.7179950941410589
sub-10606	stranger	conditional	investment	27	5.703703703703703	4.6093209687359185	4.454654077715971	4.6836867346940565
sub-10606	stranger	generative	high_choice	27	0.9629629629629629	0.7055555555555557	0.5555555555555556	0.8518518518518519
sub-10606	stranger	generative	investment	27	5.703703703703703	4.638888888888889	3.925925925925926	5.261111111111112
sub-10606	computer	conditional	high_choice	26	0.9615384615384616	0.6930993081640254	0.6616099139422477	0.7076460501932046
sub-10606	computer	conditional	investment	26	5.6923076923076925	4.496135464632905	4.3573381942315725	4.560023389433683
sub-10606	computer	generative	high_choice	26	0.9615384615384616	0.69	0.5384615384615384	0.8461538461538461
sub-10606	computer	generative	investment	26	5.6923076923076925	4.4896153846153855	3.769230769230769	5.230769230769231
sub-10608	friend	conditional	high_choice	14	1.0	0.45136193948518055	0.2942827213125292	0.5738767453483943
sub-10608	friend	conditional	investment	14	6.0	3.382278009264823	2.606379289831919	4.035262330839234
sub-10608	friend	generative	high_choice	14	1.0	0.4321428571428571	0.14285714285714285	0.7142857142857143
sub-10608	friend	generative	investment	14	6.0	3.313571428571429	2.0	4.575
sub-10608	stranger	conditional	high_choice	14	0.14285714285714285	0.4613843351556378	0.3096196156588507	0.5769523069487293
sub-10608	stranger	conditional	investment	14	1.7142857142857142	3.4693584046795802	2.654344252802404	4.070357920013299
sub-10608	stranger	generative	high_choice	14	0.14285714285714285	0.4575	0.14285714285714285	0.7142857142857143
sub-10608	stranger	generative	investment	14	1.7142857142857142	3.467142857142857	1.9964285714285714	5.0
sub-10608	computer	conditional	high_choice	14	0.07142857142857142	0.45927191000381035	0.30783351078995175	0.5786157713753791
sub-10608	computer	conditional	investment	14	1.5714285714285714	3.448607453316673	2.6528401963803554	4.077110763117743
sub-10608	computer	generative	high_choice	14	0.07142857142857142	0.465	0.21250000000000002	0.7142857142857143
sub-10608	computer	generative	investment	14	1.5714285714285714	3.485	2.1392857142857142	4.860714285714286
sub-10617	friend	conditional	high_choice	14	0.7857142857142857	0.6175690387539275	0.4989726293241672	0.677520671640569
sub-10617	friend	conditional	investment	14	4.857142857142857	4.233764190799388	3.59500623259831	4.542404696767864
sub-10617	friend	generative	high_choice	14	0.7857142857142857	0.6214285714285714	0.35714285714285715	0.8571428571428571
sub-10617	friend	generative	investment	14	4.857142857142857	4.241428571428572	2.5714285714285716	5.428571428571429
sub-10617	stranger	conditional	high_choice	14	0.6428571428571429	0.6271902255327604	0.5426334376278464	0.6798724151744944
sub-10617	stranger	conditional	investment	14	4.428571428571429	4.2992509825094825	3.8737793510282605	4.55306461802055
sub-10617	stranger	generative	high_choice	14	0.6428571428571429	0.6153571428571428	0.35714285714285715	0.8571428571428571
sub-10617	stranger	generative	investment	14	4.428571428571429	4.215714285714285	2.7142857142857144	5.285714285714286
sub-10617	computer	conditional	high_choice	14	0.42857142857142855	0.6238063545252001	0.5280068656441959	0.6776223909063565
sub-10617	computer	conditional	investment	14	3.2857142857142856	4.271249497823619	3.7345071327472326	4.542986805133245
sub-10617	computer	generative	high_choice	14	0.42857142857142855	0.6335714285714286	0.35714285714285715	0.8571428571428571
sub-10617	computer	generative	investment	14	3.2857142857142856	4.335	3.1392857142857142	5.432142857142858
sub-10636	friend	conditional	high_choice	27	0.9629629629629629	0.6469825870673259	0.5972116783893493	0.6864091601583595
sub-10636	friend	conditional	investment	27	6.074074074074074	4.5332416797739254	4.2861344960656	4.729642400672652
sub-10636	friend	generative	high_choice	27	0.9629629629629629	0.66	0.48148148148148145	0.8148148148148148
sub-10636	friend	generative	investment	27	6.074074074074074	4.602592592592592	3.7777777777777777	5.261111111111112
sub-10636	stranger	conditional	high_choice	27	0.8888888888888888	0.6471979582488976	0.5985356764966026	0.6860528316266884
sub-10636	stranger	conditional	investment	27	5.555555555555555	4.348316506017169	4.1367299100067365	4.516764188858057
sub-10636	stranger	generative	high_choice	27	0.8888888888888888	0.64	0.48055555555555557	0.8157407407407409
sub-10636	stranger	generative	investment	27	5.555555555555555	4.311481481481482	3.4814814814814814	5.187037037037038
sub-10636	computer	conditional	high_choice	28	0.8571428571428571	0.6545016154029826	0.6017308756438252	0.6959424535753048
sub-10636	computer	conditional	investment	28	5.357142857142857	4.434936578726701	4.18572615233677	4.6277308057861894
sub-10636	computer	generative	high_choice	28	0.8571428571428571	0.6571428571428573	0.4642857142857143	0.8214285714285714
sub-10636	computer	generative	investment	28	5.357142857142857	4.454285714285715	3.642857142857143	5.285714285714286
sub-10638	friend	conditional	high_choice	28	1.0	0.6956430245927595	0.6653166892303309	0.7106475497209025
sub-10638	friend	conditional	investment	28	6.0	4.626102646306119	4.478774582357178	4.69731745360882
sub-10638	friend	generative	high_choice	28	1.0	0.6980357142857143	0.5357142857142857	0.8571428571428571
sub-10638	friend	generative	investment	28	6.0	4.6346428571428575	3.9267857142857143	5.357142857142857
sub-10638	stranger	conditional	high_choice	28	0.9642857142857143	0.6958170063324768	0.6670457809774325	0.7105457855926859
sub-10638	stranger	conditional	investment	28	5.857142857142857	4.628802675987782	4.498204615005145	4.697046411187827
sub-10638	stranger	generative	high_choice	28	0.9642857142857143	0.6967857142857143	0.5357142857142857	0.8223214285714288
sub-10638	stranger	generative	investment	28	5.857142857142857	4.630357142857143	3.9285714285714284	5.357142857142857
sub-10638	computer	conditional	high_choice	27	0.9629629629629629	0.6847444241245707	0.6542352599843979	0.6996490113699598
sub-10638	computer	conditional	investment	27	6.0	4.650143179947865	4.506215208250764	4.721294395745384
sub-10638	computer	generative	high_choice	27	0.9629629629629629	0.6883333333333332	0.5185185185185185	0.8518518518518519
sub-10638	computer	generative	investment	27	6.0	4.681481481481481	3.925925925925926	5.407407407407407
sub-10640	friend	conditional	high_choice	28	0.6071428571428571	0.3584764031404194	0.281575091086247	0.43993068484979014
sub-10640	friend	conditional	investment	28	4.0	2.9682336844467714	2.572752559153137	3.3935436964733108
sub-10640	friend	generative	high_choice	28	0.6071428571428571	0.36785714285714294	0.21428571428571427	0.5366071428571431
sub-10640	friend	generative	investment	28	4.0	3.02	2.2839285714285715	4.001785714285715
sub-10640	stranger	conditional	high_choice	27	0.18518518518518517	0.3308832569098466	0.256008274271639	0.4242372013544755
sub-10640	stranger	conditional	investment	27	2.0	2.855934751316637	2.469202272420744	3.3909250310257084
sub-10640	stranger	generative	high_choice	27	0.18518518518518517	0.342037037037037	0.18518518518518517	0.5194444444444446
sub-10640	stranger	generative	investment	27	2.0	2.9318518518518517	2.1462962962962964	3.8518518518518516
sub-10640	computer	conditional	high_choice	28	0.2857142857142857	0.3325410918297734	0.25501691356454725	0.4261116141453551
sub-10640	computer	conditional	investment	28	2.5714285714285716	2.8478225742066208	2.4618639375874936	3.3266837348452785
sub-10640	computer	generative	high_choice	28	0.2857142857142857	0.31732142857142853	0.14196428571428574	0.5357142857142857
sub-10640	computer	generative	investment	28	2.5714285714285716	2.7792857142857144	1.9267857142857143	3.857142857142857
sub-10641	friend	conditional	high_choice	14	1.0	0.5752195268413179	0.4592361658768152	0.6654268534952622
sub-10641	friend	conditional	investment	14	6.0	4.02509929060824	3.404981161427512	4.477987248493361
sub-10641	friend	generative	high_choice	14	1.0	0.5646428571428571	0.2857142857142857	0.8571428571428571
sub-10641	friend	generative	investment	14	6.0	4.01	2.5714285714285716	5.289285714285715
sub-10641	stranger	conditional	high_choice	14	0.21428571428571427	0.5806908729425792	0.4700983373478763	0.6675521551038197
sub-10641	stranger	conditional	investment	14	2.142857142857143	4.072891207240819	3.555536465999121	4.494656829602246
sub-10641	stranger	generative	high_choice	14	0.21428571428571427	0.5732142857142857	0.2839285714285715	0.7857142857142857
sub-10641	stranger	generative	investment	14	2.142857142857143	4.029285714285715	2.567857142857143	5.285714285714286
sub-10641	computer	conditional	high_choice	14	0.5714285714285714	0.5827385751599766	0.4765197193925719	0.6665002448164623
sub-10641	computer	conditional	investment	14	3.7142857142857144	4.077493946139242	3.556435036412116	4.488825519655491
sub-10641	computer	generative	high_choice	14	0.5714285714285714	0.5925	0.35714285714285715	0.8571428571428571
sub-10641	computer	generative	investment	14	3.7142857142857144	4.09	2.857142857142857	5.289285714285715
sub-10642	friend	conditional	high_choice	28	1.0	0.44053255964715193	0.3295076430988332	0.5220728407947122
sub-10642	friend	conditional	investment	28	6.0	3.375443025339856	2.7774192668907642	3.8102427576977544
sub-10642	friend	generative	high_choice	28	1.0	0.4473214285714286	0.25	0.6071428571428571
sub-10642	friend	generative	investment	28	6.0	3.401071428571429	2.498214285714286	4.216071428571429
sub-10642	stranger	conditional	high_choice	28	0.14285714285714285	0.4498993406537332	0.34413119212240045	0.5345441573181937
sub-10642	stranger	conditional	investment	28	1.8571428571428572	3.4383317244690055	2.8775426289741968	3.8390392528778414
sub-10642	stranger	generative	high_choice	28	0.14285714285714285	0.43375	0.25	0.6080357142857145
sub-10642	stranger	generative	investment	28	1.8571428571428572	3.3564285714285718	2.357142857142857	4.357142857142857
sub-10642	computer	conditional	high_choice	28	0.03571428571428571	0.4458504027490118	0.3408189113975053	0.5263569457400958
sub-10642	computer	conditional	investment	28	1.5714285714285714	3.40385231438749	2.829999287350229	3.8322122085510446
sub-10642	computer	generative	high_choice	28	0.03571428571428571	0.4357142857142857	0.21428571428571427	0.6080357142857145
sub-10642	computer	generative	investment	28	1.5714285714285714	3.3757142857142854	2.355357142857143	4.2875000000000005
sub-10644	friend	conditional	high_choice	28	1.0	0.4468421153218477	0.37958074836852684	0.5262736901733992
sub-10644	friend	conditional	investment	28	6.0	3.4531090539503206	3.0886820975187583	3.8256837179967267
sub-10644	friend	generative	high_choice	28	1.0	0.43982142857142853	0.25	0.6071428571428571
sub-10644	friend	generative	investment	28	6.0	3.4432142857142853	2.5714285714285716	4.357142857142857
sub-10644	stranger	conditional	high_choice	27	0.14814814814814814	0.44692040548752315	0.38414896541218685	0.5237530495886308
sub-10644	stranger	conditional	investment	27	2.1481481481481484	3.437027556456592	3.123213123814286	3.7801244565374748
sub-10644	stranger	generative	high_choice	27	0.14814814814814814	0.4351851851851852	0.25833333333333336	0.6666666666666666
sub-10644	stranger	generative	investment	27	2.1481481481481484	3.3811111111111116	2.5185185185185186	4.444444444444445
sub-10644	computer	conditional	high_choice	27	0.1111111111111111	0.43719521013351426	0.366514431103604	0.5195426719833853
sub-10644	computer	conditional	investment	27	1.9259259259259258	3.422306423961286	3.0791455790352735	3.8275394382755445
sub-10644	computer	generative	high_choice	27	0.1111111111111111	0.4383333333333333	0.2222222222222222	0.6296296296296297
sub-10644	computer	generative	investment	27	1.9259259259259258	3.4244444444444446	2.4444444444444446	4.37037037037037
sub-10647	friend	conditional	high_choice	27	0.25925925925925924	0.1398765120917605	0.08229347039784649	0.19175564901263933
sub-10647	friend	conditional	investment	27	2.3703703703703702	1.8682057639789746	1.6771691157622202	2.067630001651832
sub-10647	friend	generative	high_choice	27	0.25925925925925924	0.14444444444444443	0.037037037037037035	0.2962962962962963
sub-10647	friend	generative	investment	27	2.3703703703703702	1.8988888888888888	1.5555555555555556	2.520370370370371
sub-10647	stranger	conditional	high_choice	28	0.07142857142857142	0.1384320115561489	0.08210428894104989	0.18955829950727784
sub-10647	stranger	conditional	investment	28	1.5714285714285714	1.8166431857921015	1.6257679772381348	2.018801660622303
sub-10647	stranger	generative	high_choice	28	0.07142857142857142	0.14089285714285715	0.03571428571428571	0.2857142857142857
sub-10647	stranger	generative	investment	28	1.5714285714285714	1.8389285714285715	1.5	2.430357142857143
sub-10647	computer	conditional	high_choice	28	0.03571428571428571	0.14223814264470966	0.08249793738448208	0.20492437150002163
sub-10647	computer	conditional	investment	28	1.5	1.844124816759454	1.6309304324872338	2.103908253258287
sub-10647	computer	generative	high_choice	28	0.03571428571428571	0.15035714285714286	0.0	0.32142857142857145
sub-10647	computer	generative	investment	28	1.5	1.8771428571428572	1.4285714285714286	2.5714285714285716
sub-10649	friend	conditional	high_choice	25	0.96	0.6995943922264724	0.665383427650964	0.7156763793819083
sub-10649	friend	conditional	investment	25	5.92	4.779135361478837	4.611229688148484	4.858897382286491
sub-10649	friend	generative	high_choice	25	0.96	0.6991999999999998	0.56	0.84
sub-10649	friend	generative	investment	25	5.92	4.7703999999999995	4.078	5.522
sub-10649	stranger	conditional	high_choice	28	1.0	0.6953433789263808	0.6623559522836788	0.710181570471522
sub-10649	stranger	conditional	investment	28	6.0	4.626614906393898	4.474317799559654	4.695307037566706
sub-10649	stranger	generative	high_choice	28	1.0	0.6925	0.5357142857142857	0.8214285714285714
sub-10649	stranger	generative	investment	28	6.0	4.623214285714286	3.9285714285714284	5.285714285714286
sub-10649	computer	conditional	high_choice	24	0.9583333333333334	0.7071672545362796	0.6717499813712846	0.7244191973657129
sub-10649	computer	conditional	investment	24	5.75	4.641471342609927	4.467761862443796	4.726790791013156
sub-10649	computer	generative	high_choice	24	0.9583333333333334	0.71375	0.5822916666666668	0.8333333333333334
sub-10649	computer	generative	investment	24	5.75	4.6725	4.0	5.335416666666667
sub-10652	friend	conditional	high_choice	28	0.8571428571428571	0.657859995901786	0.5902197721981219	0.6941481570664514
sub-10652	friend	conditional	investment	28	5.214285714285714	4.438073322727084	4.105787512766355	4.618616539245962
sub-10652	friend	generative	high_choice	28	0.8571428571428571	0.6575	0.5	0.7866071428571431
sub-10652	friend	generative	investment	28	5.214285714285714	4.437142857142857	3.7125000000000004	5.144642857142858
sub-10652	stranger	conditional	high_choice	28	0.5714285714285714	0.6644608228053364	0.6190188907795044	0.6955745919670879
sub-10652	stranger	conditional	investment	28	3.9285714285714284	4.475109570555669	4.243281714489772	4.62411293450126
sub-10652	stranger	generative	high_choice	28	0.5714285714285714	0.6592857142857145	0.5	0.8214285714285714
sub-10652	stranger	generative	investment	28	3.9285714285714284	4.457142857142857	3.5714285714285716	5.285714285714286
sub-10652	computer	conditional	high_choice	28	0.6071428571428571	0.6626678388922695	0.6113410484858609	0.6949476863803873
sub-10652	computer	conditional	investment	28	4.142857142857143	4.466208300608556	4.198723735572526	4.6229390995454
sub-10652	computer	generative	high_choice	28	0.6071428571428571	0.6626785714285713	0.5	0.7857142857142857
sub-10652	computer	generative	investment	28	4.142857142857143	4.463928571428571	3.5696428571428576	5.071428571428571
sub-10656	friend	conditional	high_choice	28	0.4642857142857143	0.2869982193461357	0.21470305708153764	0.35981207182506086
sub-10656	friend	conditional	investment	28	2.857142857142857	2.431427503429983	2.0882979672821933	2.8108612969744997
sub-10656	friend	generative	high_choice	28	0.4642857142857143	0.2642857142857143	0.10714285714285714	0.4294642857142859
sub-10656	friend	generative	investment	28	2.857142857142857	2.3128571428571427	1.7125	3.075000000000001
sub-10656	stranger	conditional	high_choice	28	0.2857142857142857	0.24124637023221776	0.18475824231787075	0.3050914173839087
sub-10656	stranger	conditional	investment	28	2.4285714285714284	2.1929971853521444	1.955778852492841	2.5073586925714033
sub-10656	stranger	generative	high_choice	28	0.2857142857142857	0.25571428571428567	0.10714285714285714	0.42857142857142855
sub-10656	stranger	generative	investment	28	2.4285714285714284	2.276785714285714	1.7142857142857142	3.0
sub-10656	computer	conditional	high_choice	28	0.0	0.2256260526072819	0.1648917257650529	0.2972614034610567
sub-10656	computer	conditional	investment	28	1.4285714285714286	2.145986686214853	1.9119340503994415	2.4807455300019448
sub-10656	computer	generative	high_choice	28	0.0	0.23392857142857143	0.10714285714285714	0.35714285714285715
sub-10656	computer	generative	investment	28	1.4285714285714286	2.2010714285714283	1.7125	2.9285714285714284
sub-10657	friend	conditional	high_choice	28	0.5	0.5438878113920772	0.4544621370568474	0.6349761040863876
sub-10657	friend	conditional	investment	28	3.857142857142857	3.87792647873933	3.3884791226155464	4.344040955309143
sub-10657	friend	generative	high_choice	28	0.5	0.5616071428571429	0.35625	0.75
sub-10657	friend	generative	investment	28	3.857142857142857	3.9817857142857145	3.1410714285714287	4.860714285714286
sub-10657	stranger	conditional	high_choice	27	0.6666666666666666	0.56103720921472	0.4795215013850908	0.6399459435629945
sub-10657	stranger	conditional	investment	27	4.074074074074074	3.8551693701725953	3.4436873080841943	4.280113559340485
sub-10657	stranger	generative	high_choice	27	0.6666666666666666	0.572037037037037	0.37037037037037035	0.7407407407407407
sub-10657	stranger	generative	investment	27	4.074074074074074	3.9214814814814813	2.8111111111111113	4.742592592592593
sub-10657	computer	conditional	high_choice	28	0.5714285714285714	0.589236664462254	0.5220078613621822	0.6408531960456533
sub-10657	computer	conditional	investment	28	4.142857142857143	4.131061730008953	3.808151689939934	4.371569282445544
sub-10657	computer	generative	high_choice	28	0.5714285714285714	0.5639285714285713	0.39285714285714285	0.75
sub-10657	computer	generative	investment	28	4.142857142857143	3.9975	3.0714285714285716	5.001785714285715
sub-10661	friend	conditional	high_choice	28	1.0	0.68804242541711	0.6501571520876518	0.7084510229184204
sub-10661	friend	conditional	investment	28	6.0	4.591663920983071	4.400586795805317	4.687109604263428
sub-10661	friend	generative	high_choice	28	1.0	0.6844642857142857	0.5	0.8214285714285714
sub-10661	friend	generative	investment	28	6.0	4.560357142857142	3.782142857142857	5.2875000000000005
sub-10661	stranger	conditional	high_choice	28	0.8214285714285714	0.6872143700379177	0.6455090930171311	0.7084122226136873
sub-10661	stranger	conditional	investment	28	5.071428571428571	4.584059049623959	4.39000690787909	4.686627273695428
sub-10661	stranger	generative	high_choice	28	0.8214285714285714	0.6844642857142857	0.5357142857142857	0.8214285714285714
sub-10661	stranger	generative	investment	28	5.071428571428571	4.5725	3.857142857142857	5.2875000000000005
sub-10661	computer	conditional	high_choice	28	1.0	0.6892742381052571	0.6472121618008185	0.7087203498043735
sub-10661	computer	conditional	investment	28	6.0	4.597416816157692	4.399725899212004	4.688394013318165
sub-10661	computer	generative	high_choice	28	1.0	0.6882142857142857	0.5	0.8571428571428571
sub-10661	computer	generative	investment	28	6.0	4.598571428571429	3.7142857142857144	5.285714285714286
sub-10663	friend	conditional	high_choice	24	0.5416666666666666	0.4318396037469407	0.34997999763387794	0.510640262075123
sub-10663	friend	conditional	investment	24	4.25	3.5432523488076115	3.1119690742640738	3.9553767134686186
sub-10663	friend	generative	high_choice	24	0.5416666666666666	0.3997916666666667	0.20833333333333334	0.5843750000000003
sub-10663	friend	generative	investment	24	4.25	3.387916666666667	2.5812500000000003	4.416666666666667
sub-10663	stranger	conditional	high_choice	27	0.4074074074074074	0.4886218757486844	0.4242335582018213	0.5455247965799956
sub-10663	stranger	conditional	investment	27	3.259259259259259	3.5531829960874215	3.226440276854697	3.8494764962320898
sub-10663	stranger	generative	high_choice	27	0.4074074074074074	0.4748148148148148	0.2962962962962963	0.6296296296296297
sub-10663	stranger	generative	investment	27	3.259259259259259	3.4992592592592597	2.7370370370370374	4.296296296296297
sub-10663	computer	conditional	high_choice	25	0.16	0.3424000947822008	0.2547886309700477	0.44605267259415704
sub-10663	computer	conditional	investment	25	2.32	2.932747677137401	2.4629936939912915	3.456700398663526
sub-10663	computer	generative	high_choice	25	0.16	0.37420000000000003	0.19900000000000004	0.5610000000000003
sub-10663	computer	generative	investment	25	2.32	3.1327999999999996	2.08	4.24
sub-10668	friend	conditional	high_choice	13	0.8461538461538461	0.5061280768103765	0.40388788190108926	0.6083728348796905
sub-10668	friend	conditional	investment	13	5.230769230769231	3.6826082448333284	3.1581682047530726	4.12053006968148
sub-10668	friend	generative	high_choice	13	0.8461538461538461	0.495	0.15384615384615385	0.7692307692307693
sub-10668	friend	generative	investment	13	5.230769230769231	3.6238461538461535	2.1538461538461537	5.076923076923077
sub-10668	stranger	conditional	high_choice	12	0.4166666666666667	0.5156132497455868	0.4130860169385604	0.6188527062618031
sub-10668	stranger	conditional	investment	12	3.3333333333333335	3.618592063036583	3.160355632941786	4.056431086276857
sub-10668	stranger	generative	high_choice	12	0.4166666666666667	0.4933333333333333	0.16666666666666666	0.8333333333333334
sub-10668	stranger	generative	investment	12	3.3333333333333335	3.5133333333333336	2.1625	4.833333333333333
sub-10668	computer	conditional	high_choice	12	0.3333333333333333	0.5055298523832299	0.364010536930308	0.640433011802745
sub-10668	computer	conditional	investment	12	2.5	3.576016031842619	2.807088854860266	4.2345804931931275
sub-10668	computer	generative	high_choice	12	0.3333333333333333	0.505	0.16666666666666666	0.8333333333333334
sub-10668	computer	generative	investment	12	2.5	3.6308333333333334	2.0	5.166666666666667
sub-10673	friend	conditional	high_choice	28	0.6071428571428571	0.5744358271429059	0.49759769484781186	0.6382458537247274
sub-10673	friend	conditional	investment	28	4.214285714285714	4.037953161932981	3.6107053522203776	4.35508702190679
sub-10673	friend	generative	high_choice	28	0.6071428571428571	0.5726785714285714	0.3919642857142857	0.75
sub-10673	friend	generative	investment	28	4.214285714285714	4.048214285714286	3.142857142857143	4.858928571428572
sub-10673	stranger	conditional	high_choice	28	0.42857142857142855	0.5838242370232061	0.5114534980087144	0.640530563385216
sub-10673	stranger	conditional	investment	28	3.5	4.108518127756835	3.7739549692114625	4.373384280444737
sub-10673	stranger	generative	high_choice	28	0.42857142857142855	0.5751785714285714	0.39285714285714285	0.75
sub-10673	stranger	generative	investment	28	3.5	4.056785714285715	3.142857142857143	5.0
sub-10673	computer	conditional	high_choice	28	0.4642857142857143	0.5659037733459235	0.47102031913704534	0.6367811190360497
sub-10673	computer	conditional	investment	28	3.857142857142857	4.0028452365411615	3.484267394925536	4.352915651729718
sub-10673	computer	generative	high_choice	28	0.4642857142857143	0.5585714285714286	0.39285714285714285	0.7142857142857143
sub-10673	computer	generative	investment	28	3.857142857142857	3.962142857142857	3.0714285714285716	4.928571428571429
sub-10674	friend	conditional	high_choice	28	1.0	0.6942903990710428	0.66284611430784	0.7103414818865954
sub-10674	friend	conditional	investment	28	6.0	4.6208430987934435	4.473817305356781	4.695957390247868
sub-10674	friend	generative	high_choice	28	1.0	0.705	0.5357142857142857	0.8223214285714288
sub-10674	friend	generative	investment	28	6.0	4.666785714285714	3.9267857142857143	5.357142857142857
sub-10674	stranger	conditional	high_choice	28	1.0	0.6940237550121486	0.6624582285646144	0.7103609999295095
sub-10674	stranger	conditional	investment	28	6.0	4.616885723726483	4.467314430391614	4.69500033312747
sub-10674	stranger	generative	high_choice	28	1.0	0.6932142857142858	0.5714285714285714	0.8214285714285714
sub-10674	stranger	generative	investment	28	6.0	4.600357142857143	3.9285714285714284	5.144642857142858
sub-10674	computer	conditional	high_choice	28	1.0	0.6954192453590275	0.6627975343511228	0.7112380633923987
sub-10674	computer	conditional	investment	28	6.0	4.626384134477054	4.473789814595587	4.701027516482868
sub-10674	computer	generative	high_choice	28	1.0	0.6958928571428572	0.5357142857142857	0.8214285714285714
sub-10674	computer	generative	investment	28	6.0	4.6171428571428565	4.0	5.216071428571429
sub-10677	friend	conditional	high_choice	26	0.8076923076923077	0.5367140520901696	0.43878655577780745	0.6202515784559769
sub-10677	friend	conditional	investment	26	4.769230769230769	3.7618929543594413	3.2659444784794283	4.176030076943355
sub-10677	friend	generative	high_choice	26	0.8076923076923077	0.514423076923077	0.3076923076923077	0.693269230769231
sub-10677	friend	generative	investment	26	4.769230769230769	3.647692307692308	2.6903846153846156	4.54423076923077
sub-10677	stranger	conditional	high_choice	28	0.32142857142857145	0.5212826370991703	0.42303375392186837	0.6014853515310205
sub-10677	stranger	conditional	investment	28	3.0	3.794056906217985	3.2980187332634316	4.189908033820268
sub-10677	stranger	generative	high_choice	28	0.32142857142857145	0.5371428571428571	0.35714285714285715	0.7142857142857143
sub-10677	stranger	generative	investment	28	3.0	3.8832142857142857	3.0	4.716071428571429
sub-10677	computer	conditional	high_choice	28	0.35714285714285715	0.5071941075560824	0.404304397426548	0.5928511917453659
sub-10677	computer	conditional	investment	28	3.142857142857143	3.686853785117023	3.126020864674774	4.141415527607789
sub-10677	computer	generative	high_choice	28	0.35714285714285715	0.5092857142857143	0.32142857142857145	0.7142857142857143
sub-10677	computer	generative	investment	28	3.142857142857143	3.6803571428571433	2.7839285714285715	4.642857142857143
sub-10685	friend	conditional	high_choice	27	0.9259259259259259	0.42295213496551226	0.35185960154475826	0.4948160801886784
sub-10685	friend	conditional	investment	27	5.777777777777778	3.332180285298418	2.9751106080722742	3.67817611843165
sub-10685	friend	generative	high_choice	27	0.9259259259259259	0.42870370370370375	0.2212962962962963	0.6296296296296297
sub-10685	friend	generative	investment	27	5.777777777777778	3.3433333333333333	2.2944444444444443	4.296296296296297
sub-10685	stranger	conditional	high_choice	28	0.25	0.3917791942396259	0.2950379915626776	0.47548727874627833
sub-10685	stranger	conditional	investment	28	2.5	3.1269872677334996	2.6460471159770047	3.562747132574699
sub-10685	stranger	generative	high_choice	28	0.25	0.3998214285714286	0.21428571428571427	0.6071428571428571
sub-10685	stranger	generative	investment	28	2.5	3.1667857142857145	2.2142857142857144	4.146428571428572
sub-10685	computer	conditional	high_choice	28	0.07142857142857142	0.38624475023410443	0.2892361970764971	0.4731335124846504
sub-10685	computer	conditional	investment	28	1.7142857142857142	3.128023366605311	2.648988811709297	3.563617096030624
sub-10685	computer	generative	high_choice	28	0.07142857142857142	0.38982142857142854	0.21428571428571427	0.6071428571428571
sub-10685	computer	generative	investment	28	1.7142857142857142	3.1532142857142857	2.2142857142857144	4.073214285714286
sub-10690	friend	conditional	high_choice	14	0.7857142857142857	0.5943496679226383	0.5008112545340433	0.6731032569566235
sub-10690	friend	conditional	investment	14	4.714285714285714	4.1392884593041614	3.6315095392501244	4.526371030127915
sub-10690	friend	generative	high_choice	14	0.7857142857142857	0.587857142857143	0.2857142857142857	0.8571428571428571
sub-10690	friend	generative	investment	14	4.714285714285714	4.099285714285714	2.5714285714285716	5.285714285714286
sub-10690	stranger	conditional	high_choice	13	0.6153846153846154	0.6092294022090617	0.5186567963938207	0.6870843930688686
sub-10690	stranger	conditional	investment	13	4.153846153846154	4.252816981484899	3.8064342852006017	4.64157864556415
sub-10690	stranger	generative	high_choice	13	0.6153846153846154	0.6119230769230769	0.3076923076923077	0.8480769230769235
sub-10690	stranger	generative	investment	13	4.153846153846154	4.243846153846153	2.769230769230769	5.6923076923076925
sub-10690	computer	conditional	high_choice	14	0.35714285714285715	0.593383000961842	0.4976771976887066	0.6723014089402654
sub-10690	computer	conditional	investment	14	3.0	4.1296106031083175	3.6192113183597026	4.516255624160691
sub-10690	computer	generative	high_choice	14	0.35714285714285715	0.5921428571428572	0.35714285714285715	0.8571428571428571
sub-10690	computer	generative	investment	14	3.0	4.13	2.7142857142857144	5.571428571428571
sub-10691	friend	conditional	high_choice	28	0.9642857142857143	0.6781378052497515	0.6389692216426884	0.7035543475931121
sub-10691	friend	conditional	investment	28	5.785714285714286	4.545747440758322	4.3633483598780245	4.66407464521887
sub-10691	friend	generative	high_choice	28	0.9642857142857143	0.68	0.5357142857142857	0.8571428571428571
sub-10691	friend	generative	investment	28	5.785714285714286	4.551428571428572	3.855357142857143	5.358928571428572
sub-10691	stranger	conditional	high_choice	28	0.9285714285714286	0.6774582408671634	0.6385831537054291	0.7035610261264719
sub-10691	stranger	conditional	investment	28	5.785714285714286	4.538180966938727	4.359517368696899	4.663693426314066
sub-10691	stranger	generative	high_choice	28	0.9285714285714286	0.6866071428571427	0.5357142857142857	0.8571428571428571
sub-10691	stranger	generative	investment	28	5.785714285714286	4.590357142857143	3.7857142857142856	5.358928571428572
sub-10691	computer	conditional	high_choice	28	0.9285714285714286	0.6782566575998255	0.638845176054073	0.7037219637402639
sub-10691	computer	conditional	investment	28	5.714285714285714	4.545082589594815	4.361837040150295	4.665014594382809
sub-10691	computer	generative	high_choice	28	0.9285714285714286	0.6832142857142857	0.5357142857142857	0.8571428571428571
sub-10691	computer	generative	investment	28	5.714285714285714	4.577142857142857	3.7839285714285715	5.2875000000000005
sub-10700	friend	conditional	high_choice	28	0.7857142857142857	0.3985608972250638	0.3217627840627518	0.47031216904998197
sub-10700	friend	conditional	investment	28	5.285714285714286	3.189722046260233	2.7694320220479294	3.5755334616558474
sub-10700	friend	generative	high_choice	28	0.7857142857142857	0.3919642857142857	0.21339285714285716	0.5723214285714288
sub-10700	friend	generative	investment	28	5.285714285714286	3.1675	2.2839285714285715	4.0
sub-10700	stranger	conditional	high_choice	28	0.10714285714285714	0.40792438004821874	0.3273908369422288	0.4797648022334861
sub-10700	stranger	conditional	investment	28	2.142857142857143	3.255232548255723	2.827671409379299	3.632228574354007
sub-10700	stranger	generative	high_choice	28	0.10714285714285714	0.4114285714285715	0.25	0.6071428571428571
sub-10700	stranger	generative	investment	28	2.142857142857143	3.2596428571428566	2.4267857142857143	4.216071428571429
sub-10700	computer	conditional	high_choice	28	0.14285714285714285	0.3871538515211159	0.29500076128142994	0.4702731577560211
sub-10700	computer	conditional	investment	28	2.0	3.1382676501292712	2.618418982095345	3.5595988511034613
sub-10700	computer	generative	high_choice	28	0.14285714285714285	0.3894642857142857	0.21428571428571427	0.5714285714285714
sub-10700	computer	generative	investment	28	2.0	3.127142857142857	2.2839285714285715	4.075
sub-10701	friend	conditional	high_choice	28	0.14285714285714285	0.21762109388362583	0.1456005649144986	0.30414553997415467
sub-10701	friend	conditional	investment	28	2.2857142857142856	2.2551132913339127	1.9356841082148568	2.681700543577714
sub-10701	friend	generative	high_choice	28	0.14285714285714285	0.24017857142857144	0.07142857142857142	0.39285714285714285
sub-10701	friend	generative	investment	28	2.2857142857142856	2.3492857142857146	1.7142857142857142	3.142857142857143
sub-10701	stranger	conditional	high_choice	27	0.25925925925925924	0.2833241311247639	0.21095065169532481	0.38051316107177063
sub-10701	stranger	conditional	investment	27	2.5925925925925926	2.653705160819616	2.253309717126476	3.1961654255572842
sub-10701	stranger	generative	high_choice	27	0.25925925925925924	0.26481481481481484	0.1111111111111111	0.48148148148148145
sub-10701	stranger	generative	investment	27	2.5925925925925926	2.5244444444444447	1.7777777777777777	3.557407407407408
sub-10701	computer	conditional	high_choice	28	0.17857142857142858	0.24739910876267512	0.1793084800219231	0.32593052466253747
sub-10701	computer	conditional	investment	28	2.142857142857143	2.392488029537582	2.0586990037246777	2.8046371323397516
sub-10701	computer	generative	high_choice	28	0.17857142857142858	0.23214285714285712	0.07142857142857142	0.42857142857142855
sub-10701	computer	generative	investment	28	2.142857142857143	2.334285714285714	1.6428571428571428	3.216071428571429
sub-10713	friend	conditional	high_choice	27	0.37037037037037035	0.3482773372336024	0.2593411577304325	0.4497527787109875
sub-10713	friend	conditional	investment	27	3.259259259259259	2.9438637019031173	2.4997624999874057	3.5044732523392375
sub-10713	friend	generative	high_choice	27	0.37037037037037035	0.3685185185185185	0.18518518518518517	0.5564814814814817
sub-10713	friend	generative	investment	27	3.259259259259259	3.032962962962963	2.072222222222222	4.0
sub-10713	stranger	conditional	high_choice	27	0.1111111111111111	0.36234632692417323	0.26874634180426865	0.46339238930784893
sub-10713	stranger	conditional	investment	27	1.7777777777777777	2.901020514843889	2.4393304925685704	3.4606611379327066
sub-10713	stranger	generative	high_choice	27	0.1111111111111111	0.38	0.18518518518518517	0.5564814814814817
sub-10713	stranger	generative	investment	27	1.7777777777777777	3.0088888888888885	2.0	3.9277777777777785
sub-10713	computer	conditional	high_choice	27	0.48148148148148145	0.3637794472770106	0.26937118383734027	0.45678236133062344
sub-10713	computer	conditional	investment	27	3.4814814814814814	2.886780813561945	2.429300314018667	3.4000006211912455
sub-10713	computer	generative	high_choice	27	0.48148148148148145	0.37870370370370365	0.18518518518518517	0.5925925925925926
sub-10713	computer	generative	investment	27	3.4814814814814814	2.9551851851851847	1.9981481481481482	3.925925925925926
sub-10716	friend	conditional	high_choice	28	0.6071428571428571	0.595821893257607	0.4937953710831031	0.684490336557795
sub-10716	friend	conditional	investment	28	4.142857142857143	4.09353007762082	3.5344458475320004	4.568566247301795
sub-10716	friend	generative	high_choice	28	0.6071428571428571	0.5948214285714286	0.4276785714285714	0.7857142857142857
sub-10716	friend	generative	investment	28	4.142857142857143	4.089285714285714	3.142857142857143	5.001785714285715
sub-10716	stranger	conditional	high_choice	28	0.5714285714285714	0.6114273179181224	0.5146826926532438	0.6858571427981187
sub-10716	stranger	conditional	investment	28	4.0	4.199144640444117	3.6906933793346286	4.585482340501084
sub-10716	stranger	generative	high_choice	28	0.5714285714285714	0.6053571428571428	0.4642857142857143	0.75
sub-10716	stranger	generative	investment	28	4.0	4.162857142857142	3.4267857142857143	4.857142857142857
sub-10716	computer	conditional	high_choice	28	0.4642857142857143	0.5857231009955356	0.49070089411636025	0.6830165925904332
sub-10716	computer	conditional	investment	28	3.5714285714285716	4.052463060472496	3.519995861556685	4.569202733316771
sub-10716	computer	generative	high_choice	28	0.4642857142857143	0.59125	0.42857142857142855	0.7508928571428574
sub-10716	computer	generative	investment	28	3.5714285714285716	4.068214285714285	3.2142857142857144	4.932142857142858
sub-10718	friend	conditional	high_choice	28	0.9642857142857143	0.6942863341841315	0.664583213240138	0.7092350222107654
sub-10718	friend	conditional	investment	28	5.857142857142857	4.618861658161744	4.481071954404793	4.6900386781630115
sub-10718	friend	generative	high_choice	28	0.9642857142857143	0.6960714285714286	0.5357142857142857	0.8214285714285714
sub-10718	friend	generative	investment	28	5.857142857142857	4.630714285714285	3.855357142857143	5.285714285714286
sub-10718	stranger	conditional	high_choice	28	1.0	0.6949846300850879	0.6649033723514409	0.7094957548257483
sub-10718	stranger	conditional	investment	28	6.0	4.622351631912439	4.482940388442689	4.691239395758831
sub-10718	stranger	generative	high_choice	28	1.0	0.7	0.5714285714285714	0.8571428571428571
sub-10718	stranger	generative	investment	28	6.0	4.651428571428571	3.857142857142857	5.428571428571429
sub-10718	computer	conditional	high_choice	28	1.0	0.694603337974835	0.6648304140778812	0.70924941247701
sub-10718	computer	conditional	investment	28	6.0	4.6213079434163244	4.482732912407324	4.690422190950926
sub-10718	computer	generative	high_choice	28	1.0	0.6939285714285713	0.5357142857142857	0.8214285714285714
sub-10718	computer	generative	investment	28	6.0	4.6175	3.857142857142857	5.285714285714286
sub-10720	friend	conditional	high_choice	28	0.8214285714285714	0.5969143407145054	0.5049281511346787	0.6678251166201973
sub-10720	friend	conditional	investment	28	5.071428571428571	4.104903852651913	3.5956062463868137	4.480286950251207
sub-10720	friend	generative	high_choice	28	0.8214285714285714	0.5905357142857143	0.42857142857142855	0.8214285714285714
sub-10720	friend	generative	investment	28	5.071428571428571	4.0757142857142865	3.2142857142857144	5.142857142857143
sub-10720	stranger	conditional	high_choice	28	0.5714285714285714	0.6195401665743501	0.5569689343190652	0.6737034865013457
sub-10720	stranger	conditional	investment	28	4.142857142857143	4.265168760897981	3.9333424611352688	4.523158935854389
sub-10720	stranger	generative	high_choice	28	0.5714285714285714	0.62125	0.42857142857142855	0.7508928571428574
sub-10720	stranger	generative	investment	28	4.142857142857143	4.291428571428571	3.357142857142857	5.0
sub-10720	computer	conditional	high_choice	28	0.35714285714285715	0.585033668750631	0.4851420625526552	0.6640834802328391
sub-10720	computer	conditional	investment	28	2.7857142857142856	4.056857835326971	3.5027227055234538	4.4798829243295435
sub-10720	computer	generative	high_choice	28	0.35714285714285715	0.5941071428571428	0.4276785714285714	0.7508928571428574
sub-10720	computer	generative	investment	28	2.7857142857142856	4.120357142857142	3.2142857142857144	4.858928571428572
sub-10723	friend	conditional	high_choice	28	0.5	0.49336222464214513	0.3977420135604125	0.5751086250664715
sub-10723	friend	conditional	investment	28	3.7857142857142856	3.6031269067302127	3.043140462678729	4.046635310185017
sub-10723	friend	generative	high_choice	28	0.5	0.4855357142857143	0.21428571428571427	0.7142857142857143
sub-10723	friend	generative	investment	28	3.7857142857142856	3.5492857142857144	2.498214285714286	4.573214285714286
sub-10723	stranger	conditional	high_choice	28	0.4642857142857143	0.4950734211080014	0.4000296129207112	0.5779688305042856
sub-10723	stranger	conditional	investment	28	3.0714285714285716	3.626714823920926	3.080247557202404	4.059898865944895
sub-10723	stranger	generative	high_choice	28	0.4642857142857143	0.49857142857142855	0.28482142857142856	0.7142857142857143
sub-10723	stranger	generative	investment	28	3.0714285714285716	3.6596428571428565	2.6392857142857142	4.573214285714286
sub-10723	computer	conditional	high_choice	27	0.5185185185185185	0.4669148421920437	0.3564323998205806	0.5679953973738
sub-10723	computer	conditional	investment	27	3.4074074074074074	3.416719621196373	2.770522092670967	3.968204409716412
sub-10723	computer	generative	high_choice	27	0.5185185185185185	0.4833333333333333	0.2962962962962963	0.6675925925925927
sub-10723	computer	generative	investment	27	3.4074074074074074	3.501111111111111	2.5925925925925926	4.518518518518518
sub-10741	friend	conditional	high_choice	27	0.6666666666666666	0.5269388067724008	0.42305223349075516	0.6088636625821029
sub-10741	friend	conditional	investment	27	4.592592592592593	3.7464947488018425	3.1663319972141952	4.168744725666528
sub-10741	friend	generative	high_choice	27	0.6666666666666666	0.5253703703703704	0.2962962962962963	0.7407407407407407
sub-10741	friend	generative	investment	27	4.592592592592593	3.7314814814814814	2.6666666666666665	4.744444444444445
sub-10741	stranger	conditional	high_choice	28	0.32142857142857145	0.5329003892720747	0.44011511311156803	0.6054026909887927
sub-10741	stranger	conditional	investment	28	2.642857142857143	3.8340097925350425	3.3169408169460906	4.2055117733503895
sub-10741	stranger	generative	high_choice	28	0.32142857142857145	0.5319642857142857	0.32142857142857145	0.7151785714285717
sub-10741	stranger	generative	investment	28	2.642857142857143	3.834642857142857	2.857142857142857	4.857142857142857
sub-10741	computer	conditional	high_choice	28	0.4642857142857143	0.5350264023638927	0.43292973724771566	0.606358759001139
sub-10741	computer	conditional	investment	28	3.4285714285714284	3.8476595941639626	3.301145602770924	4.212314692971934
sub-10741	computer	generative	high_choice	28	0.4642857142857143	0.5335714285714286	0.35625	0.7142857142857143
sub-10741	computer	generative	investment	28	3.4285714285714284	3.8407142857142857	2.857142857142857	4.785714285714286
sub-10748	friend	conditional	high_choice	28	0.8928571428571429	0.6686960840726843	0.6221722801994699	0.7003898271936478
sub-10748	friend	conditional	investment	28	5.357142857142857	4.49130727552646	4.250293238042145	4.648211152791918
sub-10748	friend	generative	high_choice	28	0.8928571428571429	0.6607142857142857	0.5	0.8214285714285714
sub-10748	friend	generative	investment	28	5.357142857142857	4.440357142857142	3.5	5.285714285714286
sub-10748	stranger	conditional	high_choice	28	0.6071428571428571	0.6706253342095856	0.6284987957148852	0.7003112623453305
sub-10748	stranger	conditional	investment	28	4.214285714285714	4.506099621146805	4.297483410843526	4.6494168729663015
sub-10748	stranger	generative	high_choice	28	0.6071428571428571	0.6780357142857143	0.5	0.8223214285714288
sub-10748	stranger	generative	investment	28	4.214285714285714	4.537142857142857	3.642857142857143	5.285714285714286
sub-10748	computer	conditional	high_choice	28	0.8214285714285714	0.6762251435120291	0.6395617869150917	0.7039033034686144
sub-10748	computer	conditional	investment	28	5.285714285714286	4.538849485034936	4.365140888252538	4.668876827558001
sub-10748	computer	generative	high_choice	28	0.8214285714285714	0.6785714285714286	0.5	0.8214285714285714
sub-10748	computer	generative	investment	28	5.285714285714286	4.53	3.7857142857142856	5.214285714285714
sub-10767	friend	conditional	high_choice	28	1.0	0.5365718857011906	0.4428486191090215	0.6189245800253494
sub-10767	friend	conditional	investment	28	6.0	3.839665542009611	3.3294863297288324	4.267670165620446
sub-10767	friend	generative	high_choice	28	1.0	0.5221428571428571	0.32142857142857145	0.6785714285714286
sub-10767	friend	generative	investment	28	6.0	3.757142857142857	2.7839285714285715	4.571428571428571
sub-10767	stranger	conditional	high_choice	28	0.5357142857142857	0.5492379416498131	0.4745716889567657	0.6278656853136793
sub-10767	stranger	conditional	investment	28	3.642857142857143	3.910200155905593	3.5067296830362436	4.29575471661128
sub-10767	stranger	generative	high_choice	28	0.5357142857142857	0.5573214285714285	0.35714285714285715	0.7508928571428574
sub-10767	stranger	generative	investment	28	3.642857142857143	3.950357142857142	2.857142857142857	4.860714285714286
sub-10767	computer	conditional	high_choice	28	0.0	0.5293399550281991	0.4283034153379157	0.6163332239034669
sub-10767	computer	conditional	investment	28	1.4285714285714286	3.796253041653788	3.2675546355386236	4.249726344825948
sub-10767	computer	generative	high_choice	28	0.0	0.5401785714285715	0.32142857142857145	0.75
sub-10767	computer	generative	investment	28	1.4285714285714286	3.8417857142857144	2.857142857142857	4.857142857142857
sub-10770	friend	conditional	high_choice	28	0.6785714285714286	0.6440101256824662	0.5992813338527178	0.6856575540987309
sub-10770	friend	conditional	investment	28	4.5	4.376434211218792	4.164856058514579	4.575208324806895
sub-10770	friend	generative	high_choice	28	0.6785714285714286	0.6496428571428572	0.4642857142857143	0.8214285714285714
sub-10770	friend	generative	investment	28	4.5	4.423214285714286	3.5714285714285716	5.142857142857143
sub-10770	stranger	conditional	high_choice	27	0.6296296296296297	0.6509340084057232	0.6034345712101478	0.6928182527707676
sub-10770	stranger	conditional	investment	27	4.0	4.329748259550522	4.111330906937821	4.526565685005655
sub-10770	stranger	generative	high_choice	27	0.6296296296296297	0.6487037037037037	0.48148148148148145	0.8148148148148148
sub-10770	stranger	generative	investment	27	4.0	4.326666666666667	3.4796296296296294	5.112962962962963
sub-10770	computer	conditional	high_choice	28	0.8214285714285714	0.6418157268479256	0.5970747727997164	0.6827594355439686
sub-10770	computer	conditional	investment	28	5.142857142857143	4.363263104149699	4.109689341018278	4.561716823053793
sub-10770	computer	generative	high_choice	28	0.8214285714285714	0.6508928571428573	0.49910714285714286	0.8214285714285714
sub-10770	computer	generative	investment	28	5.142857142857143	4.403928571428571	3.4267857142857143	5.142857142857143
sub-10777	friend	conditional	high_choice	14	1.0	0.46499032491769027	0.3493115758596507	0.559349962464367
sub-10777	friend	conditional	investment	14	6.0	3.4899127263784693	2.849086401209323	3.9592569053600624
sub-10777	friend	generative	high_choice	14	1.0	0.4535714285714285	0.21428571428571427	0.7142857142857143
sub-10777	friend	generative	investment	14	6.0	3.4264285714285716	2.282142857142857	4.717857142857143
sub-10777	stranger	conditional	high_choice	14	0.35714285714285715	0.43533991135647404	0.29952691072592086	0.5411359429193723
sub-10777	stranger	conditional	investment	14	2.2857142857142856	3.312898123636147	2.514501173595061	3.8762096517257394
sub-10777	stranger	generative	high_choice	14	0.35714285714285715	0.42107142857142854	0.14285714285714285	0.7142857142857143
sub-10777	stranger	generative	investment	14	2.2857142857142856	3.253571428571429	2.0	4.857142857142857
sub-10777	computer	conditional	high_choice	14	0.0	0.44620733611865093	0.31547592001994307	0.5521939908420918
sub-10777	computer	conditional	investment	14	1.4285714285714286	3.4048250906619186	2.66941057651608	3.9221084869959433
sub-10777	computer	generative	high_choice	14	0.0	0.4432142857142858	0.14285714285714285	0.7142857142857143
sub-10777	computer	generative	investment	14	1.4285714285714286	3.392857142857143	2.0	4.714285714285714
sub-10781	friend	conditional	high_choice	27	0.9629629629629629	0.48234304161317787	0.3967387659578088	0.5635182832318448
sub-10781	friend	conditional	investment	27	5.851851851851852	3.5630093016268574	3.1010868234137092	3.9518752693346024
sub-10781	friend	generative	high_choice	27	0.9629629629629629	0.47962962962962963	0.2962962962962963	0.6675925925925927
sub-10781	friend	generative	investment	27	5.851851851851852	3.5644444444444447	2.5925925925925926	4.594444444444445
sub-10781	stranger	conditional	high_choice	28	0.07142857142857142	0.48266417794971544	0.3949669837305074	0.5626399085948733
sub-10781	stranger	conditional	investment	28	1.6428571428571428	3.61095646919239	3.1419991000127663	4.000446387000014
sub-10781	stranger	generative	high_choice	28	0.07142857142857142	0.4869642857142857	0.2857142857142857	0.679464285714286
sub-10781	stranger	generative	investment	28	1.6428571428571428	3.66	2.6410714285714287	4.642857142857143
sub-10781	computer	conditional	high_choice	28	0.21428571428571427	0.4950350188097603	0.41443106029580434	0.5706173407536498
sub-10781	computer	conditional	investment	28	2.4285714285714284	3.6846489170496968	3.285577865685872	4.043486248503548
sub-10781	computer	generative	high_choice	28	0.21428571428571427	0.4882142857142857	0.2857142857142857	0.7142857142857143
sub-10781	computer	generative	investment	28	2.4285714285714284	3.617857142857143	2.642857142857143	4.716071428571429
sub-10783	friend	conditional	high_choice	27	0.5925925925925926	0.26737988244498	0.18576067538551047	0.36109851150289907
sub-10783	friend	conditional	investment	27	3.7777777777777777	2.3500250143860826	1.9881436017040817	2.8676298791139274
sub-10783	friend	generative	high_choice	27	0.5925925925925926	0.27444444444444444	0.1111111111111111	0.48148148148148145
sub-10783	friend	generative	investment	27	3.7777777777777777	2.3844444444444446	1.7037037037037037	3.2629629629629635
sub-10783	stranger	conditional	high_choice	27	0.1111111111111111	0.2775077584461105	0.1941891906449194	0.38178823836895753
sub-10783	stranger	conditional	investment	27	1.7037037037037037	2.4989963972695315	2.0923408905879626	3.0802896189206606
sub-10783	stranger	generative	high_choice	27	0.1111111111111111	0.2846296296296296	0.1111111111111111	0.5185185185185185
sub-10783	stranger	generative	investment	27	1.7037037037037037	2.5303703703703704	1.7777777777777777	3.7037037037037037
sub-10783	computer	conditional	high_choice	27	0.037037037037037035	0.260041552068517	0.1833545177899223	0.3518416813567796
sub-10783	computer	conditional	investment	27	1.4814814814814814	2.3216342130628287	1.980474251881128	2.8115549267595337
sub-10783	computer	generative	high_choice	27	0.037037037037037035	0.2759259259259259	0.1111111111111111	0.4444444444444444
sub-10783	computer	generative	investment	27	1.4814814814814814	2.388148148148148	1.7037037037037037	3.3333333333333335
sub-10785	friend	conditional	high_choice	28	0.39285714285714285	0.34450514941995464	0.2939431442159517	0.40234037266902273
sub-10785	friend	conditional	investment	28	3.0	2.680066630615148	2.4094214185663674	3.0109027612872348
sub-10785	friend	generative	high_choice	28	0.39285714285714285	0.35660714285714284	0.2491071428571429	0.5
sub-10785	friend	generative	investment	28	3.0	2.7507142857142854	2.0714285714285716	3.5017857142857145
sub-10785	stranger	conditional	high_choice	28	0.2857142857142857	0.36264308206979196	0.3117846224322424	0.42820435923959216
sub-10785	stranger	conditional	investment	28	2.5	2.7875653299743046	2.486773724787406	3.175034366366291
sub-10785	stranger	generative	high_choice	28	0.2857142857142857	0.37375	0.21428571428571427	0.5357142857142857
sub-10785	stranger	generative	investment	28	2.5	2.878571428571428	2.1410714285714287	3.7875
sub-10785	computer	conditional	high_choice	27	0.3333333333333333	0.3687140219523912	0.3154002987701172	0.4305208053919827
sub-10785	computer	conditional	investment	27	2.5925925925925926	2.771868947694352	2.4879762257655003	3.1372841005762457
sub-10785	computer	generative	high_choice	27	0.3333333333333333	0.38537037037037036	0.2222222222222222	0.5555555555555556
sub-10785	computer	generative	investment	27	2.5925925925925926	2.8551851851851855	2.072222222222222	3.6351851851851866
sub-10794	friend	conditional	high_choice	28	0.6785714285714286	0.4755004689260972	0.3988072721368734	0.5588078832784475
sub-10794	friend	conditional	investment	28	4.214285714285714	3.418071546670906	2.956636802299011	3.8950710240345963
sub-10794	friend	generative	high_choice	28	0.6785714285714286	0.47357142857142853	0.32142857142857145	0.6785714285714286
sub-10794	friend	generative	investment	28	4.214285714285714	3.4167857142857145	2.5714285714285716	4.358928571428572
sub-10794	stranger	conditional	high_choice	28	0.35714285714285715	0.4917458625219453	0.41731281462627334	0.5714101981007165
sub-10794	stranger	conditional	investment	28	2.642857142857143	3.5310736305384323	3.103508727259614	3.9798323571059537
sub-10794	stranger	generative	high_choice	28	0.35714285714285715	0.49964285714285706	0.32142857142857145	0.6785714285714286
sub-10794	stranger	generative	investment	28	2.642857142857143	3.573928571428571	2.7857142857142856	4.428571428571429
sub-10794	computer	conditional	high_choice	27	0.48148148148148145	0.48423036506043116	0.4126283896424583	0.5665749967515391
sub-10794	computer	conditional	investment	27	3.3333333333333335	3.4637146147489317	3.0640090930575856	3.923058746351347
sub-10794	computer	generative	high_choice	27	0.48148148148148145	0.47907407407407404	0.2962962962962963	0.6296296296296297
sub-10794	computer	generative	investment	27	3.3333333333333335	3.4144444444444444	2.5185185185185186	4.15
sub-10800	friend	conditional	high_choice	28	0.7142857142857143	0.6658094914258714	0.6175654579436061	0.6948355334814984
sub-10800	friend	conditional	investment	28	4.785714285714286	4.484000911930354	4.258206727378674	4.623459603921448
sub-10800	friend	generative	high_choice	28	0.7142857142857143	0.6657142857142858	0.5	0.8214285714285714
sub-10800	friend	generative	investment	28	4.785714285714286	4.473571428571429	3.5714285714285716	5.216071428571429
sub-10800	stranger	conditional	high_choice	25	0.84	0.6721119445528868	0.6228040048977308	0.7003535274821671
sub-10800	stranger	conditional	investment	25	5.44	4.566831884681846	4.321805120698134	4.705988508066737
sub-10800	stranger	generative	high_choice	25	0.84	0.6777999999999998	0.52	0.84
sub-10800	stranger	generative	investment	25	5.44	4.5804	3.84	5.28
sub-10800	computer	conditional	high_choice	27	0.9259259259259259	0.656215110786841	0.6117099443703728	0.6841636507159954
sub-10800	computer	conditional	investment	27	5.851851851851852	4.514735949607758	4.301994287451185	4.6483683227304855
sub-10800	computer	generative	high_choice	27	0.9259259259259259	0.6516666666666666	0.5175925925925926	0.8148148148148148
sub-10800	computer	generative	investment	27	5.851851851851852	4.502222222222223	3.8518518518518516	5.185185185185185
sub-10801	friend	conditional	high_choice	28	0.9642857142857143	0.6267925194368883	0.5710987015976738	0.6758591191962185
sub-10801	friend	conditional	investment	28	5.857142857142857	4.299320658658462	4.033760806821211	4.534244774948599
sub-10801	friend	generative	high_choice	28	0.9642857142857143	0.6251785714285715	0.42857142857142855	0.7857142857142857
sub-10801	friend	generative	investment	28	5.857142857142857	4.290714285714286	3.357142857142857	5.071428571428571
sub-10801	stranger	conditional	high_choice	28	0.9285714285714286	0.6284538164801066	0.5760911400448414	0.6759444485524675
sub-10801	stranger	conditional	investment	28	5.642857142857143	4.311847722118623	4.0664054954948945	4.535653602980968
sub-10801	stranger	generative	high_choice	28	0.9285714285714286	0.6257142857142858	0.42857142857142855	0.7857142857142857
sub-10801	stranger	generative	investment	28	5.642857142857143	4.319642857142856	3.5	5.142857142857143
sub-10801	computer	conditional	high_choice	28	0.6071428571428571	0.6255373903416935	0.5721741878552354	0.674943285587877
sub-10801	computer	conditional	investment	28	4.428571428571429	4.297867707654195	4.0428151396010845	4.531355607544609
sub-10801	computer	generative	high_choice	28	0.6071428571428571	0.62625	0.42857142857142855	0.7866071428571431
sub-10801	computer	generative	investment	28	4.428571428571429	4.325	3.4267857142857143	5.144642857142858
sub-10802	friend	conditional	high_choice	28	0.75	0.5442522317081013	0.4664404027996818	0.6134919154983293
sub-10802	friend	conditional	investment	28	4.642857142857143	3.8171680547690925	3.3767298153807	4.196104662543831
sub-10802	friend	generative	high_choice	28	0.75	0.5533928571428571	0.3919642857142857	0.7142857142857143
sub-10802	friend	generative	investment	28	4.642857142857143	3.876071428571429	2.998214285714286	4.571428571428571
sub-10802	stranger	conditional	high_choice	28	0.42857142857142855	0.496139358048533	0.42022364326993	0.5815806945842753
sub-10802	stranger	conditional	investment	28	3.2142857142857144	3.527112956484841	3.088918294494935	4.0272265913528935
sub-10802	stranger	generative	high_choice	28	0.42857142857142855	0.4957142857142857	0.32142857142857145	0.7142857142857143
sub-10802	stranger	generative	investment	28	3.2142857142857144	3.5303571428571434	2.5714285714285716	4.573214285714286
sub-10802	computer	conditional	high_choice	28	0.42857142857142855	0.5091565129368728	0.4418985923705727	0.583108039793442
sub-10802	computer	conditional	investment	28	2.9285714285714284	3.625612208521783	3.2417279663653646	4.039984055043794
sub-10802	computer	generative	high_choice	28	0.42857142857142855	0.5098214285714285	0.35714285714285715	0.6785714285714286
sub-10802	computer	generative	investment	28	2.9285714285714284	3.642857142857143	2.857142857142857	4.571428571428571
sub-10803	friend	conditional	high_choice	14	0.5	0.5624732008310599	0.4378023083993431	0.6545025534182878
sub-10803	friend	conditional	investment	14	3.4285714285714284	3.9570810542104202	3.308751425719171	4.415013449493011
sub-10803	friend	generative	high_choice	14	0.5	0.5703571428571429	0.2857142857142857	0.8571428571428571
sub-10803	friend	generative	investment	14	3.4285714285714284	3.9907142857142857	2.5714285714285716	5.428571428571429
sub-10803	stranger	conditional	high_choice	14	0.7142857142857143	0.5798580964110128	0.47170221015265107	0.6595576875678216
sub-10803	stranger	conditional	investment	14	4.571428571428571	4.066005988379573	3.4956463632280155	4.457126287945783
sub-10803	stranger	generative	high_choice	14	0.7142857142857143	0.5721428571428571	0.2857142857142857	0.8571428571428571
sub-10803	stranger	generative	investment	14	4.571428571428571	3.9935714285714288	2.4285714285714284	5.285714285714286
sub-10803	computer	conditional	high_choice	14	0.5714285714285714	0.5740212674963598	0.4625613821705512	0.6574307047872122
sub-10803	computer	conditional	investment	14	3.4285714285714284	4.03570312426657	3.4364262041270606	4.448088297938883
sub-10803	computer	generative	high_choice	14	0.5714285714285714	0.5821428571428572	0.2857142857142857	0.7875000000000004
sub-10803	computer	generative	investment	14	3.4285714285714284	4.047142857142858	2.7142857142857144	5.142857142857143
sub-10804	friend	conditional	high_choice	26	0.8846153846153846	0.6637658023408699	0.6057776287999087	0.7043364539595636
sub-10804	friend	conditional	investment	26	5.615384615384615	4.449204760524628	4.161193356477584	4.64554566650312
sub-10804	friend	generative	high_choice	26	0.8846153846153846	0.6630769230769231	0.5	0.8076923076923077
sub-10804	friend	generative	investment	26	5.615384615384615	4.452307692307692	3.5384615384615383	5.1557692307692315
sub-10804	stranger	conditional	high_choice	27	0.7777777777777778	0.6442686590833985	0.5897984485262081	0.6804542265799608
sub-10804	stranger	conditional	investment	27	5.037037037037037	4.4514615231769765	4.183221896903078	4.630611766727544
sub-10804	stranger	generative	high_choice	27	0.7777777777777778	0.6370370370370371	0.48148148148148145	0.8148148148148148
sub-10804	stranger	generative	investment	27	5.037037037037037	4.427407407407408	3.6296296296296298	5.185185185185185
sub-10804	computer	conditional	high_choice	28	0.6428571428571429	0.6540294869860444	0.6006485039632259	0.6900089564243418
sub-10804	computer	conditional	investment	28	4.357142857142857	4.4272519488438755	4.174332994797728	4.600600794626246
sub-10804	computer	generative	high_choice	28	0.6428571428571429	0.6525	0.5	0.8214285714285714
sub-10804	computer	generative	investment	28	4.357142857142857	4.424285714285714	3.5714285714285716	5.2875000000000005
sub-10806	friend	conditional	high_choice	26	0.8461538461538461	0.48153042016490505	0.3862255945333149	0.5618026980544284
sub-10806	friend	conditional	investment	26	5.230769230769231	3.557548808882402	3.0437499035722873	3.937201915388295
sub-10806	friend	generative	high_choice	26	0.8461538461538461	0.48038461538461535	0.2692307692307692	0.6923076923076923
sub-10806	friend	generative	investment	26	5.230769230769231	3.555769230769231	2.4615384615384617	4.617307692307692
sub-10806	stranger	conditional	high_choice	28	0.4642857142857143	0.48362878901373646	0.38830407115718873	0.5687319852758657
sub-10806	stranger	conditional	investment	28	3.5	3.588332498330999	3.0566211566398698	4.017348846349441
sub-10806	stranger	generative	high_choice	28	0.4642857142857143	0.4876785714285714	0.32142857142857145	0.6785714285714286
sub-10806	stranger	generative	investment	28	3.5	3.621428571428572	2.7125000000000004	4.575
sub-10806	computer	conditional	high_choice	28	0.03571428571428571	0.46107129476802017	0.3511185171307429	0.5589331004508707
sub-10806	computer	conditional	investment	28	1.5	3.4630945181732824	2.876634161283584	3.9709556262002286
sub-10806	computer	generative	high_choice	28	0.03571428571428571	0.4628571428571428	0.25	0.6785714285714286
sub-10806	computer	generative	investment	28	1.5	3.46	2.498214285714286	4.5
sub-10807	friend	conditional	high_choice	28	1.0	0.686062293126872	0.6505691676328129	0.7067840192546465
sub-10807	friend	conditional	investment	28	6.0	4.578318572253681	4.412472224556252	4.6786417046703335
sub-10807	friend	generative	high_choice	28	1.0	0.681607142857143	0.5357142857142857	0.8223214285714288
sub-10807	friend	generative	investment	28	6.0	4.563928571428572	3.9267857142857143	5.285714285714286
sub-10807	stranger	conditional	high_choice	27	0.8888888888888888	0.6757162455826036	0.6423324188042631	0.6961950216364886
sub-10807	stranger	conditional	investment	27	5.407407407407407	4.6050274948531635	4.44703533549736	4.704288994854667
sub-10807	stranger	generative	high_choice	27	0.8888888888888888	0.6816666666666668	0.5185185185185185	0.8148148148148148
sub-10807	stranger	generative	investment	27	5.407407407407407	4.622592592592593	3.8499999999999996	5.407407407407407
sub-10807	computer	conditional	high_choice	26	0.8461538461538461	0.6673926433204821	0.6355128886288722	0.6859835879604044
sub-10807	computer	conditional	investment	26	5.538461538461538	4.578462758480024	4.431056041774001	4.664133789699622
sub-10807	computer	generative	high_choice	26	0.8461538461538461	0.6675	0.5	0.8076923076923077
sub-10807	computer	generative	investment	26	5.538461538461538	4.5965384615384615	3.769230769230769	5.230769230769231
sub-10809	friend	conditional	high_choice	28	0.6071428571428571	0.3821174804723555	0.28168563907758826	0.4715579711858117
sub-10809	friend	conditional	investment	28	4.0	3.0237979894699323	2.489767860038675	3.5415874799113882
sub-10809	friend	generative	high_choice	28	0.6071428571428571	0.3482142857142857	0.14285714285714285	0.5714285714285714
sub-10809	friend	generative	investment	28	4.0	2.8425	2.0	3.8589285714285717
sub-10809	stranger	conditional	high_choice	27	0.1111111111111111	0.24132625827321988	0.1461172130011692	0.3162677819298629
sub-10809	stranger	conditional	investment	27	1.8518518518518519	2.1723467924109685	1.8029898876128017	2.5663877473090593
sub-10809	stranger	generative	high_choice	27	0.1111111111111111	0.27166666666666667	0.07407407407407407	0.48148148148148145
sub-10809	stranger	generative	investment	27	1.8518518518518519	2.3333333333333335	1.6277777777777778	3.185185185185185
sub-10809	computer	conditional	high_choice	28	0.14285714285714285	0.3548512980536654	0.27568016766508324	0.4255483710991908
sub-10809	computer	conditional	investment	28	2.0	2.8233411922482174	2.3583321102061436	3.203803578948313
sub-10809	computer	generative	high_choice	28	0.14285714285714285	0.33910714285714294	0.14285714285714285	0.5366071428571431
sub-10809	computer	generative	investment	28	2.0	2.7539285714285717	1.9267857142857143	4.0
sub-10810	friend	conditional	high_choice	28	1.0	0.6861528671318592	0.6504976121992989	0.7068956045177256
sub-10810	friend	conditional	investment	28	6.0	4.584174466769038	4.419023434937272	4.679909804700757
sub-10810	friend	generative	high_choice	28	1.0	0.688392857142857	0.5357142857142857	0.8571428571428571
sub-10810	friend	generative	investment	28	6.0	4.5925	3.855357142857143	5.2875000000000005
sub-10810	stranger	conditional	high_choice	28	0.8928571428571429	0.6859789147147398	0.6504572867977699	0.7069286881061569
sub-10810	stranger	conditional	investment	28	5.5	4.58032268098396	4.409760355299648	4.679827206973737
sub-10810	stranger	generative	high_choice	28	0.8928571428571429	0.6905357142857143	0.5357142857142857	0.8214285714285714
sub-10810	stranger	generative	investment	28	5.5	4.586785714285714	3.855357142857143	5.214285714285714
sub-10810	computer	conditional	high_choice	28	0.8214285714285714	0.6848392134590978	0.6485419604651339	0.7068106603565969
sub-10810	computer	conditional	investment	28	5.285714285714286	4.572055777486751	4.403531371085156	4.679141548430805
sub-10810	computer	generative	high_choice	28	0.8214285714285714	0.6860714285714287	0.5	0.8214285714285714
sub-10810	computer	generative	investment	28	5.285714285714286	4.567857142857143	3.857142857142857	5.214285714285714
sub-10812	friend	conditional	high_choice	28	0.9285714285714286	0.6340585828754611	0.5732309402299036	0.6825159009312622
sub-10812	friend	conditional	investment	28	5.714285714285714	4.322948536948462	4.015407266408569	4.564792393814822
sub-10812	friend	generative	high_choice	28	0.9285714285714286	0.6414285714285713	0.4642857142857143	0.7857142857142857
sub-10812	friend	generative	investment	28	5.714285714285714	4.361428571428572	3.6410714285714287	5.142857142857143
sub-10812	stranger	conditional	high_choice	28	0.5714285714285714	0.6290843928775296	0.5544788722342843	0.6832548929239388
sub-10812	stranger	conditional	investment	28	4.071428571428571	4.3000898216280525	3.884433087056106	4.569197897998525
sub-10812	stranger	generative	high_choice	28	0.5714285714285714	0.6419642857142857	0.4642857142857143	0.8214285714285714
sub-10812	stranger	generative	investment	28	4.071428571428571	4.389285714285714	3.4285714285714284	5.214285714285714
sub-10812	computer	conditional	high_choice	28	0.5357142857142857	0.6363464517596011	0.5748220661775011	0.6835646477621902
sub-10812	computer	conditional	investment	28	3.642857142857143	4.332143781184527	4.018214313222898	4.570585394315496
sub-10812	computer	generative	high_choice	28	0.5357142857142857	0.6458928571428573	0.49910714285714286	0.8214285714285714
sub-10812	computer	generative	investment	28	3.642857142857143	4.4025	3.5696428571428576	5.216071428571429
sub-10817	friend	conditional	high_choice	28	0.8928571428571429	0.6095958790320719	0.5209766363489903	0.6837183040519402
sub-10817	friend	conditional	investment	28	5.714285714285714	4.181695478707189	3.685104821699948	4.562735895129039
sub-10817	friend	generative	high_choice	28	0.8928571428571429	0.6073214285714286	0.4642857142857143	0.7857142857142857
sub-10817	friend	generative	investment	28	5.714285714285714	4.167142857142856	3.2839285714285715	5.142857142857143
sub-10817	stranger	conditional	high_choice	28	0.39285714285714285	0.6169744933778816	0.5281269276098252	0.684134818184433
sub-10817	stranger	conditional	investment	28	3.2857142857142856	4.2329839381719685	3.742823874043528	4.573585507710974
sub-10817	stranger	generative	high_choice	28	0.39285714285714285	0.6175	0.4642857142857143	0.7857142857142857
sub-10817	stranger	generative	investment	28	3.2857142857142856	4.233214285714286	3.355357142857143	5.001785714285715
sub-10817	computer	conditional	high_choice	28	0.32142857142857145	0.5995870785891998	0.5050457867567868	0.680567860672051
sub-10817	computer	conditional	investment	28	2.7142857142857144	4.1172986227411	3.5954803836676152	4.554628558420493
sub-10817	computer	generative	high_choice	28	0.32142857142857145	0.59625	0.4276785714285714	0.7857142857142857
sub-10817	computer	generative	investment	28	2.7142857142857144	4.097142857142857	3.2142857142857144	5.001785714285715
sub-10827	friend	conditional	high_choice	18	0.7777777777777778	0.5299819079364004	0.42120404699531505	0.6153773258523959
sub-10827	friend	conditional	investment	18	5.555555555555555	4.141272442080767	3.512792659594899	4.599947748347951
sub-10827	friend	generative	high_choice	18	0.7777777777777778	0.5041666666666668	0.2777777777777778	0.7777777777777778
sub-10827	friend	generative	investment	18	5.555555555555555	4.006111111111111	2.6638888888888888	5.444444444444445
sub-10827	stranger	conditional	high_choice	19	0.3684210526315789	0.5399927581214949	0.4612091341559183	0.6100139928729259
sub-10827	stranger	conditional	investment	19	2.6315789473684212	3.7956697041285725	3.418204278861299	4.100162093199124
sub-10827	stranger	generative	high_choice	19	0.3684210526315789	0.5321052631578947	0.3157894736842105	0.7894736842105263
sub-10827	stranger	generative	investment	19	2.6315789473684212	3.7657894736842104	2.628947368421053	5.052631578947368
sub-10827	computer	conditional	high_choice	19	0.47368421052631576	0.5211842513740756	0.43819392271166757	0.5944046138632267
sub-10827	computer	conditional	investment	19	3.263157894736842	3.7942732818174814	3.3719494924282007	4.137260984965766
sub-10827	computer	generative	high_choice	19	0.47368421052631576	0.5265789473684211	0.31447368421052635	0.7368421052631579
sub-10827	computer	generative	investment	19	3.263157894736842	3.8368421052631585	2.7315789473684213	4.947368421052632
sub-10831	friend	conditional	high_choice	28	0.7857142857142857	0.6299688567176253	0.5740688961531096	0.6743190714358546
sub-10831	friend	conditional	investment	28	4.928571428571429	4.31108833239631	4.022808814389451	4.527735204283356
sub-10831	friend	generative	high_choice	28	0.7857142857142857	0.6178571428571429	0.42857142857142855	0.7866071428571431
sub-10831	friend	generative	investment	28	4.928571428571429	4.2507142857142854	3.4267857142857143	5.142857142857143
sub-10831	stranger	conditional	high_choice	28	0.7142857142857143	0.6301161409475448	0.5749757111813539	0.6743286210487605
sub-10831	stranger	conditional	investment	28	4.571428571428571	4.3124282811495185	4.038437585643226	4.527723357040267
sub-10831	stranger	generative	high_choice	28	0.7142857142857143	0.6308928571428573	0.42857142857142855	0.7857142857142857
sub-10831	stranger	generative	investment	28	4.571428571428571	4.290357142857143	3.357142857142857	5.214285714285714
sub-10831	computer	conditional	high_choice	28	0.5714285714285714	0.6273984633533485	0.568005671350306	0.674262278689034
sub-10831	computer	conditional	investment	28	3.857142857142857	4.293352003307391	3.94334328967799	4.527363797552679
sub-10831	computer	generative	high_choice	28	0.5714285714285714	0.62125	0.42857142857142855	0.75
sub-10831	computer	generative	investment	28	3.857142857142857	4.2625	3.4267857142857143	4.930357142857144
sub-10834	friend	conditional	high_choice	28	0.9642857142857143	0.6937789149528288	0.661355087564161	0.7094746965900947
sub-10834	friend	conditional	investment	28	5.857142857142857	4.618128812298155	4.466949004547174	4.691939191229771
sub-10834	friend	generative	high_choice	28	0.9642857142857143	0.6907142857142858	0.5357142857142857	0.8214285714285714
sub-10834	friend	generative	investment	28	5.857142857142857	4.613214285714285	3.7839285714285715	5.2875000000000005
sub-10834	stranger	conditional	high_choice	28	0.9642857142857143	0.694555046615246	0.6614705856607904	0.7105208868058134
sub-10834	stranger	conditional	investment	28	5.857142857142857	4.619704418027613	4.4662068201618474	4.6957334592737805
sub-10834	stranger	generative	high_choice	28	0.9642857142857143	0.6907142857142857	0.5357142857142857	0.8214285714285714
sub-10834	stranger	generative	investment	28	5.857142857142857	4.598571428571429	3.857142857142857	5.214285714285714
sub-10834	computer	conditional	high_choice	28	1.0	0.6947955381681621	0.6617499959981205	0.7105055300515555
sub-10834	computer	conditional	investment	28	6.0	4.623343245085066	4.469097187161527	4.697326012546794
sub-10834	computer	generative	high_choice	28	1.0	0.6917857142857141	0.5357142857142857	0.8571428571428571
sub-10834	computer	generative	investment	28	6.0	4.610714285714286	3.9285714285714284	5.357142857142857
sub-10836	friend	conditional	high_choice	14	0.5714285714285714	0.5671839732434544	0.4452211199993304	0.6530738388759779
sub-10836	friend	conditional	investment	14	4.0	3.9975450068715785	3.3675749714083874	4.428210976618343
sub-10836	friend	generative	high_choice	14	0.5714285714285714	0.5639285714285713	0.35714285714285715	0.7857142857142857
sub-10836	friend	generative	investment	14	4.0	3.9528571428571433	2.7142857142857144	5.142857142857143
sub-10836	stranger	conditional	high_choice	14	0.42857142857142855	0.5788394956125339	0.47235388082937435	0.6534228544588685
sub-10836	stranger	conditional	investment	14	3.7142857142857144	4.064659752949558	3.4978151399566726	4.434725512894257
sub-10836	stranger	generative	high_choice	14	0.42857142857142855	0.56	0.2857142857142857	0.8571428571428571
sub-10836	stranger	generative	investment	14	3.7142857142857144	3.9557142857142855	2.7142857142857144	5.285714285714286
sub-10836	computer	conditional	high_choice	13	0.5384615384615384	0.5673552013974412	0.4544610887395252	0.6374876883184394
sub-10836	computer	conditional	investment	13	3.8461538461538463	4.262277322810039	3.641939172083933	4.637715106114218
sub-10836	computer	generative	high_choice	13	0.5384615384615384	0.5484615384615386	0.3076923076923077	0.8461538461538461
sub-10836	computer	generative	investment	13	3.8461538461538463	4.148461538461538	2.769230769230769	5.538461538461538
sub-10838	friend	conditional	high_choice	23	0.43478260869565216	0.4723041942731915	0.41330092600819823	0.5309371850917731
sub-10838	friend	conditional	investment	23	3.652173913043478	3.5933369537325586	3.3193905025204935	3.87231673375392
sub-10838	friend	generative	high_choice	23	0.43478260869565216	0.4684782608695652	0.2608695652173913	0.6521739130434783
sub-10838	friend	generative	investment	23	3.652173913043478	3.5752173913043475	2.5195652173913046	4.610869565217392
sub-10838	stranger	conditional	high_choice	26	0.46153846153846156	0.4667314419998918	0.394870369144958	0.5393192139606028
sub-10838	stranger	conditional	investment	26	3.3076923076923075	3.4443885091579727	3.111128732936556	3.789697095917196
sub-10838	stranger	generative	high_choice	26	0.46153846153846156	0.4607692307692308	0.26826923076923076	0.6538461538461539
sub-10838	stranger	generative	investment	26	3.3076923076923075	3.4065384615384615	2.4615384615384617	4.3076923076923075
sub-10838	computer	conditional	high_choice	26	0.5384615384615384	0.4736152803886612	0.40697380687288714	0.5422789800531664
sub-10838	computer	conditional	investment	26	4.0	3.480998611928316	3.163880767288768	3.807851718183169
sub-10838	computer	generative	high_choice	26	0.5384615384615384	0.4792307692307693	0.2692307692307692	0.6923076923076923
sub-10838	computer	generative	investment	26	4.0	3.5176923076923083	2.6153846153846154	4.461538461538462
sub-10843	friend	conditional	high_choice	28	0.35714285714285715	0.4028339451366395	0.32047635017496306	0.47768698755591255
sub-10843	friend	conditional	investment	28	2.9285714285714284	3.048893362349949	2.600271513999903	3.48144399446126
sub-10843	friend	generative	high_choice	28	0.35714285714285715	0.41732142857142857	0.2491071428571429	0.6071428571428571
sub-10843	friend	generative	investment	28	2.9285714285714284	3.1610714285714288	2.357142857142857	4.073214285714286
sub-10843	stranger	conditional	high_choice	28	0.5357142857142857	0.4817273968068851	0.4101370658998572	0.5622613943156569
sub-10843	stranger	conditional	investment	28	3.642857142857143	3.4413472228549393	3.0640338734639125	3.8519846984051096
sub-10843	stranger	generative	high_choice	28	0.5357142857142857	0.4455357142857143	0.2857142857142857	0.6080357142857145
sub-10843	stranger	generative	investment	28	3.642857142857143	3.218571428571429	2.4267857142857143	4.216071428571429
sub-10843	computer	conditional	high_choice	28	0.32142857142857145	0.39553637021329946	0.3107903230466406	0.4727900252358541
sub-10843	computer	conditional	investment	28	2.7142857142857144	2.982402748620451	2.5149470754948067	3.439278529919446
sub-10843	computer	generative	high_choice	28	0.32142857142857145	0.4175	0.2491071428571429	0.6428571428571429
sub-10843	computer	generative	investment	28	2.7142857142857144	3.1092857142857144	2.2125000000000004	4.07857142857143
sub-10850	friend	conditional	high_choice	28	0.8928571428571429	0.6770909470693605	0.6358179349565575	0.7043750206089926
sub-10850	friend	conditional	investment	28	5.571428571428571	4.5376266730575345	4.328792579002555	4.667346333555602
sub-10850	friend	generative	high_choice	28	0.8928571428571429	0.6771428571428573	0.5357142857142857	0.8223214285714288
sub-10850	friend	generative	investment	28	5.571428571428571	4.5514285714285725	3.7857142857142856	5.2910714285714295
sub-10850	stranger	conditional	high_choice	28	0.8571428571428571	0.677365738446984	0.6366591061408744	0.7048004243161505
sub-10850	stranger	conditional	investment	28	5.357142857142857	4.543615856026118	4.3573754589596385	4.670277344580491
sub-10850	stranger	generative	high_choice	28	0.8571428571428571	0.6746428571428572	0.5	0.8214285714285714
sub-10850	stranger	generative	investment	28	5.357142857142857	4.537857142857143	3.7125000000000004	5.285714285714286
sub-10850	computer	conditional	high_choice	28	0.8571428571428571	0.6774624055493998	0.6358102681241959	0.7047681213532357
sub-10850	computer	conditional	investment	28	5.285714285714286	4.539960550352483	4.345139670080061	4.668221680051745
sub-10850	computer	generative	high_choice	28	0.8571428571428571	0.68	0.5	0.8214285714285714
sub-10850	computer	generative	investment	28	5.285714285714286	4.5475	3.7125000000000004	5.285714285714286
sub-10854	friend	conditional	high_choice	28	0.8928571428571429	0.5956915157941731	0.5020599113183153	0.6867014067186823
sub-10854	friend	conditional	investment	28	5.357142857142857	4.098281641559793	3.5820713763271024	4.580284046893309
sub-10854	friend	generative	high_choice	28	0.8928571428571429	0.6016071428571428	0.39285714285714285	0.7857142857142857
sub-10854	friend	generative	investment	28	5.357142857142857	4.136428571428572	3.142857142857143	5.071428571428571
sub-10854	stranger	conditional	high_choice	28	0.39285714285714285	0.6047077041376034	0.5134255238844229	0.686676753272201
sub-10854	stranger	conditional	investment	28	2.7142857142857144	4.135722833508502	3.6217029588352685	4.584509258430954
sub-10854	stranger	generative	high_choice	28	0.39285714285714285	0.6028571428571429	0.42857142857142855	0.7857142857142857
sub-10854	stranger	generative	investment	28	2.7142857142857144	4.116785714285714	3.2142857142857144	5.073214285714286
sub-10854	computer	conditional	high_choice	28	0.4642857142857143	0.6130067714156207	0.5274370531800797	0.6889586314523025
sub-10854	computer	conditional	investment	28	3.5714285714285716	4.200420553750128	3.728917751446206	4.596481955910675
sub-10854	computer	generative	high_choice	28	0.4642857142857143	0.6051785714285713	0.39285714285714285	0.7857142857142857
sub-10854	computer	generative	investment	28	3.5714285714285716	4.152142857142858	3.142857142857143	4.928571428571429
sub-10857	friend	conditional	high_choice	28	1.0	0.5186619111345745	0.4543805845944443	0.5982900617031035
sub-10857	friend	conditional	investment	28	6.0	3.6919389965170883	3.349638285306101	4.1173672893008515
sub-10857	friend	generative	high_choice	28	1.0	0.5130357142857143	0.32142857142857145	0.7142857142857143
sub-10857	friend	generative	investment	28	6.0	3.6607142857142856	2.642857142857143	4.716071428571429
sub-10857	stranger	conditional	high_choice	28	0.2857142857142857	0.47397019007548863	0.39395414011951874	0.5646583687649069
sub-10857	stranger	conditional	investment	28	2.4285714285714284	3.445800978386481	3.023951697588822	3.9800172348228497
sub-10857	stranger	generative	high_choice	28	0.2857142857142857	0.4698214285714286	0.2857142857142857	0.6437500000000003
sub-10857	stranger	generative	investment	28	2.4285714285714284	3.4353571428571428	2.5696428571428576	4.5
sub-10857	computer	conditional	high_choice	28	0.2857142857142857	0.5059152507253036	0.4344769892301969	0.5978908469607752
sub-10857	computer	conditional	investment	28	2.2142857142857144	3.6378163330358433	3.261143079365811	4.12519712555044
sub-10857	computer	generative	high_choice	28	0.2857142857142857	0.5291071428571429	0.35714285714285715	0.7142857142857143
sub-10857	computer	generative	investment	28	2.2142857142857144	3.759285714285714	2.857142857142857	4.714285714285714
sub-10858	friend	conditional	high_choice	27	0.9629629629629629	0.5815139819637758	0.516899362347029	0.6311425357049
sub-10858	friend	conditional	investment	27	5.851851851851852	4.15599625055158	3.8367797685049942	4.395700487348838
sub-10858	friend	generative	high_choice	27	0.9629629629629629	0.5840740740740741	0.4064814814814815	0.7416666666666668
sub-10858	friend	generative	investment	27	5.851851851851852	4.164074074074074	3.183333333333333	5.037037037037037
sub-10858	stranger	conditional	high_choice	28	0.9285714285714286	0.587712342652669	0.5248186992584728	0.6393984200242038
sub-10858	stranger	conditional	investment	28	5.642857142857143	4.120307331472049	3.8310942711725233	4.3631493644304005
sub-10858	stranger	generative	high_choice	28	0.9285714285714286	0.593392857142857	0.39285714285714285	0.7857142857142857
sub-10858	stranger	generative	investment	28	5.642857142857143	4.140714285714285	3.1410714285714287	5.075
sub-10858	computer	conditional	high_choice	28	0.14285714285714285	0.5835223473534618	0.5144407069690866	0.6365095916812796
sub-10858	computer	conditional	investment	28	2.0714285714285716	4.094492119404283	3.755070619895953	4.342491760460063
sub-10858	computer	generative	high_choice	28	0.14285714285714285	0.5814285714285714	0.4276785714285714	0.7857142857142857
sub-10858	computer	generative	investment	28	2.0714285714285716	4.094285714285714	3.2125000000000004	5.071428571428571
sub-10860	friend	conditional	high_choice	28	1.0	0.6261751609781883	0.5708093562400103	0.6759866106238287
sub-10860	friend	conditional	investment	28	6.0	4.297704935170681	4.042778872539696	4.534194119061802
sub-10860	friend	generative	high_choice	28	1.0	0.6332142857142857	0.4642857142857143	0.7857142857142857
sub-10860	friend	generative	investment	28	6.0	4.3307142857142855	3.4285714285714284	5.071428571428571
sub-10860	stranger	conditional	high_choice	26	0.7307692307692307	0.627059929973736	0.5718762267210006	0.6744130825292668
sub-10860	stranger	conditional	investment	26	4.769230769230769	4.467647792370164	4.194482589304735	4.702208007988365
sub-10860	stranger	generative	high_choice	26	0.7307692307692307	0.6211538461538462	0.4221153846153846	0.8076923076923077
sub-10860	stranger	generative	investment	26	4.769230769230769	4.432307692307692	3.4615384615384617	5.309615384615385
sub-10860	computer	conditional	high_choice	28	0.9285714285714286	0.6263075116907756	0.5708029996123329	0.6762301692373889
sub-10860	computer	conditional	investment	28	5.642857142857143	4.300708248390764	4.043563965831945	4.536378134652939
sub-10860	computer	generative	high_choice	28	0.9285714285714286	0.6308928571428571	0.4642857142857143	0.8214285714285714
sub-10860	computer	generative	investment	28	5.642857142857143	4.306785714285715	3.5	5.073214285714286
sub-10862	friend	conditional	high_choice	27	0.9629629629629629	0.5731003249720769	0.5116652352542846	0.6279946152697544
sub-10862	friend	conditional	investment	27	6.074074074074074	4.160056455524136	3.8452314035387323	4.442519754622189
sub-10862	friend	generative	high_choice	27	0.9629629629629629	0.5716666666666667	0.37037037037037035	0.7037037037037037
sub-10862	friend	generative	investment	27	6.074074074074074	4.151481481481482	3.109259259259259	4.888888888888889
sub-10862	stranger	conditional	high_choice	27	0.7407407407407407	0.5823795893845345	0.5159434914798904	0.6397377913452335
sub-10862	stranger	conditional	investment	27	4.592592592592593	4.0338862719936355	3.701255545625155	4.318096100421379
sub-10862	stranger	generative	high_choice	27	0.7407407407407407	0.5853703703703704	0.4064814814814815	0.7777777777777778
sub-10862	stranger	generative	investment	27	4.592592592592593	4.053333333333334	3.037037037037037	4.962962962962963
sub-10862	computer	conditional	high_choice	28	0.4642857142857143	0.5800607485277954	0.5168626698950907	0.6347683400686706
sub-10862	computer	conditional	investment	28	3.642857142857143	4.079073932154976	3.7739428712106307	4.342930093067956
sub-10862	computer	generative	high_choice	28	0.4642857142857143	0.5789285714285713	0.39285714285714285	0.7857142857142857
sub-10862	computer	generative	investment	28	3.642857142857143	4.07	3.2053571428571432	5.001785714285715
sub-10863	friend	conditional	high_choice	27	1.0	0.6703823334279325	0.6272868430514393	0.6944278122521857
sub-10863	friend	conditional	investment	27	6.148148148148148	4.649560428413938	4.438516880357343	4.768488692194923
sub-10863	friend	generative	high_choice	27	1.0	0.6718518518518519	0.5185185185185185	0.8148148148148148
sub-10863	friend	generative	investment	27	6.148148148148148	4.6359259259259264	3.7777777777777777	5.3351851851851855
sub-10863	stranger	conditional	high_choice	28	1.0	0.6793236525610362	0.6338150547163818	0.7049798137607036
sub-10863	stranger	conditional	investment	28	6.0	4.547328804695899	4.335567760849708	4.669230404190533
sub-10863	stranger	generative	high_choice	28	1.0	0.6725	0.5357142857142857	0.8214285714285714
sub-10863	stranger	generative	investment	28	6.0	4.5164285714285715	3.7857142857142856	5.2875000000000005
sub-10863	computer	conditional	high_choice	28	0.8571428571428571	0.6791154036081641	0.633605312557705	0.7052134603736334
sub-10863	computer	conditional	investment	28	5.285714285714286	4.548410449076658	4.33585393880891	4.67174846309679
sub-10863	computer	generative	high_choice	28	0.8571428571428571	0.6905357142857145	0.5357142857142857	0.8571428571428571
sub-10863	computer	generative	investment	28	5.285714285714286	4.584285714285714	3.7142857142857144	5.285714285714286
sub-10866	friend	conditional	high_choice	28	0.7142857142857143	0.6069474110254518	0.5156391018980472	0.6832285575678672
sub-10866	friend	conditional	investment	28	4.571428571428571	4.1739353029426445	3.6559846582065405	4.571506577031337
sub-10866	friend	generative	high_choice	28	0.7142857142857143	0.61375	0.39285714285714285	0.7857142857142857
sub-10866	friend	generative	investment	28	4.571428571428571	4.211785714285714	3.142857142857143	5.001785714285715
sub-10866	stranger	conditional	high_choice	28	0.5714285714285714	0.6046273235275929	0.5105650706368625	0.684063684847511
sub-10866	stranger	conditional	investment	28	3.7142857142857144	4.141049484521734	3.604213283154606	4.565119517154075
sub-10866	stranger	generative	high_choice	28	0.5714285714285714	0.5957142857142856	0.42857142857142855	0.7508928571428574
sub-10866	stranger	generative	investment	28	3.7142857142857144	4.0946428571428575	3.210714285714286	4.860714285714286
sub-10866	computer	conditional	high_choice	28	0.4642857142857143	0.5990408206320482	0.501803718119299	0.6821808316068633
sub-10866	computer	conditional	investment	28	3.5714285714285716	4.134223637149893	3.587912669414729	4.5645278124377935
sub-10866	computer	generative	high_choice	28	0.4642857142857143	0.6083928571428572	0.4276785714285714	0.7857142857142857
sub-10866	computer	generative	investment	28	3.5714285714285716	4.166785714285714	3.2839285714285715	5.073214285714286
sub-10875	friend	conditional	high_choice	28	1.0	0.687749556620993	0.6537855301336944	0.7057147980819647
sub-10875	friend	conditional	investment	28	6.0	4.589266687753709	4.424514568232139	4.673474711206112
sub-10875	friend	generative	high_choice	28	1.0	0.6817857142857143	0.5705357142857143	0.8214285714285714
sub-10875	friend	generative	investment	28	6.0	4.5825	3.857142857142857	5.285714285714286
sub-10875	stranger	conditional	high_choice	28	0.9642857142857143	0.6879113950976558	0.6544717624613953	0.7056587472261857
sub-10875	stranger	conditional	investment	28	5.857142857142857	4.591169730385073	4.4313482111831	4.674301652494242
sub-10875	stranger	generative	high_choice	28	0.9642857142857143	0.6910714285714286	0.5357142857142857	0.8214285714285714
sub-10875	stranger	generative	investment	28	5.857142857142857	4.600714285714286	3.855357142857143	5.285714285714286
sub-10875	computer	conditional	high_choice	28	0.9642857142857143	0.6866479758468222	0.6495926897774273	0.7053072021577614
sub-10875	computer	conditional	investment	28	5.857142857142857	4.583652029275206	4.403802742719155	4.672061714166203
sub-10875	computer	generative	high_choice	28	0.9642857142857143	0.6864285714285714	0.5348214285714286	0.8571428571428571
sub-10875	computer	generative	investment	28	5.857142857142857	4.587142857142856	3.9285714285714284	5.285714285714286
sub-10881	friend	conditional	high_choice	13	0.38461538461538464	0.3129772182210608	0.2047772789468006	0.46033743671234134
sub-10881	friend	conditional	investment	13	2.769230769230769	2.5793340352170846	2.143170590016057	3.369920534628602
sub-10881	friend	generative	high_choice	13	0.38461538461538464	0.305	0.07692307692307693	0.5384615384615384
sub-10881	friend	generative	investment	13	2.769230769230769	2.552307692307693	1.6923076923076923	3.6961538461538472
sub-10881	stranger	conditional	high_choice	14	0.21428571428571427	0.30757385567460477	0.1935569427663761	0.48560976517963345
sub-10881	stranger	conditional	investment	14	2.2857142857142856	2.557892708241474	1.987610500543904	3.6118478755224466
sub-10881	stranger	generative	high_choice	14	0.21428571428571427	0.3064285714285714	0.07142857142857142	0.5732142857142861
sub-10881	stranger	generative	investment	14	2.2857142857142856	2.5492857142857144	1.5714285714285714	4.0
sub-10881	computer	conditional	high_choice	11	0.18181818181818182	0.2395728628896846	0.13400676951021548	0.3896753772412989
sub-10881	computer	conditional	investment	11	2.1818181818181817	2.5184518702297285	2.0109730233630807	3.3314993678194385
sub-10881	computer	generative	high_choice	11	0.18181818181818182	0.2445454545454545	0.0	0.5454545454545454
sub-10881	computer	generative	investment	11	2.1818181818181817	2.5409090909090906	1.6363636363636365	4.363636363636363
sub-10886	friend	conditional	high_choice	13	0.7692307692307693	0.549410777309205	0.4449794377962651	0.6369309213213128
sub-10886	friend	conditional	investment	13	5.076923076923077	3.8297237259939356	3.3571831059825468	4.243586093896889
sub-10886	friend	generative	high_choice	13	0.7692307692307693	0.5607692307692308	0.2288461538461539	0.8461538461538461
sub-10886	friend	generative	investment	13	5.076923076923077	3.8807692307692307	2.1538461538461537	5.234615384615386
sub-10886	stranger	conditional	high_choice	13	0.46153846153846156	0.5308446615185619	0.43970540698885274	0.6105048738825223
sub-10886	stranger	conditional	investment	13	3.8461538461538463	3.974265223595588	3.45133463021684	4.371416799363694
sub-10886	stranger	generative	high_choice	13	0.46153846153846156	0.535	0.23076923076923078	0.7711538461538466
sub-10886	stranger	generative	investment	13	3.8461538461538463	4.0115384615384615	2.4615384615384617	5.538461538461538
sub-10886	computer	conditional	high_choice	14	0.5714285714285714	0.5435980828790637	0.4485922690188954	0.6267357365328694
sub-10886	computer	conditional	investment	14	4.142857142857143	3.8959125590775	3.4448618409537084	4.287572848421277
sub-10886	computer	generative	high_choice	14	0.5714285714285714	0.537142857142857	0.2839285714285715	0.7857142857142857
sub-10886	computer	generative	investment	14	4.142857142857143	3.845	2.2857142857142856	5.003571428571429
sub-10887	friend	conditional	high_choice	28	0.6428571428571429	0.5804981655346861	0.5167180661662831	0.6407150542184893
sub-10887	friend	conditional	investment	28	4.571428571428571	4.0785452313784525	3.7858796548472284	4.365302852976714
sub-10887	friend	generative	high_choice	28	0.6428571428571429	0.5773214285714285	0.39285714285714285	0.7857142857142857
sub-10887	friend	generative	investment	28	4.571428571428571	4.083571428571429	3.2839285714285715	4.930357142857144
sub-10887	stranger	conditional	high_choice	28	0.75	0.5756714381330177	0.5121031866190556	0.6391135135909208
sub-10887	stranger	conditional	investment	28	5.0	4.065560024368029	3.7580457522390556	4.366237469318781
sub-10887	stranger	generative	high_choice	28	0.75	0.5775	0.39285714285714285	0.7857142857142857
sub-10887	stranger	generative	investment	28	5.0	4.106071428571428	3.2857142857142856	5.073214285714286
sub-10887	computer	conditional	high_choice	28	0.6785714285714286	0.5618647219840608	0.48361197807206485	0.6329220160489469
sub-10887	computer	conditional	investment	28	4.142857142857143	3.9531490845189334	3.522920202180807	4.32684342982925
sub-10887	computer	generative	high_choice	28	0.6785714285714286	0.5721428571428572	0.35714285714285715	0.75
sub-10887	computer	generative	investment	28	4.142857142857143	4.009285714285714	3.0714285714285716	4.932142857142858
sub-10896	friend	conditional	high_choice	27	0.9259259259259259	0.611969872904856	0.5495076560676041	0.6681148835498417
sub-10896	friend	conditional	investment	27	5.703703703703703	4.163196687153065	3.8671401559577214	4.447828276602779
sub-10896	friend	generative	high_choice	27	0.9259259259259259	0.6092592592592593	0.4074074074074074	0.7416666666666668
sub-10896	friend	generative	investment	27	5.703703703703703	4.142592592592593	3.111111111111111	4.890740740740742
sub-10896	stranger	conditional	high_choice	27	0.4444444444444444	0.5782291274683721	0.4892051783198884	0.6502903799999408
sub-10896	stranger	conditional	investment	27	3.3333333333333335	4.092185663853192	3.572455989083349	4.484562127401749
sub-10896	stranger	generative	high_choice	27	0.4444444444444444	0.5831481481481481	0.4074074074074074	0.7416666666666668
sub-10896	stranger	generative	investment	27	3.3333333333333335	4.105925925925926	3.037037037037037	5.037037037037037
sub-10896	computer	conditional	high_choice	27	0.48148148148148145	0.5901405740439781	0.5111120952078536	0.661511346125714
sub-10896	computer	conditional	investment	27	3.111111111111111	4.005867212647192	3.5748213381180496	4.37561501509318
sub-10896	computer	generative	high_choice	27	0.48148148148148145	0.6001851851851852	0.4074074074074074	0.7787037037037039
sub-10896	computer	generative	investment	27	3.111111111111111	4.055185185185184	3.037037037037037	4.962962962962963
sub-10897	friend	conditional	high_choice	13	1.0	0.6012679426237362	0.5033049156697383	0.6699689470434287
sub-10897	friend	conditional	investment	13	5.846153846153846	4.082675830552806	3.588523224032488	4.4084521040507925
sub-10897	friend	generative	high_choice	13	1.0	0.6007692307692308	0.38461538461538464	0.8461538461538461
sub-10897	friend	generative	investment	13	5.846153846153846	4.093076923076923	2.923076923076923	5.230769230769231
sub-10897	stranger	conditional	high_choice	14	0.9285714285714286	0.5944602318583065	0.49582084712127944	0.65786847744378
sub-10897	stranger	conditional	investment	14	5.571428571428571	4.15375879794308	3.7020863010574683	4.450994070735538
sub-10897	stranger	generative	high_choice	14	0.9285714285714286	0.6028571428571429	0.35714285714285715	0.8571428571428571
sub-10897	stranger	generative	investment	14	5.571428571428571	4.1971428571428575	2.857142857142857	5.428571428571429
sub-10897	computer	conditional	high_choice	14	0.14285714285714285	0.5992578793609984	0.5092767552396051	0.6616714848634073
sub-10897	computer	conditional	investment	14	2.142857142857143	4.170584458110357	3.7392084095631413	4.465747931406941
sub-10897	computer	generative	high_choice	14	0.14285714285714285	0.6071428571428571	0.35714285714285715	0.8571428571428571
sub-10897	computer	generative	investment	14	2.142857142857143	4.217142857142857	3.142857142857143	5.285714285714286
sub-10898	friend	conditional	high_choice	26	0.8461538461538461	0.5990979707232623	0.5339951927170488	0.653058431727828
sub-10898	friend	conditional	investment	26	5.461538461538462	4.039338916455095	3.753293894516598	4.28711973855271
sub-10898	friend	generative	high_choice	26	0.8461538461538461	0.5967307692307692	0.38461538461538464	0.7692307692307693
sub-10898	friend	generative	investment	26	5.461538461538462	4.030769230769231	3.0	5.0
sub-10898	stranger	conditional	high_choice	27	0.7777777777777778	0.5812341097816325	0.49652811677518277	0.6554716230226015
sub-10898	stranger	conditional	investment	27	4.666666666666667	4.004938294589991	3.5798258504655145	4.3855374719698474
sub-10898	stranger	generative	high_choice	27	0.7777777777777778	0.5842592592592593	0.37037037037037035	0.8148148148148148
sub-10898	stranger	generative	investment	27	4.666666666666667	4.005925925925926	3.035185185185185	5.03888888888889
sub-10898	computer	conditional	high_choice	26	0.4230769230769231	0.5760408097628718	0.47990305306612613	0.6573949478847941
sub-10898	computer	conditional	investment	26	3.6153846153846154	3.9788414069327716	3.5232114557583967	4.384800869054587
sub-10898	computer	generative	high_choice	26	0.4230769230769231	0.5961538461538461	0.38461538461538464	0.7692307692307693
sub-10898	computer	generative	investment	26	3.6153846153846154	4.081538461538462	3.0	4.925000000000001
sub-10908	friend	conditional	high_choice	27	0.7037037037037037	0.666237857905162	0.6263158100555416	0.6914251057923352
sub-10908	friend	conditional	investment	27	4.7407407407407405	4.427419969730504	4.234505141944322	4.539104721968808
sub-10908	friend	generative	high_choice	27	0.7037037037037037	0.6583333333333333	0.48148148148148145	0.8148148148148148
sub-10908	friend	generative	investment	27	4.7407407407407405	4.369259259259259	3.5555555555555554	5.185185185185185
sub-10908	stranger	conditional	high_choice	28	0.75	0.6761944300177153	0.6349150808307343	0.7015101817304504
sub-10908	stranger	conditional	investment	28	4.857142857142857	4.532164853934831	4.335848214010378	4.653554296014824
sub-10908	stranger	generative	high_choice	28	0.75	0.6692857142857145	0.5	0.7866071428571431
sub-10908	stranger	generative	investment	28	4.857142857142857	4.513928571428571	3.710714285714286	5.285714285714286
sub-10908	computer	conditional	high_choice	28	0.7142857142857143	0.6751360904264679	0.6330222433491991	0.7012102447114397
sub-10908	computer	conditional	investment	28	4.857142857142857	4.528710927963566	4.329361774206229	4.652712292227933
sub-10908	computer	generative	high_choice	28	0.7142857142857143	0.6682142857142856	0.4642857142857143	0.8214285714285714
sub-10908	computer	generative	investment	28	4.857142857142857	4.496071428571429	3.5	5.216071428571429
sub-10918	friend	conditional	high_choice	28	0.5714285714285714	0.2954371951342262	0.2212199795150581	0.3837710694476973
sub-10918	friend	conditional	investment	28	3.9285714285714284	2.5403936751354275	2.170248598296819	3.0064659268387794
sub-10918	friend	generative	high_choice	28	0.5714285714285714	0.30642857142857144	0.14285714285714285	0.5
sub-10918	friend	generative	investment	28	3.9285714285714284	2.6103571428571426	1.855357142857143	3.5035714285714294
sub-10918	stranger	conditional	high_choice	28	0.21428571428571427	0.31542303470950905	0.24498581308449127	0.39575310516600937
sub-10918	stranger	conditional	investment	28	2.142857142857143	2.613599567401731	2.268966525841551	3.083448028766451
sub-10918	stranger	generative	high_choice	28	0.21428571428571427	0.30910714285714286	0.14285714285714285	0.5
sub-10918	stranger	generative	investment	28	2.142857142857143	2.583928571428572	1.8571428571428572	3.430357142857143
sub-10918	computer	conditional	high_choice	28	0.03571428571428571	0.3107909432216921	0.2373556426120247	0.3988721328634701
sub-10918	computer	conditional	investment	28	1.5	2.6047909033114216	2.2552585403909813	3.062386329193876
sub-10918	computer	generative	high_choice	28	0.03571428571428571	0.3258928571428571	0.17857142857142858	0.5357142857142857
sub-10918	computer	generative	investment	28	1.5	2.6928571428571426	2.0696428571428576	3.716071428571429
sub-10919	friend	conditional	high_choice	28	1.0	0.6766469320690035	0.6379028971571589	0.7032648675674075
sub-10919	friend	conditional	investment	28	6.0	4.53923197855217	4.358804436165784	4.66396469551245
sub-10919	friend	generative	high_choice	28	1.0	0.6701785714285714	0.5	0.8214285714285714
sub-10919	friend	generative	investment	28	6.0	4.5164285714285715	3.780357142857143	5.216071428571429
sub-10919	stranger	conditional	high_choice	28	0.8928571428571429	0.676800761261878	0.6399704688536526	0.7029824145857869
sub-10919	stranger	conditional	investment	28	5.357142857142857	4.541431958434741	4.363303563870391	4.662549618995156
sub-10919	stranger	generative	high_choice	28	0.8928571428571429	0.6657142857142858	0.5	0.8214285714285714
sub-10919	stranger	generative	investment	28	5.357142857142857	4.497142857142857	3.7125000000000004	5.358928571428572
sub-10919	computer	conditional	high_choice	28	0.6785714285714286	0.6736543032140958	0.6365586746565547	0.7024248229753226
sub-10919	computer	conditional	investment	28	4.428571428571429	4.519532848082597	4.338604376322108	4.657834753007521
sub-10919	computer	generative	high_choice	28	0.6785714285714286	0.6683928571428572	0.5	0.8214285714285714
sub-10919	computer	generative	investment	28	4.428571428571429	4.5025	3.7857142857142856	5.144642857142858
sub-10924	friend	conditional	high_choice	28	0.9642857142857143	0.6937582227341872	0.6595993032063863	0.7096414346985714
sub-10924	friend	conditional	investment	28	5.857142857142857	4.61683335324297	4.457333023044407	4.690949660487903
sub-10924	friend	generative	high_choice	28	0.9642857142857143	0.6848214285714286	0.5357142857142857	0.8223214285714288
sub-10924	friend	generative	investment	28	5.857142857142857	4.582857142857143	3.9285714285714284	5.357142857142857
sub-10924	stranger	conditional	high_choice	28	1.0	0.6936195230238249	0.659487736055142	0.7095246418332378
sub-10924	stranger	conditional	investment	28	6.0	4.616614273381315	4.457104634992511	4.691037980889066
sub-10924	stranger	generative	high_choice	28	1.0	0.6935714285714286	0.5357142857142857	0.8571428571428571
sub-10924	stranger	generative	investment	28	6.0	4.6075	3.9232142857142858	5.428571428571429
sub-10924	computer	conditional	high_choice	28	1.0	0.6936917196089246	0.6595488701491613	0.7095464505636658
sub-10924	computer	conditional	investment	28	6.0	4.617075503360804	4.457702808423412	4.6909780527320315
sub-10924	computer	generative	high_choice	28	1.0	0.6873214285714286	0.5357142857142857	0.8214285714285714
sub-10924	computer	generative	investment	28	6.0	4.576428571428571	3.9267857142857143	5.2875000000000005
sub-10926	friend	conditional	high_choice	14	0.8571428571428571	0.42587514640292456	0.30752723440983354	0.5473060099319019
sub-10926	friend	conditional	investment	14	5.0	3.261295779392685	2.6267120509524595	3.8952584576964635
sub-10926	friend	generative	high_choice	14	0.8571428571428571	0.40392857142857147	0.14285714285714285	0.6446428571428576
sub-10926	friend	generative	investment	14	5.0	3.1607142857142856	1.8571428571428572	4.432142857142858
sub-10926	stranger	conditional	high_choice	14	0.21428571428571427	0.41589996087773673	0.27333748754662474	0.5427644714044683
sub-10926	stranger	conditional	investment	14	2.0	3.2552601716855065	2.5144360181380154	3.88719371670409
sub-10926	stranger	generative	high_choice	14	0.21428571428571427	0.3989285714285714	0.1410714285714286	0.6428571428571429
sub-10926	stranger	generative	investment	14	2.0	3.1614285714285715	1.8571428571428572	4.571428571428571
sub-10926	computer	conditional	high_choice	14	0.07142857142857142	0.41184691772552773	0.2711575742658492	0.5413237410573145
sub-10926	computer	conditional	investment	14	1.8571428571428572	3.2269160275306525	2.491149455956083	3.8786333283279655
sub-10926	computer	generative	high_choice	14	0.07142857142857142	0.4167857142857143	0.14285714285714285	0.7142857142857143
sub-10926	computer	generative	investment	14	1.8571428571428572	3.2992857142857144	2.0	4.714285714285714
sub-10928	friend	conditional	high_choice	14	0.7142857142857143	0.33250623434023807	0.2075859866598355	0.45977723303117785
sub-10928	friend	conditional	investment	14	4.571428571428571	2.9262382629042247	2.272211160387598	3.6128847032390365
sub-10928	friend	generative	high_choice	14	0.7142857142857143	0.3324999999999999	0.14285714285714285	0.5732142857142861
sub-10928	friend	generative	investment	14	4.571428571428571	2.8828571428571426	1.8535714285714286	4.010714285714288
sub-10928	stranger	conditional	high_choice	14	0.0	0.2581426708268972	0.13350307455063157	0.400788921323222
sub-10928	stranger	conditional	investment	14	1.4285714285714286	2.422424212866347	1.8294827141937975	3.1179237320148014
sub-10928	stranger	generative	high_choice	14	0.0	0.28642857142857137	0.07142857142857142	0.5714285714285714
sub-10928	stranger	generative	investment	14	1.4285714285714286	2.572142857142857	1.5714285714285714	4.0
sub-10928	computer	conditional	high_choice	13	0.0	0.2059383405056998	0.10242076698113352	0.3475113680319275
sub-10928	computer	conditional	investment	13	1.5384615384615385	2.2349090383278933	1.801055077158029	2.9166125914927847
sub-10928	computer	generative	high_choice	13	0.0	0.23346153846153847	0.0	0.5384615384615384
sub-10928	computer	generative	investment	13	1.5384615384615385	2.3953846153846157	1.5384615384615385	3.850000000000001
sub-10929	friend	conditional	high_choice	14	0.8571428571428571	0.6244657476410356	0.54392276177439	0.6849646174052126
sub-10929	friend	conditional	investment	14	5.285714285714286	4.302311608548714	3.934167072885874	4.581420674356308
sub-10929	friend	generative	high_choice	14	0.8571428571428571	0.6396428571428572	0.35714285714285715	0.8571428571428571
sub-10929	friend	generative	investment	14	5.285714285714286	4.392857142857143	3.0	5.428571428571429
sub-10929	stranger	conditional	high_choice	14	0.42857142857142855	0.6063028896414329	0.5041779019055147	0.6817613006778576
sub-10929	stranger	conditional	investment	14	2.857142857142857	4.173852001402528	3.590880666037643	4.558757304891039
sub-10929	stranger	generative	high_choice	14	0.42857142857142855	0.6135714285714287	0.35714285714285715	0.8571428571428571
sub-10929	stranger	generative	investment	14	2.857142857142857	4.235714285714286	2.9964285714285714	5.428571428571429
sub-10929	computer	conditional	high_choice	14	0.6428571428571429	0.6176415370060223	0.5326471156795206	0.6829267537069283
sub-10929	computer	conditional	investment	14	4.714285714285714	4.246530794677468	3.836288583668176	4.568239453805617
sub-10929	computer	generative	high_choice	14	0.6428571428571429	0.6217857142857143	0.35714285714285715	0.8571428571428571
sub-10929	computer	generative	investment	14	4.714285714285714	4.281428571428571	2.9964285714285714	5.289285714285715
sub-10930	friend	conditional	high_choice	28	0.9642857142857143	0.6174998781134772	0.5580341020171072	0.6661044236093622
sub-10930	friend	conditional	investment	28	5.785714285714286	4.248860041696048	3.9625421843968334	4.487629928588656
sub-10930	friend	generative	high_choice	28	0.9642857142857143	0.6196428571428572	0.42857142857142855	0.7857142857142857
sub-10930	friend	generative	investment	28	5.785714285714286	4.275	3.4285714285714284	5.144642857142858
sub-10930	stranger	conditional	high_choice	28	0.6071428571428571	0.6198404405468889	0.5601604685154776	0.6666227628305996
sub-10930	stranger	conditional	investment	28	4.428571428571429	4.264122465920054	3.9852030078838308	4.490983469400606
sub-10930	stranger	generative	high_choice	28	0.6071428571428571	0.61875	0.46339285714285716	0.7866071428571431
sub-10930	stranger	generative	investment	28	4.428571428571429	4.2457142857142856	3.355357142857143	5.142857142857143
sub-10930	computer	conditional	high_choice	27	0.4074074074074074	0.6079209924823024	0.547811477855915	0.6574925026877512
sub-10930	computer	conditional	investment	27	3.185185185185185	4.270106110985966	3.934079093376823	4.520572924600339
sub-10930	computer	generative	high_choice	27	0.4074074074074074	0.6101851851851852	0.4074074074074074	0.7787037037037039
sub-10930	computer	generative	investment	27	3.185185185185185	4.294444444444444	3.259259259259259	5.185185185185185
sub-10938	friend	conditional	high_choice	28	0.9642857142857143	0.628973768560881	0.5624142928189613	0.6739183408395841
sub-10938	friend	conditional	investment	28	5.857142857142857	4.304357584025327	3.9766850207289752	4.510983132116085
sub-10938	friend	generative	high_choice	28	0.9642857142857143	0.6317857142857143	0.4642857142857143	0.7857142857142857
sub-10938	friend	generative	investment	28	5.857142857142857	4.323571428571429	3.498214285714286	5.142857142857143
sub-10938	stranger	conditional	high_choice	27	0.7777777777777778	0.6228462239554152	0.5602395643095116	0.6632426770046397
sub-10938	stranger	conditional	investment	27	4.962962962962963	4.230049575074989	3.9429755957599935	4.411398602661502
sub-10938	stranger	generative	high_choice	27	0.7777777777777778	0.6251851851851852	0.4444444444444444	0.7787037037037039
sub-10938	stranger	generative	investment	27	4.962962962962963	4.249629629629629	3.4796296296296294	5.112962962962963
sub-10938	computer	conditional	high_choice	28	0.5714285714285714	0.6318307823400586	0.564486884190581	0.6750989954035291
sub-10938	computer	conditional	investment	28	4.142857142857143	4.330939372862024	4.011568436338588	4.533709569186554
sub-10938	computer	generative	high_choice	28	0.5714285714285714	0.6269642857142856	0.4642857142857143	0.7857142857142857
sub-10938	computer	generative	investment	28	4.142857142857143	4.3117857142857146	3.498214285714286	5.144642857142858
sub-10940	friend	conditional	high_choice	28	0.7142857142857143	0.6113854958949784	0.5526916015744101	0.6618646162309237
sub-10940	friend	conditional	investment	28	4.428571428571429	4.2299643705975525	3.957968931189948	4.468945612818684
sub-10940	friend	generative	high_choice	28	0.7142857142857143	0.6148214285714286	0.42857142857142855	0.7857142857142857
sub-10940	friend	generative	investment	28	4.428571428571429	4.2335714285714285	3.3535714285714286	5.071428571428571
sub-10940	stranger	conditional	high_choice	28	0.5714285714285714	0.6104750699220393	0.5489351742830849	0.6617854053496728
sub-10940	stranger	conditional	investment	28	4.071428571428571	4.215779495553876	3.912780498597771	4.464554025887463
sub-10940	stranger	generative	high_choice	28	0.5714285714285714	0.6121428571428571	0.46339285714285716	0.75
sub-10940	stranger	generative	investment	28	4.071428571428571	4.219285714285714	3.355357142857143	4.928571428571429
sub-10940	computer	conditional	high_choice	28	0.8214285714285714	0.6142110195135752	0.5546623808256964	0.6629067554748125
sub-10940	computer	conditional	investment	28	5.214285714285714	4.234152186262125	3.948876440392448	4.470065459505407
sub-10940	computer	generative	high_choice	28	0.8214285714285714	0.6101785714285713	0.42857142857142855	0.7857142857142857
sub-10940	computer	generative	investment	28	5.214285714285714	4.199642857142857	3.142857142857143	5.071428571428571
sub-10950	friend	conditional	high_choice	28	0.8214285714285714	0.6565431402253481	0.6020982855609601	0.6897356766615185
sub-10950	friend	conditional	investment	28	5.0	4.4418970230718	4.190420394321127	4.599708036060092
sub-10950	friend	generative	high_choice	28	0.8214285714285714	0.6651785714285715	0.5	0.8214285714285714
sub-10950	friend	generative	investment	28	5.0	4.4925	3.5	5.216071428571429
sub-10950	stranger	conditional	high_choice	28	0.7142857142857143	0.6561251336105931	0.6081501663918324	0.6890426422349941
sub-10950	stranger	conditional	investment	28	4.642857142857143	4.437212885494922	4.1898000068433445	4.594530095005403
sub-10950	stranger	generative	high_choice	28	0.7142857142857143	0.6530357142857143	0.5	0.8214285714285714
sub-10950	stranger	generative	investment	28	4.642857142857143	4.402857142857143	3.642857142857143	5.142857142857143
sub-10950	computer	conditional	high_choice	28	0.75	0.6567031831403638	0.6067069617210925	0.689256898296602
sub-10950	computer	conditional	investment	28	4.571428571428571	4.439188777213642	4.190317792712312	4.5944615048555475
sub-10950	computer	generative	high_choice	28	0.75	0.6510714285714286	0.4642857142857143	0.7857142857142857
sub-10950	computer	generative	investment	28	4.571428571428571	4.424285714285714	3.567857142857143	5.146428571428572
sub-10952	friend	conditional	high_choice	14	1.0	0.6814369914661914	0.6435901089412904	0.7067382442255054
sub-10952	friend	conditional	investment	14	6.0	4.552728636396967	4.363514037132326	4.678928849209817
sub-10952	friend	generative	high_choice	14	1.0	0.6817857142857143	0.5	0.8589285714285718
sub-10952	friend	generative	investment	14	6.0	4.562142857142857	3.4285714285714284	5.571428571428571
sub-10952	stranger	conditional	high_choice	14	0.7857142857142857	0.6842666894880247	0.6492015724415976	0.7070734041911224
sub-10952	stranger	conditional	investment	14	5.0	4.572243459067404	4.404207529555552	4.680436864179418
sub-10952	stranger	generative	high_choice	14	0.7857142857142857	0.6914285714285714	0.5	0.9285714285714286
sub-10952	stranger	generative	investment	14	5.0	4.6242857142857146	3.4285714285714284	5.714285714285714
sub-10952	computer	conditional	high_choice	14	0.9285714285714286	0.6856278256524027	0.6490707006654898	0.7068740606320726
sub-10952	computer	conditional	investment	14	5.714285714285714	4.575761131963439	4.406239615100099	4.679075164183211
sub-10952	computer	generative	high_choice	14	0.9285714285714286	0.6860714285714287	0.5	0.8571428571428571
sub-10952	computer	generative	investment	14	5.714285714285714	4.589285714285714	3.7142857142857144	5.571428571428571
sub-10953	friend	conditional	high_choice	28	0.9642857142857143	0.3990254339658497	0.29554888147662967	0.4869283802199406
sub-10953	friend	conditional	investment	28	5.928571428571429	3.1766450606567047	2.6027887277626975	3.6506147240218887
sub-10953	friend	generative	high_choice	28	0.9642857142857143	0.3989285714285714	0.2491071428571429	0.6071428571428571
sub-10953	friend	generative	investment	28	5.928571428571429	3.1525	2.2857142857142856	4.144642857142858
sub-10953	stranger	conditional	high_choice	28	0.0	0.40451941065075475	0.2937725882617157	0.49365607384060856
sub-10953	stranger	conditional	investment	28	1.4285714285714286	3.218165152389204	2.597724775071538	3.681576256663395
sub-10953	stranger	generative	high_choice	28	0.0	0.4007142857142857	0.21428571428571427	0.6080357142857145
sub-10953	stranger	generative	investment	28	1.4285714285714286	3.215	2.2839285714285715	4.285714285714286
sub-10953	computer	conditional	high_choice	28	0.03571428571428571	0.40231314641683125	0.2960360188848427	0.4892680978136498
sub-10953	computer	conditional	investment	28	1.6428571428571428	3.213548642016357	2.614371549811791	3.661810760935597
sub-10953	computer	generative	high_choice	28	0.03571428571428571	0.4085714285714286	0.21428571428571427	0.6785714285714286
sub-10953	computer	generative	investment	28	1.6428571428571428	3.2635714285714283	2.357142857142857	4.358928571428572
sub-10954	friend	conditional	high_choice	17	0.35294117647058826	0.4848027306697616	0.3796357723234028	0.5688938834995624
sub-10954	friend	conditional	investment	17	2.9411764705882355	3.6987766568946436	3.1461816822770077	4.136956119421464
sub-10954	friend	generative	high_choice	17	0.35294117647058826	0.48	0.23382352941176474	0.7647058823529411
sub-10954	friend	generative	investment	17	2.9411764705882355	3.6747058823529413	2.3529411764705883	4.944117647058825
sub-10954	stranger	conditional	high_choice	23	0.5217391304347826	0.4769542685200227	0.3789033551516549	0.5635024178379768
sub-10954	stranger	conditional	investment	23	4.0	3.6548751291437407	3.1237660007986747	4.109953648905372
sub-10954	stranger	generative	high_choice	23	0.5217391304347826	0.48847826086956525	0.30434782608695654	0.7391304347826086
sub-10954	stranger	generative	investment	23	4.0	3.6939130434782608	2.6934782608695653	4.956521739130435
sub-10954	computer	conditional	high_choice	19	0.5263157894736842	0.5158257725920306	0.4209231196200955	0.5995920993382038
sub-10954	computer	conditional	investment	19	3.1578947368421053	3.4661121893815543	3.0370998344421585	3.8465916728206335
sub-10954	computer	generative	high_choice	19	0.5263157894736842	0.5202631578947369	0.3157894736842105	0.7368421052631579
sub-10954	computer	generative	investment	19	3.1578947368421053	3.4936842105263155	2.526315789473684	4.426315789473686
sub-10956	friend	conditional	high_choice	28	1.0	0.5666954042662163	0.4873995183373395	0.6288725588691465
sub-10956	friend	conditional	investment	28	6.0	4.006277756000059	3.5917607900230824	4.31315355715683
sub-10956	friend	generative	high_choice	28	1.0	0.5648214285714286	0.35714285714285715	0.7151785714285717
sub-10956	friend	generative	investment	28	6.0	3.998928571428571	2.9285714285714284	4.858928571428572
sub-10956	stranger	conditional	high_choice	28	0.4642857142857143	0.5699679239247522	0.5000424789582855	0.6294826548383535
sub-10956	stranger	conditional	investment	28	3.2857142857142856	4.025681112725476	3.6180670365840415	4.317308299817804
sub-10956	stranger	generative	high_choice	28	0.4642857142857143	0.5569642857142857	0.39285714285714285	0.75
sub-10956	stranger	generative	investment	28	3.2857142857142856	3.9642857142857144	3.142857142857143	4.928571428571429
sub-10956	computer	conditional	high_choice	28	0.10714285714285714	0.5664150603165259	0.49504133559063046	0.6272980162022883
sub-10956	computer	conditional	investment	28	1.9285714285714286	4.002963855471762	3.604396181839692	4.302819174390428
sub-10956	computer	generative	high_choice	28	0.10714285714285714	0.5575	0.35625	0.7508928571428574
sub-10956	computer	generative	investment	28	1.9285714285714286	3.948928571428571	2.9285714285714284	4.7875000000000005
sub-10958	friend	conditional	high_choice	28	0.6428571428571429	0.42798544337636607	0.32145486197427336	0.5260710680246924
sub-10958	friend	conditional	investment	28	4.428571428571429	3.2774320110479533	2.707528451749455	3.814098376191404
sub-10958	friend	generative	high_choice	28	0.6428571428571429	0.42214285714285715	0.21428571428571427	0.6437500000000003
sub-10958	friend	generative	investment	28	4.428571428571429	3.2542857142857144	2.2142857142857144	4.430357142857144
sub-10958	stranger	conditional	high_choice	27	0.2222222222222222	0.4447523868868916	0.331424277093467	0.5417254162878331
sub-10958	stranger	conditional	investment	27	2.2222222222222223	3.2910657267041756	2.6911005407939808	3.8156823302928813
sub-10958	stranger	generative	high_choice	27	0.2222222222222222	0.4266666666666667	0.2222222222222222	0.6296296296296297
sub-10958	stranger	generative	investment	27	2.2222222222222223	3.16962962962963	2.1462962962962964	4.224074074074075
sub-10958	computer	conditional	high_choice	27	0.2222222222222222	0.38775569353367456	0.2765765767921418	0.5105649026785702
sub-10958	computer	conditional	investment	27	2.4444444444444446	3.0542269028862585	2.5038760997529343	3.7448248456261317
sub-10958	computer	generative	high_choice	27	0.2222222222222222	0.3983333333333334	0.18518518518518517	0.6296296296296297
sub-10958	computer	generative	investment	27	2.4444444444444446	3.1174074074074074	2.1481481481481484	4.298148148148149
sub-10961	friend	conditional	high_choice	27	0.5925925925925926	0.25604955282571407	0.17703692487126793	0.3527236854179426
sub-10961	friend	conditional	investment	27	3.7037037037037037	2.2792027010620846	1.9117093319970782	2.8411558016795277
sub-10961	friend	generative	high_choice	27	0.5925925925925926	0.24314814814814809	0.07407407407407407	0.4444444444444444
sub-10961	friend	generative	investment	27	3.7037037037037037	2.2144444444444447	1.6296296296296295	3.2629629629629635
sub-10961	stranger	conditional	high_choice	26	0.0	0.26904247052947355	0.20130028449478216	0.3496541008243449
sub-10961	stranger	conditional	investment	26	1.4615384615384615	2.390345742533144	2.1004095209676046	2.7488957903965154
sub-10961	stranger	generative	high_choice	26	0.0	0.2563461538461539	0.07692307692307693	0.4230769230769231
sub-10961	stranger	generative	investment	26	1.4615384615384615	2.330769230769231	1.6923076923076923	3.0788461538461545
sub-10961	computer	conditional	high_choice	28	0.0	0.2364039162868756	0.17336107292536615	0.31670525900092533
sub-10961	computer	conditional	investment	28	1.4285714285714286	2.257602296487554	1.9713911474466554	2.6658910069696997
sub-10961	computer	generative	high_choice	28	0.0	0.24339285714285716	0.07142857142857142	0.42857142857142855
sub-10961	computer	generative	investment	28	1.4285714285714286	2.2921428571428573	1.6410714285714285	3.073214285714286
sub-10964	friend	conditional	high_choice	27	0.5555555555555556	0.4992224285401757	0.38564746280279477	0.5873928093061233
sub-10964	friend	conditional	investment	27	4.296296296296297	3.62322358323099	3.0151486420257467	4.08113770242208
sub-10964	friend	generative	high_choice	27	0.5555555555555556	0.4964814814814815	0.2953703703703704	0.7037037037037037
sub-10964	friend	generative	investment	27	4.296296296296297	3.6133333333333337	2.5907407407407406	4.668518518518519
sub-10964	stranger	conditional	high_choice	27	0.48148148148148145	0.5041693782706524	0.3965664251609893	0.589168296607882
sub-10964	stranger	conditional	investment	27	3.4814814814814814	3.62456542158396	3.0532528155419687	4.078469602465048
sub-10964	stranger	generative	high_choice	27	0.48148148148148145	0.5025925925925925	0.2962962962962963	0.7037037037037037
sub-10964	stranger	generative	investment	27	3.4814814814814814	3.609259259259259	2.738888888888889	4.594444444444445
sub-10964	computer	conditional	high_choice	28	0.32142857142857145	0.5206747891403711	0.41899106627585203	0.5958884123163476
sub-10964	computer	conditional	investment	28	2.7142857142857144	3.7355289743507636	3.1765673181840475	4.151161284759727
sub-10964	computer	generative	high_choice	28	0.32142857142857145	0.5189285714285714	0.32142857142857145	0.7151785714285717
sub-10964	computer	generative	investment	28	2.7142857142857144	3.7475	2.7857142857142856	4.928571428571429
sub-10966	friend	conditional	high_choice	28	0.6428571428571429	0.28540179669923466	0.21308259395386997	0.3566603041768224
sub-10966	friend	conditional	investment	28	4.071428571428571	2.4831528313901163	2.1541555704833697	2.8709945600160163
sub-10966	friend	generative	high_choice	28	0.6428571428571429	0.28142857142857136	0.14196428571428574	0.42857142857142855
sub-10966	friend	generative	investment	28	4.071428571428571	2.4603571428571427	1.7857142857142858	3.1446428571428573
sub-10966	stranger	conditional	high_choice	27	0.14814814814814814	0.30496234309428627	0.2258912902277334	0.38010231143419454
sub-10966	stranger	conditional	investment	27	1.7777777777777777	2.585262014407082	2.2319619536305284	2.976116616684334
sub-10966	stranger	generative	high_choice	27	0.14814814814814814	0.2898148148148148	0.1111111111111111	0.48148148148148145
sub-10966	stranger	generative	investment	27	1.7777777777777777	2.5066666666666664	1.775925925925926	3.4814814814814814
sub-10966	computer	conditional	high_choice	28	0.0	0.29043650251794334	0.22005273923389346	0.36363484331415574
sub-10966	computer	conditional	investment	28	1.4285714285714286	2.513148061947033	2.189677083853888	2.8978199918500507
sub-10966	computer	generative	high_choice	28	0.0	0.28339285714285717	0.10714285714285714	0.4642857142857143
sub-10966	computer	generative	investment	28	1.4285714285714286	2.486428571428571	1.7857142857142858	3.357142857142857
sub-10969	friend	conditional	high_choice	28	0.4642857142857143	0.5343017696434493	0.43187203731319856	0.6177265707262064
sub-10969	friend	conditional	investment	28	3.7857142857142856	3.8320634958134874	3.2767815169772536	4.263494919981457
sub-10969	friend	generative	high_choice	28	0.4642857142857143	0.5216071428571428	0.32142857142857145	0.75
sub-10969	friend	generative	investment	28	3.7857142857142856	3.7667857142857146	2.7839285714285715	4.7875000000000005
sub-10969	stranger	conditional	high_choice	28	0.32142857142857145	0.5254851916143053	0.4177401247667595	0.6175724295741809
sub-10969	stranger	conditional	investment	28	3.0	3.795288976488491	3.1935209043433073	4.263439311913765
sub-10969	stranger	generative	high_choice	28	0.32142857142857145	0.5266071428571428	0.35714285714285715	0.7142857142857143
sub-10969	stranger	generative	investment	28	3.0	3.805	2.9285714285714284	4.714285714285714
sub-10969	computer	conditional	high_choice	28	0.5714285714285714	0.5288185345143221	0.4263625466135243	0.6175082922920188
sub-10969	computer	conditional	investment	28	3.857142857142857	3.8023849325766093	3.236199048407667	4.2622316039273285
sub-10969	computer	generative	high_choice	28	0.5714285714285714	0.5244642857142857	0.32142857142857145	0.7151785714285717
sub-10969	computer	generative	investment	28	3.857142857142857	3.8025	2.7857142857142856	4.928571428571429
sub-10974	friend	conditional	high_choice	13	0.7692307692307693	0.6318247042455386	0.5442438859910836	0.6821464540437616
sub-10974	friend	conditional	investment	13	4.769230769230769	4.193475116738301	3.751210660442051	4.417425560097
sub-10974	friend	generative	high_choice	13	0.7692307692307693	0.6303846153846153	0.38461538461538464	0.8480769230769235
sub-10974	friend	generative	investment	13	4.769230769230769	4.1730769230769225	3.0730769230769233	5.384615384615385
sub-10974	stranger	conditional	high_choice	13	0.6153846153846154	0.6360141271198245	0.5537588916570194	0.6825999123870753
sub-10974	stranger	conditional	investment	13	4.0	4.212698803388559	3.806050339831429	4.419118316320992
sub-10974	stranger	generative	high_choice	13	0.6153846153846154	0.6319230769230769	0.38461538461538464	0.8461538461538461
sub-10974	stranger	generative	investment	13	4.0	4.157692307692307	2.923076923076923	5.230769230769231
sub-10974	computer	conditional	high_choice	12	0.75	0.6439358856415413	0.5303433291616202	0.6979890742606149
sub-10974	computer	conditional	investment	12	4.333333333333333	4.333991916405543	3.6671827426602444	4.616622736094286
sub-10974	computer	generative	high_choice	12	0.75	0.6441666666666666	0.4145833333333334	0.8333333333333334
sub-10974	computer	generative	investment	12	4.333333333333333	4.36	2.9875000000000003	5.5
sub-10977	friend	conditional	high_choice	14	0.7857142857142857	0.4609382872106773	0.33072325226511035	0.5917861006703804
sub-10977	friend	conditional	investment	14	5.142857142857143	3.4265722945404433	2.7211773595869477	4.123330418485958
sub-10977	friend	generative	high_choice	14	0.7857142857142857	0.475	0.21428571428571427	0.7142857142857143
sub-10977	friend	generative	investment	14	5.142857142857143	3.492857142857143	2.142857142857143	4.857142857142857
sub-10977	stranger	conditional	high_choice	14	0.07142857142857142	0.40629093394638344	0.2787849735820126	0.5641289085784724
sub-10977	stranger	conditional	investment	14	1.5714285714285714	3.119960954729089	2.4267688240629215	3.9931825131066354
sub-10977	stranger	generative	high_choice	14	0.07142857142857142	0.3985714285714285	0.14285714285714285	0.7142857142857143
sub-10977	stranger	generative	investment	14	1.5714285714285714	3.1242857142857146	1.8571428571428572	4.575
sub-10977	computer	conditional	high_choice	14	0.21428571428571427	0.45332593645820674	0.32444151287198986	0.591716519944331
sub-10977	computer	conditional	investment	14	2.4285714285714284	3.355842687397467	2.6304395356149644	4.130359681499525
sub-10977	computer	generative	high_choice	14	0.21428571428571427	0.4632142857142857	0.21428571428571427	0.716071428571429
sub-10977	computer	generative	investment	14	2.4285714285714284	3.386428571428571	2.0	4.860714285714286
sub-10979	friend	conditional	high_choice	28	0.6071428571428571	0.6197379801736926	0.5599164173052679	0.667566582754857
sub-10979	friend	conditional	investment	28	4.714285714285714	4.267060488108205	3.990279312742288	4.4958915379419375
sub-10979	friend	generative	high_choice	28	0.6071428571428571	0.6241071428571427	0.4642857142857143	0.7866071428571431
sub-10979	friend	generative	investment	28	4.714285714285714	4.2775	3.4267857142857143	5.073214285714286
sub-10979	stranger	conditional	high_choice	28	0.9285714285714286	0.621021545017208	0.56084399419446	0.6676295242484569
sub-10979	stranger	conditional	investment	28	5.642857142857143	4.270664388853442	3.9929718536126924	4.496138751495968
sub-10979	stranger	generative	high_choice	28	0.9285714285714286	0.6242857142857143	0.4642857142857143	0.7857142857142857
sub-10979	stranger	generative	investment	28	5.642857142857143	4.266071428571429	3.4285714285714284	5.144642857142858
sub-10979	computer	conditional	high_choice	28	0.8214285714285714	0.6236858195337646	0.5649267363005217	0.6693864152260415
sub-10979	computer	conditional	investment	28	5.5	4.292302452964552	4.016994457692128	4.506963865594798
sub-10979	computer	generative	high_choice	28	0.8214285714285714	0.61625	0.42857142857142855	0.7857142857142857
sub-10979	computer	generative	investment	28	5.5	4.239642857142857	3.4267857142857143	5.073214285714286
sub-10983	friend	conditional	high_choice	27	0.5185185185185185	0.3581343574847155	0.28528699570551114	0.42887755118268583
sub-10983	friend	conditional	investment	27	3.5555555555555554	2.770004127332844	2.3996903945563184	3.143596408752927
sub-10983	friend	generative	high_choice	27	0.5185185185185185	0.35185185185185186	0.2212962962962963	0.48148148148148145
sub-10983	friend	generative	investment	27	3.5555555555555554	2.7355555555555555	2.0	3.4074074074074074
sub-10983	stranger	conditional	high_choice	25	0.32	0.36334554988755924	0.2823422052517204	0.42558510575509034
sub-10983	stranger	conditional	investment	25	2.64	2.8858062746687527	2.469663920580472	3.227144311235672
sub-10983	stranger	generative	high_choice	25	0.32	0.36160000000000003	0.2	0.5210000000000002
sub-10983	stranger	generative	investment	25	2.64	2.8592	2.08	3.76
sub-10983	computer	conditional	high_choice	28	0.21428571428571427	0.3397084401283766	0.26031459471561963	0.42416954836498566
sub-10983	computer	conditional	investment	28	2.0	2.6585244645010904	2.24071159110096	3.13618330960875
sub-10983	computer	generative	high_choice	28	0.21428571428571427	0.31160714285714286	0.17767857142857146	0.4642857142857143
sub-10983	computer	generative	investment	28	2.0	2.511428571428571	1.8571428571428572	3.3589285714285717
sub-10984	friend	conditional	high_choice	27	0.9629629629629629	0.5868097991775016	0.5051478242868841	0.6476190577571824
sub-10984	friend	conditional	investment	27	5.851851851851852	4.13983720150451	3.708070023501032	4.426096266464384
sub-10984	friend	generative	high_choice	27	0.9629629629629629	0.5848148148148148	0.4074074074074074	0.7416666666666668
sub-10984	friend	generative	investment	27	5.851851851851852	4.1281481481481475	3.185185185185185	4.962962962962963
sub-10984	stranger	conditional	high_choice	26	0.38461538461538464	0.5875960599443404	0.5209201326126371	0.6444722670440494
sub-10984	stranger	conditional	investment	26	3.230769230769231	3.991636631400379	3.6756516879223913	4.241901383378566
sub-10984	stranger	generative	high_choice	26	0.38461538461538464	0.5846153846153846	0.38461538461538464	0.7692307692307693
sub-10984	stranger	generative	investment	26	3.230769230769231	3.9896153846153846	3.076923076923077	4.926923076923078
sub-10984	computer	conditional	high_choice	28	0.32142857142857145	0.5873365734954547	0.5192422245070745	0.6461049948285705
sub-10984	computer	conditional	investment	28	2.642857142857143	4.114335025953562	3.7689292526401275	4.393189941949414
sub-10984	computer	generative	high_choice	28	0.32142857142857145	0.5866071428571428	0.39285714285714285	0.7866071428571431
sub-10984	computer	generative	investment	28	2.642857142857143	4.106071428571429	3.2125000000000004	5.144642857142858
sub-10998	friend	conditional	high_choice	28	0.6785714285714286	0.49734167640923244	0.3933111076791581	0.5992477457060411
sub-10998	friend	conditional	investment	28	4.071428571428571	3.586093713514545	2.999790058642194	4.1263167474590805
sub-10998	friend	generative	high_choice	28	0.6785714285714286	0.49964285714285717	0.32142857142857145	0.6785714285714286
sub-10998	friend	generative	investment	28	4.071428571428571	3.596428571428571	2.642857142857143	4.501785714285715
sub-10998	stranger	conditional	high_choice	27	0.48148148148148145	0.5259432479798023	0.43381130669371426	0.5976535344501566
sub-10998	stranger	conditional	investment	27	3.4074074074074074	3.820307671753807	3.309277951964756	4.235692330805285
sub-10998	stranger	generative	high_choice	27	0.48148148148148145	0.5098148148148148	0.2962962962962963	0.7407407407407407
sub-10998	stranger	generative	investment	27	3.4074074074074074	3.73037037037037	2.5925925925925926	4.816666666666667
sub-10998	computer	conditional	high_choice	28	0.39285714285714285	0.5148582397220255	0.41206916486635453	0.6010811422443942
sub-10998	computer	conditional	investment	28	3.0714285714285716	3.691888712585899	3.1316193130921555	4.167703081586708
sub-10998	computer	generative	high_choice	28	0.39285714285714285	0.5135714285714286	0.3205357142857143	0.7142857142857143
sub-10998	computer	generative	investment	28	3.0714285714285716	3.68	2.642857142857143	4.642857142857143
sub-11005	friend	conditional	high_choice	27	0.48148148148148145	0.5409615280935391	0.45605357069986285	0.6108577844173492
sub-11005	friend	conditional	investment	27	3.4814814814814814	3.8466670900658846	3.428122226035055	4.182715304057646
sub-11005	friend	generative	high_choice	27	0.48148148148148145	0.5331481481481481	0.3333333333333333	0.7037037037037037
sub-11005	friend	generative	investment	27	3.4814814814814814	3.792962962962963	2.814814814814815	4.592592592592593
sub-11005	stranger	conditional	high_choice	26	0.6153846153846154	0.5390955817476777	0.4574864650232967	0.6051118292178432
sub-11005	stranger	conditional	investment	26	4.615384615384615	3.8582489798631125	3.462159328529045	4.186254402825271
sub-11005	stranger	generative	high_choice	26	0.6153846153846154	0.5467307692307692	0.34615384615384615	0.7307692307692307
sub-11005	stranger	generative	investment	26	4.615384615384615	3.904230769230769	3.0	4.69423076923077
sub-11005	computer	conditional	high_choice	28	0.6071428571428571	0.5482075139530795	0.4741641496840505	0.6080220624736956
sub-11005	computer	conditional	investment	28	4.214285714285714	3.925598365000831	3.5834674530464827	4.215966803212667
sub-11005	computer	generative	high_choice	28	0.6071428571428571	0.545	0.35714285714285715	0.7151785714285717
sub-11005	computer	generative	investment	28	4.214285714285714	3.9132142857142855	2.857142857142857	4.858928571428572
sub-11007	friend	conditional	high_choice	28	1.0	0.5914571784088836	0.5261447520419815	0.6464240161399405
sub-11007	friend	conditional	investment	28	6.0	4.134042917850079	3.8155169361567287	4.3923201348558285
sub-11007	friend	generative	high_choice	28	1.0	0.5908928571428571	0.3919642857142857	0.7857142857142857
sub-11007	friend	generative	investment	28	6.0	4.132142857142857	3.142857142857143	5.0
sub-11007	stranger	conditional	high_choice	28	0.5	0.5913537756426314	0.5249260392118873	0.6472660285457917
sub-11007	stranger	conditional	investment	28	3.857142857142857	4.129135661689746	3.810290413084148	4.396406165678898
sub-11007	stranger	generative	high_choice	28	0.5	0.57125	0.39285714285714285	0.75
sub-11007	stranger	generative	investment	28	3.857142857142857	4.023571428571429	3.0714285714285716	4.857142857142857
sub-11007	computer	conditional	high_choice	28	0.6428571428571429	0.5875940686283359	0.5204611071232859	0.6429911954431706
sub-11007	computer	conditional	investment	28	4.214285714285714	4.106922921094009	3.7870378472639454	4.373220212686294
sub-11007	computer	generative	high_choice	28	0.6428571428571429	0.6019642857142857	0.39285714285714285	0.7857142857142857
sub-11007	computer	generative	investment	28	4.214285714285714	4.184642857142857	3.0714285714285716	5.142857142857143
sub-11012	friend	conditional	high_choice	28	1.0	0.6147476480017199	0.5510095149206363	0.6584210717603985
sub-11012	friend	conditional	investment	28	6.0	4.243284885657011	3.9209901758133032	4.4521554432008195
sub-11012	friend	generative	high_choice	28	1.0	0.6123214285714285	0.42857142857142855	0.7857142857142857
sub-11012	friend	generative	investment	28	6.0	4.2196428571428575	3.2857142857142856	5.142857142857143
sub-11012	stranger	conditional	high_choice	28	0.9642857142857143	0.6118249882945892	0.5430884135664074	0.6568441725883114
sub-11012	stranger	conditional	investment	28	5.857142857142857	4.228972206833077	3.8999912129901824	4.4451327726663905
sub-11012	stranger	generative	high_choice	28	0.9642857142857143	0.6110714285714286	0.42857142857142855	0.7857142857142857
sub-11012	stranger	generative	investment	28	5.857142857142857	4.234285714285714	3.2142857142857144	5.071428571428571
sub-11012	computer	conditional	high_choice	27	0.2962962962962963	0.6149265364242916	0.5427167108915394	0.6615018240128472
sub-11012	computer	conditional	investment	27	2.6666666666666665	4.192561342657343	3.844060768737315	4.408390997895503
sub-11012	computer	generative	high_choice	27	0.2962962962962963	0.6218518518518519	0.4444444444444444	0.8148148148148148
sub-11012	computer	generative	investment	27	2.6666666666666665	4.217777777777778	3.3314814814814815	5.03888888888889
sub-11016	friend	conditional	high_choice	28	0.8571428571428571	0.48399758061995934	0.39287244526025006	0.5802050488902379
sub-11016	friend	conditional	investment	28	5.357142857142857	3.541838540243979	3.025480335855257	4.052184236557997
sub-11016	friend	generative	high_choice	28	0.8571428571428571	0.4910714285714286	0.2857142857142857	0.7142857142857143
sub-11016	friend	generative	investment	28	5.357142857142857	3.5778571428571433	2.5696428571428576	4.644642857142858
sub-11016	stranger	conditional	high_choice	28	0.4642857142857143	0.47961903856172233	0.37599948054684973	0.5899825413338101
sub-11016	stranger	conditional	investment	28	3.0714285714285716	3.5407955447590016	2.9625441841219047	4.124136462172042
sub-11016	stranger	generative	high_choice	28	0.4642857142857143	0.48714285714285716	0.25	0.7142857142857143
sub-11016	stranger	generative	investment	28	3.0714285714285716	3.561071428571428	2.4232142857142858	4.644642857142858
sub-11016	computer	conditional	high_choice	28	0.07142857142857142	0.46635562824984916	0.36224234239792047	0.5686564692649548
sub-11016	computer	conditional	investment	28	1.6428571428571428	3.4429629438777054	2.8540480304257936	4.017066266108497
sub-11016	computer	generative	high_choice	28	0.07142857142857142	0.4776785714285714	0.25	0.6785714285714286
sub-11016	computer	generative	investment	28	1.6428571428571428	3.5321428571428566	2.498214285714286	4.501785714285715
sub-11021	friend	conditional	high_choice	28	1.0	0.5797300337888691	0.5150386037037317	0.6313164512086242
sub-11021	friend	conditional	investment	28	6.0	4.07613210221155	3.7720497936997357	4.315672998768121
sub-11021	friend	generative	high_choice	28	1.0	0.5830357142857143	0.3919642857142857	0.7857142857142857
sub-11021	friend	generative	investment	28	6.0	4.097857142857142	3.1410714285714287	5.0
sub-11021	stranger	conditional	high_choice	28	0.8571428571428571	0.5789985368196252	0.5147389564620427	0.6309761791890874
sub-11021	stranger	conditional	investment	28	5.5	4.072193353708278	3.768746093902759	4.317257241220017
sub-11021	stranger	generative	high_choice	28	0.8571428571428571	0.5723214285714286	0.39285714285714285	0.75
sub-11021	stranger	generative	investment	28	5.5	4.042142857142858	3.0696428571428576	4.860714285714286
sub-11021	computer	conditional	high_choice	28	0.35714285714285715	0.5827712064974654	0.5182998666846718	0.6366349185687649
sub-11021	computer	conditional	investment	28	3.2857142857142856	4.100763438292671	3.804506620192364	4.353172175675832
sub-11021	computer	generative	high_choice	28	0.35714285714285715	0.5794642857142857	0.35714285714285715	0.75
sub-11021	computer	generative	investment	28	3.2857142857142856	4.073214285714285	2.998214285714286	5.0
sub-11030	friend	conditional	high_choice	28	0.6071428571428571	0.5017054563804461	0.3982383421293305	0.5898379903101457
sub-11030	friend	conditional	investment	28	4.214285714285714	3.599681921220654	3.010867359852757	4.097724724416401
sub-11030	friend	generative	high_choice	28	0.6071428571428571	0.49785714285714283	0.32142857142857145	0.6785714285714286
sub-11030	friend	generative	investment	28	4.214285714285714	3.5703571428571435	2.5714285714285716	4.5
sub-11030	stranger	conditional	high_choice	28	0.39285714285714285	0.5142870522362574	0.40555736365882533	0.6012390325788307
sub-11030	stranger	conditional	investment	28	2.9285714285714284	3.661170137255852	3.050638465449293	4.1356265618559025
sub-11030	stranger	generative	high_choice	28	0.39285714285714285	0.5042857142857143	0.32142857142857145	0.6785714285714286
sub-11030	stranger	generative	investment	28	2.9285714285714284	3.606071428571428	2.710714285714286	4.571428571428571
sub-11030	computer	conditional	high_choice	27	0.4444444444444444	0.49285539463773176	0.40037907713640375	0.5789957833714993
sub-11030	computer	conditional	investment	27	3.3333333333333335	3.4841379763285882	3.0007906666756368	3.969608611639889
sub-11030	computer	generative	high_choice	27	0.4444444444444444	0.4994444444444444	0.2962962962962963	0.6666666666666666
sub-11030	computer	generative	investment	27	3.3333333333333335	3.514074074074074	2.4444444444444446	4.37037037037037
sub-11031	friend	conditional	high_choice	27	0.6296296296296297	0.4780405360187697	0.3947937427042602	0.5610375250708232
sub-11031	friend	conditional	investment	27	4.148148148148148	3.445261151989959	2.978023322207062	3.9214218025766256
sub-11031	friend	generative	high_choice	27	0.6296296296296297	0.4753703703703704	0.33240740740740743	0.6296296296296297
sub-11031	friend	generative	investment	27	4.148148148148148	3.441111111111111	2.5925925925925926	4.372222222222223
sub-11031	stranger	conditional	high_choice	28	0.17857142857142858	0.4149586589597733	0.3396583812139977	0.5048230901549051
sub-11031	stranger	conditional	investment	28	1.9285714285714286	3.1024620211488863	2.6629155408905745	3.6002203545645783
sub-11031	stranger	generative	high_choice	28	0.17857142857142858	0.43482142857142864	0.25	0.6071428571428571
sub-11031	stranger	generative	investment	28	1.9285714285714286	3.1957142857142857	2.2142857142857144	4.075
sub-11031	computer	conditional	high_choice	28	0.4642857142857143	0.42324172843295904	0.3502321095228203	0.5114087649885234
sub-11031	computer	conditional	investment	28	3.357142857142857	3.118749963015722	2.6889436422535686	3.608131503225127
sub-11031	computer	generative	high_choice	28	0.4642857142857143	0.43125	0.25	0.6071428571428571
sub-11031	computer	generative	investment	28	3.357142857142857	3.154642857142858	2.355357142857143	4.142857142857143
sub-11036	friend	conditional	high_choice	28	0.8928571428571429	0.5525201457742936	0.4776157573070795	0.6138605830687152
sub-11036	friend	conditional	investment	28	5.5	3.95211566281125	3.603034746500256	4.239362776798409
sub-11036	friend	generative	high_choice	28	0.8928571428571429	0.5641071428571429	0.35714285714285715	0.75
sub-11036	friend	generative	investment	28	5.5	3.9935714285714288	2.998214285714286	4.785714285714286
sub-11036	stranger	conditional	high_choice	28	0.4642857142857143	0.5519632375303783	0.47681717903524823	0.6137920935778773
sub-11036	stranger	conditional	investment	28	4.071428571428571	3.9487163702306067	3.5989223631933815	4.237339101671674
sub-11036	stranger	generative	high_choice	28	0.4642857142857143	0.5523214285714285	0.35714285714285715	0.7857142857142857
sub-11036	stranger	generative	investment	28	4.071428571428571	3.948571428571429	3.0714285714285716	5.001785714285715
sub-11036	computer	conditional	high_choice	28	0.6785714285714286	0.5514299801755616	0.47614513390969515	0.6131623829942124
sub-11036	computer	conditional	investment	28	4.857142857142857	3.945349639828631	3.5954331102761405	4.235890942550087
sub-11036	computer	generative	high_choice	28	0.6785714285714286	0.5442857142857143	0.35714285714285715	0.7151785714285717
sub-11036	computer	generative	investment	28	4.857142857142857	3.910357142857143	2.9267857142857143	4.928571428571429
sub-11039	friend	conditional	high_choice	28	0.8571428571428571	0.5247064688575349	0.44303863719429687	0.5948033095166433
sub-11039	friend	conditional	investment	28	5.142857142857143	3.7728532486816233	3.3008662870325365	4.148090640318664
sub-11039	friend	generative	high_choice	28	0.8571428571428571	0.5246428571428571	0.35625	0.679464285714286
sub-11039	friend	generative	investment	28	5.142857142857143	3.760357142857143	2.855357142857143	4.571428571428571
sub-11039	stranger	conditional	high_choice	28	0.32142857142857145	0.5059473357868839	0.40531993867713434	0.5894441851610275
sub-11039	stranger	conditional	investment	28	2.7142857142857144	3.6866987823554735	3.125137968606961	4.122630474354181
sub-11039	stranger	generative	high_choice	28	0.32142857142857145	0.5067857142857143	0.2857142857142857	0.75
sub-11039	stranger	generative	investment	28	2.7142857142857144	3.7021428571428574	2.642857142857143	4.717857142857143
sub-11039	computer	conditional	high_choice	28	0.35714285714285715	0.47322487383780165	0.35645160964301376	0.5806789664811868
sub-11039	computer	conditional	investment	28	2.9285714285714284	3.4933503024322907	2.8637765332867415	4.081772890339312
sub-11039	computer	generative	high_choice	28	0.35714285714285715	0.50125	0.32142857142857145	0.7142857142857143
sub-11039	computer	generative	investment	28	2.9285714285714284	3.629642857142857	2.5696428571428576	4.714285714285714
sub-11042	friend	conditional	high_choice	28	0.42857142857142855	0.42171537594707237	0.34231996352101757	0.5109469804348798
sub-11042	friend	conditional	investment	28	3.0	3.128111396618981	2.7334223727504496	3.6132868917499215
sub-11042	friend	generative	high_choice	28	0.42857142857142855	0.46535714285714286	0.25	0.6428571428571429
sub-11042	friend	generative	investment	28	3.0	3.3742857142857146	2.355357142857143	4.285714285714286
sub-11042	stranger	conditional	high_choice	28	0.5714285714285714	0.4595285580473205	0.3830690044586823	0.5341319261775925
sub-11042	stranger	conditional	investment	28	4.0	3.403985554797688	3.0408732960967098	3.8001872951869293
sub-11042	stranger	generative	high_choice	28	0.5714285714285714	0.48875	0.32142857142857145	0.6785714285714286
sub-11042	stranger	generative	investment	28	4.0	3.5792857142857137	2.642857142857143	4.428571428571429
sub-11042	computer	conditional	high_choice	28	0.32142857142857145	0.4822579251995615	0.40307124600747574	0.5520501879048375
sub-11042	computer	conditional	investment	28	2.7857142857142856	3.5030897547859663	3.1006808788784506	3.8625229550582754
sub-11042	computer	generative	high_choice	28	0.32142857142857145	0.45875	0.25	0.6428571428571429
sub-11042	computer	generative	investment	28	2.7857142857142856	3.367857142857143	2.498214285714286	4.285714285714286
sub-11053	friend	conditional	high_choice	28	1.0	0.64475074025829	0.59203258612869	0.67853354768692
sub-11053	friend	conditional	investment	28	6.0	4.384706130421414	4.129962819811698	4.546920950235864
sub-11053	friend	generative	high_choice	28	1.0	0.6469642857142859	0.49910714285714286	0.8214285714285714
sub-11053	friend	generative	investment	28	6.0	4.380357142857143	3.5696428571428576	5.142857142857143
sub-11053	stranger	conditional	high_choice	26	0.7307692307692307	0.657544013776715	0.6045774997490783	0.691837352302644
sub-11053	stranger	conditional	investment	26	4.6923076923076925	4.343328637504674	4.065047286377138	4.5105543910479735
sub-11053	stranger	generative	high_choice	26	0.7307692307692307	0.6523076923076923	0.5	0.8076923076923077
sub-11053	stranger	generative	investment	26	4.6923076923076925	4.3380769230769225	3.5365384615384614	5.076923076923077
sub-11053	computer	conditional	high_choice	28	0.25	0.6460596965780079	0.5957380503380991	0.6792905082327066
sub-11053	computer	conditional	investment	28	2.5714285714285716	4.3907941386542	4.145648368794358	4.550600319402128
sub-11053	computer	generative	high_choice	28	0.25	0.6399999999999999	0.5	0.7866071428571431
sub-11053	computer	generative	investment	28	2.5714285714285716	4.366071428571428	3.7142857142857144	5.142857142857143
sub-11058	friend	conditional	high_choice	28	0.8571428571428571	0.612433211163924	0.5538623825965939	0.6584874392740849
sub-11058	friend	conditional	investment	28	5.5	4.228077495775432	3.957786503893664	4.453425678405873
sub-11058	friend	generative	high_choice	28	0.8571428571428571	0.6132142857142857	0.4642857142857143	0.7508928571428574
sub-11058	friend	generative	investment	28	5.5	4.230357142857143	3.4964285714285714	5.0
sub-11058	stranger	conditional	high_choice	28	0.6071428571428571	0.6181865878494777	0.5582978165538852	0.6622740543358192
sub-11058	stranger	conditional	investment	28	4.142857142857143	4.26818343680493	3.988600395529262	4.471307286590031
sub-11058	stranger	generative	high_choice	28	0.6071428571428571	0.6267857142857143	0.42857142857142855	0.7857142857142857
sub-11058	stranger	generative	investment	28	4.142857142857143	4.2821428571428575	3.5	5.0
sub-11058	computer	conditional	high_choice	27	0.7777777777777778	0.6107962077534614	0.5536961896307687	0.6531689266248935
sub-11058	computer	conditional	investment	27	4.814814814814815	4.184560531644551	3.9362596530186336	4.368815530584826
sub-11058	computer	generative	high_choice	27	0.7777777777777778	0.612037037037037	0.4074074074074074	0.7777777777777778
sub-11058	computer	generative	investment	27	4.814814814814815	4.237037037037037	3.4055555555555554	5.111111111111111
sub-11060	friend	conditional	high_choice	28	0.9285714285714286	0.5722382091658056	0.5136491915729492	0.6253491268051258
sub-11060	friend	conditional	investment	28	5.714285714285714	4.028044306759215	3.728857997170413	4.288689726312645
sub-11060	friend	generative	high_choice	28	0.9285714285714286	0.5626785714285714	0.3919642857142857	0.75
sub-11060	friend	generative	investment	28	5.714285714285714	3.978928571428571	3.1410714285714287	4.858928571428572
sub-11060	stranger	conditional	high_choice	27	0.5555555555555556	0.5598492897461121	0.4779912285318048	0.6232534277309895
sub-11060	stranger	conditional	investment	27	3.8518518518518516	3.896029898940333	3.4161083380450545	4.229014444782467
sub-11060	stranger	generative	high_choice	27	0.5555555555555556	0.5629629629629629	0.37037037037037035	0.7407407407407407
sub-11060	stranger	generative	investment	27	3.8518518518518516	3.9214814814814813	2.962962962962963	4.962962962962963
sub-11060	computer	conditional	high_choice	28	0.21428571428571427	0.5626271448059309	0.48712758835028136	0.6206436792982771
sub-11060	computer	conditional	investment	28	2.642857142857143	3.979576788333004	3.5964388677657206	4.267013183364583
sub-11060	computer	generative	high_choice	28	0.21428571428571427	0.55625	0.35625	0.75
sub-11060	computer	generative	investment	28	2.642857142857143	3.9567857142857137	3.0	4.857142857142857
sub-11063	friend	conditional	high_choice	28	0.7857142857142857	0.5268558909312426	0.4240995109958286	0.604565184113648
sub-11063	friend	conditional	investment	28	4.785714285714286	3.821490335888658	3.2956409583658903	4.200371147569616
sub-11063	friend	generative	high_choice	28	0.7857142857142857	0.5141071428571429	0.32142857142857145	0.7142857142857143
sub-11063	friend	generative	investment	28	4.785714285714286	3.7692857142857146	2.855357142857143	4.785714285714286
sub-11063	stranger	conditional	high_choice	25	0.48	0.5146299850609426	0.3971241137634408	0.5914598367923772
sub-11063	stranger	conditional	investment	25	3.28	3.9679256494262747	3.3237972413066044	4.359765646927153
sub-11063	stranger	generative	high_choice	25	0.48	0.49760000000000004	0.32	0.6410000000000002
sub-11063	stranger	generative	investment	25	3.28	3.8575999999999997	2.88	4.722
sub-11063	computer	conditional	high_choice	27	0.4074074074074074	0.5181321970383891	0.40881797815898696	0.5936396689214402
sub-11063	computer	conditional	investment	27	3.037037037037037	3.8789874789230647	3.282701393379981	4.255153607873221
sub-11063	computer	generative	high_choice	27	0.4074074074074074	0.5246296296296297	0.3333333333333333	0.7037037037037037
sub-11063	computer	generative	investment	27	3.037037037037037	3.918148148148148	3.02962962962963	4.888888888888889
sub-11064	friend	conditional	high_choice	25	0.84	0.5052414228380233	0.4384597619392593	0.5785899941248044
sub-11064	friend	conditional	investment	25	5.44	3.723495680406959	3.359696856235505	4.067446646783821
sub-11064	friend	generative	high_choice	25	0.84	0.5124000000000001	0.32	0.72
sub-11064	friend	generative	investment	25	5.44	3.736	2.798	4.722
sub-11064	stranger	conditional	high_choice	27	0.3333333333333333	0.5042965681083222	0.4345932559040787	0.5780726532040408
sub-11064	stranger	conditional	investment	27	2.740740740740741	3.672579281410358	3.3197340041383154	3.993951327442146
sub-11064	stranger	generative	high_choice	27	0.3333333333333333	0.49703703703703694	0.2962962962962963	0.7037037037037037
sub-11064	stranger	generative	investment	27	2.740740740740741	3.6474074074074077	2.740740740740741	4.666666666666667
sub-11064	computer	conditional	high_choice	27	0.48148148148148145	0.505029248275176	0.4455503622137117	0.5717444237548194
sub-11064	computer	conditional	investment	27	4.148148148148148	3.8295673518105025	3.5334254692610547	4.139750157319357
sub-11064	computer	generative	high_choice	27	0.48148148148148145	0.5016666666666667	0.2962962962962963	0.7037037037037037
sub-11064	computer	generative	investment	27	4.148148148148148	3.828518518518519	2.740740740740741	4.816666666666667
sub-11065	friend	conditional	high_choice	28	0.8928571428571429	0.6272098918487136	0.5716746203485021	0.6709756069872543
sub-11065	friend	conditional	investment	28	5.285714285714286	4.293984389481319	4.017802184404329	4.508654104240107
sub-11065	friend	generative	high_choice	28	0.8928571428571429	0.6173214285714286	0.4642857142857143	0.7857142857142857
sub-11065	friend	generative	investment	28	5.285714285714286	4.2560714285714285	3.2857142857142856	5.073214285714286
sub-11065	stranger	conditional	high_choice	28	0.5714285714285714	0.6245693523873019	0.5624016517102636	0.6705370032026869
sub-11065	stranger	conditional	investment	28	3.9285714285714284	4.274975705218586	3.9516210036038757	4.505950238976702
sub-11065	stranger	generative	high_choice	28	0.5714285714285714	0.6217857142857143	0.4642857142857143	0.7857142857142857
sub-11065	stranger	generative	investment	28	3.9285714285714284	4.277857142857143	3.498214285714286	5.073214285714286
sub-11065	computer	conditional	high_choice	27	0.5555555555555556	0.6226088668894524	0.5702822266913928	0.6635477030816985
sub-11065	computer	conditional	investment	27	3.7777777777777777	4.34757388480431	4.091327030212092	4.550214350098231
sub-11065	computer	generative	high_choice	27	0.5555555555555556	0.6235185185185185	0.4074074074074074	0.7787037037037039
sub-11065	computer	generative	investment	27	3.7777777777777777	4.347407407407407	3.259259259259259	5.112962962962963
sub-11066	friend	conditional	high_choice	27	1.0	0.6690358155489301	0.6233529245217435	0.6959855162943782
sub-11066	friend	conditional	investment	27	6.148148148148148	4.640961904661278	4.403745431623011	4.776624599016502
sub-11066	friend	generative	high_choice	27	1.0	0.6661111111111111	0.5185185185185185	0.8148148148148148
sub-11066	friend	generative	investment	27	6.148148148148148	4.626296296296296	3.925925925925926	5.333333333333333
sub-11066	stranger	conditional	high_choice	26	0.6153846153846154	0.6795146844243877	0.63922502556036	0.704672962097786
sub-11066	stranger	conditional	investment	26	4.076923076923077	4.396017177916869	4.197958420428264	4.509264161973658
sub-11066	stranger	generative	high_choice	26	0.6153846153846154	0.6798076923076922	0.5384615384615384	0.8461538461538461
sub-11066	stranger	generative	investment	26	4.076923076923077	4.395384615384615	3.6153846153846154	5.1557692307692315
sub-11066	computer	conditional	high_choice	25	0.52	0.6848951457844672	0.6395833336098032	0.7124668242239593
sub-11066	computer	conditional	investment	25	3.52	4.590902333228208	4.368695553092222	4.724625600865631
sub-11066	computer	generative	high_choice	25	0.52	0.6772	0.52	0.84
sub-11066	computer	generative	investment	25	3.52	4.5440000000000005	3.76	5.28
sub-11068	friend	conditional	high_choice	28	0.32142857142857145	0.38060495837863345	0.2854581368222247	0.4740778470232982
sub-11068	friend	conditional	investment	28	2.857142857142857	3.0326552671604077	2.5263241288117557	3.5440527138024027
sub-11068	friend	generative	high_choice	28	0.32142857142857145	0.3819642857142857	0.17857142857142858	0.6071428571428571
sub-11068	friend	generative	investment	28	2.857142857142857	3.0307142857142857	2.142857142857143	4.142857142857143
sub-11068	stranger	conditional	high_choice	26	0.34615384615384615	0.3964554775717235	0.3090159639137774	0.4839675300494161
sub-11068	stranger	conditional	investment	26	2.8461538461538463	3.25378328280899	2.8109394049234524	3.734052128339206
sub-11068	stranger	generative	high_choice	26	0.34615384615384615	0.4026923076923077	0.19230769230769232	0.6153846153846154
sub-11068	stranger	generative	investment	26	2.8461538461538463	3.2661538461538457	2.3057692307692306	4.384615384615385
sub-11068	computer	conditional	high_choice	26	0.34615384615384615	0.3678397879664715	0.2685842687456489	0.46465697625070673
sub-11068	computer	conditional	investment	26	3.076923076923077	2.9635815506708307	2.4425778377669496	3.50839809308735
sub-11068	computer	generative	high_choice	26	0.34615384615384615	0.3813461538461539	0.19230769230769232	0.5778846153846156
sub-11068	computer	generative	investment	26	3.076923076923077	3.054230769230769	2.1538461538461537	4.153846153846154
sub-11071	friend	conditional	high_choice	28	0.8571428571428571	0.6331885965890715	0.5775851992235281	0.6756841032698218
sub-11071	friend	conditional	investment	28	5.5	4.333147737627695	4.0704678583575555	4.534078567598292
sub-11071	friend	generative	high_choice	28	0.8571428571428571	0.6291071428571429	0.42857142857142855	0.7866071428571431
sub-11071	friend	generative	investment	28	5.5	4.2925	3.355357142857143	5.071428571428571
sub-11071	stranger	conditional	high_choice	27	0.8518518518518519	0.6270926598380613	0.5748446036739786	0.6670325540253975
sub-11071	stranger	conditional	investment	27	5.62962962962963	4.253832564426713	4.02106560845806	4.432422169100436
sub-11071	stranger	generative	high_choice	27	0.8518518518518519	0.625925925925926	0.44351851851851853	0.8148148148148148
sub-11071	stranger	generative	investment	27	5.62962962962963	4.252592592592593	3.259259259259259	5.03888888888889
sub-11071	computer	conditional	high_choice	28	0.8928571428571429	0.6349721038924848	0.5792357744559092	0.6757816513692558
sub-11071	computer	conditional	investment	28	5.5	4.342353005800582	4.079582057272513	4.534658375925365
sub-11071	computer	generative	high_choice	28	0.8928571428571429	0.6446428571428571	0.4642857142857143	0.8571428571428571
sub-11071	computer	generative	investment	28	5.5	4.385357142857143	3.5714285714285716	5.357142857142857
sub-11072	friend	conditional	high_choice	28	1.0	0.4651014038239294	0.38564428472053663	0.5472020655734878
sub-11072	friend	conditional	investment	28	6.0	3.491576625550655	3.0900416179190997	3.88242486838342
sub-11072	friend	generative	high_choice	28	1.0	0.4648214285714286	0.2857142857142857	0.6437500000000003
sub-11072	friend	generative	investment	28	6.0	3.5017857142857145	2.642857142857143	4.501785714285715
sub-11072	stranger	conditional	high_choice	28	0.35714285714285715	0.4542339190923984	0.37950498952441636	0.5352928933841864
sub-11072	stranger	conditional	investment	28	2.9285714285714284	3.427086342003206	2.9776684425208217	3.8780182136742325
sub-11072	stranger	generative	high_choice	28	0.35714285714285715	0.45785714285714285	0.28482142857142856	0.6428571428571429
sub-11072	stranger	generative	investment	28	2.9285714285714284	3.439642857142857	2.5696428571428576	4.428571428571429
sub-11072	computer	conditional	high_choice	28	0.03571428571428571	0.46539148040810885	0.3883245765453211	0.547548282349572
sub-11072	computer	conditional	investment	28	1.5	3.513338762592488	3.093347298811671	3.915886895781032
sub-11072	computer	generative	high_choice	28	0.03571428571428571	0.4685714285714285	0.2857142857142857	0.6785714285714286
sub-11072	computer	generative	investment	28	1.5	3.528928571428571	2.6410714285714287	4.642857142857143
sub-11074	friend	conditional	high_choice	28	0.6785714285714286	0.5584079793736997	0.4839305458968627	0.6325210681016336
sub-11074	friend	conditional	investment	28	4.5	3.9547539048573346	3.5803336651805644	4.331560169664722
sub-11074	friend	generative	high_choice	28	0.6785714285714286	0.5675	0.39285714285714285	0.7857142857142857
sub-11074	friend	generative	investment	28	4.5	3.9975	2.998214285714286	5.0
sub-11074	stranger	conditional	high_choice	28	0.6071428571428571	0.5549691817714897	0.48165762319299527	0.6321988872081401
sub-11074	stranger	conditional	investment	28	4.071428571428571	3.9288808669431483	3.5247423256650006	4.330921810436632
sub-11074	stranger	generative	high_choice	28	0.6071428571428571	0.5507142857142857	0.3919642857142857	0.75
sub-11074	stranger	generative	investment	28	4.071428571428571	3.899642857142857	2.992857142857143	4.858928571428572
sub-11074	computer	conditional	high_choice	28	0.5714285714285714	0.5675628361742469	0.49955545925527267	0.6324891646620153
sub-11074	computer	conditional	investment	28	4.214285714285714	4.000389389888193	3.671990332053313	4.331406375421401
sub-11074	computer	generative	high_choice	28	0.5714285714285714	0.5673214285714286	0.35625	0.75
sub-11074	computer	generative	investment	28	4.214285714285714	3.9878571428571434	2.9267857142857143	4.857142857142857
sub-11075	friend	conditional	high_choice	28	0.39285714285714285	0.3798750789509925	0.2832741942802954	0.5056409806942831
sub-11075	friend	conditional	investment	28	3.142857142857143	3.027977721770335	2.51908248689884	3.7215316735502038
sub-11075	friend	generative	high_choice	28	0.39285714285714285	0.38	0.14285714285714285	0.5714285714285714
sub-11075	friend	generative	investment	28	3.142857142857143	3.0460714285714285	2.1410714285714287	4.071428571428571
sub-11075	stranger	conditional	high_choice	28	0.4642857142857143	0.39643680697755684	0.3016484024896943	0.5050044026281069
sub-11075	stranger	conditional	investment	28	2.9285714285714284	3.1196667738587838	2.577643332965033	3.73247777395559
sub-11075	stranger	generative	high_choice	28	0.4642857142857143	0.3975	0.17857142857142858	0.6071428571428571
sub-11075	stranger	generative	investment	28	2.9285714285714284	3.1092857142857144	2.2125000000000004	4.216071428571429
sub-11075	computer	conditional	high_choice	28	0.2857142857142857	0.4149183573701993	0.3148649131579072	0.5091956382564863
sub-11075	computer	conditional	investment	28	2.642857142857143	3.2134170339824073	2.6421736997069054	3.746520878717299
sub-11075	computer	generative	high_choice	28	0.2857142857142857	0.3985714285714285	0.17857142857142858	0.6428571428571429
sub-11075	computer	generative	investment	28	2.642857142857143	3.1160714285714284	2.0696428571428576	4.216071428571429
sub-11076	friend	conditional	high_choice	14	0.9285714285714286	0.6260504261957035	0.5506901865874241	0.6814842195372279
sub-11076	friend	conditional	investment	14	5.714285714285714	4.296034154449867	3.9459806630335383	4.560412678072892
sub-11076	friend	generative	high_choice	14	0.9285714285714286	0.63	0.35714285714285715	0.8571428571428571
sub-11076	friend	generative	investment	14	5.714285714285714	4.321428571428572	3.0	5.432142857142858
sub-11076	stranger	conditional	high_choice	13	0.6923076923076923	0.6405579985371631	0.5586591338323275	0.6974965969779323
sub-11076	stranger	conditional	investment	13	4.3076923076923075	4.269029651309111	3.880843766338659	4.5403832129034765
sub-11076	stranger	generative	high_choice	13	0.6923076923076923	0.6453846153846154	0.38461538461538464	0.9230769230769231
sub-11076	stranger	generative	investment	13	4.3076923076923075	4.314615384615385	3.076923076923077	5.384615384615385
sub-11076	computer	conditional	high_choice	14	0.6428571428571429	0.6241515498172867	0.5401057465482658	0.6828949831278603
sub-11076	computer	conditional	investment	14	4.142857142857143	4.284978798433598	3.859708851474441	4.5684098745040504
sub-11076	computer	generative	high_choice	14	0.6428571428571429	0.6221428571428572	0.35714285714285715	0.8571428571428571
sub-11076	computer	generative	investment	14	4.142857142857143	4.251428571428572	3.0	5.428571428571429
sub-11078	friend	conditional	high_choice	28	1.0	0.38733670777220014	0.2883761118828096	0.4945109118198804
sub-11078	friend	conditional	investment	28	6.0	3.1149987297889483	2.5672963949626855	3.6856969989531496
sub-11078	friend	generative	high_choice	28	1.0	0.3901785714285714	0.17857142857142858	0.6071428571428571
sub-11078	friend	generative	investment	28	6.0	3.1303571428571435	2.2125000000000004	4.142857142857143
sub-11078	stranger	conditional	high_choice	28	0.0	0.3682897001739758	0.264100625626331	0.49264304651083907
sub-11078	stranger	conditional	investment	28	1.4285714285714286	3.0219458271835298	2.4869182393349303	3.6692854542343905
sub-11078	stranger	generative	high_choice	28	0.0	0.3769642857142857	0.17857142857142858	0.5723214285714288
sub-11078	stranger	generative	investment	28	1.4285714285714286	3.0642857142857145	2.0714285714285716	4.214285714285714
sub-11078	computer	conditional	high_choice	28	0.0	0.39641436049712003	0.29557964584823293	0.4966608156737608
sub-11078	computer	conditional	investment	28	1.4285714285714286	3.16995897287052	2.6178148751219643	3.694260986014168
sub-11078	computer	generative	high_choice	28	0.0	0.39607142857142863	0.17857142857142858	0.5714285714285714
sub-11078	computer	generative	investment	28	1.4285714285714286	3.174642857142857	2.2839285714285715	4.142857142857143
sub-11083	friend	conditional	high_choice	25	0.84	0.5196152338274714	0.44565525057828004	0.5903705638445118
sub-11083	friend	conditional	investment	25	5.36	3.9183327806916446	3.5847936996066756	4.252523230729641
sub-11083	friend	generative	high_choice	25	0.84	0.5122	0.32	0.68
sub-11083	friend	generative	investment	25	5.36	3.8936	2.8	4.88
sub-11083	stranger	conditional	high_choice	25	0.4	0.5175678345870108	0.4389479863750128	0.598414572490887
sub-11083	stranger	conditional	investment	25	3.12	3.7416615414923284	3.388348201625856	4.1055954228978555
sub-11083	stranger	generative	high_choice	25	0.4	0.5246	0.32	0.72
sub-11083	stranger	generative	investment	25	3.12	3.7760000000000002	2.798	4.8
sub-11083	computer	conditional	high_choice	26	0.6153846153846154	0.5230409800444762	0.44465376247922006	0.5959375961733688
sub-11083	computer	conditional	investment	26	4.076923076923077	3.830891613499491	3.4600044571772144	4.1814704208184175
sub-11083	computer	generative	high_choice	26	0.6153846153846154	0.5103846153846154	0.3451923076923077	0.7307692307692307
sub-11083	computer	generative	investment	26	4.076923076923077	3.7938461538461534	2.923076923076923	4.69423076923077
sub-11084	friend	conditional	high_choice	28	1.0	0.6377727008321761	0.5882310553226197	0.6761469427074676
sub-11084	friend	conditional	investment	28	6.0	4.349860703390432	4.125808963710812	4.533410793522003
sub-11084	friend	generative	high_choice	28	1.0	0.6405357142857142	0.4642857142857143	0.7857142857142857
sub-11084	friend	generative	investment	28	6.0	4.368214285714285	3.498214285714286	5.142857142857143
sub-11084	stranger	conditional	high_choice	28	0.9285714285714286	0.638976256035998	0.5883517058288295	0.6768932040984634
sub-11084	stranger	conditional	investment	28	5.714285714285714	4.363482065518155	4.132054349483833	4.540172167782913
sub-11084	stranger	generative	high_choice	28	0.9285714285714286	0.6316071428571428	0.4642857142857143	0.75
sub-11084	stranger	generative	investment	28	5.714285714285714	4.3410714285714285	3.4964285714285714	5.073214285714286
sub-11084	computer	conditional	high_choice	26	0.46153846153846156	0.6496206591869168	0.5951238844027137	0.6899562156425806
sub-11084	computer	conditional	investment	26	3.923076923076923	4.386736008046797	4.13583930138701	4.577878138760362
sub-11084	computer	generative	high_choice	26	0.46153846153846156	0.6544230769230769	0.46153846153846156	0.8076923076923077
sub-11084	computer	generative	investment	26	3.923076923076923	4.403846153846153	3.4615384615384617	5.153846153846154
sub-11085	friend	conditional	high_choice	27	0.7777777777777778	0.5560779590184465	0.48233178430913876	0.6253355177261923
sub-11085	friend	conditional	investment	27	4.962962962962963	3.889801230333085	3.487365271713478	4.238158696526767
sub-11085	friend	generative	high_choice	27	0.7777777777777778	0.5514814814814816	0.3333333333333333	0.7407407407407407
sub-11085	friend	generative	investment	27	4.962962962962963	3.8685185185185187	2.888888888888889	4.7407407407407405
sub-11085	stranger	conditional	high_choice	28	0.6785714285714286	0.5528533099278031	0.4814392805479765	0.620080899658813
sub-11085	stranger	conditional	investment	28	4.785714285714286	3.946019606835412	3.591912114246134	4.2681965285528785
sub-11085	stranger	generative	high_choice	28	0.6785714285714286	0.5707142857142857	0.39285714285714285	0.7857142857142857
sub-11085	stranger	generative	investment	28	4.785714285714286	4.05	3.2125000000000004	5.001785714285715
sub-11085	computer	conditional	high_choice	28	0.4642857142857143	0.5473702513171379	0.4684011918240037	0.6169647734878152
sub-11085	computer	conditional	investment	28	3.357142857142857	3.9146958390999522	3.4928355220058354	4.252133216364446
sub-11085	computer	generative	high_choice	28	0.4642857142857143	0.5503571428571429	0.32142857142857145	0.75
sub-11085	computer	generative	investment	28	3.357142857142857	3.9742857142857146	2.925	5.001785714285715
sub-11090	friend	conditional	high_choice	28	0.8928571428571429	0.5544041841058029	0.45653000753612644	0.6401717407332209
sub-11090	friend	conditional	investment	28	5.5	3.8850619331515746	3.3454203834192966	4.347572622765998
sub-11090	friend	generative	high_choice	28	0.8928571428571429	0.5507142857142857	0.35714285714285715	0.75
sub-11090	friend	generative	investment	28	5.5	3.871428571428571	3.0	4.930357142857144
sub-11090	stranger	conditional	high_choice	27	0.5555555555555556	0.5549480884585752	0.46044687638947646	0.6366204940506373
sub-11090	stranger	conditional	investment	27	3.7037037037037037	3.8681917941011013	3.363225584865966	4.29043872806151
sub-11090	stranger	generative	high_choice	27	0.5555555555555556	0.5535185185185185	0.37037037037037035	0.7407407407407407
sub-11090	stranger	generative	investment	27	3.7037037037037037	3.8677777777777775	2.888888888888889	4.888888888888889
sub-11090	computer	conditional	high_choice	27	0.14814814814814814	0.5257229948857782	0.4134661593964753	0.6239883919720663
sub-11090	computer	conditional	investment	27	1.8518518518518519	3.7972372674612704	3.159490050763681	4.340287265845636
sub-11090	computer	generative	high_choice	27	0.14814814814814814	0.5257407407407407	0.36944444444444446	0.7046296296296298
sub-11090	computer	generative	investment	27	1.8518518518518519	3.7870370370370368	2.8851851851851853	4.814814814814815
sub-11113	friend	conditional	high_choice	28	0.9285714285714286	0.41824610805567497	0.33807261370393954	0.4898568598528513
sub-11113	friend	conditional	investment	28	5.785714285714286	3.3019168064278035	2.8952812112126503	3.6602832697914653
sub-11113	friend	generative	high_choice	28	0.9285714285714286	0.41660714285714284	0.25	0.6428571428571429
sub-11113	friend	generative	investment	28	5.785714285714286	3.330357142857143	2.4267857142857143	4.428571428571429
sub-11113	stranger	conditional	high_choice	27	0.037037037037037035	0.4230757257818544	0.3546749305325107	0.4945441890295604
sub-11113	stranger	conditional	investment	27	1.6296296296296295	3.2742276089233973	2.927365153382062	3.6116034804678505
sub-11113	stranger	generative	high_choice	27	0.037037037037037035	0.41092592592592586	0.2222222222222222	0.6296296296296297
sub-11113	stranger	generative	investment	27	1.6296296296296295	3.2074074074074077	2.3703703703703702	4.15
sub-11113	computer	conditional	high_choice	27	0.037037037037037035	0.415739463236509	0.33547363921385515	0.4895044077681495
sub-11113	computer	conditional	investment	27	1.7777777777777777	3.3479791544761417	2.921890653642706	3.7181077139963183
sub-11113	computer	generative	high_choice	27	0.037037037037037035	0.40796296296296297	0.2222222222222222	0.6296296296296297
sub-11113	computer	generative	investment	27	1.7777777777777777	3.305925925925926	2.4425925925925926	4.224074074074075
sub-11116	friend	conditional	high_choice	28	1.0	0.40171446027377017	0.30400532491054794	0.47871638393071547
sub-11116	friend	conditional	investment	28	6.0	3.2174007108750153	2.7390366666377903	3.6072289733944873
sub-11116	friend	generative	high_choice	28	1.0	0.40589285714285706	0.25	0.6071428571428571
sub-11116	friend	generative	investment	28	6.0	3.1982142857142857	2.357142857142857	4.285714285714286
sub-11116	stranger	conditional	high_choice	27	0.037037037037037035	0.3813259395172651	0.2735748334469115	0.4706000299479779
sub-11116	stranger	conditional	investment	27	1.4814814814814814	2.998309741914525	2.386948847373768	3.4737603956175094
sub-11116	stranger	generative	high_choice	27	0.037037037037037035	0.3781481481481481	0.18518518518518517	0.5925925925925926
sub-11116	stranger	generative	investment	27	1.4814814814814814	2.9877777777777776	1.9259259259259258	4.074074074074074
sub-11116	computer	conditional	high_choice	28	0.03571428571428571	0.3996850099194161	0.31025394170544274	0.47589512622268104
sub-11116	computer	conditional	investment	28	1.5714285714285714	3.182579047154399	2.7308712230188106	3.5809030023315094
sub-11116	computer	generative	high_choice	28	0.03571428571428571	0.39375	0.17857142857142858	0.6071428571428571
sub-11116	computer	generative	investment	28	1.5714285714285714	3.148571428571428	2.142857142857143	4.073214285714286
sub-11120	friend	conditional	high_choice	27	0.9629629629629629	0.685670161539887	0.6603810461743597	0.7002011948878085
sub-11120	friend	conditional	investment	27	6.0	4.725072163772467	4.601351697045287	4.797602847899754
sub-11120	friend	generative	high_choice	27	0.9629629629629629	0.6962962962962962	0.5555555555555556	0.8148148148148148
sub-11120	friend	generative	investment	27	6.0	4.777777777777778	4.074074074074074	5.40925925925926
sub-11120	stranger	conditional	high_choice	28	0.8571428571428571	0.6959694932686078	0.6689268162332589	0.7106246051563884
sub-11120	stranger	conditional	investment	28	5.428571428571429	4.625755165144658	4.49943975838143	4.697062825561642
sub-11120	stranger	generative	high_choice	28	0.8571428571428571	0.6926785714285714	0.5357142857142857	0.8214285714285714
sub-11120	stranger	generative	investment	28	5.428571428571429	4.629642857142858	3.9267857142857143	5.285714285714286
sub-11120	computer	conditional	high_choice	28	0.9642857142857143	0.6962731850555793	0.6691881840774915	0.7106453781628664
sub-11120	computer	conditional	investment	28	5.857142857142857	4.6304775824345885	4.504270392246852	4.697402298986485
sub-11120	computer	generative	high_choice	28	0.9642857142857143	0.6930357142857143	0.5714285714285714	0.8214285714285714
sub-11120	computer	generative	investment	28	5.857142857142857	4.615714285714286	3.9285714285714284	5.214285714285714
sub-11125	friend	conditional	high_choice	22	0.45454545454545453	0.5139601384104688	0.40385146731104427	0.5933800182029656
sub-11125	friend	conditional	investment	22	3.5454545454545454	4.009641127597067	3.4340817309578506	4.398328506452795
sub-11125	friend	generative	high_choice	22	0.45454545454545453	0.5263636363636364	0.3181818181818182	0.7272727272727273
sub-11125	friend	generative	investment	22	3.5454545454545454	4.03	2.9068181818181817	5.002272727272728
sub-11125	stranger	conditional	high_choice	21	0.42857142857142855	0.5377138059421499	0.4450553694314834	0.6287041082855123
sub-11125	stranger	conditional	investment	21	3.142857142857143	3.742776286456267	3.2790991319984313	4.1702362866319405
sub-11125	stranger	generative	high_choice	21	0.42857142857142855	0.5261904761904762	0.3333333333333333	0.7619047619047619
sub-11125	stranger	generative	investment	21	3.142857142857143	3.6609523809523807	2.5714285714285716	4.66904761904762
sub-11125	computer	conditional	high_choice	23	0.6086956521739131	0.522473865054683	0.4261143789636519	0.6033441324365822
sub-11125	computer	conditional	investment	23	3.9130434782608696	3.8201193475063544	3.3248215883588546	4.185725235764551
sub-11125	computer	generative	high_choice	23	0.6086956521739131	0.5273913043478261	0.3032608695652174	0.740217391304348
sub-11125	computer	generative	investment	23	3.9130434782608696	3.837391304347826	2.6956521739130435	4.869565217391305
sub-11126	friend	conditional	high_choice	22	0.7727272727272727	0.48427609447148173	0.41584062490611223	0.5641530864287015
sub-11126	friend	conditional	investment	22	4.545454545454546	3.4971307411698733	3.1723520593443424	3.862672432014168
sub-11126	friend	generative	high_choice	22	0.7727272727272727	0.48886363636363633	0.2727272727272727	0.6818181818181818
sub-11126	friend	generative	investment	22	4.545454545454546	3.4986363636363635	2.4545454545454546	4.456818181818182
sub-11126	stranger	conditional	high_choice	22	0.6818181818181818	0.4927650271923358	0.4308157495355639	0.5654477332872185
sub-11126	stranger	conditional	investment	22	5.0	3.8150368131885752	3.494003348675848	4.2104888921642845
sub-11126	stranger	generative	high_choice	22	0.6818181818181818	0.475	0.2727272727272727	0.6363636363636364
sub-11126	stranger	generative	investment	22	5.0	3.733636363636364	2.6363636363636362	4.7272727272727275
sub-11126	computer	conditional	high_choice	25	0.28	0.4938549308484284	0.4260128625668149	0.5704302406718946
sub-11126	computer	conditional	investment	25	2.64	3.7247008750080313	3.3947830653864903	4.105541279151016
sub-11126	computer	generative	high_choice	25	0.28	0.4912	0.28	0.72
sub-11126	computer	generative	investment	25	2.64	3.7188	2.6380000000000003	4.8
sub-11128	friend	conditional	high_choice	28	0.9642857142857143	0.6872072879990663	0.6487708708684865	0.7067160765366486
sub-11128	friend	conditional	investment	28	5.857142857142857	4.5846825387378	4.401898614374495	4.678695757873496
sub-11128	friend	generative	high_choice	28	0.9642857142857143	0.6885714285714286	0.5348214285714286	0.8571428571428571
sub-11128	friend	generative	investment	28	5.857142857142857	4.595	3.7857142857142856	5.216071428571429
sub-11128	stranger	conditional	high_choice	27	0.8888888888888888	0.693981457119933	0.6543109803550959	0.7143657886536325
sub-11128	stranger	conditional	investment	27	5.555555555555555	4.568628821439032	4.379734089052155	4.66681283466468
sub-11128	stranger	generative	high_choice	27	0.8888888888888888	0.6883333333333335	0.5185185185185185	0.8157407407407409
sub-11128	stranger	generative	investment	27	5.555555555555555	4.5270370370370365	3.7037037037037037	5.261111111111112
sub-11128	computer	conditional	high_choice	25	0.96	0.6749002970621295	0.6392937365470326	0.6929540498789549
sub-11128	computer	conditional	investment	25	5.84	4.639159714406498	4.468350167642604	4.726241860975702
sub-11128	computer	generative	high_choice	25	0.96	0.6716	0.52	0.84
sub-11128	computer	generative	investment	25	5.84	4.6204	3.84	5.362000000000001
sub-11134	friend	conditional	high_choice	28	0.35714285714285715	0.3818649008406804	0.28644517101165706	0.4978673706077116
sub-11134	friend	conditional	investment	28	3.0	3.0198424851546912	2.4833872116130875	3.6124344018941326
sub-11134	friend	generative	high_choice	28	0.35714285714285715	0.37660714285714286	0.17767857142857146	0.5723214285714288
sub-11134	friend	generative	investment	28	3.0	3.01	2.0	4.071428571428571
sub-11134	stranger	conditional	high_choice	27	0.2962962962962963	0.38307993524530104	0.2818650684892406	0.5015203838066132
sub-11134	stranger	conditional	investment	27	2.814814814814815	3.123127152717432	2.516486651406531	3.766015267016707
sub-11134	stranger	generative	high_choice	27	0.2962962962962963	0.39296296296296296	0.2222222222222222	0.5555555555555556
sub-11134	stranger	generative	investment	27	2.814814814814815	3.1762962962962957	2.2944444444444443	4.075925925925927
sub-11134	computer	conditional	high_choice	28	0.42857142857142855	0.40136213508971197	0.29790882590634343	0.5091786058262121
sub-11134	computer	conditional	investment	28	2.9285714285714284	3.1354231090690248	2.550681288456308	3.722343157062716
sub-11134	computer	generative	high_choice	28	0.42857142857142855	0.3735714285714286	0.17857142857142858	0.6071428571428571
sub-11134	computer	generative	investment	28	2.9285714285714284	2.975357142857143	2.0714285714285716	4.071428571428571
sub-11139	friend	conditional	high_choice	27	0.7777777777777778	0.32690962036020643	0.2405155476850539	0.4344891086812453
sub-11139	friend	conditional	investment	27	4.592592592592593	2.7135625989934447	2.2636420816326863	3.357060404349658
sub-11139	friend	generative	high_choice	27	0.7777777777777778	0.3329629629629629	0.1111111111111111	0.5185185185185185
sub-11139	friend	generative	investment	27	4.592592592592593	2.7503703703703706	1.8518518518518519	3.633333333333334
sub-11139	stranger	conditional	high_choice	27	0.07407407407407407	0.3445641577455247	0.252963502896859	0.4460354014774561
sub-11139	stranger	conditional	investment	27	1.7037037037037037	2.9044733715175806	2.4074163341997434	3.500211799295739
sub-11139	stranger	generative	high_choice	27	0.07407407407407407	0.32759259259259255	0.14814814814814814	0.5185185185185185
sub-11139	stranger	generative	investment	27	1.7037037037037037	2.8029629629629627	1.924074074074074	4.0
sub-11139	computer	conditional	high_choice	26	0.038461538461538464	0.3413933897943284	0.25335362540844725	0.4447226338649127
sub-11139	computer	conditional	investment	26	1.6153846153846154	2.852289275848463	2.3771712749212615	3.4441325053799745
sub-11139	computer	generative	high_choice	26	0.038461538461538464	0.3392307692307692	0.15384615384615385	0.5384615384615384
sub-11139	computer	generative	investment	26	1.6153846153846154	2.8376923076923077	2.0	3.773076923076924
sub-11164	friend	conditional	high_choice	13	0.7692307692307693	0.5243447777101501	0.4042596912818481	0.5996175239375836
sub-11164	friend	conditional	investment	13	5.076923076923077	3.9566662197119356	3.3161345349885294	4.3243888584392955
sub-11164	friend	generative	high_choice	13	0.7692307692307693	0.5246153846153847	0.23076923076923078	0.7692307692307693
sub-11164	friend	generative	investment	13	5.076923076923077	3.942307692307693	2.7615384615384615	5.538461538461538
sub-11164	stranger	conditional	high_choice	11	0.45454545454545453	0.5296161654335617	0.4100169255560478	0.6178210376553875
sub-11164	stranger	conditional	investment	11	3.6363636363636362	3.7330154497080694	3.0919023791786078	4.102056090226171
sub-11164	stranger	generative	high_choice	11	0.45454545454545453	0.5377272727272727	0.2727272727272727	0.8181818181818182
sub-11164	stranger	generative	investment	11	3.6363636363636362	3.7636363636363637	2.3636363636363638	5.2727272727272725
sub-11164	computer	conditional	high_choice	14	0.42857142857142855	0.5280162241017375	0.42177889574880684	0.6155659044541018
sub-11164	computer	conditional	investment	14	3.2857142857142856	3.830104512500917	3.278410172330689	4.24585424123725
sub-11164	computer	generative	high_choice	14	0.42857142857142855	0.5514285714285714	0.2857142857142857	0.7875000000000004
sub-11164	computer	generative	investment	14	3.2857142857142856	3.9114285714285715	2.4285714285714284	5.289285714285715
sub-11167	friend	conditional	high_choice	28	0.6785714285714286	0.6567747608507472	0.6130655893500385	0.6921041260536235
sub-11167	friend	conditional	investment	28	4.214285714285714	4.4432693627456175	4.225807054455999	4.609507091030074
sub-11167	friend	generative	high_choice	28	0.6785714285714286	0.6580357142857142	0.5	0.8214285714285714
sub-11167	friend	generative	investment	28	4.214285714285714	4.455357142857142	3.6410714285714287	5.214285714285714
sub-11167	stranger	conditional	high_choice	27	1.0	0.6494083623882316	0.6055114927962318	0.683500495417009
sub-11167	stranger	conditional	investment	27	6.148148148148148	4.546398846002951	4.330233266590602	4.715676389033479
sub-11167	stranger	generative	high_choice	27	1.0	0.6487037037037038	0.4444444444444444	0.8157407407407409
sub-11167	stranger	generative	investment	27	6.148148148148148	4.540740740740741	3.5537037037037034	5.3351851851851855
sub-11167	computer	conditional	high_choice	28	0.7857142857142857	0.6553279049547325	0.6079113629417937	0.691418390288089
sub-11167	computer	conditional	investment	28	4.928571428571429	4.4309851424882245	4.203097400237508	4.603798975266845
sub-11167	computer	generative	high_choice	28	0.7857142857142857	0.6641071428571429	0.5	0.8214285714285714
sub-11167	computer	generative	investment	28	4.928571428571429	4.465357142857143	3.7142857142857144	5.2875000000000005
sub-11168	friend	conditional	high_choice	28	0.75	0.5261730754214655	0.44655537726625744	0.610483398869677
sub-11168	friend	conditional	investment	28	4.714285714285714	3.7468108855790696	3.272478825379239	4.208201578196925
sub-11168	friend	generative	high_choice	28	0.75	0.5173214285714285	0.32142857142857145	0.7142857142857143
sub-11168	friend	generative	investment	28	4.714285714285714	3.7035714285714283	2.7839285714285715	4.573214285714286
sub-11168	stranger	conditional	high_choice	28	0.39285714285714285	0.5141120694593394	0.4319978833303667	0.6077712118774697
sub-11168	stranger	conditional	investment	28	2.7857142857142856	3.6814087422910755	3.190452364987975	4.192063599762824
sub-11168	stranger	generative	high_choice	28	0.39285714285714285	0.5242857142857144	0.32142857142857145	0.75
sub-11168	stranger	generative	investment	28	2.7857142857142856	3.7407142857142857	2.7142857142857144	4.714285714285714
sub-11168	computer	conditional	high_choice	27	0.4074074074074074	0.5251160229146161	0.4385014985136067	0.6159085239268297
sub-11168	computer	conditional	investment	27	3.037037037037037	3.6500055053572207	3.1310697845719453	4.157146437360456
sub-11168	computer	generative	high_choice	27	0.4074074074074074	0.5337037037037037	0.33240740740740743	0.7046296296296298
sub-11168	computer	generative	investment	27	3.037037037037037	3.688148148148148	2.5185185185185186	4.592592592592593
sub-11171	friend	conditional	high_choice	28	0.8928571428571429	0.4734732699359314	0.3763746266718916	0.5574119029620438
sub-11171	friend	conditional	investment	28	5.428571428571429	3.5317586804682564	2.9727088935535653	3.949451315751753
sub-11171	friend	generative	high_choice	28	0.8928571428571429	0.46625	0.2857142857142857	0.6437500000000003
sub-11171	friend	generative	investment	28	5.428571428571429	3.4782142857142855	2.498214285714286	4.428571428571429
sub-11171	stranger	conditional	high_choice	28	0.5357142857142857	0.47512499426969756	0.37393143227261116	0.564967263419912
sub-11171	stranger	conditional	investment	28	3.142857142857143	3.549833807547336	2.9556858310701952	4.016435583780077
sub-11171	stranger	generative	high_choice	28	0.5357142857142857	0.47375	0.2857142857142857	0.6785714285714286
sub-11171	stranger	generative	investment	28	3.142857142857143	3.5239285714285717	2.5714285714285716	4.503571428571429
sub-11171	computer	conditional	high_choice	28	0.03571428571428571	0.4799986314519441	0.380952052928803	0.5649891134953124
sub-11171	computer	conditional	investment	28	1.5	3.5688963362663992	3.000574923048378	4.001810574549878
sub-11171	computer	generative	high_choice	28	0.03571428571428571	0.4819642857142857	0.2857142857142857	0.6785714285714286
sub-11171	computer	generative	investment	28	1.5	3.6010714285714287	2.6392857142857142	4.642857142857143
sub-11177	friend	conditional	high_choice	28	0.7857142857142857	0.49021271236377784	0.40665363215128253	0.5656572992619636
sub-11177	friend	conditional	investment	28	5.285714285714286	3.6379014244983865	3.189182560964743	4.004654296856248
sub-11177	friend	generative	high_choice	28	0.7857142857142857	0.4926785714285714	0.25	0.6785714285714286
sub-11177	friend	generative	investment	28	5.285714285714286	3.656071428571429	2.5	4.573214285714286
sub-11177	stranger	conditional	high_choice	27	0.5185185185185185	0.4845339279272114	0.39067070778254764	0.5579784282624267
sub-11177	stranger	conditional	investment	27	3.8518518518518516	3.7182969441205715	3.200217273659158	4.099798700821006
sub-11177	stranger	generative	high_choice	27	0.5185185185185185	0.4751851851851851	0.25925925925925924	0.6666666666666666
sub-11177	stranger	generative	investment	27	3.8518518518518516	3.6929629629629632	2.588888888888889	4.666666666666667
sub-11177	computer	conditional	high_choice	27	0.0	0.47942981476976015	0.38781099643211225	0.5576015510011137
sub-11177	computer	conditional	investment	27	1.4814814814814814	3.669900845453302	3.1523406500001596	4.096642037873472
sub-11177	computer	generative	high_choice	27	0.0	0.48	0.2962962962962963	0.6666666666666666
sub-11177	computer	generative	investment	27	1.4814814814814814	3.677037037037037	2.5925925925925926	4.594444444444445
sub-11192	friend	conditional	high_choice	28	0.8214285714285714	0.5410865523496047	0.44173037155846584	0.637856399684874
sub-11192	friend	conditional	investment	28	5.214285714285714	3.816919891843121	3.2838490411954893	4.353579157603055
sub-11192	friend	generative	high_choice	28	0.8214285714285714	0.5375	0.35714285714285715	0.7142857142857143
sub-11192	friend	generative	investment	28	5.214285714285714	3.7932142857142854	2.857142857142857	4.785714285714286
sub-11192	stranger	conditional	high_choice	28	0.42857142857142855	0.5497263324801636	0.4585289589049696	0.6378266827598009
sub-11192	stranger	conditional	investment	28	3.142857142857143	3.8707350082022587	3.3572530175821678	4.354319639590492
sub-11192	stranger	generative	high_choice	28	0.42857142857142855	0.5460714285714285	0.39285714285714285	0.75
sub-11192	stranger	generative	investment	28	3.142857142857143	3.8542857142857145	2.998214285714286	4.716071428571429
sub-11192	computer	conditional	high_choice	27	0.25925925925925924	0.5492679234514555	0.4505308034695105	0.6429437567775035
sub-11192	computer	conditional	investment	27	2.814814814814815	3.8907657856184503	3.3364433028425706	4.404447202114934
sub-11192	computer	generative	high_choice	27	0.25925925925925924	0.5468518518518519	0.3333333333333333	0.7046296296296298
sub-11192	computer	generative	investment	27	2.814814814814815	3.8777777777777778	2.888888888888889	4.814814814814815
sub-11193	friend	conditional	high_choice	28	0.8571428571428571	0.5874620562138984	0.5269921738299522	0.6405221314026088
sub-11193	friend	conditional	investment	28	5.5	4.123098884017516	3.833093637462335	4.370449461251877
sub-11193	friend	generative	high_choice	28	0.8571428571428571	0.5826785714285714	0.39285714285714285	0.75
sub-11193	friend	generative	investment	28	5.5	4.081428571428571	3.0714285714285716	4.928571428571429
sub-11193	stranger	conditional	high_choice	27	0.6296296296296297	0.5787272397033886	0.5139625333866796	0.6314649517234588
sub-11193	stranger	conditional	investment	27	4.148148148148148	4.03432413271575	3.7472861017749093	4.2770650501488525
sub-11193	stranger	generative	high_choice	27	0.6296296296296297	0.5690740740740741	0.37037037037037035	0.7407407407407407
sub-11193	stranger	generative	investment	27	4.148148148148148	3.9803703703703706	2.961111111111111	4.814814814814815
sub-11193	computer	conditional	high_choice	27	0.6666666666666666	0.5816279515789902	0.5179292872832881	0.6325468308831755
sub-11193	computer	conditional	investment	27	4.37037037037037	4.156020320189099	3.845836269818442	4.39958716775569
sub-11193	computer	generative	high_choice	27	0.6666666666666666	0.5822222222222222	0.37037037037037035	0.7777777777777778
sub-11193	computer	generative	investment	27	4.37037037037037	4.147037037037037	3.185185185185185	5.037037037037037
sub-11201	friend	conditional	high_choice	5	0.4	0.5082955783888218	0.25914345886772067	0.5937005483318337
sub-11201	friend	conditional	investment	5	4.0	4.401598417987108	2.9905044175679962	4.955187234773735
sub-11201	friend	generative	high_choice	5	0.4	0.505	0.0	0.8
sub-11201	friend	generative	investment	5	4.0	4.408	2.0	6.0
sub-11201	stranger	conditional	high_choice	2	0.5	0.41236282214423364	0.1401082666868015	0.49904448073994995
sub-11201	stranger	conditional	investment	2	5.0	5.058415885411205	3.669583906812381	5.495653543065183
sub-11201	stranger	generative	high_choice	2	0.5	0.4125	0.0	1.0
sub-11201	stranger	generative	investment	2	5.0	5.055	3.0	8.0
sub-11201	computer	conditional	high_choice	2	0.0	0.3961754206664295	0.09743409867468303	0.49869781943308683
sub-11201	computer	conditional	investment	2	2.0	4.377052523998577	2.5846045920480982	4.992186916598521
sub-11201	computer	generative	high_choice	2	0.0	0.3725	0.0	1.0
sub-11201	computer	generative	investment	2	2.0	4.235	2.0	8.0
sub-11203	friend	conditional	high_choice	27	0.4444444444444444	0.4857091920155932	0.4024233438500444	0.5608260453484095
sub-11203	friend	conditional	investment	27	3.925925925925926	3.58745509755613	3.174586082750989	3.9468142303525053
sub-11203	friend	generative	high_choice	27	0.4444444444444444	0.4938888888888889	0.2953703703703704	0.7037037037037037
sub-11203	friend	generative	investment	27	3.925925925925926	3.652592592592593	2.6648148148148145	4.668518518518519
sub-11203	stranger	conditional	high_choice	26	0.46153846153846156	0.4894025282998286	0.40993485064520074	0.5581426547322387
sub-11203	stranger	conditional	investment	26	3.6153846153846154	3.5569194597384706	3.212296002516372	3.8682000710094204
sub-11203	stranger	generative	high_choice	26	0.46153846153846156	0.48826923076923073	0.2692307692307692	0.6923076923076923
sub-11203	stranger	generative	investment	26	3.6153846153846154	3.545769230769231	2.6153846153846154	4.615384615384615
sub-11203	computer	conditional	high_choice	28	0.6428571428571429	0.4953733669257349	0.42174782739723304	0.5643525178673802
sub-11203	computer	conditional	investment	28	4.5	3.693899069019794	3.329191384778304	4.020102613393234
sub-11203	computer	generative	high_choice	28	0.6428571428571429	0.49714285714285716	0.2857142857142857	0.7142857142857143
sub-11203	computer	generative	investment	28	4.5	3.6810714285714288	2.642857142857143	4.857142857142857
sub-11209	friend	conditional	high_choice	27	0.8888888888888888	0.5421206082220671	0.46828611997805103	0.6147333953812898
sub-11209	friend	conditional	investment	27	5.555555555555555	3.926600748854587	3.590672473532053	4.272250960472405
sub-11209	friend	generative	high_choice	27	0.8888888888888888	0.5385185185185185	0.3333333333333333	0.7407407407407407
sub-11209	friend	generative	investment	27	5.555555555555555	3.8985185185185185	2.887037037037037	4.888888888888889
sub-11209	stranger	conditional	high_choice	24	0.4166666666666667	0.5305623458249488	0.4689645798355168	0.5952468617710175
sub-11209	stranger	conditional	investment	24	3.4166666666666665	3.8632045891407394	3.561386945678081	4.167075188569455
sub-11209	stranger	generative	high_choice	24	0.4166666666666667	0.52	0.3333333333333333	0.75
sub-11209	stranger	generative	investment	24	3.4166666666666665	3.8033333333333337	2.8312500000000003	4.916666666666667
sub-11209	computer	conditional	high_choice	26	0.3076923076923077	0.5425615083288371	0.4704563622207784	0.6099721751900168
sub-11209	computer	conditional	investment	26	2.5384615384615383	3.9142877582790487	3.5838065873026537	4.245038613817268
sub-11209	computer	generative	high_choice	26	0.3076923076923077	0.5542307692307692	0.34615384615384615	0.7317307692307694
sub-11209	computer	generative	investment	26	2.5384615384615383	3.9553846153846153	2.923076923076923	4.925000000000001
sub-11227	friend	conditional	high_choice	28	0.42857142857142855	0.22714310589331851	0.15984266701325922	0.31260678214443455
sub-11227	friend	conditional	investment	28	3.0	2.211041343552372	1.9141059938358402	2.6121784086427526
sub-11227	friend	generative	high_choice	28	0.42857142857142855	0.2239285714285714	0.07142857142857142	0.39285714285714285
sub-11227	friend	generative	investment	28	3.0	2.2021428571428574	1.6428571428571428	2.8589285714285717
sub-11227	stranger	conditional	high_choice	28	0.10714285714285714	0.1969603404362924	0.1360492943324325	0.2829425694991249
sub-11227	stranger	conditional	investment	28	1.8571428571428572	2.070940490271837	1.8100231616576175	2.486478691330998
sub-11227	stranger	generative	high_choice	28	0.10714285714285714	0.21803571428571428	0.07142857142857142	0.39285714285714285
sub-11227	stranger	generative	investment	28	1.8571428571428572	2.1575	1.6428571428571428	2.8607142857142867
sub-11227	computer	conditional	high_choice	28	0.0	0.22193140765071193	0.1576844890177146	0.3046138859468907
sub-11227	computer	conditional	investment	28	1.4285714285714286	2.1827727460936397	1.9009326381620697	2.599284147282474
sub-11227	computer	generative	high_choice	28	0.0	0.2294642857142857	0.10714285714285714	0.39285714285714285
sub-11227	computer	generative	investment	28	1.4285714285714286	2.2246428571428574	1.6428571428571428	3.0017857142857145
sub-11238	friend	conditional	high_choice	28	0.9642857142857143	0.6104796497355913	0.5548559665956198	0.6550129604327372
sub-11238	friend	conditional	investment	28	5.857142857142857	4.221477337761937	3.958192650998216	4.436223825646007
sub-11238	friend	generative	high_choice	28	0.9642857142857143	0.6139285714285714	0.42857142857142855	0.7857142857142857
sub-11238	friend	generative	investment	28	5.857142857142857	4.2439285714285715	3.2142857142857144	5.073214285714286
sub-11238	stranger	conditional	high_choice	27	0.37037037037037035	0.5983599835039124	0.5416771763218226	0.6438351296697614
sub-11238	stranger	conditional	investment	27	3.185185185185185	4.229710630382103	3.9246410226977293	4.454309910420531
sub-11238	stranger	generative	high_choice	27	0.37037037037037035	0.5912962962962962	0.4074074074074074	0.7407407407407407
sub-11238	stranger	generative	investment	27	3.185185185185185	4.193333333333333	3.257407407407407	4.888888888888889
sub-11238	computer	conditional	high_choice	27	0.5185185185185185	0.6038260800408946	0.5508866615838911	0.6472918966138752
sub-11238	computer	conditional	investment	27	3.8518518518518516	4.148046786824119	3.9032009877548477	4.346021070861732
sub-11238	computer	generative	high_choice	27	0.5185185185185185	0.6042592592592593	0.4444444444444444	0.7416666666666668
sub-11238	computer	generative	investment	27	3.8518518518518516	4.154814814814816	3.3333333333333335	4.964814814814815
sub-11246	friend	conditional	high_choice	28	0.9642857142857143	0.5240143384571828	0.4381736881307905	0.590476959452839
sub-11246	friend	conditional	investment	28	5.857142857142857	3.8027510286222896	3.369997615933094	4.130013012660656
sub-11246	friend	generative	high_choice	28	0.9642857142857143	0.5317857142857143	0.32142857142857145	0.75
sub-11246	friend	generative	investment	28	5.857142857142857	3.827142857142858	2.857142857142857	4.857142857142857
sub-11246	stranger	conditional	high_choice	28	0.5357142857142857	0.5238702453315947	0.4324624862656167	0.5898114418341838
sub-11246	stranger	conditional	investment	28	3.7857142857142856	3.8091521101774277	3.3665668688084627	4.130739259966792
sub-11246	stranger	generative	high_choice	28	0.5357142857142857	0.5275	0.35625	0.679464285714286
sub-11246	stranger	generative	investment	28	3.7857142857142856	3.825714285714286	2.9285714285714284	4.785714285714286
sub-11246	computer	conditional	high_choice	28	0.17857142857142858	0.519546103053506	0.42598601280658405	0.589632309597256
sub-11246	computer	conditional	investment	28	2.0714285714285716	3.7809007964981127	3.3669104557328575	4.126888325268195
sub-11246	computer	generative	high_choice	28	0.17857142857142858	0.5126785714285714	0.32142857142857145	0.679464285714286
sub-11246	computer	generative	investment	28	2.0714285714285716	3.7467857142857146	2.857142857142857	4.716071428571429
sub-11276	friend	conditional	high_choice	27	0.48148148148148145	0.5172041277017634	0.44738904326880213	0.5812928173313766
sub-11276	friend	conditional	investment	27	4.148148148148148	3.845432383537667	3.5001684346663184	4.154709471935722
sub-11276	friend	generative	high_choice	27	0.48148148148148145	0.5187037037037037	0.2962962962962963	0.7407407407407407
sub-11276	friend	generative	investment	27	4.148148148148148	3.8540740740740747	2.7370370370370374	4.890740740740742
sub-11276	stranger	conditional	high_choice	27	0.5925925925925926	0.5210073575313457	0.44694498402766397	0.5897242560841299
sub-11276	stranger	conditional	investment	27	4.518518518518518	3.8295644916316003	3.4762638488742494	4.155598555355232
sub-11276	stranger	generative	high_choice	27	0.5925925925925926	0.5194444444444444	0.3333333333333333	0.7037037037037037
sub-11276	stranger	generative	investment	27	4.518518518518518	3.830740740740741	2.738888888888889	4.7407407407407405
sub-11276	computer	conditional	high_choice	27	0.5555555555555556	0.5204740181140806	0.4457235691755191	0.5895367065855458
sub-11276	computer	conditional	investment	27	4.296296296296297	3.7594163696401015	3.4070498624381393	4.085085243592548
sub-11276	computer	generative	high_choice	27	0.5555555555555556	0.5251851851851852	0.2962962962962963	0.7046296296296298
sub-11276	computer	generative	investment	27	4.296296296296297	3.7692592592592598	2.738888888888889	4.744444444444445
sub-11286	friend	conditional	high_choice	14	0.7857142857142857	0.31970809813406226	0.189332007437554	0.47755263664180825
sub-11286	friend	conditional	investment	14	4.428571428571429	2.7335551585514155	2.074173042996149	3.6014498885739537
sub-11286	friend	generative	high_choice	14	0.7857142857142857	0.3328571428571429	0.07142857142857142	0.5732142857142861
sub-11286	friend	generative	investment	14	4.428571428571429	2.8007142857142857	1.5714285714285714	4.142857142857143
sub-11286	stranger	conditional	high_choice	13	0.0	0.2800666071571808	0.144933869706123	0.472342823056561
sub-11286	stranger	conditional	investment	13	1.5384615384615385	2.732869838571021	2.0404765195116124	3.776444238146254
sub-11286	stranger	generative	high_choice	13	0.0	0.28884615384615386	0.0	0.6153846153846154
sub-11286	stranger	generative	investment	13	1.5384615384615385	2.786153846153846	1.5384615384615385	4.465384615384616
sub-11286	computer	conditional	high_choice	14	0.07142857142857142	0.36104852789211306	0.21859894688750212	0.4966637616055745
sub-11286	computer	conditional	investment	14	1.5714285714285714	2.9668840628963964	2.207490864983023	3.7031012727838655
sub-11286	computer	generative	high_choice	14	0.07142857142857142	0.35535714285714276	0.07142857142857142	0.6428571428571429
sub-11286	computer	generative	investment	14	1.5714285714285714	2.9442857142857144	1.7142857142857142	4.571428571428571
sub-11301	friend	conditional	high_choice	28	0.7857142857142857	0.5879850218375137	0.5039105172184083	0.6477653110678729
sub-11301	friend	conditional	investment	28	4.857142857142857	4.1113773389102315	3.6697403500023724	4.403886392608126
sub-11301	friend	generative	high_choice	28	0.7857142857142857	0.5883928571428572	0.39285714285714285	0.7857142857142857
sub-11301	friend	generative	investment	28	4.857142857142857	4.135357142857143	3.210714285714286	5.073214285714286
sub-11301	stranger	conditional	high_choice	27	0.4444444444444444	0.5862460960136934	0.5149809924469414	0.6404368096496518
sub-11301	stranger	conditional	investment	27	3.6296296296296298	4.158389730671603	3.7858903584113928	4.441283175356906
sub-11301	stranger	generative	high_choice	27	0.4444444444444444	0.5837037037037036	0.4074074074074074	0.7777777777777778
sub-11301	stranger	generative	investment	27	3.6296296296296298	4.135555555555555	3.109259259259259	5.03888888888889
sub-11301	computer	conditional	high_choice	26	0.5769230769230769	0.5986805060104434	0.5377337404678276	0.6526454494015353
sub-11301	computer	conditional	investment	26	4.076923076923077	4.251642430829965	3.9332943274697842	4.516771491245742
sub-11301	computer	generative	high_choice	26	0.5769230769230769	0.5919230769230769	0.4221153846153846	0.7692307692307693
sub-11301	computer	generative	investment	26	4.076923076923077	4.226153846153847	3.4596153846153848	5.001923076923077
sub-11311	friend	conditional	high_choice	28	1.0	0.6280942585532233	0.5501562923376887	0.6768177209862611
sub-11311	friend	conditional	investment	28	6.0	4.28791295715962	3.8781897396441822	4.53880740987711
sub-11311	friend	generative	high_choice	28	1.0	0.6292857142857143	0.4642857142857143	0.8214285714285714
sub-11311	friend	generative	investment	28	6.0	4.296785714285715	3.498214285714286	5.144642857142858
sub-11311	stranger	conditional	high_choice	28	0.42857142857142855	0.6239789635642963	0.5285065522538186	0.677029706490246
sub-11311	stranger	conditional	investment	28	3.5	4.275187227595443	3.753222146700618	4.542666015395159
sub-11311	stranger	generative	high_choice	28	0.42857142857142855	0.6196428571428573	0.42857142857142855	0.7508928571428574
sub-11311	stranger	generative	investment	28	3.5	4.255357142857143	3.2142857142857144	5.071428571428571
sub-11311	computer	conditional	high_choice	28	0.32142857142857145	0.6297170563186422	0.5467336661416632	0.6780919085482413
sub-11311	computer	conditional	investment	28	3.0	4.303076918607417	3.8671008427936724	4.544601468836364
sub-11311	computer	generative	high_choice	28	0.32142857142857145	0.6264285714285713	0.42857142857142855	0.7866071428571431
sub-11311	computer	generative	investment	28	3.0	4.281071428571429	3.355357142857143	5.144642857142858
sub-11312	friend	conditional	high_choice	28	0.32142857142857145	0.32832979755193437	0.2432875149450016	0.4191386228407519
sub-11312	friend	conditional	investment	28	2.857142857142857	2.7280247080624007	2.284358917894024	3.1843662956972705
sub-11312	friend	generative	high_choice	28	0.32142857142857145	0.30375	0.14285714285714285	0.5
sub-11312	friend	generative	investment	28	2.857142857142857	2.6071428571428568	1.8571428571428572	3.5
sub-11312	stranger	conditional	high_choice	28	0.25	0.3208404375319512	0.2383883019929274	0.4099994620407539
sub-11312	stranger	conditional	investment	28	2.357142857142857	2.68584745985984	2.249623430359669	3.146604680751759
sub-11312	stranger	generative	high_choice	28	0.25	0.3271428571428572	0.17767857142857146	0.5357142857142857
sub-11312	stranger	generative	investment	28	2.357142857142857	2.7117857142857145	1.9285714285714286	3.7857142857142856
sub-11312	computer	conditional	high_choice	28	0.32142857142857145	0.3238663855833681	0.24063708205214301	0.409872800709439
sub-11312	computer	conditional	investment	28	2.642857142857143	2.702988478474039	2.273771756734012	3.15311156850618
sub-11312	computer	generative	high_choice	28	0.32142857142857145	0.31642857142857145	0.14285714285714285	0.5366071428571431
sub-11312	computer	generative	investment	28	2.642857142857143	2.6621428571428574	1.8571428571428572	3.8589285714285717
sub-11316	friend	conditional	high_choice	28	0.9642857142857143	0.6482281863063923	0.5983409207614548	0.6850858958050612
sub-11316	friend	conditional	investment	28	5.928571428571429	4.40618505862713	4.171754344102742	4.58378342887812
sub-11316	friend	generative	high_choice	28	0.9642857142857143	0.6394642857142858	0.4642857142857143	0.7866071428571431
sub-11316	friend	generative	investment	28	5.928571428571429	4.3675	3.4285714285714284	5.142857142857143
sub-11316	stranger	conditional	high_choice	28	0.8571428571428571	0.6477568506311593	0.5980968751090575	0.6840830607768623
sub-11316	stranger	conditional	investment	28	5.214285714285714	4.40214751748309	4.169655395939551	4.573453247288294
sub-11316	stranger	generative	high_choice	28	0.8571428571428571	0.6467857142857143	0.4642857142857143	0.8214285714285714
sub-11316	stranger	generative	investment	28	5.214285714285714	4.403214285714285	3.5	5.216071428571429
sub-11316	computer	conditional	high_choice	28	0.6428571428571429	0.6467618259072387	0.5925155783428678	0.6853830623547615
sub-11316	computer	conditional	investment	28	4.285714285714286	4.394139752477425	4.134920892225977	4.57817708249616
sub-11316	computer	generative	high_choice	28	0.6428571428571429	0.6483928571428571	0.5	0.7857142857142857
sub-11316	computer	generative	investment	28	4.285714285714286	4.406071428571429	3.4285714285714284	5.073214285714286
sub-11318	friend	conditional	high_choice	28	0.6071428571428571	0.5283431292364796	0.425876620065382	0.6168748297569218
sub-11318	friend	conditional	investment	28	4.285714285714286	3.8008436652875686	3.2389865464904037	4.260001355828193
sub-11318	friend	generative	high_choice	28	0.6071428571428571	0.5225	0.32142857142857145	0.7142857142857143
sub-11318	friend	generative	investment	28	4.285714285714286	3.749642857142857	2.7125000000000004	4.714285714285714
sub-11318	stranger	conditional	high_choice	28	0.42857142857142855	0.536781193813455	0.44115545102241804	0.6172098784069046
sub-11318	stranger	conditional	investment	28	3.2142857142857144	3.8227670041845236	3.30685922393941	4.261162900060572
sub-11318	stranger	generative	high_choice	28	0.42857142857142855	0.5296428571428571	0.32142857142857145	0.7151785714285717
sub-11318	stranger	generative	investment	28	3.2142857142857144	3.761071428571429	2.6410714285714287	4.716071428571429
sub-11318	computer	conditional	high_choice	27	0.37037037037037035	0.5216291600309307	0.4164816269008064	0.6105046730252246
sub-11318	computer	conditional	investment	27	3.259259259259259	3.881782146535059	3.307316730553803	4.354547215483399
sub-11318	computer	generative	high_choice	27	0.37037037037037035	0.52	0.3333333333333333	0.7046296296296298
sub-11318	computer	generative	investment	27	3.259259259259259	3.88925925925926	2.887037037037037	4.962962962962963
sub-11321	friend	conditional	high_choice	28	0.9642857142857143	0.6864362559567347	0.6399624952871014	0.7077566410381123
sub-11321	friend	conditional	investment	28	5.928571428571429	4.582286847090194	4.365398240967958	4.681206392133588
sub-11321	friend	generative	high_choice	28	0.9642857142857143	0.6921428571428572	0.5357142857142857	0.8571428571428571
sub-11321	friend	generative	investment	28	5.928571428571429	4.618214285714285	3.7839285714285715	5.357142857142857
sub-11321	stranger	conditional	high_choice	28	1.0	0.685679311476934	0.6391193860433966	0.7068616704906128
sub-11321	stranger	conditional	investment	28	6.0	4.578637018192637	4.360953836887584	4.679351421959114
sub-11321	stranger	generative	high_choice	28	1.0	0.69375	0.5	0.8571428571428571
sub-11321	stranger	generative	investment	28	6.0	4.601071428571429	3.7142857142857144	5.357142857142857
sub-11321	computer	conditional	high_choice	28	1.0	0.685199677190704	0.6392003774834749	0.7067865161829301
sub-11321	computer	conditional	investment	28	6.0	4.576158332519076	4.3612596685817	4.678298549395107
sub-11321	computer	generative	high_choice	28	1.0	0.6723214285714286	0.5357142857142857	0.8214285714285714
sub-11321	computer	generative	investment	28	6.0	4.518928571428571	3.855357142857143	5.142857142857143
sub-11325	friend	conditional	high_choice	28	1.0	0.5215440380717042	0.4324244479996751	0.5965909876394937
sub-11325	friend	conditional	investment	28	6.0	3.8008472721900914	3.3549969573413785	4.164285040200387
sub-11325	friend	generative	high_choice	28	1.0	0.5119642857142856	0.35714285714285715	0.75
sub-11325	friend	generative	investment	28	6.0	3.746428571428571	2.7857142857142856	4.714285714285714
sub-11325	stranger	conditional	high_choice	27	0.4444444444444444	0.5160352161896874	0.4192437096766244	0.5985352501118538
sub-11325	stranger	conditional	investment	27	3.259259259259259	3.7826884341564924	3.2240738375659284	4.193998913818392
sub-11325	stranger	generative	high_choice	27	0.4444444444444444	0.5214814814814815	0.3333333333333333	0.7046296296296298
sub-11325	stranger	generative	investment	27	3.259259259259259	3.8081481481481476	2.887037037037037	4.7407407407407405
sub-11325	computer	conditional	high_choice	28	0.0	0.5224364192657837	0.44013035649852295	0.5962587241949792
sub-11325	computer	conditional	investment	28	1.4285714285714286	3.787044451703383	3.3330182687328422	4.159296327333849
sub-11325	computer	generative	high_choice	28	0.0	0.5114285714285713	0.32142857142857145	0.7142857142857143
sub-11325	computer	generative	investment	28	1.4285714285714286	3.7257142857142855	2.7857142857142856	4.714285714285714
sub-11326	friend	conditional	high_choice	27	0.4444444444444444	0.49293531445386696	0.4205881386477094	0.5671491939357397
sub-11326	friend	conditional	investment	27	3.7777777777777777	3.7221059086289863	3.3326812782137725	4.094210415227385
sub-11326	friend	generative	high_choice	27	0.4444444444444444	0.49370370370370364	0.33240740740740743	0.7037037037037037
sub-11326	friend	generative	investment	27	3.7777777777777777	3.7140740740740745	2.812962962962963	4.7407407407407405
sub-11326	stranger	conditional	high_choice	26	0.5	0.49253173705551956	0.41790997859882034	0.569679474261969
sub-11326	stranger	conditional	investment	26	3.6153846153846154	3.5993635973552403	3.2341317923830992	3.956753008933196
sub-11326	stranger	generative	high_choice	26	0.5	0.47980769230769227	0.30673076923076925	0.6923076923076923
sub-11326	stranger	generative	investment	26	3.6153846153846154	3.540769230769231	2.5365384615384614	4.540384615384616
sub-11326	computer	conditional	high_choice	27	0.4444444444444444	0.4910980603492993	0.41172276578506284	0.5672202165233412
sub-11326	computer	conditional	investment	27	3.5555555555555554	3.717987392662211	3.281767825044907	4.094973266870148
sub-11326	computer	generative	high_choice	27	0.4444444444444444	0.48574074074074075	0.2953703703703704	0.6666666666666666
sub-11326	computer	generative	investment	27	3.5555555555555554	3.7237037037037037	2.740740740740741	4.668518518518519
sub-11329	friend	conditional	high_choice	28	1.0	0.5789482615336474	0.518090042100749	0.6344214678944227
sub-11329	friend	conditional	investment	28	6.0	4.078206099640011	3.7982745387993813	4.333849046426252
sub-11329	friend	generative	high_choice	28	1.0	0.57625	0.39285714285714285	0.75
sub-11329	friend	generative	investment	28	6.0	4.061428571428571	3.142857142857143	4.857142857142857
sub-11329	stranger	conditional	high_choice	28	0.9642857142857143	0.5793399140152711	0.5183200911418956	0.6358543466832728
sub-11329	stranger	conditional	investment	28	5.857142857142857	4.080934168843545	3.800962186779902	4.344405332676312
sub-11329	stranger	generative	high_choice	28	0.9642857142857143	0.5758928571428572	0.39285714285714285	0.75
sub-11329	stranger	generative	investment	28	5.857142857142857	4.062142857142857	3.0714285714285716	5.0
sub-11329	computer	conditional	high_choice	28	0.10714285714285714	0.5782250399726687	0.5175637796100419	0.6321358028318883
sub-11329	computer	conditional	investment	28	1.9285714285714286	4.071244746426084	3.7721267643850553	4.31221135554816
sub-11329	computer	generative	high_choice	28	0.10714285714285714	0.5760714285714286	0.39285714285714285	0.75
sub-11329	computer	generative	investment	28	1.9285714285714286	4.066071428571429	3.0714285714285716	5.071428571428571
sub-11330	friend	conditional	high_choice	28	0.7857142857142857	0.6930691665895171	0.6609226359511937	0.7108076745146313
sub-11330	friend	conditional	investment	28	5.071428571428571	4.614251963360091	4.4614902187087395	4.700802914820387
sub-11330	friend	generative	high_choice	28	0.7857142857142857	0.687142857142857	0.5357142857142857	0.8214285714285714
sub-11330	friend	generative	investment	28	5.071428571428571	4.603571428571429	3.9285714285714284	5.285714285714286
sub-11330	stranger	conditional	high_choice	28	0.7142857142857143	0.6922783023196483	0.6604166096134068	0.7107772117090835
sub-11330	stranger	conditional	investment	28	4.642857142857143	4.607610549515344	4.4562348278254165	4.6978842108197965
sub-11330	stranger	generative	high_choice	28	0.7142857142857143	0.6858928571428572	0.5357142857142857	0.8214285714285714
sub-11330	stranger	generative	investment	28	4.642857142857143	4.5842857142857145	3.9285714285714284	5.285714285714286
sub-11330	computer	conditional	high_choice	28	0.75	0.6922046905766842	0.661574234311119	0.7106974678291593
sub-11330	computer	conditional	investment	28	5.0	4.608230049816523	4.463460303349875	4.696954282600203
sub-11330	computer	generative	high_choice	28	0.75	0.6778571428571429	0.5357142857142857	0.8214285714285714
sub-11330	computer	generative	investment	28	5.0	4.523928571428572	3.7839285714285715	5.144642857142858
sub-11337	friend	conditional	high_choice	27	0.7037037037037037	0.4740122132674415	0.3906033749405626	0.5564369321765475
sub-11337	friend	conditional	investment	27	4.592592592592593	3.4357769410067442	3.004008609225126	3.873770934254912
sub-11337	friend	generative	high_choice	27	0.7037037037037037	0.5057407407407407	0.33240740740740743	0.7037037037037037
sub-11337	friend	generative	investment	27	4.592592592592593	3.6062962962962968	2.5925925925925926	4.666666666666667
sub-11337	stranger	conditional	high_choice	28	0.4642857142857143	0.5141206150480859	0.43535401805134355	0.5935490468800586
sub-11337	stranger	conditional	investment	28	3.2142857142857144	3.7206923705240573	3.2988616895996286	4.121001127000448
sub-11337	stranger	generative	high_choice	28	0.4642857142857143	0.47875	0.2857142857142857	0.6785714285714286
sub-11337	stranger	generative	investment	28	3.2142857142857144	3.5225	2.6410714285714287	4.571428571428571
sub-11337	computer	conditional	high_choice	28	0.21428571428571427	0.4114328216226528	0.3117796399225121	0.5188113549262386
sub-11337	computer	conditional	investment	28	2.4285714285714284	3.195870578806186	2.6832850253949685	3.7254525758308352
sub-11337	computer	generative	high_choice	28	0.21428571428571427	0.4358928571428571	0.2491071428571429	0.6428571428571429
sub-11337	computer	generative	investment	28	2.4285714285714284	3.3217857142857143	2.498214285714286	4.217857142857143
sub-11338	friend	conditional	high_choice	26	0.5384615384615384	0.5310297781684612	0.4653482691184725	0.5914486149239775
sub-11338	friend	conditional	investment	26	3.6153846153846154	3.773793061189179	3.4564552689754255	4.046636356272031
sub-11338	friend	generative	high_choice	26	0.5384615384615384	0.5340384615384616	0.34615384615384615	0.7307692307692307
sub-11338	friend	generative	investment	26	3.6153846153846154	3.7815384615384615	2.8461538461538463	4.7711538461538465
sub-11338	stranger	conditional	high_choice	26	0.5384615384615384	0.538398541000052	0.4742575037729775	0.5963977353999528
sub-11338	stranger	conditional	investment	26	4.384615384615385	3.909207805108073	3.593558297553532	4.19916505695288
sub-11338	stranger	generative	high_choice	26	0.5384615384615384	0.5248076923076923	0.3451923076923077	0.7307692307692307
sub-11338	stranger	generative	investment	26	4.384615384615385	3.862692307692307	2.921153846153846	4.773076923076924
sub-11338	computer	conditional	high_choice	27	0.5925925925925926	0.531562320804451	0.47014567621440173	0.5901631090188589
sub-11338	computer	conditional	investment	27	4.074074074074074	3.9158600657281117	3.6219523872180126	4.195349894836558
sub-11338	computer	generative	high_choice	27	0.5925925925925926	0.534074074074074	0.3333333333333333	0.7046296296296298
sub-11338	computer	generative	investment	27	4.074074074074074	3.9462962962962966	3.037037037037037	4.890740740740742
sub-11340	friend	conditional	high_choice	28	0.8571428571428571	0.46539049419299333	0.38571158157017976	0.5367676603064248
sub-11340	friend	conditional	investment	28	5.285714285714286	3.470499223846099	3.04298626109729	3.849686021599461
sub-11340	friend	generative	high_choice	28	0.8571428571428571	0.45875	0.25	0.6428571428571429
sub-11340	friend	generative	investment	28	5.285714285714286	3.4321428571428574	2.4285714285714284	4.2875000000000005
sub-11340	stranger	conditional	high_choice	28	0.21428571428571427	0.4519162685024218	0.35901571166984214	0.5274996988958536
sub-11340	stranger	conditional	investment	28	2.4285714285714284	3.4103806467593096	2.939557222492232	3.826749114204339
sub-11340	stranger	generative	high_choice	28	0.21428571428571427	0.45285714285714285	0.25	0.6080357142857145
sub-11340	stranger	generative	investment	28	2.4285714285714284	3.4182142857142854	2.5	4.357142857142857
sub-11340	computer	conditional	high_choice	28	0.2857142857142857	0.4727512164927341	0.38990550828656134	0.5421648635058356
sub-11340	computer	conditional	investment	28	3.2142857142857144	3.580669094278737	3.151481286279618	3.899054255514385
sub-11340	computer	generative	high_choice	28	0.2857142857142857	0.4610714285714285	0.25	0.6785714285714286
sub-11340	computer	generative	investment	28	3.2142857142857144	3.4971428571428573	2.5	4.501785714285715
sub-11345	friend	conditional	high_choice	28	0.9642857142857143	0.601771698649847	0.5173947549872931	0.6658950522960162
sub-11345	friend	conditional	investment	28	5.857142857142857	4.16827531686389	3.750926529579799	4.488075383220175
sub-11345	friend	generative	high_choice	28	0.9642857142857143	0.604642857142857	0.4276785714285714	0.7857142857142857
sub-11345	friend	generative	investment	28	5.857142857142857	4.185714285714286	3.0714285714285716	5.073214285714286
sub-11345	stranger	conditional	high_choice	28	0.5	0.5975451155815891	0.5159803505865395	0.6659187797695971
sub-11345	stranger	conditional	investment	28	3.642857142857143	4.13852603220173	3.681467030543447	4.476219456602287
sub-11345	stranger	generative	high_choice	28	0.5	0.5866071428571429	0.4276785714285714	0.75
sub-11345	stranger	generative	investment	28	3.642857142857143	4.0725	3.0714285714285716	5.0
sub-11345	computer	conditional	high_choice	28	0.21428571428571427	0.5971429009322364	0.514874590618681	0.6638438726496425
sub-11345	computer	conditional	investment	28	2.2857142857142856	4.134720699446596	3.6944527130747167	4.475631512126539
sub-11345	computer	generative	high_choice	28	0.21428571428571427	0.5978571428571429	0.4276785714285714	0.7857142857142857
sub-11345	computer	generative	investment	28	2.2857142857142856	4.134285714285714	3.2142857142857144	5.0
sub-11348	friend	conditional	high_choice	28	0.9642857142857143	0.6681509543126241	0.6150988587155537	0.6955912894954197
sub-11348	friend	conditional	investment	28	5.857142857142857	4.492240335131041	4.23069376603668	4.62689685190861
sub-11348	friend	generative	high_choice	28	0.9642857142857143	0.6675	0.5	0.8223214285714288
sub-11348	friend	generative	investment	28	5.857142857142857	4.483214285714285	3.5714285714285716	5.216071428571429
sub-11348	stranger	conditional	high_choice	28	0.6785714285714286	0.6673685333205647	0.6149174425136946	0.6946239802872483
sub-11348	stranger	conditional	investment	28	4.785714285714286	4.488741315006273	4.225586535717734	4.622453355603551
sub-11348	stranger	generative	high_choice	28	0.6785714285714286	0.6719642857142856	0.5348214285714286	0.8214285714285714
sub-11348	stranger	generative	investment	28	4.785714285714286	4.525	3.782142857142857	5.214285714285714
sub-11348	computer	conditional	high_choice	28	0.5357142857142857	0.6646849766886709	0.6092438001659274	0.6945318391577359
sub-11348	computer	conditional	investment	28	3.5714285714285716	4.471414856011861	4.192000154405604	4.621809978747969
sub-11348	computer	generative	high_choice	28	0.5357142857142857	0.6594642857142858	0.5	0.7866071428571431
sub-11348	computer	generative	investment	28	3.5714285714285716	4.456785714285714	3.7142857142857144	5.144642857142858
sub-11358	friend	conditional	high_choice	28	0.5	0.6717701449812813	0.6194782658188509	0.6996008215539278
sub-11358	friend	conditional	investment	28	3.857142857142857	4.508766269451792	4.25051503787464	4.644647018964625
sub-11358	friend	generative	high_choice	28	0.5	0.6714285714285714	0.5348214285714286	0.8223214285714288
sub-11358	friend	generative	investment	28	3.857142857142857	4.508571428571429	3.642857142857143	5.357142857142857
sub-11358	stranger	conditional	high_choice	28	1.0	0.6748409863368431	0.6279285399217366	0.7005540264845824
sub-11358	stranger	conditional	investment	28	6.0	4.52788138098889	4.304700989705033	4.648819435266235
sub-11358	stranger	generative	high_choice	28	1.0	0.6710714285714287	0.5	0.8214285714285714
sub-11358	stranger	generative	investment	28	6.0	4.5060714285714285	3.642857142857143	5.285714285714286
sub-11358	computer	conditional	high_choice	28	0.8571428571428571	0.6717014846930308	0.6218492118490307	0.6994524231805371
sub-11358	computer	conditional	investment	28	5.142857142857143	4.505947044406478	4.247719097449269	4.643689268000584
sub-11358	computer	generative	high_choice	28	0.8571428571428571	0.6608928571428571	0.5	0.8214285714285714
sub-11358	computer	generative	investment	28	5.142857142857143	4.426071428571429	3.780357142857143	5.144642857142858
sub-11364	friend	conditional	high_choice	27	0.0	0.03172871380810904	0.0064855062796003995	0.08610673943470237
sub-11364	friend	conditional	investment	27	1.3333333333333333	1.4024815489390965	1.3463772145057342	1.5248534152204274
sub-11364	friend	generative	high_choice	27	0.0	0.030740740740740735	0.0	0.1111111111111111
sub-11364	friend	generative	investment	27	1.3333333333333333	1.3992592592592592	1.3333333333333333	1.5574074074074078
sub-11364	stranger	conditional	high_choice	26	0.038461538461538464	0.029792174215409938	0.00614340355450627	0.07968951436997884
sub-11364	stranger	conditional	investment	26	1.3846153846153846	1.3716561920436257	1.3200398532657929	1.4979189290940793
sub-11364	stranger	generative	high_choice	26	0.038461538461538464	0.026923076923076925	0.0	0.11538461538461539
sub-11364	stranger	generative	investment	26	1.3846153846153846	1.3680769230769232	1.3076923076923077	1.6153846153846154
sub-11364	computer	conditional	high_choice	25	0.04	0.02728406228698424	0.005041900973547444	0.07524843880800015
sub-11364	computer	conditional	investment	25	1.68	1.6636387372347616	1.6101993584433605	1.7978346884571734
sub-11364	computer	generative	high_choice	25	0.04	0.027999999999999997	0.0	0.12
sub-11364	computer	generative	investment	25	1.68	1.6644000000000003	1.6	1.8420000000000005
sub-11367	friend	conditional	high_choice	28	1.0	0.5536994315949915	0.475097499028147	0.6195901178614915
sub-11367	friend	conditional	investment	28	6.0	3.948809645759155	3.5618796115798332	4.271216354993863
sub-11367	friend	generative	high_choice	28	1.0	0.5389285714285714	0.35714285714285715	0.7142857142857143
sub-11367	friend	generative	investment	28	6.0	3.8796428571428567	3.0714285714285716	4.716071428571429
sub-11367	stranger	conditional	high_choice	28	0.5357142857142857	0.5575700686275717	0.48370347908971667	0.6162523101614914
sub-11367	stranger	conditional	investment	28	4.071428571428571	3.949658554185115	3.5812601583716575	4.254382430696635
sub-11367	stranger	generative	high_choice	28	0.5357142857142857	0.5605357142857144	0.35625	0.7151785714285717
sub-11367	stranger	generative	investment	28	4.071428571428571	3.9575	3.1392857142857142	4.857142857142857
sub-11367	computer	conditional	high_choice	27	0.14814814814814814	0.5269427767518701	0.42824146277524244	0.6083898652973524
sub-11367	computer	conditional	investment	27	1.8518518518518519	3.7462727125563746	3.225924250700578	4.171709029280953
sub-11367	computer	generative	high_choice	27	0.14814814814814814	0.5342592592592592	0.33240740740740743	0.7046296296296298
sub-11367	computer	generative	investment	27	1.8518518518518519	3.782222222222222	2.738888888888889	4.666666666666667
sub-11374	friend	conditional	high_choice	25	0.68	0.5234428152230223	0.4597733415455841	0.5975160954205717
sub-11374	friend	conditional	investment	25	4.64	3.858051711745235	3.5729448441965417	4.199995650243185
sub-11374	friend	generative	high_choice	25	0.68	0.5084000000000001	0.32	0.72
sub-11374	friend	generative	investment	25	4.64	3.7832	2.88	4.722
sub-11374	stranger	conditional	high_choice	24	0.4583333333333333	0.5310429981179867	0.4610712624333184	0.6157710242172945
sub-11374	stranger	conditional	investment	24	3.5	3.6176181335922832	3.29626060549364	3.9944195579810846
sub-11374	stranger	generative	high_choice	24	0.4583333333333333	0.5316666666666666	0.3333333333333333	0.7093750000000003
sub-11374	stranger	generative	investment	24	3.5	3.592916666666666	2.6645833333333333	4.5
sub-11374	computer	conditional	high_choice	25	0.48	0.5188512826702414	0.45265731952913574	0.5926458009023811
sub-11374	computer	conditional	investment	25	3.6	3.700051587650754	3.386859043130585	3.9982868071413704
sub-11374	computer	generative	high_choice	25	0.48	0.5204000000000001	0.32	0.7610000000000002
sub-11374	computer	generative	investment	25	3.6	3.6779999999999995	2.72	4.8020000000000005
sub-11376	friend	conditional	high_choice	28	1.0	0.5887372917522604	0.5208610390170194	0.6515492369176017
sub-11376	friend	conditional	investment	28	6.0	4.1150560525897415	3.766410116173169	4.421892268054368
sub-11376	friend	generative	high_choice	28	1.0	0.5882142857142857	0.4276785714285714	0.75
sub-11376	friend	generative	investment	28	6.0	4.086071428571429	3.2839285714285715	5.0
sub-11376	stranger	conditional	high_choice	28	0.6785714285714286	0.585897738260681	0.5162960677054265	0.6510236935518173
sub-11376	stranger	conditional	investment	28	4.428571428571429	4.085118961956262	3.7185379558955867	4.411075043428753
sub-11376	stranger	generative	high_choice	28	0.6785714285714286	0.5882142857142857	0.39285714285714285	0.75
sub-11376	stranger	generative	investment	28	4.428571428571429	4.100357142857144	3.1375	4.858928571428572
sub-11376	computer	conditional	high_choice	27	0.1111111111111111	0.5689277656799357	0.4830577753697924	0.6397978597572622
sub-11376	computer	conditional	investment	27	1.9259259259259258	4.119689306149342	3.6279513354389374	4.494277107187578
sub-11376	computer	generative	high_choice	27	0.1111111111111111	0.5690740740740741	0.37037037037037035	0.7777777777777778
sub-11376	computer	generative	investment	27	1.9259259259259258	4.096666666666667	3.037037037037037	5.03888888888889
sub-11377	friend	conditional	high_choice	28	1.0	0.6871655523285759	0.6487354466330204	0.7078841004008449
sub-11377	friend	conditional	investment	28	6.0	4.585318484687801	4.40471164028073	4.683595302740034
sub-11377	friend	generative	high_choice	28	1.0	0.6825	0.5357142857142857	0.8214285714285714
sub-11377	friend	generative	investment	28	6.0	4.5617857142857146	3.857142857142857	5.216071428571429
sub-11377	stranger	conditional	high_choice	28	1.0	0.6871494636560498	0.6490409542313869	0.7078173947432926
sub-11377	stranger	conditional	investment	28	6.0	4.584272427715587	4.4063421451212905	4.681948687618481
sub-11377	stranger	generative	high_choice	28	1.0	0.6830357142857144	0.5357142857142857	0.8214285714285714
sub-11377	stranger	generative	investment	28	6.0	4.5575	3.857142857142857	5.214285714285714
sub-11377	computer	conditional	high_choice	28	0.9285714285714286	0.6867917183880965	0.6487001527084145	0.7073495983668023
sub-11377	computer	conditional	investment	28	5.642857142857143	4.582890865071193	4.404866432502459	4.681230036812299
sub-11377	computer	generative	high_choice	28	0.9285714285714286	0.6930357142857143	0.5357142857142857	0.8571428571428571
sub-11377	computer	generative	investment	28	5.642857142857143	4.623928571428571	3.9285714285714284	5.2875000000000005
sub-11387	friend	conditional	high_choice	28	1.0	0.5362334385725582	0.480225326519783	0.5935895883268648
sub-11387	friend	conditional	investment	28	6.0	3.8685159622998997	3.564386507536151	4.1478979324282435
sub-11387	friend	generative	high_choice	28	1.0	0.5476785714285713	0.35625	0.7151785714285717
sub-11387	friend	generative	investment	28	6.0	3.9028571428571435	2.9946428571428574	4.857142857142857
sub-11387	stranger	conditional	high_choice	28	0.5714285714285714	0.5315548287094353	0.4655023966620427	0.5925669649339453
sub-11387	stranger	conditional	investment	28	3.7857142857142856	3.838434460420523	3.440792428817643	4.13780692343169
sub-11387	stranger	generative	high_choice	28	0.5714285714285714	0.5282142857142857	0.35625	0.7142857142857143
sub-11387	stranger	generative	investment	28	3.7857142857142856	3.846071428571429	2.855357142857143	4.714285714285714
sub-11387	computer	conditional	high_choice	28	0.0	0.537155902457215	0.4838983157797872	0.5923431233215544
sub-11387	computer	conditional	investment	28	1.4285714285714286	3.8694889616576216	3.5910977874761896	4.131929690725285
sub-11387	computer	generative	high_choice	28	0.0	0.5376785714285713	0.35714285714285715	0.75
sub-11387	computer	generative	investment	28	1.4285714285714286	3.8846428571428566	3.0696428571428576	4.858928571428572
sub-11396	friend	conditional	high_choice	27	0.8518518518518519	0.49087832695594963	0.4202590481972074	0.5534631710184066
sub-11396	friend	conditional	investment	27	5.2592592592592595	3.6464456365288482	3.3124133255989667	3.9146270238984404
sub-11396	friend	generative	high_choice	27	0.8518518518518519	0.4833333333333333	0.2962962962962963	0.6675925925925927
sub-11396	friend	generative	investment	27	5.2592592592592595	3.605925925925926	2.6666666666666665	4.518518518518518
sub-11396	stranger	conditional	high_choice	28	0.25	0.4904544466909354	0.4149254751893876	0.5525414805389331
sub-11396	stranger	conditional	investment	28	2.5714285714285716	3.6526701499376433	3.2767707706029605	3.953257363630307
sub-11396	stranger	generative	high_choice	28	0.25	0.4919642857142857	0.32142857142857145	0.6785714285714286
sub-11396	stranger	generative	investment	28	2.5714285714285716	3.6592857142857143	2.7857142857142856	4.573214285714286
sub-11396	computer	conditional	high_choice	27	0.2962962962962963	0.4927638265728151	0.4172588826218494	0.5659826532882333
sub-11396	computer	conditional	investment	27	2.6666666666666665	3.6116239855149193	3.2483984601945033	3.945029242732196
sub-11396	computer	generative	high_choice	27	0.2962962962962963	0.495	0.33240740740740743	0.6675925925925927
sub-11396	computer	generative	investment	27	2.6666666666666665	3.624074074074074	2.6666666666666665	4.592592592592593
sub-11410	friend	conditional	high_choice	28	0.5	0.3033879329468816	0.21666840887683414	0.4084364430744551
sub-11410	friend	conditional	investment	28	3.5	2.657487200180774	2.220202107423182	3.1808077323679136
sub-11410	friend	generative	high_choice	28	0.5	0.2983928571428571	0.14196428571428574	0.5357142857142857
sub-11410	friend	generative	investment	28	3.5	2.6064285714285713	1.855357142857143	3.7857142857142856
sub-11410	stranger	conditional	high_choice	25	0.16	0.2795543469585372	0.1986640544127231	0.38638095582601906
sub-11410	stranger	conditional	investment	25	2.0	2.6436882771101513	2.2327321950428027	3.228342470083113
sub-11410	stranger	generative	high_choice	25	0.16	0.28380000000000005	0.12	0.48
sub-11410	stranger	generative	investment	25	2.0	2.6784000000000003	1.918	3.7620000000000005
sub-11410	computer	conditional	high_choice	28	0.21428571428571427	0.30686672652528524	0.21754585238314517	0.4084080163440277
sub-11410	computer	conditional	investment	28	2.142857142857143	2.6719449393387884	2.2192568653232554	3.190103012258438
sub-11410	computer	generative	high_choice	28	0.21428571428571427	0.30142857142857143	0.10714285714285714	0.5008928571428574
sub-11410	computer	generative	investment	28	2.142857142857143	2.657857142857143	1.7857142857142858	3.7142857142857144
sub-11416	friend	conditional	high_choice	14	0.2857142857142857	0.4140390876168459	0.29786648463849374	0.5157289928116439
sub-11416	friend	conditional	investment	14	2.857142857142857	3.3020094641312663	2.6717744441812945	3.793751615792421
sub-11416	friend	generative	high_choice	14	0.2857142857142857	0.4182142857142857	0.14285714285714285	0.6446428571428576
sub-11416	friend	generative	investment	14	2.857142857142857	3.307857142857143	2.142857142857143	4.432142857142858
sub-11416	stranger	conditional	high_choice	13	0.23076923076923078	0.4087612856218128	0.30775842700127826	0.5143402975926301
sub-11416	stranger	conditional	investment	13	2.6153846153846154	3.1545042138245134	2.597863639849233	3.668135190748406
sub-11416	stranger	generative	high_choice	13	0.23076923076923078	0.4157692307692308	0.15384615384615385	0.6173076923076928
sub-11416	stranger	generative	investment	13	2.6153846153846154	3.190769230769231	2.0	4.461538461538462
sub-11416	computer	conditional	high_choice	14	0.42857142857142855	0.4121210753148101	0.30329312588188934	0.5138043194072437
sub-11416	computer	conditional	investment	14	3.5714285714285716	3.2641827980848768	2.6421282538686217	3.7591558035608297
sub-11416	computer	generative	high_choice	14	0.42857142857142855	0.41142857142857137	0.14285714285714285	0.7142857142857143
sub-11416	computer	generative	investment	14	3.5714285714285716	3.271428571428572	2.142857142857143	4.857142857142857
sub-11426	friend	conditional	high_choice	14	1.0	0.5748868219511089	0.5040571821271691	0.6456604797606045
sub-11426	friend	conditional	investment	14	6.0	4.069609888638934	3.7213401260782133	4.39853132122758
sub-11426	friend	generative	high_choice	14	1.0	0.5646428571428571	0.2857142857142857	0.7857142857142857
sub-11426	friend	generative	investment	14	6.0	4.012142857142857	2.7142857142857144	5.142857142857143
sub-11426	stranger	conditional	high_choice	14	0.7857142857142857	0.5680220552847705	0.4877884647483267	0.6421269162049167
sub-11426	stranger	conditional	investment	14	4.714285714285714	4.012422773642571	3.625300880025173	4.3752913270542075
sub-11426	stranger	generative	high_choice	14	0.7857142857142857	0.5625	0.2857142857142857	0.7857142857142857
sub-11426	stranger	generative	investment	14	4.714285714285714	4.01	2.710714285714286	5.285714285714286
sub-11426	computer	conditional	high_choice	14	0.21428571428571427	0.5679369784794397	0.4786854389577877	0.6428892251945258
sub-11426	computer	conditional	investment	14	2.7142857142857144	4.009603329472897	3.5337903032892655	4.3758534964579106
sub-11426	computer	generative	high_choice	14	0.21428571428571427	0.5632142857142857	0.2857142857142857	0.7875000000000004
sub-11426	computer	generative	investment	14	2.7142857142857144	4.0128571428571425	2.7142857142857144	5.142857142857143
sub-11430	friend	conditional	high_choice	28	0.6071428571428571	0.5361232309104599	0.4681754579214087	0.5948385624908454
sub-11430	friend	conditional	investment	28	4.428571428571429	3.871424315008264	3.531006227280152	4.156092050870429
sub-11430	friend	generative	high_choice	28	0.6071428571428571	0.5378571428571428	0.35714285714285715	0.7142857142857143
sub-11430	friend	generative	investment	28	4.428571428571429	3.8682142857142856	2.998214285714286	4.716071428571429
sub-11430	stranger	conditional	high_choice	28	0.4642857142857143	0.5387264955667037	0.4720953919346941	0.5948750193905774
sub-11430	stranger	conditional	investment	28	3.7857142857142856	3.9011804933631096	3.6031315531163144	4.158407524883718
sub-11430	stranger	generative	high_choice	28	0.4642857142857143	0.5419642857142857	0.35625	0.75
sub-11430	stranger	generative	investment	28	3.7857142857142856	3.9174999999999995	2.998214285714286	5.0
sub-11430	computer	conditional	high_choice	28	0.6428571428571429	0.5358121727707984	0.46914023165592866	0.5945535712353328
sub-11430	computer	conditional	investment	28	4.428571428571429	3.8635981530205714	3.524246306368268	4.153030577764245
sub-11430	computer	generative	high_choice	28	0.6428571428571429	0.5355357142857142	0.35625	0.7142857142857143
sub-11430	computer	generative	investment	28	4.428571428571429	3.8717857142857146	2.857142857142857	4.714285714285714
sub-11432	friend	conditional	high_choice	14	0.5714285714285714	0.3452047715214849	0.21760385307103206	0.5027684588315596
sub-11432	friend	conditional	investment	14	3.857142857142857	2.781916062822014	2.1791953561252546	3.7067687523574797
sub-11432	friend	generative	high_choice	14	0.5714285714285714	0.37357142857142855	0.14285714285714285	0.5714285714285714
sub-11432	friend	generative	investment	14	3.857142857142857	2.9057142857142857	1.7142857142857142	4.142857142857143
sub-11432	stranger	conditional	high_choice	14	0.35714285714285715	0.33592675863587745	0.21442506909719822	0.48554851999658927
sub-11432	stranger	conditional	investment	14	2.4285714285714284	2.7196595018395864	2.130084052366264	3.5524471489870835
sub-11432	stranger	generative	high_choice	14	0.35714285714285715	0.34464285714285714	0.07142857142857142	0.6428571428571429
sub-11432	stranger	generative	investment	14	2.4285714285714284	2.7507142857142854	1.7107142857142856	4.428571428571429
sub-11432	computer	conditional	high_choice	14	0.0	0.3335272077910282	0.2152887780213434	0.47740381758310396
sub-11432	computer	conditional	investment	14	1.4285714285714286	2.7009698559391357	2.1332015885769313	3.4906416987997786
sub-11432	computer	generative	high_choice	14	0.0	0.3346428571428571	0.1410714285714286	0.6428571428571429
sub-11432	computer	generative	investment	14	1.4285714285714286	2.725	1.7142857142857142	4.289285714285715
sub-11433	friend	conditional	high_choice	28	0.5714285714285714	0.32970429117584543	0.25312707204007706	0.4168800462979277
sub-11433	friend	conditional	investment	28	3.7857142857142856	2.6823823432453975	2.2992929561057465	3.1300790754829357
sub-11433	friend	generative	high_choice	28	0.5714285714285714	0.3226785714285715	0.14285714285714285	0.5008928571428574
sub-11433	friend	generative	investment	28	3.7857142857142856	2.643928571428571	1.8571428571428572	3.5017857142857145
sub-11433	stranger	conditional	high_choice	28	0.25	0.30318625083683953	0.2268517115680944	0.39639384945014716
sub-11433	stranger	conditional	investment	28	2.4285714285714284	2.5407583643842537	2.161415639404414	3.0328781496763426
sub-11433	stranger	generative	high_choice	28	0.25	0.32410714285714287	0.17767857142857146	0.5
sub-11433	stranger	generative	investment	28	2.4285714285714284	2.638928571428571	1.9285714285714286	3.5
sub-11433	computer	conditional	high_choice	28	0.03571428571428571	0.3123452035475114	0.2386696812141073	0.40136838245356493
sub-11433	computer	conditional	investment	28	1.5	2.5927996986006803	2.2147546686694044	3.0619947604695423
sub-11433	computer	generative	high_choice	28	0.03571428571428571	0.3114285714285714	0.14285714285714285	0.5357142857142857
sub-11433	computer	generative	investment	28	1.5	2.6103571428571426	1.8571428571428572	3.5017857142857145
sub-11435	friend	conditional	high_choice	28	0.8214285714285714	0.4948700944525073	0.4065791166687453	0.5815184410091557
sub-11435	friend	conditional	investment	28	5.071428571428571	3.58381495422497	3.06927513678076	4.080204561817345
sub-11435	friend	generative	high_choice	28	0.8214285714285714	0.49696428571428575	0.3205357142857143	0.7142857142857143
sub-11435	friend	generative	investment	28	5.071428571428571	3.5717857142857143	2.6410714285714287	4.785714285714286
sub-11435	stranger	conditional	high_choice	28	0.25	0.4836562336625413	0.39423107308072264	0.5781947571148095
sub-11435	stranger	conditional	investment	28	2.142857142857143	3.51018121629919	3.0270383363231823	4.05992413217478
sub-11435	stranger	generative	high_choice	28	0.25	0.4758928571428572	0.2857142857142857	0.6785714285714286
sub-11435	stranger	generative	investment	28	2.142857142857143	3.447857142857143	2.498214285714286	4.571428571428571
sub-11435	computer	conditional	high_choice	27	0.4444444444444444	0.4497838991006094	0.36029384625856326	0.5564171259186556
sub-11435	computer	conditional	investment	27	2.962962962962963	3.2684312131136477	2.765820256702741	3.8779746012218883
sub-11435	computer	generative	high_choice	27	0.4444444444444444	0.47092592592592586	0.2953703703703704	0.6666666666666666
sub-11435	computer	generative	investment	27	2.962962962962963	3.4022222222222216	2.3685185185185182	4.296296296296297
sub-11439	friend	conditional	high_choice	27	0.7037037037037037	0.4049683999121787	0.3068552346528572	0.5177071034105859
sub-11439	friend	conditional	investment	27	4.222222222222222	3.201733492296007	2.6714641829086005	3.750281341510211
sub-11439	friend	generative	high_choice	27	0.7037037037037037	0.41796296296296304	0.2222222222222222	0.6296296296296297
sub-11439	friend	generative	investment	27	4.222222222222222	3.266666666666666	2.3685185185185182	4.298148148148149
sub-11439	stranger	conditional	high_choice	28	0.17857142857142858	0.405137029151505	0.30399495289580303	0.5189925603426445
sub-11439	stranger	conditional	investment	28	2.2142857142857144	3.1981736567317625	2.6364161976124665	3.804241091035687
sub-11439	stranger	generative	high_choice	28	0.17857142857142858	0.3925	0.17857142857142858	0.6080357142857145
sub-11439	stranger	generative	investment	28	2.2142857142857144	3.158571428571429	2.2142857142857144	4.285714285714286
sub-11439	computer	conditional	high_choice	28	0.17857142857142858	0.4062747747211901	0.3043848317300772	0.5192451599478096
sub-11439	computer	conditional	investment	28	2.5	3.198979894727569	2.6375231507396495	3.803199386452148
sub-11439	computer	generative	high_choice	28	0.17857142857142858	0.3969642857142857	0.17767857142857146	0.6071428571428571
sub-11439	computer	generative	investment	28	2.5	3.174642857142857	2.0	4.357142857142857
sub-11440	friend	conditional	high_choice	28	0.7142857142857143	0.5745801328313196	0.5128605533050271	0.6290841292508739
sub-11440	friend	conditional	investment	28	4.428571428571429	4.060063532863889	3.771935356042713	4.3166970892608925
sub-11440	friend	generative	high_choice	28	0.7142857142857143	0.5626785714285714	0.35714285714285715	0.75
sub-11440	friend	generative	investment	28	4.428571428571429	4.0007142857142854	3.0	4.857142857142857
sub-11440	stranger	conditional	high_choice	28	0.7857142857142857	0.5716414317239368	0.5074558973626377	0.6290168136644207
sub-11440	stranger	conditional	investment	28	4.928571428571429	4.0473172404183195	3.7516184174978644	4.316378359424917
sub-11440	stranger	generative	high_choice	28	0.7857142857142857	0.5753571428571429	0.42857142857142855	0.75
sub-11440	stranger	generative	investment	28	4.928571428571429	4.085357142857143	3.142857142857143	4.857142857142857
sub-11440	computer	conditional	high_choice	28	0.6428571428571429	0.5738128128115313	0.5109791003942468	0.62922266203885
sub-11440	computer	conditional	investment	28	4.285714285714286	4.058174080257179	3.7638470555662398	4.316645540862541
sub-11440	computer	generative	high_choice	28	0.6428571428571429	0.57125	0.35714285714285715	0.75
sub-11440	computer	generative	investment	28	4.285714285714286	4.04	3.0714285714285716	5.071428571428571
sub-11443	friend	conditional	high_choice	27	0.4074074074074074	0.3408273300378744	0.2395641044094319	0.43374766294672773
sub-11443	friend	conditional	investment	27	3.111111111111111	2.8178649062403633	2.303073851208451	3.29307572070821
sub-11443	friend	generative	high_choice	27	0.4074074074074074	0.3374074074074074	0.14814814814814814	0.5555555555555556
sub-11443	friend	generative	investment	27	3.111111111111111	2.794814814814815	1.924074074074074	3.9277777777777785
sub-11443	stranger	conditional	high_choice	28	0.32142857142857145	0.3493030512525974	0.24805950082379355	0.4358399612483286
sub-11443	stranger	conditional	investment	28	3.0714285714285716	2.9507682951299326	2.437408773638828	3.410776365140306
sub-11443	stranger	generative	high_choice	28	0.32142857142857145	0.34642857142857136	0.14285714285714285	0.5375000000000004
sub-11443	stranger	generative	investment	28	3.0714285714285716	2.936071428571428	2.0	4.003571428571429
sub-11443	computer	conditional	high_choice	28	0.10714285714285714	0.3307628819105095	0.2268741576089198	0.4286344992418654
sub-11443	computer	conditional	investment	28	1.9285714285714286	2.8560052395260125	2.313043999017032	3.379388844439486
sub-11443	computer	generative	high_choice	28	0.10714285714285714	0.335	0.17857142857142858	0.5357142857142857
sub-11443	computer	generative	investment	28	1.9285714285714286	2.888571428571429	2.0696428571428576	3.8607142857142867
sub-11451	friend	conditional	high_choice	28	0.9642857142857143	0.5416291372632932	0.4557322730415831	0.6041938300357977
sub-11451	friend	conditional	investment	28	5.714285714285714	3.899773025341834	3.4976616515208554	4.200531981009428
sub-11451	friend	generative	high_choice	28	0.9642857142857143	0.54875	0.35714285714285715	0.7142857142857143
sub-11451	friend	generative	investment	28	5.714285714285714	3.927857142857143	2.9267857142857143	4.7875000000000005
sub-11451	stranger	conditional	high_choice	28	0.42857142857142855	0.5385321231902764	0.45198768440481113	0.603442847712393
sub-11451	stranger	conditional	investment	28	3.642857142857143	3.8783544510520347	3.439429410364908	4.192016959947798
sub-11451	stranger	generative	high_choice	28	0.42857142857142855	0.5312499999999999	0.35625	0.75
sub-11451	stranger	generative	investment	28	3.642857142857143	3.84	2.9285714285714284	4.858928571428572
sub-11451	computer	conditional	high_choice	26	0.2692307692307692	0.5375393602860308	0.4606560312792133	0.5927242239723565
sub-11451	computer	conditional	investment	26	2.923076923076923	3.96646034502939	3.607739174619238	4.228657147869322
sub-11451	computer	generative	high_choice	26	0.2692307692307692	0.5551923076923078	0.3836538461538462	0.7317307692307694
sub-11451	computer	generative	investment	26	2.923076923076923	4.052692307692308	3.076923076923077	5.0
sub-11461	friend	conditional	high_choice	27	0.48148148148148145	0.504987021732269	0.41840959846273557	0.5702403724424949
sub-11461	friend	conditional	investment	27	3.5555555555555554	3.699068866331767	3.2431488070087364	4.0053233766989855
sub-11461	friend	generative	high_choice	27	0.48148148148148145	0.5012962962962962	0.25925925925925924	0.6675925925925927
sub-11461	friend	generative	investment	27	3.5555555555555554	3.677037037037037	2.738888888888889	4.520370370370371
sub-11461	stranger	conditional	high_choice	27	0.4444444444444444	0.5087994130336042	0.4233726167517711	0.5782830361111406
sub-11461	stranger	conditional	investment	27	3.6296296296296298	3.7637571340781086	3.314900295752917	4.093604155370421
sub-11461	stranger	generative	high_choice	27	0.4444444444444444	0.4974074074074074	0.2953703703703704	0.7037037037037037
sub-11461	stranger	generative	investment	27	3.6296296296296298	3.706666666666666	2.6666666666666665	4.666666666666667
sub-11461	computer	conditional	high_choice	27	0.4074074074074074	0.5112424781849971	0.4260063308902218	0.5807670487374113
sub-11461	computer	conditional	investment	27	3.5555555555555554	3.7031884501867776	3.2540955353123993	4.03076455072155
sub-11461	computer	generative	high_choice	27	0.4074074074074074	0.5133333333333333	0.33240740740740743	0.7037037037037037
sub-11461	computer	generative	investment	27	3.5555555555555554	3.7107407407407402	2.6648148148148145	4.598148148148149
sub-11462	friend	conditional	high_choice	14	0.35714285714285715	0.5117783636447729	0.40394977723958486	0.5946933846709129
sub-11462	friend	conditional	investment	14	3.5714285714285716	3.7539765112615133	3.2461473756337336	4.155772528936283
sub-11462	friend	generative	high_choice	14	0.35714285714285715	0.5092857142857143	0.21428571428571427	0.7857142857142857
sub-11462	friend	generative	investment	14	3.5714285714285716	3.7507142857142854	2.567857142857143	5.003571428571429
sub-11462	stranger	conditional	high_choice	13	0.5384615384615384	0.4741528460410149	0.36439670051945466	0.5820316491323388
sub-11462	stranger	conditional	investment	13	3.8461538461538463	3.626125393428449	2.9598156672941376	4.223109615087178
sub-11462	stranger	generative	high_choice	13	0.5384615384615384	0.4838461538461539	0.23076923076923078	0.7692307692307693
sub-11462	stranger	generative	investment	13	3.8461538461538463	3.696923076923077	2.3076923076923075	4.923076923076923
sub-11462	computer	conditional	high_choice	13	0.38461538461538464	0.4680860732992512	0.3436106349606707	0.5787055561268607
sub-11462	computer	conditional	investment	13	3.230769230769231	3.5894755264971807	2.8640326453980065	4.196651513733939
sub-11462	computer	generative	high_choice	13	0.38461538461538464	0.46846153846153854	0.23076923076923078	0.7692307692307693
sub-11462	computer	generative	investment	13	3.230769230769231	3.62	2.1538461538461537	5.080769230769231
sub-11472	friend	conditional	high_choice	28	0.75	0.583985385170982	0.5293313042025047	0.6451849056167303
sub-11472	friend	conditional	investment	28	4.714285714285714	4.099504229868679	3.817609114203858	4.386375719672596
sub-11472	friend	generative	high_choice	28	0.75	0.5746428571428571	0.39285714285714285	0.7508928571428574
sub-11472	friend	generative	investment	28	4.714285714285714	4.0275	3.210714285714286	4.928571428571429
sub-11472	stranger	conditional	high_choice	28	0.5714285714285714	0.5854851877384973	0.5303378436765861	0.6467198323675692
sub-11472	stranger	conditional	investment	28	4.142857142857143	4.109265397023473	3.8523396672570325	4.398459826390645
sub-11472	stranger	generative	high_choice	28	0.5714285714285714	0.5766071428571429	0.4276785714285714	0.75
sub-11472	stranger	generative	investment	28	4.142857142857143	4.0475	3.1410714285714287	4.858928571428572
sub-11472	computer	conditional	high_choice	28	0.7142857142857143	0.5864153621541494	0.531365748724122	0.6470211270444414
sub-11472	computer	conditional	investment	28	4.642857142857143	4.108814437998121	3.8445095039845656	4.398513383856006
sub-11472	computer	generative	high_choice	28	0.7142857142857143	0.5805357142857143	0.4276785714285714	0.75
sub-11472	computer	generative	investment	28	4.642857142857143	4.095357142857143	3.2857142857142856	4.928571428571429
sub-11492	friend	conditional	high_choice	28	1.0	0.6866536847615018	0.6591612049769233	0.706549146686024
sub-11492	friend	conditional	investment	28	6.0	4.58310111584708	4.4506111741529155	4.677971967675871
sub-11492	friend	generative	high_choice	28	1.0	0.6858928571428572	0.5357142857142857	0.8214285714285714
sub-11492	friend	generative	investment	28	6.0	4.589642857142858	3.9285714285714284	5.216071428571429
sub-11492	stranger	conditional	high_choice	28	1.0	0.6867030571933391	0.6593234487377914	0.7065337697826028
sub-11492	stranger	conditional	investment	28	6.0	4.584140044357723	4.453425321294011	4.677905465252909
sub-11492	stranger	generative	high_choice	28	1.0	0.6773214285714286	0.5	0.8214285714285714
sub-11492	stranger	generative	investment	28	6.0	4.536428571428571	3.5696428571428576	5.214285714285714
sub-11492	computer	conditional	high_choice	26	0.9615384615384616	0.6844205348564532	0.6556497365214253	0.7039015563486767
sub-11492	computer	conditional	investment	26	6.076923076923077	4.752758168616181	4.610256660606745	4.847298817963026
sub-11492	computer	generative	high_choice	26	0.9615384615384616	0.6832692307692306	0.5375	0.8461538461538461
sub-11492	computer	generative	investment	26	6.076923076923077	4.738076923076923	3.921153846153846	5.538461538461538
sub-11493	friend	conditional	high_choice	27	1.0	0.6286534618739137	0.5751932536751712	0.6696737249392127
sub-11493	friend	conditional	investment	27	5.925925925925926	4.2558097996112885	3.990138253231528	4.4434466153823236
sub-11493	friend	generative	high_choice	27	1.0	0.6370370370370371	0.4444444444444444	0.8148148148148148
sub-11493	friend	generative	investment	27	5.925925925925926	4.287037037037037	3.4074074074074074	5.111111111111111
sub-11493	stranger	conditional	high_choice	27	0.9259259259259259	0.6314564793144457	0.5788063088029989	0.6712734976859162
sub-11493	stranger	conditional	investment	27	5.703703703703703	4.278433289024198	4.050294356708956	4.452491379775373
sub-11493	stranger	generative	high_choice	27	0.9259259259259259	0.6231481481481481	0.48148148148148145	0.8148148148148148
sub-11493	stranger	generative	investment	27	5.703703703703703	4.246666666666667	3.4814814814814814	5.037037037037037
sub-11493	computer	conditional	high_choice	28	0.7857142857142857	0.6367222969442033	0.5817919889177839	0.6788974411217299
sub-11493	computer	conditional	investment	28	5.142857142857143	4.3509304993714695	4.096552165649454	4.548847004480819
sub-11493	computer	generative	high_choice	28	0.7857142857142857	0.6396428571428572	0.4642857142857143	0.8214285714285714
sub-11493	computer	generative	investment	28	5.142857142857143	4.354285714285714	3.357142857142857	5.142857142857143
sub-11498	friend	conditional	high_choice	14	1.0	0.6208364557775963	0.556507849244007	0.6771536893909031
sub-11498	friend	conditional	investment	14	6.0	4.278767080907033	3.964758966825183	4.541058631453715
sub-11498	friend	generative	high_choice	14	1.0	0.6325	0.42857142857142855	0.8571428571428571
sub-11498	friend	generative	investment	14	6.0	4.338571428571429	3.1392857142857142	5.432142857142858
sub-11498	stranger	conditional	high_choice	14	0.7857142857142857	0.6189427573850371	0.5469870987523253	0.6770079588573151
sub-11498	stranger	conditional	investment	14	5.285714285714286	4.267735417899871	3.931976568077435	4.541122972433204
sub-11498	stranger	generative	high_choice	14	0.7857142857142857	0.6217857142857143	0.35714285714285715	0.8571428571428571
sub-11498	stranger	generative	investment	14	5.285714285714286	4.267142857142857	2.9964285714285714	5.289285714285715
sub-11498	computer	conditional	high_choice	14	0.9285714285714286	0.6178794282366021	0.5516561042597757	0.6758310119742723
sub-11498	computer	conditional	investment	14	5.714285714285714	4.253310745843318	3.923577203585008	4.52811032649961
sub-11498	computer	generative	high_choice	14	0.9285714285714286	0.6167857142857143	0.2857142857142857	0.8571428571428571
sub-11498	computer	generative	investment	14	5.714285714285714	4.235	2.7142857142857144	5.432142857142858
sub-11517	friend	conditional	high_choice	27	0.9259259259259259	0.4740150410518544	0.37047967025412104	0.5655666297625909
sub-11517	friend	conditional	investment	27	5.62962962962963	3.6027736501791296	3.02791662519507	4.086175179749772
sub-11517	friend	generative	high_choice	27	0.9259259259259259	0.4714814814814815	0.25833333333333336	0.6666666666666666
sub-11517	friend	generative	investment	27	5.62962962962963	3.6314814814814813	2.5907407407407406	4.7407407407407405
sub-11517	stranger	conditional	high_choice	27	0.2962962962962963	0.48234138575674995	0.38461589418779174	0.5662870801167371
sub-11517	stranger	conditional	investment	27	2.6666666666666665	3.585086193368414	3.0800933460086197	3.9943305352771312
sub-11517	stranger	generative	high_choice	27	0.2962962962962963	0.487962962962963	0.2962962962962963	0.6666666666666666
sub-11517	stranger	generative	investment	27	2.6666666666666665	3.5848148148148153	2.6648148148148145	4.594444444444445
sub-11517	computer	conditional	high_choice	28	0.10714285714285714	0.47453265253483345	0.3692446168758971	0.5690407359311618
sub-11517	computer	conditional	investment	28	1.9285714285714286	3.535437104844103	2.9461835258605613	4.034769534322175
sub-11517	computer	generative	high_choice	28	0.10714285714285714	0.4710714285714286	0.2857142857142857	0.6428571428571429
sub-11517	computer	generative	investment	28	1.9285714285714286	3.511785714285714	2.425	4.501785714285715
sub-11518	friend	conditional	high_choice	27	0.8888888888888888	0.5180983264320578	0.4432277914316418	0.5888584242128608
sub-11518	friend	conditional	investment	27	5.703703703703703	3.8747610710299374	3.4838325323185684	4.250451370561173
sub-11518	friend	generative	high_choice	27	0.8888888888888888	0.5174074074074074	0.3314814814814815	0.7037037037037037
sub-11518	friend	generative	investment	27	5.703703703703703	3.872962962962963	2.7370370370370374	4.814814814814815
sub-11518	stranger	conditional	high_choice	26	0.5384615384615384	0.5236324217788089	0.4457344684985229	0.6006481921970507
sub-11518	stranger	conditional	investment	26	3.8461538461538463	3.8407812608406378	3.449834824203726	4.238399864912326
sub-11518	stranger	generative	high_choice	26	0.5384615384615384	0.5123076923076924	0.3076923076923077	0.7307692307692307
sub-11518	stranger	generative	investment	26	3.8461538461538463	3.7984615384615386	2.6903846153846156	4.925000000000001
sub-11518	computer	conditional	high_choice	25	0.04	0.5238426392331916	0.4406752355929666	0.6047367814168867
sub-11518	computer	conditional	investment	25	1.44	3.6696614377207037	3.217411977555763	4.08819871065509
sub-11518	computer	generative	high_choice	25	0.04	0.5254000000000001	0.28	0.7210000000000002
sub-11518	computer	generative	investment	25	1.44	3.7039999999999997	2.476	4.8
sub-11523	friend	conditional	high_choice	25	0.36	0.3995049407532372	0.3079243650340928	0.5086319122096506
sub-11523	friend	conditional	investment	25	2.8	3.091309527130822	2.63213470737745	3.717532099769486
sub-11523	friend	generative	high_choice	25	0.36	0.4108	0.24	0.6010000000000002
sub-11523	friend	generative	investment	25	2.8	3.1664	2.24	4.24
sub-11523	stranger	conditional	high_choice	28	0.32142857142857145	0.4227708047452253	0.3404348935528132	0.5181254070640845
sub-11523	stranger	conditional	investment	28	2.857142857142857	3.2522265228122023	2.8039999584357473	3.769335028432874
sub-11523	stranger	generative	high_choice	28	0.32142857142857145	0.41642857142857137	0.25	0.6071428571428571
sub-11523	stranger	generative	investment	28	2.857142857142857	3.2317857142857145	2.357142857142857	4.216071428571429
sub-11523	computer	conditional	high_choice	21	0.5238095238095238	0.39601890029491726	0.3058232219879962	0.5070715655114835
sub-11523	computer	conditional	investment	21	3.5238095238095237	3.2180085015617044	2.714070732650002	3.8750994544668473
sub-11523	computer	generative	high_choice	21	0.5238095238095238	0.40666666666666673	0.19047619047619047	0.6666666666666666
sub-11523	computer	generative	investment	21	3.5238095238095237	3.2819047619047614	2.1904761904761907	4.666666666666667
sub-11526	friend	conditional	high_choice	28	0.9642857142857143	0.42620019029432327	0.3296354864558366	0.5210216183742784
sub-11526	friend	conditional	investment	28	5.857142857142857	3.2411353560971157	2.7324705450952393	3.743211758790429
sub-11526	friend	generative	high_choice	28	0.9642857142857143	0.4332142857142857	0.25	0.6437500000000003
sub-11526	friend	generative	investment	28	5.857142857142857	3.2757142857142854	2.357142857142857	4.428571428571429
sub-11526	stranger	conditional	high_choice	28	0.17857142857142858	0.41869757618407505	0.3151934773123025	0.5169813406250063
sub-11526	stranger	conditional	investment	28	1.9285714285714286	3.205129736138832	2.681828399577514	3.7230648101868153
sub-11526	stranger	generative	high_choice	28	0.17857142857142858	0.41625	0.21428571428571427	0.6785714285714286
sub-11526	stranger	generative	investment	28	1.9285714285714286	3.1735714285714285	2.2125000000000004	4.285714285714286
sub-11526	computer	conditional	high_choice	28	0.07142857142857142	0.4150361251680125	0.3076900133898372	0.5160339486014297
sub-11526	computer	conditional	investment	28	1.5714285714285714	3.180899940907299	2.636671614220073	3.7156989947242836
sub-11526	computer	generative	high_choice	28	0.07142857142857142	0.40982142857142856	0.21428571428571427	0.6071428571428571
sub-11526	computer	generative	investment	28	1.5714285714285714	3.1525	2.1410714285714287	4.142857142857143
sub-11527	friend	conditional	high_choice	27	0.14814814814814814	0.2835987045186913	0.20655017415130444	0.3660865743651519
sub-11527	friend	conditional	investment	27	2.2222222222222223	2.4258756349838926	2.0744370485497394	2.857918243977456
sub-11527	friend	generative	high_choice	27	0.14814814814814814	0.30462962962962964	0.14814814814814814	0.4824074074074076
sub-11527	friend	generative	investment	27	2.2222222222222223	2.5370370370370376	1.9259259259259258	3.40925925925926
sub-11527	stranger	conditional	high_choice	28	0.21428571428571427	0.3054628642597957	0.22967142439676436	0.3988711820629693
sub-11527	stranger	conditional	investment	28	2.0714285714285716	2.6004073173928295	2.2013932842352366	3.111002245018902
sub-11527	stranger	generative	high_choice	28	0.21428571428571427	0.3025	0.14285714285714285	0.5
sub-11527	stranger	generative	investment	28	2.0714285714285716	2.5807142857142855	1.7857142857142858	3.5
sub-11527	computer	conditional	high_choice	28	0.39285714285714285	0.28560186647482416	0.20630069517449243	0.36826255648738787
sub-11527	computer	conditional	investment	28	3.0	2.506122773238124	2.137744014240095	2.9712151455047215
sub-11527	computer	generative	high_choice	28	0.39285714285714285	0.30607142857142855	0.14196428571428574	0.5
sub-11527	computer	generative	investment	28	3.0	2.5917857142857144	1.7857142857142858	3.716071428571429
sub-11529	friend	conditional	high_choice	14	0.5	0.29658878680207046	0.1998580225585653	0.4253329434475871
sub-11529	friend	conditional	investment	14	3.5714285714285716	2.493378850906712	2.061199490075368	3.146605150490608
sub-11529	friend	generative	high_choice	14	0.5	0.3139285714285714	0.14285714285714285	0.5
sub-11529	friend	generative	investment	14	3.5714285714285716	2.5785714285714283	1.7142857142857142	3.8607142857142867
sub-11529	stranger	conditional	high_choice	14	0.2857142857142857	0.3260133699283	0.23483369521234118	0.45083815866037186
sub-11529	stranger	conditional	investment	14	2.2857142857142856	2.6174328244595495	2.1736448617293522	3.278706345687939
sub-11529	stranger	generative	high_choice	14	0.2857142857142857	0.3146428571428571	0.07142857142857142	0.5732142857142861
sub-11529	stranger	generative	investment	14	2.2857142857142856	2.5821428571428573	1.5714285714285714	4.146428571428572
sub-11529	computer	conditional	high_choice	14	0.0	0.3200400252414173	0.22981582917598656	0.4457170061350935
sub-11529	computer	conditional	investment	14	1.4285714285714286	2.6035623335102343	2.168742608153839	3.2651637256776302
sub-11529	computer	generative	high_choice	14	0.0	0.3271428571428572	0.1410714285714286	0.5714285714285714
sub-11529	computer	generative	investment	14	1.4285714285714286	2.6314285714285712	1.8535714285714286	3.857142857142857
sub-11530	friend	conditional	high_choice	28	0.8928571428571429	0.6214472292171583	0.5543745153374252	0.6767954512602722
sub-11530	friend	conditional	investment	28	5.357142857142857	4.263499591476167	3.9400192419609725	4.535985856575449
sub-11530	friend	generative	high_choice	28	0.8928571428571429	0.6173214285714286	0.42857142857142855	0.7866071428571431
sub-11530	friend	generative	investment	28	5.357142857142857	4.248214285714286	3.2839285714285715	5.144642857142858
sub-11530	stranger	conditional	high_choice	27	0.5555555555555556	0.6116017717822625	0.544976087365605	0.667422025275961
sub-11530	stranger	conditional	investment	27	3.5555555555555554	4.164710977212094	3.8045466608938043	4.429692277520509
sub-11530	stranger	generative	high_choice	27	0.5555555555555556	0.6142592592592593	0.4074074074074074	0.7787037037037039
sub-11530	stranger	generative	investment	27	3.5555555555555554	4.17	3.037037037037037	4.964814814814815
sub-11530	computer	conditional	high_choice	28	0.42857142857142855	0.6257217335398789	0.5680305694491034	0.6773457638916089
sub-11530	computer	conditional	investment	28	3.0714285714285716	4.283401461334239	3.9876916938199267	4.539155892425388
sub-11530	computer	generative	high_choice	28	0.42857142857142855	0.63375	0.5	0.7857142857142857
sub-11530	computer	generative	investment	28	3.0714285714285716	4.313571428571429	3.4267857142857143	5.001785714285715
sub-11532	friend	conditional	high_choice	28	1.0	0.6858343220497466	0.6552854222611214	0.7076222679826287
sub-11532	friend	conditional	investment	28	6.0	4.57896201582219	4.430998862156541	4.682476900834649
sub-11532	friend	generative	high_choice	28	1.0	0.6823214285714286	0.5	0.8571428571428571
sub-11532	friend	generative	investment	28	6.0	4.5582142857142856	3.7839285714285715	5.358928571428572
sub-11532	stranger	conditional	high_choice	28	0.9642857142857143	0.6867815342504779	0.655943324286502	0.707861893943047
sub-11532	stranger	conditional	investment	28	5.857142857142857	4.583628087287591	4.440079243411909	4.6837954968135715
sub-11532	stranger	generative	high_choice	28	0.9642857142857143	0.6882142857142857	0.5357142857142857	0.8214285714285714
sub-11532	stranger	generative	investment	28	5.857142857142857	4.577142857142857	3.857142857142857	5.216071428571429
sub-11532	computer	conditional	high_choice	28	1.0	0.6860319975395816	0.6557984352652554	0.7076351021198648
sub-11532	computer	conditional	investment	28	6.0	4.580537356157882	4.436722006644205	4.682960971454423
sub-11532	computer	generative	high_choice	28	1.0	0.6882142857142857	0.5357142857142857	0.8214285714285714
sub-11532	computer	generative	investment	28	6.0	4.586785714285714	3.7857142857142856	5.285714285714286
sub-11533	friend	conditional	high_choice	28	0.5714285714285714	0.2777585459089563	0.19967548604611315	0.37127747122226284
sub-11533	friend	conditional	investment	28	3.857142857142857	2.577691223367858	2.170645774316269	3.1026650611383157
sub-11533	friend	generative	high_choice	28	0.5714285714285714	0.29946428571428574	0.10714285714285714	0.46517857142857166
sub-11533	friend	generative	investment	28	3.857142857142857	2.675	1.855357142857143	3.573214285714286
sub-11533	stranger	conditional	high_choice	28	0.14285714285714285	0.307289898326743	0.21999991974287597	0.3980882855698163
sub-11533	stranger	conditional	investment	28	2.0	2.7353274305000563	2.316437150210425	3.233809616843486
sub-11533	stranger	generative	high_choice	28	0.14285714285714285	0.2905357142857143	0.10625000000000001	0.4642857142857143
sub-11533	stranger	generative	investment	28	2.0	2.6132142857142857	1.7142857142857142	3.5
sub-11533	computer	conditional	high_choice	28	0.10714285714285714	0.28250698894900367	0.20047380544746005	0.37501761094369296
sub-11533	computer	conditional	investment	28	1.7857142857142858	2.5973953802912235	2.187523312752726	3.109450926935301
sub-11533	computer	generative	high_choice	28	0.10714285714285714	0.2832142857142857	0.14285714285714285	0.42857142857142855
sub-11533	computer	generative	investment	28	1.7857142857142858	2.6125	1.8571428571428572	3.4285714285714284
sub-11534	friend	conditional	high_choice	28	0.8571428571428571	0.5128531662525135	0.43524376136593773	0.5820998499987227
sub-11534	friend	conditional	investment	28	5.357142857142857	3.648694126547229	3.2123202378453817	4.038436711448793
sub-11534	friend	generative	high_choice	28	0.8571428571428571	0.5135714285714286	0.32142857142857145	0.6785714285714286
sub-11534	friend	generative	investment	28	5.357142857142857	3.636428571428571	2.7839285714285715	4.430357142857144
sub-11534	stranger	conditional	high_choice	28	0.35714285714285715	0.47819492732809155	0.38885799554296707	0.5583767664325439
sub-11534	stranger	conditional	investment	28	2.7857142857142856	3.4199492241869702	2.903643317529321	3.888441295596074
sub-11534	stranger	generative	high_choice	28	0.35714285714285715	0.4894642857142857	0.2857142857142857	0.6785714285714286
sub-11534	stranger	generative	investment	28	2.7857142857142856	3.4828571428571427	2.5696428571428576	4.501785714285715
sub-11534	computer	conditional	high_choice	28	0.25	0.456089639335461	0.36629167444177585	0.5516886823059794
sub-11534	computer	conditional	investment	28	2.142857142857143	3.298334497302869	2.7894666567384276	3.832105753865999
sub-11534	computer	generative	high_choice	28	0.25	0.4651785714285714	0.2857142857142857	0.6785714285714286
sub-11534	computer	generative	investment	28	2.142857142857143	3.3564285714285718	2.357142857142857	4.285714285714286
sub-11535	friend	conditional	high_choice	26	0.8846153846153846	0.429140092320229	0.3519957886240456	0.5038121261563714
sub-11535	friend	conditional	investment	26	5.769230769230769	3.437171956220145	3.015673125194357	3.815456204010011
sub-11535	friend	generative	high_choice	26	0.8846153846153846	0.4271153846153847	0.23076923076923078	0.6153846153846154
sub-11535	friend	generative	investment	26	5.769230769230769	3.4434615384615386	2.3826923076923077	4.3076923076923075
sub-11535	stranger	conditional	high_choice	27	0.14814814814814814	0.41177787942028116	0.3308651670516537	0.4971527027477503
sub-11535	stranger	conditional	investment	27	2.2222222222222223	3.2096877969991255	2.807095290936079	3.6503988850630473
sub-11535	stranger	generative	high_choice	27	0.14814814814814814	0.4046296296296296	0.2212962962962963	0.5925925925925926
sub-11535	stranger	generative	investment	27	2.2222222222222223	3.2003703703703703	2.2222222222222223	4.222222222222222
sub-11535	computer	conditional	high_choice	26	0.07692307692307693	0.43589300590455965	0.36774690589785075	0.5112625663369588
sub-11535	computer	conditional	investment	26	1.8461538461538463	3.3459281545025163	3.0014569119846093	3.67556023825999
sub-11535	computer	generative	high_choice	26	0.07692307692307693	0.43923076923076926	0.2692307692307692	0.6538461538461539
sub-11535	computer	generative	investment	26	1.8461538461538463	3.36	2.5384615384615383	4.309615384615385
sub-11536	friend	conditional	high_choice	27	0.7037037037037037	0.45425344605934337	0.3924889023359679	0.5266752374184754
sub-11536	friend	conditional	investment	27	4.814814814814815	3.4843462571566914	3.1994600566014437	3.8164372253581624
sub-11536	friend	generative	high_choice	27	0.7037037037037037	0.46	0.25925925925925924	0.6666666666666666
sub-11536	friend	generative	investment	27	4.814814814814815	3.5114814814814816	2.4444444444444446	4.37037037037037
sub-11536	stranger	conditional	high_choice	28	0.2857142857142857	0.4445135262463923	0.37243265210792986	0.5262761745170249
sub-11536	stranger	conditional	investment	28	2.7142857142857144	3.429212231838053	3.0464628276152173	3.831069305117196
sub-11536	stranger	generative	high_choice	28	0.2857142857142857	0.4501785714285715	0.28482142857142856	0.6428571428571429
sub-11536	stranger	generative	investment	28	2.7142857142857144	3.4464285714285716	2.6410714285714287	4.430357142857144
sub-11536	computer	conditional	high_choice	26	0.34615384615384615	0.45938116475000357	0.3984211042862927	0.5291745567145497
sub-11536	computer	conditional	investment	26	3.076923076923077	3.5507055200809576	3.2764444770504775	3.8589775457252173
sub-11536	computer	generative	high_choice	26	0.34615384615384615	0.4525	0.23076923076923078	0.6538461538461539
sub-11536	computer	generative	investment	26	3.076923076923077	3.5173076923076922	2.6134615384615385	4.386538461538462
sub-11539	friend	conditional	high_choice	25	0.92	0.6029532881423685	0.5488354270330329	0.6610738599603534
sub-11539	friend	conditional	investment	25	5.68	4.120063081027521	3.8787724301467548	4.3828408551754645
sub-11539	friend	generative	high_choice	25	0.92	0.5952	0.4	0.8
sub-11539	friend	generative	investment	25	5.68	4.0812	3.1180000000000003	5.04
sub-11539	stranger	conditional	high_choice	28	0.6428571428571429	0.5972119031464753	0.5434244799018249	0.6567639337774379
sub-11539	stranger	conditional	investment	28	4.214285714285714	4.1585301726589625	3.8917762777871636	4.4456017654326985
sub-11539	stranger	generative	high_choice	28	0.6428571428571429	0.6016071428571429	0.39285714285714285	0.7857142857142857
sub-11539	stranger	generative	investment	28	4.214285714285714	4.172142857142857	3.2839285714285715	5.071428571428571
sub-11539	computer	conditional	high_choice	28	0.5714285714285714	0.5994801269209309	0.5465900393608004	0.6567750627571213
sub-11539	computer	conditional	investment	28	4.285714285714286	4.172608166019152	3.9199514023195348	4.445869524488523
sub-11539	computer	generative	high_choice	28	0.5714285714285714	0.6089285714285714	0.4276785714285714	0.7866071428571431
sub-11539	computer	generative	investment	28	4.285714285714286	4.225	3.2839285714285715	5.142857142857143
sub-11540	friend	conditional	high_choice	28	0.9642857142857143	0.695954021152479	0.6637420799365804	0.7119687669384155
sub-11540	friend	conditional	investment	28	5.857142857142857	4.629646113694559	4.478874232887404	4.705551230818921
sub-11540	friend	generative	high_choice	28	0.9642857142857143	0.6985714285714286	0.5	0.8223214285714288
sub-11540	friend	generative	investment	28	5.857142857142857	4.654642857142857	3.857142857142857	5.2875000000000005
sub-11540	stranger	conditional	high_choice	28	0.9285714285714286	0.6942746912549538	0.663058084425615	0.710148893992294
sub-11540	stranger	conditional	investment	28	5.571428571428571	4.617184059877596	4.462295787939275	4.694265510577735
sub-11540	stranger	generative	high_choice	28	0.9285714285714286	0.6942857142857143	0.5357142857142857	0.8223214285714288
sub-11540	stranger	generative	investment	28	5.571428571428571	4.622857142857144	3.9285714285714284	5.428571428571429
sub-11540	computer	conditional	high_choice	28	0.9285714285714286	0.6922148899874228	0.6596435341048309	0.7097002229876694
sub-11540	computer	conditional	investment	28	5.785714285714286	4.609832248998665	4.457661775839629	4.692863944887734
sub-11540	computer	generative	high_choice	28	0.9285714285714286	0.6919642857142857	0.5357142857142857	0.8571428571428571
sub-11540	computer	generative	investment	28	5.785714285714286	4.6032142857142855	3.855357142857143	5.357142857142857
sub-11542	friend	conditional	high_choice	27	0.7407407407407407	0.508935341623979	0.430263631813026	0.5948620117830177
sub-11542	friend	conditional	investment	27	4.666666666666667	3.6383763459971745	3.1644521228839406	4.0943782979012875
sub-11542	friend	generative	high_choice	27	0.7407407407407407	0.5088888888888888	0.33240740740740743	0.7037037037037037
sub-11542	friend	generative	investment	27	4.666666666666667	3.66	2.5925925925925926	4.594444444444445
sub-11542	stranger	conditional	high_choice	27	0.4444444444444444	0.5007143516868904	0.41143694221910115	0.5931748629163092
sub-11542	stranger	conditional	investment	27	3.259259259259259	3.6007773586278096	3.071348475347591	4.091418578148182
sub-11542	stranger	generative	high_choice	27	0.4444444444444444	0.4912962962962963	0.2962962962962963	0.7037037037037037
sub-11542	stranger	generative	investment	27	3.259259259259259	3.542222222222222	2.5907407407407406	4.520370370370371
sub-11542	computer	conditional	high_choice	28	0.2857142857142857	0.5152021165456654	0.4413215508280164	0.5923753067582094
sub-11542	computer	conditional	investment	28	2.5714285714285716	3.733756676451727	3.3253802986181755	4.137698854055077
sub-11542	computer	generative	high_choice	28	0.2857142857142857	0.5155357142857142	0.32142857142857145	0.6785714285714286
sub-11542	computer	generative	investment	28	2.5714285714285716	3.7564285714285712	2.642857142857143	4.644642857142858
sub-11545	friend	conditional	high_choice	27	0.9629629629629629	0.6736541320692353	0.6315793050912737	0.6965740585905963
sub-11545	friend	conditional	investment	27	5.925925925925926	4.598355161360277	4.392240779992602	4.706543147334801
sub-11545	friend	generative	high_choice	27	0.9629629629629629	0.6774074074074073	0.5555555555555556	0.8148148148148148
sub-11545	friend	generative	investment	27	5.925925925925926	4.6285185185185185	4.0	5.407407407407407
sub-11545	stranger	conditional	high_choice	28	0.7142857142857143	0.6843329052073658	0.6420605135605352	0.706978460902889
sub-11545	stranger	conditional	investment	28	4.357142857142857	4.571835632585802	4.377177503614742	4.679572024699969
sub-11545	stranger	generative	high_choice	28	0.7142857142857143	0.6923214285714286	0.5357142857142857	0.8214285714285714
sub-11545	stranger	generative	investment	28	4.357142857142857	4.58	3.7857142857142856	5.142857142857143
sub-11545	computer	conditional	high_choice	26	0.5384615384615384	0.6996627006452398	0.6535832902299052	0.7232983356590447
sub-11545	computer	conditional	investment	26	3.923076923076923	4.5815518128976835	4.368022629462595	4.695510945775056
sub-11545	computer	generative	high_choice	26	0.5384615384615384	0.6915384615384617	0.5384615384615384	0.8086538461538464
sub-11545	computer	generative	investment	26	3.923076923076923	4.5419230769230765	3.769230769230769	5.230769230769231
sub-11551	friend	conditional	high_choice	28	0.8214285714285714	0.48852425101708763	0.40533043895240006	0.5651237366003135
sub-11551	friend	conditional	investment	28	5.428571428571429	3.6330574392822137	3.1878402239476986	4.031393597812183
sub-11551	friend	generative	high_choice	28	0.8214285714285714	0.4914285714285714	0.32142857142857145	0.6785714285714286
sub-11551	friend	generative	investment	28	5.428571428571429	3.6396428571428565	2.7142857142857144	4.505357142857144
sub-11551	stranger	conditional	high_choice	27	0.4444444444444444	0.48303850587595304	0.3944469224356158	0.5593208809395963
sub-11551	stranger	conditional	investment	27	3.185185185185185	3.5050152294844064	3.0185207310355384	3.8962594592028004
sub-11551	stranger	generative	high_choice	27	0.4444444444444444	0.4875925925925926	0.2953703703703704	0.7037037037037037
sub-11551	stranger	generative	investment	27	3.185185185185185	3.516666666666666	2.5166666666666666	4.592592592592593
sub-11551	computer	conditional	high_choice	28	0.07142857142857142	0.47512768713360276	0.37017844407446254	0.5608300467912011
sub-11551	computer	conditional	investment	28	1.7857142857142858	3.5372412626922944	2.9461273385597555	3.9871174568268746
sub-11551	computer	generative	high_choice	28	0.07142857142857142	0.47875	0.2857142857142857	0.7142857142857143
sub-11551	computer	generative	investment	28	1.7857142857142858	3.564642857142857	2.498214285714286	4.714285714285714
sub-11559	friend	conditional	high_choice	27	0.6296296296296297	0.5218435381234027	0.449332971111694	0.5761089695966516
sub-11559	friend	conditional	investment	27	4.666666666666667	3.917345984552134	3.5660025904278494	4.187920742491654
sub-11559	friend	generative	high_choice	27	0.6296296296296297	0.5148148148148148	0.3333333333333333	0.7037037037037037
sub-11559	friend	generative	investment	27	4.666666666666667	3.8814814814814813	2.8851851851851853	4.888888888888889
sub-11559	stranger	conditional	high_choice	28	0.42857142857142855	0.5183184281482965	0.44665687045814856	0.5786535399346011
sub-11559	stranger	conditional	investment	28	3.642857142857143	3.7795434972094197	3.4297319232177053	4.076443294185805
sub-11559	stranger	generative	high_choice	28	0.42857142857142855	0.5182142857142857	0.32142857142857145	0.7151785714285717
sub-11559	stranger	generative	investment	28	3.642857142857143	3.8067857142857147	2.7857142857142856	4.785714285714286
sub-11559	computer	conditional	high_choice	27	0.48148148148148145	0.5100523044325451	0.4334361646914225	0.5716763848491124
sub-11559	computer	conditional	investment	27	4.074074074074074	3.8091131074288103	3.4284283782060387	4.114798421627633
sub-11559	computer	generative	high_choice	27	0.48148148148148145	0.5135185185185186	0.33240740740740743	0.7037037037037037
sub-11559	computer	generative	investment	27	4.074074074074074	3.832962962962963	2.812962962962963	4.7407407407407405
sub-11560	friend	conditional	high_choice	28	0.7142857142857143	0.5601281776376205	0.49558889850089893	0.6198488993962766
sub-11560	friend	conditional	investment	28	4.571428571428571	3.9953951564902526	3.693735012686971	4.274382674627304
sub-11560	friend	generative	high_choice	28	0.7142857142857143	0.5673214285714286	0.35714285714285715	0.7151785714285717
sub-11560	friend	generative	investment	28	4.571428571428571	4.0182142857142855	3.1410714285714287	4.858928571428572
sub-11560	stranger	conditional	high_choice	28	0.5357142857142857	0.5510461593795476	0.47454432665647694	0.6161378830127285
sub-11560	stranger	conditional	investment	28	4.071428571428571	3.9441040808164667	3.574972777353918	4.25396863486923
sub-11560	stranger	generative	high_choice	28	0.5357142857142857	0.5580357142857143	0.35714285714285715	0.75
sub-11560	stranger	generative	investment	28	4.071428571428571	3.972857142857143	2.998214285714286	4.857142857142857
sub-11560	computer	conditional	high_choice	28	0.6785714285714286	0.5506886281224872	0.4745666730503912	0.6160636121264809
sub-11560	computer	conditional	investment	28	4.785714285714286	3.9454984671057853	3.5862321218559416	4.254435240999107
sub-11560	computer	generative	high_choice	28	0.6785714285714286	0.5528571428571428	0.3919642857142857	0.75
sub-11560	computer	generative	investment	28	4.785714285714286	3.9242857142857144	2.9267857142857143	4.930357142857144
sub-11563	friend	conditional	high_choice	28	0.8214285714285714	0.5263006486368624	0.46747512313234424	0.5820299277616772
sub-11563	friend	conditional	investment	28	5.571428571428571	3.838158400980747	3.554839393187058	4.097498102950297
sub-11563	friend	generative	high_choice	28	0.8214285714285714	0.5157142857142857	0.32142857142857145	0.679464285714286
sub-11563	friend	generative	investment	28	5.571428571428571	3.7860714285714288	2.7857142857142856	4.714285714285714
sub-11563	stranger	conditional	high_choice	28	0.6428571428571429	0.5148688036898061	0.44303450254547266	0.580577646374939
sub-11563	stranger	conditional	investment	28	4.714285714285714	3.7711037826559455	3.4347790419761632	4.0892684585258605
sub-11563	stranger	generative	high_choice	28	0.6428571428571429	0.5189285714285714	0.28482142857142856	0.6785714285714286
sub-11563	stranger	generative	investment	28	4.714285714285714	3.7975	2.7142857142857144	4.7875000000000005
sub-11563	computer	conditional	high_choice	28	0.21428571428571427	0.5129891896355523	0.44254740697053657	0.5802956815010728
sub-11563	computer	conditional	investment	28	2.0	3.7467084945649596	3.3811266090829797	4.085608880109574
sub-11563	computer	generative	high_choice	28	0.21428571428571427	0.5135714285714286	0.32142857142857145	0.679464285714286
sub-11563	computer	generative	investment	28	2.0	3.762142857142857	2.855357142857143	4.644642857142858
sub-11565	friend	conditional	high_choice	28	0.8214285714285714	0.5652402556221925	0.5009020211340685	0.6183521937710073
sub-11565	friend	conditional	investment	28	5.0	3.994950813150323	3.7036629100404146	4.255769420359521
sub-11565	friend	generative	high_choice	28	0.8214285714285714	0.5644642857142856	0.35714285714285715	0.75
sub-11565	friend	generative	investment	28	5.0	3.9875	2.857142857142857	4.7875000000000005
sub-11565	stranger	conditional	high_choice	28	0.7142857142857143	0.571591770520405	0.5106920768063082	0.6245466059678515
sub-11565	stranger	conditional	investment	28	4.714285714285714	4.027931742695761	3.742691237026062	4.278290322615708
sub-11565	stranger	generative	high_choice	28	0.7142857142857143	0.5646428571428571	0.3919642857142857	0.7142857142857143
sub-11565	stranger	generative	investment	28	4.714285714285714	3.9746428571428565	3.0	4.785714285714286
sub-11565	computer	conditional	high_choice	27	0.48148148148148145	0.5733105017537993	0.510929095911788	0.628484344303809
sub-11565	computer	conditional	investment	27	3.7777777777777777	4.070948226941769	3.7764848815463647	4.332426202584467
sub-11565	computer	generative	high_choice	27	0.48148148148148145	0.5631481481481481	0.37037037037037035	0.7407407407407407
sub-11565	computer	generative	investment	27	3.7777777777777777	4.0162962962962965	3.0333333333333337	5.03888888888889
sub-11570	friend	conditional	high_choice	28	1.0	0.6967277650459756	0.6663406243026774	0.7097710295054445
sub-11570	friend	conditional	investment	28	6.0	4.631803784452617	4.489847677354261	4.692734190521755
sub-11570	friend	generative	high_choice	28	1.0	0.70375	0.5714285714285714	0.8571428571428571
sub-11570	friend	generative	investment	28	6.0	4.665357142857143	4.0	5.357142857142857
sub-11570	stranger	conditional	high_choice	28	1.0	0.6962622640400253	0.6656320027569511	0.7094733963762444
sub-11570	stranger	conditional	investment	28	6.0	4.628502778604177	4.484480120493366	4.691344518513898
sub-11570	stranger	generative	high_choice	28	1.0	0.7039285714285713	0.5714285714285714	0.8571428571428571
sub-11570	stranger	generative	investment	28	6.0	4.670714285714286	4.0	5.285714285714286
sub-11570	computer	conditional	high_choice	28	1.0	0.6963855374502088	0.6658044834766685	0.709554294473866
sub-11570	computer	conditional	investment	28	6.0	4.629525973160424	4.485798554991604	4.6920969322031105
sub-11570	computer	generative	high_choice	28	1.0	0.6955357142857143	0.5714285714285714	0.8571428571428571
sub-11570	computer	generative	investment	28	6.0	4.615714285714286	3.998214285714286	5.285714285714286
sub-11572	friend	conditional	high_choice	28	1.0	0.5944207733560013	0.5275441102537205	0.6418693486238861
sub-11572	friend	conditional	investment	28	6.0	4.143703803508952	3.8204547751756963	4.373575039654162
sub-11572	friend	generative	high_choice	28	1.0	0.585	0.39285714285714285	0.75
sub-11572	friend	generative	investment	28	6.0	4.0946428571428575	3.0696428571428576	5.001785714285715
sub-11572	stranger	conditional	high_choice	28	0.9642857142857143	0.5939430986984585	0.5268859139385892	0.6417906476692595
sub-11572	stranger	conditional	investment	28	5.928571428571429	4.1431051763370546	3.8205845285732827	4.373838073017394
sub-11572	stranger	generative	high_choice	28	0.9642857142857143	0.6053571428571428	0.4276785714285714	0.75
sub-11572	stranger	generative	investment	28	5.928571428571429	4.188928571428572	3.2125000000000004	5.0
sub-11572	computer	conditional	high_choice	28	0.07142857142857142	0.5943453625798463	0.527806281041566	0.6425786230236964
sub-11572	computer	conditional	investment	28	1.5714285714285714	4.146544023540528	3.8046637316457255	4.377707435228201
sub-11572	computer	generative	high_choice	28	0.07142857142857142	0.5919642857142857	0.39285714285714285	0.7857142857142857
sub-11572	computer	generative	investment	28	1.5714285714285714	4.129285714285714	2.998214285714286	4.930357142857144
sub-11579	friend	conditional	high_choice	28	0.8571428571428571	0.6214078340741026	0.5650025567678263	0.6626003305881402
sub-11579	friend	conditional	investment	28	5.5	4.273366987312931	3.997541892970557	4.469092071969825
sub-11579	friend	generative	high_choice	28	0.8571428571428571	0.6223214285714286	0.4642857142857143	0.7857142857142857
sub-11579	friend	generative	investment	28	5.5	4.278214285714285	3.5	5.073214285714286
sub-11579	stranger	conditional	high_choice	28	0.8928571428571429	0.6225454581910173	0.565240910246499	0.6640989681637229
sub-11579	stranger	conditional	investment	28	5.785714285714286	4.283818726384095	4.018282030261724	4.474342351484835
sub-11579	stranger	generative	high_choice	28	0.8928571428571429	0.6305357142857143	0.4642857142857143	0.7857142857142857
sub-11579	stranger	generative	investment	28	5.785714285714286	4.331071428571429	3.5	5.0
sub-11579	computer	conditional	high_choice	28	0.7142857142857143	0.6217760410264893	0.5651305849347967	0.6627610337877269
sub-11579	computer	conditional	investment	28	5.0	4.277153937129111	4.014059500392112	4.471259517971279
sub-11579	computer	generative	high_choice	28	0.7142857142857143	0.6241071428571429	0.4642857142857143	0.7508928571428574
sub-11579	computer	generative	investment	28	5.0	4.273928571428571	3.4285714285714284	5.001785714285715
sub-11586	friend	conditional	high_choice	14	0.6428571428571429	0.3849037612650556	0.2644700429688196	0.49052579631556464
sub-11586	friend	conditional	investment	14	4.857142857142857	3.147769270487883	2.51182452541997	3.6746411264833885
sub-11586	friend	generative	high_choice	14	0.6428571428571429	0.40642857142857136	0.14285714285714285	0.7142857142857143
sub-11586	friend	generative	investment	14	4.857142857142857	3.241428571428571	1.8571428571428572	4.714285714285714
sub-11586	stranger	conditional	high_choice	13	0.15384615384615385	0.3844816867518695	0.2637265760435979	0.49087095007191484
sub-11586	stranger	conditional	investment	13	1.8461538461538463	2.925545330551238	2.281159012816477	3.487381291452076
sub-11586	stranger	generative	high_choice	13	0.15384615384615385	0.39846153846153853	0.15384615384615385	0.6153846153846154
sub-11586	stranger	generative	investment	13	1.8461538461538463	3.019230769230769	1.8423076923076924	4.3076923076923075
sub-11586	computer	conditional	high_choice	14	0.14285714285714285	0.3777150537055391	0.25685426059086164	0.4871538245621695
sub-11586	computer	conditional	investment	14	2.0	3.085154491808008	2.3938301008253733	3.6421644195540384
sub-11586	computer	generative	high_choice	14	0.14285714285714285	0.395	0.14285714285714285	0.6428571428571429
sub-11586	computer	generative	investment	14	2.0	3.1757142857142857	1.8535714285714286	4.428571428571429
sub-11587	friend	conditional	high_choice	28	0.9642857142857143	0.6045786164831765	0.5490246554830103	0.6614173137272872
sub-11587	friend	conditional	investment	28	5.714285714285714	4.200434552270768	3.9372958941370038	4.465237702733455
sub-11587	friend	generative	high_choice	28	0.9642857142857143	0.615	0.42857142857142855	0.7857142857142857
sub-11587	friend	generative	investment	28	5.714285714285714	4.246428571428571	3.357142857142857	5.071428571428571
sub-11587	stranger	conditional	high_choice	28	0.4642857142857143	0.5937853335227711	0.5387723750227988	0.6541379785610296
sub-11587	stranger	conditional	investment	28	3.5	4.137530413729109	3.855716906372778	4.43352708945878
sub-11587	stranger	generative	high_choice	28	0.4642857142857143	0.6017857142857143	0.39285714285714285	0.7857142857142857
sub-11587	stranger	generative	investment	28	3.5	4.173571428571429	3.2142857142857144	5.071428571428571
sub-11587	computer	conditional	high_choice	28	0.7857142857142857	0.5973635186006647	0.5426403542093909	0.6588749285323097
sub-11587	computer	conditional	investment	28	5.071428571428571	4.152485221413909	3.8662543031376178	4.45504350946413
sub-11587	computer	generative	high_choice	28	0.7857142857142857	0.6014285714285714	0.42857142857142855	0.7857142857142857
sub-11587	computer	generative	investment	28	5.071428571428571	4.165357142857143	3.2857142857142856	5.071428571428571
sub-11588	friend	conditional	high_choice	28	0.7857142857142857	0.6555833102448061	0.5908234362464635	0.6924127531767742
sub-11588	friend	conditional	investment	28	4.857142857142857	4.430443225290381	4.076870417147055	4.612535104102103
sub-11588	friend	generative	high_choice	28	0.7857142857142857	0.6514285714285714	0.5348214285714286	0.7857142857142857
sub-11588	friend	generative	investment	28	4.857142857142857	4.4332142857142856	3.642857142857143	5.146428571428572
sub-11588	stranger	conditional	high_choice	28	0.5	0.6557539611500209	0.5918035877394239	0.6922564324516735
sub-11588	stranger	conditional	investment	28	3.4285714285714284	4.433039816357414	4.093243587737982	4.612395673366774
sub-11588	stranger	generative	high_choice	28	0.5	0.6569642857142857	0.4642857142857143	0.8214285714285714
sub-11588	stranger	generative	investment	28	3.4285714285714284	4.449642857142857	3.5714285714285716	5.285714285714286
sub-11588	computer	conditional	high_choice	28	0.7142857142857143	0.6563742459776943	0.6001495355513782	0.6913882967018026
sub-11588	computer	conditional	investment	28	4.5	4.432347569629952	4.122928972550853	4.60520633037854
sub-11588	computer	generative	high_choice	28	0.7142857142857143	0.6514285714285714	0.5	0.7857142857142857
sub-11588	computer	generative	investment	28	4.5	4.400714285714286	3.5696428571428576	5.144642857142858
sub-11591	friend	conditional	high_choice	28	0.6785714285714286	0.6413340903886428	0.5798672827362026	0.6855279521968992
sub-11591	friend	conditional	investment	28	4.642857142857143	4.365475618467558	4.045982249348925	4.57878514539166
sub-11591	friend	generative	high_choice	28	0.6785714285714286	0.65125	0.4642857142857143	0.8214285714285714
sub-11591	friend	generative	investment	28	4.642857142857143	4.42	3.5	5.357142857142857
sub-11591	stranger	conditional	high_choice	28	0.75	0.6430674850635242	0.5887121346849312	0.6856946920757963
sub-11591	stranger	conditional	investment	28	4.642857142857143	4.381341497990648	4.136647135730546	4.580572279898474
sub-11591	stranger	generative	high_choice	28	0.75	0.6369642857142856	0.42857142857142855	0.7857142857142857
sub-11591	stranger	generative	investment	28	4.642857142857143	4.373214285714286	3.357142857142857	5.144642857142858
sub-11591	computer	conditional	high_choice	28	0.6428571428571429	0.6455435667565895	0.5947933635974155	0.6872750823897368
sub-11591	computer	conditional	investment	28	4.428571428571429	4.3914212038354785	4.157140732320222	4.587893262081164
sub-11591	computer	generative	high_choice	28	0.6428571428571429	0.6416071428571429	0.4642857142857143	0.7857142857142857
sub-11591	computer	generative	investment	28	4.428571428571429	4.358928571428571	3.425	5.142857142857143
sub-11597	friend	conditional	high_choice	25	0.76	0.2942127659129835	0.21658514186231345	0.37911099049707314
sub-11597	friend	conditional	investment	25	4.72	2.7058290938553022	2.318408330434197	3.109567251664098
sub-11597	friend	generative	high_choice	25	0.76	0.2762	0.08	0.48
sub-11597	friend	generative	investment	25	4.72	2.63	1.84	3.6820000000000004
sub-11597	stranger	conditional	high_choice	28	0.03571428571428571	0.26756867813989976	0.18649452241963554	0.3545992815074832
sub-11597	stranger	conditional	investment	28	1.6428571428571428	2.448540344954275	2.068950042656843	2.8747943253117163
sub-11597	stranger	generative	high_choice	28	0.03571428571428571	0.26160714285714287	0.10714285714285714	0.4642857142857143
sub-11597	stranger	generative	investment	28	1.6428571428571428	2.4182142857142854	1.7142857142857142	3.357142857142857
sub-11597	computer	conditional	high_choice	28	0.0	0.261482894930922	0.17884754510582043	0.3497216002111716
sub-11597	computer	conditional	investment	28	1.4285714285714286	2.4419314429247727	2.054687059009061	2.8937132280881435
sub-11597	computer	generative	high_choice	28	0.0	0.2807142857142857	0.10625000000000001	0.4642857142857143
sub-11597	computer	generative	investment	28	1.4285714285714286	2.530357142857143	1.855357142857143	3.432142857142858
sub-11598	friend	conditional	high_choice	28	0.8214285714285714	0.5984423982896239	0.5153465950624261	0.646555316592117
sub-11598	friend	conditional	investment	28	5.142857142857143	4.162396834773665	3.761834756821641	4.396282661357878
sub-11598	friend	generative	high_choice	28	0.8214285714285714	0.6060714285714286	0.4276785714285714	0.7857142857142857
sub-11598	friend	generative	investment	28	5.142857142857143	4.193214285714285	3.2142857142857144	5.071428571428571
sub-11598	stranger	conditional	high_choice	27	0.4444444444444444	0.5951965363698762	0.5156100727635485	0.6420412259356804
sub-11598	stranger	conditional	investment	27	3.259259259259259	4.2174920364678385	3.831525402057705	4.439260688199616
sub-11598	stranger	generative	high_choice	27	0.4444444444444444	0.5924074074074074	0.3333333333333333	0.7777777777777778
sub-11598	stranger	generative	investment	27	3.259259259259259	4.194074074074074	3.257407407407407	5.03888888888889
sub-11598	computer	conditional	high_choice	28	0.6785714285714286	0.5988454605452381	0.5153938376567494	0.6466528470285045
sub-11598	computer	conditional	investment	28	4.357142857142857	4.166941515042305	3.766728567983459	4.396055550077329
sub-11598	computer	generative	high_choice	28	0.6785714285714286	0.5989285714285714	0.39285714285714285	0.75
sub-11598	computer	generative	investment	28	4.357142857142857	4.174642857142857	3.0714285714285716	5.001785714285715
sub-11599	friend	conditional	high_choice	28	0.8928571428571429	0.6562787772034769	0.6105921127232175	0.6905188619870609
sub-11599	friend	conditional	investment	28	5.785714285714286	4.439445912342873	4.217396301339722	4.6026373045814495
sub-11599	friend	generative	high_choice	28	0.8928571428571429	0.65875	0.5	0.7866071428571431
sub-11599	friend	generative	investment	28	5.785714285714286	4.455	3.5696428571428576	5.142857142857143
sub-11599	stranger	conditional	high_choice	28	0.9285714285714286	0.6575105058099925	0.613717587250377	0.6908868352431965
sub-11599	stranger	conditional	investment	28	5.642857142857143	4.448360616682132	4.243072967420761	4.605346543334508
sub-11599	stranger	generative	high_choice	28	0.9285714285714286	0.6630357142857143	0.4642857142857143	0.8214285714285714
sub-11599	stranger	generative	investment	28	5.642857142857143	4.466785714285715	3.4285714285714284	5.285714285714286
sub-11599	computer	conditional	high_choice	27	0.7037037037037037	0.6477181828719449	0.6017911990980233	0.6810205477123433
sub-11599	computer	conditional	investment	27	4.592592592592593	4.472273411714225	4.255909656990686	4.633098316198332
sub-11599	computer	generative	high_choice	27	0.7037037037037037	0.6429629629629631	0.48148148148148145	0.8148148148148148
sub-11599	computer	generative	investment	27	4.592592592592593	4.468888888888889	3.7759259259259257	5.185185185185185
sub-11600	friend	conditional	high_choice	28	0.8571428571428571	0.6871333985573307	0.6487873131499478	0.7082241063711368
sub-11600	friend	conditional	investment	28	5.5	4.583011680824774	4.387976994782861	4.685184969597448
sub-11600	friend	generative	high_choice	28	0.8571428571428571	0.6880357142857143	0.5357142857142857	0.8214285714285714
sub-11600	friend	generative	investment	28	5.5	4.576428571428572	3.9285714285714284	5.214285714285714
sub-11600	stranger	conditional	high_choice	28	0.6428571428571429	0.6802794741365484	0.6290687817044538	0.7061161031686121
sub-11600	stranger	conditional	investment	28	4.5	4.549013437706377	4.292745724739456	4.67332710940932
sub-11600	stranger	generative	high_choice	28	0.6428571428571429	0.675	0.5	0.7866071428571431
sub-11600	stranger	generative	investment	28	4.5	4.539642857142858	3.7857142857142856	5.214285714285714
sub-11600	computer	conditional	high_choice	28	0.6785714285714286	0.6848764899592734	0.6433833917152081	0.7075327261787188
sub-11600	computer	conditional	investment	28	4.357142857142857	4.57444986263076	4.371583642996564	4.682781350720937
sub-11600	computer	generative	high_choice	28	0.6785714285714286	0.6848214285714286	0.5348214285714286	0.8571428571428571
sub-11600	computer	generative	investment	28	4.357142857142857	4.576071428571428	3.7857142857142856	5.357142857142857
sub-11606	friend	conditional	high_choice	28	1.0	0.5839153431909255	0.49746636640960784	0.6497288220492399
sub-11606	friend	conditional	investment	28	6.0	4.069301002609003	3.5990974573478485	4.398413754103725
sub-11606	friend	generative	high_choice	28	1.0	0.5871428571428571	0.39285714285714285	0.7508928571428574
sub-11606	friend	generative	investment	28	6.0	4.089642857142858	3.142857142857143	4.930357142857144
sub-11606	stranger	conditional	high_choice	28	0.42857142857142855	0.5801409870057647	0.49375888801197076	0.6480375428298335
sub-11606	stranger	conditional	investment	28	3.2142857142857144	4.038598018905897	3.572277378556709	4.390253970101015
sub-11606	stranger	generative	high_choice	28	0.42857142857142855	0.5792857142857142	0.3919642857142857	0.75
sub-11606	stranger	generative	investment	28	3.2142857142857144	4.0407142857142855	3.0714285714285716	4.860714285714286
sub-11606	computer	conditional	high_choice	28	0.14285714285714285	0.5894195108853001	0.5180295258066064	0.6494437467795459
sub-11606	computer	conditional	investment	28	2.0714285714285716	4.091804925281379	3.695918650930067	4.394870860657719
sub-11606	computer	generative	high_choice	28	0.14285714285714285	0.5746428571428571	0.3919642857142857	0.7857142857142857
sub-11606	computer	generative	investment	28	2.0714285714285716	4.037857142857143	3.0714285714285716	5.001785714285715
sub-11614	friend	conditional	high_choice	27	0.6666666666666666	0.507136044136057	0.44332956778717475	0.5711176320657356
sub-11614	friend	conditional	investment	27	4.814814814814815	3.7223088705786473	3.415566314845543	4.01046741413496
sub-11614	friend	generative	high_choice	27	0.6666666666666666	0.4955555555555556	0.3333333333333333	0.6666666666666666
sub-11614	friend	generative	investment	27	4.814814814814815	3.6685185185185185	2.887037037037037	4.668518518518519
sub-11614	stranger	conditional	high_choice	28	0.6071428571428571	0.503354769195424	0.4279885329840158	0.5740050980685398
sub-11614	stranger	conditional	investment	28	4.357142857142857	3.719836298693687	3.354848875121721	4.054241354616894
sub-11614	stranger	generative	high_choice	28	0.6071428571428571	0.5066071428571428	0.32142857142857145	0.6785714285714286
sub-11614	stranger	generative	investment	28	4.357142857142857	3.725714285714286	2.857142857142857	4.714285714285714
sub-11614	computer	conditional	high_choice	26	0.6153846153846154	0.5060013113565547	0.4461778501582882	0.56707729902376
sub-11614	computer	conditional	investment	26	4.846153846153846	3.827708239035386	3.5283071226872815	4.11442880776471
sub-11614	computer	generative	high_choice	26	0.6153846153846154	0.520576923076923	0.3076923076923077	0.6923076923076923
sub-11614	computer	generative	investment	26	4.846153846153846	3.8988461538461534	2.921153846153846	4.923076923076923
sub-11622	friend	conditional	high_choice	28	0.7142857142857143	0.5795169878619147	0.5169844935412391	0.6317236866800902
sub-11622	friend	conditional	investment	28	4.571428571428571	4.081653521804673	3.7951936026116018	4.327920877550241
sub-11622	friend	generative	high_choice	28	0.7142857142857143	0.5735714285714285	0.39285714285714285	0.7151785714285717
sub-11622	friend	generative	investment	28	4.571428571428571	4.031785714285714	3.0696428571428576	4.858928571428572
sub-11622	stranger	conditional	high_choice	28	0.6071428571428571	0.5722538948245208	0.49974313541376186	0.6303633965228029
sub-11622	stranger	conditional	investment	28	4.428571428571429	4.041995490350129	3.698610899385025	4.322211947921723
sub-11622	stranger	generative	high_choice	28	0.6071428571428571	0.5842857142857143	0.39285714285714285	0.7857142857142857
sub-11622	stranger	generative	investment	28	4.428571428571429	4.104285714285714	3.2125000000000004	5.071428571428571
sub-11622	computer	conditional	high_choice	28	0.75	0.5779611346974456	0.5150092918684944	0.631280799433082
sub-11622	computer	conditional	investment	28	4.571428571428571	4.067154282863951	3.7591993677571156	4.325907986589089
sub-11622	computer	generative	high_choice	28	0.75	0.5692857142857143	0.39285714285714285	0.75
sub-11622	computer	generative	investment	28	4.571428571428571	4.016785714285715	3.0714285714285716	4.928571428571429
sub-11623	friend	conditional	high_choice	14	0.8571428571428571	0.5012018509932862	0.42051018858471834	0.5861679292332126
sub-11623	friend	conditional	investment	14	5.571428571428571	3.7069693157911754	3.3344307738360186	4.114697249661715
sub-11623	friend	generative	high_choice	14	0.8571428571428571	0.5257142857142857	0.2839285714285715	0.7875000000000004
sub-11623	friend	generative	investment	14	5.571428571428571	3.8178571428571426	2.425	5.285714285714286
sub-11623	stranger	conditional	high_choice	13	0.6923076923076923	0.5065553778398088	0.4289665645857575	0.5828059936694752
sub-11623	stranger	conditional	investment	13	4.3076923076923075	3.876106973160589	3.505221863550905	4.2440948209094636
sub-11623	stranger	generative	high_choice	13	0.6923076923076923	0.5123076923076924	0.23076923076923078	0.7692307692307693
sub-11623	stranger	generative	investment	13	4.3076923076923075	3.866153846153846	2.4615384615384617	5.230769230769231
sub-11623	computer	conditional	high_choice	14	0.5714285714285714	0.5090665642573349	0.4208992132430369	0.5923290413540432
sub-11623	computer	conditional	investment	14	4.0	3.742480578081739	3.3441330102678264	4.13989094535664
sub-11623	computer	generative	high_choice	14	0.5714285714285714	0.5185714285714286	0.2857142857142857	0.7857142857142857
sub-11623	computer	generative	investment	14	4.0	3.8171428571428567	2.4285714285714284	5.142857142857143
sub-11625	friend	conditional	high_choice	26	1.0	0.585204868185844	0.5214635370601741	0.643168933269826
sub-11625	friend	conditional	investment	26	6.0	4.129558187341097	3.8164003448465054	4.407560298966976
sub-11625	friend	generative	high_choice	26	1.0	0.5953846153846153	0.4230769230769231	0.7692307692307693
sub-11625	friend	generative	investment	26	6.0	4.171538461538462	3.075	5.078846153846154
sub-11625	stranger	conditional	high_choice	26	0.46153846153846156	0.5886170691656173	0.5129906583919832	0.6549106513444404
sub-11625	stranger	conditional	investment	26	3.923076923076923	4.096036526733975	3.7357998917251214	4.413228829091188
sub-11625	stranger	generative	high_choice	26	0.46153846153846156	0.5946153846153847	0.4230769230769231	0.7692307692307693
sub-11625	stranger	generative	investment	26	3.923076923076923	4.128461538461538	3.1538461538461537	5.0
sub-11625	computer	conditional	high_choice	25	0.6	0.5732621739503841	0.5200709040447365	0.6232053843980356
sub-11625	computer	conditional	investment	25	4.0	4.220579049243092	3.97355012918591	4.454954961185912
sub-11625	computer	generative	high_choice	25	0.6	0.5742	0.4	0.76
sub-11625	computer	generative	investment	25	4.0	4.219600000000001	3.358	5.28
sub-11626	friend	conditional	high_choice	22	0.7272727272727273	0.5592419558982155	0.459276668332858	0.641286176427331
sub-11626	friend	conditional	investment	22	5.181818181818182	4.199664118848799	3.6519221736380665	4.637104651153195
sub-11626	friend	generative	high_choice	22	0.7272727272727273	0.5452272727272727	0.36250000000000004	0.7727272727272727
sub-11626	friend	generative	investment	22	5.181818181818182	4.164545454545454	3.090909090909091	5.2727272727272725
sub-11626	stranger	conditional	high_choice	21	0.42857142857142855	0.549306952039051	0.45332282071673186	0.6175249621233851
sub-11626	stranger	conditional	investment	21	3.5238095238095237	4.024830696224247	3.5371497479237046	4.364613583901996
sub-11626	stranger	generative	high_choice	21	0.42857142857142855	0.5404761904761904	0.2857142857142857	0.8095238095238095
sub-11626	stranger	generative	investment	21	3.5238095238095237	4.006190476190476	2.761904761904762	5.333333333333333
sub-11626	computer	conditional	high_choice	21	0.3333333333333333	0.5408727165979768	0.4391888442303654	0.6159067404908874
sub-11626	computer	conditional	investment	21	3.142857142857143	3.818294244487947	3.2963697231607276	4.179665390843298
sub-11626	computer	generative	high_choice	21	0.3333333333333333	0.5514285714285714	0.3333333333333333	0.7619047619047619
sub-11626	computer	generative	investment	21	3.142857142857143	3.855238095238095	2.8523809523809525	5.0476190476190474
sub-11628	friend	conditional	high_choice	28	0.7142857142857143	0.6565372268570647	0.6078841954452229	0.6932896644909078
sub-11628	friend	conditional	investment	28	4.928571428571429	4.440258699957096	4.199744744836658	4.615780953102146
sub-11628	friend	generative	high_choice	28	0.7142857142857143	0.6558928571428573	0.49910714285714286	0.8214285714285714
sub-11628	friend	generative	investment	28	4.928571428571429	4.440714285714286	3.5	5.073214285714286
sub-11628	stranger	conditional	high_choice	28	0.8214285714285714	0.6592649357990769	0.6155251429850255	0.6937636108339923
sub-11628	stranger	conditional	investment	28	5.142857142857143	4.450506652562398	4.235356478693068	4.617665209738875
sub-11628	stranger	generative	high_choice	28	0.8214285714285714	0.6535714285714286	0.4642857142857143	0.8214285714285714
sub-11628	stranger	generative	investment	28	5.142857142857143	4.4125	3.5696428571428576	5.214285714285714
sub-11628	computer	conditional	high_choice	27	0.9259259259259259	0.6670305054369046	0.6209304828633198	0.7015851266938388
sub-11628	computer	conditional	investment	27	5.62962962962963	4.51585703309511	4.2910372517950215	4.682149148411756
sub-11628	computer	generative	high_choice	27	0.9259259259259259	0.669074074074074	0.5175925925925926	0.8518518518518519
sub-11628	computer	generative	investment	27	5.62962962962963	4.5414814814814815	3.7777777777777777	5.407407407407407
sub-11631	friend	conditional	high_choice	28	0.7857142857142857	0.6030112737446274	0.5444061349687239	0.6527525662720562
sub-11631	friend	conditional	investment	28	4.785714285714286	4.1932605778063605	3.9236052460356508	4.424581270705864
sub-11631	friend	generative	high_choice	28	0.7857142857142857	0.5994642857142857	0.39285714285714285	0.7857142857142857
sub-11631	friend	generative	investment	28	4.785714285714286	4.181785714285715	3.2142857142857144	5.073214285714286
sub-11631	stranger	conditional	high_choice	28	0.8214285714285714	0.6035718767077874	0.5454173518687969	0.6532537165259661
sub-11631	stranger	conditional	investment	28	5.142857142857143	4.194703895637851	3.9235661479214943	4.426486319855745
sub-11631	stranger	generative	high_choice	28	0.8214285714285714	0.60625	0.39285714285714285	0.7508928571428574
sub-11631	stranger	generative	investment	28	5.142857142857143	4.198214285714285	3.2142857142857144	5.0
sub-11631	computer	conditional	high_choice	28	0.6428571428571429	0.6025801453727818	0.5439259708488046	0.6526378833795529
sub-11631	computer	conditional	investment	28	4.428571428571429	4.190117629685751	3.91622387592519	4.42534899433622
sub-11631	computer	generative	high_choice	28	0.6428571428571429	0.6030357142857143	0.39285714285714285	0.7857142857142857
sub-11631	computer	generative	investment	28	4.428571428571429	4.205357142857142	3.142857142857143	5.144642857142858
sub-11651	friend	conditional	high_choice	27	0.6666666666666666	0.6539928755711375	0.6002897373087955	0.6954971583691631
sub-11651	friend	conditional	investment	27	4.592592592592593	4.345543005096824	4.094936981216499	4.542114887956375
sub-11651	friend	generative	high_choice	27	0.6666666666666666	0.6598148148148149	0.48148148148148145	0.8148148148148148
sub-11651	friend	generative	investment	27	4.592592592592593	4.348518518518518	3.4796296296296294	5.111111111111111
sub-11651	stranger	conditional	high_choice	28	0.9285714285714286	0.6460198910723318	0.5951360691543075	0.6849309751199263
sub-11651	stranger	conditional	investment	28	5.642857142857143	4.388986338799026	4.151793944832903	4.574476910123278
sub-11651	stranger	generative	high_choice	28	0.9285714285714286	0.6530357142857143	0.4642857142857143	0.8214285714285714
sub-11651	stranger	generative	investment	28	5.642857142857143	4.418214285714286	3.5714285714285716	5.216071428571429
sub-11651	computer	conditional	high_choice	26	0.4230769230769231	0.6462482176865617	0.593369637358263	0.6837289287841698
sub-11651	computer	conditional	investment	26	3.5384615384615383	4.560704179502681	4.295667556544209	4.747928320656141
sub-11651	computer	generative	high_choice	26	0.4230769230769231	0.6521153846153847	0.46153846153846156	0.8076923076923077
sub-11651	computer	generative	investment	26	3.5384615384615383	4.582692307692308	3.6923076923076925	5.461538461538462
sub-11660	friend	conditional	high_choice	24	0.7083333333333334	0.5902680094221324	0.5200791341225978	0.6494285793209102
sub-11660	friend	conditional	investment	24	4.916666666666667	4.109191648028991	3.7738469621978576	4.3938292953877784
sub-11660	friend	generative	high_choice	24	0.7083333333333334	0.5929166666666668	0.375	0.7927083333333336
sub-11660	friend	generative	investment	24	4.916666666666667	4.136666666666667	3.0833333333333335	5.002083333333334
sub-11660	stranger	conditional	high_choice	26	0.7307692307692307	0.5946469121858284	0.5257457604916913	0.6525513969435195
sub-11660	stranger	conditional	investment	26	4.846153846153846	4.0592782056785595	3.7508643760532183	4.318534194043583
sub-11660	stranger	generative	high_choice	26	0.7307692307692307	0.5959615384615384	0.3836538461538462	0.7692307692307693
sub-11660	stranger	generative	investment	26	4.846153846153846	4.056538461538462	2.998076923076923	4.923076923076923
sub-11660	computer	conditional	high_choice	27	0.6296296296296297	0.5916495717676008	0.5265080303964702	0.6467903560175142
sub-11660	computer	conditional	investment	27	4.814814814814815	4.209340261171357	3.900690405517196	4.471727056336264
sub-11660	computer	generative	high_choice	27	0.6296296296296297	0.5946296296296296	0.4074074074074074	0.7777777777777778
sub-11660	computer	generative	investment	27	4.814814814814815	4.224074074074074	3.257407407407407	5.111111111111111
sub-11670	friend	conditional	high_choice	28	0.8928571428571429	0.6756161751234038	0.6364790603669447	0.7032085204598671
sub-11670	friend	conditional	investment	28	5.5	4.528692032604095	4.344179868426033	4.661445544243766
sub-11670	friend	generative	high_choice	28	0.8928571428571429	0.6751785714285714	0.5357142857142857	0.8214285714285714
sub-11670	friend	generative	investment	28	5.5	4.523214285714285	3.7857142857142856	5.285714285714286
sub-11670	stranger	conditional	high_choice	28	0.9285714285714286	0.6769793245627521	0.6381810659090438	0.7035317391910214
sub-11670	stranger	conditional	investment	28	5.642857142857143	4.538333342401296	4.353393847290503	4.66422999109459
sub-11670	stranger	generative	high_choice	28	0.9285714285714286	0.677142857142857	0.5357142857142857	0.8223214285714288
sub-11670	stranger	generative	investment	28	5.642857142857143	4.534642857142857	3.857142857142857	5.2875000000000005
sub-11670	computer	conditional	high_choice	28	0.7857142857142857	0.677717656635274	0.6383321335464331	0.70374148085851
sub-11670	computer	conditional	investment	28	4.928571428571429	4.542070674606092	4.354527451942012	4.665092367708561
sub-11670	computer	generative	high_choice	28	0.7857142857142857	0.6730357142857142	0.5	0.8214285714285714
sub-11670	computer	generative	investment	28	4.928571428571429	4.499642857142857	3.6410714285714287	5.217857142857143
sub-11674	friend	conditional	high_choice	14	0.7142857142857143	0.6200798499618149	0.5367746726332964	0.6752532611971036
sub-11674	friend	conditional	investment	14	5.0	4.271323637850943	3.8838621039289873	4.53226382293188
sub-11674	friend	generative	high_choice	14	0.7142857142857143	0.6142857142857143	0.35714285714285715	0.8571428571428571
sub-11674	friend	generative	investment	14	5.0	4.232142857142857	2.9964285714285714	5.289285714285715
sub-11674	stranger	conditional	high_choice	12	0.6666666666666666	0.6114099949397591	0.5295293841420801	0.670023279045158
sub-11674	stranger	conditional	investment	12	4.0	3.9193445675224057	3.5255316342543384	4.173296838420214
sub-11674	stranger	generative	high_choice	12	0.6666666666666666	0.60875	0.3333333333333333	0.8354166666666671
sub-11674	stranger	generative	investment	12	4.0	3.9175	2.6666666666666665	5.166666666666667
sub-11674	computer	conditional	high_choice	14	0.7142857142857143	0.6270371570274162	0.5432372032962304	0.678288314339234
sub-11674	computer	conditional	investment	14	5.0	4.30628130255719	3.91482145889557	4.549302875494065
sub-11674	computer	generative	high_choice	14	0.7142857142857143	0.6275	0.35714285714285715	0.8571428571428571
sub-11674	computer	generative	investment	14	5.0	4.315	3.142857142857143	5.428571428571429
sub-11679	friend	conditional	high_choice	28	0.32142857142857145	0.3209384882150234	0.2441751131541781	0.4173002291409375
sub-11679	friend	conditional	investment	28	2.7142857142857144	2.6671003924081744	2.2638610753441832	3.211323951750936
sub-11679	friend	generative	high_choice	28	0.32142857142857145	0.34303571428571433	0.17767857142857146	0.5357142857142857
sub-11679	friend	generative	investment	28	2.7142857142857144	2.7860714285714288	1.9285714285714286	3.716071428571429
sub-11679	stranger	conditional	high_choice	28	0.4642857142857143	0.3667737735768257	0.2767702200094305	0.46919806443167233
sub-11679	stranger	conditional	investment	28	3.357142857142857	2.913312322766848	2.4253328453192826	3.4715455005787708
sub-11679	stranger	generative	high_choice	28	0.4642857142857143	0.32875	0.17767857142857146	0.5008928571428574
sub-11679	stranger	generative	investment	28	3.357142857142857	2.738928571428571	1.9982142857142857	3.6446428571428573
sub-11679	computer	conditional	high_choice	28	0.17857142857142858	0.3347202477904132	0.25012365588220387	0.4301622007849532
sub-11679	computer	conditional	investment	28	2.0	2.749677751903176	2.3366357966915667	3.2696725027917477
sub-11679	computer	generative	high_choice	28	0.17857142857142858	0.345	0.17767857142857146	0.5357142857142857
sub-11679	computer	generative	investment	28	2.0	2.8017857142857143	1.9982142857142857	3.716071428571429
sub-11681	friend	conditional	high_choice	28	0.9285714285714286	0.6932355956836205	0.6588509606066971	0.7099402740550442
sub-11681	friend	conditional	investment	28	5.642857142857143	4.614547104471385	4.4476691665979216	4.694165835266957
sub-11681	friend	generative	high_choice	28	0.9285714285714286	0.6964285714285714	0.5357142857142857	0.8571428571428571
sub-11681	friend	generative	investment	28	5.642857142857143	4.626071428571429	3.998214285714286	5.357142857142857
sub-11681	stranger	conditional	high_choice	28	0.8571428571428571	0.6916354488409715	0.6576388729268459	0.7092928138506025
sub-11681	stranger	conditional	investment	28	5.214285714285714	4.603633936236783	4.4379809781226625	4.690586485538931
sub-11681	stranger	generative	high_choice	28	0.8571428571428571	0.6860714285714287	0.5357142857142857	0.8214285714285714
sub-11681	stranger	generative	investment	28	5.214285714285714	4.571785714285714	3.7839285714285715	5.285714285714286
sub-11681	computer	conditional	high_choice	28	0.6071428571428571	0.6933540983117393	0.6588298100781433	0.7099710932478649
sub-11681	computer	conditional	investment	28	4.214285714285714	4.615810630509743	4.449115854314113	4.694655551839961
sub-11681	computer	generative	high_choice	28	0.6071428571428571	0.6930357142857143	0.5	0.8214285714285714
sub-11681	computer	generative	investment	28	4.214285714285714	4.605714285714286	3.7857142857142856	5.216071428571429
sub-11692	friend	conditional	high_choice	28	0.39285714285714285	0.33360787617453114	0.2646874440480848	0.4095112029026762
sub-11692	friend	conditional	investment	28	3.0714285714285716	2.6558817871766736	2.300333264187372	3.103501357499208
sub-11692	friend	generative	high_choice	28	0.39285714285714285	0.3298214285714286	0.17857142857142858	0.5
sub-11692	friend	generative	investment	28	3.0714285714285716	2.6421428571428573	1.9267857142857143	3.5
sub-11692	stranger	conditional	high_choice	27	0.2962962962962963	0.34483009598446474	0.27453457468629533	0.41755094270881565
sub-11692	stranger	conditional	investment	27	2.5925925925925926	2.7204969839392095	2.378997746028373	3.140588269460287
sub-11692	stranger	generative	high_choice	27	0.2962962962962963	0.3461111111111111	0.18518518518518517	0.5185185185185185
sub-11692	stranger	generative	investment	27	2.5925925925925926	2.726666666666666	2.0	3.631481481481482
sub-11692	computer	conditional	high_choice	28	0.17857142857142858	0.3342610175614402	0.26527670920745444	0.40997076698245283
sub-11692	computer	conditional	investment	28	2.142857142857143	2.6503027301676445	2.304625623718744	3.0886026774123185
sub-11692	computer	generative	high_choice	28	0.17857142857142858	0.33125	0.17767857142857146	0.4642857142857143
sub-11692	computer	generative	investment	28	2.142857142857143	2.6175	1.8571428571428572	3.430357142857143
sub-11701	friend	conditional	high_choice	27	0.8888888888888888	0.5781482267497937	0.5071911728004159	0.6398635064174228
sub-11701	friend	conditional	investment	27	5.185185185185185	3.9873626067990666	3.6506261748523667	4.273033166950403
sub-11701	friend	generative	high_choice	27	0.8888888888888888	0.5712962962962963	0.4074074074074074	0.7777777777777778
sub-11701	friend	generative	investment	27	5.185185185185185	3.9344444444444444	3.037037037037037	4.964814814814815
sub-11701	stranger	conditional	high_choice	26	0.5	0.5684310079336367	0.4991658832328386	0.6245725033058697
sub-11701	stranger	conditional	investment	26	3.923076923076923	4.010059774794427	3.6408839934929023	4.280107679484525
sub-11701	stranger	generative	high_choice	26	0.5	0.5813461538461538	0.38461538461538464	0.7692307692307693
sub-11701	stranger	generative	investment	26	3.923076923076923	4.075	3.151923076923077	5.001923076923077
sub-11701	computer	conditional	high_choice	27	0.6666666666666666	0.5735064413659265	0.5032276065893019	0.6330289125895393
sub-11701	computer	conditional	investment	27	4.37037037037037	3.9574077011601356	3.6054381857466042	4.239351553719835
sub-11701	computer	generative	high_choice	27	0.6666666666666666	0.5842592592592593	0.4074074074074074	0.7416666666666668
sub-11701	computer	generative	investment	27	4.37037037037037	3.996296296296297	3.037037037037037	4.814814814814815
sub-11703	friend	conditional	high_choice	28	0.9642857142857143	0.5846764231005167	0.4776934353506605	0.6495880610146869
sub-11703	friend	conditional	investment	28	5.857142857142857	4.077084447840153	3.470608665025657	4.41018557155667
sub-11703	friend	generative	high_choice	28	0.9642857142857143	0.5982142857142857	0.4276785714285714	0.7857142857142857
sub-11703	friend	generative	investment	28	5.857142857142857	4.135714285714285	3.2142857142857144	5.0
sub-11703	stranger	conditional	high_choice	28	0.32142857142857145	0.5912613802828136	0.4858085847802257	0.6540046283605798
sub-11703	stranger	conditional	investment	28	2.7142857142857144	4.120739082097259	3.5307821830110706	4.435069414499708
sub-11703	stranger	generative	high_choice	28	0.32142857142857145	0.5803571428571429	0.39285714285714285	0.75
sub-11703	stranger	generative	investment	28	2.7142857142857144	4.046785714285714	3.1410714285714287	4.789285714285715
sub-11703	computer	conditional	high_choice	28	0.35714285714285715	0.5892401884481854	0.4830691793889499	0.6516082536392946
sub-11703	computer	conditional	investment	28	2.642857142857143	4.101569016043063	3.5068766534887734	4.416685472407311
sub-11703	computer	generative	high_choice	28	0.35714285714285715	0.5869642857142857	0.39285714285714285	0.75
sub-11703	computer	generative	investment	28	2.642857142857143	4.103928571428572	3.142857142857143	4.857142857142857
sub-11705	friend	conditional	high_choice	28	0.6071428571428571	0.25865327146975786	0.17491067215212874	0.34199049469224824
sub-11705	friend	conditional	investment	28	4.357142857142857	2.4379408060911305	2.034529494327993	2.84873261682098
sub-11705	friend	generative	high_choice	28	0.6071428571428571	0.2667857142857143	0.10714285714285714	0.4642857142857143
sub-11705	friend	generative	investment	28	4.357142857142857	2.4621428571428567	1.7125	3.4285714285714284
sub-11705	stranger	conditional	high_choice	28	0.0	0.2945417289780612	0.2140150782800422	0.38463138583993867
sub-11705	stranger	conditional	investment	28	1.4285714285714286	2.6294759228987488	2.213389412444291	3.098266073299166
sub-11705	stranger	generative	high_choice	28	0.0	0.2932142857142857	0.10714285714285714	0.4642857142857143
sub-11705	stranger	generative	investment	28	1.4285714285714286	2.6303571428571426	1.8571428571428572	3.642857142857143
sub-11705	computer	conditional	high_choice	28	0.03571428571428571	0.28156295360840944	0.20145094835460237	0.37023381337171685
sub-11705	computer	conditional	investment	28	1.5714285714285714	2.549787658309835	2.147446113889395	2.994994236135918
sub-11705	computer	generative	high_choice	28	0.03571428571428571	0.2757142857142857	0.07142857142857142	0.4294642857142859
sub-11705	computer	generative	investment	28	1.5714285714285714	2.505357142857143	1.7142857142857142	3.3589285714285717
sub-11709	friend	conditional	high_choice	27	0.7777777777777778	0.4430128587956394	0.37804869430756094	0.5168869402090309
sub-11709	friend	conditional	investment	27	5.333333333333333	3.3864175013561804	3.0715781011507524	3.730109675248385
sub-11709	friend	generative	high_choice	27	0.7777777777777778	0.43759259259259253	0.18518518518518517	0.6296296296296297
sub-11709	friend	generative	investment	27	5.333333333333333	3.375925925925926	2.2962962962962963	4.372222222222223
sub-11709	stranger	conditional	high_choice	27	0.25925925925925924	0.4410150959683314	0.3740412897128966	0.5145993787866299
sub-11709	stranger	conditional	investment	27	2.4444444444444446	3.3818734323783897	3.0618284081650136	3.730658239307582
sub-11709	stranger	generative	high_choice	27	0.25925925925925924	0.45148148148148143	0.2953703703703704	0.6666666666666666
sub-11709	stranger	generative	investment	27	2.4444444444444446	3.4374074074074077	2.5185185185185186	4.374074074074075
sub-11709	computer	conditional	high_choice	26	0.5	0.44657455886340464	0.3797628159246349	0.521093588935271
sub-11709	computer	conditional	investment	26	4.153846153846154	3.5857097826102398	3.2609753414868976	3.967982286034848
sub-11709	computer	generative	high_choice	26	0.5	0.4451923076923077	0.2692307692307692	0.6548076923076925
sub-11709	computer	generative	investment	26	4.153846153846154	3.588461538461538	2.6903846153846156	4.769230769230769
sub-11710	friend	conditional	high_choice	28	0.6785714285714286	0.3539030526498763	0.256696327624331	0.4429706855014751
sub-11710	friend	conditional	investment	28	4.571428571428571	2.940605257216394	2.4727278853870818	3.4153496722944063
sub-11710	friend	generative	high_choice	28	0.6785714285714286	0.3517857142857143	0.14285714285714285	0.5357142857142857
sub-11710	friend	generative	investment	28	4.571428571428571	2.9007142857142854	1.9982142857142857	3.9285714285714284
sub-11710	stranger	conditional	high_choice	25	0.12	0.3290801029991431	0.22027993153568723	0.42355467479080966
sub-11710	stranger	conditional	investment	25	1.76	2.6897407721173336	2.182485607832763	3.167778371286239
sub-11710	stranger	generative	high_choice	25	0.12	0.3166	0.12	0.52
sub-11710	stranger	generative	investment	25	1.76	2.6180000000000008	1.76	3.76
sub-11710	computer	conditional	high_choice	28	0.07142857142857142	0.31464729315324347	0.20697637043612743	0.4087001477428565
sub-11710	computer	conditional	investment	28	1.7857142857142858	2.7516151789324987	2.2256721743966654	3.265563465649535
sub-11710	computer	generative	high_choice	28	0.07142857142857142	0.3216071428571429	0.14285714285714285	0.5357142857142857
sub-11710	computer	generative	investment	28	1.7857142857142858	2.7917857142857145	1.9285714285714286	3.8589285714285717
sub-11714	friend	conditional	high_choice	28	0.7857142857142857	0.5547886887482764	0.4889594942561531	0.612098044920601
sub-11714	friend	conditional	investment	28	5.285714285714286	3.9604718183375196	3.6463614937345246	4.2371932553751765
sub-11714	friend	generative	high_choice	28	0.7857142857142857	0.5646428571428571	0.35714285714285715	0.75
sub-11714	friend	generative	investment	28	5.285714285714286	4.007142857142856	3.0	5.001785714285715
sub-11714	stranger	conditional	high_choice	28	0.8214285714285714	0.5559685621722162	0.49132436121902406	0.6123397726179344
sub-11714	stranger	conditional	investment	28	5.142857142857143	3.9709444452921243	3.666204668707982	4.237303640563808
sub-11714	stranger	generative	high_choice	28	0.8214285714285714	0.5494642857142857	0.35625	0.75
sub-11714	stranger	generative	investment	28	5.142857142857143	3.9467857142857143	2.9267857142857143	4.928571428571429
sub-11714	computer	conditional	high_choice	26	0.7692307692307693	0.5470665222034303	0.48586940922910093	0.6005478201031466
sub-11714	computer	conditional	investment	26	5.153846153846154	3.8716570297957262	3.618993197945873	4.094381781529485
sub-11714	computer	generative	high_choice	26	0.7692307692307693	0.5457692307692308	0.34615384615384615	0.7307692307692307
sub-11714	computer	generative	investment	26	5.153846153846154	3.8780769230769225	2.921153846153846	4.615384615384615
sub-11719	friend	conditional	high_choice	14	1.0	0.6873078553792353	0.6437798877982822	0.7095424738036237
sub-11719	friend	conditional	investment	14	6.0	4.590087401341041	4.385647395477088	4.6941319316724925
sub-11719	friend	generative	high_choice	14	1.0	0.6817857142857143	0.5	0.8571428571428571
sub-11719	friend	generative	investment	14	6.0	4.551428571428571	3.567857142857143	5.571428571428571
sub-11719	stranger	conditional	high_choice	14	1.0	0.6875326502526218	0.6438933976966557	0.7103380239024756
sub-11719	stranger	conditional	investment	14	6.0	4.587979264068753	4.385495416581543	4.695924780956769
sub-11719	stranger	generative	high_choice	14	1.0	0.6807142857142857	0.5	0.8571428571428571
sub-11719	stranger	generative	investment	14	6.0	4.54	3.4285714285714284	5.571428571428571
sub-11719	computer	conditional	high_choice	14	1.0	0.6854619920185943	0.6435898527978346	0.7090085055508621
sub-11719	computer	conditional	investment	14	6.0	4.576169599422243	4.383932374784804	4.689626118925261
sub-11719	computer	generative	high_choice	14	1.0	0.6982142857142857	0.5	0.9285714285714286
sub-11719	computer	generative	investment	14	6.0	4.621428571428571	3.4285714285714284	5.714285714285714
sub-11720	friend	conditional	high_choice	28	0.5714285714285714	0.4369212932270803	0.373878058627391	0.4917510980127163
sub-11720	friend	conditional	investment	28	4.357142857142857	3.405929022611239	3.123397606401542	3.6644260968569373
sub-11720	friend	generative	high_choice	28	0.5714285714285714	0.44446428571428576	0.2857142857142857	0.6071428571428571
sub-11720	friend	generative	investment	28	4.357142857142857	3.451071428571429	2.6410714285714287	4.2875000000000005
sub-11720	stranger	conditional	high_choice	28	0.42857142857142855	0.4428776808084093	0.37876597131118084	0.4992046998868305
sub-11720	stranger	conditional	investment	28	3.142857142857143	3.441242567824385	3.145822166640891	3.701378654778567
sub-11720	stranger	generative	high_choice	28	0.42857142857142855	0.43821428571428567	0.25	0.6071428571428571
sub-11720	stranger	generative	investment	28	3.142857142857143	3.4003571428571426	2.5696428571428576	4.214285714285714
sub-11720	computer	conditional	high_choice	27	0.3333333333333333	0.4363884189981047	0.3707974170765735	0.4941601876946735
sub-11720	computer	conditional	investment	27	3.111111111111111	3.3577581844181816	3.05672844047064	3.6209428116011564
sub-11720	computer	generative	high_choice	27	0.3333333333333333	0.44407407407407407	0.25925925925925924	0.6296296296296297
sub-11720	computer	generative	investment	27	3.111111111111111	3.355925925925926	2.3703703703703702	4.224074074074075
sub-11722	friend	conditional	high_choice	28	0.9642857142857143	0.6379315307840109	0.5708513227773774	0.6761481905586689
sub-11722	friend	conditional	investment	28	5.928571428571429	4.354781413721707	4.043301523055193	4.53383775842813
sub-11722	friend	generative	high_choice	28	0.9642857142857143	0.6458928571428573	0.4642857142857143	0.8214285714285714
sub-11722	friend	generative	investment	28	5.928571428571429	4.385357142857143	3.5	5.142857142857143
sub-11722	stranger	conditional	high_choice	28	0.8214285714285714	0.6348454967498884	0.5678988818542039	0.6738915885799763
sub-11722	stranger	conditional	investment	28	5.214285714285714	4.3334113165315715	3.997561631689471	4.522622446352596
sub-11722	stranger	generative	high_choice	28	0.8214285714285714	0.6417857142857142	0.42857142857142855	0.8214285714285714
sub-11722	stranger	generative	investment	28	5.214285714285714	4.395357142857143	3.4964285714285714	5.285714285714286
sub-11722	computer	conditional	high_choice	28	0.5	0.6383540276685331	0.5717897458974045	0.6778523535660044
sub-11722	computer	conditional	investment	28	3.5	4.35813433528428	4.042763491856008	4.5439467695499784
sub-11722	computer	generative	high_choice	28	0.5	0.6394642857142857	0.4642857142857143	0.8214285714285714
sub-11722	computer	generative	investment	28	3.5	4.348571428571429	3.4285714285714284	5.142857142857143
sub-11723	friend	conditional	high_choice	25	0.72	0.4012708897611887	0.30856287301712393	0.5080279891769609
sub-11723	friend	conditional	investment	25	4.4	3.092033997707255	2.6298762816981327	3.6686057835924863
sub-11723	friend	generative	high_choice	25	0.72	0.41119999999999995	0.24	0.6010000000000002
sub-11723	friend	generative	investment	25	4.4	3.1491999999999996	2.318	4.162000000000001
sub-11723	stranger	conditional	high_choice	26	0.2692307692307692	0.41019825052398545	0.31448337912774693	0.5194375661090768
sub-11723	stranger	conditional	investment	26	2.8461538461538463	3.1973515124422476	2.6852593448134674	3.789789848885537
sub-11723	stranger	generative	high_choice	26	0.2692307692307692	0.4225	0.23076923076923078	0.6163461538461541
sub-11723	stranger	generative	investment	26	2.8461538461538463	3.2688461538461535	2.3846153846153846	4.384615384615385
sub-11723	computer	conditional	high_choice	27	0.18518518518518517	0.39757581549391785	0.29779154375767514	0.5122263681832073
sub-11723	computer	conditional	investment	27	2.0	3.0698574707141493	2.5808279082047165	3.6856799878352673
sub-11723	computer	generative	high_choice	27	0.18518518518518517	0.4344444444444444	0.2222222222222222	0.6305555555555558
sub-11723	computer	generative	investment	27	2.0	3.2703703703703706	2.2222222222222223	4.372222222222223
sub-11736	friend	conditional	high_choice	28	0.4642857142857143	0.519758011325526	0.4454149619487627	0.5842220363453995
sub-11736	friend	conditional	investment	28	3.2857142857142856	3.7896696899242124	3.443225766705232	4.105123264925431
sub-11736	friend	generative	high_choice	28	0.4642857142857143	0.515	0.3205357142857143	0.7142857142857143
sub-11736	friend	generative	investment	28	3.2857142857142856	3.7782142857142857	2.7839285714285715	4.7875000000000005
sub-11736	stranger	conditional	high_choice	27	0.5925925925925926	0.5107270386038846	0.4382669944623888	0.5794778784590061
sub-11736	stranger	conditional	investment	27	4.148148148148148	3.847130457222885	3.4534448758892626	4.197897300049151
sub-11736	stranger	generative	high_choice	27	0.5925925925925926	0.5231481481481481	0.33240740740740743	0.7407407407407407
sub-11736	stranger	generative	investment	27	4.148148148148148	3.8874074074074074	2.887037037037037	4.962962962962963
sub-11736	computer	conditional	high_choice	27	0.4444444444444444	0.5134859012677317	0.4324248954073292	0.5868951039074854
sub-11736	computer	conditional	investment	27	3.6296296296296298	3.70115884434387	3.2956581662011653	4.061747371446389
sub-11736	computer	generative	high_choice	27	0.4444444444444444	0.5148148148148148	0.3333333333333333	0.7407407407407407
sub-11736	computer	generative	investment	27	3.6296296296296298	3.699259259259259	2.6666666666666665	4.7407407407407405
sub-11744	friend	conditional	high_choice	27	0.8518518518518519	0.5570446650792075	0.4981428882460248	0.601675652407975
sub-11744	friend	conditional	investment	27	5.481481481481482	3.9384322857724228	3.6421774227770856	4.1412929979293835
sub-11744	friend	generative	high_choice	27	0.8518518518518519	0.5638888888888889	0.37037037037037035	0.7416666666666668
sub-11744	friend	generative	investment	27	5.481481481481482	3.9514814814814816	2.961111111111111	4.814814814814815
sub-11744	stranger	conditional	high_choice	27	0.6296296296296297	0.5657426594900978	0.5013812959266771	0.6149669588022041
sub-11744	stranger	conditional	investment	27	3.7777777777777777	3.9318625014078687	3.6345038101983365	4.161336149246766
sub-11744	stranger	generative	high_choice	27	0.6296296296296297	0.5785185185185185	0.37037037037037035	0.7787037037037039
sub-11744	stranger	generative	investment	27	3.7777777777777777	3.986666666666667	2.961111111111111	5.03888888888889
sub-11744	computer	conditional	high_choice	28	0.7142857142857143	0.5631089285521914	0.5005243568408216	0.6086499486185177
sub-11744	computer	conditional	investment	28	4.857142857142857	4.00878474167879	3.717255918375855	4.223495736259603
sub-11744	computer	generative	high_choice	28	0.7142857142857143	0.5553571428571429	0.35714285714285715	0.75
sub-11744	computer	generative	investment	28	4.857142857142857	3.9625	3.0	4.857142857142857
sub-11746	friend	conditional	high_choice	28	0.9642857142857143	0.6063942399982027	0.5542785609055052	0.6591405562559767
sub-11746	friend	conditional	investment	28	5.785714285714286	4.206222205767168	3.9589013704343805	4.455107551655479
sub-11746	friend	generative	high_choice	28	0.9642857142857143	0.6075	0.39285714285714285	0.7857142857142857
sub-11746	friend	generative	investment	28	5.785714285714286	4.203214285714285	3.0714285714285716	5.071428571428571
sub-11746	stranger	conditional	high_choice	28	0.6071428571428571	0.6053461833905746	0.5524142406357777	0.6585254411023624
sub-11746	stranger	conditional	investment	28	4.214285714285714	4.201359875158164	3.9512686714489367	4.4533963488854535
sub-11746	stranger	generative	high_choice	28	0.6071428571428571	0.5946428571428571	0.39285714285714285	0.7857142857142857
sub-11746	stranger	generative	investment	28	4.214285714285714	4.136785714285715	3.142857142857143	4.930357142857144
sub-11746	computer	conditional	high_choice	28	0.5714285714285714	0.6059737598702497	0.5531908469667252	0.6589351482464548
sub-11746	computer	conditional	investment	28	4.285714285714286	4.201072202945491	3.9493671413278943	4.453197825411423
sub-11746	computer	generative	high_choice	28	0.5714285714285714	0.5948214285714285	0.39285714285714285	0.7857142857142857
sub-11746	computer	generative	investment	28	4.285714285714286	4.154285714285715	3.2125000000000004	5.0
sub-11748	friend	conditional	high_choice	27	1.0	0.7033935502202325	0.6804661826561661	0.7187389896034386
sub-11748	friend	conditional	investment	27	6.074074074074074	4.68966044376259	4.578423737806792	4.761785357261232
sub-11748	friend	generative	high_choice	27	1.0	0.7035185185185184	0.5555555555555556	0.8518518518518519
sub-11748	friend	generative	investment	27	6.074074074074074	4.674074074074074	4.0	5.333333333333333
sub-11748	stranger	conditional	high_choice	28	1.0	0.6953564485277332	0.6728721693003696	0.7106660608779203
sub-11748	stranger	conditional	investment	28	6.0	4.623075360540882	4.509103772132374	4.696864497670368
sub-11748	stranger	generative	high_choice	28	1.0	0.6976785714285714	0.5357142857142857	0.8571428571428571
sub-11748	stranger	generative	investment	28	6.0	4.619285714285715	3.857142857142857	5.2875000000000005
sub-11748	computer	conditional	high_choice	28	1.0	0.6953512419303496	0.672683573086546	0.7106836329884632
sub-11748	computer	conditional	investment	28	6.0	4.6258457286333865	4.517052196337744	4.6975976851188745
sub-11748	computer	generative	high_choice	28	1.0	0.69	0.5348214285714286	0.8223214285714288
sub-11748	computer	generative	investment	28	6.0	4.601785714285714	3.857142857142857	5.357142857142857
sub-11756	friend	conditional	high_choice	28	1.0	0.5724751466763606	0.5019753987152292	0.6322787833941004
sub-11756	friend	conditional	investment	28	6.0	4.040887196357439	3.668101038540667	4.324895459820479
sub-11756	friend	generative	high_choice	28	1.0	0.5751785714285714	0.35714285714285715	0.7508928571428574
sub-11756	friend	generative	investment	28	6.0	4.046785714285715	3.0714285714285716	4.932142857142858
sub-11756	stranger	conditional	high_choice	28	0.9285714285714286	0.5752367307245282	0.5100753994609469	0.6329236069874772
sub-11756	stranger	conditional	investment	28	5.785714285714286	4.057241858513579	3.7427908979692392	4.334411757502583
sub-11756	stranger	generative	high_choice	28	0.9285714285714286	0.5726785714285714	0.39285714285714285	0.7142857142857143
sub-11756	stranger	generative	investment	28	5.785714285714286	4.0492857142857135	3.142857142857143	4.857142857142857
sub-11756	computer	conditional	high_choice	28	0.07142857142857142	0.5737092174663811	0.503613294675051	0.632582304237371
sub-11756	computer	conditional	investment	28	1.6428571428571428	4.05436809662094	3.6810068741743573	4.332817143169284
sub-11756	computer	generative	high_choice	28	0.07142857142857142	0.5655357142857143	0.35714285714285715	0.7508928571428574
sub-11756	computer	generative	investment	28	1.6428571428571428	4.008571428571429	3.0714285714285716	5.001785714285715
sub-11764	friend	conditional	high_choice	28	0.7857142857142857	0.6047404232702739	0.5335056944493481	0.6520186089395047
sub-11764	friend	conditional	investment	28	5.071428571428571	4.196608212344736	3.860121518302625	4.423448045386665
sub-11764	friend	generative	high_choice	28	0.7857142857142857	0.59875	0.42857142857142855	0.7866071428571431
sub-11764	friend	generative	investment	28	5.071428571428571	4.171428571428571	3.2857142857142856	5.142857142857143
sub-11764	stranger	conditional	high_choice	28	0.6785714285714286	0.6022250333889836	0.5295566514352085	0.6519118367113046
sub-11764	stranger	conditional	investment	28	4.214285714285714	4.184093171125455	3.8388747926933187	4.422940292981147
sub-11764	stranger	generative	high_choice	28	0.6785714285714286	0.6108928571428571	0.4276785714285714	0.7857142857142857
sub-11764	stranger	generative	investment	28	4.214285714285714	4.227857142857142	3.357142857142857	5.144642857142858
sub-11764	computer	conditional	high_choice	28	0.5357142857142857	0.6081983973211655	0.5413434251173954	0.6521720914983404
sub-11764	computer	conditional	investment	28	4.0	4.216794276676693	3.899935867200706	4.424363525583031
sub-11764	computer	generative	high_choice	28	0.5357142857142857	0.6071428571428572	0.42857142857142855	0.75
sub-11764	computer	generative	investment	28	4.0	4.206785714285714	3.355357142857143	5.0
sub-11772	friend	conditional	high_choice	14	0.7857142857142857	0.35702772922350073	0.23067257555197151	0.4897468718497344
sub-11772	friend	conditional	investment	14	4.857142857142857	2.916933188814969	2.2324589643606094	3.583093144048031
sub-11772	friend	generative	high_choice	14	0.7857142857142857	0.3232142857142857	0.07142857142857142	0.5714285714285714
sub-11772	friend	generative	investment	14	4.857142857142857	2.736428571428571	1.5714285714285714	4.142857142857143
sub-11772	stranger	conditional	high_choice	13	0.07692307692307693	0.34465172412212797	0.21498424720521514	0.47458587587738454
sub-11772	stranger	conditional	investment	13	1.6923076923076923	2.8496739052682654	2.2852862992491465	3.564127727073431
sub-11772	stranger	generative	high_choice	13	0.07692307692307693	0.35	0.07692307692307693	0.6173076923076928
sub-11772	stranger	generative	investment	13	1.6923076923076923	2.9007692307692308	1.8423076923076924	4.3076923076923075
sub-11772	computer	conditional	high_choice	14	0.0	0.29716371981601186	0.15777950326986248	0.46902646853163243
sub-11772	computer	conditional	investment	14	1.4285714285714286	2.5931572865362384	1.9311166935380746	3.499567571295006
sub-11772	computer	generative	high_choice	14	0.0	0.3089285714285714	0.07142857142857142	0.5714285714285714
sub-11772	computer	generative	investment	14	1.4285714285714286	2.656428571428571	1.7142857142857142	4.003571428571429
sub-11773	friend	conditional	high_choice	27	0.9629629629629629	0.6229825852302163	0.5309689790057899	0.6872715158970466
sub-11773	friend	conditional	investment	27	5.777777777777778	4.2107875361448155	3.6910638167854026	4.538792213606912
sub-11773	friend	generative	high_choice	27	0.9629629629629629	0.6294444444444445	0.4444444444444444	0.8148148148148148
sub-11773	friend	generative	investment	27	5.777777777777778	4.228148148148148	3.185185185185185	5.03888888888889
sub-11773	stranger	conditional	high_choice	28	0.5	0.6151600257869628	0.517760993708365	0.6806442162229225
sub-11773	stranger	conditional	investment	28	3.2857142857142856	4.227882969678238	3.6856351091049504	4.557950629622965
sub-11773	stranger	generative	high_choice	28	0.5	0.6069642857142857	0.42857142857142855	0.7857142857142857
sub-11773	stranger	generative	investment	28	3.2857142857142856	4.164285714285715	3.142857142857143	5.071428571428571
sub-11773	computer	conditional	high_choice	27	0.37037037037037035	0.6051671933367605	0.5070393439572256	0.6712142322305327
sub-11773	computer	conditional	investment	27	2.888888888888889	4.124387452178974	3.5957514091420917	4.44890312443016
sub-11773	computer	generative	high_choice	27	0.37037037037037035	0.6074074074074074	0.4074074074074074	0.7787037037037039
sub-11773	computer	generative	investment	27	2.888888888888889	4.161851851851853	3.2537037037037035	5.037037037037037
sub-11774	friend	conditional	high_choice	28	1.0	0.6888649539692344	0.6642903103090916	0.7064771678414229
sub-11774	friend	conditional	investment	28	6.0	4.591892711748691	4.473401595984408	4.676286942659225
sub-11774	friend	generative	high_choice	28	1.0	0.6825	0.5357142857142857	0.8214285714285714
sub-11774	friend	generative	investment	28	6.0	4.576071428571429	3.7857142857142856	5.214285714285714
sub-11774	stranger	conditional	high_choice	27	0.9629629629629629	0.6979467319579743	0.6723739203138682	0.7152368721410399
sub-11774	stranger	conditional	investment	27	5.62962962962963	4.553949616572607	4.434336470490821	4.635097332859644
sub-11774	stranger	generative	high_choice	27	0.9629629629629629	0.7064814814814815	0.5555555555555556	0.8518518518518519
sub-11774	stranger	generative	investment	27	5.62962962962963	4.595925925925926	3.7777777777777777	5.333333333333333
sub-11774	computer	conditional	high_choice	28	0.9642857142857143	0.6885600021175526	0.6641102408550859	0.7064576695184088
sub-11774	computer	conditional	investment	28	5.857142857142857	4.590060139505988	4.471266827154815	4.675703702861173
sub-11774	computer	generative	high_choice	28	0.9642857142857143	0.69375	0.5357142857142857	0.8571428571428571
sub-11774	computer	generative	investment	28	5.857142857142857	4.6171428571428565	3.855357142857143	5.357142857142857
sub-11784	friend	conditional	high_choice	28	0.07142857142857142	0.06114372356132888	0.02922299078426311	0.10814744563890603
sub-11784	friend	conditional	investment	28	1.5714285714285714	1.565520457336899	1.4894254611937676	1.6996015417020276
sub-11784	friend	generative	high_choice	28	0.07142857142857142	0.06428571428571428	0.0	0.17857142857142858
sub-11784	friend	generative	investment	28	1.5714285714285714	1.5721428571428573	1.4285714285714286	1.858928571428572
sub-11784	stranger	conditional	high_choice	28	0.03571428571428571	0.06021151557593488	0.02847450882974328	0.10819109328841706
sub-11784	stranger	conditional	investment	28	1.5	1.565611473321635	1.4880269284501317	1.7355911271448152
sub-11784	stranger	generative	high_choice	28	0.03571428571428571	0.06089285714285714	0.0	0.14285714285714285
sub-11784	stranger	generative	investment	28	1.5	1.5642857142857145	1.4285714285714286	1.7875000000000005
sub-11784	computer	conditional	high_choice	28	0.07142857142857142	0.06250546605770028	0.030233581288294134	0.11124382306952059
sub-11784	computer	conditional	investment	28	1.5714285714285714	1.5682176361499927	1.4909434133882071	1.7064642061121662
sub-11784	computer	generative	high_choice	28	0.07142857142857142	0.057142857142857134	0.0	0.14375000000000018
sub-11784	computer	generative	investment	28	1.5714285714285714	1.551785714285714	1.4285714285714286	1.7857142857142858
sub-11787	friend	conditional	high_choice	28	0.7857142857142857	0.6119970080574519	0.5187141213956855	0.675994162726894
sub-11787	friend	conditional	investment	28	4.857142857142857	4.224380866774304	3.7438024710229123	4.539122363216104
sub-11787	friend	generative	high_choice	28	0.7857142857142857	0.6178571428571429	0.46339285714285716	0.7857142857142857
sub-11787	friend	generative	investment	28	4.857142857142857	4.2492857142857146	3.4285714285714284	5.073214285714286
sub-11787	stranger	conditional	high_choice	28	0.4642857142857143	0.623253045792848	0.5435391222288695	0.6768010981337284
sub-11787	stranger	conditional	investment	28	3.2142857142857144	4.260200716575092	3.871681816078721	4.535627463957185
sub-11787	stranger	generative	high_choice	28	0.4642857142857143	0.6230357142857144	0.4642857142857143	0.7857142857142857
sub-11787	stranger	generative	investment	28	3.2142857142857144	4.241071428571429	3.2839285714285715	5.073214285714286
sub-11787	computer	conditional	high_choice	28	0.6428571428571429	0.6041017033466263	0.516961156396815	0.6731577418675392
sub-11787	computer	conditional	investment	28	4.214285714285714	4.170999187743549	3.7146251768368517	4.520893801587341
sub-11787	computer	generative	high_choice	28	0.6428571428571429	0.6128571428571429	0.42857142857142855	0.7857142857142857
sub-11787	computer	generative	investment	28	4.214285714285714	4.187142857142857	3.2839285714285715	5.001785714285715
sub-11788	friend	conditional	high_choice	28	1.0	0.5686512407293791	0.49814147371535605	0.6255087335502534
sub-11788	friend	conditional	investment	28	6.0	4.023548369543191	3.687617097533393	4.295605147345916
sub-11788	friend	generative	high_choice	28	1.0	0.5642857142857143	0.35714285714285715	0.7508928571428574
sub-11788	friend	generative	investment	28	6.0	4.0007142857142854	2.998214285714286	4.930357142857144
sub-11788	stranger	conditional	high_choice	28	0.4642857142857143	0.5676715007193193	0.49551970970382603	0.6253984307432171
sub-11788	stranger	conditional	investment	28	3.642857142857143	4.0165284946193545	3.6798505436234565	4.293772649636559
sub-11788	stranger	generative	high_choice	28	0.4642857142857143	0.5657142857142857	0.3919642857142857	0.75
sub-11788	stranger	generative	investment	28	3.642857142857143	4.020714285714286	3.0696428571428576	4.930357142857144
sub-11788	computer	conditional	high_choice	28	0.42857142857142855	0.5724123051684685	0.49955333117251854	0.6294688555169005
sub-11788	computer	conditional	investment	28	3.4285714285714284	4.042604405034743	3.710841070885085	4.308874025185995
sub-11788	computer	generative	high_choice	28	0.42857142857142855	0.5576785714285714	0.35714285714285715	0.7857142857142857
sub-11788	computer	generative	investment	28	3.4285714285714284	3.9571428571428573	2.9285714285714284	5.073214285714286
sub-11789	friend	conditional	high_choice	28	0.8571428571428571	0.4956565629204636	0.40747089386571367	0.5779033309669978
sub-11789	friend	conditional	investment	28	5.357142857142857	3.621723923341483	3.1317470714644258	4.0768347097557545
sub-11789	friend	generative	high_choice	28	0.8571428571428571	0.4919642857142857	0.2857142857142857	0.6785714285714286
sub-11789	friend	generative	investment	28	5.357142857142857	3.58	2.5	4.5
sub-11789	stranger	conditional	high_choice	28	0.39285714285714285	0.49053388923042673	0.39634487615545694	0.5782136752237762
sub-11789	stranger	conditional	investment	28	3.2857142857142856	3.608978823693624	3.1068343262840306	4.079152652516439
sub-11789	stranger	generative	high_choice	28	0.39285714285714285	0.49357142857142855	0.28482142857142856	0.6785714285714286
sub-11789	stranger	generative	investment	28	3.2857142857142856	3.603571428571429	2.5	4.571428571428571
sub-11789	computer	conditional	high_choice	28	0.03571428571428571	0.4861069977353991	0.3960051246904182	0.5777748142443037
sub-11789	computer	conditional	investment	28	1.6428571428571428	3.5596889452416947	3.057482326839391	4.069610333440358
sub-11789	computer	generative	high_choice	28	0.03571428571428571	0.4955357142857143	0.2857142857142857	0.7142857142857143
sub-11789	computer	generative	investment	28	1.6428571428571428	3.6185714285714283	2.357142857142857	4.642857142857143
sub-11790	friend	conditional	high_choice	25	0.88	0.6679307054446906	0.62259236641853	0.7049669959059057
sub-11790	friend	conditional	investment	25	5.12	4.2481124321612915	4.054009651788352	4.413926908504262
sub-11790	friend	generative	high_choice	25	0.88	0.6701999999999999	0.519	0.84
sub-11790	friend	generative	investment	25	5.12	4.254	3.36	5.042000000000001
sub-11790	stranger	conditional	high_choice	26	0.8076923076923077	0.6472951453232557	0.6072370509268931	0.6801389407967531
sub-11790	stranger	conditional	investment	26	5.153846153846154	4.5505665795639265	4.35975975732338	4.713095284776601
sub-11790	stranger	generative	high_choice	26	0.8076923076923077	0.6553846153846155	0.46153846153846156	0.8076923076923077
sub-11790	stranger	generative	investment	26	5.153846153846154	4.570384615384615	3.5384615384615383	5.309615384615385
sub-11790	computer	conditional	high_choice	27	0.6666666666666666	0.6690894206775624	0.6237396093100243	0.7065566941449777
sub-11790	computer	conditional	investment	27	4.222222222222222	4.414756503006425	4.206276637796228	4.591517231177849
sub-11790	computer	generative	high_choice	27	0.6666666666666666	0.6688888888888889	0.48148148148148145	0.8518518518518519
sub-11790	computer	generative	investment	27	4.222222222222222	4.42962962962963	3.5555555555555554	5.333333333333333
sub-11793	friend	conditional	high_choice	28	0.8571428571428571	0.5905416064181316	0.5116605501011643	0.6492556223259717
sub-11793	friend	conditional	investment	28	5.214285714285714	4.110873020096735	3.675873773183583	4.409064196474491
sub-11793	friend	generative	high_choice	28	0.8571428571428571	0.5964285714285714	0.4276785714285714	0.7857142857142857
sub-11793	friend	generative	investment	28	5.214285714285714	4.126428571428571	3.1410714285714287	5.0
sub-11793	stranger	conditional	high_choice	28	0.39285714285714285	0.587837295174152	0.4998177702623571	0.6487046255461802
sub-11793	stranger	conditional	investment	28	2.857142857142857	4.0997232473819825	3.6199854622489953	4.404475998641238
sub-11793	stranger	generative	high_choice	28	0.39285714285714285	0.6016071428571428	0.42857142857142855	0.7866071428571431
sub-11793	stranger	generative	investment	28	2.857142857142857	4.162142857142857	3.142857142857143	5.001785714285715
sub-11793	computer	conditional	high_choice	28	0.4642857142857143	0.5923724585272931	0.5136898291844574	0.6498320023807571
sub-11793	computer	conditional	investment	28	3.9285714285714284	4.119073201486462	3.697851234262717	4.404231654964307
sub-11793	computer	generative	high_choice	28	0.4642857142857143	0.5914285714285714	0.39285714285714285	0.7508928571428574
sub-11793	computer	generative	investment	28	3.9285714285714284	4.1025	3.0714285714285716	5.144642857142858
sub-11795	friend	conditional	high_choice	28	0.9642857142857143	0.6946587624557702	0.6632427005668771	0.7103142270193904
sub-11795	friend	conditional	investment	28	5.785714285714286	4.620541984041573	4.471216773449424	4.69461226661524
sub-11795	friend	generative	high_choice	28	0.9642857142857143	0.6946428571428572	0.5357142857142857	0.8571428571428571
sub-11795	friend	generative	investment	28	5.785714285714286	4.6171428571428565	3.857142857142857	5.358928571428572
sub-11795	stranger	conditional	high_choice	28	1.0	0.6955313330333057	0.6634512155007516	0.7104736346715758
sub-11795	stranger	conditional	investment	28	6.0	4.625998612254478	4.474241064821724	4.696560258753742
sub-11795	stranger	generative	high_choice	28	1.0	0.6914285714285714	0.5357142857142857	0.8571428571428571
sub-11795	stranger	generative	investment	28	6.0	4.6075	3.855357142857143	5.2875000000000005
sub-11795	computer	conditional	high_choice	28	1.0	0.6945456769220745	0.663162898150618	0.7100877301564574
sub-11795	computer	conditional	investment	28	6.0	4.618969056382678	4.4627600525825315	4.69320694959743
sub-11795	computer	generative	high_choice	28	1.0	0.6883928571428573	0.5	0.8214285714285714
sub-11795	computer	generative	investment	28	6.0	4.5910714285714285	3.855357142857143	5.216071428571429
sub-11815	friend	conditional	high_choice	28	0.6428571428571429	0.6257014317302062	0.577770990718779	0.6702081015225487
sub-11815	friend	conditional	investment	28	4.5	4.290582402168287	4.041943293643175	4.506574654801909
sub-11815	friend	generative	high_choice	28	0.6428571428571429	0.6158928571428571	0.4642857142857143	0.8214285714285714
sub-11815	friend	generative	investment	28	4.5	4.231785714285714	3.357142857142857	5.144642857142858
sub-11815	stranger	conditional	high_choice	28	0.6785714285714286	0.6187696478919921	0.5648084282039773	0.6686768337588547
sub-11815	stranger	conditional	investment	28	4.285714285714286	4.2485109382488275	3.9428632462643316	4.4941104086452865
sub-11815	stranger	generative	high_choice	28	0.6785714285714286	0.6194642857142858	0.4642857142857143	0.7857142857142857
sub-11815	stranger	generative	investment	28	4.285714285714286	4.257857142857143	3.357142857142857	5.0
sub-11815	computer	conditional	high_choice	28	0.5	0.6142354711039829	0.5358203386297928	0.6696544431695131
sub-11815	computer	conditional	investment	28	3.7857142857142856	4.230389384690033	3.78746285098094	4.5050489028686
sub-11815	computer	generative	high_choice	28	0.5	0.6123214285714286	0.46339285714285716	0.75
sub-11815	computer	generative	investment	28	3.7857142857142856	4.2214285714285715	3.357142857142857	5.0
sub-11822	friend	conditional	high_choice	28	1.0	0.6447372273404294	0.5784299073205246	0.6886830793323079
sub-11822	friend	conditional	investment	28	6.0	4.373073664027695	4.027452200750095	4.59377660835493
sub-11822	friend	generative	high_choice	28	1.0	0.6398214285714285	0.4642857142857143	0.7866071428571431
sub-11822	friend	generative	investment	28	6.0	4.374642857142857	3.5714285714285716	5.214285714285714
sub-11822	stranger	conditional	high_choice	28	0.7142857142857143	0.6412190649254786	0.571027585746604	0.6864121974670881
sub-11822	stranger	conditional	investment	28	4.642857142857143	4.360914054910598	3.9854161515880477	4.583036689939616
sub-11822	stranger	generative	high_choice	28	0.7142857142857143	0.6378571428571429	0.4642857142857143	0.8214285714285714
sub-11822	stranger	generative	investment	28	4.642857142857143	4.329285714285714	3.4285714285714284	5.214285714285714
sub-11822	computer	conditional	high_choice	28	0.42857142857142855	0.6418926486611352	0.5670737535917618	0.6880133243916206
sub-11822	computer	conditional	investment	28	2.9285714285714284	4.366702794416439	3.960064935713451	4.5922488567903645
sub-11822	computer	generative	high_choice	28	0.42857142857142855	0.6451785714285714	0.4642857142857143	0.8223214285714288
sub-11822	computer	generative	investment	28	2.9285714285714284	4.382142857142856	3.5	5.214285714285714
sub-11823	friend	conditional	high_choice	28	0.6785714285714286	0.537481231904071	0.47596102577250804	0.6057878834260093
sub-11823	friend	conditional	investment	28	4.5	3.8787316194932555	3.595357564377946	4.204167845604801
sub-11823	friend	generative	high_choice	28	0.6785714285714286	0.54625	0.35714285714285715	0.7142857142857143
sub-11823	friend	generative	investment	28	4.5	3.9110714285714288	3.066071428571429	4.785714285714286
sub-11823	stranger	conditional	high_choice	27	0.5925925925925926	0.5370197738974472	0.47756370236391793	0.6015828326776402
sub-11823	stranger	conditional	investment	27	4.296296296296297	3.858205013606778	3.586788585258494	4.146129810283246
sub-11823	stranger	generative	high_choice	27	0.5925925925925926	0.525	0.2962962962962963	0.7407407407407407
sub-11823	stranger	generative	investment	27	4.296296296296297	3.815925925925926	2.8092592592592593	4.816666666666667
sub-11823	computer	conditional	high_choice	28	0.39285714285714285	0.5409311966217842	0.4777417450139768	0.6078048770552413
sub-11823	computer	conditional	investment	28	3.2857142857142856	3.9052675510338304	3.606853396213372	4.220370825097643
sub-11823	computer	generative	high_choice	28	0.39285714285714285	0.5339285714285714	0.35714285714285715	0.7142857142857143
sub-11823	computer	generative	investment	28	3.2857142857142856	3.885714285714286	2.9285714285714284	4.714285714285714
sub-11824	friend	conditional	high_choice	26	0.9615384615384616	0.6328802271294042	0.5619070223701879	0.6838379518356887
sub-11824	friend	conditional	investment	26	5.923076923076923	4.411834927087809	4.0122768953369246	4.674965487708498
sub-11824	friend	generative	high_choice	26	0.9615384615384616	0.6328846153846154	0.46153846153846156	0.8076923076923077
sub-11824	friend	generative	investment	26	5.923076923076923	4.42	3.5365384615384614	5.232692307692308
sub-11824	stranger	conditional	high_choice	26	0.6538461538461539	0.6500182229201817	0.5802025141275765	0.7019390389624137
sub-11824	stranger	conditional	investment	26	4.384615384615385	4.298370165812472	3.9168965113562453	4.552949032781952
sub-11824	stranger	generative	high_choice	26	0.6538461538461539	0.6480769230769231	0.5	0.8076923076923077
sub-11824	stranger	generative	investment	26	4.384615384615385	4.281923076923077	3.3846153846153846	5.0
sub-11824	computer	conditional	high_choice	27	0.37037037037037035	0.623129145290066	0.5354579881070133	0.6774176546559256
sub-11824	computer	conditional	investment	27	2.6666666666666665	4.3976452761671485	3.9043241759948017	4.68590732417256
sub-11824	computer	generative	high_choice	27	0.37037037037037035	0.6188888888888889	0.4074074074074074	0.7777777777777778
sub-11824	computer	generative	investment	27	2.6666666666666665	4.3781481481481475	3.4074074074074074	5.333333333333333
sub-11828	friend	conditional	high_choice	28	0.7142857142857143	0.5074182821374947	0.4126155127481909	0.5833751529750557
sub-11828	friend	conditional	investment	28	4.571428571428571	3.7169700873035305	3.218304400219241	4.094683931213505
sub-11828	friend	generative	high_choice	28	0.7142857142857143	0.5196428571428571	0.3205357142857143	0.7142857142857143
sub-11828	friend	generative	investment	28	4.571428571428571	3.783571428571429	2.7142857142857144	4.857142857142857
sub-11828	stranger	conditional	high_choice	28	0.2857142857142857	0.510484256226204	0.4192983804297997	0.5860993927210312
sub-11828	stranger	conditional	investment	28	2.7857142857142856	3.7392108322053694	3.293817558670323	4.10304534672937
sub-11828	stranger	generative	high_choice	28	0.2857142857142857	0.5121428571428571	0.3205357142857143	0.7142857142857143
sub-11828	stranger	generative	investment	28	2.7857142857142856	3.742857142857143	2.6410714285714287	4.716071428571429
sub-11828	computer	conditional	high_choice	28	0.35714285714285715	0.5124349098346772	0.42310010998739955	0.5886457107596273
sub-11828	computer	conditional	investment	28	3.2142857142857144	3.755276683820174	3.313217761425726	4.111944578084628
sub-11828	computer	generative	high_choice	28	0.35714285714285715	0.5067857142857143	0.3205357142857143	0.7142857142857143
sub-11828	computer	generative	investment	28	3.2142857142857144	3.7542857142857144	2.7839285714285715	4.717857142857143
sub-11829	friend	conditional	high_choice	28	1.0	0.6957908879871212	0.6725206201118115	0.7105580433629923
sub-11829	friend	conditional	investment	28	6.0	4.626063555696075	4.518787505600118	4.696572210013609
sub-11829	friend	generative	high_choice	28	1.0	0.6925	0.5714285714285714	0.8571428571428571
sub-11829	friend	generative	investment	28	6.0	4.611428571428571	3.9285714285714284	5.428571428571429
sub-11829	stranger	conditional	high_choice	28	1.0	0.6960686231167594	0.675424299834951	0.7105090388967032
sub-11829	stranger	conditional	investment	28	6.0	4.628539958196158	4.527698731886538	4.69657345207167
sub-11829	stranger	generative	high_choice	28	1.0	0.6941071428571428	0.5357142857142857	0.8214285714285714
sub-11829	stranger	generative	investment	28	6.0	4.630357142857143	3.855357142857143	5.2875000000000005
sub-11829	computer	conditional	high_choice	27	1.0	0.7036666868213147	0.6822967502854257	0.7183862305428905
sub-11829	computer	conditional	investment	27	5.925925925925926	4.580643116939944	4.476082657912922	4.649013316185128
sub-11829	computer	generative	high_choice	27	1.0	0.7	0.5546296296296297	0.8518518518518519
sub-11829	computer	generative	investment	27	5.925925925925926	4.561481481481482	3.7037037037037037	5.2592592592592595
sub-11840	friend	conditional	high_choice	26	0.6153846153846154	0.6118321728413398	0.5533520207045716	0.6610911119669179
sub-11840	friend	conditional	investment	26	4.384615384615385	4.314641137846988	4.022335656843097	4.55793818823691
sub-11840	friend	generative	high_choice	26	0.6153846153846154	0.6096153846153846	0.38461538461538464	0.770192307692308
sub-11840	friend	generative	investment	26	4.384615384615385	4.2919230769230765	3.3057692307692306	5.230769230769231
sub-11840	stranger	conditional	high_choice	27	0.6666666666666666	0.6137669164334415	0.552318825810776	0.6663216419347446
sub-11840	stranger	conditional	investment	27	4.296296296296297	4.18457515193555	3.8898946574633992	4.440316588855037
sub-11840	stranger	generative	high_choice	27	0.6666666666666666	0.6253703703703704	0.44351851851851853	0.8148148148148148
sub-11840	stranger	generative	investment	27	4.296296296296297	4.21962962962963	3.183333333333333	5.03888888888889
sub-11840	computer	conditional	high_choice	28	0.6785714285714286	0.6077101758936599	0.5481072655507786	0.6595020738757967
sub-11840	computer	conditional	investment	28	4.714285714285714	4.206770357460176	3.920860079307144	4.456631878526725
sub-11840	computer	generative	high_choice	28	0.6785714285714286	0.6110714285714285	0.39285714285714285	0.7857142857142857
sub-11840	computer	generative	investment	28	4.714285714285714	4.245357142857143	3.210714285714286	5.144642857142858
sub-11847	friend	conditional	high_choice	24	0.5833333333333334	0.5526548973371578	0.469360853968395	0.6416480879060352
sub-11847	friend	conditional	investment	24	3.9166666666666665	3.6511342003410254	3.146863463637323	4.118308615162526
sub-11847	friend	generative	high_choice	24	0.5833333333333334	0.5483333333333333	0.3333333333333333	0.7083333333333334
sub-11847	friend	generative	investment	24	3.9166666666666665	3.632083333333333	2.6645833333333333	4.585416666666667
sub-11847	stranger	conditional	high_choice	28	0.5357142857142857	0.5104539137872016	0.41028849985413746	0.6183419834799702
sub-11847	stranger	conditional	investment	28	3.7857142857142856	3.6602215449806534	3.0957529903529966	4.258677169214888
sub-11847	stranger	generative	high_choice	28	0.5357142857142857	0.5144642857142857	0.3205357142857143	0.75
sub-11847	stranger	generative	investment	28	3.7857142857142856	3.6521428571428567	2.5714285714285716	4.644642857142858
sub-11847	computer	conditional	high_choice	27	0.25925925925925924	0.5259447944158411	0.42999545848451204	0.6186954774358052
sub-11847	computer	conditional	investment	27	2.814814814814815	3.7336391758427863	3.2026669889202646	4.2214702277314125
sub-11847	computer	generative	high_choice	27	0.25925925925925924	0.5092592592592592	0.3333333333333333	0.7037037037037037
sub-11847	computer	generative	investment	27	2.814814814814815	3.66	2.740740740740741	4.666666666666667
sub-11853	friend	conditional	high_choice	28	1.0	0.6945133065468255	0.6580563494075424	0.7097953956537535
sub-11853	friend	conditional	investment	28	6.0	4.620398558261259	4.449338497815438	4.692876520653456
sub-11853	friend	generative	high_choice	28	1.0	0.6955357142857145	0.5357142857142857	0.8223214285714288
sub-11853	friend	generative	investment	28	6.0	4.627142857142857	3.9267857142857143	5.2875000000000005
sub-11853	stranger	conditional	high_choice	28	1.0	0.694602506284304	0.657752872109196	0.7099670755260905
sub-11853	stranger	conditional	investment	28	6.0	4.621840406654258	4.4502641073625275	4.6939457808029905
sub-11853	stranger	generative	high_choice	28	1.0	0.6889285714285713	0.5357142857142857	0.8214285714285714
sub-11853	stranger	generative	investment	28	6.0	4.589642857142858	3.7857142857142856	5.285714285714286
sub-11853	computer	conditional	high_choice	28	1.0	0.6935595285243824	0.65752412486216	0.7096148299933229
sub-11853	computer	conditional	investment	28	6.0	4.615550609769333	4.448949663686544	4.692330840342355
sub-11853	computer	generative	high_choice	28	1.0	0.6919642857142856	0.5705357142857143	0.8571428571428571
sub-11853	computer	generative	investment	28	6.0	4.599642857142857	3.857142857142857	5.289285714285715
sub-11854	friend	conditional	high_choice	28	0.4642857142857143	0.3738515081586334	0.2892236136088871	0.4753203987691824
sub-11854	friend	conditional	investment	28	3.5	3.0342791446701773	2.596665728884504	3.5648897889801723
sub-11854	friend	generative	high_choice	28	0.4642857142857143	0.3721428571428571	0.17857142857142858	0.5714285714285714
sub-11854	friend	generative	investment	28	3.5	3.0575	2.0714285714285716	4.071428571428571
sub-11854	stranger	conditional	high_choice	26	0.23076923076923078	0.3593998757791424	0.2728324237127781	0.4683629630434575
sub-11854	stranger	conditional	investment	26	2.3846153846153846	3.124264314390295	2.6602190719571457	3.7062029691453318
sub-11854	stranger	generative	high_choice	26	0.23076923076923078	0.38942307692307687	0.19230769230769232	0.6153846153846154
sub-11854	stranger	generative	investment	26	2.3846153846153846	3.3019230769230767	2.3846153846153846	4.461538461538462
sub-11854	computer	conditional	high_choice	28	0.2857142857142857	0.3911543047268086	0.306838030421416	0.4941267801728848
sub-11854	computer	conditional	investment	28	3.0714285714285716	3.1204137559272023	2.6992209456278387	3.6210222625550683
sub-11854	computer	generative	high_choice	28	0.2857142857142857	0.38964285714285707	0.21428571428571427	0.6071428571428571
sub-11854	computer	generative	investment	28	3.0714285714285716	3.1117857142857144	2.2142857142857144	4.144642857142858
sub-11861	friend	conditional	high_choice	28	0.9285714285714286	0.6932574742027703	0.6473974265250164	0.7095156937403139
sub-11861	friend	conditional	investment	28	5.714285714285714	4.613339753122489	4.383600639113529	4.691857881055647
sub-11861	friend	generative	high_choice	28	0.9285714285714286	0.6932142857142857	0.5714285714285714	0.8571428571428571
sub-11861	friend	generative	investment	28	5.714285714285714	4.598214285714286	3.998214285714286	5.357142857142857
sub-11861	stranger	conditional	high_choice	28	0.7857142857142857	0.6938482785052733	0.6496376953716454	0.7096419133695926
sub-11861	stranger	conditional	investment	28	5.0	4.615717659380523	4.390220008707461	4.692430750304861
sub-11861	stranger	generative	high_choice	28	0.7857142857142857	0.6892857142857142	0.5348214285714286	0.8571428571428571
sub-11861	stranger	generative	investment	28	5.0	4.594285714285714	3.7142857142857144	5.430357142857144
sub-11861	computer	conditional	high_choice	28	0.8928571428571429	0.6949765123290693	0.6597501166166375	0.7106461593893524
sub-11861	computer	conditional	investment	28	5.571428571428571	4.625727109287722	4.466705861688967	4.698993926605931
sub-11861	computer	generative	high_choice	28	0.8928571428571429	0.6998214285714286	0.5714285714285714	0.8223214285714288
sub-11861	computer	generative	investment	28	5.571428571428571	4.64	4.0	5.216071428571429
sub-11866	friend	conditional	high_choice	28	1.0	0.6468655190795605	0.5822504393823156	0.6875964039539975
sub-11866	friend	conditional	investment	28	6.0	4.397125415806493	4.1094880695351055	4.5899370317907895
sub-11866	friend	generative	high_choice	28	1.0	0.6421428571428571	0.4642857142857143	0.8214285714285714
sub-11866	friend	generative	investment	28	6.0	4.37	3.4285714285714284	5.214285714285714
sub-11866	stranger	conditional	high_choice	28	0.5714285714285714	0.6415057142456281	0.5645878744386119	0.6870489591283971
sub-11866	stranger	conditional	investment	28	3.642857142857143	4.356905385792772	3.9857475020404256	4.585605919953673
sub-11866	stranger	generative	high_choice	28	0.5714285714285714	0.6451785714285714	0.5	0.7857142857142857
sub-11866	stranger	generative	investment	28	3.642857142857143	4.377142857142857	3.5696428571428576	5.142857142857143
sub-11866	computer	conditional	high_choice	28	0.5	0.6430169066763171	0.572193575420677	0.6871895995589219
sub-11866	computer	conditional	investment	28	3.2857142857142856	4.365710393390839	4.001994824533338	4.586367902791289
sub-11866	computer	generative	high_choice	28	0.5	0.6503571428571427	0.49910714285714286	0.8214285714285714
sub-11866	computer	generative	investment	28	3.2857142857142856	4.4192857142857145	3.5	5.216071428571429
sub-11867	friend	conditional	high_choice	26	0.7307692307692307	0.47432039870696996	0.39383831194457636	0.5494487107608247
sub-11867	friend	conditional	investment	26	4.538461538461538	3.5469620459869224	3.074676625748666	3.922170831998953
sub-11867	friend	generative	high_choice	26	0.7307692307692307	0.4815384615384615	0.2692307692307692	0.6923076923076923
sub-11867	friend	generative	investment	26	4.538461538461538	3.5834615384615383	2.3846153846153846	4.6923076923076925
sub-11867	stranger	conditional	high_choice	25	0.28	0.48163820707986604	0.4136871925793863	0.5475246608852459
sub-11867	stranger	conditional	investment	25	2.88	3.739136309186086	3.363233619083815	4.07753015767423
sub-11867	stranger	generative	high_choice	25	0.28	0.47320000000000007	0.28	0.64
sub-11867	stranger	generative	investment	25	2.88	3.7020000000000004	2.8	4.562
sub-11867	computer	conditional	high_choice	28	0.39285714285714285	0.47129509714047707	0.3846848919711975	0.54952814913949
sub-11867	computer	conditional	investment	28	3.0714285714285716	3.5577589996096073	3.0841410833987437	3.943550367487965
sub-11867	computer	generative	high_choice	28	0.39285714285714285	0.46625	0.2857142857142857	0.6428571428571429
sub-11867	computer	generative	investment	28	3.0714285714285716	3.5403571428571423	2.6410714285714287	4.501785714285715
sub-11870	friend	conditional	high_choice	28	1.0	0.6868778615677433	0.6485343409934268	0.7077556725831816
sub-11870	friend	conditional	investment	28	6.0	4.585739940828778	4.407578757796103	4.683812116619517
sub-11870	friend	generative	high_choice	28	1.0	0.6916071428571428	0.5705357142857143	0.8214285714285714
sub-11870	friend	generative	investment	28	6.0	4.6085714285714285	3.9285714285714284	5.216071428571429
sub-11870	stranger	conditional	high_choice	28	1.0	0.6854734165614584	0.6450845737268034	0.7077475844181312
sub-11870	stranger	conditional	investment	28	6.0	4.574041714577097	4.379072543391935	4.683715765805183
sub-11870	stranger	generative	high_choice	28	1.0	0.6860714285714287	0.5357142857142857	0.8214285714285714
sub-11870	stranger	generative	investment	28	6.0	4.5910714285714285	3.855357142857143	5.2875000000000005
sub-11870	computer	conditional	high_choice	28	0.42857142857142855	0.6864005778327197	0.6481277097041938	0.7077476939876303
sub-11870	computer	conditional	investment	28	3.4285714285714284	4.581550555268595	4.404585433641207	4.683763303481016
sub-11870	computer	generative	high_choice	28	0.42857142857142855	0.6708928571428572	0.5357142857142857	0.8214285714285714
sub-11870	computer	generative	investment	28	3.4285714285714284	4.5092857142857135	3.857142857142857	5.285714285714286
sub-11872	friend	conditional	high_choice	28	1.0	0.42631740331090084	0.3664634988139444	0.5133179041677148
sub-11872	friend	conditional	investment	28	6.0	3.3435547176041576	3.033124408342651	3.7752401343911814
sub-11872	friend	generative	high_choice	28	1.0	0.42982142857142863	0.25	0.6080357142857145
sub-11872	friend	generative	investment	28	6.0	3.3710714285714283	2.5696428571428576	4.358928571428572
sub-11872	stranger	conditional	high_choice	28	0.07142857142857142	0.4234330589082214	0.3623657406920707	0.5137454147343897
sub-11872	stranger	conditional	investment	28	1.7142857142857142	3.3258528304464288	2.9674909009136496	3.7773279578262824
sub-11872	stranger	generative	high_choice	28	0.07142857142857142	0.41392857142857137	0.2491071428571429	0.6080357142857145
sub-11872	stranger	generative	investment	28	1.7142857142857142	3.295	2.498214285714286	4.357142857142857
sub-11872	computer	conditional	high_choice	28	0.14285714285714285	0.41912127665932103	0.3600477731743281	0.510624741352153
sub-11872	computer	conditional	investment	28	2.142857142857143	3.300524655895123	2.98262370522184	3.75156784401943
sub-11872	computer	generative	high_choice	28	0.14285714285714285	0.4160714285714286	0.25	0.6071428571428571
sub-11872	computer	generative	investment	28	2.142857142857143	3.2982142857142858	2.4285714285714284	4.285714285714286
sub-11876	friend	conditional	high_choice	28	1.0	0.5757232065144544	0.519536130428243	0.6309418220397368
sub-11876	friend	conditional	investment	28	6.0	4.0577202397258905	3.784575714340353	4.313891203710443
sub-11876	friend	generative	high_choice	28	1.0	0.5794642857142857	0.35714285714285715	0.75
sub-11876	friend	generative	investment	28	6.0	4.066071428571429	3.0714285714285716	4.930357142857144
sub-11876	stranger	conditional	high_choice	28	0.9642857142857143	0.5696241406010347	0.5060575905283597	0.6250973018378734
sub-11876	stranger	conditional	investment	28	5.785714285714286	4.011517334289639	3.671829754652896	4.28498304594955
sub-11876	stranger	generative	high_choice	28	0.9642857142857143	0.5630357142857143	0.39285714285714285	0.7142857142857143
sub-11876	stranger	generative	investment	28	5.785714285714286	3.987857142857143	3.1410714285714287	4.785714285714286
sub-11876	computer	conditional	high_choice	28	0.0	0.5600581525736215	0.48153099889823947	0.620985553290673
sub-11876	computer	conditional	investment	28	1.4285714285714286	3.9626863975985542	3.538977452917782	4.278557611923713
sub-11876	computer	generative	high_choice	28	0.0	0.5648214285714286	0.35714285714285715	0.75
sub-11876	computer	generative	investment	28	1.4285714285714286	3.9567857142857146	2.9267857142857143	4.858928571428572
sub-11877	friend	conditional	high_choice	28	0.8928571428571429	0.5622782717290424	0.4756508442890872	0.6285259201171285
sub-11877	friend	conditional	investment	28	5.285714285714286	3.9993618195638385	3.58130918326271	4.313576056659752
sub-11877	friend	generative	high_choice	28	0.8928571428571429	0.5589285714285714	0.35714285714285715	0.75
sub-11877	friend	generative	investment	28	5.285714285714286	3.9782142857142855	2.998214285714286	4.930357142857144
sub-11877	stranger	conditional	high_choice	27	0.4444444444444444	0.5596416104732679	0.47543763127464383	0.6227931982362201
sub-11877	stranger	conditional	investment	27	3.4814814814814814	4.098909502341012	3.676257989718178	4.414000362366486
sub-11877	stranger	generative	high_choice	27	0.4444444444444444	0.5559259259259259	0.37037037037037035	0.7416666666666668
sub-11877	stranger	generative	investment	27	3.4814814814814814	4.0744444444444445	2.962962962962963	4.962962962962963
sub-11877	computer	conditional	high_choice	28	0.4642857142857143	0.5634367279093141	0.4787289562751753	0.6295097494726204
sub-11877	computer	conditional	investment	28	3.2857142857142856	4.0017646399891165	3.577618859073734	4.313433765526746
sub-11877	computer	generative	high_choice	28	0.4642857142857143	0.5567857142857143	0.39285714285714285	0.7151785714285717
sub-11877	computer	generative	investment	28	3.2857142857142856	3.995357142857143	2.9285714285714284	4.858928571428572
sub-11881	friend	conditional	high_choice	28	0.9642857142857143	0.6515154075139818	0.6047686477701694	0.685206964103183
sub-11881	friend	conditional	investment	28	5.928571428571429	4.422002514937687	4.209924237521365	4.578685626560387
sub-11881	friend	generative	high_choice	28	0.9642857142857143	0.6551785714285714	0.5	0.8214285714285714
sub-11881	friend	generative	investment	28	5.928571428571429	4.4367857142857146	3.642857142857143	5.214285714285714
sub-11881	stranger	conditional	high_choice	28	0.7857142857142857	0.6532533005972784	0.6075820045809504	0.6856073709670192
sub-11881	stranger	conditional	investment	28	4.928571428571429	4.430826422116788	4.217415265045159	4.58134695940466
sub-11881	stranger	generative	high_choice	28	0.7857142857142857	0.6501785714285714	0.4642857142857143	0.8214285714285714
sub-11881	stranger	generative	investment	28	4.928571428571429	4.428214285714286	3.4285714285714284	5.216071428571429
sub-11881	computer	conditional	high_choice	28	0.7857142857142857	0.6500272270941346	0.6027829301454152	0.6850512081161431
sub-11881	computer	conditional	investment	28	5.285714285714286	4.410431722653178	4.190341109222655	4.577298386333614
sub-11881	computer	generative	high_choice	28	0.7857142857142857	0.6528571428571428	0.5	0.8214285714285714
sub-11881	computer	generative	investment	28	5.285714285714286	4.415	3.642857142857143	5.144642857142858
sub-11885	friend	conditional	high_choice	27	0.7777777777777778	0.5576305471248906	0.4696151818638847	0.6331620052259394
sub-11885	friend	conditional	investment	27	5.333333333333333	3.977787831359606	3.53207168721022	4.3590968691491625
sub-11885	friend	generative	high_choice	27	0.7777777777777778	0.5631481481481481	0.37037037037037035	0.7046296296296298
sub-11885	friend	generative	investment	27	5.333333333333333	4.028148148148148	3.109259259259259	4.814814814814815
sub-11885	stranger	conditional	high_choice	28	0.5	0.5581788909165308	0.47726771857435846	0.6294954808184591
sub-11885	stranger	conditional	investment	28	3.857142857142857	3.9609819417680434	3.540298884639416	4.317797938843379
sub-11885	stranger	generative	high_choice	28	0.5	0.5582142857142857	0.35714285714285715	0.7508928571428574
sub-11885	stranger	generative	investment	28	3.857142857142857	3.9592857142857145	2.998214285714286	4.930357142857144
sub-11885	computer	conditional	high_choice	27	0.25925925925925924	0.5383555753278376	0.4482787928179473	0.621006443178116
sub-11885	computer	conditional	investment	27	2.740740740740741	3.9511944768385594	3.4215822194557943	4.402070694084052
sub-11885	computer	generative	high_choice	27	0.25925925925925924	0.5435185185185185	0.37037037037037035	0.7407407407407407
sub-11885	computer	generative	investment	27	2.740740740740741	3.983333333333334	2.962962962962963	5.111111111111111
sub-11891	friend	conditional	high_choice	28	0.8571428571428571	0.45060372431616097	0.3436885857020348	0.54978965747362
sub-11891	friend	conditional	investment	28	5.214285714285714	3.3691765709277544	2.830652929998551	3.9304687486184973
sub-11891	friend	generative	high_choice	28	0.8571428571428571	0.4344642857142857	0.21428571428571427	0.6071428571428571
sub-11891	friend	generative	investment	28	5.214285714285714	3.28	2.2839285714285715	4.285714285714286
sub-11891	stranger	conditional	high_choice	27	0.2962962962962963	0.45743575689463356	0.35356020765038704	0.5542114165226287
sub-11891	stranger	conditional	investment	27	2.4444444444444446	3.4060670650792133	2.8461051824290284	3.906954267370799
sub-11891	stranger	generative	high_choice	27	0.2962962962962963	0.4729629629629629	0.25925925925925924	0.6666666666666666
sub-11891	stranger	generative	investment	27	2.4444444444444446	3.4803703703703706	2.3703703703703702	4.520370370370371
sub-11891	computer	conditional	high_choice	28	0.10714285714285714	0.43389388141369195	0.3243168631363102	0.5462286989017789
sub-11891	computer	conditional	investment	28	2.0	3.2943315883038236	2.699880924084573	3.9071483470460096
sub-11891	computer	generative	high_choice	28	0.10714285714285714	0.4567857142857143	0.25	0.6785714285714286
sub-11891	computer	generative	investment	28	2.0	3.412857142857143	2.2839285714285715	4.5
sub-11897	friend	conditional	high_choice	28	0.9285714285714286	0.6663911534914021	0.6235857474522927	0.6960171804058407
sub-11897	friend	conditional	investment	28	5.642857142857143	4.487929538767887	4.280483561251794	4.628893464517084
sub-11897	friend	generative	high_choice	28	0.9285714285714286	0.6619642857142858	0.5	0.8214285714285714
sub-11897	friend	generative	investment	28	5.642857142857143	4.4678571428571425	3.642857142857143	5.214285714285714
sub-11897	stranger	conditional	high_choice	28	0.9285714285714286	0.6660911348096622	0.6236928066503217	0.6959228923328993
sub-11897	stranger	conditional	investment	28	5.571428571428571	4.48717694200851	4.269361292800926	4.6286923930781185
sub-11897	stranger	generative	high_choice	28	0.9285714285714286	0.66	0.5	0.7857142857142857
sub-11897	stranger	generative	investment	28	5.571428571428571	4.442857142857143	3.642857142857143	5.214285714285714
sub-11897	computer	conditional	high_choice	28	0.4642857142857143	0.6653529737342129	0.6167904778839002	0.6960861712950379
sub-11897	computer	conditional	investment	28	3.5	4.48595461846364	4.262131077685283	4.63009629583971
sub-11897	computer	generative	high_choice	28	0.4642857142857143	0.675	0.5	0.8214285714285714
sub-11897	computer	generative	investment	28	3.5	4.548928571428571	3.642857142857143	5.2875000000000005
sub-11900	friend	conditional	high_choice	28	1.0	0.46548472923143336	0.3881478459229665	0.5418201430944306
sub-11900	friend	conditional	investment	28	6.0	3.5062436733695805	3.03024920405853	3.871410900923841
sub-11900	friend	generative	high_choice	28	1.0	0.46410714285714283	0.2857142857142857	0.6428571428571429
sub-11900	friend	generative	investment	28	6.0	3.503571428571429	2.5	4.360714285714286
sub-11900	stranger	conditional	high_choice	27	0.2222222222222222	0.4768720262319173	0.4105728072731409	0.542156606524749
sub-11900	stranger	conditional	investment	27	2.4444444444444446	3.5769483685853825	3.2465320750911886	3.889094119755056
sub-11900	stranger	generative	high_choice	27	0.2222222222222222	0.46907407407407403	0.25925925925925924	0.6666666666666666
sub-11900	stranger	generative	investment	27	2.4444444444444446	3.530370370370371	2.4444444444444446	4.444444444444445
sub-11900	computer	conditional	high_choice	28	0.03571428571428571	0.4692818607096099	0.39349148039246806	0.5443397403776233
sub-11900	computer	conditional	investment	28	1.5	3.546955709766156	3.1139584422878115	3.9234336502715137
sub-11900	computer	generative	high_choice	28	0.03571428571428571	0.4817857142857143	0.32142857142857145	0.679464285714286
sub-11900	computer	generative	investment	28	1.5	3.5825	2.7142857142857144	4.646428571428572
sub-11902	friend	conditional	high_choice	26	0.8076923076923077	0.6736574825272973	0.6370497037490648	0.6999241597538325
sub-11902	friend	conditional	investment	26	5.461538461538462	4.6970011252483	4.5160141711437225	4.8253410360478775
sub-11902	friend	generative	high_choice	26	0.8076923076923077	0.6761538461538461	0.5384615384615384	0.8461538461538461
sub-11902	friend	generative	investment	26	5.461538461538462	4.716153846153847	3.998076923076923	5.538461538461538
sub-11902	stranger	conditional	high_choice	25	0.84	0.6971535671126667	0.6534591261153581	0.7270453956852897
sub-11902	stranger	conditional	investment	25	5.2	4.514193696473627	4.309159521699992	4.658520743111706
sub-11902	stranger	generative	high_choice	25	0.84	0.6939999999999997	0.52	0.88
sub-11902	stranger	generative	investment	25	5.2	4.4956	3.68	5.2040000000000015
sub-11902	computer	conditional	high_choice	26	0.6923076923076923	0.6894514782180207	0.6485919238163584	0.7180854343818075
sub-11902	computer	conditional	investment	26	4.615384615384615	4.458706782035745	4.261989146845557	4.594614624750267
sub-11902	computer	generative	high_choice	26	0.6923076923076923	0.6861538461538461	0.5384615384615384	0.8461538461538461
sub-11902	computer	generative	investment	26	4.615384615384615	4.450769230769231	3.6153846153846154	5.1557692307692315
sub-11909	friend	conditional	high_choice	28	0.42857142857142855	0.5255209374812528	0.4287206632905817	0.5980704524052127
sub-11909	friend	conditional	investment	28	3.2142857142857144	3.777414478071678	3.2341465759190497	4.145517164382342
sub-11909	friend	generative	high_choice	28	0.42857142857142855	0.5091071428571429	0.3205357142857143	0.7142857142857143
sub-11909	friend	generative	investment	28	3.2142857142857144	3.69	2.6410714285714287	4.716071428571429
sub-11909	stranger	conditional	high_choice	21	0.5238095238095238	0.49458627398347405	0.37009634131495855	0.5966139825732565
sub-11909	stranger	conditional	investment	21	3.8095238095238093	3.467086894439745	2.805675456230224	4.00674608104832
sub-11909	stranger	generative	high_choice	21	0.5238095238095238	0.5066666666666667	0.2857142857142857	0.7619047619047619
sub-11909	stranger	generative	investment	21	3.8095238095238093	3.507142857142857	2.3785714285714286	4.857142857142857
sub-11909	computer	conditional	high_choice	27	0.5185185185185185	0.5148224802061976	0.413993224572885	0.5888856936055881
sub-11909	computer	conditional	investment	27	3.6296296296296298	3.8076980011054586	3.210160859523727	4.198704243676823
sub-11909	computer	generative	high_choice	27	0.5185185185185185	0.5220370370370371	0.2962962962962963	0.7037037037037037
sub-11909	computer	generative	investment	27	3.6296296296296298	3.846296296296296	2.812962962962963	4.890740740740742
sub-11913	friend	conditional	high_choice	28	0.6071428571428571	0.4722650996115379	0.4025317972786414	0.5346208298700902
sub-11913	friend	conditional	investment	28	4.285714285714286	3.570653445964288	3.2564938358535205	3.8766445958681444
sub-11913	friend	generative	high_choice	28	0.6071428571428571	0.47339285714285717	0.2857142857142857	0.6428571428571429
sub-11913	friend	generative	investment	28	4.285714285714286	3.5707142857142857	2.7125000000000004	4.430357142857144
sub-11913	stranger	conditional	high_choice	27	0.48148148148148145	0.46827499379321497	0.4050596513412568	0.5306337455864755
sub-11913	stranger	conditional	investment	27	4.0	3.5409535585689684	3.2551392766399845	3.834475780989131
sub-11913	stranger	generative	high_choice	27	0.48148148148148145	0.47074074074074074	0.25925925925925924	0.6666666666666666
sub-11913	stranger	generative	investment	27	4.0	3.547037037037037	2.5907407407407406	4.37037037037037
sub-11913	computer	conditional	high_choice	28	0.4642857142857143	0.4703793833209048	0.40239028611527494	0.5329684573237747
sub-11913	computer	conditional	investment	28	3.4285714285714284	3.53015011915488	3.209206429079571	3.857309000073625
sub-11913	computer	generative	high_choice	28	0.4642857142857143	0.4664285714285714	0.2857142857142857	0.6785714285714286
sub-11913	computer	generative	investment	28	3.4285714285714284	3.5071428571428567	2.6410714285714287	4.357142857142857
sub-11914	friend	conditional	high_choice	28	0.9642857142857143	0.6934109074874197	0.6700844398309747	0.7106854424363289
sub-11914	friend	conditional	investment	28	5.785714285714286	4.611213686360544	4.498779708432402	4.697420491438264
sub-11914	friend	generative	high_choice	28	0.9642857142857143	0.6944642857142856	0.5357142857142857	0.8214285714285714
sub-11914	friend	generative	investment	28	5.785714285714286	4.613214285714285	3.857142857142857	5.285714285714286
sub-11914	stranger	conditional	high_choice	28	0.9285714285714286	0.6964952292152518	0.6736921914540333	0.7109846004054647
sub-11914	stranger	conditional	investment	28	5.571428571428571	4.632251164932723	4.528617292902945	4.69910864569281
sub-11914	stranger	generative	high_choice	28	0.9285714285714286	0.6930357142857143	0.5705357142857143	0.8214285714285714
sub-11914	stranger	generative	investment	28	5.571428571428571	4.6075	4.0	5.214285714285714
sub-11914	computer	conditional	high_choice	28	1.0	0.6950271075172761	0.6726438600664607	0.7107024293820199
sub-11914	computer	conditional	investment	28	6.0	4.6209823195471085	4.511052431806184	4.697518213385654
sub-11914	computer	generative	high_choice	28	1.0	0.7016071428571428	0.5705357142857143	0.8223214285714288
sub-11914	computer	generative	investment	28	6.0	4.6657142857142855	3.9285714285714284	5.428571428571429
sub-11920	friend	conditional	high_choice	27	0.6296296296296297	0.41993999129202836	0.3407735446203382	0.510522751155007
sub-11920	friend	conditional	investment	27	4.0	3.121542017456523	2.7107097975613765	3.6345115687661216
sub-11920	friend	generative	high_choice	27	0.6296296296296297	0.4348148148148148	0.25833333333333336	0.6305555555555558
sub-11920	friend	generative	investment	27	4.0	3.1918518518518524	2.2222222222222223	4.222222222222222
sub-11920	stranger	conditional	high_choice	27	0.48148148148148145	0.4385253855697814	0.34943576908533236	0.5108469044933013
sub-11920	stranger	conditional	investment	27	3.6296296296296298	3.3766128853853576	2.9366150402223052	3.7915522810496074
sub-11920	stranger	generative	high_choice	27	0.48148148148148145	0.44185185185185183	0.25925925925925924	0.6305555555555558
sub-11920	stranger	generative	investment	27	3.6296296296296298	3.3837037037037034	2.5166666666666666	4.374074074074075
sub-11920	computer	conditional	high_choice	27	0.18518518518518517	0.4115637383932701	0.3341844365613922	0.5012219466395886
sub-11920	computer	conditional	investment	27	1.9259259259259258	3.1779068278989406	2.7709285365839578	3.681454045630736
sub-11920	computer	generative	high_choice	27	0.18518518518518517	0.42518518518518517	0.25925925925925924	0.6296296296296297
sub-11920	computer	generative	investment	27	1.9259259259259258	3.248888888888889	2.3703703703703702	4.296296296296297
sub-11922	friend	conditional	high_choice	28	0.9642857142857143	0.5284325488819988	0.4214242828597271	0.6160953868292077
sub-11922	friend	conditional	investment	28	5.785714285714286	3.768264524987062	3.2069546849022754	4.222806106992905
sub-11922	friend	generative	high_choice	28	0.9642857142857143	0.5330357142857143	0.32142857142857145	0.75
sub-11922	friend	generative	investment	28	5.785714285714286	3.7757142857142854	2.7125000000000004	4.716071428571429
sub-11922	stranger	conditional	high_choice	27	0.3333333333333333	0.49837442399599946	0.3817010114844947	0.6046682350456325
sub-11922	stranger	conditional	investment	27	2.962962962962963	3.733840546411277	3.0860903731428055	4.31949810895072
sub-11922	stranger	generative	high_choice	27	0.3333333333333333	0.5194444444444444	0.3333333333333333	0.7407407407407407
sub-11922	stranger	generative	investment	27	2.962962962962963	3.8355555555555556	2.887037037037037	4.814814814814815
sub-11922	computer	conditional	high_choice	28	0.21428571428571427	0.5191241677159492	0.40560161110369536	0.6149386726691081
sub-11922	computer	conditional	investment	28	2.142857142857143	3.7182804917104066	3.108329551137853	4.234621309380626
sub-11922	computer	generative	high_choice	28	0.21428571428571427	0.5041071428571429	0.28482142857142856	0.7142857142857143
sub-11922	computer	generative	investment	28	2.142857142857143	3.65	2.5	4.573214285714286
sub-11923	friend	conditional	high_choice	26	0.7692307692307693	0.5854125047352469	0.4958770189962923	0.645502774859387
sub-11923	friend	conditional	investment	26	4.6923076923076925	3.9713243422282267	3.483612732743699	4.262218947980961
sub-11923	friend	generative	high_choice	26	0.7692307692307693	0.5801923076923078	0.38461538461538464	0.7317307692307694
sub-11923	friend	generative	investment	26	4.6923076923076925	3.973461538461539	3.1538461538461537	4.846153846153846
sub-11923	stranger	conditional	high_choice	27	0.5925925925925926	0.6032469263572962	0.5082428490368328	0.6683321747385544
sub-11923	stranger	conditional	investment	27	4.074074074074074	4.116316755326988	3.6059902118060894	4.452220842064859
sub-11923	stranger	generative	high_choice	27	0.5925925925925926	0.6037037037037036	0.37037037037037035	0.7777777777777778
sub-11923	stranger	generative	investment	27	4.074074074074074	4.108518518518519	2.9592592592592593	4.964814814814815
sub-11923	computer	conditional	high_choice	28	0.42857142857142855	0.5944041106711867	0.49054814202705094	0.6628495047712294
sub-11923	computer	conditional	investment	28	3.0714285714285716	4.095576992522862	3.523507391728319	4.471915749258012
sub-11923	computer	generative	high_choice	28	0.42857142857142855	0.5948214285714286	0.4276785714285714	0.75
sub-11923	computer	generative	investment	28	3.0714285714285716	4.098571428571429	3.1392857142857142	5.0
sub-11924	friend	conditional	high_choice	28	1.0	0.47920892181122854	0.38764824251089214	0.5676998562097901
sub-11924	friend	conditional	investment	28	6.0	3.5243756549272134	3.0305431700295187	3.9836446657148037
sub-11924	friend	generative	high_choice	28	1.0	0.4698214285714286	0.28482142857142856	0.6785714285714286
sub-11924	friend	generative	investment	28	6.0	3.485	2.5	4.573214285714286
sub-11924	stranger	conditional	high_choice	28	0.25	0.4669409372871051	0.38520350770493234	0.5547789227400948
sub-11924	stranger	conditional	investment	28	2.2857142857142856	3.3756560904127366	2.906810306400929	3.922059170275477
sub-11924	stranger	generative	high_choice	28	0.25	0.4632142857142857	0.3205357142857143	0.6428571428571429
sub-11924	stranger	generative	investment	28	2.2857142857142856	3.378571428571429	2.5	4.430357142857144
sub-11924	computer	conditional	high_choice	27	0.18518518518518517	0.42117951201444753	0.3145041082454169	0.5541714483680527
sub-11924	computer	conditional	investment	27	1.7777777777777777	3.1455460128987425	2.5895144631029914	3.8777411281985974
sub-11924	computer	generative	high_choice	27	0.18518518518518517	0.4227777777777778	0.2212962962962963	0.5925925925925926
sub-11924	computer	generative	investment	27	1.7777777777777777	3.1603703703703707	2.218518518518519	4.148148148148148
sub-11926	friend	conditional	high_choice	28	0.9642857142857143	0.6876141912682024	0.6464776398990705	0.7062439061120265
sub-11926	friend	conditional	investment	28	5.928571428571429	4.589530870263286	4.397664030042762	4.676794690570406
sub-11926	friend	generative	high_choice	28	0.9642857142857143	0.6867857142857143	0.5357142857142857	0.8214285714285714
sub-11926	friend	generative	investment	28	5.928571428571429	4.577142857142857	3.855357142857143	5.285714285714286
sub-11926	stranger	conditional	high_choice	28	0.9642857142857143	0.6875885896319867	0.6463581605460273	0.7060956214531333
sub-11926	stranger	conditional	investment	28	5.857142857142857	4.588655395290537	4.396511999953769	4.675766932595092
sub-11926	stranger	generative	high_choice	28	0.9642857142857143	0.6821428571428573	0.5705357142857143	0.8214285714285714
sub-11926	stranger	generative	investment	28	5.857142857142857	4.560714285714286	4.0	5.214285714285714
sub-11926	computer	conditional	high_choice	28	0.9285714285714286	0.6874619477044979	0.6464136162189033	0.7055602993692629
sub-11926	computer	conditional	investment	28	5.714285714285714	4.587525944122041	4.396775319744873	4.670964925251251
sub-11926	computer	generative	high_choice	28	0.9285714285714286	0.6846428571428572	0.5705357142857143	0.8214285714285714
sub-11926	computer	generative	investment	28	5.714285714285714	4.563928571428571	3.9285714285714284	5.142857142857143
sub-11928	friend	conditional	high_choice	27	0.8518518518518519	0.7017748963717171	0.6753104820465734	0.7171124928486952
sub-11928	friend	conditional	investment	27	5.2592592592592595	4.569922905910403	4.447002316903512	4.642771082027691
sub-11928	friend	generative	high_choice	27	0.8518518518518519	0.7085185185185184	0.5555555555555556	0.8148148148148148
sub-11928	friend	generative	investment	27	5.2592592592592595	4.591481481481481	3.925925925925926	5.2592592592592595
sub-11928	stranger	conditional	high_choice	25	1.0	0.7013241890739679	0.6766878060145958	0.71510683062431
sub-11928	stranger	conditional	investment	25	5.76	4.476580460425554	4.370194057540835	4.537991986238024
sub-11928	stranger	generative	high_choice	25	1.0	0.7031999999999999	0.559	0.84
sub-11928	stranger	generative	investment	25	5.76	4.48	3.76	5.122000000000001
sub-11928	computer	conditional	high_choice	24	1.0	0.7282088351125556	0.7004209584634772	0.7449986713629482
sub-11928	computer	conditional	investment	24	5.666666666666667	4.4828413952944866	4.350401946266191	4.5607339844248
sub-11928	computer	generative	high_choice	24	1.0	0.7327083333333333	0.5833333333333334	0.875
sub-11928	computer	generative	investment	24	5.666666666666667	4.495	3.8312500000000003	5.166666666666667
sub-11929	friend	conditional	high_choice	28	0.17857142857142858	0.14784902581602855	0.09299329958689766	0.21146214206763939
sub-11929	friend	conditional	investment	28	2.142857142857143	1.8457935608577316	1.6692026267316815	2.0873874024601116
sub-11929	friend	generative	high_choice	28	0.17857142857142858	0.14642857142857144	0.03571428571428571	0.2857142857142857
sub-11929	friend	generative	investment	28	2.142857142857143	1.847142857142857	1.5	2.3589285714285717
sub-11929	stranger	conditional	high_choice	27	0.1111111111111111	0.15141738900177132	0.0952808658564852	0.2151941112953896
sub-11929	stranger	conditional	investment	27	1.7777777777777777	1.9022367139815715	1.724580595156586	2.1347871913958603
sub-11929	stranger	generative	high_choice	27	0.1111111111111111	0.15333333333333332	0.037037037037037035	0.2962962962962963
sub-11929	stranger	generative	investment	27	1.7777777777777777	1.9196296296296296	1.5555555555555556	2.4444444444444446
sub-11929	computer	conditional	high_choice	28	0.03571428571428571	0.14736324373108287	0.0913443796067223	0.21283200406773387
sub-11929	computer	conditional	investment	28	1.5714285714285714	1.8477591325776177	1.667138595965175	2.090347769440533
sub-11929	computer	generative	high_choice	28	0.03571428571428571	0.16053571428571428	0.03571428571428571	0.2857142857142857
sub-11929	computer	generative	investment	28	1.5714285714285714	1.8892857142857145	1.5696428571428571	2.3589285714285717
sub-11931	friend	conditional	high_choice	28	0.9642857142857143	0.686662317942534	0.6443716174649723	0.7072794964671381
sub-11931	friend	conditional	investment	28	5.928571428571429	4.58430596133138	4.384844464703579	4.681265402410483
sub-11931	friend	generative	high_choice	28	0.9642857142857143	0.6932142857142857	0.5357142857142857	0.8214285714285714
sub-11931	friend	generative	investment	28	5.928571428571429	4.611071428571428	3.9267857142857143	5.214285714285714
sub-11931	stranger	conditional	high_choice	28	1.0	0.6863779951421911	0.6437046164589024	0.7071221576199195
sub-11931	stranger	conditional	investment	28	6.0	4.58328292854042	4.36399438359611	4.6817277176256145
sub-11931	stranger	generative	high_choice	28	1.0	0.6891071428571428	0.5357142857142857	0.8223214285714288
sub-11931	stranger	generative	investment	28	6.0	4.5964285714285715	3.857142857142857	5.2875000000000005
sub-11931	computer	conditional	high_choice	28	1.0	0.686305000403517	0.6441279241923221	0.7074555925014501
sub-11931	computer	conditional	investment	28	6.0	4.580760075959155	4.381707149453881	4.680670574917451
sub-11931	computer	generative	high_choice	28	1.0	0.6782142857142857	0.5	0.8571428571428571
sub-11931	computer	generative	investment	28	6.0	4.553571428571429	3.6410714285714287	5.358928571428572
sub-11935	friend	conditional	high_choice	28	0.8928571428571429	0.6314259342978927	0.5256401227215016	0.6876363947403437
sub-11935	friend	conditional	investment	28	5.571428571428571	4.301123093124821	3.7142033628174644	4.589589858311212
sub-11935	friend	generative	high_choice	28	0.8928571428571429	0.6391071428571429	0.49910714285714286	0.8214285714285714
sub-11935	friend	generative	investment	28	5.571428571428571	4.328214285714285	3.5696428571428576	5.216071428571429
sub-11935	stranger	conditional	high_choice	28	0.5714285714285714	0.6233276683786259	0.5221018394878956	0.6868710233349453
sub-11935	stranger	conditional	investment	28	3.642857142857143	4.25389242877446	3.6973191578728444	4.584578497195821
sub-11935	stranger	generative	high_choice	28	0.5714285714285714	0.6192857142857143	0.4642857142857143	0.7857142857142857
sub-11935	stranger	generative	investment	28	3.642857142857143	4.220714285714285	3.357142857142857	5.001785714285715
sub-11935	computer	conditional	high_choice	28	0.35714285714285715	0.6378390079176458	0.5472440763000966	0.6880338181573616
sub-11935	computer	conditional	investment	28	2.857142857142857	4.320750233541609	3.831840670370999	4.589950331935257
sub-11935	computer	generative	high_choice	28	0.35714285714285715	0.6417857142857143	0.4642857142857143	0.7857142857142857
sub-11935	computer	generative	investment	28	2.857142857142857	4.33	3.4285714285714284	5.071428571428571
sub-11939	friend	conditional	high_choice	28	0.6785714285714286	0.47656397236092063	0.3701573910905076	0.5983455310124141
sub-11939	friend	conditional	investment	28	4.428571428571429	3.480264556801442	2.9078770628262847	4.165001488786462
sub-11939	friend	generative	high_choice	28	0.6785714285714286	0.4855357142857143	0.2857142857142857	0.6785714285714286
sub-11939	friend	generative	investment	28	4.428571428571429	3.5221428571428572	2.4285714285714284	4.5
sub-11939	stranger	conditional	high_choice	28	0.39285714285714285	0.48294641074588607	0.3786061687280597	0.6086770023610484
sub-11939	stranger	conditional	investment	28	3.142857142857143	3.5119929775155896	2.925953231666262	4.1946508460333956
sub-11939	stranger	generative	high_choice	28	0.39285714285714285	0.4775	0.2857142857142857	0.6785714285714286
sub-11939	stranger	generative	investment	28	3.142857142857143	3.473928571428571	2.5696428571428576	4.571428571428571
sub-11939	computer	conditional	high_choice	28	0.2857142857142857	0.5040503659327029	0.40622675644104744	0.6058869686315429
sub-11939	computer	conditional	investment	28	2.4285714285714284	3.6354931836455444	3.081268167699774	4.1985031340628005
sub-11939	computer	generative	high_choice	28	0.2857142857142857	0.48696428571428574	0.2857142857142857	0.6785714285714286
sub-11939	computer	generative	investment	28	2.4285714285714284	3.5382142857142855	2.6410714285714287	4.503571428571429
sub-11943	friend	conditional	high_choice	28	0.9642857142857143	0.42682267361456083	0.3374487428098028	0.5225209812110782
sub-11943	friend	conditional	investment	28	5.785714285714286	3.2965407887736746	2.817664150898325	3.800643887235278
sub-11943	friend	generative	high_choice	28	0.9642857142857143	0.42339285714285707	0.21428571428571427	0.6428571428571429
sub-11943	friend	generative	investment	28	5.785714285714286	3.2782142857142857	2.2857142857142856	4.358928571428572
sub-11943	stranger	conditional	high_choice	28	0.10714285714285714	0.42544270445457033	0.32827149898978464	0.5242417951128624
sub-11943	stranger	conditional	investment	28	2.0714285714285716	3.3048515674250227	2.7868199622759224	3.826770735974646
sub-11943	stranger	generative	high_choice	28	0.10714285714285714	0.43125	0.25	0.6428571428571429
sub-11943	stranger	generative	investment	28	2.0714285714285716	3.3307142857142855	2.4285714285714284	4.358928571428572
sub-11943	computer	conditional	high_choice	28	0.03571428571428571	0.4218829344015116	0.3322440344012438	0.5180355292192026
sub-11943	computer	conditional	investment	28	1.5	3.2797303426891404	2.7984106079650544	3.7942880443192935
sub-11943	computer	generative	high_choice	28	0.03571428571428571	0.4207142857142857	0.21428571428571427	0.6428571428571429
sub-11943	computer	generative	investment	28	1.5	3.2760714285714285	2.355357142857143	4.285714285714286
sub-11949	friend	conditional	high_choice	28	1.0	0.4502397973435267	0.3629467846479402	0.5302810227170539
sub-11949	friend	conditional	investment	28	6.0	3.42642118840118	2.9330407232208455	3.845390736935435
sub-11949	friend	generative	high_choice	28	1.0	0.44285714285714284	0.25	0.6080357142857145
sub-11949	friend	generative	investment	28	6.0	3.3982142857142854	2.357142857142857	4.501785714285715
sub-11949	stranger	conditional	high_choice	28	0.17857142857142858	0.4530502900238591	0.3641563928975766	0.5320716614271435
sub-11949	stranger	conditional	investment	28	2.0714285714285716	3.443771591759546	2.9514252813371544	3.8576688642955963
sub-11949	stranger	generative	high_choice	28	0.17857142857142858	0.44125	0.21428571428571427	0.6428571428571429
sub-11949	stranger	generative	investment	28	2.0714285714285716	3.3917857142857146	2.2857142857142856	4.358928571428572
sub-11949	computer	conditional	high_choice	27	0.07407407407407407	0.45368852723337966	0.3615395844554837	0.5344290985176336
sub-11949	computer	conditional	investment	27	1.4814814814814814	3.370706700010354	2.8489097281493336	3.7930465399841595
sub-11949	computer	generative	high_choice	27	0.07407407407407407	0.4651851851851852	0.25925925925925924	0.6666666666666666
sub-11949	computer	generative	investment	27	1.4814814814814814	3.425555555555556	2.5166666666666666	4.444444444444445
sub-11960	friend	conditional	high_choice	28	0.7142857142857143	0.5085759645443031	0.43260862910407116	0.592708611873283
sub-11960	friend	conditional	investment	28	4.357142857142857	3.6002834794709235	3.186978705543573	4.062210335229461
sub-11960	friend	generative	high_choice	28	0.7142857142857143	0.5107142857142857	0.35625	0.679464285714286
sub-11960	friend	generative	investment	28	4.357142857142857	3.604642857142857	2.855357142857143	4.501785714285715
sub-11960	stranger	conditional	high_choice	27	0.4074074074074074	0.46133207162684076	0.38050503807456476	0.5705897397167343
sub-11960	stranger	conditional	investment	27	3.259259259259259	3.458993951930411	3.01305570399813	4.0720736643739714
sub-11960	stranger	generative	high_choice	27	0.4074074074074074	0.4727777777777778	0.2962962962962963	0.6666666666666666
sub-11960	stranger	generative	investment	27	3.259259259259259	3.5448148148148153	2.5925925925925926	4.446296296296297
sub-11960	computer	conditional	high_choice	27	0.3333333333333333	0.47534195837874227	0.4051528239321795	0.5706030000170211
sub-11960	computer	conditional	investment	27	2.740740740740741	3.5332739653988527	3.1166690528984238	4.077363347181294
sub-11960	computer	generative	high_choice	27	0.3333333333333333	0.4866666666666667	0.2962962962962963	0.6666666666666666
sub-11960	computer	generative	investment	27	2.740740740740741	3.5951851851851853	2.812962962962963	4.518518518518518
sub-11969	friend	conditional	high_choice	28	1.0	0.5334189240954466	0.44404930204826487	0.6153045103325971
sub-11969	friend	conditional	investment	28	6.0	3.815707880715586	3.3280876946742497	4.238010255167971
sub-11969	friend	generative	high_choice	28	1.0	0.5358928571428572	0.32142857142857145	0.7142857142857143
sub-11969	friend	generative	investment	28	6.0	3.831428571428572	2.7839285714285715	4.714285714285714
sub-11969	stranger	conditional	high_choice	28	0.2857142857142857	0.5297273100847881	0.42505431007089234	0.6160957614627189
sub-11969	stranger	conditional	investment	28	2.5714285714285716	3.8165165836636517	3.230142919406431	4.25636370201681
sub-11969	stranger	generative	high_choice	28	0.2857142857142857	0.5296428571428572	0.35714285714285715	0.7142857142857143
sub-11969	stranger	generative	investment	28	2.5714285714285716	3.8471428571428574	2.998214285714286	4.717857142857143
sub-11969	computer	conditional	high_choice	28	0.21428571428571427	0.5368975565649344	0.4526457240462353	0.6156915543512678
sub-11969	computer	conditional	investment	28	2.357142857142857	3.833240566498266	3.3489455242425965	4.241136423088872
sub-11969	computer	generative	high_choice	28	0.21428571428571427	0.5341071428571429	0.35625	0.7142857142857143
sub-11969	computer	generative	investment	28	2.357142857142857	3.8096428571428573	2.7142857142857144	4.716071428571429
sub-11974	friend	conditional	high_choice	28	0.9642857142857143	0.6938884954937214	0.6685138907710124	0.7098629521524562
sub-11974	friend	conditional	investment	28	5.857142857142857	4.617673594969581	4.4998816457701	4.6936252046850555
sub-11974	friend	generative	high_choice	28	0.9642857142857143	0.6935714285714286	0.5357142857142857	0.8214285714285714
sub-11974	friend	generative	investment	28	5.857142857142857	4.621428571428571	3.998214285714286	5.214285714285714
sub-11974	stranger	conditional	high_choice	27	1.0	0.6855434023055881	0.6633206167767856	0.6996778875428589
sub-11974	stranger	conditional	investment	27	6.148148148148148	4.724862415411101	4.611416227083566	4.79482579123824
sub-11974	stranger	generative	high_choice	27	1.0	0.6777777777777777	0.5185185185185185	0.8148148148148148
sub-11974	stranger	generative	investment	27	6.148148148148148	4.687777777777778	3.8518518518518516	5.555555555555555
sub-11974	computer	conditional	high_choice	27	0.9259259259259259	0.6858682587835362	0.6638880052907252	0.6998762757084513
sub-11974	computer	conditional	investment	27	5.777777777777778	4.655223701243239	4.547147239689522	4.7225968108455305
sub-11974	computer	generative	high_choice	27	0.9259259259259259	0.6775925925925926	0.5185185185185185	0.8148148148148148
sub-11974	computer	generative	investment	27	5.777777777777778	4.625555555555556	3.8518518518518516	5.261111111111112
sub-11976	friend	conditional	high_choice	28	1.0	0.5730576432475517	0.5083343368712736	0.6308616469144368
sub-11976	friend	conditional	investment	28	6.0	4.047547483702208	3.734705615250016	4.32405147919427
sub-11976	friend	generative	high_choice	28	1.0	0.5607142857142857	0.35714285714285715	0.7151785714285717
sub-11976	friend	generative	investment	28	6.0	4.0060714285714285	2.9267857142857143	4.858928571428572
sub-11976	stranger	conditional	high_choice	27	0.7407407407407407	0.5747451202329508	0.5071256985469234	0.6350961507491798
sub-11976	stranger	conditional	investment	27	4.666666666666667	3.97330765924182	3.6525666104376433	4.257566015486198
sub-11976	stranger	generative	high_choice	27	0.7407407407407407	0.5798148148148148	0.4074074074074074	0.7777777777777778
sub-11976	stranger	generative	investment	27	4.666666666666667	4.014074074074074	3.1814814814814816	4.964814814814815
sub-11976	computer	conditional	high_choice	28	0.7142857142857143	0.570953610022498	0.5042842995972306	0.6291969276532314
sub-11976	computer	conditional	investment	28	4.714285714285714	4.035290398328184	3.7134338105421514	4.309432320983897
sub-11976	computer	generative	high_choice	28	0.7142857142857143	0.5632142857142857	0.35714285714285715	0.75
sub-11976	computer	generative	investment	28	4.714285714285714	3.998928571428571	3.0714285714285716	4.930357142857144
sub-11982	friend	conditional	high_choice	26	0.9230769230769231	0.6079904222787579	0.5521561994845408	0.6518880174460893
sub-11982	friend	conditional	investment	26	6.0	4.431491397895524	4.148881946969837	4.658159879761043
sub-11982	friend	generative	high_choice	26	0.9230769230769231	0.6001923076923077	0.4230769230769231	0.7692307692307693
sub-11982	friend	generative	investment	26	6.0	4.416538461538462	3.5384615384615383	5.230769230769231
sub-11982	stranger	conditional	high_choice	27	0.8888888888888888	0.6117503887925084	0.5520175948313885	0.658265744486892
sub-11982	stranger	conditional	investment	27	5.703703703703703	4.362746246772157	4.07062581362878	4.592299218398335
sub-11982	stranger	generative	high_choice	27	0.8888888888888888	0.6098148148148148	0.4064814814814815	0.7416666666666668
sub-11982	stranger	generative	investment	27	5.703703703703703	4.357407407407408	3.4055555555555554	5.187037037037038
sub-11982	computer	conditional	high_choice	28	0.4642857142857143	0.6186210032943026	0.5549465335431233	0.6671151566112309
sub-11982	computer	conditional	investment	28	3.0714285714285716	4.255976195440159	3.95009984823642	4.490759474306926
sub-11982	computer	generative	high_choice	28	0.4642857142857143	0.6182142857142857	0.42857142857142855	0.7857142857142857
sub-11982	computer	generative	investment	28	3.0714285714285716	4.256785714285714	3.357142857142857	5.071428571428571
sub-11984	friend	conditional	high_choice	28	0.9642857142857143	0.6950085555096248	0.6682021045630966	0.7103957091160873
sub-11984	friend	conditional	investment	28	5.785714285714286	4.6241813655386155	4.497599427711665	4.696421849481391
sub-11984	friend	generative	high_choice	28	0.9642857142857143	0.6869642857142858	0.5705357142857143	0.8214285714285714
sub-11984	friend	generative	investment	28	5.785714285714286	4.586428571428571	3.9267857142857143	5.216071428571429
sub-11984	stranger	conditional	high_choice	28	1.0	0.6938013995376454	0.6660941882397493	0.7099287019104503
sub-11984	stranger	conditional	investment	28	6.0	4.6179566511194965	4.4878897899781345	4.693666553700403
sub-11984	stranger	generative	high_choice	28	1.0	0.6950000000000002	0.5357142857142857	0.8214285714285714
sub-11984	stranger	generative	investment	28	6.0	4.609285714285715	3.7857142857142856	5.214285714285714
sub-11984	computer	conditional	high_choice	28	1.0	0.6933079907724351	0.6639680669009018	0.7097128499681783
sub-11984	computer	conditional	investment	28	6.0	4.614862091432634	4.4760822542582375	4.692506872072079
sub-11984	computer	generative	high_choice	28	1.0	0.6869642857142857	0.5357142857142857	0.8214285714285714
sub-11984	computer	generative	investment	28	6.0	4.5685714285714285	3.7839285714285715	5.144642857142858
sub-12008	friend	conditional	high_choice	28	1.0	0.4593253947386131	0.3648356600881887	0.5488687766729861
sub-12008	friend	conditional	investment	28	6.0	3.457050611404885	2.9913245765385645	3.9411275120677023
sub-12008	friend	generative	high_choice	28	1.0	0.4546428571428571	0.25	0.6437500000000003
sub-12008	friend	generative	investment	28	6.0	3.4321428571428565	2.4267857142857143	4.430357142857144
sub-12008	stranger	conditional	high_choice	28	0.14285714285714285	0.4366445988203704	0.3205840151711289	0.5470441152735763
sub-12008	stranger	conditional	investment	28	2.0	3.3224767140198215	2.695826495162741	3.9019006130942073
sub-12008	stranger	generative	high_choice	28	0.14285714285714285	0.4464285714285714	0.21428571428571427	0.6785714285714286
sub-12008	stranger	generative	investment	28	2.0	3.3753571428571427	2.2142857142857144	4.360714285714286
sub-12008	computer	conditional	high_choice	27	0.07407407407407407	0.4645468154804615	0.38138293303496035	0.5488878241811516
sub-12008	computer	conditional	investment	27	1.7777777777777777	3.564663770137791	3.1153776158165667	4.0070216478302205
sub-12008	computer	generative	high_choice	27	0.07407407407407407	0.46648148148148144	0.25925925925925924	0.6666666666666666
sub-12008	computer	generative	investment	27	1.7777777777777777	3.575925925925926	2.5185185185185186	4.592592592592593
sub-12011	friend	conditional	high_choice	25	0.88	0.6385202331064067	0.5758383742279596	0.6821581501252316
sub-12011	friend	conditional	investment	25	5.52	4.357813277554187	4.032859224739134	4.573954984602345
sub-12011	friend	generative	high_choice	25	0.88	0.6476	0.44	0.8
sub-12011	friend	generative	investment	25	5.52	4.3976	3.438	5.28
sub-12011	stranger	conditional	high_choice	28	0.7142857142857143	0.6308679928630683	0.5616712660817061	0.6769045011848805
sub-12011	stranger	conditional	investment	28	4.857142857142857	4.314265263194998	3.9675818563324325	4.538534085331646
sub-12011	stranger	generative	high_choice	28	0.7142857142857143	0.6298214285714286	0.4642857142857143	0.7857142857142857
sub-12011	stranger	generative	investment	28	4.857142857142857	4.315357142857144	3.5	5.071428571428571
sub-12011	computer	conditional	high_choice	26	0.8076923076923077	0.6167084858486913	0.5542767209894492	0.658646540379203
sub-12011	computer	conditional	investment	26	5.230769230769231	4.2645617312852835	3.9609747284065078	4.46472032916549
sub-12011	computer	generative	high_choice	26	0.8076923076923077	0.6275	0.4230769230769231	0.8076923076923077
sub-12011	computer	generative	investment	26	5.230769230769231	4.326153846153846	3.3057692307692306	5.230769230769231
sub-12013	friend	conditional	high_choice	28	0.7142857142857143	0.4381039646314741	0.374583790522794	0.5029415879486729
sub-12013	friend	conditional	investment	28	5.142857142857143	3.424336139156925	3.1285982971729176	3.7257786979880168
sub-12013	friend	generative	high_choice	28	0.7142857142857143	0.4298214285714285	0.25	0.6437500000000003
sub-12013	friend	generative	investment	28	5.142857142857143	3.3671428571428574	2.498214285714286	4.571428571428571
sub-12013	stranger	conditional	high_choice	26	0.4230769230769231	0.4297520012075324	0.36756714177874	0.49299685320919867
sub-12013	stranger	conditional	investment	26	3.6153846153846154	3.4864167081323365	3.1505334237979805	3.8101297984443736
sub-12013	stranger	generative	high_choice	26	0.4230769230769231	0.4380769230769231	0.2692307692307692	0.6153846153846154
sub-12013	stranger	generative	investment	26	3.6153846153846154	3.5319230769230767	2.6153846153846154	4.615384615384615
sub-12013	computer	conditional	high_choice	28	0.35714285714285715	0.434175816335632	0.37367153714871476	0.49762554491782085
sub-12013	computer	conditional	investment	28	3.2857142857142856	3.407526300416547	3.0785156204864133	3.713487834218111
sub-12013	computer	generative	high_choice	28	0.35714285714285715	0.4376785714285715	0.25	0.6428571428571429
sub-12013	computer	generative	investment	28	3.2857142857142856	3.4442857142857144	2.5714285714285716	4.357142857142857
sub-12018	friend	conditional	high_choice	28	0.9285714285714286	0.4930791536628763	0.41693841830117584	0.5594808545632518
sub-12018	friend	conditional	investment	28	5.714285714285714	3.558450678041995	3.11265134621456	3.9373243320713227
sub-12018	friend	generative	high_choice	28	0.9285714285714286	0.4839285714285715	0.2857142857142857	0.6428571428571429
sub-12018	friend	generative	investment	28	5.714285714285714	3.5596428571428573	2.5714285714285716	4.430357142857144
sub-12018	stranger	conditional	high_choice	28	0.14285714285714285	0.4452192924061646	0.3544298401447238	0.5306209763373301
sub-12018	stranger	conditional	investment	28	2.0	3.2937818288533878	2.772052898540267	3.759663075321774
sub-12018	stranger	generative	high_choice	28	0.14285714285714285	0.45785714285714285	0.28482142857142856	0.6428571428571429
sub-12018	stranger	generative	investment	28	2.0	3.3967857142857145	2.498214285714286	4.358928571428572
sub-12018	computer	conditional	high_choice	26	0.3076923076923077	0.4371380469085661	0.3414708860501044	0.5393456114045909
sub-12018	computer	conditional	investment	26	2.4615384615384617	3.20109091898548	2.6918314809598467	3.7966822980105315
sub-12018	computer	generative	high_choice	26	0.3076923076923077	0.4319230769230769	0.23076923076923078	0.6153846153846154
sub-12018	computer	generative	investment	26	2.4615384615384617	3.21	2.1538461538461537	4.1557692307692315
sub-12020	friend	conditional	high_choice	28	0.6428571428571429	0.38634698441964654	0.3047541236740283	0.487499923996994
sub-12020	friend	conditional	investment	28	4.142857142857143	2.9582423845514243	2.538600571239959	3.5165431125803877
sub-12020	friend	generative	high_choice	28	0.6428571428571429	0.38625	0.21428571428571427	0.6071428571428571
sub-12020	friend	generative	investment	28	4.142857142857143	2.9803571428571427	2.0714285714285716	4.142857142857143
sub-12020	stranger	conditional	high_choice	27	0.4074074074074074	0.38663548627986344	0.30394784254837454	0.4903586801470033
sub-12020	stranger	conditional	investment	27	2.814814814814815	2.868009086910176	2.4293799396670446	3.4390888418688044
sub-12020	stranger	generative	high_choice	27	0.4074074074074074	0.3911111111111111	0.2222222222222222	0.5555555555555556
sub-12020	stranger	generative	investment	27	2.814814814814815	2.8818518518518514	2.1481481481481484	3.7037037037037037
sub-12020	computer	conditional	high_choice	27	0.07407407407407407	0.3998331352574476	0.3130807189407631	0.4966771050639997
sub-12020	computer	conditional	investment	27	1.5555555555555556	2.9830606222766174	2.548239478226725	3.5207562570788697
sub-12020	computer	generative	high_choice	27	0.07407407407407407	0.39777777777777773	0.2222222222222222	0.5564814814814817
sub-12020	computer	generative	investment	27	1.5555555555555556	2.9511111111111115	2.0	3.8518518518518516
sub-12021	friend	conditional	high_choice	28	0.7142857142857143	0.6217956362643781	0.5510463590075046	0.671006178654983
sub-12021	friend	conditional	investment	28	4.714285714285714	4.274396102299859	3.939852690158032	4.5082567023415425
sub-12021	friend	generative	high_choice	28	0.7142857142857143	0.6237499999999999	0.42857142857142855	0.7508928571428574
sub-12021	friend	generative	investment	28	4.714285714285714	4.278214285714285	3.3535714285714286	5.071428571428571
sub-12021	stranger	conditional	high_choice	27	0.8148148148148148	0.615667117514611	0.54851560481332	0.6626550124534039
sub-12021	stranger	conditional	investment	27	5.111111111111111	4.2013629397230225	3.8645063720159873	4.413111416955606
sub-12021	stranger	generative	high_choice	27	0.8148148148148148	0.6155555555555555	0.4444444444444444	0.7777777777777778
sub-12021	stranger	generative	investment	27	5.111111111111111	4.199259259259259	3.32962962962963	5.03888888888889
sub-12021	computer	conditional	high_choice	28	0.6785714285714286	0.6246980300642972	0.5601849146198103	0.6711544185897391
sub-12021	computer	conditional	investment	28	4.428571428571429	4.295829585938156	3.9990218774467565	4.512903735745282
sub-12021	computer	generative	high_choice	28	0.6785714285714286	0.6164285714285714	0.42857142857142855	0.8214285714285714
sub-12021	computer	generative	investment	28	4.428571428571429	4.234642857142857	3.2125000000000004	5.142857142857143
sub-12031	friend	conditional	high_choice	27	0.9259259259259259	0.5385099135864436	0.4784871397736433	0.5985432970767989
sub-12031	friend	conditional	investment	27	5.777777777777778	4.000521642292286	3.6985417191845396	4.296073904449603
sub-12031	friend	generative	high_choice	27	0.9259259259259259	0.5414814814814815	0.3333333333333333	0.7407407407407407
sub-12031	friend	generative	investment	27	5.777777777777778	4.00962962962963	2.9592592592592593	4.890740740740742
sub-12031	stranger	conditional	high_choice	28	0.7857142857142857	0.5395700333214611	0.4764168498107007	0.6016133490855932
sub-12031	stranger	conditional	investment	28	4.785714285714286	3.8921982816212424	3.5989906995331036	4.181063168287783
sub-12031	stranger	generative	high_choice	28	0.7857142857142857	0.5389285714285714	0.35714285714285715	0.7508928571428574
sub-12031	stranger	generative	investment	28	4.785714285714286	3.8875	3.067857142857143	4.857142857142857
sub-12031	computer	conditional	high_choice	27	0.5555555555555556	0.5408617028553836	0.4756846165066523	0.6052237360958335
sub-12031	computer	conditional	investment	27	3.8518518518518516	3.8445085037173885	3.5341494635747117	4.147461415820412
sub-12031	computer	generative	high_choice	27	0.5555555555555556	0.5392592592592592	0.3333333333333333	0.7407407407407407
sub-12031	computer	generative	investment	27	3.8518518518518516	3.8492592592592594	2.962962962962963	4.816666666666667
sub-12032	friend	conditional	high_choice	28	0.8571428571428571	0.643641533042271	0.5827584522484707	0.6894341053951301
sub-12032	friend	conditional	investment	28	5.357142857142857	4.379297751155576	4.083679553873421	4.596929676722709
sub-12032	friend	generative	high_choice	28	0.8571428571428571	0.6421428571428572	0.4642857142857143	0.8214285714285714
sub-12032	friend	generative	investment	28	5.357142857142857	4.36	3.498214285714286	5.142857142857143
sub-12032	stranger	conditional	high_choice	27	0.7037037037037037	0.6364868530990603	0.5774441643417793	0.6799708279918467
sub-12032	stranger	conditional	investment	27	4.592592592592593	4.292195111247277	4.022134811348282	4.487649122523765
sub-12032	stranger	generative	high_choice	27	0.7037037037037037	0.6411111111111112	0.48148148148148145	0.7787037037037039
sub-12032	stranger	generative	investment	27	4.592592592592593	4.304814814814815	3.4814814814814814	5.037037037037037
sub-12032	computer	conditional	high_choice	28	0.7142857142857143	0.6451699695526142	0.58633928653158	0.6899504992103817
sub-12032	computer	conditional	investment	28	4.571428571428571	4.387000652439055	4.099732239481274	4.599929540647147
sub-12032	computer	generative	high_choice	28	0.7142857142857143	0.65625	0.49910714285714286	0.8214285714285714
sub-12032	computer	generative	investment	28	4.571428571428571	4.443214285714285	3.6410714285714287	5.214285714285714
sub-12033	friend	conditional	high_choice	28	0.8214285714285714	0.4482874923521038	0.3554983661028315	0.557944305229691
sub-12033	friend	conditional	investment	28	5.071428571428571	3.3200674580321343	2.796260013812915	3.9390061351130483
sub-12033	friend	generative	high_choice	28	0.8214285714285714	0.43875	0.25	0.6428571428571429
sub-12033	friend	generative	investment	28	5.071428571428571	3.2810714285714284	2.2839285714285715	4.2875000000000005
sub-12033	stranger	conditional	high_choice	28	0.35714285714285715	0.46947337359834906	0.3835367843859124	0.5654202167281815
sub-12033	stranger	conditional	investment	28	3.142857142857143	3.446387723093462	2.973924165280192	3.9825959983990726
sub-12033	stranger	generative	high_choice	28	0.35714285714285715	0.46142857142857147	0.2857142857142857	0.6428571428571429
sub-12033	stranger	generative	investment	28	3.142857142857143	3.436071428571429	2.5	4.358928571428572
sub-12033	computer	conditional	high_choice	28	0.03571428571428571	0.45720628437886857	0.3656387302340452	0.562401872256922
sub-12033	computer	conditional	investment	28	1.5	3.384198310073276	2.86542719525328	3.9506544783019497
sub-12033	computer	generative	high_choice	28	0.03571428571428571	0.43875	0.25	0.6785714285714286
sub-12033	computer	generative	investment	28	1.5	3.2921428571428577	2.4267857142857143	4.5
sub-12036	friend	conditional	high_choice	14	0.9285714285714286	0.6477132342052343	0.5680680244339771	0.6968096185152577
sub-12036	friend	conditional	investment	14	5.571428571428571	4.403864092041607	4.0319828078116435	4.638544328970946
sub-12036	friend	generative	high_choice	14	0.9285714285714286	0.6467857142857143	0.35714285714285715	0.8571428571428571
sub-12036	friend	generative	investment	14	5.571428571428571	4.422142857142857	3.4214285714285713	5.428571428571429
sub-12036	stranger	conditional	high_choice	13	0.6153846153846154	0.6274895886640165	0.5570304444008342	0.6747915170101619
sub-12036	stranger	conditional	investment	13	3.8461538461538463	4.449533463868774	4.08267493410855	4.684608409786611
sub-12036	stranger	generative	high_choice	13	0.6153846153846154	0.6330769230769231	0.38461538461538464	0.8480769230769235
sub-12036	stranger	generative	investment	13	3.8461538461538463	4.468461538461538	3.230769230769231	5.6923076923076925
sub-12036	computer	conditional	high_choice	14	0.7142857142857143	0.648929331888863	0.572308155771969	0.694547607771505
sub-12036	computer	conditional	investment	14	5.0	4.408637349822257	4.048075200891048	4.62152178292639
sub-12036	computer	generative	high_choice	14	0.7142857142857143	0.6410714285714286	0.42857142857142855	0.8571428571428571
sub-12036	computer	generative	investment	14	5.0	4.3792857142857144	3.2857142857142856	5.428571428571429
sub-12037	friend	conditional	high_choice	13	0.8461538461538461	0.4495911863434766	0.33327216659291353	0.5693146380041616
sub-12037	friend	conditional	investment	13	4.923076923076923	3.297178153605527	2.7354136091389925	3.9061346688979417
sub-12037	friend	generative	high_choice	13	0.8461538461538461	0.45307692307692304	0.15384615384615385	0.7692307692307693
sub-12037	friend	generative	investment	13	4.923076923076923	3.267692307692308	2.0	4.61923076923077
sub-12037	stranger	conditional	high_choice	14	0.42857142857142855	0.4354725536447608	0.31254739048147	0.5727740347091373
sub-12037	stranger	conditional	investment	14	2.5714285714285716	3.258525527249301	2.603909387679634	4.021580067674717
sub-12037	stranger	generative	high_choice	14	0.42857142857142855	0.4589285714285714	0.21428571428571427	0.7857142857142857
sub-12037	stranger	generative	investment	14	2.5714285714285716	3.347142857142858	2.0	4.857142857142857
sub-12037	computer	conditional	high_choice	14	0.14285714285714285	0.45498879777322265	0.32633115635579313	0.5798409940399161
sub-12037	computer	conditional	investment	14	1.8571428571428572	3.3506558681565806	2.6753140379198252	4.060734891932492
sub-12037	computer	generative	high_choice	14	0.14285714285714285	0.46285714285714286	0.21428571428571427	0.7857142857142857
sub-12037	computer	generative	investment	14	1.8571428571428572	3.3628571428571434	2.142857142857143	5.003571428571429
sub-12038	friend	conditional	high_choice	28	0.9642857142857143	0.4659640214288831	0.3720897483081351	0.5413087479780262
sub-12038	friend	conditional	investment	28	5.785714285714286	3.4837434028772885	2.97752853967776	3.891555645817793
sub-12038	friend	generative	high_choice	28	0.9642857142857143	0.4742857142857143	0.3205357142857143	0.6428571428571429
sub-12038	friend	generative	investment	28	5.785714285714286	3.4953571428571433	2.5714285714285716	4.428571428571429
sub-12038	stranger	conditional	high_choice	28	0.35714285714285715	0.4504780681322745	0.3512366698819617	0.5347368979730989
sub-12038	stranger	conditional	investment	28	2.9285714285714284	3.4250402212103577	2.9247560598242823	3.8680600497389555
sub-12038	stranger	generative	high_choice	28	0.35714285714285715	0.4705357142857143	0.2857142857142857	0.6437500000000003
sub-12038	stranger	generative	investment	28	2.9285714285714284	3.521428571428571	2.7142857142857144	4.571428571428571
sub-12038	computer	conditional	high_choice	28	0.03571428571428571	0.43395772547253914	0.3227013895391924	0.5328590026701375
sub-12038	computer	conditional	investment	28	1.5	3.3253584707086845	2.747114863518086	3.8609993260415605
sub-12038	computer	generative	high_choice	28	0.03571428571428571	0.4682142857142857	0.2857142857142857	0.6785714285714286
sub-12038	computer	generative	investment	28	1.5	3.507857142857142	2.642857142857143	4.573214285714286
sub-12039	friend	conditional	high_choice	28	0.9285714285714286	0.6386383019884979	0.5739374241144607	0.6808082519533832
sub-12039	friend	conditional	investment	28	5.642857142857143	4.360801659934086	4.061962745948139	4.558339244810086
sub-12039	friend	generative	high_choice	28	0.9285714285714286	0.6326785714285714	0.4642857142857143	0.8214285714285714
sub-12039	friend	generative	investment	28	5.642857142857143	4.309285714285714	3.357142857142857	5.214285714285714
sub-12039	stranger	conditional	high_choice	28	0.9285714285714286	0.6372458008343365	0.5685907845875869	0.6803731741911389
sub-12039	stranger	conditional	investment	28	5.428571428571429	4.350268270896697	4.025622050262778	4.5544777736352975
sub-12039	stranger	generative	high_choice	28	0.9285714285714286	0.6348214285714284	0.46339285714285716	0.8214285714285714
sub-12039	stranger	generative	investment	28	5.428571428571429	4.351071428571429	3.498214285714286	5.144642857142858
sub-12039	computer	conditional	high_choice	28	0.7142857142857143	0.6387474068641998	0.5733753198774398	0.6808946096477593
sub-12039	computer	conditional	investment	28	5.0	4.3579932849055085	4.040104477797471	4.557450430072093
sub-12039	computer	generative	high_choice	28	0.7142857142857143	0.6355357142857142	0.42857142857142855	0.8214285714285714
sub-12039	computer	generative	investment	28	5.0	4.347142857142857	3.4285714285714284	5.216071428571429
sub-12041	friend	conditional	high_choice	28	0.5714285714285714	0.36562200454673205	0.3067903368261146	0.4338754365361355
sub-12041	friend	conditional	investment	28	3.7142857142857144	2.795206055060056	2.455699526244742	3.194834344732442
sub-12041	friend	generative	high_choice	28	0.5714285714285714	0.3608928571428571	0.21428571428571427	0.5
sub-12041	friend	generative	investment	28	3.7142857142857144	2.7567857142857144	2.0714285714285716	3.5714285714285716
sub-12041	stranger	conditional	high_choice	28	0.25	0.3800835434543515	0.3205646074107333	0.44806087874208866
sub-12041	stranger	conditional	investment	28	2.142857142857143	2.8576763678327324	2.518591812062712	3.2621988047688952
sub-12041	stranger	generative	high_choice	28	0.25	0.37767857142857136	0.25	0.5357142857142857
sub-12041	stranger	generative	investment	28	2.142857142857143	2.8310714285714282	2.210714285714286	3.642857142857143
sub-12041	computer	conditional	high_choice	28	0.32142857142857145	0.34765158265888824	0.280867103321581	0.41856640923262445
sub-12041	computer	conditional	investment	28	2.357142857142857	2.703997321165362	2.3472804210356366	3.1057089124884647
sub-12041	computer	generative	high_choice	28	0.32142857142857145	0.34357142857142864	0.21428571428571427	0.5
sub-12041	computer	generative	investment	28	2.357142857142857	2.6817857142857147	2.0696428571428576	3.5714285714285716
sub-12047	friend	conditional	high_choice	28	0.42857142857142855	0.2910311376953515	0.20852437967190793	0.39309509645544066
sub-12047	friend	conditional	investment	28	3.142857142857143	2.6147531149936323	2.1887947761683217	3.184221421411699
sub-12047	friend	generative	high_choice	28	0.42857142857142855	0.29482142857142857	0.14285714285714285	0.5
sub-12047	friend	generative	investment	28	3.142857142857143	2.634642857142857	1.8571428571428572	3.5767857142857156
sub-12047	stranger	conditional	high_choice	27	0.25925925925925924	0.2898868559369268	0.21228779820123808	0.3925311300358226
sub-12047	stranger	conditional	investment	27	2.3703703703703702	2.5064494268312543	2.08538798012228	3.071060333187539
sub-12047	stranger	generative	high_choice	27	0.25925925925925924	0.27888888888888885	0.1111111111111111	0.4453703703703706
sub-12047	stranger	generative	investment	27	2.3703703703703702	2.4466666666666668	1.6296296296296295	3.337037037037038
sub-12047	computer	conditional	high_choice	28	0.14285714285714285	0.30441242359860715	0.22195201845736043	0.40572672327090203
sub-12047	computer	conditional	investment	28	1.9285714285714286	2.677988212337142	2.255714566458688	3.1945880727011984
sub-12047	computer	generative	high_choice	28	0.14285714285714285	0.3048214285714286	0.14285714285714285	0.5
sub-12047	computer	generative	investment	28	1.9285714285714286	2.6835714285714287	1.9267857142857143	3.6446428571428573
sub-12049	friend	conditional	high_choice	28	0.7857142857142857	0.6257853837903962	0.5741885544385756	0.6653886333339049
sub-12049	friend	conditional	investment	28	4.857142857142857	4.3019799979599025	4.062318382361183	4.486576180590768
sub-12049	friend	generative	high_choice	28	0.7857142857142857	0.61875	0.42857142857142855	0.7857142857142857
sub-12049	friend	generative	investment	28	4.857142857142857	4.2675	3.4285714285714284	5.071428571428571
sub-12049	stranger	conditional	high_choice	28	0.8571428571428571	0.6238674448065753	0.5706385961588264	0.662912446827163
sub-12049	stranger	conditional	investment	28	5.428571428571429	4.288572486299788	4.035220745823502	4.471542961627463
sub-12049	stranger	generative	high_choice	28	0.8571428571428571	0.625	0.42857142857142855	0.7857142857142857
sub-12049	stranger	generative	investment	28	5.428571428571429	4.298214285714286	3.4285714285714284	5.001785714285715
sub-12049	computer	conditional	high_choice	27	0.7407407407407407	0.6202148906028456	0.570191049335942	0.6574064104808521
sub-12049	computer	conditional	investment	27	4.7407407407407405	4.401547228312193	4.157038720210098	4.586994322333673
sub-12049	computer	generative	high_choice	27	0.7407407407407407	0.6168518518518518	0.4444444444444444	0.8148148148148148
sub-12049	computer	generative	investment	27	4.7407407407407405	4.37925925925926	3.4796296296296294	5.262962962962964
sub-12051	friend	conditional	high_choice	28	0.8928571428571429	0.5453247894273969	0.46029247173720395	0.6173242925490503
sub-12051	friend	conditional	investment	28	5.357142857142857	3.8473000104785497	3.380557386832598	4.243876812037556
sub-12051	friend	generative	high_choice	28	0.8928571428571429	0.5589285714285714	0.3919642857142857	0.75
sub-12051	friend	generative	investment	28	5.357142857142857	3.924642857142857	2.857142857142857	4.7875000000000005
sub-12051	stranger	conditional	high_choice	28	0.42857142857142855	0.5367808829273244	0.4399027305081734	0.6169494886899021
sub-12051	stranger	conditional	investment	28	3.2857142857142856	3.828406551069936	3.321052060796422	4.254239921774281
sub-12051	stranger	generative	high_choice	28	0.42857142857142855	0.5467857142857142	0.35714285714285715	0.7142857142857143
sub-12051	stranger	generative	investment	28	3.2857142857142856	3.8892857142857142	2.9267857142857143	4.785714285714286
sub-12051	computer	conditional	high_choice	28	0.25	0.5191503163916467	0.422848827236152	0.6121105881620856
sub-12051	computer	conditional	investment	28	2.5	3.7026081687568455	3.137756172579292	4.2244426552396845
sub-12051	computer	generative	high_choice	28	0.25	0.5223214285714286	0.35714285714285715	0.679464285714286
sub-12051	computer	generative	investment	28	2.5	3.6875	2.7142857142857144	4.642857142857143
sub-12054	friend	conditional	high_choice	28	1.0	0.586318726991649	0.5283877368970804	0.6369520693547579
sub-12054	friend	conditional	investment	28	6.0	4.112540153852758	3.8313250577080264	4.349640381161601
sub-12054	friend	generative	high_choice	28	1.0	0.58375	0.39285714285714285	0.7857142857142857
sub-12054	friend	generative	investment	28	6.0	4.098571428571429	3.2142857142857144	5.073214285714286
sub-12054	stranger	conditional	high_choice	28	1.0	0.5859950069502825	0.5252798476809538	0.6372636598379704
sub-12054	stranger	conditional	investment	28	6.0	4.108149586180307	3.8162267609231133	4.349293392800251
sub-12054	stranger	generative	high_choice	28	1.0	0.5885714285714285	0.39285714285714285	0.75
sub-12054	stranger	generative	investment	28	6.0	4.1125	3.1392857142857142	4.857142857142857
sub-12054	computer	conditional	high_choice	27	0.07407407407407407	0.5932658539787278	0.5322043456937734	0.6458281662272118
sub-12054	computer	conditional	investment	27	1.8518518518518519	4.0672231284216345	3.779775272213252	4.315677482408103
sub-12054	computer	generative	high_choice	27	0.07407407407407407	0.6072222222222223	0.4074074074074074	0.8148148148148148
sub-12054	computer	generative	investment	27	1.8518518518518519	4.138888888888889	3.3314814814814815	4.964814814814815
sub-12055	friend	conditional	high_choice	28	0.8571428571428571	0.5191356237038862	0.4434397182403887	0.582869729420122
sub-12055	friend	conditional	investment	28	5.357142857142857	3.7961089059606117	3.4446254283890867	4.100481327415734
sub-12055	friend	generative	high_choice	28	0.8571428571428571	0.5166071428571428	0.32142857142857145	0.6785714285714286
sub-12055	friend	generative	investment	28	5.357142857142857	3.7846428571428574	2.9285714285714284	4.642857142857143
sub-12055	stranger	conditional	high_choice	28	0.8928571428571429	0.5192785994876162	0.4439521709444454	0.5830024104454428
sub-12055	stranger	conditional	investment	28	5.428571428571429	3.8010177381424457	3.450925780924742	4.10194385570959
sub-12055	stranger	generative	high_choice	28	0.8928571428571429	0.5158928571428572	0.32142857142857145	0.679464285714286
sub-12055	stranger	generative	investment	28	5.428571428571429	3.7946428571428568	2.855357142857143	4.785714285714286
sub-12055	computer	conditional	high_choice	28	0.21428571428571427	0.5161971441874127	0.4408576688030703	0.5826090705010469
sub-12055	computer	conditional	investment	28	2.5714285714285716	3.773797436354649	3.3958888071582156	4.09460971665001
sub-12055	computer	generative	high_choice	28	0.21428571428571427	0.5126785714285714	0.35714285714285715	0.6785714285714286
sub-12055	computer	generative	investment	28	2.5714285714285716	3.7589285714285716	2.9285714285714284	4.573214285714286
sub-12057	friend	conditional	high_choice	14	1.0	0.4837929109102566	0.3539356316790337	0.5861886553127731
sub-12057	friend	conditional	investment	14	6.0	3.605911060858472	2.876019148813123	4.10107774895026
sub-12057	friend	generative	high_choice	14	1.0	0.48035714285714276	0.21428571428571427	0.7857142857142857
sub-12057	friend	generative	investment	14	6.0	3.6135714285714284	2.142857142857143	4.860714285714286
sub-12057	stranger	conditional	high_choice	14	0.07142857142857142	0.4820526565645278	0.3517743024737856	0.585817589019853
sub-12057	stranger	conditional	investment	14	2.0	3.5890299980330616	2.8470106019366233	4.092894706028097
sub-12057	stranger	generative	high_choice	14	0.07142857142857142	0.4839285714285714	0.14285714285714285	0.7857142857142857
sub-12057	stranger	generative	investment	14	2.0	3.596428571428571	2.0	5.285714285714286
sub-12057	computer	conditional	high_choice	14	0.14285714285714285	0.5047473280090254	0.40064769719242266	0.5919014750689991
sub-12057	computer	conditional	investment	14	1.8571428571428572	3.710042518630529	3.1377974324743407	4.142642162778809
sub-12057	computer	generative	high_choice	14	0.14285714285714285	0.5035714285714286	0.21428571428571427	0.7142857142857143
sub-12057	computer	generative	investment	14	1.8571428571428572	3.72	2.282142857142857	5.0
