parameter	Mean	MCSE	StdDev	MAD	5%	50%	95%	ESS_bulk	ESS_tail	ESS_bulk/s	R_hat
mu[1]	-0.410996	0.00556587	0.461692	0.454167	-1.16251	-0.41551	0.352168	6969.62	9387.06	0.714192	1.00109
mu[2]	-2.79092	0.00143269	0.214336	0.212274	-3.16109	-2.77934	-2.45784	22771.2	36829.8	2.33342	1.00037
mu[3]	1.23924	0.000364428	0.0690097	0.0690796	1.12658	1.23867	1.35428	35951.4	46036.4	3.68402	1.00016
tau[1]	1.65207	0.00344329	0.346455	0.341885	1.10376	1.63954	2.24111	9925.0	19148.3	1.01704	1.00044
tau[2]	1.86496	0.0011311	0.16456	0.162676	1.61023	1.85525	2.14989	21339.2	37967.0	2.18668	1.00031
tau[3]	0.963636	0.000413038	0.0667077	0.0668298	0.857153	0.961654	1.07604	26144.1	42576.6	2.67905	1.00017
natural[1,1]	0.474581	0.00258039	0.288516	0.368297	0.0781217	0.437787	0.952663	11731.5	26761.5	1.20215	1.00043
natural[1,2]	0.121274	0.000640271	0.17195	0.063494	0.00200379	0.0488916	0.495154	74503.1	51324.3	7.63449	0.999981
natural[1,3]	2.65986	0.00210465	0.665682	0.657845	1.62806	2.62553	3.81018	105571.0	47451.0	10.8181	1.00009
natural[2,1]	0.582202	0.00230223	0.275304	0.344899	0.115299	0.613012	0.966372	14226.7	26960.7	1.45784	1.0003
natural[2,2]	0.0419317	0.000245781	0.0632895	0.0224386	0.00138941	0.0194414	0.161025	94404.4	47222.5	9.67383	1.00012
natural[2,3]	1.91945	0.0016617	0.563358	0.553886	1.03104	1.89513	2.88656	119352.0	50580.2	12.2303	1.00011
natural[3,1]	0.484214	0.00133721	0.262469	0.317081	0.108586	0.453596	0.93377	37314.6	42606.8	3.82371	1.00013
natural[3,2]	0.0830785	0.00038003	0.106971	0.0509909	0.00246713	0.0422215	0.303474	83531.7	49398.8	8.55968	1.00008
natural[3,3]	1.12326	0.00143072	0.480149	0.477039	0.356128	1.1086	1.93175	115162.0	48026.4	11.8009	1.00012
natural[4,1]	0.510286	0.00199669	0.264546	0.325742	0.104217	0.498069	0.943384	16596.4	30766.6	1.70067	1.00021
natural[4,2]	0.0749186	0.000337776	0.0944105	0.0473728	0.00225464	0.0394485	0.268776	84379.2	47603.2	8.64652	1.00002
natural[4,3]	1.94433	0.00170811	0.561886	0.558688	1.06641	1.92311	2.90815	113963.0	46290.9	11.678	1.00001
natural[5,1]	0.537829	0.00149907	0.262991	0.331511	0.125735	0.534226	0.949613	29079.4	37772.2	2.97983	1.00024
natural[5,2]	0.0534748	0.000246332	0.0691764	0.0326418	0.00186865	0.0280337	0.192541	97302.7	46134.2	9.97083	1.00004
natural[5,3]	1.28742	0.00152196	0.506757	0.501331	0.482342	1.27105	2.14981	112880.0	49918.9	11.5671	1.00007
natural[6,1]	0.0696263	0.000263691	0.0477992	0.039694	0.0146761	0.059245	0.158275	38106.9	43227.9	3.90489	1.00011
natural[6,2]	1.54838	0.00192355	0.501755	0.488502	0.780294	1.51639	2.42107	65011.4	43077.4	6.66186	1.00007
natural[6,3]	0.904844	0.00211295	0.651554	0.652318	-0.156155	0.899931	1.97747	95581.0	46754.3	9.7944	1.00008
natural[7,1]	0.364712	0.00134736	0.267978	0.266076	0.0467277	0.290411	0.892371	38684.0	44831.8	3.96404	1.00003
natural[7,2]	0.193199	0.000865517	0.22278	0.135083	0.00391743	0.105643	0.66732	58274.7	46274.1	5.97154	1.00017
natural[7,3]	1.15508	0.00159793	0.507723	0.501386	0.349238	1.1395	2.01851	103229.0	50827.8	10.5781	1.00011
natural[8,1]	0.3351	0.00145341	0.255025	0.202697	0.0600655	0.244654	0.874381	31569.2	45279.3	3.23497	1.00006
natural[8,2]	0.22154	0.00101151	0.239969	0.17002	0.00480809	0.133175	0.720479	48835.7	47203.9	5.00431	0.999995
natural[8,3]	0.353579	0.0016232	0.485129	0.479322	-0.421086	0.341407	1.16494	89625.5	53330.7	9.18412	1.00005
natural[9,1]	0.283668	0.000954712	0.190463	0.160517	0.0632878	0.235303	0.680693	47503.2	40205.5	4.86775	1.00002
natural[9,2]	0.34306	0.00100105	0.232273	0.240077	0.0261768	0.313057	0.771037	42648.8	32764.6	4.37032	1.00001
natural[9,3]	1.0881	0.00188009	0.535708	0.5311	0.239835	1.06991	1.99433	81661.3	51896.0	8.36802	1.00001
natural[10,1]	0.573882	0.00184454	0.258711	0.3243	0.147556	0.584492	0.958705	18798.0	29202.4	1.92627	1.00048
natural[10,2]	0.041723	0.000195115	0.0537001	0.0255145	0.00156258	0.0222516	0.1497	97698.3	47166.3	10.0114	0.999982
natural[10,3]	1.61329	0.0015805	0.526751	0.522723	0.784033	1.59319	2.50998	116036.0	44823.5	11.8905	1.00015
natural[11,1]	0.582977	0.00294121	0.268128	0.340348	0.135369	0.600461	0.967716	8240.87	21752.4	0.84446	1.00079
natural[11,2]	0.044766	0.00022199	0.060891	0.0262539	0.00137835	0.0221207	0.166929	97234.3	46630.9	9.96381	0.999997
natural[11,3]	2.65444	0.00203299	0.672455	0.663814	1.6119	2.6203	3.81661	116017.0	44908.9	11.8885	1.00011
natural[12,1]	0.437036	0.00135795	0.272006	0.323289	0.0753684	0.390926	0.918363	39011.9	47453.9	3.99763	1.00021
natural[12,2]	0.125223	0.00058074	0.159015	0.0766954	0.00313194	0.0618232	0.4663	71433.2	48794.1	7.31992	1.00005
natural[12,3]	1.15999	0.00147194	0.483811	0.480199	0.391446	1.14338	1.97917	110137.0	52569.9	11.2859	1.00015
natural[13,1]	0.541843	0.00197582	0.26361	0.336236	0.1324	0.538468	0.952814	17501.3	31227.6	1.7934	1.00027
natural[13,2]	0.0594115	0.000267238	0.0778739	0.0357391	0.00183999	0.0300655	0.217913	98299.2	47678.2	10.0729	1.0
natural[13,3]	1.87167	0.00170599	0.569858	0.567926	0.98473	1.84519	2.85152	118181.0	44606.4	12.1103	1.00007
natural[14,1]	0.447581	0.00151767	0.265524	0.306917	0.0925849	0.399862	0.924431	29056.3	40101.1	2.97746	1.0003
natural[14,2]	0.0900512	0.000387879	0.10742	0.0590565	0.00284907	0.0492051	0.316491	71990.8	47182.9	7.37706	1.00001
natural[14,3]	0.341351	0.00134838	0.442324	0.439963	-0.378399	0.33818	1.07475	108059.0	52363.9	11.0731	1.00011
natural[15,1]	0.650977	0.00285585	0.246411	0.286056	0.200898	0.690391	0.974962	7588.29	15193.5	0.777588	1.00078
natural[15,2]	0.024884	0.000107175	0.0304758	0.0157802	0.00110505	0.0141121	0.0853065	97047.0	46394.8	9.94462	1.00001
natural[15,3]	2.62263	0.00207879	0.676893	0.671489	1.56617	2.59	3.78818	112997.0	43691.8	11.5791	1.0001
natural[16,1]	0.640147	0.00212379	0.247866	0.290099	0.189845	0.677458	0.970353	13560.0	24901.0	1.38952	1.0005
natural[16,2]	0.0238571	0.000101923	0.0289322	0.0150894	0.00118658	0.0138225	0.0806803	99511.7	45037.5	10.1972	0.999993
natural[16,3]	1.81336	0.00169009	0.576424	0.574827	0.906351	1.79087	2.79744	121559.0	46369.4	12.4565	0.999982
natural[17,1]	0.663846	0.00291941	0.245664	0.277509	0.204485	0.709136	0.976964	7196.03	16271.5	0.737394	1.00081
natural[17,2]	0.022122	9.64541e-05	0.0272577	0.0140291	0.0010013	0.0125946	0.0750975	100604.0	44588.6	10.3091	0.999991
natural[17,3]	2.65545	0.00206676	0.672156	0.664296	1.61686	2.62174	3.81655	112978.0	46041.9	11.5771	1.00015
natural[18,1]	0.27342	0.001393	0.210131	0.151443	0.0530436	0.206629	0.74387	18929.8	36470.0	1.93978	1.00037
natural[18,2]	0.322078	0.00111273	0.258842	0.273651	0.0127032	0.272058	0.811027	43600.9	40115.0	4.46788	1.00012
natural[18,3]	0.0390047	0.00176603	0.509396	0.505331	-0.785175	0.0325587	0.883177	83018.3	50454.0	8.50707	1.00005
natural[19,1]	0.287911	0.00140874	0.240377	0.178104	0.0420494	0.200644	0.817153	25557.7	42955.2	2.61895	1.00024
natural[19,2]	0.307278	0.00123645	0.29165	0.26694	0.00778537	0.220808	0.886781	43780.6	44532.7	4.48629	0.999981
natural[19,3]	0.261556	0.00155819	0.476509	0.46978	-0.507045	0.253518	1.06187	93990.0	51780.2	9.63137	1.00003
natural[20,1]	0.412496	0.00185209	0.25896	0.290544	0.0717203	0.364003	0.893428	17814.3	33566.0	1.82548	1.00026
natural[20,2]	0.12553	0.000526183	0.142493	0.0861192	0.00406204	0.0729485	0.422521	65463.3	45670.9	6.70817	1.00006
natural[20,3]	-0.181159	0.00142306	0.454288	0.453122	-0.932796	-0.180743	0.563268	102071.0	50923.5	10.4595	1.00007
natural[21,1]	0.0666495	0.000265368	0.0494124	0.0398908	0.0120398	0.0541253	0.163264	33873.3	46234.2	3.47108	1.00008
natural[21,2]	1.68043	0.00211915	0.564438	0.547432	0.850803	1.63091	2.68931	68423.6	44126.1	7.01152	1.00006
natural[21,3]	0.772478	0.00200099	0.627763	0.615513	-0.248986	0.770215	1.81301	99016.4	46286.1	10.1464	1.00034
natural[22,1]	0.657738	0.00282104	0.246946	0.281151	0.197507	0.70122	0.975656	7767.22	17666.2	0.795924	1.00082
natural[22,2]	0.0232903	0.000103027	0.0287657	0.0146897	0.00105167	0.0132426	0.0795891	98734.2	45329.5	10.1175	1.00003
natural[22,3]	2.62882	0.00206787	0.674047	0.666286	1.58719	2.59404	3.79698	114297.0	46849.9	11.7123	1.00007
natural[23,1]	0.542526	0.00166879	0.254849	0.314423	0.135632	0.540703	0.943426	22510.2	30648.7	2.30667	1.00048
natural[23,2]	0.0577997	0.000235269	0.0695115	0.0378968	0.00209532	0.0328953	0.199502	92277.9	44767.1	9.45592	1.00003
natural[23,3]	1.61782	0.00159521	0.528586	0.525622	0.785009	1.59839	2.51908	113487.0	45827.2	11.6292	1.00007
natural[24,1]	0.0745171	0.000224859	0.0481469	0.0408257	0.0172756	0.0651081	0.162554	57103.9	43126.2	5.85156	1.0002
natural[24,2]	1.41595	0.00168845	0.435224	0.424306	0.742342	1.3908	2.17138	64438.4	44366.7	6.60314	1.0001
natural[24,3]	1.61069	0.00196214	0.596676	0.591322	0.648005	1.60066	2.60616	92909.8	47062.3	9.52067	1.00012
natural[25,1]	0.406882	0.00101509	0.215109	0.204889	0.125574	0.364455	0.843401	50742.4	39729.2	5.19968	1.00009
natural[25,2]	0.216576	0.000963841	0.213725	0.173591	0.00659706	0.149373	0.649705	41214.5	42144.5	4.22334	1.00009
natural[25,3]	1.22934	0.00202527	0.504526	0.501437	0.427538	1.21158	2.08303	63666.9	45564.0	6.52408	1.00012
natural[26,1]	0.588098	0.00224425	0.246615	0.300951	0.17356	0.598245	0.957243	11837.9	21283.9	1.21305	1.0005
natural[26,2]	0.0449388	0.00018649	0.0543465	0.0292471	0.00158532	0.0251731	0.155715	80983.6	44133.5	8.29857	0.99997
natural[26,3]	2.26802	0.0018575	0.612012	0.604434	1.31028	2.23901	3.321	114681.0	46910.9	11.7516	1.00013
natural[27,1]	0.104597	0.000439148	0.0765917	0.0582161	0.0222836	0.0878598	0.237451	35217.5	41355.8	3.60881	1.00027
natural[27,2]	1.08383	0.00174459	0.40578	0.399096	0.439937	1.06982	1.77132	51128.4	31685.1	5.23924	1.00008
natural[27,3]	1.79044	0.00227412	0.632226	0.631979	0.779244	1.77027	2.85594	78286.4	47856.1	8.02218	1.00028
natural[28,1]	0.497203	0.00157749	0.279632	0.356927	0.0778014	0.483006	0.94599	30401.4	38417.6	3.1153	1.0002
natural[28,2]	0.0699164	0.000373318	0.0982768	0.0394997	0.00201145	0.032838	0.267597	80264.4	47368.4	8.22487	1.0
natural[28,3]	1.15203	0.00146843	0.483432	0.477103	0.380249	1.13703	1.96402	110063.0	49178.6	11.2784	1.00011
natural[29,1]	0.649488	0.00283547	0.24526	0.287587	0.205409	0.687367	0.975048	7647.84	16408.3	0.783691	1.00061
natural[29,2]	0.0256734	0.000112188	0.0315576	0.0162936	0.001079	0.0144824	0.0896611	93007.5	43861.8	9.53068	1.00001
natural[29,3]	2.65348	0.00205323	0.669501	0.667752	1.61751	2.61474	3.81193	113591.0	47334.0	11.64	1.00024
natural[30,1]	0.310423	0.0011951	0.234099	0.183064	0.0557983	0.236323	0.830139	44419.4	42277.7	4.55176	1.00012
natural[30,2]	0.267967	0.00103372	0.244388	0.233877	0.00710959	0.201868	0.747585	44219.6	42550.4	4.53128	1.00007
natural[30,3]	1.10261	0.0016687	0.513911	0.50864	0.287656	1.086	1.97771	95397.0	53319.8	9.77554	1.00014
natural[31,1]	0.19681	0.000932667	0.15443	0.0963107	0.0457636	0.154772	0.51755	26289.8	31239.8	2.69397	1.00019
natural[31,2]	0.527822	0.0014593	0.316862	0.333866	0.0464794	0.508452	1.08426	40420.2	28109.8	4.14194	1.00011
natural[31,3]	0.309049	0.00196869	0.545215	0.546928	-0.576192	0.302179	1.21762	76562.2	49884.9	7.8455	0.999999
natural[32,1]	0.643851	0.00279163	0.247527	0.295665	0.200097	0.678358	0.974297	7808.71	17167.9	0.800176	1.00044
natural[32,2]	0.0262112	0.000117902	0.0321812	0.0166424	0.00110289	0.0148139	0.0904639	95216.3	45454.3	9.75702	1.00007
natural[32,3]	2.65601	0.00198404	0.66638	0.661322	1.62382	2.62421	3.80498	119292.0	48524.4	12.2241	1.00019
natural[33,1]	0.297341	0.00179251	0.260136	0.174758	0.0392804	0.193462	0.871031	19789.7	39204.4	2.0279	1.00024
natural[33,2]	0.231949	0.00100953	0.232935	0.198507	0.00482805	0.156023	0.702068	43443.5	43120.7	4.45175	1.00012
natural[33,3]	0.0843651	0.00162471	0.475365	0.47091	-0.685999	0.0748389	0.877754	85683.7	50887.4	8.7802	1.00019
natural[34,1]	0.0831461	0.00059705	0.0666884	0.0495744	0.0144158	0.0671185	0.203318	10535.0	35756.6	1.07954	1.00025
natural[34,2]	1.15463	0.00174036	0.442817	0.433186	0.473315	1.12912	1.92407	59868.6	36258.6	6.13487	1.00011
natural[34,3]	0.101991	0.00190184	0.600412	0.600915	-0.884788	0.103671	1.08707	100198.0	48636.6	10.2675	1.00006
natural[35,1]	0.0858394	0.00038135	0.0647827	0.0437735	0.0210829	0.0733682	0.184625	53731.0	36767.6	5.50593	1.00009
natural[35,2]	1.02755	0.0016972	0.39782	0.391161	0.395866	1.01371	1.70571	51292.0	29509.9	5.256	1.00008
natural[35,3]	1.22744	0.00213358	0.598894	0.597618	0.259787	1.21827	2.22531	78412.3	42353.0	8.03508	1.00015
natural[36,1]	0.501445	0.00221964	0.267827	0.334343	0.102447	0.48171	0.942596	13631.4	25588.6	1.39684	1.00051
natural[36,2]	0.0865129	0.000371582	0.107894	0.0548161	0.00230534	0.0445585	0.314451	80299.0	48881.7	8.22841	0.999998
natural[36,3]	2.27835	0.00184095	0.609447	0.605817	1.32499	2.25037	3.31981	114476.0	48918.1	11.7306	0.999991
natural[37,1]	0.666365	0.00287974	0.245002	0.277054	0.207794	0.711303	0.978178	7408.14	15404.9	0.759129	1.00088
natural[37,2]	0.0212474	9.50636e-05	0.025846	0.0135125	0.000983453	0.0121822	0.072053	97354.9	43296.5	9.97618	1.00004
natural[37,3]	2.64818	0.00204044	0.664731	0.662246	1.61589	2.61292	3.79796	114289.0	48158.1	11.7115	1.0001
natural[38,1]	0.416242	0.00170033	0.28161	0.317873	0.0590334	0.351856	0.926111	25753.6	44247.9	2.63903	1.00017
natural[38,2]	0.138746	0.000658438	0.170558	0.0883514	0.00290531	0.0689432	0.504393	61705.2	48398.6	6.32307	1.00001
natural[38,3]	1.69657	0.00174028	0.540523	0.535428	0.84326	1.67618	2.61573	99918.2	50111.8	10.2388	1.0
natural[39,1]	0.200091	0.00130334	0.206692	0.0886485	0.0343325	0.123854	0.731036	34270.9	33257.9	3.51181	1.00016
natural[39,2]	0.448336	0.00173096	0.331012	0.381349	0.0115535	0.417308	1.04125	31569.3	36644.6	3.23497	1.00024
natural[39,3]	1.22212	0.00201129	0.5423	0.540824	0.366104	1.20235	2.14355	72391.7	52250.0	7.41813	1.00013
natural[40,1]	0.463573	0.00147046	0.272069	0.32873	0.0860817	0.423891	0.933649	32595.2	41937.1	3.3401	1.00019
natural[40,2]	0.079383	0.000354221	0.0978375	0.0502758	0.00238044	0.041612	0.28233	73395.9	50165.3	7.52104	1.00001
natural[40,3]	0.736237	0.00142983	0.456467	0.452527	0.00209471	0.728611	1.50537	102962.0	50611.8	10.5507	1.00013
natural[41,1]	0.533043	0.00183133	0.254917	0.314983	0.137656	0.523871	0.944082	18855.6	29687.7	1.93218	1.00026
natural[41,2]	0.0635427	0.000254426	0.0747837	0.0425426	0.00213958	0.0360699	0.218395	80637.5	46098.9	8.2631	1.00005
natural[41,3]	1.93039	0.00170978	0.5653	0.558622	1.04402	1.90534	2.90196	114501.0	45690.8	11.7331	1.00021
natural[42,1]	0.404675	0.00146795	0.280026	0.310905	0.0587426	0.338041	0.919412	35557.0	45923.9	3.64361	1.00033
natural[42,2]	0.147545	0.000746573	0.189107	0.0863939	0.00300871	0.0672027	0.557952	62670.4	49431.9	6.42198	1.00008
natural[42,3]	0.958173	0.00150891	0.478347	0.472246	0.199725	0.944795	1.76875	102699.0	50864.5	10.5238	1.00003
natural[43,1]	0.615337	0.00237944	0.264653	0.321449	0.146439	0.65222	0.970721	12767.4	24303.6	1.3083	1.00056
natural[43,2]	0.0294724	0.000152436	0.0402527	0.0172503	0.00119525	0.0152152	0.105988	99068.2	45876.7	10.1517	1.00005
natural[43,3]	1.91856	0.00171255	0.56638	0.559155	1.02935	1.89492	2.88963	113813.0	46255.2	11.6627	1.00009
natural[44,1]	0.475035	0.00167648	0.285205	0.369861	0.0646112	0.455767	0.939191	28380.4	42542.6	2.9082	1.00019
natural[44,2]	0.0840999	0.000494918	0.122635	0.0436127	0.00226089	0.0360255	0.341957	69483.8	49157.8	7.12016	0.999947
natural[44,3]	0.708314	0.00139963	0.455436	0.447909	-0.0237655	0.699288	1.47171	107504.0	50426.8	11.0162	1.00014
natural[45,1]	0.128368	0.00128332	0.170842	0.0566388	0.0154258	0.0710397	0.531333	22668.8	22702.2	2.32292	1.0001
natural[45,2]	0.64303	0.00219854	0.405357	0.436217	0.0246581	0.633181	1.34048	30283.9	26871.3	3.10326	1.00006
natural[45,3]	0.536883	0.00252293	0.572343	0.574159	-0.389094	0.526233	1.49587	51156.6	46173.9	5.24213	1.0
natural[46,1]	0.0951279	0.000574972	0.0714801	0.0547136	0.0187093	0.0793577	0.221572	11623.4	30538.7	1.19108	1.00047
natural[46,2]	1.18031	0.00180664	0.420672	0.41574	0.51249	1.16553	1.89552	52284.7	38363.3	5.35773	1.00005
natural[46,3]	2.4745	0.00257318	0.66047	0.653756	1.41685	2.45953	3.59491	66064.1	45016.3	6.76973	1.00007
natural[47,1]	0.180195	0.00130904	0.175718	0.0852951	0.0337134	0.124271	0.59318	15346.6	26655.4	1.5726	1.00023
natural[47,2]	0.516925	0.00171551	0.321994	0.340803	0.0295354	0.499571	1.08213	30559.5	26513.2	3.1315	1.00013
natural[47,3]	2.29545	0.00249841	0.631852	0.626554	1.29398	2.27476	3.36434	63965.1	47115.1	6.55464	1.00031
natural[48,1]	0.620886	0.00206919	0.246137	0.293044	0.186791	0.648214	0.964921	14320.7	25362.2	1.46747	1.00035
natural[48,2]	0.0306924	0.00012792	0.0368773	0.0198849	0.00134591	0.0179242	0.104108	97695.5	46001.9	10.0111	0.999991
natural[48,3]	1.91887	0.00168093	0.566117	0.557984	1.02988	1.89656	2.88785	118560.0	46414.6	12.1491	1.00019
natural[49,1]	0.574716	0.00163218	0.256771	0.325564	0.159549	0.580834	0.959191	23936.0	31849.1	2.45278	1.00021
natural[49,2]	0.0384507	0.000166768	0.0476721	0.0240137	0.00157338	0.0210187	0.136212	96911.4	45569.1	9.93073	0.999955
natural[49,3]	1.35434	0.00149553	0.500123	0.495196	0.564906	1.33688	2.20717	115456.0	48251.3	11.831	0.999971
natural[50,1]	0.24094	0.00189992	0.23749	0.130051	0.0283207	0.145057	0.803331	12953.5	36411.5	1.32738	1.00048
natural[50,2]	0.411465	0.00187106	0.333325	0.380657	0.00976762	0.358224	1.03101	28644.4	40713.0	2.93526	1.00011
natural[50,3]	2.21838	0.00246223	0.620534	0.619583	1.2368	2.19513	3.27724	64245.5	51375.2	6.58338	1.00024
natural[51,1]	0.561373	0.00197421	0.256246	0.320765	0.15135	0.560523	0.95607	16102.3	26939.4	1.65004	1.00043
natural[51,2]	0.047804	0.000198252	0.058818	0.0304628	0.00171569	0.0261196	0.167685	95150.3	46992.2	9.75026	1.00003
natural[51,3]	1.89669	0.00168302	0.562122	0.555865	1.01673	1.87267	2.86254	117241.0	47189.3	12.014	1.0002
natural[52,1]	0.42031	0.00144758	0.274459	0.311456	0.068071	0.363241	0.920912	34711.0	45560.4	3.55692	1.00038
natural[52,2]	0.125828	0.000586202	0.15859	0.0771008	0.00294708	0.0613508	0.46618	69188.7	48097.5	7.08992	1.00004
natural[52,3]	0.658982	0.00143531	0.47042	0.465595	-0.0993994	0.65159	1.44486	108371.0	49745.5	11.105	1.00018
natural[53,1]	0.623125	0.00240727	0.250736	0.301395	0.179114	0.654125	0.968725	10879.1	21599.0	1.1148	1.00045
natural[53,2]	0.0302451	0.000129233	0.0368633	0.0191986	0.00132435	0.0171151	0.103214	93091.4	46054.1	9.53928	0.999986
natural[53,3]	2.18688	0.00180369	0.619772	0.616227	1.22414	2.15787	3.24845	125412.0	46223.3	12.8512	1.00007
natural[54,1]	0.193163	0.000803252	0.141329	0.0972722	0.0485452	0.155587	0.473264	38619.9	33078.8	3.95747	1.0002
natural[54,2]	0.730799	0.00197767	0.414783	0.427561	0.0953798	0.701888	1.45747	37946.8	26727.2	3.88849	1.00004
natural[54,3]	0.900868	0.00202524	0.528694	0.525783	0.055628	0.889074	1.79345	69385.0	52101.8	7.11003	1.00006
natural[55,1]	0.611597	0.00234341	0.252782	0.311791	0.176332	0.635345	0.9667	11759.3	25367.0	1.205	1.00053
natural[55,2]	0.0337674	0.000147539	0.0421735	0.0210931	0.00136265	0.0185119	0.118109	101228.0	46058.6	10.373	1.0
natural[55,3]	2.2495	0.00182874	0.611144	0.599102	1.29725	2.2186	3.30387	119304.0	45655.8	12.2254	1.00011
natural[56,1]	0.538442	0.00238138	0.275836	0.359765	0.113644	0.534274	0.961012	12731.7	30574.9	1.30464	1.00045
natural[56,2]	0.0617669	0.00031751	0.0867956	0.0350008	0.00158494	0.0286499	0.237808	98489.5	47407.5	10.0924	1.00004
natural[56,3]	2.23773	0.00180287	0.608708	0.601916	1.28446	2.20723	3.28058	120004.0	46739.7	12.297	1.00011
natural[57,1]	0.415516	0.00161849	0.27237	0.309332	0.0602214	0.361081	0.9151	25745.7	37554.6	2.63822	1.0001
natural[57,2]	0.147976	0.000670426	0.173308	0.10092	0.00333156	0.0798002	0.512434	59683.6	47577.2	6.11591	1.00006
natural[57,3]	1.73064	0.00172329	0.543578	0.538677	0.875531	1.70639	2.66108	102589.0	50737.9	10.5126	1.00012
natural[58,1]	0.491859	0.00157694	0.271369	0.340195	0.0821886	0.479087	0.933614	28516.7	39032.0	2.92217	1.00029
natural[58,2]	0.0716004	0.000363745	0.096219	0.0420279	0.00240068	0.0360054	0.26568	75803.2	47226.9	7.76772	1.00004
natural[58,3]	0.540217	0.00152147	0.510144	0.502956	-0.290076	0.533738	1.39294	113441.0	47381.9	11.6246	1.0002
natural[59,1]	0.518877	0.00215973	0.272026	0.352343	0.116283	0.504174	0.953346	15364.1	30884.5	1.5744	1.00024
natural[59,2]	0.0771835	0.000389619	0.107666	0.043415	0.00194118	0.0353398	0.299297	93010.9	50202.0	9.53104	0.999994
natural[59,3]	2.26179	0.00181427	0.607695	0.601705	1.31302	2.23249	3.30392	118523.0	47181.4	12.1453	1.00009
natural[60,1]	0.640476	0.00282331	0.250894	0.298951	0.190378	0.675529	0.975082	7877.26	16997.0	0.8072	1.00053
natural[60,2]	0.0267079	0.000121485	0.0340373	0.0165527	0.00107141	0.0145654	0.0942981	106410.0	47449.1	10.9041	0.999971
natural[60,3]	2.64803	0.00203601	0.671199	0.666044	1.60864	2.61516	3.80628	114944.0	46745.2	11.7785	1.00009
natural[61,1]	0.467625	0.00189022	0.275601	0.340798	0.0793338	0.433758	0.934261	21298.8	38607.3	2.18254	1.00036
natural[61,2]	0.0761526	0.000376766	0.0989409	0.0456983	0.00242698	0.0384325	0.282193	70171.2	48400.4	7.1906	1.00004
natural[61,3]	0.0523762	0.0013841	0.448167	0.44326	-0.685536	0.0524011	0.787488	105257.0	50934.3	10.7859	1.00012
natural[62,1]	0.172431	0.00104648	0.165756	0.0817635	0.0331091	0.119307	0.539863	35634.9	28710.1	3.65159	1.00026
natural[62,2]	0.655176	0.00212019	0.405499	0.441281	0.0380337	0.637586	1.3582	32301.4	26604.2	3.31	1.00022
natural[62,3]	1.54027	0.00210721	0.569245	0.569316	0.63694	1.51915	2.50211	72305.2	50545.6	7.40927	1.00005
natural[63,1]	0.615627	0.00250975	0.25521	0.311847	0.170443	0.642472	0.969195	10318.2	21774.7	1.05732	1.00069
natural[63,2]	0.031916	0.000143825	0.0405845	0.0197024	0.00128992	0.0173176	0.111426	101297.0	46174.7	10.3802	0.999985
natural[63,3]	2.25627	0.00181946	0.615601	0.607183	1.29819	2.22529	3.31676	120731.0	45937.9	12.3715	1.00008
natural[64,1]	0.31336	0.00164607	0.239851	0.200098	0.0488622	0.23864	0.830077	19071.5	31902.0	1.9543	1.00016
natural[64,2]	0.28287	0.00112168	0.245276	0.248727	0.00794843	0.226829	0.761144	38999.9	40585.6	3.99641	1.00006
natural[64,3]	2.15429	0.00207023	0.608211	0.606806	1.2016	2.12861	3.19986	87867.6	51595.4	9.00399	1.00004
natural[65,1]	0.26403	0.00135327	0.23607	0.138996	0.0423616	0.173192	0.822766	32331.8	41507.8	3.31311	1.00023
natural[65,2]	0.3231	0.00131736	0.280884	0.300894	0.00727127	0.261328	0.858328	38091.8	42945.6	3.90335	1.00014
natural[65,3]	1.36437	0.0019091	0.538958	0.538554	0.515345	1.34576	2.2778	79823.7	52744.6	8.17971	1.00009
natural[66,1]	0.529457	0.0014361	0.261483	0.329681	0.12446	0.52443	0.943695	31880.2	36312.4	3.26684	1.00007
natural[66,2]	0.0551516	0.000241966	0.0689035	0.0343082	0.00206075	0.0298216	0.195573	86101.7	45614.3	8.82303	0.999993
natural[66,3]	0.849262	0.00141514	0.466739	0.465345	0.104167	0.838923	1.63304	110560.0	47779.9	11.3294	1.00016
natural[67,1]	0.589734	0.00207274	0.256724	0.31868	0.157371	0.606898	0.962446	15014.1	26796.2	1.53853	1.00046
natural[67,2]	0.0390006	0.000174983	0.0496926	0.0240584	0.00148611	0.0211015	0.138405	102192.0	45113.6	10.4718	1.0001
natural[67,3]	1.9068	0.00168748	0.564811	0.558189	1.02205	1.88202	2.88253	118241.0	44956.4	12.1164	1.00003
natural[68,1]	0.524204	0.00142541	0.259645	0.320607	0.114414	0.51942	0.937773	31714.5	38279.5	3.24986	1.00015
natural[68,2]	0.0626729	0.000275613	0.0785577	0.0395947	0.00229569	0.0343378	0.219526	90525.4	46284.5	9.27634	1.0001
natural[68,3]	1.13935	0.00144383	0.476858	0.474025	0.374294	1.12707	1.93969	110665.0	49956.3	11.34	1.00013
natural[69,1]	0.609438	0.00201531	0.248238	0.301163	0.17856	0.630353	0.963731	15157.0	24076.9	1.55317	1.00027
natural[69,2]	0.0330573	0.000140968	0.0399971	0.0212532	0.00142088	0.0189619	0.112939	98958.2	44996.9	10.1405	1.00014
natural[69,3]	1.88121	0.00167266	0.57109	0.567365	0.986655	1.85566	2.85852	121602.0	47063.7	12.4608	1.00014
natural[70,1]	0.438888	0.00158949	0.279411	0.339434	0.0634612	0.394168	0.927767	29549.1	43262.5	3.02797	1.00025
natural[70,2]	0.112139	0.000530689	0.140935	0.0697457	0.00282116	0.0561704	0.41395	67775.1	47508.2	6.94506	0.999986
natural[70,3]	1.44189	0.00156337	0.515652	0.510888	0.625276	1.4244	2.31935	111524.0	50866.5	11.4282	1.00011
natural[71,1]	0.633694	0.00246842	0.250573	0.297102	0.18576	0.670983	0.971577	10080.4	21471.2	1.03297	1.00046
natural[71,2]	0.0271411	0.000120616	0.034071	0.0169169	0.00119686	0.0151787	0.094565	104209.0	44219.0	10.6785	1.00013
natural[71,3]	2.23658	0.00182369	0.611619	0.603566	1.28478	2.20807	3.28663	119168.0	44630.8	12.2114	1.00022
natural[72,1]	0.516745	0.0011801	0.228081	0.258407	0.152893	0.509843	0.903725	35722.7	33888.2	3.66059	1.00017
natural[72,2]	0.0973908	0.000392197	0.101726	0.0712111	0.00363554	0.0625473	0.305835	58360.6	43837.9	5.98034	1.00004
natural[72,3]	1.41318	0.0016491	0.51015	0.506114	0.607814	1.39579	2.27801	98787.8	49310.8	10.123	1.0001
natural[73,1]	0.397245	0.00151224	0.267217	0.271699	0.0751998	0.324819	0.908976	31620.9	44386.6	3.24026	1.00025
natural[73,2]	0.154784	0.000695137	0.176761	0.109947	0.00347512	0.0868289	0.528311	56726.1	48115.8	5.81285	1.00012
natural[73,3]	1.6937	0.00168941	0.539995	0.532518	0.84137	1.67539	2.61927	104784.0	48575.4	10.7374	0.999972
natural[74,1]	0.431027	0.000995552	0.220605	0.230788	0.127199	0.396395	0.852754	50928.8	43539.0	5.21879	1.00003
natural[74,2]	0.161145	0.000552476	0.141946	0.132372	0.00658868	0.124447	0.440143	50531.4	40488.1	5.17807	1.00011
natural[74,3]	1.23199	0.00175476	0.499001	0.494298	0.439674	1.21724	2.0714	83512.9	47470.5	8.55775	1.00027
natural[75,1]	0.583196	0.00242654	0.264666	0.3361	0.142908	0.600558	0.965131	11689.0	24978.0	1.19779	1.00039
natural[75,2]	0.0422694	0.000212473	0.0574884	0.0247779	0.00142524	0.0211596	0.156376	105746.0	46763.6	10.8361	1.00003
natural[75,3]	2.19803	0.00183487	0.613339	0.605892	1.23838	2.17067	3.2499	117692.0	45196.7	12.0601	1.00026
natural[76,1]	0.124165	0.000435456	0.0812325	0.0598234	0.0350526	0.108699	0.256755	48961.1	38564.2	5.01716	1.00013
natural[76,2]	0.824944	0.00138367	0.332419	0.326997	0.300994	0.810194	1.39583	53035.3	31563.4	5.43465	1.00009
natural[76,3]	0.93291	0.00190855	0.549571	0.548952	0.0451108	0.927152	1.84652	82998.3	46391.9	8.50502	1.00052
natural[77,1]	0.605443	0.00232245	0.249341	0.303711	0.177677	0.626214	0.963629	11619.4	21424.6	1.19066	1.00059
natural[77,2]	0.0375362	0.000163416	0.0462554	0.023804	0.00145659	0.0207786	0.130644	93534.9	46260.2	9.58473	1.00004
natural[77,3]	2.25268	0.00183161	0.609614	0.600551	1.30163	2.22412	3.30506	117341.0	47595.0	12.0242	1.0002
natural[78,1]	0.633618	0.00285143	0.252262	0.302601	0.186249	0.668741	0.973181	7829.4	17343.0	0.802296	1.00052
natural[78,2]	0.0294238	0.000133466	0.0376649	0.0180845	0.00115677	0.0158717	0.103388	98869.9	44858.5	10.1314	1.00005
natural[78,3]	2.64627	0.00201177	0.668902	0.661426	1.60975	2.60866	3.80408	117192.0	46035.2	12.009	1.00012
natural[79,1]	0.499361	0.00143111	0.25994	0.317062	0.116547	0.475731	0.936748	31218.9	38084.1	3.19907	1.00015
natural[79,2]	0.067848	0.00027752	0.0814217	0.0443079	0.00235405	0.0377781	0.236331	84233.9	45909.1	8.63164	1.00005
natural[79,3]	1.07868	0.00147406	0.482757	0.47959	0.302354	1.06607	1.88993	110022.0	48569.8	11.2742	1.00007
natural[80,1]	0.443426	0.00116434	0.244767	0.260914	0.111132	0.398028	0.905493	43866.7	42765.9	4.49512	1.00014
natural[80,2]	0.109877	0.000419049	0.121104	0.0798116	0.00351017	0.0670822	0.360424	69534.5	44521.6	7.12535	1.00001
natural[80,3]	0.888242	0.00142513	0.476465	0.478118	0.124975	0.878073	1.68554	113895.0	51209.0	11.6711	1.00006
natural[81,1]	0.513574	0.0013191	0.249049	0.296754	0.132501	0.498504	0.931052	33245.6	34716.9	3.40675	1.00012
natural[81,2]	0.0678346	0.000268772	0.0780616	0.0460816	0.00257156	0.0398869	0.227315	84110.6	46699.8	8.619	0.999988
natural[81,3]	1.14018	0.00143553	0.487206	0.483608	0.365502	1.12771	1.96916	118108.0	46416.0	12.1028	1.00012
natural[82,1]	0.551837	0.00194242	0.263926	0.33582	0.129426	0.554804	0.954431	18016.0	33594.8	1.84614	1.00023
natural[82,2]	0.0539056	0.000242417	0.0699118	0.0325959	0.00177204	0.0278054	0.196702	99227.5	48191.2	10.1681	1.00005
natural[82,3]	1.91341	0.0016592	0.560609	0.556135	1.02768	1.89245	2.87306	119413.0	46119.8	12.2365	1.00012
natural[83,1]	0.265212	0.00198875	0.256233	0.146805	0.0308979	0.153858	0.845614	15251.1	38906.6	1.56281	1.00035
natural[83,2]	0.309586	0.00140549	0.29689	0.280045	0.00586926	0.220676	0.891823	37284.7	43987.7	3.82065	1.00012
natural[83,3]	-0.0645508	0.00174708	0.494408	0.487645	-0.865218	-0.0701614	0.762606	80152.2	50291.4	8.21337	1.00012
natural[84,1]	0.393765	0.00122094	0.24484	0.250207	0.0779644	0.340466	0.871443	38165.8	45260.4	3.91094	1.00017
natural[84,2]	0.163823	0.000631743	0.178021	0.120505	0.0047914	0.100435	0.529836	66075.8	47151.9	6.77093	1.00003
natural[84,3]	0.348818	0.00159517	0.50984	0.505904	-0.482356	0.345802	1.19456	102646.0	50830.7	10.5184	1.00007
natural[85,1]	0.363199	0.00154661	0.288107	0.304873	0.0369281	0.281759	0.904748	33624.0	49928.5	3.44553	1.00024
natural[85,2]	0.220113	0.00127388	0.279929	0.120401	0.00358105	0.0906673	0.828271	49935.8	47599.3	5.11704	1.00018
natural[85,3]	0.779571	0.00160218	0.481719	0.475431	0.0195498	0.76578	1.59699	91581.5	53120.6	9.38456	1.00019
natural[86,1]	0.366304	0.00154851	0.276911	0.283948	0.0446516	0.287521	0.89879	29816.3	43224.5	3.05534	1.00025
natural[86,2]	0.18697	0.00091685	0.225726	0.118888	0.00379404	0.0922847	0.676288	56551.7	48913.1	5.79498	1.00004
natural[86,3]	0.448454	0.00150588	0.466919	0.460207	-0.306329	0.440614	1.22613	97086.6	51128.6	9.94867	1.00005
natural[87,1]	0.0502755	0.00063283	0.0777871	0.0248632	0.00657185	0.031058	0.137844	20725.7	21863.5	2.1238	1.0003
natural[87,2]	1.28791	0.00256311	0.515328	0.496804	0.434517	1.27966	2.15236	39350.3	23437.8	4.03232	1.00013
natural[87,3]	0.776317	0.00348851	0.61745	0.612488	-0.235013	0.771113	1.80222	31526.9	39682.6	3.23064	1.00018
natural[88,1]	0.528154	0.00156639	0.260637	0.320393	0.118133	0.522682	0.944799	26316.0	36607.6	2.69666	1.00013
natural[88,2]	0.0650044	0.000306853	0.0858357	0.0395598	0.00210732	0.0336614	0.236261	98639.2	45336.8	10.1078	1.00011
natural[88,3]	1.55092	0.00157104	0.531955	0.527669	0.711063	1.53133	2.45965	119208.0	47793.5	12.2155	1.00023
natural[89,1]	0.0955214	0.00114453	0.139085	0.0399841	0.0130539	0.0543866	0.367196	16261.2	18832.8	1.66632	1.00013
natural[89,2]	0.933248	0.0027237	0.481462	0.48241	0.0762287	0.945029	1.71564	30455.5	20934.6	3.12085	1.00015
natural[89,3]	0.374118	0.0024478	0.574112	0.577528	-0.566414	0.372745	1.32012	55191.4	44347.6	5.65559	1.00008
natural[90,1]	0.40499	0.00121972	0.247745	0.272772	0.0773967	0.359953	0.872596	38711.4	44261.9	3.96684	1.00014
natural[90,2]	0.18104	0.00069416	0.184268	0.140074	0.00557529	0.119473	0.559304	56911.6	44965.2	5.83185	1.00012
natural[90,3]	1.481	0.00169037	0.524572	0.522597	0.648341	1.46217	2.37532	98763.6	50685.0	10.1205	1.00006
natural[91,1]	0.595477	0.00170119	0.254816	0.313583	0.158991	0.616503	0.961135	22441.2	31446.5	2.2996	1.00032
natural[91,2]	0.0326739	0.00014045	0.0400177	0.0205214	0.00146561	0.0184968	0.112207	96371.2	45148.9	9.87537	1.0
natural[91,3]	1.36563	0.00146764	0.501853	0.497607	0.566265	1.3508	2.21206	119847.0	49076.5	12.281	1.00004
natural[92,1]	0.0489022	0.000628546	0.0675379	0.0229287	0.00996578	0.0367008	0.102118	15463.4	18505.2	1.58457	1.00055
natural[92,2]	1.44974	0.00290366	0.511245	0.484736	0.610443	1.44855	2.28343	32184.5	19225.1	3.29802	1.00014
natural[92,3]	2.20678	0.00416876	0.656594	0.649075	1.15208	2.19071	3.31318	24738.9	37947.3	2.53504	1.00014
natural[93,1]	0.502128	0.00148046	0.262894	0.321709	0.0983976	0.488712	0.934603	30313.6	37828.7	3.1063	1.00024
natural[93,2]	0.0649466	0.000293482	0.0808918	0.0410937	0.00239259	0.0356718	0.228868	77206.4	45206.5	7.91151	1.00005
natural[93,3]	0.509752	0.00136246	0.440984	0.43865	-0.20563	0.506438	1.24057	105134.0	50992.9	10.7733	0.999997
natural[94,1]	0.157364	0.000545004	0.11992	0.0935126	0.0279967	0.126724	0.38753	54819.6	45174.7	5.61749	1.00007
natural[94,2]	0.762716	0.00145005	0.344859	0.345356	0.224132	0.743114	1.36397	51817.3	33630.5	5.30984	1.0001
natural[94,3]	1.2439	0.00198124	0.577539	0.577511	0.311915	1.2363	2.2117	84875.0	47666.7	8.69733	1.00016
natural[95,1]	0.54803	0.00160005	0.267069	0.335893	0.114933	0.554962	0.953228	27564.0	37119.8	2.82454	1.00016
natural[95,2]	0.0453583	0.000220839	0.0598735	0.0272998	0.00176117	0.0240462	0.163278	88642.9	45641.0	9.08343	1.00002
natural[95,3]	0.848398	0.0014229	0.464351	0.459988	0.0994453	0.838455	1.63027	107854.0	49488.1	11.052	1.00043
natural[96,1]	0.455014	0.00111528	0.233872	0.252898	0.128489	0.418552	0.890186	42854.7	43134.5	4.39142	1.00017
natural[96,2]	0.120195	0.000443143	0.122138	0.0925682	0.00425004	0.080491	0.371287	59130.2	43395.5	6.05921	1.00005
natural[96,3]	1.23215	0.00158775	0.501613	0.494732	0.43818	1.21439	2.08652	101921.0	51216.8	10.4441	1.00019
natural[97,1]	0.551661	0.00151299	0.241629	0.289979	0.169131	0.545636	0.942441	24279.9	32985.9	2.48801	1.0003
natural[97,2]	0.0572236	0.000235519	0.0665086	0.0383889	0.00210829	0.0334137	0.194162	73568.0	44862.5	7.53868	1.00011
natural[97,3]	1.65292	0.0015897	0.528349	0.526492	0.822771	1.63349	2.55411	114520.0	48248.0	11.7351	1.00018
natural[98,1]	0.418901	0.00121625	0.256253	0.286131	0.0769206	0.374007	0.895784	42657.2	45396.4	4.37118	1.00007
natural[98,2]	0.134512	0.00054121	0.148883	0.09657	0.00386367	0.0797984	0.449175	63967.8	46695.4	6.55492	1.00007
natural[98,3]	0.820246	0.00148916	0.475675	0.46826	0.0565091	0.807986	1.62265	103188.0	50384.8	10.5739	1.00012
natural[99,1]	0.489224	0.00148112	0.269456	0.333873	0.108374	0.456854	0.940606	31055.4	39421.2	3.18232	1.00018
natural[99,2]	0.0675764	0.000302366	0.0848826	0.0416158	0.00219052	0.0347402	0.246139	78721.0	47363.5	8.06671	0.999996
natural[99,3]	0.720419	0.00138187	0.45271	0.449825	-0.0096683	0.712462	1.47739	108332.0	51330.9	11.101	0.999991
natural[100,1]	0.198409	0.00123299	0.190342	0.101112	0.0314351	0.134284	0.651716	29092.9	32757.1	2.98121	1.00028
natural[100,2]	0.496181	0.00168824	0.331859	0.364751	0.0224134	0.472345	1.0894	33624.0	31254.4	3.44552	1.00014
natural[100,3]	1.66712	0.00206442	0.582832	0.578645	0.740696	1.64862	2.65649	79261.9	50188.4	8.12214	1.00006
natural[101,1]	0.10377	0.00069756	0.101613	0.0546323	0.0187239	0.0780606	0.266556	22132.1	27971.7	2.26793	1.00031
natural[101,2]	0.819072	0.00179707	0.368746	0.365385	0.219881	0.806652	1.44799	38768.0	25178.5	3.97264	1.0002
natural[101,3]	1.98286	0.00258595	0.620861	0.616767	0.989559	1.96891	3.02891	57776.5	43968.6	5.92049	1.00026
natural[102,1]	0.572283	0.00160137	0.256619	0.318112	0.14613	0.584942	0.953537	25033.1	31539.3	2.5652	1.00025
natural[102,2]	0.0367838	0.000159902	0.0442944	0.0236163	0.00167063	0.021297	0.126032	84183.4	45645.1	8.62646	0.999983
natural[102,3]	0.688123	0.00134001	0.448064	0.44598	-0.0366292	0.680835	1.43563	112972.0	46820.5	11.5765	1.00012
natural[103,1]	0.386738	0.0013209	0.260786	0.255414	0.0736895	0.313097	0.896681	39878.4	46323.3	4.08643	1.0001
natural[103,2]	0.153672	0.000636147	0.166945	0.113915	0.00398504	0.0918237	0.499443	57234.8	45197.2	5.86498	1.00005
natural[103,3]	0.780862	0.0014857	0.472224	0.46422	0.0220229	0.76921	1.5733	102259.0	51100.6	10.4787	1.00008
natural[104,1]	0.210251	0.000571118	0.0984649	0.0979803	0.0696295	0.201658	0.378478	27830.9	40146.2	2.85189	1.00024
natural[104,2]	1.04662	0.00247147	0.414733	0.409275	0.401325	1.02257	1.7687	27370.4	33153.4	2.8047	1.00032
natural[104,3]	1.54027	0.00520223	0.630741	0.62182	0.543733	1.51519	2.61808	14909.7	38053.3	1.52783	1.00026
natural[105,1]	0.552654	0.00256397	0.260351	0.324288	0.132127	0.554767	0.954437	10118.2	22043.3	1.03683	1.0005
natural[105,2]	0.0662149	0.000307102	0.0844105	0.0415156	0.00185074	0.0341621	0.241627	78877.7	48686.3	8.08277	1.0001
natural[105,3]	2.67263	0.00207735	0.663184	0.65532	1.64853	2.63722	3.82082	108449.0	48840.7	11.113	1.00023
natural[106,1]	0.597788	0.00190329	0.26213	0.325267	0.146833	0.622204	0.965582	18515.5	31060.9	1.89732	1.0005
natural[106,2]	0.0326309	0.000159988	0.0434603	0.0194739	0.00135247	0.0172985	0.116545	96817.2	44289.5	9.92107	1.00011
natural[106,3]	1.55144	0.00155208	0.528035	0.521667	0.720039	1.53052	2.46218	120612.0	47797.0	12.3594	1.00014
natural[107,1]	0.452745	0.00124048	0.254322	0.295866	0.0898415	0.42158	0.904598	38892.1	41008.1	3.98536	1.00011
natural[107,2]	0.108662	0.000433397	0.12652	0.0740637	0.00364934	0.0628165	0.367211	77067.9	46669.2	7.89731	0.999978
natural[107,3]	0.73832	0.0013861	0.456969	0.452873	-0.00194492	0.73127	1.50142	109581.0	50398.2	11.229	1.0001
natural[108,1]	0.463854	0.00125474	0.245059	0.277546	0.114126	0.432526	0.906424	36267.7	39990.1	3.71643	1.00021
natural[108,2]	0.0950166	0.000356299	0.104134	0.0676855	0.00342958	0.0583815	0.310737	71555.1	45824.6	7.33241	0.999997
natural[108,3]	0.602518	0.00143652	0.474829	0.470649	-0.170143	0.595679	1.39349	110284.0	48482.3	11.3011	1.00024
natural[109,1]	0.45359	0.00145779	0.255254	0.295981	0.0933897	0.420527	0.909612	29144.7	38396.7	2.98652	1.00012
natural[109,2]	0.0950612	0.000394219	0.111802	0.0639051	0.00329794	0.0549626	0.325838	79892.7	46442.1	8.18678	1.00007
natural[109,3]	0.130303	0.00132882	0.439615	0.438746	-0.589255	0.12787	0.853864	109724.0	50824.6	11.2437	1.00026
natural[110,1]	0.505798	0.00163573	0.272713	0.34716	0.100803	0.488277	0.946849	26861.3	37931.0	2.75254	1.00016
natural[110,2]	0.074034	0.000346662	0.0999516	0.0428998	0.0020295	0.0352297	0.279835	93425.4	46337.3	9.57351	1.00008
natural[110,3]	1.57782	0.00158892	0.531128	0.530799	0.738294	1.55667	2.48126	115417.0	48432.8	11.8271	1.00019
natural[111,1]	0.478279	0.0018885	0.268359	0.32561	0.0998919	0.444285	0.93933	18762.5	35624.0	1.92263	1.00021
natural[111,2]	0.104709	0.000475901	0.135679	0.0639124	0.0023393	0.0509288	0.394432	79690.5	46406.1	8.16606	1.00004
natural[111,3]	2.17845	0.00180458	0.612962	0.605997	1.2182	2.15054	3.22499	119735.0	48371.5	12.2695	1.0003
natural[112,1]	0.223744	0.00170407	0.205131	0.129145	0.0298219	0.152383	0.697848	10688.8	29237.1	1.09531	1.00071
natural[112,2]	0.437071	0.00151798	0.331812	0.362798	0.0176061	0.387146	1.05449	39272.7	37039.6	4.02436	1.0001
natural[112,3]	-0.445074	0.00182356	0.5453	0.54181	-1.34403	-0.443084	0.448788	89646.5	52091.8	9.18627	1.00007
natural[113,1]	0.598683	0.00154973	0.245814	0.297706	0.175751	0.617314	0.956692	25119.5	33379.9	2.57405	1.00023
natural[113,2]	0.0322051	0.000134038	0.0376165	0.0211194	0.0015555	0.0192381	0.106359	92696.6	45407.2	9.49883	1.0
natural[113,3]	1.06819	0.00145788	0.486751	0.479784	0.291165	1.05712	1.89233	114854.0	47142.1	11.7693	1.00012
natural[114,1]	0.370679	0.00116365	0.235866	0.212239	0.090233	0.305573	0.861876	45830.4	43180.7	4.69634	1.00011
natural[114,2]	0.183081	0.000700229	0.183682	0.145696	0.00549966	0.123181	0.559732	53998.4	44364.6	5.53334	1.00006
natural[114,3]	0.82755	0.00147691	0.47805	0.473333	0.0645067	0.814531	1.6338	106171.0	51823.2	10.8796	1.00005
natural[115,1]	0.58804	0.00187154	0.255941	0.321357	0.163592	0.602796	0.961564	18559.8	28291.7	1.90187	1.00036
natural[115,2]	0.0367159	0.000160083	0.0460091	0.0229379	0.00149916	0.0201993	0.129712	100508.0	45387.1	10.2993	1.00004
natural[115,3]	1.61534	0.00161213	0.529308	0.52317	0.77968	1.59384	2.51195	113099.0	47124.3	11.5895	0.999999
natural[116,1]	0.364747	0.00211856	0.274781	0.284276	0.0419519	0.288325	0.892973	15070.6	37178.1	1.54432	1.00049
natural[116,2]	0.181232	0.000903316	0.214816	0.118205	0.00417326	0.0931739	0.640313	49651.9	46326.7	5.08794	1.00013
natural[116,3]	-0.163637	0.00150345	0.463753	0.455677	-0.920814	-0.164456	0.600745	95330.1	52821.7	9.76869	0.999988
natural[117,1]	0.310814	0.00180231	0.254649	0.212736	0.0367632	0.225463	0.851797	16037.6	39533.9	1.64341	1.00019
natural[117,2]	0.234138	0.000971503	0.235	0.190994	0.00585917	0.156427	0.715427	47493.4	44463.0	4.86676	1.00011
natural[117,3]	-0.0846048	0.00164449	0.487009	0.477745	-0.879422	-0.0880159	0.720418	87821.1	52137.6	8.99923	1.00008
natural[118,1]	0.516309	0.00142437	0.261452	0.325519	0.114384	0.507199	0.93916	32303.1	36666.3	3.31017	1.00017
natural[118,2]	0.0590105	0.000248723	0.0701509	0.0387799	0.00232642	0.0337221	0.199533	82113.7	46401.7	8.41438	0.999997
natural[118,3]	0.802741	0.00142833	0.480132	0.475929	0.0325572	0.793445	1.60725	114752.0	49074.7	11.7589	1.00017
natural[119,1]	0.595199	0.00177323	0.257382	0.316856	0.154243	0.619405	0.961453	21931.4	31815.8	2.24735	1.00023
natural[119,2]	0.0336406	0.000157102	0.0431454	0.0207794	0.00145587	0.0185598	0.118029	100365.0	46638.6	10.2846	1.00009
natural[119,3]	1.35007	0.00149343	0.498435	0.49452	0.558881	1.33514	2.20038	115898.0	45477.9	11.8763	1.00008
natural[120,1]	0.516698	0.0012139	0.245082	0.292508	0.135423	0.507204	0.924469	37880.7	35485.9	3.88172	1.00008
natural[120,2]	0.0732558	0.00028863	0.08393	0.049855	0.00287837	0.0437185	0.244202	82128.9	47270.9	8.41593	0.999994
natural[120,3]	0.915523	0.00137618	0.463644	0.457899	0.175021	0.90374	1.69454	115441.0	50086.1	11.8295	1.00023
natural[121,1]	0.302725	0.00131867	0.240387	0.161932	0.060274	0.212883	0.844912	36613.5	42773.7	3.75187	1.00019
natural[121,2]	0.280278	0.00115493	0.251928	0.254764	0.00682034	0.217085	0.767388	40598.3	44477.6	4.16019	1.00009
natural[121,3]	1.56271	0.00179639	0.545348	0.542095	0.69996	1.54321	2.48829	92592.0	52751.8	9.48811	1.00013
natural[122,1]	0.426925	0.00220411	0.274854	0.325084	0.0544216	0.383253	0.916662	15030.9	32146.6	1.54025	1.00048
natural[122,2]	0.106612	0.000577388	0.137622	0.0642091	0.00310591	0.0531782	0.3993	56862.9	49005.9	5.82686	1.00003
natural[122,3]	-0.196409	0.00146836	0.453424	0.445644	-0.9409	-0.197581	0.548669	95643.8	50770.4	9.80083	1.0001
natural[123,1]	0.416839	0.00216606	0.278471	0.332983	0.051153	0.368626	0.911525	15707.3	34854.6	1.60957	1.00029
natural[123,2]	0.121906	0.000636962	0.157434	0.0723673	0.00328818	0.0591876	0.46216	57377.7	46326.9	5.87962	1.00005
natural[123,3]	-0.217884	0.00145021	0.448668	0.445987	-0.95334	-0.214819	0.521293	95965.3	53296.9	9.83377	1.00014
natural[124,1]	0.637471	0.00284385	0.248844	0.292171	0.189547	0.672566	0.972174	7750.38	16737.1	0.794198	1.00104
natural[124,2]	0.0290825	0.000128198	0.036128	0.0184105	0.0011839	0.0163467	0.100316	97517.9	46131.7	9.99287	1.00011
natural[124,3]	2.64163	0.00204554	0.673062	0.655939	1.59574	2.60707	3.8101	115944.0	46590.9	11.881	1.00033
natural[125,1]	0.392997	0.00179496	0.30209	0.356843	0.0324904	0.323413	0.927951	27920.8	47916.3	2.8611	1.00033
natural[125,2]	0.171269	0.00112975	0.241176	0.0786171	0.00268013	0.0597436	0.711923	49304.9	51264.1	5.05238	1.00007
natural[125,3]	0.596337	0.00161123	0.489206	0.479959	-0.183694	0.584484	1.42593	93267.6	51571.0	9.55734	1.00013
natural[126,1]	0.508267	0.00194675	0.276493	0.353502	0.0834643	0.503225	0.944336	20225.7	33542.5	2.07257	1.00024
natural[126,2]	0.0577998	0.000318438	0.0796535	0.0333948	0.00201742	0.0290152	0.21616	67621.9	42578.9	6.92936	1.00004
natural[126,3]	0.0325186	0.00136552	0.447253	0.44305	-0.704603	0.032414	0.770054	107511.0	50291.5	11.0168	1.00022
natural[127,1]	0.63596	0.00253194	0.2511	0.297974	0.184834	0.671381	0.971837	10030.7	19691.3	1.02787	1.00044
natural[127,2]	0.026907	0.000124654	0.033988	0.0167322	0.00116126	0.0149248	0.0931233	100076.0	46168.3	10.255	1.00004
natural[127,3]	2.21949	0.00185444	0.613142	0.611306	1.26226	2.19255	3.26988	115156.0	47486.7	11.8003	1.00019
natural[128,1]	0.300397	0.00143625	0.253392	0.196733	0.0375684	0.207594	0.847076	29464.3	46883.0	3.01927	1.00011
natural[128,2]	0.272628	0.00114611	0.268783	0.22877	0.00632846	0.184496	0.812331	46896.2	46108.1	4.80556	1.0
natural[128,3]	0.382928	0.00163753	0.495398	0.487653	-0.406899	0.370484	1.22049	92027.6	53886.3	9.43027	1.00007
natural[129,1]	0.335643	0.00237379	0.291804	0.277986	0.0229913	0.235858	0.895195	14974.5	42454.8	1.53447	1.0005
natural[129,2]	0.237689	0.00157846	0.284801	0.144653	0.00412426	0.1085	0.846378	29910.3	46756.8	3.06498	1.00027
natural[129,3]	0.0640824	0.00175014	0.484326	0.474883	-0.709876	0.0523614	0.879868	76894.7	52186.5	7.87957	1.00013
natural[130,1]	0.568259	0.00178471	0.257597	0.320792	0.144609	0.576942	0.955554	20394.8	29520.5	2.0899	1.00033
natural[130,2]	0.0447274	0.000201257	0.0569565	0.0275535	0.0017081	0.0239863	0.158357	101269.0	48403.9	10.3773	1.00005
natural[130,3]	1.61366	0.00155832	0.524274	0.52101	0.789181	1.59272	2.51287	117165.0	50078.9	12.0062	0.999993
natural[131,1]	0.195766	0.00115409	0.196208	0.0947703	0.0319173	0.123987	0.673548	36542.0	36111.0	3.74454	1.00013
natural[131,2]	0.515105	0.00179944	0.367196	0.41803	0.017138	0.482044	1.16702	36266.7	36627.9	3.71632	1.00003
natural[131,3]	0.878594	0.00197553	0.538522	0.541573	0.0224491	0.859971	1.7943	73706.9	51606.5	7.55291	1.00028
natural[132,1]	0.432788	0.00143051	0.26591	0.307328	0.0762002	0.387208	0.913882	32955.3	40919.8	3.37701	1.0001
natural[132,2]	0.111163	0.000483661	0.134609	0.0724159	0.00316649	0.0597599	0.396861	70895.9	46011.0	7.26486	0.999983
natural[132,3]	0.546639	0.00141863	0.452433	0.446498	-0.181515	0.538722	1.30287	102732.0	48547.4	10.5272	1.00018
natural[133,1]	0.451474	0.00149369	0.260932	0.304845	0.0906941	0.412707	0.917211	28633.2	35540.6	2.93411	1.00025
natural[133,2]	0.0958213	0.000395132	0.11322	0.0637962	0.00311321	0.053775	0.332537	73473.6	46020.9	7.52901	1.00006
natural[133,3]	0.352011	0.00134835	0.443265	0.43816	-0.372222	0.348586	1.08457	108377.0	51055.3	11.1056	1.00019
natural[134,1]	0.232066	0.000846075	0.159757	0.115848	0.0630598	0.18922	0.562068	47247.2	32424.9	4.84153	1.00007
natural[134,2]	0.513081	0.00138812	0.299972	0.314055	0.0597473	0.492403	1.04314	39935.7	28012.9	4.0923	1.00004
natural[134,3]	1.26433	0.00197693	0.535753	0.536322	0.410901	1.24862	2.16822	74054.5	49143.4	7.58853	1.00014
natural[135,1]	0.557965	0.00150136	0.257323	0.320379	0.140418	0.565539	0.950203	28230.6	34569.6	2.89285	1.0002
natural[135,2]	0.0478581	0.00021369	0.0607961	0.0295582	0.00188467	0.0258173	0.169546	100150.0	46171.8	10.2626	1.00011
natural[135,3]	1.29767	0.00149052	0.502631	0.499176	0.50068	1.28204	2.14814	116273.0	49226.3	11.9147	1.00021
natural[136,1]	0.494949	0.00156146	0.259533	0.314502	0.11012	0.472609	0.931614	26220.9	34338.7	2.68691	1.00025
natural[136,2]	0.0638789	0.000273894	0.0766799	0.0414772	0.00242424	0.0360498	0.221175	77920.9	45486.4	7.98472	1.00005
natural[136,3]	0.237316	0.00135273	0.448899	0.445366	-0.498362	0.234047	0.980279	110655.0	48038.4	11.3391	1.00005
natural[137,1]	0.429548	0.00121142	0.235618	0.245933	0.114833	0.384588	0.883456	36765.9	40882.9	3.76748	1.00018
natural[137,2]	0.142455	0.000523004	0.139231	0.114521	0.00475436	0.0993021	0.423228	53522.0	42904.2	5.48452	1.00011
natural[137,3]	1.61711	0.00175537	0.549412	0.545583	0.748585	1.59878	2.55503	100584.0	50351.0	10.3071	1.00006
natural[138,1]	0.0836007	0.000759459	0.105694	0.0396575	0.0135228	0.0558566	0.235336	21575.7	22943.7	2.21091	1.00025
natural[138,2]	0.96905	0.00214741	0.441287	0.435731	0.207548	0.968381	1.69954	40116.6	22369.4	4.11084	1.00001
natural[138,3]	0.520837	0.00226444	0.576067	0.576112	-0.425086	0.522537	1.46283	65101.7	43778.3	6.67111	1.00013
natural[139,1]	0.520592	0.00153685	0.269713	0.345068	0.105521	0.517579	0.945234	29639.7	40455.1	3.03725	1.00024
natural[139,2]	0.0655824	0.000309674	0.0877734	0.0385917	0.00210675	0.032608	0.24582	92891.2	47933.7	9.51877	0.999974
natural[139,3]	1.35776	0.00148382	0.498433	0.491651	0.565261	1.34276	2.19856	115052.0	48884.5	11.7896	1.00008
natural[140,1]	0.525124	0.00162573	0.27102	0.346785	0.111052	0.515678	0.950603	26916.6	36664.1	2.75821	1.0001
natural[140,2]	0.0574174	0.000273727	0.0756618	0.0342345	0.00185387	0.0288295	0.213282	88021.1	48275.6	9.01971	1.00012
natural[140,3]	1.37197	0.00148934	0.499116	0.493832	0.57525	1.35642	2.22081	115482.0	49442.5	11.8337	0.999985
natural[141,1]	0.547578	0.00151376	0.257604	0.321112	0.134779	0.549314	0.94672	28226.8	36693.0	2.89246	1.00031
natural[141,2]	0.0459525	0.000196431	0.0562161	0.0290848	0.00196453	0.0258308	0.160483	90312.1	46465.4	9.25448	1.00002
natural[141,3]	0.829424	0.00139258	0.467673	0.459833	0.0809991	0.820538	1.61947	113843.0	47206.1	11.6657	1.00003
natural[142,1]	0.443385	0.00125509	0.25709	0.293391	0.0861048	0.403818	0.909286	39693.8	41879.2	4.06751	1.0002
natural[142,2]	0.104234	0.000407424	0.118003	0.0730536	0.00343347	0.0623424	0.347179	75124.7	46472.8	7.6982	1.00011
natural[142,3]	0.875291	0.00145825	0.474974	0.472264	0.111111	0.865855	1.67623	107377.0	50001.9	11.0032	0.999982
natural[143,1]	0.415782	0.00142014	0.264951	0.278858	0.0868224	0.348639	0.915023	34374.8	43327.6	3.52246	1.00015
natural[143,2]	0.159264	0.000715175	0.190805	0.106231	0.00321537	0.0827488	0.565846	60684.6	49530.4	6.21849	1.00007
natural[143,3]	1.67768	0.00165062	0.539314	0.535534	0.834908	1.65539	2.59739	110588.0	50777.6	11.3322	1.0001
natural[144,1]	0.146516	0.000615698	0.117808	0.0857463	0.02516	0.114889	0.37224	41098.4	40301.8	4.21144	1.00012
natural[144,2]	0.793052	0.00154664	0.359046	0.358631	0.233384	0.773008	1.41543	49109.9	32559.3	5.0324	1.00006
natural[144,3]	1.65306	0.00204719	0.59167	0.591813	0.705181	1.63804	2.64972	83853.9	49910.8	8.5927	1.00013
natural[145,1]	0.540161	0.0015985	0.259101	0.323847	0.130823	0.538408	0.945245	25031.4	34473.1	2.56502	1.00013
natural[145,2]	0.0547166	0.000235676	0.067942	0.0346852	0.0019765	0.0299411	0.194196	92209.1	44217.4	9.44887	0.999928
natural[145,3]	1.3615	0.00146643	0.499686	0.494606	0.567163	1.34573	2.21099	118704.0	50747.7	12.1639	1.00015
natural[146,1]	0.36101	0.00131464	0.259299	0.232044	0.0626816	0.280469	0.892316	41190.4	44120.6	4.22087	1.0002
natural[146,2]	0.179448	0.000734787	0.191114	0.140004	0.00407937	0.111081	0.570127	54632.9	44746.3	5.59836	1.00005
natural[146,3]	1.17137	0.00157644	0.505232	0.495581	0.367081	1.15578	2.02525	104950.0	52767.6	10.7544	1.00014
natural[147,1]	0.645898	0.00251986	0.247214	0.291222	0.198767	0.683321	0.973361	9443.31	20085.0	0.967677	1.0008
natural[147,2]	0.0241042	0.000106592	0.0299485	0.0150805	0.00111069	0.013691	0.0830162	105380.0	45083.3	10.7985	1.00004
natural[147,3]	2.24363	0.00185675	0.62109	0.617548	1.27468	2.21559	3.30726	119229.0	46482.9	12.2177	1.00006
natural[148,1]	0.360756	0.00116723	0.232157	0.215358	0.0740012	0.304532	0.841917	39796.3	43679.1	4.07802	1.00014
natural[148,2]	0.189039	0.00067965	0.174777	0.157292	0.00656953	0.13857	0.535673	51937.5	42697.4	5.32215	1.00013
natural[148,3]	0.646778	0.00153686	0.476567	0.472192	-0.116705	0.634733	1.44955	96983.2	53011.0	9.93808	1.00021
natural[149,1]	0.512596	0.0015489	0.265423	0.33404	0.108114	0.501922	0.939334	28517.6	41622.4	2.92226	1.00018
natural[149,2]	0.0608638	0.000275695	0.0770382	0.0378829	0.00228637	0.0327954	0.215563	78398.0	45431.0	8.03362	0.999985
natural[149,3]	0.528704	0.00132987	0.448229	0.444369	-0.198311	0.52465	1.27997	115237.0	48206.3	11.8085	1.00018
natural[150,1]	0.56802	0.00157987	0.25651	0.31797	0.142057	0.578846	0.95263	26065.6	31548.2	2.671	1.00024
natural[150,2]	0.0408479	0.000178221	0.0509555	0.0254295	0.0017721	0.0227581	0.141151	96072.4	49173.2	9.84475	1.00003
natural[150,3]	1.10885	0.00141175	0.47666	0.472955	0.351246	1.09395	1.91788	116695.0	49395.1	11.958	1.00021
natural[151,1]	0.586147	0.00282041	0.26968	0.341361	0.133467	0.608181	0.968398	9017.96	24796.7	0.92409	1.00044
natural[151,2]	0.0450532	0.000230216	0.0628322	0.0258506	0.00139202	0.0217757	0.170246	93742.4	45930.3	9.60599	0.999976
natural[151,3]	2.65967	0.00208688	0.67168	0.667025	1.62198	2.62306	3.82507	109678.0	46907.2	11.2389	1.00008
natural[152,1]	0.0802012	0.000654199	0.0955772	0.0390906	0.0140541	0.0557395	0.217027	29206.8	26285.5	2.99289	1.00023
natural[152,2]	1.00417	0.00219242	0.436759	0.431109	0.26453	1.00227	1.73195	38407.5	24880.5	3.93571	1.00017
natural[152,3]	1.73679	0.00284974	0.613858	0.611624	0.740452	1.72385	2.76746	46488.9	42777.8	4.76382	1.00029
natural[153,1]	0.31428	0.00164561	0.254579	0.206091	0.0422609	0.226407	0.860438	21054.2	42829.5	2.15747	1.00018
natural[153,2]	0.224	0.000917016	0.229545	0.181272	0.00533283	0.146606	0.693441	48761.3	45239.8	4.99668	1.00013
natural[153,3]	0.0656227	0.00155868	0.489425	0.483065	-0.734163	0.0609152	0.87675	98772.4	53637.2	10.1214	1.00003
natural[154,1]	0.298336	0.000976948	0.182195	0.150469	0.0857424	0.252774	0.676713	35762.9	36850.5	3.66471	1.00013
natural[154,2]	0.332257	0.000962484	0.227586	0.230715	0.0263542	0.300609	0.754222	44102.1	31856.4	4.51924	1.00009
natural[154,3]	0.395621	0.00166991	0.488137	0.482631	-0.39558	0.387511	1.20818	85711.2	50954.5	8.78302	1.0001
natural[155,1]	0.374093	0.00138324	0.268126	0.257194	0.0631796	0.292839	0.903784	37338.3	46654.9	3.82614	1.00007
natural[155,2]	0.20638	0.000946351	0.242486	0.141228	0.00371158	0.107986	0.723632	55723.9	48518.9	5.71015	1.00002
natural[155,3]	1.66976	0.00164004	0.537068	0.531479	0.825712	1.64962	2.59143	110464.0	49833.3	11.3195	1.0002
natural[156,1]	0.391755	0.00143411	0.259408	0.281199	0.0645702	0.336045	0.888647	31315.6	43859.0	3.20897	1.00013
natural[156,2]	0.198948	0.000808482	0.217781	0.147695	0.00452609	0.11792	0.655334	59167.6	47015.0	6.06304	1.00004
natural[156,3]	1.71549	0.00166761	0.541419	0.537948	0.868429	1.69575	2.64105	108345.0	52109.7	11.1023	1.00003
natural[157,1]	0.436037	0.00130409	0.227694	0.235988	0.129198	0.395085	0.878881	27334.3	38831.1	2.80101	1.00025
natural[157,2]	0.149221	0.000551565	0.142406	0.121402	0.00509462	0.107018	0.433839	49392.1	43149.6	5.06132	1.00009
natural[157,3]	1.95555	0.00189798	0.570034	0.56837	1.05715	1.93356	2.92966	93399.8	49085.5	9.57089	1.00014
natural[158,1]	0.0274012	0.00015474	0.0225726	0.0170893	0.00392438	0.0211574	0.0733499	22251.6	35207.1	2.28017	1.00027
natural[158,2]	5.88093	0.00905207	2.23994	2.05168	2.90557	5.5339	10.055	62815.6	52450.1	6.43686	1.00015
natural[158,3]	0.917008	0.00336959	0.870756	0.862676	-0.492971	0.906267	2.37293	67427.0	46291.0	6.90939	1.00024
natural[159,1]	0.470648	0.00143111	0.263547	0.318014	0.0956725	0.439693	0.927039	32997.5	41501.8	3.38133	1.00006
natural[159,2]	0.0945157	0.000384684	0.114568	0.0615044	0.00277152	0.0509542	0.332216	81481.9	48355.4	8.34963	1.0
natural[159,3]	1.32535	0.00153389	0.506725	0.505772	0.526681	1.30926	2.18732	111826.0	46788.3	11.4591	1.00015
natural[160,1]	0.418513	0.00129022	0.244597	0.261795	0.0912528	0.374184	0.885204	33161.5	41007.6	3.39814	1.0002
natural[160,2]	0.138142	0.000537253	0.151496	0.100176	0.00429317	0.0847685	0.450742	64448.1	42050.0	6.60413	1.00006
natural[160,3]	0.200617	0.00148801	0.490981	0.486607	-0.603858	0.199621	1.01141	109233.0	49069.6	11.1933	1.0
natural[161,1]	0.447965	0.00136268	0.25862	0.300158	0.0854928	0.411385	0.909152	33917.7	40630.3	3.47562	1.00024
natural[161,2]	0.117307	0.000465492	0.133948	0.0819104	0.00352098	0.0680659	0.397556	73090.9	46713.7	7.48979	1.00001
natural[161,3]	1.37052	0.00157476	0.515838	0.507387	0.551848	1.35349	2.24979	110462.0	48967.8	11.3193	1.00015
natural[162,1]	0.633963	0.00246259	0.252665	0.300578	0.180546	0.670157	0.972475	10526.9	21924.8	1.07872	1.00044
natural[162,2]	0.0268806	0.000123004	0.0343172	0.0166301	0.00111369	0.0147959	0.0941365	105469.0	44859.8	10.8076	1.00008
natural[162,3]	2.2468	0.00182659	0.611071	0.602569	1.29092	2.2153	3.29701	118226.0	45362.2	12.1149	1.00014
natural[163,1]	0.409935	0.00137408	0.252684	0.270415	0.0776028	0.359633	0.890545	31733.2	39845.4	3.25177	1.00026
natural[163,2]	0.12119	0.000461185	0.12858	0.0892257	0.00422462	0.0765004	0.387564	65165.0	45652.1	6.6776	1.00001
natural[163,3]	0.34268	0.00141315	0.446483	0.444952	-0.38521	0.338373	1.08308	101051.0	51472.9	10.3549	1.00014
natural[164,1]	0.367143	0.00147397	0.271302	0.264851	0.0518006	0.286075	0.896646	32568.5	45588.2	3.33736	1.00002
natural[164,2]	0.171281	0.000770796	0.197243	0.118806	0.00391042	0.0933805	0.585192	57810.1	47627.0	5.92393	1.00011
natural[164,3]	0.528576	0.00150528	0.472876	0.46946	-0.231629	0.520464	1.31966	99436.0	52758.3	10.1894	1.00001
natural[165,1]	0.15039	0.00115243	0.149106	0.0705776	0.0291428	0.107475	0.451272	15186.6	25868.0	1.55621	1.00059
natural[165,2]	0.564689	0.00159722	0.331512	0.346996	0.0501394	0.547246	1.14602	37064.9	25869.5	3.79812	1.00014
natural[165,3]	0.0426968	0.00200783	0.540393	0.540269	-0.84821	0.043957	0.930542	72948.9	49614.0	7.47523	1.00003
natural[166,1]	0.482051	0.00143183	0.260241	0.312084	0.107713	0.452228	0.929527	31447.6	37729.5	3.22251	1.00016
natural[166,2]	0.0743641	0.000322418	0.0897829	0.0481024	0.00258893	0.0409349	0.261533	73831.9	46876.9	7.56572	1.00002
natural[166,3]	0.519655	0.00135795	0.444134	0.439002	-0.202977	0.512646	1.26041	107567.0	49975.7	11.0226	1.00022
natural[167,1]	0.118495	0.00109221	0.154107	0.0533838	0.0153854	0.0685768	0.460485	28183.0	24642.6	2.88797	1.00002
natural[167,2]	0.718741	0.00213866	0.403995	0.420464	0.050086	0.71756	1.39904	32774.3	24424.7	3.35845	1.00013
natural[167,3]	0.914687	0.00247682	0.572639	0.569631	-0.0106282	0.908087	1.86979	52853.9	42794.4	5.41605	1.00004
natural[168,1]	0.206068	0.00102383	0.175041	0.0961448	0.0471924	0.15136	0.607461	42457.8	32068.5	4.35074	1.0
natural[168,2]	0.470899	0.00152045	0.310318	0.339585	0.0261629	0.446988	1.02334	35363.3	30044.2	3.62376	1.00009
natural[168,3]	1.31601	0.00202434	0.548499	0.546601	0.444462	1.30094	2.24598	72883.9	50390.4	7.46857	1.00006
natural[169,1]	0.418195	0.00200401	0.288844	0.348184	0.0490029	0.363785	0.926457	19141.0	42892.8	1.96142	1.00033
natural[169,2]	0.125915	0.000723951	0.168677	0.0689943	0.00279968	0.0544472	0.497963	51069.3	46328.3	5.23318	1.00006
natural[169,3]	0.16668	0.00144637	0.450545	0.445676	-0.564245	0.162643	0.910211	97466.4	50837.0	9.98759	1.00027
natural[170,1]	0.490985	0.0016822	0.264834	0.329036	0.101501	0.469866	0.931218	23226.2	33389.0	2.38004	1.00024
natural[170,2]	0.0662563	0.000295028	0.0807862	0.0422423	0.00248338	0.0366714	0.233062	78120.9	44495.5	8.00522	1.00004
natural[170,3]	0.12003	0.00131789	0.432797	0.431083	-0.591286	0.119274	0.83025	108337.0	47745.0	11.1016	1.00019
natural[171,1]	0.344948	0.00192552	0.277726	0.247222	0.0405453	0.249254	0.902403	19713.2	40401.3	2.02005	1.00014
natural[171,2]	0.185215	0.000923981	0.216079	0.124819	0.00370484	0.095821	0.643623	46613.3	46001.1	4.77657	1.00004
natural[171,3]	0.0397846	0.00154885	0.466533	0.45978	-0.721423	0.0337349	0.81344	91402.1	52309.2	9.36618	1.00005
natural[172,1]	0.389478	0.00133865	0.254075	0.259808	0.075161	0.327561	0.885172	34680.4	44243.4	3.55378	1.00008
natural[172,2]	0.154477	0.000617294	0.167945	0.113665	0.00448277	0.0939222	0.504032	59164.7	44374.0	6.06274	1.00004
natural[172,3]	0.516721	0.0014693	0.467522	0.464461	-0.240973	0.511272	1.29739	101863.0	52358.9	10.4382	1.00006
natural[173,1]	0.442019	0.00164104	0.270391	0.328883	0.0686367	0.405766	0.914454	25341.5	36140.9	2.5968	1.00017
natural[173,2]	0.10372	0.000481504	0.130857	0.0643905	0.00317547	0.0539514	0.381125	71717.0	45915.6	7.349	1.00001
natural[173,3]	0.14236	0.00136771	0.440329	0.437022	-0.576598	0.139254	0.866968	103840.0	51258.5	10.6407	1.00007
natural[174,1]	0.560136	0.00148656	0.257835	0.322767	0.142591	0.563942	0.953907	28983.8	34655.7	2.97004	1.00016
natural[174,2]	0.0417659	0.000181258	0.0518235	0.0264231	0.00175071	0.0234553	0.144978	90782.0	45598.8	9.30263	0.999974
natural[174,3]	0.92879	0.0013719	0.461809	0.458116	0.189607	0.920243	1.7031	114866.0	48464.8	11.7705	1.00007
natural[175,1]	0.644282	0.0024888	0.247359	0.292757	0.198312	0.680894	0.973046	10244.2	21203.0	1.04975	1.00049
natural[175,2]	0.0246612	0.000106145	0.0301182	0.0155757	0.00111167	0.0140457	0.0854433	102263.0	44947.0	10.4791	1.00008
natural[175,3]	2.25258	0.00182737	0.610496	0.605582	1.30637	2.22244	3.31062	118765.0	45385.6	12.1701	0.999994
natural[176,1]	0.597856	0.00169095	0.257593	0.318239	0.157228	0.62217	0.962168	23172.1	30775.6	2.3745	1.0002
natural[176,2]	0.031512	0.000144336	0.0394079	0.0197313	0.00141762	0.0177493	0.109268	98859.7	46635.8	10.1304	1.00001
natural[176,3]	1.23743	0.00150967	0.509583	0.505671	0.431099	1.22375	2.10078	116831.0	48594.4	11.9719	1.00036
natural[177,1]	0.269345	0.00140135	0.236555	0.148049	0.04132	0.177762	0.814964	29112.9	42999.6	2.98327	1.00018
natural[177,2]	0.306267	0.00121003	0.273832	0.277135	0.00817344	0.237957	0.835873	42559.6	42962.7	4.36117	1.0001
natural[177,3]	0.219745	0.0017088	0.49893	0.494382	-0.582912	0.209195	1.055	85389.4	49950.7	8.75004	1.00002
natural[178,1]	0.484146	0.00142387	0.262837	0.319105	0.0992314	0.457746	0.930623	32405.9	39245.5	3.3207	1.00006
natural[178,2]	0.0797982	0.000328474	0.0960687	0.0523574	0.00261365	0.0440688	0.279515	82193.4	47827.1	8.42254	0.999973
natural[178,3]	1.15564	0.00145532	0.482202	0.478686	0.388934	1.13987	1.97221	112037.0	51000.8	11.4807	0.999956
natural[179,1]	0.220487	0.00160087	0.246587	0.0983887	0.0243905	0.109237	0.824453	26756.3	39550.2	2.74178	1.00044
natural[179,2]	0.391764	0.001776	0.336874	0.389765	0.0066467	0.330993	1.02041	32171.8	42902.9	3.29671	1.00021
natural[179,3]	0.740605	0.00197802	0.514268	0.509186	-0.0725993	0.721703	1.62107	67579.1	51708.8	6.92498	1.00006
natural[180,1]	0.20297	0.00133316	0.208814	0.0897788	0.0343025	0.122531	0.726978	31172.8	34478.7	3.19435	1.00026
natural[180,2]	0.483805	0.00189871	0.363642	0.424077	0.0129498	0.447452	1.13734	31771.5	34909.9	3.25569	1.00014
natural[180,3]	0.633124	0.00192503	0.520444	0.518238	-0.198503	0.620584	1.51053	72759.2	49784.3	7.4558	1.00013
natural[181,1]	0.0534535	0.000137234	0.0316568	0.0282689	0.013545	0.0482732	0.110406	63745.6	45775.8	6.53215	1.00015
natural[181,2]	1.79602	0.00197591	0.530884	0.51821	0.980699	1.7632	2.71784	69947.8	46640.7	7.16771	1.00005
natural[181,3]	1.43468	0.00212053	0.62086	0.620477	0.429503	1.42453	2.46981	86208.7	45127.3	8.83399	1.00008
natural[182,1]	0.333795	0.00130221	0.241968	0.224729	0.0527313	0.266376	0.832411	30393.6	39268.0	3.1145	1.00021
natural[182,2]	0.292591	0.00119704	0.280062	0.244413	0.00757479	0.207533	0.860277	45119.2	45016.6	4.62347	1.00011
natural[182,3]	1.78373	0.00194281	0.57915	0.572997	0.876702	1.7606	2.77075	90902.0	52235.3	9.31493	1.00004
natural[183,1]	0.634879	0.00279772	0.247736	0.297653	0.194601	0.664391	0.972832	7822.87	17689.6	0.801627	1.00095
natural[183,2]	0.028686	0.00012458	0.0353133	0.0182169	0.00116918	0.016073	0.0982394	97029.8	45170.4	9.94286	1.0
natural[183,3]	2.6485	0.00200851	0.667323	0.65783	1.61456	2.61228	3.80896	116721.0	47813.9	11.9607	1.00008
natural[184,1]	0.385827	0.00191642	0.265737	0.284986	0.0575778	0.321569	0.890857	17401.4	34601.4	1.78316	1.00039
natural[184,2]	0.147155	0.00062732	0.167467	0.101939	0.00412644	0.083404	0.499671	59685.8	45233.1	6.11613	1.00009
natural[184,3]	-0.18475	0.00144857	0.456383	0.450676	-0.937251	-0.184193	0.560267	99479.9	51055.0	10.1939	1.00002
natural[185,1]	0.252904	0.00117295	0.204828	0.127051	0.0569321	0.180637	0.725558	37990.2	35224.6	3.89294	1.0002
natural[185,2]	0.425002	0.0015334	0.321968	0.353117	0.0159502	0.377068	1.02091	36868.2	33945.9	3.77797	1.00017
natural[185,3]	1.6665	0.00203581	0.568258	0.567318	0.769558	1.64436	2.6379	78484.4	52561.6	8.04247	1.0002
natural[186,1]	0.31914	0.00112685	0.210412	0.178087	0.0751546	0.263508	0.769975	35245.9	39646.0	3.61173	1.00008
natural[186,2]	0.282075	0.000970931	0.229621	0.234215	0.0120146	0.233543	0.725758	43057.7	36633.0	4.41222	1.00013
natural[186,3]	0.370896	0.00165328	0.49288	0.487908	-0.423539	0.360481	1.20029	89134.0	53800.6	9.13376	1.0001
natural[187,1]	0.442414	0.00146771	0.252898	0.291878	0.0866645	0.410081	0.898215	27606.5	38229.0	2.8289	1.00017
natural[187,2]	0.107161	0.000403246	0.116888	0.0765587	0.00386496	0.0664107	0.348871	71442.1	46277.3	7.32083	0.999975
natural[187,3]	0.160839	0.00145471	0.462063	0.457344	-0.59435	0.159854	0.920911	101323.0	51089.9	10.3828	1.00014
natural[188,1]	0.502147	0.00134484	0.253855	0.30682	0.125074	0.482151	0.931073	33254.0	39447.5	3.40762	1.00021
natural[188,2]	0.0808714	0.000344629	0.0984495	0.052323	0.00261158	0.0442101	0.284781	79134.3	48025.9	8.10907	1.00003
natural[188,3]	1.40179	0.0015345	0.504079	0.503342	0.607169	1.38379	2.254	110701.0	49506.3	11.3438	1.00007
natural[189,1]	0.60773	0.00257961	0.250413	0.310166	0.180523	0.625059	0.966939	9341.55	19270.7	0.95725	1.00062
natural[189,2]	0.039163	0.000182568	0.0493424	0.0246564	0.00135284	0.021095	0.138369	86092.8	46832.7	8.82212	1.0001
natural[189,3]	2.66879	0.00207162	0.667542	0.659324	1.63503	2.63046	3.82086	110764.0	47196.7	11.3502	1.00009
natural[190,1]	0.427907	0.00134526	0.271122	0.312848	0.0681012	0.379445	0.920586	38234.1	43335.3	3.91794	1.0001
natural[190,2]	0.123416	0.000561336	0.156827	0.0760655	0.00303725	0.0609285	0.459114	78346.5	50391.1	8.02834	1.00003
natural[190,3]	0.936971	0.00139511	0.469767	0.463658	0.187799	0.926234	1.73006	115138.0	50442.3	11.7984	1.00021
natural[191,1]	0.601187	0.00290558	0.267628	0.335384	0.143789	0.630433	0.971063	8350.18	18862.3	0.855661	1.00054
natural[191,2]	0.038678	0.000205027	0.0543286	0.0221803	0.00129564	0.0189515	0.14444	104778.0	46196.2	10.7368	1.00005
natural[191,3]	2.62847	0.00207834	0.665075	0.661317	1.59994	2.59538	3.78013	108414.0	46753.1	11.1094	1.00013
natural[192,1]	0.36923	0.00139902	0.264561	0.229048	0.0721747	0.279116	0.906074	39209.8	44149.6	4.01791	1.00021
natural[192,2]	0.158056	0.000690404	0.174876	0.117725	0.0035893	0.0925636	0.520119	53778.3	46383.8	5.51079	1.00012
natural[192,3]	0.758109	0.00142588	0.463513	0.462836	0.0114947	0.749644	1.53236	106955.0	51547.1	10.9599	1.00008
natural[193,1]	0.443531	0.0014569	0.260269	0.295639	0.0902651	0.3989	0.917786	30321.0	40357.4	3.10706	1.0002
natural[193,2]	0.0934432	0.000382059	0.107942	0.0641974	0.00293517	0.0535825	0.31831	71403.9	47171.2	7.31692	1.00002
natural[193,3]	0.48709	0.00143025	0.460321	0.456515	-0.260602	0.480651	1.25326	104753.0	50950.4	10.7343	1.00019
natural[194,1]	0.583078	0.00167081	0.263853	0.332394	0.141697	0.602065	0.961742	24510.2	33978.8	2.51161	1.00029
natural[194,2]	0.0347952	0.000172882	0.0468648	0.0205102	0.00144421	0.0183009	0.125185	98811.8	45671.9	10.1255	1.00012
natural[194,3]	1.09224	0.00140624	0.477795	0.472224	0.326987	1.08157	1.89657	117670.0	47882.8	12.0579	1.00012
natural[195,1]	0.438727	0.00128899	0.258621	0.296205	0.0915614	0.393983	0.908049	38495.3	43683.7	3.9447	1.00014
natural[195,2]	0.111668	0.000463681	0.131966	0.0745614	0.00353851	0.0628424	0.386191	75356.8	46507.1	7.72198	1.00016
natural[195,3]	0.523031	0.00136283	0.447577	0.444046	-0.2022	0.517358	1.26635	108830.0	51826.1	11.1521	1.00005
natural[196,1]	0.452129	0.00120389	0.231797	0.26416	0.112325	0.429142	0.864339	35270.7	38732.6	3.61427	1.00017
natural[196,2]	0.130254	0.00044245	0.123107	0.101053	0.00578917	0.0932626	0.377339	61148.2	42045.6	6.26599	1.00007
natural[196,3]	0.404786	0.00147547	0.453433	0.448556	-0.332655	0.400169	1.16318	95311.3	51233.0	9.76676	1.00002
natural[197,1]	0.644815	0.00284889	0.247656	0.291754	0.197132	0.680385	0.974749	7509.27	16625.8	0.769491	1.00072
natural[197,2]	0.0262031	0.000116931	0.0326344	0.0164737	0.00106965	0.0146219	0.0914127	95876.6	44766.5	9.82468	0.999969
natural[197,3]	2.65386	0.00205132	0.670186	0.662951	1.61783	2.6182	3.81649	115025.0	46254.9	11.7868	1.00011
natural[198,1]	0.508634	0.00152488	0.267003	0.335878	0.114485	0.486212	0.944276	28289.7	36383.1	2.89891	1.0002
natural[198,2]	0.0663024	0.000304189	0.0859767	0.0401723	0.00210535	0.0336621	0.243486	92433.0	48246.4	9.47181	1.00001
natural[198,3]	1.36848	0.00148124	0.501661	0.495549	0.57264	1.35445	2.2137	117510.0	48539.8	12.0415	0.999993
natural[199,1]	0.629334	0.001712	0.245687	0.292987	0.192871	0.659743	0.966886	20731.3	29204.1	2.12438	1.0003
natural[199,2]	0.0251877	0.000104419	0.0296421	0.0163028	0.00129729	0.0150271	0.0834523	94648.5	43768.6	9.69884	1.00003
natural[199,3]	1.36063	0.00150848	0.50112	0.494073	0.56526	1.34457	2.21383	113776.0	47760.9	11.6589	1.00006
natural[200,1]	0.518245	0.00121586	0.239411	0.280771	0.149721	0.502711	0.921479	37019.0	36721.8	3.79341	1.00014
natural[200,2]	0.0728455	0.000277342	0.08083	0.0508375	0.00284771	0.0444231	0.238847	76583.0	45690.5	7.84763	1.00003
natural[200,3]	1.17741	0.00146126	0.485066	0.477939	0.404608	1.16304	1.9968	112318.0	50010.4	11.5095	1.00014
natural[201,1]	0.476416	0.00185025	0.274818	0.339817	0.084006	0.447619	0.939816	20807.4	42139.6	2.13218	1.0002
natural[201,2]	0.101751	0.000490522	0.138339	0.0586829	0.00237075	0.0470978	0.390933	84129.4	50527.4	8.62093	1.00001
natural[201,3]	1.95419	0.001716	0.565068	0.558215	1.06726	1.93041	2.92396	113172.0	48892.3	11.597	1.00006
natural[202,1]	0.572339	0.00177598	0.2601	0.322728	0.135802	0.58919	0.954141	21245.4	33980.4	2.17706	1.00022
natural[202,2]	0.0456119	0.000212346	0.060245	0.0277791	0.0017013	0.0241535	0.163282	101904.0	44855.0	10.4423	0.999966
natural[202,3]	1.61772	0.00156271	0.529044	0.5233	0.779167	1.59769	2.52051	117682.0	46611.5	12.0592	1.00016
natural[203,1]	0.0936932	0.000500386	0.0614834	0.048073	0.0239133	0.0834417	0.190528	12810.2	34507.0	1.31269	1.00044
natural[203,2]	1.45009	0.00258518	0.554963	0.529627	0.604501	1.41489	2.42037	43637.6	31922.2	4.47164	1.00006
natural[203,3]	0.355793	0.00201755	0.591808	0.588606	-0.615551	0.357604	1.33117	86240.5	46294.1	8.83725	1.00019
natural[204,1]	0.606649	0.00202837	0.256466	0.312077	0.159991	0.633455	0.965332	15786.5	26144.3	1.61768	1.00039
natural[204,2]	0.0302464	0.000141351	0.0384349	0.0184973	0.00133909	0.0166216	0.104928	100823.0	46583.1	10.3316	1.00007
natural[204,3]	1.5538	0.00156386	0.537146	0.530886	0.706733	1.53291	2.47338	122826.0	47684.5	12.5863	1.00015
natural[205,1]	0.58275	0.00177913	0.253601	0.309464	0.153581	0.598432	0.956915	19677.6	28420.9	2.01641	1.00026
natural[205,2]	0.0395994	0.000170047	0.0488774	0.0250102	0.00163295	0.0222924	0.137767	93791.6	45007.0	9.61104	0.999949
natural[205,3]	1.58363	0.00155916	0.533615	0.526596	0.737014	1.56304	2.49531	121593.0	46520.6	12.46	1.00003
natural[206,1]	0.555391	0.00219908	0.255464	0.315724	0.145261	0.557803	0.951771	12975.6	25578.4	1.32964	1.00025
natural[206,2]	0.0584404	0.00024581	0.07134	0.0378326	0.00200678	0.0321759	0.204874	87233.9	46405.9	8.93905	1.00008
natural[206,3]	2.27051	0.00192263	0.609352	0.5962	1.3154	2.2403	3.31554	106996.0	46806.6	10.9641	1.00016
natural[207,1]	0.428419	0.00139942	0.270323	0.321783	0.0548869	0.392104	0.910797	34760.4	41511.3	3.56197	1.00013
natural[207,2]	0.12974	0.000651112	0.166473	0.0795996	0.00339635	0.0649507	0.484576	66887.7	46509.5	6.85413	1.0002
natural[207,3]	0.743086	0.00145247	0.460808	0.454539	0.00351133	0.732574	1.51709	101867.0	51484.7	10.4385	1.00003
natural[208,1]	0.606224	0.00165161	0.251519	0.307693	0.170407	0.629487	0.96332	22988.9	31793.2	2.35572	1.00023
natural[208,2]	0.0285442	0.000124412	0.0344836	0.0182232	0.0014062	0.0167057	0.0970921	93431.1	43771.2	9.57409	1.00011
natural[208,3]	1.004	0.00143141	0.489648	0.483643	0.221304	0.991581	1.83222	119277.0	49380.1	12.2226	1.00018
natural[209,1]	0.537458	0.00120113	0.236873	0.279142	0.158368	0.531633	0.924779	36504.6	35242.2	3.74071	1.00011
natural[209,2]	0.064021	0.000236921	0.0705646	0.0446848	0.00265883	0.0398217	0.208508	77677.8	44249.9	7.95981	1.00001
natural[209,3]	0.916352	0.00142261	0.463749	0.462378	0.174537	0.906691	1.69535	108562.0	48382.6	11.1246	1.00018
natural[210,1]	0.555988	0.00170073	0.258843	0.324061	0.138831	0.559423	0.952984	22604.1	31576.0	2.3163	1.00021
natural[210,2]	0.0489698	0.0002146	0.0625892	0.0302971	0.0017811	0.0261235	0.174817	102458.0	45516.1	10.4991	1.00003
natural[210,3]	1.49911	0.0015938	0.53834	0.537852	0.646737	1.47901	2.41389	118001.0	48423.5	12.0918	1.00026
natural[211,1]	0.420454	0.00136302	0.264422	0.296638	0.0778842	0.367182	0.906874	36835.9	47021.5	3.77466	1.00004
natural[211,2]	0.12594	0.000533203	0.150066	0.0830022	0.00343441	0.0681614	0.439172	71376.2	47489.6	7.31408	0.999993
natural[211,3]	0.552752	0.00152827	0.510021	0.506464	-0.273299	0.546751	1.40432	112142.0	50512.7	11.4915	0.999954
natural[212,1]	0.551659	0.0017133	0.25123	0.307999	0.149543	0.550108	0.948553	20888.5	29524.7	2.14049	1.00024
natural[212,2]	0.0506448	0.000202344	0.059536	0.0336169	0.00193536	0.0293971	0.172782	87148.2	47126.5	8.93027	1.00006
natural[212,3]	1.64402	0.00157654	0.527634	0.521667	0.811911	1.6248	2.54086	116068.0	48794.4	11.8937	0.999984
natural[213,1]	0.486016	0.00148996	0.262747	0.318856	0.107798	0.456318	0.933812	29173.9	43054.2	2.98951	1.00042
natural[213,2]	0.068906	0.000295042	0.0828331	0.0452106	0.00235792	0.0384884	0.240299	77736.2	44810.1	7.9658	1.00004
natural[213,3]	0.493087	0.00134078	0.441237	0.435831	-0.224868	0.489037	1.22783	109158.0	50538.7	11.1857	1.0001
natural[214,1]	0.547367	0.00145697	0.252427	0.310184	0.144978	0.545259	0.94565	28605.0	31497.4	2.93122	1.00007
natural[214,2]	0.0526739	0.000221275	0.0646689	0.0342703	0.00199058	0.0298437	0.181353	97921.5	45902.8	10.0342	1.00012
natural[214,3]	1.35046	0.00146803	0.499413	0.494702	0.563494	1.33422	2.19767	119467.0	47061.2	12.242	1.00021
natural[215,1]	0.55697	0.00150391	0.248669	0.303891	0.153724	0.557654	0.946154	25735.9	30369.4	2.63721	1.00021
natural[215,2]	0.0491662	0.000192528	0.0572995	0.0328206	0.0019795	0.0287594	0.166366	87525.1	45149.8	8.96889	0.999985
natural[215,3]	1.38114	0.00148587	0.50369	0.500438	0.585353	1.36616	2.23911	118018.0	49790.9	12.0935	1.00024
natural[216,1]	0.554213	0.00208599	0.251013	0.306495	0.150012	0.553527	0.949007	13820.5	23286.9	1.41622	1.00024
natural[216,2]	0.0596266	0.000253736	0.0714129	0.0394231	0.00198843	0.0335505	0.204805	77867.7	44933.0	7.97927	0.99998
natural[216,3]	2.24353	0.00188385	0.607253	0.60005	1.30063	2.21271	3.30008	110034.0	44722.1	11.2755	1.0001
natural[217,1]	0.0776328	0.000746784	0.100259	0.0377573	0.0116692	0.0508077	0.222469	22523.0	22778.2	2.30798	1.00004
natural[217,2]	1.0155	0.00226211	0.456654	0.447031	0.221738	1.01563	1.77082	39058.9	21939.1	4.00245	1.00014
natural[217,3]	0.682931	0.00234373	0.577925	0.580596	-0.261164	0.683881	1.62887	60673.6	43540.3	6.21736	1.00016
natural[218,1]	0.595995	0.00299615	0.265123	0.334978	0.148314	0.61894	0.969374	7819.51	19580.2	0.801282	1.00071
natural[218,2]	0.0403446	0.00019961	0.0543604	0.0236016	0.00133557	0.0200934	0.149803	99920.7	46598.1	10.2391	1.00005
natural[218,3]	2.65253	0.00206358	0.669458	0.656829	1.61362	2.61608	3.8169	112168.0	46078.2	11.4941	1.00002
natural[219,1]	0.0635344	0.000283054	0.0566226	0.0360863	0.0109473	0.0485497	0.164804	48919.6	43951.0	5.0129	1.00017
natural[219,2]	1.38902	0.00187293	0.460278	0.449791	0.660064	1.37467	2.16713	58828.3	39524.2	6.02826	1.00018
natural[219,3]	1.46877	0.00223801	0.600926	0.594655	0.498937	1.4588	2.47398	72835.6	47176.5	7.46362	1.00013
natural[220,1]	0.496243	0.00115418	0.241184	0.282367	0.135201	0.477248	0.913421	41586.3	42545.5	4.26144	1.00013
natural[220,2]	0.0818692	0.00029863	0.089514	0.0579536	0.00314531	0.0509198	0.265748	78592.8	44696.2	8.05358	1.00011
natural[220,3]	0.947148	0.00146077	0.468663	0.462687	0.195815	0.936843	1.7414	105268.0	49221.0	10.7871	1.00011
natural[221,1]	0.484293	0.00163035	0.280105	0.356249	0.0651984	0.473236	0.937462	28160.7	39966.2	2.88569	1.00015
natural[221,2]	0.0775346	0.000456201	0.111183	0.0428865	0.00227942	0.0360381	0.304165	70913.6	47049.3	7.26667	1.00009
natural[221,3]	0.716035	0.00144763	0.45386	0.448622	-0.0165204	0.707339	1.47267	100024.0	50348.9	10.2497	1.00016
natural[222,1]	0.328432	0.00193172	0.271064	0.241426	0.0343155	0.237113	0.880564	17024.7	40000.5	1.74456	1.00023
natural[222,2]	0.223205	0.00107839	0.249481	0.160827	0.00439053	0.124005	0.745413	45226.7	46685.0	4.63448	1.00015
natural[222,3]	0.0314361	0.00158655	0.469537	0.466032	-0.725094	0.0240086	0.814881	88002.6	52535.7	9.01782	1.00017
natural[223,1]	0.442112	0.00152405	0.25665	0.285723	0.0967458	0.395312	0.915393	27360.8	40268.6	2.80373	1.00015
natural[223,2]	0.0950429	0.000393757	0.109667	0.0648475	0.00309927	0.0545693	0.324321	66367.0	45806.9	6.80077	0.999993
natural[223,3]	0.0799611	0.00142094	0.453396	0.449358	-0.661689	0.0805117	0.823657	102135.0	52290.8	10.466	1.00016
natural[224,1]	0.119167	0.00076744	0.114644	0.0557517	0.0260038	0.0897879	0.310905	32191.7	24284.9	3.29875	1.00024
natural[224,2]	0.855786	0.00194364	0.40577	0.405942	0.173888	0.847527	1.53862	40062.7	23154.3	4.10531	1.00015
natural[224,3]	0.7093	0.00211095	0.567884	0.56421	-0.219741	0.707723	1.65108	72333.6	45566.3	7.41219	1.00018
natural[225,1]	0.589582	0.00148868	0.247215	0.303135	0.173316	0.601787	0.95506	26584.2	32295.6	2.72414	1.00023
natural[225,2]	0.0333991	0.000134683	0.0388842	0.021851	0.00160421	0.0199032	0.11127	93704.8	46042.9	9.60214	1.0001
natural[225,3]	0.842032	0.00141603	0.464889	0.461444	0.0995384	0.832001	1.62145	109060.0	48741.6	11.1756	1.00008
natural[226,1]	0.437539	0.00241677	0.285242	0.353409	0.0486902	0.399932	0.928712	13279.4	35388.5	1.36077	1.0004
natural[226,2]	0.0952935	0.000589064	0.128185	0.0553049	0.00272192	0.0457861	0.361473	45083.5	45795.3	4.61981	1.00015
natural[226,3]	-0.194476	0.00149762	0.452675	0.445169	-0.937942	-0.193721	0.547181	91958.4	51480.1	9.42318	1.00005
natural[227,1]	0.545655	0.00164917	0.252114	0.310985	0.147406	0.541962	0.945627	22829.2	31500.1	2.33936	1.00019
natural[227,2]	0.0564983	0.000223517	0.0672045	0.0372974	0.00204944	0.0322726	0.194634	87507.3	46692.4	8.96707	1.00004
natural[227,3]	1.63681	0.00159128	0.526129	0.518907	0.805637	1.61713	2.535	113482.0	47699.4	11.6287	1.00031
natural[228,1]	0.332195	0.00127159	0.251856	0.211499	0.0542245	0.249567	0.865014	42028.6	44905.6	4.30676	1.00014
natural[228,2]	0.231851	0.000939181	0.230908	0.194231	0.00537124	0.157055	0.699375	48267.9	44648.6	4.94612	1.00013
natural[228,3]	1.30825	0.00166752	0.537795	0.534647	0.456326	1.28964	2.22108	105235.0	52970.5	10.7837	1.00019
natural[229,1]	0.48346	0.00174037	0.273167	0.342681	0.0839123	0.463141	0.9371	23745.8	38421.6	2.43329	1.00023
natural[229,2]	0.0685631	0.000326196	0.0872544	0.0423272	0.00230211	0.0360541	0.248193	65624.2	45632.9	6.72465	1.00003
natural[229,3]	0.340955	0.00137054	0.438238	0.43156	-0.378489	0.338503	1.0667	102943.0	51590.1	10.5488	1.00008
natural[230,1]	0.562231	0.00159224	0.26026	0.329284	0.143366	0.56685	0.95629	25972.6	35414.6	2.66147	1.00035
natural[230,2]	0.0393256	0.000179833	0.0501122	0.024218	0.00162357	0.0213958	0.13913	94391.7	45426.5	9.67253	1.0002
natural[230,3]	0.808705	0.00137236	0.466218	0.459596	0.0593341	0.798942	1.58759	117404.0	47383.6	12.0307	1.00008
natural[231,1]	0.458137	0.00157248	0.281065	0.359702	0.0666376	0.429177	0.927873	31561.3	47152.7	3.23415	1.0001
natural[231,2]	0.0982255	0.000512543	0.131333	0.0558219	0.00268413	0.0460404	0.381123	70572.8	50638.8	7.23175	1.00005
natural[231,3]	0.759181	0.00143953	0.458427	0.450577	0.0249264	0.74896	1.53292	102605.0	51832.3	10.5141	1.00008
natural[232,1]	0.65824	0.00297289	0.252004	0.290241	0.194605	0.705561	0.978537	7446.99	16325.1	0.76311	1.00062
natural[232,2]	0.0220995	0.000103702	0.0281401	0.0136182	0.0009756	0.0122279	0.0772112	98016.4	44446.8	10.044	1.00005
natural[232,3]	2.64273	0.00198958	0.668015	0.662836	1.60387	2.60952	3.79595	120088.0	45956.2	12.3056	1.00019
natural[233,1]	0.540963	0.00157978	0.263441	0.332458	0.126562	0.5373	0.951674	27329.8	36511.7	2.80054	1.00031
natural[233,2]	0.0488495	0.000209938	0.0610818	0.0303298	0.00188985	0.0262451	0.17325	91690.5	49117.5	9.39573	0.999982
natural[233,3]	1.13116	0.0013897	0.478098	0.476426	0.368114	1.12034	1.93839	120576.0	49646.9	12.3557	1.00006
natural[234,1]	0.556955	0.0019996	0.264676	0.332207	0.126192	0.564245	0.956784	16788.8	28714.3	1.72039	1.00042
natural[234,2]	0.0512216	0.000242972	0.068385	0.0304961	0.00172289	0.0259749	0.187422	100455.0	45140.5	10.2939	0.999973
natural[234,3]	1.92697	0.0016482	0.564161	0.557319	1.04197	1.90447	2.89216	122097.0	48882.0	12.5116	1.0002
natural[235,1]	0.520621	0.00221102	0.273074	0.352954	0.110691	0.507874	0.953552	14580.0	29033.5	1.49404	1.00044
natural[235,2]	0.0697413	0.000309568	0.0904054	0.0418234	0.00194488	0.0343355	0.259258	92726.7	46797.8	9.50191	1.00008
natural[235,3]	2.20977	0.00186589	0.613767	0.615957	1.25614	2.18311	3.26653	114362.0	47359.7	11.7189	1.00008
natural[236,1]	0.624596	0.00245915	0.25501	0.314493	0.18119	0.65452	0.972141	10732.1	22827.4	1.09974	1.00044
natural[236,2]	0.0286886	0.00013159	0.0368502	0.0176276	0.00115265	0.0154935	0.101105	102954.0	44552.9	10.55	1.00002
natural[236,3]	2.2421	0.00181732	0.611003	0.605142	1.29003	2.21337	3.29122	119418.0	45245.6	12.237	1.00009
natural[237,1]	0.025246	0.000151508	0.0215598	0.0155477	0.00362507	0.0190737	0.0684977	22142.5	35758.8	2.26899	1.00017
natural[237,2]	5.9648	0.0088681	2.2263	2.07041	2.97531	5.63872	10.0617	64966.1	50341.4	6.65722	1.00003
natural[237,3]	0.87898	0.00344121	0.879178	0.873336	-0.542344	0.864628	2.33927	66026.7	44036.5	6.7659	1.00005
natural[238,1]	0.490904	0.00154087	0.26067	0.320658	0.0997463	0.47739	0.926108	26757.9	35931.9	2.74194	1.00013
natural[238,2]	0.0940937	0.000398767	0.11357	0.0622064	0.00283909	0.0523838	0.330858	79728.5	46668.6	8.16996	1.00006
natural[238,3]	1.67524	0.00163326	0.530701	0.526186	0.837951	1.65588	2.5799	109443.0	48504.3	11.2149	1.00011
natural[239,1]	0.494625	0.00138547	0.264823	0.329519	0.102284	0.47704	0.934128	34397.5	38113.3	3.52478	1.00023
natural[239,2]	0.0739961	0.000333207	0.09316	0.0463165	0.00252442	0.0394159	0.265168	84447.5	48169.6	8.65352	1.0
natural[239,3]	0.927634	0.00143146	0.466881	0.460633	0.180097	0.914816	1.71077	107958.0	48538.8	11.0627	1.00012
natural[240,1]	0.280347	0.00126791	0.234269	0.167255	0.0430241	0.195999	0.799116	36225.0	44998.5	3.71206	1.00007
natural[240,2]	0.261368	0.000966025	0.232887	0.222681	0.00855973	0.20094	0.720113	47679.4	41260.6	4.88581	1.00006
natural[240,3]	0.58874	0.00168013	0.505842	0.502837	-0.214475	0.573072	1.44444	90691.7	52912.2	9.29338	1.00004
natural[241,1]	0.568393	0.00224129	0.270721	0.345815	0.122597	0.582368	0.963542	14750.5	32571.4	1.51152	1.00031
natural[241,2]	0.0445407	0.000239294	0.0626402	0.0251264	0.00148943	0.0216326	0.167584	98204.5	47415.5	10.0632	1.0001
natural[241,3]	1.91787	0.00175442	0.562265	0.558314	1.03772	1.89176	2.88029	107435.0	46769.7	11.0091	1.0002
natural[242,1]	0.419272	0.00121923	0.250838	0.272568	0.08957	0.369719	0.893433	41445.4	44618.7	4.247	1.00002
natural[242,2]	0.147674	0.00055936	0.158381	0.11088	0.0041685	0.0917205	0.475915	62199.8	46061.4	6.37376	1.0001
natural[242,3]	1.44023	0.00163571	0.511176	0.505544	0.631606	1.42123	2.30693	100299.0	48241.2	10.2779	1.00025
natural[243,1]	0.650277	0.00290146	0.250398	0.294535	0.196158	0.692354	0.977205	7567.47	18526.7	0.775455	1.00065
natural[243,2]	0.0241833	0.000112989	0.0305856	0.0149654	0.00102476	0.0133443	0.0847477	101361.0	47597.9	10.3867	1.00007
natural[243,3]	2.65108	0.00205575	0.674085	0.666979	1.60695	2.61438	3.81387	113744.0	45875.1	11.6556	1.00005
natural[244,1]	0.374497	0.00160809	0.285832	0.278177	0.0467822	0.283778	0.920369	31720.3	45469.2	3.25045	1.00014
natural[244,2]	0.159405	0.000780531	0.188729	0.106655	0.00293337	0.0810923	0.561495	51211.3	47125.4	5.24773	1.00017
natural[244,3]	1.24312	0.0017425	0.508161	0.503247	0.439745	1.22563	2.11096	86904.2	51568.1	8.90526	1.00004
natural[245,1]	0.402765	0.00138754	0.251745	0.233631	0.100679	0.329181	0.907301	33867.9	44548.4	3.47052	1.00019
natural[245,2]	0.144439	0.000598176	0.153207	0.11191	0.00349928	0.0895674	0.461036	53639.3	47689.4	5.49653	1.00003
natural[245,3]	1.66886	0.00162344	0.533811	0.529771	0.823868	1.64864	2.57759	112308.0	47479.6	11.5084	1.00009
natural[246,1]	0.366059	0.00137702	0.265838	0.257214	0.0563274	0.287908	0.892738	37268.8	43644.2	3.81902	1.00012
natural[246,2]	0.170925	0.000727604	0.190148	0.123696	0.00398298	0.0980128	0.570664	55969.3	46340.4	5.7353	1.00001
natural[246,3]	0.684204	0.00147899	0.47505	0.468933	-0.0812003	0.673996	1.48092	104243.0	52978.7	10.682	1.00019
natural[247,1]	0.464973	0.0014973	0.256491	0.296544	0.113133	0.424308	0.925345	26957.0	38557.4	2.76234	1.00013
natural[247,2]	0.110375	0.000453383	0.130096	0.075265	0.00286168	0.061086	0.381742	70617.8	46584.9	7.23636	0.999953
natural[247,3]	1.84088	0.00170506	0.573868	0.564195	0.935214	1.81717	2.82589	116919.0	49854.0	11.981	0.99998
natural[248,1]	0.333168	0.0020231	0.259116	0.236776	0.0427287	0.25094	0.861271	15057.0	38158.0	1.54293	1.00039
natural[248,2]	0.207051	0.000894008	0.213746	0.16078	0.00583783	0.132439	0.651402	48719.4	46196.8	4.99238	1.00013
natural[248,3]	-0.114839	0.00152515	0.47273	0.467516	-0.887449	-0.118658	0.665633	96677.0	53897.9	9.90671	1.00003
natural[249,1]	0.634198	0.00291575	0.256169	0.307318	0.178338	0.672123	0.974989	7741.3	19541.7	0.793268	1.00082
natural[249,2]	0.0284949	0.00013669	0.0372942	0.0173482	0.00110225	0.0151848	0.101711	101064.0	42915.6	10.3562	1.0001
natural[249,3]	2.63864	0.00196837	0.669572	0.66748	1.59888	2.60199	3.79202	123167.0	47631.5	12.6212	1.00002
natural[250,1]	0.513709	0.00134233	0.256076	0.312566	0.124845	0.497044	0.93618	34638.4	36934.7	3.54948	1.00013
natural[250,2]	0.0634769	0.000258648	0.0761201	0.0418635	0.00234571	0.0359311	0.218553	88296.0	46582.6	9.04789	1.00013
natural[250,3]	1.0951	0.00148087	0.488815	0.484694	0.314142	1.08331	1.91759	111570.0	46521.9	11.4328	1.00022
natural[251,1]	0.299592	0.00118467	0.235253	0.194541	0.0455811	0.224402	0.809462	41580.0	43647.0	4.2608	1.00015
natural[251,2]	0.296648	0.00113615	0.274573	0.25056	0.00866389	0.218347	0.840502	47986.7	43852.9	4.91731	1.00004
natural[251,3]	0.793634	0.00161473	0.501966	0.500713	-0.00165083	0.779353	1.63985	97098.6	54463.6	9.94991	1.00011
natural[252,1]	0.648933	0.00293041	0.250695	0.294098	0.192127	0.689166	0.975785	7400.59	17102.0	0.758355	1.00064
natural[252,2]	0.0249151	0.000110088	0.0309738	0.0156558	0.00107531	0.0139729	0.0861513	99963.8	46443.9	10.2435	1.00023
natural[252,3]	2.64939	0.00201962	0.676787	0.673019	1.59752	2.61472	3.8191	119137.0	46576.8	12.2083	1.00001
natural[253,1]	0.173398	0.0010925	0.114997	0.101217	0.0344505	0.153447	0.374338	8839.03	27167.8	0.905755	1.00053
natural[253,2]	0.715818	0.00148637	0.329359	0.326921	0.19839	0.698436	1.28777	44089.5	29409.8	4.51794	1.00029
natural[253,3]	-7.5879e-05	0.00218867	0.56463	0.56213	-0.932149	0.00165632	0.922164	67651.3	48582.4	6.93238	1.00015
natural[254,1]	0.646313	0.00291173	0.251984	0.294863	0.187183	0.688924	0.975639	7647.3	16606.7	0.783635	1.00049
natural[254,2]	0.0254938	0.000115556	0.032068	0.0160062	0.00105954	0.0143214	0.0886868	100624.0	44410.6	10.3112	1.0001
natural[254,3]	2.65264	0.00205028	0.669068	0.661415	1.61954	2.61475	3.81697	113176.0	46174.9	11.5974	1.00003
natural[255,1]	0.489058	0.00156423	0.251564	0.296166	0.115363	0.465927	0.924208	23712.9	33309.4	2.42991	1.00022
natural[255,2]	0.0990692	0.000382191	0.112331	0.0695748	0.00296179	0.0579472	0.332459	68733.1	45709.5	7.04323	1.00008
natural[255,3]	1.95648	0.00172615	0.565507	0.55968	1.07548	1.9283	2.92599	112056.0	49276.3	11.4826	1.00011
natural[256,1]	0.268963	0.00134221	0.191107	0.164812	0.0474787	0.221404	0.663519	16873.8	35336.7	1.7291	1.00032
natural[256,2]	0.378163	0.00114881	0.255317	0.270368	0.0268511	0.34853	0.840969	41486.0	34870.2	4.25116	1.00024
natural[256,3]	0.181114	0.00185105	0.516876	0.512805	-0.658213	0.175222	1.04246	78415.1	52028.6	8.03536	1.00028
natural[257,1]	0.61231	0.00250139	0.255992	0.307447	0.160404	0.642472	0.967484	10359.7	24890.6	1.06158	1.00039
natural[257,2]	0.0338461	0.000155682	0.0435395	0.0210044	0.00137312	0.0185556	0.11869	100617.0	42913.4	10.3105	1.00014
natural[257,3]	2.262	0.00185547	0.610679	0.597079	1.31129	2.23231	3.31358	114184.0	44990.1	11.7007	1.00011
natural[258,1]	0.384628	0.00172277	0.252165	0.258498	0.0679041	0.325812	0.877847	19466.2	33478.5	1.99475	1.00028
natural[258,2]	0.143659	0.000554803	0.152756	0.10554	0.00473042	0.0898484	0.461338	61933.4	44910.0	6.34646	1.00007
natural[258,3]	-0.160316	0.00144042	0.457298	0.454547	-0.910113	-0.161792	0.592091	101164.0	52211.1	10.3665	1.00012
natural[259,1]	0.515163	0.00152045	0.266211	0.334774	0.116325	0.499599	0.94628	29525.6	39865.7	3.02555	1.00013
natural[259,2]	0.0567242	0.000245391	0.0703473	0.0359214	0.0019774	0.0306088	0.201164	84958.9	47417.0	8.70593	1.00005
natural[259,3]	0.911493	0.0013765	0.460373	0.459281	0.17144	0.901513	1.68362	113531.0	49182.4	11.6338	0.999995
natural[260,1]	0.445305	0.00171291	0.286842	0.352259	0.0650866	0.39559	0.937209	27952.5	44255.4	2.86435	0.999996
natural[260,2]	0.0929031	0.000497603	0.122957	0.0532481	0.00232873	0.0427609	0.356717	62051.2	48148.1	6.35853	1.0001
natural[260,3]	0.525301	0.00139614	0.454375	0.448048	-0.209322	0.516909	1.28885	106848.0	52654.9	10.949	1.0001
natural[261,1]	0.604181	0.00165582	0.253347	0.307543	0.163017	0.630123	0.962249	23137.9	31027.8	2.37099	1.00019
natural[261,2]	0.0295722	0.000125701	0.0355862	0.0188816	0.00147975	0.0173418	0.0997927	94745.2	43182.8	9.70875	1.00002
natural[261,3]	1.10177	0.00139396	0.474353	0.470866	0.343288	1.08603	1.90045	118590.0	47449.1	12.1522	1.0002
natural[262,1]	0.530256	0.00161046	0.269181	0.341619	0.108925	0.530712	0.950443	27033.4	41486.4	2.77017	1.00019
natural[262,2]	0.0583123	0.000285598	0.0782519	0.0344294	0.00197207	0.0293568	0.215391	92593.3	44938.9	9.48824	1.00001
natural[262,3]	1.35864	0.00148178	0.500969	0.497294	0.564115	1.34203	2.20912	118519.0	45534.6	12.1449	1.00013
natural[263,1]	0.336896	0.00129928	0.247665	0.201109	0.0659933	0.252585	0.862531	39814.8	43140.5	4.07991	1.0002
natural[263,2]	0.222803	0.000888706	0.220883	0.185857	0.00562202	0.152201	0.669171	49271.8	45195.4	5.04899	1.00003
natural[263,3]	0.7592	0.00149299	0.486264	0.48064	-0.0223604	0.747613	1.579	106831.0	53022.6	10.9473	1.00008
natural[264,1]	0.523394	0.00173087	0.258023	0.319404	0.132412	0.511155	0.945672	21234.5	33483.6	2.17595	1.00028
natural[264,2]	0.0684949	0.000292824	0.0843249	0.0439936	0.00212915	0.0369156	0.244202	85447.4	46860.1	8.75598	1.00015
natural[264,3]	1.92625	0.00164868	0.564161	0.558135	1.04156	1.90234	2.8945	122446.0	49062.1	12.5474	0.999992
natural[265,1]	0.509776	0.0019301	0.279262	0.357399	0.0758943	0.50793	0.946626	21078.7	33533.9	2.15998	1.00038
natural[265,2]	0.0581615	0.000329283	0.0824125	0.0327674	0.00197853	0.0282984	0.219076	63101.9	45621.8	6.46619	1.00005
natural[265,3]	0.249235	0.00139816	0.447513	0.446088	-0.480258	0.244382	0.98993	103205.0	50480.9	10.5757	1.0003
natural[266,1]	0.557586	0.00228793	0.262675	0.332138	0.134639	0.5624	0.956814	12782.7	26306.3	1.30987	1.00039
natural[266,2]	0.0529913	0.00023471	0.0677467	0.032881	0.0017482	0.0277996	0.190503	98355.7	45360.2	10.0787	1.00006
natural[266,3]	2.21479	0.00186384	0.61553	0.60547	1.25763	2.18113	3.27404	115385.0	45843.9	11.8237	1.00016
natural[267,1]	0.445981	0.00148458	0.269025	0.318684	0.077102	0.405945	0.922576	31409.7	40785.5	3.21862	1.00008
natural[267,2]	0.119217	0.000538792	0.148949	0.0760104	0.00300016	0.0616642	0.430677	73303.5	49847.3	7.51158	0.99996
natural[267,3]	1.58855	0.00172491	0.552663	0.54688	0.719962	1.56756	2.53263	106139.0	48361.6	10.8763	1.00012
natural[268,1]	0.493329	0.00134863	0.235009	0.268404	0.138786	0.474113	0.902785	28933.7	32213.7	2.9649	1.00017
natural[268,2]	0.0796742	0.000285958	0.083392	0.0570832	0.00361856	0.051827	0.249791	71625.2	43594.5	7.33959	1.00005
natural[268,3]	0.0661233	0.00143756	0.448651	0.445668	-0.670676	0.0662306	0.801763	97934.0	49936.5	10.0355	1.00008
natural[269,1]	0.654168	0.00289461	0.247625	0.284757	0.196186	0.697196	0.974573	7471.16	16228.0	0.765586	1.00077
natural[269,2]	0.0238699	0.000103683	0.0292571	0.0151359	0.00107652	0.0136814	0.0812709	97112.2	43441.6	9.95131	0.999975
natural[269,3]	2.65597	0.0020481	0.672787	0.664412	1.61382	2.62274	3.81854	115763.0	42711.2	11.8625	1.00018
natural[270,1]	0.234283	0.00126271	0.216643	0.115239	0.0403033	0.153343	0.761646	36633.5	38144.5	3.75391	1.00002
natural[270,2]	0.387892	0.0015134	0.307994	0.347984	0.0107867	0.339405	0.953549	35070.6	39521.8	3.59376	1.00005
natural[270,3]	1.01713	0.00186971	0.523124	0.52101	0.187949	1.00136	1.90469	77942.6	52938.7	7.98695	1.00007
natural[271,1]	0.376656	0.00143031	0.275484	0.28104	0.0533361	0.297428	0.900672	36093.9	47210.9	3.69862	1.00014
natural[271,2]	0.154702	0.000688334	0.175531	0.107588	0.00378088	0.0857683	0.526497	55654.9	46239.0	5.70308	1.00009
natural[271,3]	0.71653	0.00154226	0.48292	0.477269	-0.0539918	0.70567	1.52921	99088.5	52883.4	10.1538	1.00004
natural[272,1]	0.262612	0.00148681	0.243645	0.16757	0.0269757	0.167641	0.805693	23155.6	41511.6	2.3728	1.00019
natural[272,2]	0.40418	0.00180787	0.362609	0.369813	0.00909382	0.310285	1.10504	34998.3	42169.0	3.58636	1.00007
natural[272,3]	1.8382	0.00207076	0.593611	0.59212	0.899264	1.81709	2.84893	83027.8	53511.9	8.50804	1.0001
natural[273,1]	0.207246	0.00105672	0.179007	0.102286	0.0420916	0.151376	0.618011	36882.8	32520.4	3.77946	1.00005
natural[273,2]	0.469862	0.00152797	0.327638	0.359969	0.0217898	0.435809	1.06392	38038.7	32893.9	3.89791	1.00003
natural[273,3]	0.661251	0.00183524	0.521574	0.520181	-0.176518	0.647702	1.54133	80030.6	50507.5	8.20091	0.999975
natural[274,1]	0.655807	0.00295409	0.251947	0.288328	0.188506	0.702006	0.977484	7242.4	16541.8	0.742145	1.00074
natural[274,2]	0.0229709	0.000107082	0.0291835	0.0141913	0.00100723	0.0127269	0.0798919	102217.0	45013.3	10.4744	1.0
natural[274,3]	2.64275	0.00200773	0.670022	0.660657	1.61017	2.60804	3.79821	118920.0	46467.3	12.186	1.00017
natural[275,1]	0.612205	0.00271143	0.254941	0.315013	0.171453	0.63624	0.969758	8778.88	19321.2	0.899591	1.00079
natural[275,2]	0.0358881	0.000170709	0.0463016	0.0220366	0.00130304	0.0190007	0.128245	95691.0	46884.3	9.80567	1.00009
natural[275,3]	2.60934	0.00204427	0.679172	0.677479	1.55714	2.57468	3.7779	117285.0	46761.4	12.0185	1.00007
natural[276,1]	0.0360823	0.000139549	0.026233	0.0209103	0.00741171	0.0304974	0.0831169	45684.1	45229.4	4.68135	1.00014
natural[276,2]	1.81591	0.0021968	0.566415	0.548829	0.971006	1.76882	2.81377	64621.7	47208.5	6.62193	1.00008
natural[276,3]	1.26132	0.00307354	0.624041	0.622164	0.253937	1.25204	2.30787	41912.7	44459.2	4.29489	1.00014
natural[277,1]	0.628925	0.00248884	0.249955	0.299151	0.185952	0.661525	0.969515	10087.2	22589.1	1.03365	1.00056
natural[277,2]	0.0286906	0.000127744	0.0357248	0.0179679	0.00124461	0.0160585	0.0989302	102276.0	44741.1	10.4804	1.00004
natural[277,3]	2.25767	0.00183849	0.610225	0.599831	1.30888	2.22734	3.30705	115976.0	46141.6	11.8844	0.999988
natural[278,1]	0.457188	0.0021204	0.275391	0.336108	0.0760402	0.421442	0.933377	15621.2	30101.2	1.60074	1.00041
natural[278,2]	0.127499	0.000561239	0.161448	0.0791454	0.0026727	0.0621662	0.471631	71311.9	46267.1	7.30749	1.00004
natural[278,3]	2.29239	0.0019455	0.607817	0.603305	1.3451	2.26282	3.33391	102214.0	46754.9	10.4741	1.00011
natural[279,1]	0.444107	0.00136284	0.273204	0.329507	0.0704984	0.404548	0.922884	38975.5	44867.7	3.9939	1.00018
natural[279,2]	0.110302	0.000514049	0.140601	0.067343	0.00295776	0.0551049	0.406157	76644.9	48359.9	7.85398	1.00005
natural[279,3]	0.923297	0.00141587	0.465472	0.46646	0.173664	0.913323	1.70017	109440.0	50587.0	11.2146	1.00018
natural[280,1]	0.234473	0.00136977	0.218302	0.116318	0.0383887	0.152683	0.762365	23228.5	36486.4	2.38027	1.00022
natural[280,2]	0.358523	0.00133802	0.28444	0.317703	0.0113336	0.312429	0.88782	37563.9	39385.5	3.84925	1.00006
natural[280,3]	0.167918	0.00174122	0.502445	0.500732	-0.647589	0.160808	1.00515	83251.9	52029.6	8.53101	1.00007
natural[281,1]	0.317459	0.00155443	0.250248	0.192993	0.0520906	0.228646	0.861609	23420.3	40633.2	2.39993	1.00004
natural[281,2]	0.224445	0.000927902	0.225442	0.185798	0.00535095	0.150442	0.682832	46985.0	43290.6	4.81466	0.999999
natural[281,3]	0.0554786	0.00152576	0.469885	0.463363	-0.702773	0.0485587	0.843027	95065.1	52739.8	9.74153	1.00004
natural[282,1]	0.182828	0.00123209	0.180773	0.0893143	0.0314757	0.121747	0.604151	19116.8	29713.5	1.95894	1.0004
natural[282,2]	0.563028	0.0019625	0.367263	0.397622	0.0290025	0.536102	1.21104	30321.8	28254.3	3.10714	1.00028
natural[282,3]	2.17378	0.00225688	0.613633	0.608131	1.20599	2.15016	3.22707	74848.0	50408.5	7.66984	1.00012
natural[283,1]	0.38454	0.00129396	0.265685	0.286881	0.0548865	0.322869	0.889439	42002.6	47726.8	4.3041	1.00004
natural[283,2]	0.173121	0.000749788	0.195679	0.121393	0.00446758	0.0980234	0.58741	60827.7	46695.3	6.23315	0.999979
natural[283,3]	1.01666	0.00153971	0.487886	0.483426	0.242838	0.999994	1.84621	102222.0	52091.3	10.4749	1.00014
natural[284,1]	0.640076	0.00282012	0.25315	0.299809	0.184426	0.679339	0.974762	8014.16	17095.1	0.821229	1.00065
natural[284,2]	0.0267569	0.000121758	0.0341778	0.0164653	0.00108079	0.0145348	0.0942458	99156.4	44073.0	10.1608	0.999966
natural[284,3]	2.58525	0.00205338	0.684002	0.675773	1.52558	2.5482	3.76658	118564.0	44633.5	12.1495	1.00013
natural[285,1]	0.555839	0.00135581	0.243684	0.293083	0.158832	0.558969	0.93963	30264.9	32216.3	3.10132	1.00015
natural[285,2]	0.0499119	0.000196314	0.0565637	0.0336591	0.00225827	0.0301943	0.164032	86988.5	46628.5	8.9139	0.999995
natural[285,3]	0.916447	0.00141226	0.463568	0.459743	0.172811	0.905592	1.70255	109732.0	48925.5	11.2444	1.00016
natural[286,1]	0.472138	0.00119442	0.242591	0.274566	0.127602	0.43946	0.90849	38853.4	40655.1	3.98139	1.00007
natural[286,2]	0.0981175	0.000362186	0.105607	0.0713159	0.00343119	0.0612954	0.317277	68040.1	45860.1	6.97222	0.999989
natural[286,3]	1.17056	0.00149391	0.486971	0.481374	0.394537	1.15627	1.98734	109033.0	47774.5	11.1728	1.00017
natural[287,1]	0.649444	0.0028958	0.250527	0.292228	0.192091	0.691059	0.976353	7540.65	18405.6	0.772707	1.00049
natural[287,2]	0.0245875	0.000112471	0.0309365	0.0152978	0.00108597	0.0137308	0.0848883	104103.0	45159.5	10.6676	1.0001
natural[287,3]	2.64926	0.00199797	0.665584	0.657876	1.62101	2.61449	3.80041	117932.0	46353.0	12.0847	1.00013
natural[288,1]	0.344915	0.00132777	0.252914	0.225371	0.0573393	0.265316	0.867072	37865.7	42865.1	3.88018	1.00012
natural[288,2]	0.178769	0.000677744	0.177325	0.144328	0.00541799	0.121602	0.541105	55512.0	46947.6	5.68844	1.00004
natural[288,3]	0.478041	0.00150233	0.472608	0.468152	-0.284715	0.470212	1.26689	99291.3	52887.2	10.1746	1.0
natural[289,1]	0.576633	0.00151631	0.250594	0.309485	0.163308	0.583814	0.955895	26029.3	30045.8	2.66728	1.00019
natural[289,2]	0.0379764	0.000154916	0.0447126	0.0247614	0.00169271	0.0221047	0.127898	93254.7	45607.0	9.55601	1.00003
natural[289,3]	1.07536	0.00143663	0.485381	0.483429	0.299262	1.06319	1.89106	116705.0	47576.0	11.9591	1.00004
natural[290,1]	0.535001	0.00214349	0.269094	0.342992	0.109679	0.536776	0.948985	15352.7	26959.5	1.57323	1.00034
natural[290,2]	0.0424107	0.000201657	0.0516352	0.0266266	0.00189694	0.0238693	0.147761	68005.4	44907.0	6.96867	1.00008
natural[290,3]	-0.239374	0.00135734	0.44006	0.436613	-0.972248	-0.233093	0.474037	105612.0	50143.6	10.8223	1.00018
natural[291,1]	0.18171	0.000654082	0.106048	0.0737174	0.0677362	0.160121	0.356023	40759.6	29078.4	4.17672	1.00022
natural[291,2]	0.696402	0.00164487	0.324246	0.322216	0.176721	0.682632	1.25864	35525.1	23043.8	3.64034	1.00016
natural[291,3]	1.74363	0.00274806	0.585115	0.582007	0.817255	1.72468	2.73402	45749.1	46681.6	4.68801	1.00014
natural[292,1]	0.15128	0.000781639	0.129075	0.0756187	0.0327973	0.118387	0.381078	41944.4	27389.2	4.29813	1.00006
natural[292,2]	0.664326	0.00159687	0.342997	0.348565	0.10992	0.651588	1.25156	40728.5	24187.4	4.17354	1.00013
natural[292,3]	1.448	0.00196717	0.558381	0.555274	0.555927	1.43225	2.392	80101.1	48463.6	8.20814	1.0003
natural[293,1]	0.529962	0.00149337	0.263783	0.332981	0.118878	0.52775	0.945265	29954.5	36518.5	3.0695	1.00022
natural[293,2]	0.0607468	0.000274391	0.0783414	0.0372551	0.00213812	0.0320359	0.219814	98432.8	45714.6	10.0866	1.00014
natural[293,3]	1.3104	0.00149814	0.506671	0.498906	0.507775	1.29294	2.16701	117625.0	47219.3	12.0533	1.0001
natural[294,1]	0.554862	0.00137452	0.244096	0.291519	0.153316	0.557644	0.938004	30143.2	31964.4	3.08885	1.00015
natural[294,2]	0.0519086	0.000203025	0.0601819	0.0346188	0.00220394	0.030911	0.173242	87295.5	45547.7	8.94536	1.0
natural[294,3]	1.14968	0.00147117	0.482579	0.475606	0.38089	1.13363	1.97032	110416.0	45119.5	11.3146	1.00018
natural[295,1]	0.495699	0.00139746	0.258868	0.310532	0.113685	0.469907	0.933814	32797.9	39174.0	3.36088	1.0001
natural[295,2]	0.0754161	0.000304753	0.0900853	0.04981	0.00246388	0.0418755	0.262889	80866.9	46404.0	8.28661	1.00002
natural[295,3]	1.33089	0.00153263	0.508654	0.501425	0.526562	1.31422	2.19224	113089.0	50009.1	11.5885	1.00011
natural[296,1]	0.181826	0.00141406	0.216887	0.0889983	0.0145803	0.0881682	0.708957	22989.2	39361.1	2.35576	1.00039
natural[296,2]	0.523931	0.00208931	0.404306	0.476664	0.0149378	0.472664	1.25562	33410.7	39061.1	3.42367	1.0001
natural[296,3]	0.706364	0.00229472	0.563349	0.560783	-0.181027	0.684345	1.66552	59537.8	50343.5	6.10097	1.00006
natural[297,1]	0.260967	0.000718256	0.139131	0.113793	0.0935059	0.234677	0.518631	42723.5	32712.5	4.37797	1.00006
natural[297,2]	0.591514	0.0017544	0.33267	0.335998	0.0818765	0.567177	1.18227	32176.3	26875.7	3.29718	1.00021
natural[297,3]	1.12842	0.00310787	0.544009	0.536443	0.259825	1.1114	2.05265	30980.7	43470.3	3.17466	1.00023
natural[298,1]	0.605081	0.00172306	0.253583	0.31077	0.169607	0.626773	0.965558	21033.8	25743.7	2.15538	1.00034
natural[298,2]	0.0294552	0.000129233	0.0361335	0.0185266	0.00136633	0.0167286	0.100248	98030.2	45847.6	10.0454	1.0
natural[298,3]	1.34987	0.00149663	0.500574	0.494302	0.555716	1.33325	2.20308	115293.0	45326.9	11.8143	1.00009
natural[299,1]	0.0403367	0.000244492	0.0286855	0.0218668	0.00918846	0.035066	0.0875007	11842.7	34235.3	1.21355	1.00044
natural[299,2]	1.6837	0.00221843	0.481803	0.473779	0.925101	1.66759	2.49658	46297.0	43285.9	4.74416	1.0002
natural[299,3]	2.56867	0.00385406	0.674772	0.66804	1.48755	2.55173	3.70776	30505.5	41749.1	3.12597	1.00027
natural[300,1]	0.156009	0.000868278	0.108525	0.0897841	0.0325012	0.134007	0.345941	11026.2	24567.6	1.12988	1.00072
natural[300,2]	0.964549	0.00203425	0.4313	0.423276	0.275061	0.947175	1.70262	41715.8	28587.6	4.27471	1.00013
natural[300,3]	0.168453	0.00228381	0.595019	0.59136	-0.80661	0.166124	1.14604	68456.2	47368.4	7.01486	1.0001
natural[301,1]	0.580637	0.00152837	0.245424	0.295895	0.166385	0.592263	0.949955	25290.3	28419.9	2.59155	1.00015
natural[301,2]	0.0389107	0.000147902	0.0439879	0.0258824	0.00185646	0.0236134	0.127495	89014.0	44369.3	9.12146	1.00001
natural[301,3]	1.12311	0.00144046	0.480019	0.472909	0.354439	1.11138	1.93218	113009.0	48269.8	11.5802	1.00018
natural[302,1]	0.291013	0.00111286	0.218422	0.175957	0.0522369	0.22518	0.76767	41607.8	41286.3	4.26365	1.00005
natural[302,2]	0.28743	0.00098403	0.235004	0.238764	0.0120892	0.237887	0.74091	44998.2	39800.8	4.61106	1.00006
natural[302,3]	0.941473	0.00168125	0.506847	0.500715	0.134483	0.9256	1.79635	90805.6	51312.0	9.30505	1.00017
natural[303,1]	0.555219	0.00137358	0.250122	0.306368	0.15297	0.553113	0.948043	31792.8	35029.9	3.25788	1.00018
natural[303,2]	0.0476053	0.000197562	0.0563577	0.0312939	0.00193462	0.0274931	0.162388	90539.6	45904.0	9.27779	1.0
natural[303,3]	1.11209	0.00139871	0.476807	0.473306	0.351526	1.09756	1.92183	119121.0	47631.1	12.2066	1.0002
natural[304,1]	0.54112	0.00144248	0.249778	0.303298	0.142638	0.538247	0.939451	28648.4	29717.4	2.93566	1.00016
natural[304,2]	0.0489474	0.000190267	0.0556079	0.0329563	0.00218788	0.0296711	0.161554	84821.8	44640.2	8.69188	1.00004
natural[304,3]	0.524661	0.00132044	0.445462	0.44179	-0.202223	0.519527	1.26444	114430.0	47647.6	11.7259	1.00011
Omega[1,2]	-0.858872	0.00134283	0.0869857	0.0717984	-0.961331	-0.877302	-0.696455	4851.27	6698.32	0.49712	1.00161
Omega[1,3]	0.147046	0.00466724	0.171415	0.169329	-0.142279	0.14996	0.423081	1364.02	3060.65	0.139774	1.00454
Omega[2,1]	-0.858872	0.00134283	0.0869857	0.0717984	-0.961331	-0.877302	-0.696455	4851.27	6698.32	0.49712	1.00161
Omega[2,3]	-0.130544	0.00110954	0.107036	0.107718	-0.306538	-0.130499	0.0463477	9323.62	21197.5	0.955412	1.00081
Omega[3,1]	0.147046	0.00466724	0.171415	0.169329	-0.142279	0.14996	0.423081	1364.02	3060.65	0.139774	1.00454
Omega[3,2]	-0.130544	0.00110954	0.107036	0.107718	-0.306538	-0.130499	0.0463477	9323.62	21197.5	0.955412	1.00081
