history	stratification	group	metric	statistic	participants	choices	observed	predicted_mean	ci_low	ci_high	residual_observed_minus_predicted	replicated_fraction_ge_observed	interval_type	name	model	variant
conditional	all	all	high_choice	mean	343	26560	0.5905291926810862	0.464202207472951	0.4611991443440911	0.4677159782768932	0.1263269852081351		conditional_expected_behavior	Full_H2_base_noage	H2	base
conditional	all	all	investment	mean	343	26560	4.084599526820081	3.5302337222118663	3.513378230137919	3.548479853276847	0.5543658046082145		conditional_expected_behavior	Full_H2_base_noage	H2	base
generative	all	all	high_choice	mean	343	26560	0.5905291926810862	0.4644212606667761	0.4579143137293342	0.471735247808075	0.12610793201431	0.0	replicated_choices	Full_H2_base_noage	H2	base
generative	all	all	high_choice	between_participant_sd	343	26560	0.21088514038365	0.0970615085367447	0.0916958375753462	0.1022279848113164	0.1138236318469053	0.0	replicated_choices	Full_H2_base_noage	H2	base
generative	all	all	high_choice	all_low_fraction	343	26560	0.0	0.0006851311953352	0.0	0.0029154518950437	-0.0006851311953352	1.0	replicated_choices	Full_H2_base_noage	H2	base
generative	all	all	high_choice	all_high_fraction	343	26560	0.0204081632653061	0.0	0.0	0.0	0.0204081632653061	0.0	replicated_choices	Full_H2_base_noage	H2	base
generative	all	all	investment	mean	343	26560	4.084599526820081	3.531605151359	3.498704652507729	3.564968083814154	0.5529943754610809	0.0	replicated_choices	Full_H2_base_noage	H2	base
generative	all	all	investment	between_participant_sd	343	26560	1.0082542702510489	0.4974525639659944	0.4654215573013147	0.5295456961951316	0.5108017062850544	0.0	replicated_choices	Full_H2_base_noage	H2	base
conditional	partner	friend	high_choice	mean	343	8872	0.7876668500209096	0.4647396139859734	0.4613618419384103	0.4683915142799194	0.3229272360349361		conditional_expected_behavior	Full_H2_base_noage	H2	base
conditional	partner	friend	investment	mean	343	8872	5.017601240225966	3.532929556317486	3.51542268337343	3.551423130340182	1.48467168390848		conditional_expected_behavior	Full_H2_base_noage	H2	base
generative	partner	friend	high_choice	mean	343	8872	0.7876668500209096	0.4646647067816274	0.4546310842257769	0.4752332248881365	0.3230021432392822	0.0	replicated_choices	Full_H2_base_noage	H2	base
generative	partner	friend	high_choice	between_participant_sd	343	8872	0.2116234722115117	0.1265891887829172	0.1175178602142994	0.1345605496763794	0.0850342834285944	0.0	replicated_choices	Full_H2_base_noage	H2	base
generative	partner	friend	high_choice	all_low_fraction	343	8872	0.0029154518950437	0.0026822157434402	0.0	0.0058309037900874	0.0002332361516034	0.71	replicated_choices	Full_H2_base_noage	H2	base
generative	partner	friend	high_choice	all_high_fraction	343	8872	0.1982507288629737	7.28862973760933e-05	0.0	7.288629737610987e-05	0.1981778425655976	0.0	replicated_choices	Full_H2_base_noage	H2	base
generative	partner	friend	investment	mean	343	8872	5.017601240225966	3.5319777406755377	3.4777489532914427	3.587861031617231	1.4856234995504285	0.0	replicated_choices	Full_H2_base_noage	H2	base
generative	partner	friend	investment	between_participant_sd	343	8872	1.0048808630597643	0.6411116938331491	0.5989760693548666	0.6807657190045586	0.3637691692266154	0.0	replicated_choices	Full_H2_base_noage	H2	base
conditional	partner_zero	friend_zero	high_choice	mean	343	3788	0.851088771934253	0.4654074241183182	0.4618555032434036	0.4689024464300021	0.3856813478159348		conditional_expected_behavior	Full_H2_base_noage	H2	base
conditional	partner_zero	friend_zero	investment	mean	343	3788	3.967091153096985	2.13617793773034	2.1169629099464817	2.155722090310536	1.8309132153666448		conditional_expected_behavior	Full_H2_base_noage	H2	base
generative	partner_zero	friend_zero	high_choice	mean	343	3788	0.851088771934253	0.4659625845081385	0.4486131462479857	0.4848378095827074	0.3851261874261145	0.0	replicated_choices	Full_H2_base_noage	H2	base
generative	partner_zero	friend_zero	investment	mean	343	3788	3.967091153096985	2.137276114960517	2.0531472892187197	2.216329748968233	1.8298150381364675	0.0	replicated_choices	Full_H2_base_noage	H2	base
conditional	partner_zero	friend_positive	high_choice	mean	343	5084	0.7412779397473276	0.4642552466466342	0.4610158439540386	0.4678113556950375	0.2770226931006933		conditional_expected_behavior	Full_H2_base_noage	H2	base
conditional	partner_zero	friend_positive	investment	mean	343	5084	5.804453005692073	4.5722934496828005	4.556187152848638	4.590468811916228	1.2321595560092726		conditional_expected_behavior	Full_H2_base_noage	H2	base
generative	partner_zero	friend_positive	high_choice	mean	343	5084	0.7412779397473276	0.4637417569068444	0.4499069398167429	0.4794400770512286	0.2775361828404832	0.0	replicated_choices	Full_H2_base_noage	H2	base
generative	partner_zero	friend_positive	investment	mean	343	5084	5.804453005692073	4.56994757392753	4.504631577120644	4.65062925170068	1.2345054317645427	0.0	replicated_choices	Full_H2_base_noage	H2	base
conditional	partner	stranger	high_choice	mean	343	8831	0.5373540630913989	0.4645588755025422	0.461294877417151	0.4682766352318506	0.0727951875888566		conditional_expected_behavior	Full_H2_base_noage	H2	base
conditional	partner	stranger	investment	mean	343	8831	3.812396075386715	3.5325306422813583	3.5152536280921542	3.5519582333997497	0.2798654331053569		conditional_expected_behavior	Full_H2_base_noage	H2	base
generative	partner	stranger	high_choice	mean	343	8831	0.5373540630913989	0.4646343967909216	0.4532196414163229	0.4750291264541011	0.0727196663004772	0.0	replicated_choices	Full_H2_base_noage	H2	base
generative	partner	stranger	high_choice	between_participant_sd	343	8831	0.2765932948806203	0.1275883969403411	0.119119692302645	0.136772458727344	0.1490048979402791	0.0	replicated_choices	Full_H2_base_noage	H2	base
generative	partner	stranger	high_choice	all_low_fraction	343	8831	0.0174927113702623	0.0035714285714285	0.0	0.0087463556851311	0.0139212827988338	0.0	replicated_choices	Full_H2_base_noage	H2	base
generative	partner	stranger	high_choice	all_high_fraction	343	8831	0.0670553935860058	0.0007580174927113	0.0	0.0029154518950437	0.0662973760932944	0.0	replicated_choices	Full_H2_base_noage	H2	base
generative	partner	stranger	investment	mean	343	8831	3.812396075386715	3.533849497628962	3.481267883025277	3.593454330401752	0.2785465777577531	0.0	replicated_choices	Full_H2_base_noage	H2	base
generative	partner	stranger	investment	between_participant_sd	343	8831	1.3184566168570453	0.6529820274770196	0.6049982602838762	0.7073921050308454	0.6654745893800257	0.0	replicated_choices	Full_H2_base_noage	H2	base
conditional	partner_zero	stranger_zero	high_choice	mean	342	3764	0.65507487152224	0.4650482985141664	0.4617880681805723	0.4686547917872745	0.1900265730080735		conditional_expected_behavior	Full_H2_base_noage	H2	base
conditional	partner_zero	stranger_zero	investment	mean	342	3764	2.895398428731762	2.125882705106916	2.106419854709072	2.146904520857165	0.7695157236248464		conditional_expected_behavior	Full_H2_base_noage	H2	base
generative	partner_zero	stranger_zero	high_choice	mean	342	3764	0.65507487152224	0.4648177683265402	0.4471572265048142	0.4812701946364226	0.1902571031956997	0.0	replicated_choices	Full_H2_base_noage	H2	base
generative	partner_zero	stranger_zero	investment	mean	342	3764	2.895398428731762	2.127254046311064	2.041674751905014	2.221714993502274	0.7681443824206977	0.0	replicated_choices	Full_H2_base_noage	H2	base
conditional	partner_zero	stranger_positive	high_choice	mean	343	5067	0.4505417687268999	0.4641859981729744	0.4608979673544606	0.4677121489848901	-0.0136442294460745		conditional_expected_behavior	Full_H2_base_noage	H2	base
conditional	partner_zero	stranger_positive	investment	mean	343	5067	4.489744779030493	4.569581469926516	4.553817056874321	4.587529535808193	-0.0798366908960224		conditional_expected_behavior	Full_H2_base_noage	H2	base
generative	partner_zero	stranger_positive	high_choice	mean	343	5067	0.4505417687268999	0.4644774977816158	0.4526034506674085	0.4803495253531696	-0.0139357290547159	0.99	replicated_choices	Full_H2_base_noage	H2	base
generative	partner_zero	stranger_positive	investment	mean	343	5067	4.489744779030493	4.570712946795672	4.508110873577346	4.646409235201144	-0.080968167765179	1.0	replicated_choices	Full_H2_base_noage	H2	base
conditional	partner	computer	high_choice	mean	343	8857	0.4454859472016272	0.4632313308931833	0.4600307795083197	0.4665437356652166	-0.017745383691556		conditional_expected_behavior	Full_H2_base_noage	H2	base
conditional	partner	computer	investment	mean	343	8857	3.418969104058736	3.5269269248050805	3.5104916718726957	3.5444128942187065	-0.1079578207463445		conditional_expected_behavior	Full_H2_base_noage	H2	base
generative	partner	computer	high_choice	mean	343	8857	0.4454859472016272	0.4638942014789995	0.4521603236940437	0.473778109729261	-0.0184082542773723	1.0	replicated_choices	Full_H2_base_noage	H2	base
generative	partner	computer	high_choice	between_participant_sd	343	8857	0.295307388864754	0.1276224595155224	0.11773396637087	0.1367142554783685	0.1676849293492316	0.0	replicated_choices	Full_H2_base_noage	H2	base
generative	partner	computer	high_choice	all_low_fraction	343	8857	0.0495626822157434	0.0035422740524781	0.0	0.0087463556851311	0.0460204081632653	0.0	replicated_choices	Full_H2_base_noage	H2	base
generative	partner	computer	high_choice	all_high_fraction	343	8857	0.0524781341107871	0.0004956268221574	0.0	0.0029154518950437	0.0519825072886297	0.0	replicated_choices	Full_H2_base_noage	H2	base
generative	partner	computer	investment	mean	343	8857	3.418969104058736	3.530608608086169	3.4769572594349443	3.588222407198895	-0.1116395040274329	1.0	replicated_choices	Full_H2_base_noage	H2	base
generative	partner	computer	investment	between_participant_sd	343	8857	1.3892443512096588	0.6489959403925661	0.6026179070696153	0.7012671607947055	0.7402484108170927	0.0	replicated_choices	Full_H2_base_noage	H2	base
conditional	partner_zero	computer_zero	high_choice	mean	342	3780	0.5310486865311427	0.4629849959059667	0.459582721333113	0.4662648926448818	0.0680636906251759		conditional_expected_behavior	Full_H2_base_noage	H2	base
conditional	partner_zero	computer_zero	investment	mean	342	3780	2.382536729027957	2.122046943390208	2.102662746936097	2.141432712379937	0.2604897856377492		conditional_expected_behavior	Full_H2_base_noage	H2	base
generative	partner_zero	computer_zero	high_choice	mean	342	3780	0.5310486865311427	0.4634497718412192	0.4487077489599418	0.4796333742605673	0.0675989146899234	0.0	replicated_choices	Full_H2_base_noage	H2	base
generative	partner_zero	computer_zero	investment	mean	342	3780	2.382536729027957	2.1255368745938923	2.0484646854931943	2.218615151093221	0.2569998544340648	0.0	replicated_choices	Full_H2_base_noage	H2	base
conditional	partner_zero	computer_positive	high_choice	mean	343	5077	0.3832782013904463	0.4633929077679552	0.4602704692214076	0.4669347608985005	-0.0801147063775088		conditional_expected_behavior	Full_H2_base_noage	H2	base
conditional	partner_zero	computer_positive	investment	mean	343	5077	4.192534004706016	4.567056441335484	4.551952392767216	4.583687705557364	-0.3745224366294675		conditional_expected_behavior	Full_H2_base_noage	H2	base
generative	partner_zero	computer_positive	high_choice	mean	343	5077	0.3832782013904463	0.4643201695251622	0.4497381232712864	0.4780503238056081	-0.0810419681347158	1.0	replicated_choices	Full_H2_base_noage	H2	base
generative	partner_zero	computer_positive	investment	mean	343	5077	4.192534004706016	4.571485225173271	4.497047742304667	4.635912269015404	-0.3789512204672549	1.0	replicated_choices	Full_H2_base_noage	H2	base
conditional	offer	0/2	high_choice	mean	342	3794	0.7111066808435229	0.4813379737531653	0.4796766771082457	0.4831971408677067	0.2297687070903576		conditional_expected_behavior	Full_H2_base_noage	H2	base
conditional	offer	0/2	investment	mean	342	3794	1.4222133616870458	0.9626759475063306	0.9593533542164916	0.9663942817354134	0.4595374141807152		conditional_expected_behavior	Full_H2_base_noage	H2	base
generative	offer	0/2	high_choice	mean	342	3794	0.7111066808435229	0.4814148207218383	0.4669497607655505	0.4968996249040111	0.2296918601216845	0.0	replicated_choices	Full_H2_base_noage	H2	base
generative	offer	0/2	investment	mean	342	3794	1.4222133616870458	0.9628296414436768	0.933899521531101	0.993799249808022	0.4593837202433691	0.0	replicated_choices	Full_H2_base_noage	H2	base
conditional	offer	0/4	high_choice	mean	342	3776	0.6926363678556662	0.4660199388456581	0.4629749984378168	0.4690645934625811	0.226616429010008		conditional_expected_behavior	Full_H2_base_noage	H2	base
conditional	offer	0/4	investment	mean	342	3776	2.7705454714226647	1.8640797553826325	1.8518999937512672	1.876258373850325	0.9064657160400322		conditional_expected_behavior	Full_H2_base_noage	H2	base
generative	offer	0/4	high_choice	mean	342	3776	0.6926363678556662	0.4659481384437524	0.449470353598643	0.483806301317266	0.2266882294119137	0.0	replicated_choices	Full_H2_base_noage	H2	base
generative	offer	0/4	investment	mean	342	3776	2.7705454714226647	1.8637925537750095	1.797881414394572	1.935225205269064	0.906752917647655	0.0	replicated_choices	Full_H2_base_noage	H2	base
conditional	offer	0/8	high_choice	mean	343	3762	0.633450498319303	0.4460261522501604	0.4412613364016455	0.4513847939415103	0.1874243460691426		conditional_expected_behavior	Full_H2_base_noage	H2	base
conditional	offer	0/8	investment	mean	343	3762	5.067603986554424	3.568209218001283	3.530090691213164	3.6110783515320826	1.4993947685531408		conditional_expected_behavior	Full_H2_base_noage	H2	base
generative	offer	0/8	high_choice	mean	343	3762	0.633450498319303	0.4467558177569111	0.429778167451272	0.461971687407183	0.1866946805623919	0.0	replicated_choices	Full_H2_base_noage	H2	base
generative	offer	0/8	investment	mean	343	3762	5.067603986554424	3.5740465420552887	3.438225339610176	3.695773499257464	1.4935574444991353	0.0	replicated_choices	Full_H2_base_noage	H2	base
conditional	offer	2/4	high_choice	mean	343	3810	0.5873060046529435	0.4809564579584045	0.4792208626154698	0.4828457262706108	0.1063495466945389		conditional_expected_behavior	Full_H2_base_noage	H2	base
conditional	offer	2/4	investment	mean	343	3810	3.174612009305887	2.96191291591681	2.958441725230939	2.9656914525412224	0.2126990933890771		conditional_expected_behavior	Full_H2_base_noage	H2	base
generative	offer	2/4	high_choice	mean	343	3810	0.5873060046529435	0.480982912212504	0.4645639285398759	0.4984277279248129	0.1063230924404394	0.0	replicated_choices	Full_H2_base_noage	H2	base
generative	offer	2/4	investment	mean	343	3810	3.174612009305887	2.961965824425008	2.929127857079753	2.9968554558496256	0.2126461848808789	0.0	replicated_choices	Full_H2_base_noage	H2	base
conditional	offer	2/8	high_choice	mean	343	7617	0.5228256840663523	0.4545527964666186	0.4506308107449557	0.4588081474406228	0.0682728875997336		conditional_expected_behavior	Full_H2_base_noage	H2	base
conditional	offer	2/8	investment	mean	343	7617	5.136954104398114	4.727316778799712	4.703784864469732	4.752848884643737	0.4096373255984025		conditional_expected_behavior	Full_H2_base_noage	H2	base
generative	offer	2/8	high_choice	mean	343	7617	0.5228256840663523	0.454749220799221	0.4432676193022773	0.464804156755304	0.0680764632671313	0.0	replicated_choices	Full_H2_base_noage	H2	base
generative	offer	2/8	investment	mean	343	7617	5.136954104398114	4.728495324795325	4.659605715813664	4.788824940531823	0.408458779602789	0.0	replicated_choices	Full_H2_base_noage	H2	base
conditional	offer	4/8	high_choice	mean	343	3801	0.4674831404423241	0.4657412564810262	0.4626317775553819	0.4690585728598612	0.0017418839612978		conditional_expected_behavior	Full_H2_base_noage	H2	base
conditional	offer	4/8	investment	mean	343	3801	5.869932561769296	5.862965025924105	5.850527110221526	5.876234291439444	0.0069675358451917		conditional_expected_behavior	Full_H2_base_noage	H2	base
generative	offer	4/8	high_choice	mean	343	3801	0.4674831404423241	0.4662459176311218	0.4508434932414525	0.4810359241099036	0.0012372228112023	0.455	replicated_choices	Full_H2_base_noage	H2	base
generative	offer	4/8	investment	mean	343	3801	5.869932561769296	5.864983670524486	5.803373972965811	5.924143696439614	0.0049488912448101	0.455	replicated_choices	Full_H2_base_noage	H2	base
conditional	run	1	high_choice	mean	343	14066	0.5917688470421905	0.4638531306940534	0.4608030599373307	0.4672518395411273	0.127915716348137		conditional_expected_behavior	Full_H2_base_noage	H2	base
conditional	run	1	investment	mean	343	14066	4.082216106884758	3.523547900106536	3.507887287824321	3.5405741862831563	0.558668206778222		conditional_expected_behavior	Full_H2_base_noage	H2	base
generative	run	1	high_choice	mean	343	14066	0.5917688470421905	0.4637682381269089	0.4558696407313121	0.4737948176345093	0.1280006089152815	0.0	replicated_choices	Full_H2_base_noage	H2	base
generative	run	1	investment	mean	343	14066	4.082216106884758	3.5231305923781	3.4817522589782226	3.5665211636102936	0.5590855145066582	0.0	replicated_choices	Full_H2_base_noage	H2	base
conditional	trial_block	run1_early	high_choice	mean	343	4666	0.6037099440889528	0.4629641878106363	0.4596790968434303	0.4663944936546325	0.1407457562783164		conditional_expected_behavior	Full_H2_base_noage	H2	base
conditional	trial_block	run1_early	investment	mean	343	4666	4.208037346521311	3.573399584652738	3.5557920230066644	3.592496968337919	0.6346377618685732		conditional_expected_behavior	Full_H2_base_noage	H2	base
generative	trial_block	run1_early	high_choice	mean	343	4666	0.6037099440889528	0.4631405353635673	0.448226736820031	0.4794280852772106	0.1405694087253854	0.0	replicated_choices	Full_H2_base_noage	H2	base
generative	trial_block	run1_early	investment	mean	343	4666	4.208037346521311	3.5743943689934947	3.4963048127771144	3.6534683489493993	0.6336429775278165	0.0	replicated_choices	Full_H2_base_noage	H2	base
conditional	trial_block	run1_middle	high_choice	mean	343	4710	0.5893709303330295	0.46448405204267	0.4615784566660942	0.4678661881757093	0.1248868782903593		conditional_expected_behavior	Full_H2_base_noage	H2	base
conditional	trial_block	run1_middle	investment	mean	343	4710	3.9796910572420776	3.4714962048409426	3.455757074350851	3.488818125825062	0.508194852401135		conditional_expected_behavior	Full_H2_base_noage	H2	base
generative	trial_block	run1_middle	high_choice	mean	343	4710	0.5893709303330295	0.4639885173135902	0.4493414250957983	0.4781175032450546	0.1253824130194392	0.0	replicated_choices	Full_H2_base_noage	H2	base
generative	trial_block	run1_middle	investment	mean	343	4710	3.9796910572420776	3.47083079893867	3.39964221395708	3.5402035986365448	0.508860258303407	0.0	replicated_choices	Full_H2_base_noage	H2	base
conditional	trial_block	run1_late	high_choice	mean	343	4690	0.5828850449841703	0.4641276793914716	0.4606344992946471	0.4673845784777997	0.1187573655926986		conditional_expected_behavior	Full_H2_base_noage	H2	base
conditional	trial_block	run1_late	investment	mean	343	4690	4.061813405253639	3.526359304123523	3.508566810708278	3.5439711770434155	0.5354541011301155		conditional_expected_behavior	Full_H2_base_noage	H2	base
generative	trial_block	run1_late	high_choice	mean	343	4690	0.5828850449841703	0.4642122811590742	0.4500245599881164	0.4777912806338463	0.118672763825096	0.0	replicated_choices	Full_H2_base_noage	H2	base
generative	trial_block	run1_late	investment	mean	343	4690	4.061813405253639	3.524973148814257	3.468568241767952	3.59488199361377	0.5368402564393815	0.0	replicated_choices	Full_H2_base_noage	H2	base
conditional	run	2	high_choice	mean	304	12494	0.595515903033181	0.4650329367127588	0.4620500121758593	0.4683839557136222	0.1304829663204221		conditional_expected_behavior	Full_H2_base_noage	H2	base
conditional	run	2	investment	mean	304	12494	4.119256805197146	3.5376772060792208	3.5218438573449213	3.5552789367750592	0.5815795991179256		conditional_expected_behavior	Full_H2_base_noage	H2	base
generative	run	2	high_choice	mean	304	12494	0.595515903033181	0.4654058718350981	0.4563448278040436	0.4739143886681311	0.1301100311980829	0.0	replicated_choices	Full_H2_base_noage	H2	base
generative	run	2	investment	mean	304	12494	4.119256805197146	3.539969076250702	3.4967729211416483	3.581794581762566	0.5792877289464444	0.0	replicated_choices	Full_H2_base_noage	H2	base
conditional	trial_block	run2_early	high_choice	mean	304	4175	0.5902290691764375	0.4659214264730806	0.4624762970411555	0.4691950988130892	0.1243076427033568		conditional_expected_behavior	Full_H2_base_noage	H2	base
conditional	trial_block	run2_early	investment	mean	304	4175	4.077362659270554	3.5287534993036243	3.5111014152754554	3.5464215341385112	0.5486091599669294		conditional_expected_behavior	Full_H2_base_noage	H2	base
generative	trial_block	run2_early	high_choice	mean	304	4175	0.5902290691764375	0.4662856036507352	0.4529537649850149	0.4814293053437789	0.1239434655257022	0.0	replicated_choices	Full_H2_base_noage	H2	base
generative	trial_block	run2_early	investment	mean	304	4175	4.077362659270554	3.531865647510384	3.462865111861823	3.6072287389145967	0.5454970117601694	0.0	replicated_choices	Full_H2_base_noage	H2	base
conditional	trial_block	run2_middle	high_choice	mean	304	4171	0.5975026161703794	0.4647615887957175	0.461580100731184	0.4681286510579845	0.1327410273746618		conditional_expected_behavior	Full_H2_base_noage	H2	base
conditional	trial_block	run2_middle	investment	mean	304	4171	4.123581024238919	3.540557266243318	3.5222646782777125	3.558373030488767	0.5830237579956012		conditional_expected_behavior	Full_H2_base_noage	H2	base
generative	trial_block	run2_middle	high_choice	mean	304	4171	0.5975026161703794	0.4652695020166237	0.4503167339330991	0.4807911311550295	0.1322331141537556	0.0	replicated_choices	Full_H2_base_noage	H2	base
generative	trial_block	run2_middle	investment	mean	304	4171	4.123581024238919	3.542804732913286	3.46972797944015	3.619941040775748	0.5807762913256331	0.0	replicated_choices	Full_H2_base_noage	H2	base
conditional	trial_block	run2_late	high_choice	mean	304	4148	0.5991199042185884	0.4643900287601001	0.4611152980523171	0.4676958857643001	0.1347298754584882		conditional_expected_behavior	Full_H2_base_noage	H2	base
conditional	trial_block	run2_late	investment	mean	304	4148	4.155765469910207	3.5415963197795644	3.523532288919246	3.5600965577281727	0.6141691501306421		conditional_expected_behavior	Full_H2_base_noage	H2	base
generative	trial_block	run2_late	high_choice	mean	304	4148	0.5991199042185884	0.4646450783317559	0.4493466744330233	0.4793881967812889	0.1344748258868324	0.0	replicated_choices	Full_H2_base_noage	H2	base
generative	trial_block	run2_late	investment	mean	304	4148	4.155765469910207	3.543189743918363	3.4759245916729498	3.619956004339229	0.6125757259918436	0.0	replicated_choices	Full_H2_base_noage	H2	base
conditional	partner_contrast	friend_minus_computer	high_choice	mean	343	17729	0.3421809028192824	0.0015082830927901	0.0007001676489326	0.0022977372361822	0.3406726197264922		conditional_expected_behavior	Full_H2_base_noage	H2	base
conditional	partner_contrast	friend_minus_stranger	high_choice	mean	343	17703	0.2503127869295107	0.0001807384834312	-0.0007573874082965	0.0009704432354457	0.2501320484460795		conditional_expected_behavior	Full_H2_base_noage	H2	base
conditional	partner_contrast	stranger_minus_computer	high_choice	mean	343	17688	0.0918681158897716	0.0013275446093589	0.0004287531928976	0.0022407650677569	0.0905405712804126		conditional_expected_behavior	Full_H2_base_noage	H2	base
conditional	partner_contrast	friend_minus_computer	investment	mean	343	17729	1.598632136167231	0.0060026315124052	0.0006427804073092	0.0103230485153213	1.592629504654826		conditional_expected_behavior	Full_H2_base_noage	H2	base
conditional	partner_contrast	friend_minus_stranger	investment	mean	343	17703	1.205205164839252	0.000398914036127	-0.0044228102646689	0.0053121233371006	1.2048062508031248		conditional_expected_behavior	Full_H2_base_noage	H2	base
conditional	partner_contrast	stranger_minus_computer	investment	mean	343	17688	0.3934269713279794	0.0056037174762782	0.0007522322890536	0.0114484113841145	0.3878232538517011		conditional_expected_behavior	Full_H2_base_noage	H2	base
generative	partner_contrast	friend_minus_computer	high_choice	mean	343	17729	0.3421809028192824	0.0007705053026279	-0.0129757206667527	0.0177106344341261	0.3414103975166544	0.0	replicated_choices	Full_H2_base_noage	H2	base
generative	partner_contrast	friend_minus_stranger	high_choice	mean	343	17703	0.2503127869295107	3.0309990705868536e-05	-0.0140039916649827	0.0140102867340556	0.2502824769388049	0.0	replicated_choices	Full_H2_base_noage	H2	base
generative	partner_contrast	stranger_minus_computer	high_choice	mean	343	17688	0.0918681158897716	0.000740195311922	-0.0149057733174082	0.0168907993383654	0.0911279205778495	0.0	replicated_choices	Full_H2_base_noage	H2	base
generative	partner_contrast	friend_minus_computer	investment	mean	343	17729	1.598632136167231	0.0013691325893699	-0.0720102101412298	0.0855977826021658	1.5972630035778614	0.0	replicated_choices	Full_H2_base_noage	H2	base
generative	partner_contrast	friend_minus_stranger	investment	mean	343	17703	1.205205164839252	-0.0018717569534236	-0.071338480528064	0.0706472558202915	1.2070769217926756	0.0	replicated_choices	Full_H2_base_noage	H2	base
generative	partner_contrast	stranger_minus_computer	investment	mean	343	17688	0.3934269713279794	0.0032408895427935	-0.0717869569877478	0.0890337501020281	0.3901860817851857	0.0	replicated_choices	Full_H2_base_noage	H2	base
conditional	all	all	high_choice	mean	343	26560	0.5905291926810862	0.5353580490099702	0.530228860508422	0.5396659501684192	0.0551711436711159		conditional_expected_behavior	Full_H2_zero_noage_retry1	H2	zero
conditional	all	all	investment	mean	343	26560	4.084599526820081	3.8342858175284182	3.8095096192547326	3.8575505885816814	0.2503137092916621		conditional_expected_behavior	Full_H2_zero_noage_retry1	H2	zero
generative	all	all	high_choice	mean	343	26560	0.5905291926810862	0.5357977532882937	0.5289873405360381	0.5422335048281941	0.0547314393927924	0.0	replicated_choices	Full_H2_zero_noage_retry1	H2	zero
generative	all	all	high_choice	between_participant_sd	343	26560	0.21088514038365	0.1408167737686591	0.1348808467806704	0.1464226010617158	0.0700683666149908	0.0	replicated_choices	Full_H2_zero_noage_retry1	H2	zero
generative	all	all	high_choice	all_low_fraction	343	26560	0.0	0.0007288629737609	0.0	0.0029154518950437	-0.0007288629737609	1.0	replicated_choices	Full_H2_zero_noage_retry1	H2	zero
generative	all	all	high_choice	all_high_fraction	343	26560	0.0204081632653061	0.0	0.0	0.0	0.0204081632653061	0.0	replicated_choices	Full_H2_zero_noage_retry1	H2	zero
generative	all	all	investment	mean	343	26560	4.084599526820081	3.836720368523488	3.803293228843812	3.868972329968437	0.2478791582965924	0.0	replicated_choices	Full_H2_zero_noage_retry1	H2	zero
generative	all	all	investment	between_participant_sd	343	26560	1.0082542702510489	0.7142935519981378	0.6812880550264824	0.7413190962593285	0.293960718252911	0.0	replicated_choices	Full_H2_zero_noage_retry1	H2	zero
conditional	partner	friend	high_choice	mean	343	8872	0.7876668500209096	0.536880700693617	0.5322503234075611	0.540856399071055	0.2507861493272926		conditional_expected_behavior	Full_H2_zero_noage_retry1	H2	zero
conditional	partner	friend	investment	mean	343	8872	5.017601240225966	3.842786556064597	3.8184279140002935	3.863605829947098	1.1748146841613694		conditional_expected_behavior	Full_H2_zero_noage_retry1	H2	zero
generative	partner	friend	high_choice	mean	343	8872	0.7876668500209096	0.5370456329688582	0.5271716390584434	0.5483515743299863	0.2506212170520514	0.0	replicated_choices	Full_H2_zero_noage_retry1	H2	zero
generative	partner	friend	high_choice	between_participant_sd	343	8872	0.2116234722115117	0.1591352470783263	0.1509557186805381	0.1677145687629284	0.0524882251331854	0.0	replicated_choices	Full_H2_zero_noage_retry1	H2	zero
generative	partner	friend	high_choice	all_low_fraction	343	8872	0.0029154518950437	0.0022594752186588	0.0	0.0087463556851311	0.0006559766763848	0.61	replicated_choices	Full_H2_zero_noage_retry1	H2	zero
generative	partner	friend	high_choice	all_high_fraction	343	8872	0.1982507288629737	0.0001311953352769	0.0	0.0029154518950437	0.1981195335276968	0.0	replicated_choices	Full_H2_zero_noage_retry1	H2	zero
generative	partner	friend	investment	mean	343	8872	5.017601240225966	3.843057513204552	3.793709593325431	3.8960855912579526	1.1745437270214143	0.0	replicated_choices	Full_H2_zero_noage_retry1	H2	zero
generative	partner	friend	investment	between_participant_sd	343	8872	1.0048808630597643	0.8047914336138281	0.7687339392996474	0.843075796686301	0.2000894294459364	0.0	replicated_choices	Full_H2_zero_noage_retry1	H2	zero
conditional	partner_zero	friend_zero	high_choice	mean	343	3788	0.851088771934253	0.6813349427781772	0.6739708313444359	0.6896001771904811	0.1697538291560758		conditional_expected_behavior	Full_H2_zero_noage_retry1	H2	zero
conditional	partner_zero	friend_zero	investment	mean	343	3788	3.967091153096985	3.0966848162467877	3.059372138476411	3.134735418232837	0.8704063368501975		conditional_expected_behavior	Full_H2_zero_noage_retry1	H2	zero
generative	partner_zero	friend_zero	high_choice	mean	343	3788	0.851088771934253	0.6824445275327199	0.6667667038986279	0.698026521987892	0.1686442444015331	0.0	replicated_choices	Full_H2_zero_noage_retry1	H2	zero
generative	partner_zero	friend_zero	investment	mean	343	3788	3.967091153096985	3.100803094459798	3.021545200021876	3.1779379172819437	0.8662880586371862	0.0	replicated_choices	Full_H2_zero_noage_retry1	H2	zero
conditional	partner_zero	friend_positive	high_choice	mean	343	5084	0.7412779397473276	0.4294561353226059	0.4243111706323476	0.4345928639255698	0.3118218044247216		conditional_expected_behavior	Full_H2_zero_noage_retry1	H2	zero
conditional	partner_zero	friend_positive	investment	mean	343	5084	5.804453005692073	4.398935816215588	4.374492082205284	4.424464407278896	1.4055171894764849		conditional_expected_behavior	Full_H2_zero_noage_retry1	H2	zero
generative	partner_zero	friend_positive	high_choice	mean	343	5084	0.7412779397473276	0.4289431660419269	0.4145540920449813	0.4467412015826739	0.3123347737054006	0.0	replicated_choices	Full_H2_zero_noage_retry1	H2	zero
generative	partner_zero	friend_positive	investment	mean	343	5084	5.804453005692073	4.396504807024851	4.3310709947244215	4.471381802721089	1.4079481986672224	0.0	replicated_choices	Full_H2_zero_noage_retry1	H2	zero
conditional	partner	stranger	high_choice	mean	343	8831	0.5373540630913989	0.5354787601804565	0.5303625595604158	0.5401912006854415	0.0018753029109424		conditional_expected_behavior	Full_H2_zero_noage_retry1	H2	zero
conditional	partner	stranger	investment	mean	343	8831	3.812396075386715	3.834177321792239	3.8092634396357408	3.8612611563444914	-0.0217812464055238		conditional_expected_behavior	Full_H2_zero_noage_retry1	H2	zero
generative	partner	stranger	high_choice	mean	343	8831	0.5373540630913989	0.5355032862940848	0.5243861607633037	0.5456800823651677	0.001850776797314	0.38	replicated_choices	Full_H2_zero_noage_retry1	H2	zero
generative	partner	stranger	high_choice	between_participant_sd	343	8831	0.2765932948806203	0.160881047160518	0.1516170800634381	0.1705815683917787	0.1157122477201022	0.0	replicated_choices	Full_H2_zero_noage_retry1	H2	zero
generative	partner	stranger	high_choice	all_low_fraction	343	8831	0.0174927113702623	0.0034839650145772	0.0	0.0087463556851311	0.0140087463556851	0.0	replicated_choices	Full_H2_zero_noage_retry1	H2	zero
generative	partner	stranger	high_choice	all_high_fraction	343	8831	0.0670553935860058	0.0006997084548104	0.0	0.0029154518950437	0.0663556851311953	0.0	replicated_choices	Full_H2_zero_noage_retry1	H2	zero
generative	partner	stranger	investment	mean	343	8831	3.812396075386715	3.834262900815992	3.774639233928655	3.890432755222549	-0.0218668254292762	0.785	replicated_choices	Full_H2_zero_noage_retry1	H2	zero
generative	partner	stranger	investment	between_participant_sd	343	8831	1.3184566168570453	0.8131493791968102	0.7596954487828145	0.8604784004486545	0.5053072376602351	0.0	replicated_choices	Full_H2_zero_noage_retry1	H2	zero
conditional	partner_zero	stranger_zero	high_choice	mean	342	3764	0.65507487152224	0.6805204262739842	0.6735504792271071	0.6881361914537159	-0.0254455547517442		conditional_expected_behavior	Full_H2_zero_noage_retry1	H2	zero
conditional	partner_zero	stranger_zero	investment	mean	342	3764	2.895398428731762	3.076748627520609	3.0412928950674583	3.112340464309752	-0.1813501987888472		conditional_expected_behavior	Full_H2_zero_noage_retry1	H2	zero
generative	partner_zero	stranger_zero	high_choice	mean	342	3764	0.65507487152224	0.6801615460157124	0.665280159046606	0.6963262006025163	-0.0250866744934724	0.995	replicated_choices	Full_H2_zero_noage_retry1	H2	zero
generative	partner_zero	stranger_zero	investment	mean	342	3764	2.895398428731762	3.07612703053931	2.9898985099533326	3.15765435790655	-0.180728601807548	1.0	replicated_choices	Full_H2_zero_noage_retry1	H2	zero
conditional	partner_zero	stranger_positive	high_choice	mean	343	5067	0.4505417687268999	0.428430623585541	0.4236395929435835	0.4336377091964171	0.0221111451413588		conditional_expected_behavior	Full_H2_zero_noage_retry1	H2	zero
conditional	partner_zero	stranger_positive	investment	mean	343	5067	4.489744779030493	4.391808774135155	4.368306544154802	4.418022283661865	0.0979360048953381		conditional_expected_behavior	Full_H2_zero_noage_retry1	H2	zero
generative	partner_zero	stranger_positive	high_choice	mean	343	5067	0.4505417687268999	0.4287367265873096	0.4141331618454433	0.4453404558269718	0.0218050421395902	0.01	replicated_choices	Full_H2_zero_noage_retry1	H2	zero
generative	partner_zero	stranger_positive	investment	mean	343	5067	4.489744779030493	4.392338589253312	4.325419719978759	4.464414847179062	0.0974061897771809	0.015	replicated_choices	Full_H2_zero_noage_retry1	H2	zero
conditional	partner	computer	high_choice	mean	343	8857	0.4454859472016272	0.5334296600199686	0.528481892068163	0.5377689957004012	-0.0879437128183414		conditional_expected_behavior	Full_H2_zero_noage_retry1	H2	zero
conditional	partner	computer	investment	mean	343	8857	3.418969104058736	3.826146367305132	3.801281850294752	3.849503151649933	-0.4071772632463961		conditional_expected_behavior	Full_H2_zero_noage_retry1	H2	zero
generative	partner	computer	high_choice	mean	343	8857	0.4454859472016272	0.5345610618607778	0.5210198387077932	0.5448948179335483	-0.0890751146591505	1.0	replicated_choices	Full_H2_zero_noage_retry1	H2	zero
generative	partner	computer	high_choice	between_participant_sd	343	8857	0.295307388864754	0.1613901205623215	0.1512481341932923	0.1690423662682159	0.1339172683024325	0.0	replicated_choices	Full_H2_zero_noage_retry1	H2	zero
generative	partner	computer	high_choice	all_low_fraction	343	8857	0.0495626822157434	0.0037172011661807	0.0	0.0087463556851311	0.0458454810495626	0.0	replicated_choices	Full_H2_zero_noage_retry1	H2	zero
generative	partner	computer	high_choice	all_high_fraction	343	8857	0.0524781341107871	0.0003790087463556	0.0	0.0029154518950437	0.0520991253644314	0.0	replicated_choices	Full_H2_zero_noage_retry1	H2	zero
generative	partner	computer	investment	mean	343	8857	3.418969104058736	3.833059982995026	3.775243209327603	3.8794847814336855	-0.4140908789362902	1.0	replicated_choices	Full_H2_zero_noage_retry1	H2	zero
generative	partner	computer	investment	between_participant_sd	343	8857	1.3892443512096588	0.8131959902267283	0.7639229803340992	0.8523860725851274	0.5760483609829306	0.0	replicated_choices	Full_H2_zero_noage_retry1	H2	zero
conditional	partner_zero	computer_zero	high_choice	mean	342	3780	0.5310486865311427	0.6767062675960887	0.6698367291025116	0.6840622320521865	-0.1456575810649459		conditional_expected_behavior	Full_H2_zero_noage_retry1	H2	zero
conditional	partner_zero	computer_zero	investment	mean	342	3780	2.382536729027957	3.067251979926982	3.032298586230196	3.1023103050258944	-0.6847152508990249		conditional_expected_behavior	Full_H2_zero_noage_retry1	H2	zero
generative	partner_zero	computer_zero	high_choice	mean	342	3780	0.5310486865311427	0.6776153857919206	0.6607873482105937	0.6933406116300845	-0.1465666992607779	1.0	replicated_choices	Full_H2_zero_noage_retry1	H2	zero
generative	partner_zero	computer_zero	investment	mean	342	3780	2.382536729027957	3.074863371602405	2.9893018742141537	3.154283894711524	-0.6923266425744479	1.0	replicated_choices	Full_H2_zero_noage_retry1	H2	zero
conditional	partner_zero	computer_positive	high_choice	mean	343	5077	0.3832782013904463	0.4272829374583765	0.4219452675747978	0.4324686352044339	-0.0440047360679301		conditional_expected_behavior	Full_H2_zero_noage_retry1	H2	zero
conditional	partner_zero	computer_positive	investment	mean	343	5077	4.192534004706016	4.3878453798886765	4.360736367076084	4.413921005204755	-0.1953113751826602		conditional_expected_behavior	Full_H2_zero_noage_retry1	H2	zero
generative	partner_zero	computer_positive	high_choice	mean	343	5077	0.3832782013904463	0.4286927455440575	0.4113375670126765	0.443348872843224	-0.0454145441536112	1.0	replicated_choices	Full_H2_zero_noage_retry1	H2	zero
generative	partner_zero	computer_positive	investment	mean	343	5077	4.192534004706016	4.39485826596468	4.321586789870318	4.458631995838629	-0.2023242612586635	1.0	replicated_choices	Full_H2_zero_noage_retry1	H2	zero
conditional	offer	0/2	high_choice	mean	342	3794	0.7111066808435229	0.7174277644117558	0.7091502935854954	0.7250132026755751	-0.0063210835682329		conditional_expected_behavior	Full_H2_zero_noage_retry1	H2	zero
conditional	offer	0/2	investment	mean	342	3794	1.4222133616870458	1.4348555288235116	1.4183005871709908	1.4500264053511502	-0.0126421671364658		conditional_expected_behavior	Full_H2_zero_noage_retry1	H2	zero
generative	offer	0/2	high_choice	mean	342	3794	0.7111066808435229	0.7175612336818473	0.7026836345915287	0.7307440265225348	-0.0064545528383244	0.79	replicated_choices	Full_H2_zero_noage_retry1	H2	zero
generative	offer	0/2	investment	mean	342	3794	1.4222133616870458	1.4351224673636946	1.4053672691830574	1.4614880530450696	-0.0129091056766488	0.79	replicated_choices	Full_H2_zero_noage_retry1	H2	zero
conditional	offer	0/4	high_choice	mean	342	3776	0.6926363678556662	0.6868408252917811	0.6792156116114645	0.6946562833632646	0.005795542563885		conditional_expected_behavior	Full_H2_zero_noage_retry1	H2	zero
conditional	offer	0/4	investment	mean	342	3776	2.7705454714226647	2.747363301167125	2.716862446445858	2.7786251334530583	0.0231821702555401		conditional_expected_behavior	Full_H2_zero_noage_retry1	H2	zero
generative	offer	0/4	high_choice	mean	342	3776	0.6926363678556662	0.6871953605604919	0.6726796948178526	0.7024957094968054	0.0054410072951742	0.265	replicated_choices	Full_H2_zero_noage_retry1	H2	zero
generative	offer	0/4	investment	mean	342	3776	2.7705454714226647	2.748781442241968	2.6907187792714105	2.8099828379872216	0.021764029180697	0.265	replicated_choices	Full_H2_zero_noage_retry1	H2	zero
conditional	offer	0/8	high_choice	mean	343	3762	0.633450498319303	0.6337985015340949	0.6255663910940262	0.6417711576488574	-0.0003480032147918		conditional_expected_behavior	Full_H2_zero_noage_retry1	H2	zero
conditional	offer	0/8	investment	mean	343	3762	5.067603986554424	5.070388012272759	5.00453112875221	5.134169261190859	-0.0027840257183351		conditional_expected_behavior	Full_H2_zero_noage_retry1	H2	zero
generative	offer	0/8	high_choice	mean	343	3762	0.633450498319303	0.6348985155595941	0.6164826603183012	0.6540653015999225	-0.001448017240291	0.565	replicated_choices	Full_H2_zero_noage_retry1	H2	zero
generative	offer	0/8	investment	mean	343	3762	5.067603986554424	5.079188124476753	4.93186128254641	5.23252241279938	-0.0115841379223287	0.565	replicated_choices	Full_H2_zero_noage_retry1	H2	zero
conditional	offer	2/4	high_choice	mean	343	3810	0.5873060046529435	0.4615086221526306	0.459001824235832	0.4642613927650569	0.1257973825003128		conditional_expected_behavior	Full_H2_zero_noage_retry1	H2	zero
conditional	offer	2/4	investment	mean	343	3810	3.174612009305887	2.9230172443052607	2.9180036484716623	2.928522785530114	0.2515947650006263		conditional_expected_behavior	Full_H2_zero_noage_retry1	H2	zero
generative	offer	2/4	high_choice	mean	343	3810	0.5873060046529435	0.4619153393577592	0.4453771629245392	0.4804906152318689	0.1253906652951842	0.0	replicated_choices	Full_H2_zero_noage_retry1	H2	zero
generative	offer	2/4	investment	mean	343	3810	3.174612009305887	2.923830678715518	2.890754325849078	2.9609812304637373	0.2507813305903688	0.0	replicated_choices	Full_H2_zero_noage_retry1	H2	zero
conditional	offer	2/8	high_choice	mean	343	7617	0.5228256840663523	0.4102291319338998	0.4036080482365805	0.4168071831137376	0.1125965521324525		conditional_expected_behavior	Full_H2_zero_noage_retry1	H2	zero
conditional	offer	2/8	investment	mean	343	7617	5.136954104398114	4.461374791603399	4.421648289419482	4.500843098682422	0.6755793127947154		conditional_expected_behavior	Full_H2_zero_noage_retry1	H2	zero
generative	offer	2/8	high_choice	mean	343	7617	0.5228256840663523	0.4105737311164246	0.3983084826513133	0.42113094359631	0.1122519529499276	0.0	replicated_choices	Full_H2_zero_noage_retry1	H2	zero
generative	offer	2/8	investment	mean	343	7617	5.136954104398114	4.463442386698548	4.38985089590788	4.526785661577862	0.673511717699566	0.0	replicated_choices	Full_H2_zero_noage_retry1	H2	zero
conditional	offer	4/8	high_choice	mean	343	3801	0.4674831404423241	0.4316838311311036	0.4272346361363677	0.4364168209069821	0.0357993093112204		conditional_expected_behavior	Full_H2_zero_noage_retry1	H2	zero
conditional	offer	4/8	investment	mean	343	3801	5.869932561769296	5.726735324524415	5.708938544545471	5.745667283627929	0.1431972372448813		conditional_expected_behavior	Full_H2_zero_noage_retry1	H2	zero
generative	offer	4/8	high_choice	mean	343	3801	0.4674831404423241	0.432163055481933	0.4147028594987775	0.4481910578084047	0.035320084960391	0.0	replicated_choices	Full_H2_zero_noage_retry1	H2	zero
generative	offer	4/8	investment	mean	343	3801	5.869932561769296	5.7286522219277325	5.658811437995115	5.792764231233617	0.1412803398415638	0.0	replicated_choices	Full_H2_zero_noage_retry1	H2	zero
conditional	run	1	high_choice	mean	343	14066	0.5917688470421905	0.5348837117179456	0.5298038550917048	0.5392058933995316	0.0568851353242448		conditional_expected_behavior	Full_H2_zero_noage_retry1	H2	zero
conditional	run	1	investment	mean	343	14066	4.082216106884758	3.8262974463672297	3.801565304614379	3.8492031884643887	0.2559186605175281		conditional_expected_behavior	Full_H2_zero_noage_retry1	H2	zero
generative	run	1	high_choice	mean	343	14066	0.5917688470421905	0.5351075261867293	0.5273473829202451	0.5431848145891304	0.0566613208554611	0.0	replicated_choices	Full_H2_zero_noage_retry1	H2	zero
generative	run	1	investment	mean	343	14066	4.082216106884758	3.8274913848817738	3.787228326216107	3.867695729438705	0.254724722002984	0.0	replicated_choices	Full_H2_zero_noage_retry1	H2	zero
conditional	trial_block	run1_early	high_choice	mean	343	4666	0.6037099440889528	0.5288243413879008	0.524221170911883	0.5331289680364593	0.074885602701052		conditional_expected_behavior	Full_H2_zero_noage_retry1	H2	zero
conditional	trial_block	run1_early	investment	mean	343	4666	4.208037346521311	3.852801413365263	3.8288516231346006	3.8760714528927736	0.3552359331560484		conditional_expected_behavior	Full_H2_zero_noage_retry1	H2	zero
generative	trial_block	run1_early	high_choice	mean	343	4666	0.6037099440889528	0.5292870140064018	0.5162572971246439	0.544177239184528	0.074422930082551	0.0	replicated_choices	Full_H2_zero_noage_retry1	H2	zero
generative	trial_block	run1_early	investment	mean	343	4666	4.208037346521311	3.856249748793481	3.788863966451428	3.928149559381336	0.3517875977278302	0.0	replicated_choices	Full_H2_zero_noage_retry1	H2	zero
conditional	trial_block	run1_middle	high_choice	mean	343	4710	0.5893709303330295	0.5358112967411066	0.5310379595299997	0.5402956628404829	0.0535596335919228		conditional_expected_behavior	Full_H2_zero_noage_retry1	H2	zero
conditional	trial_block	run1_middle	investment	mean	343	4710	3.9796910572420776	3.7622549103034872	3.738441325593789	3.784943838680996	0.2174361469385903		conditional_expected_behavior	Full_H2_zero_noage_retry1	H2	zero
generative	trial_block	run1_middle	high_choice	mean	343	4710	0.5893709303330295	0.5353564142368807	0.5209980459288036	0.549042035466963	0.0540145160961487	0.0	replicated_choices	Full_H2_zero_noage_retry1	H2	zero
generative	trial_block	run1_middle	investment	mean	343	4710	3.9796910572420776	3.760393964150524	3.6943764059070183	3.8223853260442175	0.2192970930915541	0.0	replicated_choices	Full_H2_zero_noage_retry1	H2	zero
conditional	trial_block	run1_late	high_choice	mean	343	4690	0.5828850449841703	0.5400045439838904	0.5348938289208015	0.5444289301051063	0.0428805010002798		conditional_expected_behavior	Full_H2_zero_noage_retry1	H2	zero
conditional	trial_block	run1_late	investment	mean	343	4690	4.061813405253639	3.863823427771286	3.836187148882519	3.886873509974384	0.1979899774823525		conditional_expected_behavior	Full_H2_zero_noage_retry1	H2	zero
generative	trial_block	run1_late	high_choice	mean	343	4690	0.5828850449841703	0.540676676579009	0.5255437929417521	0.5548996751547772	0.0422083684051612	0.0	replicated_choices	Full_H2_zero_noage_retry1	H2	zero
generative	trial_block	run1_late	investment	mean	343	4690	4.061813405253639	3.865904786175923	3.7927741451939703	3.934478126344015	0.1959086190777155	0.0	replicated_choices	Full_H2_zero_noage_retry1	H2	zero
conditional	run	2	high_choice	mean	304	12494	0.595515903033181	0.5389857940424531	0.534008308486775	0.5439123270144195	0.0565301089907279		conditional_expected_behavior	Full_H2_zero_noage_retry1	H2	zero
conditional	run	2	investment	mean	304	12494	4.119256805197146	3.856483137810691	3.8305316064923143	3.883118090529526	0.2627736673864551		conditional_expected_behavior	Full_H2_zero_noage_retry1	H2	zero
generative	run	2	high_choice	mean	304	12494	0.595515903033181	0.539528053298692	0.5291730717854988	0.5499174622273524	0.055987849734489	0.0	replicated_choices	Full_H2_zero_noage_retry1	H2	zero
generative	run	2	investment	mean	304	12494	4.119256805197146	3.8595644078779623	3.813459640663759	3.9149463379064535	0.2596923973191836	0.0	replicated_choices	Full_H2_zero_noage_retry1	H2	zero
conditional	trial_block	run2_early	high_choice	mean	304	4175	0.5902290691764375	0.5388876562901181	0.533457219560628	0.5434545683063922	0.0513414128863193		conditional_expected_behavior	Full_H2_zero_noage_retry1	H2	zero
conditional	trial_block	run2_early	investment	mean	304	4175	4.077362659270554	3.850688608690852	3.822550503376962	3.877321785044107	0.2266740505797018		conditional_expected_behavior	Full_H2_zero_noage_retry1	H2	zero
generative	trial_block	run2_early	high_choice	mean	304	4175	0.5902290691764375	0.5391879825218641	0.5263115694612407	0.5544713469096697	0.0510410866545734	0.0	replicated_choices	Full_H2_zero_noage_retry1	H2	zero
generative	trial_block	run2_early	investment	mean	304	4175	4.077362659270554	3.853577681090839	3.784683159494015	3.9236967336391664	0.2237849781797147	0.0	replicated_choices	Full_H2_zero_noage_retry1	H2	zero
conditional	trial_block	run2_middle	high_choice	mean	304	4171	0.5975026161703794	0.5416878059323982	0.5364614791992279	0.5469597980069806	0.0558148102379811		conditional_expected_behavior	Full_H2_zero_noage_retry1	H2	zero
conditional	trial_block	run2_middle	investment	mean	304	4171	4.123581024238919	3.866673814060152	3.839067161343545	3.893271980563702	0.2569072101787673		conditional_expected_behavior	Full_H2_zero_noage_retry1	H2	zero
generative	trial_block	run2_middle	high_choice	mean	304	4171	0.5975026161703794	0.5422541442019237	0.5280827332389827	0.5568887257661929	0.0552484719684556	0.0	replicated_choices	Full_H2_zero_noage_retry1	H2	zero
generative	trial_block	run2_middle	investment	mean	304	4171	4.123581024238919	3.8689558957124746	3.800489785707714	3.943930846657	0.2546251285264445	0.0	replicated_choices	Full_H2_zero_noage_retry1	H2	zero
conditional	trial_block	run2_late	high_choice	mean	304	4148	0.5991199042185884	0.5365722002989899	0.5316664377904703	0.5420178768470861	0.0625477039195985		conditional_expected_behavior	Full_H2_zero_noage_retry1	H2	zero
conditional	trial_block	run2_late	investment	mean	304	4148	4.155765469910207	3.850517400555829	3.822933200877472	3.877879653435308	0.305248069354378		conditional_expected_behavior	Full_H2_zero_noage_retry1	H2	zero
generative	trial_block	run2_late	high_choice	mean	304	4148	0.5991199042185884	0.5373772695688814	0.5241173336897023	0.553442991128024	0.0617426346497069	0.0	replicated_choices	Full_H2_zero_noage_retry1	H2	zero
generative	trial_block	run2_late	investment	mean	304	4148	4.155765469910207	3.8548809284648105	3.789817795508585	3.92862001941772	0.300884541445396	0.0	replicated_choices	Full_H2_zero_noage_retry1	H2	zero
conditional	partner_contrast	friend_minus_computer	high_choice	mean	343	17729	0.3421809028192824	0.0034510406736484	0.0021594894208014	0.0047004542071197	0.3387298621456339		conditional_expected_behavior	Full_H2_zero_noage_retry1	H2	zero
conditional	partner_contrast	friend_minus_stranger	high_choice	mean	343	17703	0.2503127869295107	0.0014019405131605	0.000462588369441	0.0025322825034961	0.2489108464163502		conditional_expected_behavior	Full_H2_zero_noage_retry1	H2	zero
conditional	partner_contrast	stranger_minus_computer	high_choice	mean	343	17688	0.0918681158897716	0.0020491001604879	0.0010804717357256	0.0031700861139808	0.0898190157292836		conditional_expected_behavior	Full_H2_zero_noage_retry1	H2	zero
conditional	partner_contrast	friend_minus_computer	investment	mean	343	17729	1.598632136167231	0.0166401887594644	0.0094655420142934	0.0239193385606173	1.5819919474077668		conditional_expected_behavior	Full_H2_zero_noage_retry1	H2	zero
conditional	partner_contrast	friend_minus_stranger	investment	mean	343	17703	1.205205164839252	0.0086092342723574	0.0023169231853486	0.0156180531736824	1.1965959305668945		conditional_expected_behavior	Full_H2_zero_noage_retry1	H2	zero
conditional	partner_contrast	stranger_minus_computer	investment	mean	343	17688	0.3934269713279794	0.0080309544871069	0.0022579453662656	0.014288394712363	0.3853960168408724		conditional_expected_behavior	Full_H2_zero_noage_retry1	H2	zero
generative	partner_contrast	friend_minus_computer	high_choice	mean	343	17729	0.3421809028192824	0.0024845711080805	-0.0102553954141922	0.0181243681927958	0.3396963317112018	0.0	replicated_choices	Full_H2_zero_noage_retry1	H2	zero
generative	partner_contrast	friend_minus_stranger	high_choice	mean	343	17703	0.2503127869295107	0.0015423466747734	-0.0119650569684575	0.0154564242810812	0.2487704402547373	0.0	replicated_choices	Full_H2_zero_noage_retry1	H2	zero
generative	partner_contrast	stranger_minus_computer	high_choice	mean	343	17688	0.0918681158897716	0.0009422244333071	-0.0106533568361263	0.0155632975354106	0.0909258914564645	0.0	replicated_choices	Full_H2_zero_noage_retry1	H2	zero
generative	partner_contrast	friend_minus_computer	investment	mean	343	17729	1.598632136167231	0.0099975302095253	-0.0530633418876517	0.0873010346319509	1.588634605957706	0.0	replicated_choices	Full_H2_zero_noage_retry1	H2	zero
generative	partner_contrast	friend_minus_stranger	investment	mean	343	17703	1.205205164839252	0.00879461238856	-0.056058967604671	0.0791293896227078	1.1964105524506918	0.0	replicated_choices	Full_H2_zero_noage_retry1	H2	zero
generative	partner_contrast	stranger_minus_computer	investment	mean	343	17688	0.3934269713279794	0.0012029178209652	-0.0628212843051393	0.0783032697396718	0.3922240535070141	0.0	replicated_choices	Full_H2_zero_noage_retry1	H2	zero
conditional	all	all	high_choice	mean	343	26560	0.5905291926810862	0.5128510605250979	0.5090024459520113	0.5168673395680863	0.0776781321559882		conditional_expected_behavior	Full_H5_base_noage_retry1	H5	base
conditional	all	all	investment	mean	343	26560	4.084599526820081	3.766528543669172	3.747599436211342	3.78731134300116	0.3180709831509092		conditional_expected_behavior	Full_H5_base_noage_retry1	H5	base
generative	all	all	high_choice	mean	343	26560	0.5905291926810862	0.513545024477229	0.5071200151263807	0.5204603730240497	0.0769841682038571	0.0	replicated_choices	Full_H5_base_noage_retry1	H5	base
generative	all	all	high_choice	between_participant_sd	343	26560	0.21088514038365	0.128786382730687	0.1222906699168823	0.1344644459717838	0.0820987576529629	0.0	replicated_choices	Full_H5_base_noage_retry1	H5	base
generative	all	all	high_choice	all_low_fraction	343	26560	0.0	0.0003644314868804	0.0	0.0029154518950437	-0.0003644314868804	1.0	replicated_choices	Full_H5_base_noage_retry1	H5	base
generative	all	all	high_choice	all_high_fraction	343	26560	0.0204081632653061	0.0	0.0	0.0	0.0204081632653061	0.0	replicated_choices	Full_H5_base_noage_retry1	H5	base
generative	all	all	investment	mean	343	26560	4.084599526820081	3.769376927617533	3.7377851111616582	3.800480215523599	0.3152225992025479	0.0	replicated_choices	Full_H5_base_noage_retry1	H5	base
generative	all	all	investment	between_participant_sd	343	26560	1.0082542702510489	0.6420859506722363	0.6104142840151527	0.668022380945653	0.3661683195788126	0.0	replicated_choices	Full_H5_base_noage_retry1	H5	base
conditional	partner	friend	high_choice	mean	343	8872	0.7876668500209096	0.7539022533890961	0.7461973319181991	0.7602459403548661	0.0337645966318135		conditional_expected_behavior	Full_H5_base_noage_retry1	H5	base
conditional	partner	friend	investment	mean	343	8872	5.017601240225966	4.981186896346195	4.941243356015551	5.012759976519947	0.0364143438797714		conditional_expected_behavior	Full_H5_base_noage_retry1	H5	base
generative	partner	friend	high_choice	mean	343	8872	0.7876668500209096	0.7544449948473556	0.7432637859326086	0.7643399075704056	0.033221855173554	0.0	replicated_choices	Full_H5_base_noage_retry1	H5	base
generative	partner	friend	high_choice	between_participant_sd	343	8872	0.2116234722115117	0.212220414216477	0.2032772156549816	0.2216277463718143	-0.0005969420049652	0.555	replicated_choices	Full_H5_base_noage_retry1	H5	base
generative	partner	friend	high_choice	all_low_fraction	343	8872	0.0029154518950437	0.0021282798833819	0.0	0.0059037900874635	0.0007871720116618	0.56	replicated_choices	Full_H5_base_noage_retry1	H5	base
generative	partner	friend	high_choice	all_high_fraction	343	8872	0.1982507288629737	0.1285860058309038	0.0991253644314868	0.151603498542274	0.0696647230320699	0.0	replicated_choices	Full_H5_base_noage_retry1	H5	base
generative	partner	friend	investment	mean	343	8872	5.017601240225966	4.98252898119447	4.927354772575947	5.029820915139394	0.0350722590314962	0.085	replicated_choices	Full_H5_base_noage_retry1	H5	base
generative	partner	friend	investment	between_participant_sd	343	8872	1.0048808630597643	1.0222217882452471	0.9753545660955082	1.0657343617742108	-0.0173409251854825	0.775	replicated_choices	Full_H5_base_noage_retry1	H5	base
conditional	partner_zero	friend_zero	high_choice	mean	343	3788	0.851088771934253	0.7520622410458515	0.7440770253772956	0.758406390425727	0.0990265308884015		conditional_expected_behavior	Full_H5_base_noage_retry1	H5	base
conditional	partner_zero	friend_zero	investment	mean	343	3788	3.967091153096985	3.6446976434823233	3.6049588155132906	3.679161485504928	0.3223935096146615		conditional_expected_behavior	Full_H5_base_noage_retry1	H5	base
generative	partner_zero	friend_zero	high_choice	mean	343	3788	0.851088771934253	0.7526329612240688	0.738783916318537	0.7675967794353358	0.0984558107101842	0.0	replicated_choices	Full_H5_base_noage_retry1	H5	base
generative	partner_zero	friend_zero	investment	mean	343	3788	3.967091153096985	3.644651773882096	3.579459042738925	3.708700941106189	0.3224393792148894	0.0	replicated_choices	Full_H5_base_noage_retry1	H5	base
conditional	partner_zero	friend_positive	high_choice	mean	343	5084	0.7412779397473276	0.7553109716179581	0.7475250487828063	0.7619985367134919	-0.0140330318706305		conditional_expected_behavior	Full_H5_base_noage_retry1	H5	base
conditional	partner_zero	friend_positive	investment	mean	343	5084	5.804453005692073	5.975888838340572	5.937469903821882	6.007007391340497	-0.1714358326484992		conditional_expected_behavior	Full_H5_base_noage_retry1	H5	base
generative	partner_zero	friend_positive	high_choice	mean	343	5084	0.7412779397473276	0.7557553102873803	0.7431161495210328	0.7660460051367484	-0.0144773705400527	0.985	replicated_choices	Full_H5_base_noage_retry1	H5	base
generative	partner_zero	friend_positive	investment	mean	343	5084	5.804453005692073	5.977802026933222	5.921277158822713	6.029571706233514	-0.1733490212411492	1.0	replicated_choices	Full_H5_base_noage_retry1	H5	base
conditional	partner	stranger	high_choice	mean	343	8831	0.5373540630913989	0.3929169901680189	0.3885103702035526	0.3981073865278076	0.1444370729233799		conditional_expected_behavior	Full_H5_base_noage_retry1	H5	base
conditional	partner	stranger	investment	mean	343	8831	3.812396075386715	3.162848298079398	3.1396583504478284	3.1889764114409496	0.6495477773073173		conditional_expected_behavior	Full_H5_base_noage_retry1	H5	base
generative	partner	stranger	high_choice	mean	343	8831	0.5373540630913989	0.3933288526490631	0.3820648707761646	0.4049039506136108	0.1440252104423357	0.0	replicated_choices	Full_H5_base_noage_retry1	H5	base
generative	partner	stranger	high_choice	between_participant_sd	343	8831	0.2765932948806203	0.1585158875079669	0.1505675221078015	0.1669239258301114	0.1180774073726533	0.0	replicated_choices	Full_H5_base_noage_retry1	H5	base
generative	partner	stranger	high_choice	all_low_fraction	343	8831	0.0174927113702623	0.0177405247813411	0.0058309037900874	0.0291545189504373	-0.0002478134110787	0.58	replicated_choices	Full_H5_base_noage_retry1	H5	base
generative	partner	stranger	high_choice	all_high_fraction	343	8831	0.0670553935860058	0.0003935860058309	0.0	0.0029154518950437	0.0666618075801749	0.0	replicated_choices	Full_H5_base_noage_retry1	H5	base
generative	partner	stranger	investment	mean	343	8831	3.812396075386715	3.164755889744256	3.0997619381690344	3.221945309662592	0.6476401856424592	0.0	replicated_choices	Full_H5_base_noage_retry1	H5	base
generative	partner	stranger	investment	between_participant_sd	343	8831	1.3184566168570453	0.793356110747841	0.7488541125507424	0.8439780727132633	0.5251005061092043	0.0	replicated_choices	Full_H5_base_noage_retry1	H5	base
conditional	partner_zero	stranger_zero	high_choice	mean	342	3764	0.65507487152224	0.3946278876999463	0.3899333507006902	0.3993375723628796	0.2604469838222936		conditional_expected_behavior	Full_H5_base_noage_retry1	H5	base
conditional	partner_zero	stranger_zero	investment	mean	342	3764	2.895398428731762	1.7392328108384156	1.713521820366258	1.7643483649142977	1.1561656178933462		conditional_expected_behavior	Full_H5_base_noage_retry1	H5	base
generative	partner_zero	stranger_zero	high_choice	mean	342	3764	0.65507487152224	0.3942779771398192	0.3775870732175558	0.410403431242247	0.2607968943824207	0.0	replicated_choices	Full_H5_base_noage_retry1	H5	base
generative	partner_zero	stranger_zero	investment	mean	342	3764	2.895398428731762	1.7376941490932716	1.653473292870224	1.8097706228956223	1.1577042796384902	0.0	replicated_choices	Full_H5_base_noage_retry1	H5	base
conditional	partner_zero	stranger_positive	high_choice	mean	343	5067	0.4505417687268999	0.3917109767794421	0.3872018257350787	0.397037492258755	0.0588307919474577		conditional_expected_behavior	Full_H5_base_noage_retry1	H5	base
conditional	partner_zero	stranger_positive	investment	mean	343	5067	4.489744779030493	4.212886550720413	4.190369438257731	4.238486028574194	0.27685822831008		conditional_expected_behavior	Full_H5_base_noage_retry1	H5	base
generative	partner_zero	stranger_positive	high_choice	mean	343	5067	0.4505417687268999	0.3925951492021099	0.3776290631137571	0.407487110193014	0.0579466195247899	0.0	replicated_choices	Full_H5_base_noage_retry1	H5	base
generative	partner_zero	stranger_positive	investment	mean	343	5067	4.489744779030493	4.216938034875717	4.134072072242628	4.290174489019242	0.2728067441547761	0.0	replicated_choices	Full_H5_base_noage_retry1	H5	base
conditional	partner	computer	high_choice	mean	343	8857	0.4454859472016272	0.3903549679987004	0.3858959275058329	0.3957366026890018	0.0551309792029267		conditional_expected_behavior	Full_H5_base_noage_retry1	H5	base
conditional	partner	computer	investment	mean	343	8857	3.418969104058736	3.1505191779774866	3.1262547944360395	3.178440063142287	0.2684499260812494		conditional_expected_behavior	Full_H5_base_noage_retry1	H5	base
generative	partner	computer	high_choice	mean	343	8857	0.4454859472016272	0.3914974806023971	0.3798941809177896	0.4022521958256007	0.05398846659923	0.0	replicated_choices	Full_H5_base_noage_retry1	H5	base
generative	partner	computer	high_choice	between_participant_sd	343	8857	0.295307388864754	0.1602513233553252	0.1517772171647227	0.1685107671936997	0.1350560655094288	0.0	replicated_choices	Full_H5_base_noage_retry1	H5	base
generative	partner	computer	high_choice	all_low_fraction	343	8857	0.0495626822157434	0.0183527696793002	0.0058309037900874	0.0291545189504373	0.0312099125364431	0.0	replicated_choices	Full_H5_base_noage_retry1	H5	base
generative	partner	computer	high_choice	all_high_fraction	343	8857	0.0524781341107871	0.0004227405247813	0.0	0.0029154518950437	0.0520553935860058	0.0	replicated_choices	Full_H5_base_noage_retry1	H5	base
generative	partner	computer	investment	mean	343	8857	3.418969104058736	3.1560306749953098	3.1001916769079685	3.21401432617786	0.2629384290634262	0.0	replicated_choices	Full_H5_base_noage_retry1	H5	base
generative	partner	computer	investment	between_participant_sd	343	8857	1.3892443512096588	0.7981918509201452	0.7529182620650127	0.8525560444705846	0.5910525002895136	0.0	replicated_choices	Full_H5_base_noage_retry1	H5	base
conditional	partner_zero	computer_zero	high_choice	mean	342	3780	0.5310486865311427	0.3907880565998334	0.3864419119736543	0.3958667088738321	0.1402606299313092		conditional_expected_behavior	Full_H5_base_noage_retry1	H5	base
conditional	partner_zero	computer_zero	investment	mean	342	3780	2.382536729027957	1.7255818351701666	1.7016433467364054	1.752617595600672	0.6569548938577905		conditional_expected_behavior	Full_H5_base_noage_retry1	H5	base
generative	partner_zero	computer_zero	high_choice	mean	342	3780	0.5310486865311427	0.3918575030800907	0.3761286528611091	0.4067192154418033	0.1391911834510519	0.0	replicated_choices	Full_H5_base_noage_retry1	H5	base
generative	partner_zero	computer_zero	investment	mean	342	3780	2.382536729027957	1.730613074141583	1.648153242955875	1.8063624707813308	0.651923654886374	0.0	replicated_choices	Full_H5_base_noage_retry1	H5	base
conditional	partner_zero	computer_positive	high_choice	mean	343	5077	0.3832782013904463	0.3900987879169804	0.3857190543519335	0.3957639745400657	-0.006820586526534		conditional_expected_behavior	Full_H5_base_noage_retry1	H5	base
conditional	partner_zero	computer_positive	investment	mean	343	5077	4.192534004706016	4.206250282281024	4.183420613748065	4.233079696012393	-0.0137162775750079		conditional_expected_behavior	Full_H5_base_noage_retry1	H5	base
generative	partner_zero	computer_positive	high_choice	mean	343	5077	0.3832782013904463	0.3913738208260803	0.3784638678862441	0.404815285742764	-0.0080956194356339	0.885	replicated_choices	Full_H5_base_noage_retry1	H5	base
generative	partner_zero	computer_positive	investment	mean	343	5077	4.192534004706016	4.212544212792391	4.146212235286579	4.2707220237650265	-0.0200102080863748	0.71	replicated_choices	Full_H5_base_noage_retry1	H5	base
conditional	offer	0/2	high_choice	mean	342	3794	0.7111066808435229	0.5195537771457008	0.5164708938897223	0.5222599144411368	0.191552903697822		conditional_expected_behavior	Full_H5_base_noage_retry1	H5	base
conditional	offer	0/2	investment	mean	342	3794	1.4222133616870458	1.0391075542914017	1.032941787779445	1.0445198288822737	0.3831058073956441		conditional_expected_behavior	Full_H5_base_noage_retry1	H5	base
generative	offer	0/2	high_choice	mean	342	3794	0.7111066808435229	0.5203922411246973	0.5028310886644223	0.5354521457262689	0.1907144397188256	0.0	replicated_choices	Full_H5_base_noage_retry1	H5	base
generative	offer	0/2	investment	mean	342	3794	1.4222133616870458	1.0407844822493946	1.0056621773288446	1.0709042914525375	0.3814288794376512	0.0	replicated_choices	Full_H5_base_noage_retry1	H5	base
conditional	offer	0/4	high_choice	mean	342	3776	0.6926363678556662	0.516931452089923	0.5127893301534884	0.5204924300266687	0.1757049157657432		conditional_expected_behavior	Full_H5_base_noage_retry1	H5	base
conditional	offer	0/4	investment	mean	342	3776	2.7705454714226647	2.067725808359692	2.051157320613953	2.0819697201066747	0.7028196630629728		conditional_expected_behavior	Full_H5_base_noage_retry1	H5	base
generative	offer	0/4	high_choice	mean	342	3776	0.6926363678556662	0.5174336303722269	0.5043494679459587	0.5328666046429206	0.1752027374834392	0.0	replicated_choices	Full_H5_base_noage_retry1	H5	base
generative	offer	0/4	investment	mean	342	3776	2.7705454714226647	2.069734521488908	2.017397871783835	2.1314664185716823	0.7008109499337571	0.0	replicated_choices	Full_H5_base_noage_retry1	H5	base
conditional	offer	0/8	high_choice	mean	343	3762	0.633450498319303	0.5031244964786292	0.4979361077168059	0.5086859610331816	0.1303260018406737		conditional_expected_behavior	Full_H5_base_noage_retry1	H5	base
conditional	offer	0/8	investment	mean	343	3762	5.067603986554424	4.024995971829034	3.9834888617344473	4.069487688265453	1.0426080147253902		conditional_expected_behavior	Full_H5_base_noage_retry1	H5	base
generative	offer	0/8	high_choice	mean	343	3762	0.633450498319303	0.5030630997606217	0.4875305402000009	0.5185448192882596	0.1303873985586813	0.0	replicated_choices	Full_H5_base_noage_retry1	H5	base
generative	offer	0/8	investment	mean	343	3762	5.067603986554424	4.0245047980849735	3.9002443216000073	4.148358554306077	1.0430991884694505	0.0	replicated_choices	Full_H5_base_noage_retry1	H5	base
conditional	offer	2/4	high_choice	mean	343	3810	0.5873060046529435	0.5184685548714109	0.5156765398258893	0.5211610700565209	0.0688374497815326		conditional_expected_behavior	Full_H5_base_noage_retry1	H5	base
conditional	offer	2/4	investment	mean	343	3810	3.174612009305887	3.036937109742821	3.03135307965178	3.042322140113042	0.1376748995630654		conditional_expected_behavior	Full_H5_base_noage_retry1	H5	base
generative	offer	2/4	high_choice	mean	343	3810	0.5873060046529435	0.51927905565442	0.5047128511268456	0.5355234876882106	0.0680269489985234	0.0	replicated_choices	Full_H5_base_noage_retry1	H5	base
generative	offer	2/4	investment	mean	343	3810	3.174612009305887	3.0385581113088405	3.009425702253691	3.0710469753764187	0.1360538979970464	0.0	replicated_choices	Full_H5_base_noage_retry1	H5	base
conditional	offer	2/8	high_choice	mean	343	7617	0.5228256840663523	0.5084038808141101	0.5036284111008739	0.5134162966917899	0.0144218032522421		conditional_expected_behavior	Full_H5_base_noage_retry1	H5	base
conditional	offer	2/8	investment	mean	343	7617	5.136954104398114	5.050423284884661	5.0217704666052425	5.080497780150741	0.0865308195134533		conditional_expected_behavior	Full_H5_base_noage_retry1	H5	base
generative	offer	2/8	high_choice	mean	343	7617	0.5228256840663523	0.5093823552299616	0.4969120533985335	0.5200961286347402	0.0134433288363907	0.01	replicated_choices	Full_H5_base_noage_retry1	H5	base
generative	offer	2/8	investment	mean	343	7617	5.136954104398114	5.056294131379769	4.981472320391202	5.120576771808439	0.0806599730183457	0.01	replicated_choices	Full_H5_base_noage_retry1	H5	base
conditional	offer	4/8	high_choice	mean	343	3801	0.4674831404423241	0.5155520714327337	0.5116181571235758	0.5194688528361998	-0.0480689309904096		conditional_expected_behavior	Full_H5_base_noage_retry1	H5	base
conditional	offer	4/8	investment	mean	343	3801	5.869932561769296	6.062208285730935	6.046472628494301	6.077875411344797	-0.1922757239616386		conditional_expected_behavior	Full_H5_base_noage_retry1	H5	base
generative	offer	4/8	high_choice	mean	343	3801	0.4674831404423241	0.5163536273816886	0.503554016844833	0.5290358026327413	-0.0488704869393644	1.0	replicated_choices	Full_H5_base_noage_retry1	H5	base
generative	offer	4/8	investment	mean	343	3801	5.869932561769296	6.065414509526754	6.014216067379336	6.116143210530968	-0.1954819477574574	1.0	replicated_choices	Full_H5_base_noage_retry1	H5	base
conditional	run	1	high_choice	mean	343	14066	0.5917688470421905	0.5123334690478909	0.5083702365738959	0.5161614058946943	0.0794353779942995		conditional_expected_behavior	Full_H5_base_noage_retry1	H5	base
conditional	run	1	investment	mean	343	14066	4.082216106884758	3.757932901933527	3.73817666044939	3.778013446882954	0.324283204951231		conditional_expected_behavior	Full_H5_base_noage_retry1	H5	base
generative	run	1	high_choice	mean	343	14066	0.5917688470421905	0.5131101590425918	0.5051158479029446	0.5203679571950228	0.0786586879995986	0.0	replicated_choices	Full_H5_base_noage_retry1	H5	base
generative	run	1	investment	mean	343	14066	4.082216106884758	3.7613358451857617	3.724822559943692	3.797313630995054	0.3208802616989961	0.0	replicated_choices	Full_H5_base_noage_retry1	H5	base
conditional	trial_block	run1_early	high_choice	mean	343	4666	0.6037099440889528	0.5119776785420789	0.5079659226502143	0.5160436827906402	0.0917322655468739		conditional_expected_behavior	Full_H5_base_noage_retry1	H5	base
conditional	trial_block	run1_early	investment	mean	343	4666	4.208037346521311	3.822251465016632	3.80191680338506	3.8438748801376015	0.3857858815046793		conditional_expected_behavior	Full_H5_base_noage_retry1	H5	base
generative	trial_block	run1_early	high_choice	mean	343	4666	0.6037099440889528	0.5127403682323507	0.4987496347190224	0.5231901055698432	0.0909695758566021	0.0	replicated_choices	Full_H5_base_noage_retry1	H5	base
generative	trial_block	run1_early	investment	mean	343	4666	4.208037346521311	3.82563365448934	3.759592545452604	3.878059209983408	0.3824036920319718	0.0	replicated_choices	Full_H5_base_noage_retry1	H5	base
conditional	trial_block	run1_middle	high_choice	mean	343	4710	0.5893709303330295	0.5152193601916197	0.5111624295986542	0.5193067159462872	0.0741515701414097		conditional_expected_behavior	Full_H5_base_noage_retry1	H5	base
conditional	trial_block	run1_middle	investment	mean	343	4710	3.9796910572420776	3.711731468064678	3.691596358450144	3.7319183996085497	0.2679595891773996		conditional_expected_behavior	Full_H5_base_noage_retry1	H5	base
generative	trial_block	run1_middle	high_choice	mean	343	4710	0.5893709303330295	0.515821506724568	0.5050031394747134	0.528814003052341	0.0735494236084615	0.0	replicated_choices	Full_H5_base_noage_retry1	H5	base
generative	trial_block	run1_middle	investment	mean	343	4710	3.9796910572420776	3.713453523638655	3.6589225157738254	3.781747127993484	0.266237533603423	0.0	replicated_choices	Full_H5_base_noage_retry1	H5	base
conditional	trial_block	run1_late	high_choice	mean	343	4690	0.5828850449841703	0.5097685903258288	0.5056646547932468	0.5141248855351849	0.0731164546583414		conditional_expected_behavior	Full_H5_base_noage_retry1	H5	base
conditional	trial_block	run1_late	investment	mean	343	4690	4.061813405253639	3.7402926615448586	3.7183348116371366	3.764148439846092	0.3215207437087799		conditional_expected_behavior	Full_H5_base_noage_retry1	H5	base
generative	trial_block	run1_late	high_choice	mean	343	4690	0.5828850449841703	0.5107785824476787	0.4982425955968234	0.5243913059729387	0.0721064625364915	0.0	replicated_choices	Full_H5_base_noage_retry1	H5	base
generative	trial_block	run1_late	investment	mean	343	4690	4.061813405253639	3.745743389749221	3.685276649977814	3.81084293015051	0.316070015504418	0.0	replicated_choices	Full_H5_base_noage_retry1	H5	base
conditional	run	2	high_choice	mean	304	12494	0.595515903033181	0.5162173871703394	0.512584862990987	0.5206629207619612	0.0792985158628416		conditional_expected_behavior	Full_H5_base_noage_retry1	H5	base
conditional	run	2	investment	mean	304	12494	4.119256805197146	3.787860873075663	3.76978364567535	3.810519176839184	0.3313959321214836		conditional_expected_behavior	Full_H5_base_noage_retry1	H5	base
generative	run	2	high_choice	mean	304	12494	0.595515903033181	0.5168583444858694	0.5084672927305942	0.5252059736559218	0.0786575585473116	0.0	replicated_choices	Full_H5_base_noage_retry1	H5	base
generative	run	2	investment	mean	304	12494	4.119256805197146	3.7904439297637538	3.745206736247122	3.829128435369832	0.3288128754333925	0.0	replicated_choices	Full_H5_base_noage_retry1	H5	base
conditional	trial_block	run2_early	high_choice	mean	304	4175	0.5902290691764375	0.5116165887123014	0.507537241283234	0.5160217319235797	0.078612480464136		conditional_expected_behavior	Full_H5_base_noage_retry1	H5	base
conditional	trial_block	run2_early	investment	mean	304	4175	4.077362659270554	3.7422489553619434	3.722100218027735	3.764668400325354	0.3351137039086111		conditional_expected_behavior	Full_H5_base_noage_retry1	H5	base
generative	trial_block	run2_early	high_choice	mean	304	4175	0.5902290691764375	0.5121999636876281	0.4995496841426118	0.5257053541305187	0.0780291054888093	0.0	replicated_choices	Full_H5_base_noage_retry1	H5	base
generative	trial_block	run2_early	investment	mean	304	4175	4.077362659270554	3.745405849085125	3.6823006215275966	3.806908215140124	0.3319568101854284	0.0	replicated_choices	Full_H5_base_noage_retry1	H5	base
conditional	trial_block	run2_middle	high_choice	mean	304	4171	0.5975026161703794	0.5181252375770142	0.5143072222900678	0.5226605893461742	0.0793773785933651		conditional_expected_behavior	Full_H5_base_noage_retry1	H5	base
conditional	trial_block	run2_middle	investment	mean	304	4171	4.123581024238919	3.8035337419667674	3.7852724050034343	3.827062630484455	0.3200472822721525		conditional_expected_behavior	Full_H5_base_noage_retry1	H5	base
generative	trial_block	run2_middle	high_choice	mean	304	4171	0.5975026161703794	0.5186725501289645	0.5053286294754223	0.5327795288136568	0.0788300660414148	0.0	replicated_choices	Full_H5_base_noage_retry1	H5	base
generative	trial_block	run2_middle	investment	mean	304	4171	4.123581024238919	3.8050539872225726	3.7351641350243328	3.873605579362161	0.3185270370163464	0.0	replicated_choices	Full_H5_base_noage_retry1	H5	base
conditional	trial_block	run2_late	high_choice	mean	304	4148	0.5991199042185884	0.5191900637433072	0.515280977991547	0.5236059372179779	0.0799298404752811		conditional_expected_behavior	Full_H5_base_noage_retry1	H5	base
conditional	trial_block	run2_late	investment	mean	304	4148	4.155765469910207	3.817596164077851	3.797236950265247	3.8394514161393514	0.3381693058323556		conditional_expected_behavior	Full_H5_base_noage_retry1	H5	base
generative	trial_block	run2_late	high_choice	mean	304	4148	0.5991199042185884	0.5200146577654801	0.5054156972413547	0.5335595763885237	0.0791052464531083	0.0	replicated_choices	Full_H5_base_noage_retry1	H5	base
generative	trial_block	run2_late	investment	mean	304	4148	4.155765469910207	3.8208448912198905	3.744722733406945	3.8867348441032656	0.334920578690316	0.0	replicated_choices	Full_H5_base_noage_retry1	H5	base
conditional	partner_contrast	friend_minus_computer	high_choice	mean	343	17729	0.3421809028192824	0.3635472853903957	0.3529635022664544	0.3725996426974696	-0.0213663825711133		conditional_expected_behavior	Full_H5_base_noage_retry1	H5	base
conditional	partner_contrast	friend_minus_stranger	high_choice	mean	343	17703	0.2503127869295107	0.3609852632210772	0.3505432336831308	0.3696891967699214	-0.1106724762915664		conditional_expected_behavior	Full_H5_base_noage_retry1	H5	base
conditional	partner_contrast	stranger_minus_computer	high_choice	mean	343	17688	0.0918681158897716	0.0025620221693184	0.0016963684129315	0.0035631330069574	0.0893060937204532		conditional_expected_behavior	Full_H5_base_noage_retry1	H5	base
conditional	partner_contrast	friend_minus_computer	investment	mean	343	17729	1.598632136167231	1.830667718368708	1.778531902779522	1.8747840873080943	-0.2320355822014763		conditional_expected_behavior	Full_H5_base_noage_retry1	H5	base
conditional	partner_contrast	friend_minus_stranger	investment	mean	343	17703	1.205205164839252	1.818338598266796	1.767881254298064	1.862222308055123	-0.613133433427544		conditional_expected_behavior	Full_H5_base_noage_retry1	H5	base
conditional	partner_contrast	stranger_minus_computer	investment	mean	343	17688	0.3934269713279794	0.0123291201019116	0.0070545703931288	0.0175470623700049	0.3810978512260677		conditional_expected_behavior	Full_H5_base_noage_retry1	H5	base
generative	partner_contrast	friend_minus_computer	high_choice	mean	343	17729	0.3421809028192824	0.3629475142449587	0.3470143552518387	0.3791220137664162	-0.0207666114256763	0.995	replicated_choices	Full_H5_base_noage_retry1	H5	base
generative	partner_contrast	friend_minus_stranger	high_choice	mean	343	17703	0.2503127869295107	0.3611161421982928	0.3469287521508863	0.3771610951199881	-0.110803355268782	1.0	replicated_choices	Full_H5_base_noage_retry1	H5	base
generative	partner_contrast	stranger_minus_computer	high_choice	mean	343	17688	0.0918681158897716	0.0018313720466659	-0.0118315300781534	0.0161629988872993	0.0900367438431056	0.0	replicated_choices	Full_H5_base_noage_retry1	H5	base
generative	partner_contrast	friend_minus_computer	investment	mean	343	17729	1.598632136167231	1.82649830619916	1.7541180961540397	1.9083179213251444	-0.2278661700319284	1.0	replicated_choices	Full_H5_base_noage_retry1	H5	base
generative	partner_contrast	friend_minus_stranger	investment	mean	343	17703	1.205205164839252	1.8177730914502144	1.7462033441700486	1.8887245454241084	-0.6125679266109623	1.0	replicated_choices	Full_H5_base_noage_retry1	H5	base
generative	partner_contrast	stranger_minus_computer	investment	mean	343	17688	0.3934269713279794	0.0087252147489456	-0.0619935773085845	0.0809314330283568	0.3847017565790337	0.0	replicated_choices	Full_H5_base_noage_retry1	H5	base
conditional	all	all	high_choice	mean	343	26560	0.5905291926810862	0.5550810756483784	0.5511545370593801	0.5598309815667099	0.0354481170327077		conditional_expected_behavior	Full_H5_zero_noage	H5	zero
conditional	all	all	investment	mean	343	26560	4.084599526820081	3.9203421158925225	3.899860817504412	3.944482349323942	0.1642574109275583		conditional_expected_behavior	Full_H5_zero_noage	H5	zero
generative	all	all	high_choice	mean	343	26560	0.5905291926810862	0.5560820675412117	0.5497325625434911	0.5628643924270222	0.0344471251398744	0.0	replicated_choices	Full_H5_zero_noage	H5	zero
generative	all	all	high_choice	between_participant_sd	343	26560	0.21088514038365	0.1593764086695477	0.1539337110320867	0.1652996060601341	0.0515087317141022	0.0	replicated_choices	Full_H5_zero_noage	H5	zero
generative	all	all	high_choice	all_low_fraction	343	26560	0.0	0.0004810495626822	0.0	0.0029154518950437	-0.0004810495626822	1.0	replicated_choices	Full_H5_zero_noage	H5	zero
generative	all	all	high_choice	all_high_fraction	343	26560	0.0204081632653061	4.373177842565598e-05	0.0	0.0	0.0203644314868804	0.0	replicated_choices	Full_H5_zero_noage	H5	zero
generative	all	all	investment	mean	343	26560	4.084599526820081	3.924866958452944	3.8962811256385472	3.954315586141622	0.1597325683671373	0.0	replicated_choices	Full_H5_zero_noage	H5	zero
generative	all	all	investment	between_participant_sd	343	26560	1.0082542702510489	0.7959685119011977	0.7708061892453378	0.8251602402809999	0.2122857583498512	0.0	replicated_choices	Full_H5_zero_noage	H5	zero
conditional	partner	friend	high_choice	mean	343	8872	0.7876668500209096	0.767792328352104	0.761233642558242	0.7735372961700195	0.0198745216688056		conditional_expected_behavior	Full_H5_zero_noage	H5	zero
conditional	partner	friend	investment	mean	343	8872	5.017601240225966	4.997606780170702	4.965333776803032	5.026466871250271	0.0199944600552646		conditional_expected_behavior	Full_H5_zero_noage	H5	zero
generative	partner	friend	high_choice	mean	343	8872	0.7876668500209096	0.7688467384761682	0.7587619632599554	0.777172371427493	0.0188201115447413	0.0	replicated_choices	Full_H5_zero_noage	H5	zero
generative	partner	friend	high_choice	between_participant_sd	343	8872	0.2116234722115117	0.2061862241922714	0.1980600956055736	0.2156492464610482	0.0054372480192402	0.13	replicated_choices	Full_H5_zero_noage	H5	zero
generative	partner	friend	high_choice	all_low_fraction	343	8872	0.0029154518950437	0.0018658892128279	0.0	0.0058309037900874	0.0010495626822157	0.545	replicated_choices	Full_H5_zero_noage	H5	zero
generative	partner	friend	high_choice	all_high_fraction	343	8872	0.1982507288629737	0.1379737609329446	0.1107142857142857	0.1634110787172011	0.0602769679300291	0.0	replicated_choices	Full_H5_zero_noage	H5	zero
generative	partner	friend	investment	mean	343	8872	5.017601240225966	5.0018780819605375	4.954326187132962	5.0396139646643	0.0157231582654286	0.26	replicated_choices	Full_H5_zero_noage	H5	zero
generative	partner	friend	investment	between_participant_sd	343	8872	1.0048808630597643	1.0071217175469425	0.9657988084023734	1.054849489143072	-0.0022408544871779	0.53	replicated_choices	Full_H5_zero_noage	H5	zero
conditional	partner_zero	friend_zero	high_choice	mean	343	3788	0.851088771934253	0.8451388033148223	0.8379490539772931	0.8513510060299166	0.0059499686194307		conditional_expected_behavior	Full_H5_zero_noage	H5	zero
conditional	partner_zero	friend_zero	investment	mean	343	3788	3.967091153096985	3.9741529687006167	3.938537398855543	4.005310540066829	-0.0070618156036319		conditional_expected_behavior	Full_H5_zero_noage	H5	zero
generative	partner_zero	friend_zero	high_choice	mean	343	3788	0.851088771934253	0.8460488143618607	0.8332731653267365	0.8570652879271682	0.0050399575723922	0.195	replicated_choices	Full_H5_zero_noage	H5	zero
generative	partner_zero	friend_zero	investment	mean	343	3788	3.967091153096985	3.9767740682543935	3.9190940906356393	4.033293934766241	-0.0096829151574087	0.64	replicated_choices	Full_H5_zero_noage	H5	zero
conditional	partner_zero	friend_positive	high_choice	mean	343	5084	0.7412779397473276	0.7104356806514376	0.7024125850330565	0.7184171807933	0.03084225909589		conditional_expected_behavior	Full_H5_zero_noage	H5	zero
conditional	partner_zero	friend_positive	investment	mean	343	5084	5.804453005692073	5.760789163492467	5.72164244276322	5.800010606535485	0.0436638421996065		conditional_expected_behavior	Full_H5_zero_noage	H5	zero
generative	partner_zero	friend_positive	high_choice	mean	343	5084	0.7412779397473276	0.7115139004581426	0.6974226884631405	0.7240964268360406	0.029764039289185	0.0	replicated_choices	Full_H5_zero_noage	H5	zero
generative	partner_zero	friend_positive	investment	mean	343	5084	5.804453005692073	5.765782364986811	5.702542517006803	5.817806122448981	0.0386706407052619	0.085	replicated_choices	Full_H5_zero_noage	H5	zero
conditional	partner	stranger	high_choice	mean	343	8831	0.5373540630913989	0.449607293090615	0.4446559421912688	0.4547506011136922	0.0877467700007838		conditional_expected_behavior	Full_H5_zero_noage	H5	zero
conditional	partner	stranger	investment	mean	343	8831	3.812396075386715	3.385808757698749	3.359401711128133	3.413953552791937	0.4265873176879662		conditional_expected_behavior	Full_H5_zero_noage	H5	zero
generative	partner	stranger	high_choice	mean	343	8831	0.5373540630913989	0.4504532364200081	0.4408593899234975	0.4602941303666504	0.0869008266713907	0.0	replicated_choices	Full_H5_zero_noage	H5	zero
generative	partner	stranger	high_choice	between_participant_sd	343	8831	0.2765932948806203	0.196952256253663	0.1889051039889988	0.2056915259683362	0.0796410386269572	0.0	replicated_choices	Full_H5_zero_noage	H5	zero
generative	partner	stranger	high_choice	all_low_fraction	343	8831	0.0174927113702623	0.0180758017492711	0.0087463556851311	0.0291545189504373	-0.0005830903790087	0.63	replicated_choices	Full_H5_zero_noage	H5	zero
generative	partner	stranger	high_choice	all_high_fraction	343	8831	0.0670553935860058	0.0004227405247813	0.0	0.0029154518950437	0.0666326530612245	0.0	replicated_choices	Full_H5_zero_noage	H5	zero
generative	partner	stranger	investment	mean	343	8831	3.812396075386715	3.3894337775905843	3.339973984908926	3.4358179590058966	0.4229622977961309	0.0	replicated_choices	Full_H5_zero_noage	H5	zero
generative	partner	stranger	investment	between_participant_sd	343	8831	1.3184566168570453	0.9873147039127756	0.9442446880636948	1.0297919068368748	0.3311419129442697	0.0	replicated_choices	Full_H5_zero_noage	H5	zero
conditional	partner_zero	stranger_zero	high_choice	mean	342	3764	0.65507487152224	0.5988396435192566	0.5915675869529556	0.6074217293409311	0.0562352280029834		conditional_expected_behavior	Full_H5_zero_noage	H5	zero
conditional	partner_zero	stranger_zero	investment	mean	342	3764	2.895398428731762	2.6051902161064624	2.5689965803829224	2.648251148431784	0.2902082126252994		conditional_expected_behavior	Full_H5_zero_noage	H5	zero
generative	partner_zero	stranger_zero	high_choice	mean	342	3764	0.65507487152224	0.5999072301967037	0.5835224872998995	0.6147775451887291	0.0551676413255363	0.0	replicated_choices	Full_H5_zero_noage	H5	zero
generative	partner_zero	stranger_zero	investment	mean	342	3764	2.895398428731762	2.6097819939157647	2.5369687001594903	2.6808098529151145	0.2856164348159971	0.0	replicated_choices	Full_H5_zero_noage	H5	zero
conditional	partner_zero	stranger_positive	high_choice	mean	343	5067	0.4505417687268999	0.3393430327137596	0.3346473361988804	0.3446662900344019	0.1111987360131402		conditional_expected_behavior	Full_H5_zero_noage	H5	zero
conditional	partner_zero	stranger_positive	investment	mean	343	5067	4.489744779030493	3.960065041231153	3.9377173433303434	3.9855190761191497	0.5296797377993405		conditional_expected_behavior	Full_H5_zero_noage	H5	zero
generative	partner_zero	stranger_positive	high_choice	mean	343	5067	0.4505417687268999	0.3399324942550161	0.3282725601657819	0.3540186684064235	0.1106092744718837	0.0	replicated_choices	Full_H5_zero_noage	H5	zero
generative	partner_zero	stranger_positive	investment	mean	343	5067	4.489744779030493	3.962639976156011	3.896426149773453	4.028199416594099	0.5271048028744825	0.0	replicated_choices	Full_H5_zero_noage	H5	zero
conditional	partner	computer	high_choice	mean	343	8857	0.4454859472016272	0.4464324307707261	0.4413669316747429	0.4515456393812435	-0.0009464835690989		conditional_expected_behavior	Full_H5_zero_noage	H5	zero
conditional	partner	computer	investment	mean	343	8857	3.418969104058736	3.372144916189518	3.345946041907953	3.3988857876281515	0.0468241878692179		conditional_expected_behavior	Full_H5_zero_noage	H5	zero
generative	partner	computer	high_choice	mean	343	8857	0.4454859472016272	0.4475916092303797	0.4362447068432893	0.4568580103597301	-0.0021056620287525	0.67	replicated_choices	Full_H5_zero_noage	H5	zero
generative	partner	computer	high_choice	between_participant_sd	343	8857	0.295307388864754	0.199197524224993	0.191782854205487	0.2074860840092343	0.096109864639761	0.0	replicated_choices	Full_H5_zero_noage	H5	zero
generative	partner	computer	high_choice	all_low_fraction	343	8857	0.0495626822157434	0.0190233236151603	0.0087463556851311	0.0291545189504373	0.030539358600583	0.0	replicated_choices	Full_H5_zero_noage	H5	zero
generative	partner	computer	high_choice	all_high_fraction	343	8857	0.0524781341107871	0.0004956268221574	0.0	0.0029154518950437	0.0519825072886297	0.0	replicated_choices	Full_H5_zero_noage	H5	zero
generative	partner	computer	investment	mean	343	8857	3.418969104058736	3.3782711835267105	3.31970390696564	3.426372129171894	0.0406979205320254	0.05	replicated_choices	Full_H5_zero_noage	H5	zero
generative	partner	computer	investment	between_participant_sd	343	8857	1.3892443512096588	0.9950831802184268	0.953463883686718	1.0419866849056834	0.394161170991232	0.0	replicated_choices	Full_H5_zero_noage	H5	zero
conditional	partner_zero	computer_zero	high_choice	mean	342	3780	0.5310486865311427	0.5931948097234719	0.5852268268933447	0.6016682992333963	-0.0621461231923292		conditional_expected_behavior	Full_H5_zero_noage	H5	zero
conditional	partner_zero	computer_zero	investment	mean	342	3780	2.382536729027957	2.5862877986024086	2.545286044229921	2.629430133469156	-0.2037510695744515		conditional_expected_behavior	Full_H5_zero_noage	H5	zero
generative	partner_zero	computer_zero	high_choice	mean	342	3780	0.5310486865311427	0.5942952736428612	0.5796613455988457	0.6089443015155734	-0.0632465871117184	1.0	replicated_choices	Full_H5_zero_noage	H5	zero
generative	partner_zero	computer_zero	investment	mean	342	3780	2.382536729027957	2.5934204577099305	2.513922616937968	2.668309320228178	-0.2108837286819733	1.0	replicated_choices	Full_H5_zero_noage	H5	zero
conditional	partner_zero	computer_positive	high_choice	mean	343	5077	0.3832782013904463	0.3375910338317895	0.3324559251006071	0.3430108348108817	0.0456871675586568		conditional_expected_behavior	Full_H5_zero_noage	H5	zero
conditional	partner_zero	computer_positive	investment	mean	343	5077	4.192534004706016	3.953617482431413	3.927026760723676	3.9792879248205737	0.2389165222746032		conditional_expected_behavior	Full_H5_zero_noage	H5	zero
generative	partner_zero	computer_positive	high_choice	mean	343	5077	0.3832782013904463	0.3387901599938772	0.3234002336544246	0.3509005562586102	0.044488041396569	0.0	replicated_choices	Full_H5_zero_noage	H5	zero
generative	partner_zero	computer_positive	investment	mean	343	5077	4.192534004706016	3.958965425730732	3.889020745006532	4.019606451816729	0.2335685789752841	0.0	replicated_choices	Full_H5_zero_noage	H5	zero
conditional	offer	0/2	high_choice	mean	342	3794	0.7111066808435229	0.7276765134792477	0.7196126850778121	0.7352290849449455	-0.0165698326357247		conditional_expected_behavior	Full_H5_zero_noage	H5	zero
conditional	offer	0/2	investment	mean	342	3794	1.4222133616870458	1.455353026958495	1.439225370155624	1.470458169889891	-0.0331396652714495		conditional_expected_behavior	Full_H5_zero_noage	H5	zero
generative	offer	0/2	high_choice	mean	342	3794	0.7111066808435229	0.7285119543387083	0.7140894692539428	0.7451473802350993	-0.0174052734951853	0.985	replicated_choices	Full_H5_zero_noage	H5	zero
generative	offer	0/2	investment	mean	342	3794	1.4222133616870458	1.4570239086774166	1.4281789385078856	1.4902947604701986	-0.0348105469903707	0.985	replicated_choices	Full_H5_zero_noage	H5	zero
conditional	offer	0/4	high_choice	mean	342	3776	0.6926363678556662	0.6883091482851789	0.6812246459997284	0.6964012047474383	0.0043272195704873		conditional_expected_behavior	Full_H5_zero_noage	H5	zero
conditional	offer	0/4	investment	mean	342	3776	2.7705454714226647	2.7532365931407154	2.7248985839989137	2.785604818989753	0.0173088782819492		conditional_expected_behavior	Full_H5_zero_noage	H5	zero
generative	offer	0/4	high_choice	mean	342	3776	0.6926363678556662	0.6896559327611957	0.6754203849269639	0.7043066314776839	0.0029804350944704	0.41	replicated_choices	Full_H5_zero_noage	H5	zero
generative	offer	0/4	investment	mean	342	3776	2.7705454714226647	2.758623731044783	2.7016815397078555	2.817226525910736	0.0119217403778817	0.41	replicated_choices	Full_H5_zero_noage	H5	zero
conditional	offer	0/8	high_choice	mean	343	3762	0.633450498319303	0.6220374110895387	0.6143274285405145	0.6306662366704727	0.0114130872297643		conditional_expected_behavior	Full_H5_zero_noage	H5	zero
conditional	offer	0/8	investment	mean	343	3762	5.067603986554424	4.9762992887163096	4.914619428324116	5.045329893363782	0.0913046978381144		conditional_expected_behavior	Full_H5_zero_noage	H5	zero
generative	offer	0/8	high_choice	mean	343	3762	0.633450498319303	0.6229019779216571	0.6108758293051293	0.6345384104476672	0.0105485203976458	0.05	replicated_choices	Full_H5_zero_noage	H5	zero
generative	offer	0/8	investment	mean	343	3762	5.067603986554424	4.983215823373257	4.887006634441034	5.076307283581338	0.0843881631811669	0.05	replicated_choices	Full_H5_zero_noage	H5	zero
conditional	offer	2/4	high_choice	mean	343	3810	0.5873060046529435	0.4840927976322813	0.4804579816875108	0.4882204616910598	0.1032132070206621		conditional_expected_behavior	Full_H5_zero_noage	H5	zero
conditional	offer	2/4	investment	mean	343	3810	3.174612009305887	2.968185595264563	2.960915963375023	2.9764409233821167	0.2064264140413239		conditional_expected_behavior	Full_H5_zero_noage	H5	zero
generative	offer	2/4	high_choice	mean	343	3810	0.5873060046529435	0.485189800966769	0.4690124537755728	0.5007915893630178	0.1021162036861744	0.0	replicated_choices	Full_H5_zero_noage	H5	zero
generative	offer	2/4	investment	mean	343	3810	3.174612009305887	2.970379601933538	2.9380249075511484	3.001583178726038	0.2042324073723489	0.0	replicated_choices	Full_H5_zero_noage	H5	zero
conditional	offer	2/8	high_choice	mean	343	7617	0.5228256840663523	0.4507001162966827	0.4450765626582828	0.4563759802137296	0.0721255677696696		conditional_expected_behavior	Full_H5_zero_noage	H5	zero
conditional	offer	2/8	investment	mean	343	7617	5.136954104398114	4.704200697780096	4.670459375949696	4.7382558812823765	0.4327534066180183		conditional_expected_behavior	Full_H5_zero_noage	H5	zero
generative	offer	2/8	high_choice	mean	343	7617	0.5228256840663523	0.4516682478102198	0.4409190269141274	0.4625696288407049	0.0711574362561324	0.0	replicated_choices	Full_H5_zero_noage	H5	zero
generative	offer	2/8	investment	mean	343	7617	5.136954104398114	4.710009486861319	4.645514161484765	4.7754177730442295	0.4269446175367957	0.0	replicated_choices	Full_H5_zero_noage	H5	zero
conditional	offer	4/8	high_choice	mean	343	3801	0.4674831404423241	0.4658480345947093	0.4608618796700894	0.4705797676116961	0.0016351058476147		conditional_expected_behavior	Full_H5_zero_noage	H5	zero
conditional	offer	4/8	investment	mean	343	3801	5.869932561769296	5.863392138378838	5.843447518680357	5.882319070446784	0.006540423390458		conditional_expected_behavior	Full_H5_zero_noage	H5	zero
generative	offer	4/8	high_choice	mean	343	3801	0.4674831404423241	0.4666847594015962	0.4548295638601764	0.4791984163795386	0.0007983810407278	0.445	replicated_choices	Full_H5_zero_noage	H5	zero
generative	offer	4/8	investment	mean	343	3801	5.869932561769296	5.866739037606385	5.819318255440707	5.916793665518158	0.0031935241629117	0.445	replicated_choices	Full_H5_zero_noage	H5	zero
conditional	run	1	high_choice	mean	343	14066	0.5917688470421905	0.5545091750225624	0.5503947461330502	0.5588048200000323	0.0372596720196281		conditional_expected_behavior	Full_H5_zero_noage	H5	zero
conditional	run	1	investment	mean	343	14066	4.082216106884758	3.910966275743181	3.889277075020252	3.933867178733296	0.1712498311415773		conditional_expected_behavior	Full_H5_zero_noage	H5	zero
generative	run	1	high_choice	mean	343	14066	0.5917688470421905	0.5555669676241155	0.5493536475361832	0.5635509484237796	0.0362018794180749	0.0	replicated_choices	Full_H5_zero_noage	H5	zero
generative	run	1	investment	mean	343	14066	4.082216106884758	3.916216451236961	3.882802195462229	3.954248644282435	0.1659996556477967	0.0	replicated_choices	Full_H5_zero_noage	H5	zero
conditional	trial_block	run1_early	high_choice	mean	343	4666	0.6037099440889528	0.5489117897397527	0.5445764699044312	0.5531370116191491	0.0547981543492001		conditional_expected_behavior	Full_H5_zero_noage	H5	zero
conditional	trial_block	run1_early	investment	mean	343	4666	4.208037346521311	3.947907171155398	3.925101943116328	3.9713896631465926	0.2601301753659131		conditional_expected_behavior	Full_H5_zero_noage	H5	zero
generative	trial_block	run1_early	high_choice	mean	343	4666	0.6037099440889528	0.5497286581251595	0.5364930501956735	0.5603062328827632	0.0539812859637933	0.0	replicated_choices	Full_H5_zero_noage	H5	zero
generative	trial_block	run1_early	investment	mean	343	4666	4.208037346521311	3.953113358944263	3.891493358439425	4.015675675150894	0.2549239875770483	0.0	replicated_choices	Full_H5_zero_noage	H5	zero
conditional	trial_block	run1_middle	high_choice	mean	343	4710	0.5893709303330295	0.5588862352654484	0.5542026857468729	0.5643325913041001	0.030484695067581		conditional_expected_behavior	Full_H5_zero_noage	H5	zero
conditional	trial_block	run1_middle	investment	mean	343	4710	3.9796910572420776	3.862246754235017	3.839346645332512	3.8882367710668913	0.1174443030070606		conditional_expected_behavior	Full_H5_zero_noage	H5	zero
generative	trial_block	run1_middle	high_choice	mean	343	4710	0.5893709303330295	0.5594559378910691	0.5474373415699942	0.5721438194944026	0.0299149924419603	0.0	replicated_choices	Full_H5_zero_noage	H5	zero
generative	trial_block	run1_middle	investment	mean	343	4710	3.9796910572420776	3.863914530076338	3.812968399433414	3.920688381103835	0.1157765271657398	0.0	replicated_choices	Full_H5_zero_noage	H5	zero
conditional	trial_block	run1_late	high_choice	mean	343	4690	0.5828850449841703	0.5556907236626466	0.5518563720732483	0.5601955030561311	0.0271943213215236		conditional_expected_behavior	Full_H5_zero_noage	H5	zero
conditional	trial_block	run1_late	investment	mean	343	4690	4.061813405253639	3.922684008345284	3.901914114136405	3.946111090561307	0.1391293969083546		conditional_expected_behavior	Full_H5_zero_noage	H5	zero
generative	trial_block	run1_late	high_choice	mean	343	4690	0.5828850449841703	0.5575060391503541	0.5455194453262965	0.5690901457628859	0.0253790058338161	0.0	replicated_choices	Full_H5_zero_noage	H5	zero
generative	trial_block	run1_late	investment	mean	343	4690	4.061813405253639	3.9318669775317	3.8769669810267495	3.9903268864274697	0.1299464277219382	0.0	replicated_choices	Full_H5_zero_noage	H5	zero
conditional	run	2	high_choice	mean	304	12494	0.595515903033181	0.5597875445119024	0.5561146124596199	0.564559321440312	0.0357283585212786		conditional_expected_behavior	Full_H5_zero_noage	H5	zero
conditional	run	2	investment	mean	304	12494	4.119256805197146	3.9483347955204273	3.9287677913540215	3.973770378722982	0.170922009676719		conditional_expected_behavior	Full_H5_zero_noage	H5	zero
generative	run	2	high_choice	mean	304	12494	0.595515903033181	0.5606642833337178	0.5522568505094297	0.5685990537541348	0.0348516196994632	0.0	replicated_choices	Full_H5_zero_noage	H5	zero
generative	run	2	investment	mean	304	12494	4.119256805197146	3.951977973138884	3.913893419182055	3.987479595637644	0.1672788320582627	0.0	replicated_choices	Full_H5_zero_noage	H5	zero
conditional	trial_block	run2_early	high_choice	mean	304	4175	0.5902290691764375	0.5548659818381755	0.5506398524612292	0.5597725981288055	0.0353630873382619		conditional_expected_behavior	Full_H5_zero_noage	H5	zero
conditional	trial_block	run2_early	investment	mean	304	4175	4.077362659270554	3.9102090902952695	3.8889210286318874	3.937983631050344	0.1671535689752841		conditional_expected_behavior	Full_H5_zero_noage	H5	zero
generative	trial_block	run2_early	high_choice	mean	304	4175	0.5902290691764375	0.5553244592578475	0.5427343736307553	0.5673866854088895	0.03490460991859	0.0	replicated_choices	Full_H5_zero_noage	H5	zero
generative	trial_block	run2_early	investment	mean	304	4175	4.077362659270554	3.912112367895263	3.846601145564963	3.972323917858456	0.1652502913752909	0.0	replicated_choices	Full_H5_zero_noage	H5	zero
conditional	trial_block	run2_middle	high_choice	mean	304	4171	0.5975026161703794	0.5643428412643211	0.5599126104819733	0.5691909681037309	0.0331597749060582		conditional_expected_behavior	Full_H5_zero_noage	H5	zero
conditional	trial_block	run2_middle	investment	mean	304	4171	4.123581024238919	3.967003590102325	3.944931649761851	3.994168895120205	0.1565774341365946		conditional_expected_behavior	Full_H5_zero_noage	H5	zero
generative	trial_block	run2_middle	high_choice	mean	304	4171	0.5975026161703794	0.5654353147765976	0.5502342339677864	0.5791917845495151	0.0320673013937817	0.0	replicated_choices	Full_H5_zero_noage	H5	zero
generative	trial_block	run2_middle	investment	mean	304	4171	4.123581024238919	3.9719733827941055	3.912922893535559	4.038566152871251	0.1516076414448126	0.0	replicated_choices	Full_H5_zero_noage	H5	zero
conditional	trial_block	run2_late	high_choice	mean	304	4148	0.5991199042185884	0.5607276362706926	0.5562629669321729	0.5656185994524542	0.0383922679478958		conditional_expected_behavior	Full_H5_zero_noage	H5	zero
conditional	trial_block	run2_late	investment	mean	304	4148	4.155765469910207	3.968559827022879	3.945051494946161	3.99179893096331	0.1872056428873278		conditional_expected_behavior	Full_H5_zero_noage	H5	zero
generative	trial_block	run2_late	high_choice	mean	304	4148	0.5991199042185884	0.5618057559217098	0.5485845381774656	0.574162649758867	0.0373141482968786	0.0	replicated_choices	Full_H5_zero_noage	H5	zero
generative	trial_block	run2_late	investment	mean	304	4148	4.155765469910207	3.9727116054632496	3.902806232510181	4.029112376110729	0.1830538644469568	0.0	replicated_choices	Full_H5_zero_noage	H5	zero
conditional	partner_contrast	friend_minus_computer	high_choice	mean	343	17729	0.3421809028192824	0.3213598975813778	0.3140235342749015	0.3287808048905695	0.0208210052379045		conditional_expected_behavior	Full_H5_zero_noage	H5	zero
conditional	partner_contrast	friend_minus_stranger	high_choice	mean	343	17703	0.2503127869295107	0.3181850352614889	0.3111492200933395	0.3254537884283232	-0.0678722483319781		conditional_expected_behavior	Full_H5_zero_noage	H5	zero
conditional	partner_contrast	stranger_minus_computer	high_choice	mean	343	17688	0.0918681158897716	0.0031748623198889	0.001998353301419	0.0044018583550381	0.0886932535698827		conditional_expected_behavior	Full_H5_zero_noage	H5	zero
conditional	partner_contrast	friend_minus_computer	investment	mean	343	17729	1.598632136167231	1.6254618639811829	1.587716958837498	1.663550643001964	-0.0268297278139515		conditional_expected_behavior	Full_H5_zero_noage	H5	zero
conditional	partner_contrast	friend_minus_stranger	investment	mean	343	17703	1.205205164839252	1.6117980224719517	1.5745513824829211	1.64883909566575	-0.4065928576326998		conditional_expected_behavior	Full_H5_zero_noage	H5	zero
conditional	partner_contrast	stranger_minus_computer	investment	mean	343	17688	0.3934269713279794	0.0136638415092312	0.0074470183689031	0.0202845672503491	0.3797631298187481		conditional_expected_behavior	Full_H5_zero_noage	H5	zero
generative	partner_contrast	friend_minus_computer	high_choice	mean	343	17729	0.3421809028192824	0.3212551292457889	0.3062084040725495	0.3345496938876319	0.0209257735734934	0.0	replicated_choices	Full_H5_zero_noage	H5	zero
generative	partner_contrast	friend_minus_stranger	high_choice	mean	343	17703	0.2503127869295107	0.3183935020561605	0.3051775870653105	0.3317361038909063	-0.0680807151266498	1.0	replicated_choices	Full_H5_zero_noage	H5	zero
generative	partner_contrast	stranger_minus_computer	high_choice	mean	343	17688	0.0918681158897716	0.0028616271896283	-0.0101367360579254	0.0137053736644489	0.0890064887001432	0.0	replicated_choices	Full_H5_zero_noage	H5	zero
generative	partner_contrast	friend_minus_computer	investment	mean	343	17729	1.598632136167231	1.6236068984338274	1.5588291368769491	1.6956479685203727	-0.0249747622665961	0.745	replicated_choices	Full_H5_zero_noage	H5	zero
generative	partner_contrast	friend_minus_stranger	investment	mean	343	17703	1.205205164839252	1.6124443043699546	1.5492863881736525	1.677774006018896	-0.4072391395307027	1.0	replicated_choices	Full_H5_zero_noage	H5	zero
generative	partner_contrast	stranger_minus_computer	investment	mean	343	17688	0.3934269713279794	0.0111625940638729	-0.0545591329522469	0.0677728603285541	0.3822643772641064	0.0	replicated_choices	Full_H5_zero_noage	H5	zero
conditional	all	all	high_choice	mean	343	26560	0.5905291926810862	0.5455319742363386	0.5412034511307516	0.5493833273174948	0.0449972184447475		conditional_expected_behavior	Full_H7_base_noage	H7	base
conditional	all	all	investment	mean	343	26560	4.084599526820081	3.93232957612166	3.911541218435613	3.9523138388844488	0.1522699506984204		conditional_expected_behavior	Full_H7_base_noage	H7	base
generative	all	all	high_choice	mean	343	26560	0.5905291926810862	0.5456484542664565	0.5390666160037716	0.5531967674807882	0.0448807384146296	0.0	replicated_choices	Full_H7_base_noage	H7	base
generative	all	all	high_choice	between_participant_sd	343	26560	0.21088514038365	0.1620081935045611	0.1562778906920908	0.1670208887595148	0.0488769468790888	0.0	replicated_choices	Full_H7_base_noage	H7	base
generative	all	all	high_choice	all_low_fraction	343	26560	0.0	0.0006559766763848	0.0	0.0029154518950437	-0.0006559766763848	1.0	replicated_choices	Full_H7_base_noage	H7	base
generative	all	all	high_choice	all_high_fraction	343	26560	0.0204081632653061	0.0	0.0	0.0	0.0204081632653061	0.0	replicated_choices	Full_H7_base_noage	H7	base
generative	all	all	investment	mean	343	26560	4.084599526820081	3.932885491321948	3.9001134863931006	3.967647040033577	0.151714035498133	0.0	replicated_choices	Full_H7_base_noage	H7	base
generative	all	all	investment	between_participant_sd	343	26560	1.0082542702510489	0.8034174220618943	0.7784860428783427	0.8268749577314933	0.2048368481891546	0.0	replicated_choices	Full_H7_base_noage	H7	base
conditional	partner	friend	high_choice	mean	343	8872	0.7876668500209096	0.7590527070243198	0.7510770911709406	0.7661684956064443	0.0286141429965898		conditional_expected_behavior	Full_H7_base_noage	H7	base
conditional	partner	friend	investment	mean	343	8872	5.017601240225966	5.000591988283303	4.958782653438339	5.035447228222152	0.017009251942663		conditional_expected_behavior	Full_H7_base_noage	H7	base
generative	partner	friend	high_choice	mean	343	8872	0.7876668500209096	0.7583376932413544	0.7470955131584667	0.7691255969133117	0.0293291567795552	0.0	replicated_choices	Full_H7_base_noage	H7	base
generative	partner	friend	high_choice	between_participant_sd	343	8872	0.2116234722115117	0.2143564276578276	0.2037551278712426	0.2224487787600877	-0.0027329554463159	0.69	replicated_choices	Full_H7_base_noage	H7	base
generative	partner	friend	high_choice	all_low_fraction	343	8872	0.0029154518950437	0.0022303206997084	0.0	0.0058309037900874	0.0006851311953352	0.6	replicated_choices	Full_H7_base_noage	H7	base
generative	partner	friend	high_choice	all_high_fraction	343	8872	0.1982507288629737	0.1474927113702624	0.1223760932944606	0.1749271137026239	0.0507580174927113	0.0	replicated_choices	Full_H7_base_noage	H7	base
generative	partner	friend	investment	mean	343	8872	5.017601240225966	4.997382873859586	4.946779355266766	5.055510680984157	0.0202183663663806	0.235	replicated_choices	Full_H7_base_noage	H7	base
generative	partner	friend	investment	between_participant_sd	343	8872	1.0048808630597643	1.0262898167188743	0.9772730952233216	1.0706737666929402	-0.0214089536591099	0.795	replicated_choices	Full_H7_base_noage	H7	base
conditional	partner_zero	friend_zero	high_choice	mean	343	3788	0.851088771934253	0.757244316170145	0.7492953219615747	0.7638387187074042	0.093844455764108		conditional_expected_behavior	Full_H7_base_noage	H7	base
conditional	partner_zero	friend_zero	investment	mean	343	3788	3.967091153096985	3.6637845111557086	3.619220268600308	3.7019705110418	0.3033066419412762		conditional_expected_behavior	Full_H7_base_noage	H7	base
generative	partner_zero	friend_zero	high_choice	mean	343	3788	0.851088771934253	0.7564018432976155	0.7435262164544233	0.7705871317296249	0.0946869286366375	0.0	replicated_choices	Full_H7_base_noage	H7	base
generative	partner_zero	friend_zero	investment	mean	343	3788	3.967091153096985	3.659768338318632	3.59152159348588	3.7242223042587503	0.3073228147783533	0.0	replicated_choices	Full_H7_base_noage	H7	base
conditional	partner_zero	friend_positive	high_choice	mean	343	5084	0.7412779397473276	0.7604381678867757	0.7523335735594372	0.7676178124771714	-0.019160228139448		conditional_expected_behavior	Full_H7_base_noage	H7	base
conditional	partner_zero	friend_positive	investment	mean	343	5084	5.804453005692073	5.995503161361189	5.9560999258306175	6.029660799398626	-0.1910501556691155		conditional_expected_behavior	Full_H7_base_noage	H7	base
generative	partner_zero	friend_positive	high_choice	mean	343	5084	0.7412779397473276	0.7598010204081632	0.7448863320838537	0.7744632878661668	-0.0185230806608356	0.995	replicated_choices	Full_H7_base_noage	H7	base
generative	partner_zero	friend_positive	investment	mean	343	5084	5.804453005692073	5.992771501457725	5.930057354574482	6.063165608079969	-0.1883184957656523	1.0	replicated_choices	Full_H7_base_noage	H7	base
conditional	partner	stranger	high_choice	mean	343	8831	0.5373540630913989	0.521428834409627	0.513742278035652	0.5294844713843145	0.0159252286817719		conditional_expected_behavior	Full_H7_base_noage	H7	base
conditional	partner	stranger	investment	mean	343	8831	3.812396075386715	3.820178770976	3.78067525462827	3.8606935169428582	-0.007782695589285		conditional_expected_behavior	Full_H7_base_noage	H7	base
generative	partner	stranger	high_choice	mean	343	8831	0.5373540630913989	0.5217001569012832	0.5099790649228441	0.5325555850560628	0.0156539061901156	0.015	replicated_choices	Full_H7_base_noage	H7	base
generative	partner	stranger	high_choice	between_participant_sd	343	8831	0.2765932948806203	0.2627363522216721	0.2535147172668867	0.2710329997573502	0.0138569426589482	0.005	replicated_choices	Full_H7_base_noage	H7	base
generative	partner	stranger	high_choice	all_low_fraction	343	8831	0.0174927113702623	0.0189212827988338	0.0087463556851311	0.032069970845481	-0.0014285714285714	0.71	replicated_choices	Full_H7_base_noage	H7	base
generative	partner	stranger	high_choice	all_high_fraction	343	8831	0.0670553935860058	0.0286443148688046	0.0145772594752186	0.0437317784256559	0.0384110787172011	0.0	replicated_choices	Full_H7_base_noage	H7	base
generative	partner	stranger	investment	mean	343	8831	3.812396075386715	3.821614117055239	3.767708752769147	3.880069870067648	-0.0092180416685234	0.62	replicated_choices	Full_H7_base_noage	H7	base
generative	partner	stranger	investment	between_participant_sd	343	8831	1.3184566168570453	1.3134400272684172	1.2723860784467438	1.3577516092894517	0.005016589588628	0.44	replicated_choices	Full_H7_base_noage	H7	base
conditional	partner_zero	stranger_zero	high_choice	mean	342	3764	0.65507487152224	0.5227515404920843	0.5159857954849199	0.5311679289753727	0.1323233310301557		conditional_expected_behavior	Full_H7_base_noage	H7	base
conditional	partner_zero	stranger_zero	investment	mean	342	3764	2.895398428731762	2.4328023968681016	2.396356149779981	2.476911024018426	0.4625960318636601		conditional_expected_behavior	Full_H7_base_noage	H7	base
generative	partner_zero	stranger_zero	high_choice	mean	342	3764	0.65507487152224	0.5225706073896863	0.5075486221867801	0.5344267972118847	0.1325042641325536	0.0	replicated_choices	Full_H7_base_noage	H7	base
generative	partner_zero	stranger_zero	investment	mean	342	3764	2.895398428731762	2.4321712446098407	2.3631759480772625	2.499360823143716	0.4632271841219211	0.0	replicated_choices	Full_H7_base_noage	H7	base
conditional	partner_zero	stranger_positive	high_choice	mean	343	5067	0.4505417687268999	0.5207693966077953	0.5129962450216214	0.5287723598418208	-0.0702276278808954		conditional_expected_behavior	Full_H7_base_noage	H7	base
conditional	partner_zero	stranger_positive	investment	mean	343	5067	4.489744779030493	4.844433373313309	4.805203092990094	4.884415671047496	-0.3546885942828153		conditional_expected_behavior	Full_H7_base_noage	H7	base
generative	partner_zero	stranger_positive	high_choice	mean	343	5067	0.4505417687268999	0.5214290208091229	0.5071407434280977	0.5358852587524234	-0.070887252082223	1.0	replicated_choices	Full_H7_base_noage	H7	base
generative	partner_zero	stranger_positive	investment	mean	343	5067	4.489744779030493	4.8476926398431495	4.79049981420426	4.916080127962416	-0.357947860812656	1.0	replicated_choices	Full_H7_base_noage	H7	base
conditional	partner	computer	high_choice	mean	343	8857	0.4454859472016272	0.3546140173460534	0.3487606988001958	0.3598797686938541	0.0908719298555737		conditional_expected_behavior	Full_H7_base_noage	H7	base
conditional	partner	computer	investment	mean	343	8857	3.418969104058736	2.970660059449535	2.943021185407272	2.9964568650131	0.4483090446092008		conditional_expected_behavior	Full_H7_base_noage	H7	base
generative	partner	computer	high_choice	mean	343	8857	0.4454859472016272	0.3554280404508811	0.3468896281259792	0.3670960386304943	0.090057906750746	0.0	replicated_choices	Full_H7_base_noage	H7	base
generative	partner	computer	high_choice	between_participant_sd	343	8857	0.295307388864754	0.1687090144023416	0.1616623869176105	0.1762852202295022	0.1265983744624124	0.0	replicated_choices	Full_H7_base_noage	H7	base
generative	partner	computer	high_choice	all_low_fraction	343	8857	0.0495626822157434	0.0319241982507288	0.02033527696793	0.0467201166180758	0.0176384839650145	0.025	replicated_choices	Full_H7_base_noage	H7	base
generative	partner	computer	high_choice	all_high_fraction	343	8857	0.0524781341107871	0.0003935860058309	0.0	0.0029154518950437	0.0520845481049562	0.0	replicated_choices	Full_H7_base_noage	H7	base
generative	partner	computer	investment	mean	343	8857	3.418969104058736	2.974159388362411	2.930632685205611	3.025210508449672	0.4448097156963251	0.0	replicated_choices	Full_H7_base_noage	H7	base
generative	partner	computer	investment	between_participant_sd	343	8857	1.3892443512096588	0.8291711959176068	0.7921417160036862	0.8830406319361721	0.560073155292052	0.0	replicated_choices	Full_H7_base_noage	H7	base
conditional	partner_zero	computer_zero	high_choice	mean	342	3780	0.5310486865311427	0.3553349083017974	0.3496943284593516	0.3603731875665651	0.1757137782293452		conditional_expected_behavior	Full_H7_base_noage	H7	base
conditional	partner_zero	computer_zero	investment	mean	342	3780	2.382536729027957	1.5373972866052674	1.5076951316018987	1.5638409056566975	0.8451394424226897		conditional_expected_behavior	Full_H7_base_noage	H7	base
generative	partner_zero	computer_zero	high_choice	mean	342	3780	0.5310486865311427	0.3559244860889597	0.3418206000059069	0.3716461292119187	0.1751242004421829	0.0	replicated_choices	Full_H7_base_noage	H7	base
generative	partner_zero	computer_zero	investment	mean	342	3780	2.382536729027957	1.5382373758470251	1.4521016240095186	1.6144038442064756	0.844299353180932	0.0	replicated_choices	Full_H7_base_noage	H7	base
conditional	partner_zero	computer_positive	high_choice	mean	343	5077	0.3832782013904463	0.354113923559502	0.348132593511171	0.3593787716132191	0.0291642778309443		conditional_expected_behavior	Full_H7_base_noage	H7	base
conditional	partner_zero	computer_positive	investment	mean	343	5077	4.192534004706016	4.032472035569038	4.003279541339099	4.057857057388395	0.1600619691369784		conditional_expected_behavior	Full_H7_base_noage	H7	base
generative	partner_zero	computer_positive	high_choice	mean	343	5077	0.3832782013904463	0.3550941561475453	0.342442743319201	0.3696005915448335	0.0281840452429009	0.0	replicated_choices	Full_H7_base_noage	H7	base
generative	partner_zero	computer_positive	investment	mean	343	5077	4.192534004706016	4.037878301242004	3.979396917060911	4.104058841223565	0.1546557034640123	0.0	replicated_choices	Full_H7_base_noage	H7	base
conditional	offer	0/2	high_choice	mean	342	3794	0.7111066808435229	0.5412092360716716	0.5374475263976487	0.5444255123755263	0.1698974447718513		conditional_expected_behavior	Full_H7_base_noage	H7	base
conditional	offer	0/2	investment	mean	342	3794	1.4222133616870458	1.0824184721433432	1.0748950527952974	1.0888510247510526	0.3397948895437026		conditional_expected_behavior	Full_H7_base_noage	H7	base
generative	offer	0/2	high_choice	mean	342	3794	0.7111066808435229	0.5412304920550534	0.5277943174434406	0.555161815523657	0.1698761887884695	0.0	replicated_choices	Full_H7_base_noage	H7	base
generative	offer	0/2	investment	mean	342	3794	1.4222133616870458	1.0824609841101067	1.0555886348868813	1.110323631047314	0.3397523775769391	0.0	replicated_choices	Full_H7_base_noage	H7	base
conditional	offer	0/4	high_choice	mean	342	3776	0.6926363678556662	0.5491089845829691	0.5441061642136492	0.5528192552565279	0.1435273832726971		conditional_expected_behavior	Full_H7_base_noage	H7	base
conditional	offer	0/4	investment	mean	342	3776	2.7705454714226647	2.1964359383318763	2.176424656854597	2.2112770210261115	0.5741095330907884		conditional_expected_behavior	Full_H7_base_noage	H7	base
generative	offer	0/4	high_choice	mean	342	3776	0.6926363678556662	0.5490589505118014	0.5344967822544575	0.5612228698851508	0.1435774173438647	0.0	replicated_choices	Full_H7_base_noage	H7	base
generative	offer	0/4	investment	mean	342	3776	2.7705454714226647	2.1962358020472057	2.13798712901783	2.244891479540603	0.574309669375459	0.0	replicated_choices	Full_H7_base_noage	H7	base
conditional	offer	0/8	high_choice	mean	343	3762	0.633450498319303	0.5471080039103035	0.5409564068306324	0.5530035301541618	0.0863424944089995		conditional_expected_behavior	Full_H7_base_noage	H7	base
conditional	offer	0/8	investment	mean	343	3762	5.067603986554424	4.376864031282428	4.327651254645059	4.424028241233295	0.6907399552719964		conditional_expected_behavior	Full_H7_base_noage	H7	base
generative	offer	0/8	high_choice	mean	343	3762	0.633450498319303	0.5465718408575552	0.5349412439682121	0.5591035485004144	0.0868786574617478	0.0	replicated_choices	Full_H7_base_noage	H7	base
generative	offer	0/8	investment	mean	343	3762	5.067603986554424	4.372574726860441	4.279529951745697	4.472828388003316	0.6950292596939827	0.0	replicated_choices	Full_H7_base_noage	H7	base
conditional	offer	2/4	high_choice	mean	343	3810	0.5873060046529435	0.5397441014328992	0.5362616700080238	0.5430952602669431	0.0475619032200442		conditional_expected_behavior	Full_H7_base_noage	H7	base
conditional	offer	2/4	investment	mean	343	3810	3.174612009305887	3.079488202865798	3.0725233400160485	3.086190520533885	0.095123806440089		conditional_expected_behavior	Full_H7_base_noage	H7	base
generative	offer	2/4	high_choice	mean	343	3810	0.5873060046529435	0.5392849118002178	0.5242663147510084	0.5528446217695492	0.0480210928527257	0.0	replicated_choices	Full_H7_base_noage	H7	base
generative	offer	2/4	investment	mean	343	3810	3.174612009305887	3.078569823600436	3.0485326295020165	3.1056892435390955	0.0960421857054507	0.0	replicated_choices	Full_H7_base_noage	H7	base
conditional	offer	2/8	high_choice	mean	343	7617	0.5228256840663523	0.5473000339898764	0.542035236756653	0.5522372161817861	-0.024474349923524		conditional_expected_behavior	Full_H7_base_noage	H7	base
conditional	offer	2/8	investment	mean	343	7617	5.136954104398114	5.283800203939258	5.252211420539918	5.313423297090716	-0.1468460995411433		conditional_expected_behavior	Full_H7_base_noage	H7	base
generative	offer	2/8	high_choice	mean	343	7617	0.5228256840663523	0.5477356833002351	0.5364726496708818	0.5593402034542888	-0.0249099992338828	1.0	replicated_choices	Full_H7_base_noage	H7	base
generative	offer	2/8	investment	mean	343	7617	5.136954104398114	5.286414099801411	5.218835898025291	5.356041220725731	-0.1494599954032969	1.0	replicated_choices	Full_H7_base_noage	H7	base
conditional	offer	4/8	high_choice	mean	343	3801	0.4674831404423241	0.5476390659892829	0.5433837308747944	0.5518596648118682	-0.0801559255469588		conditional_expected_behavior	Full_H7_base_noage	H7	base
conditional	offer	4/8	investment	mean	343	3801	5.869932561769296	6.190556263957131	6.173534923499176	6.20743865924747	-0.3206237021878344		conditional_expected_behavior	Full_H7_base_noage	H7	base
generative	offer	4/8	high_choice	mean	343	3801	0.4674831404423241	0.548473886091233	0.5327834835232794	0.5633584386135404	-0.0809907456489089	1.0	replicated_choices	Full_H7_base_noage	H7	base
generative	offer	4/8	investment	mean	343	3801	5.869932561769296	6.193895544364933	6.131133934093119	6.253433754454165	-0.3239629825956367	1.0	replicated_choices	Full_H7_base_noage	H7	base
conditional	run	1	high_choice	mean	343	14066	0.5917688470421905	0.5449789842813659	0.5406212883182296	0.5490669301964267	0.0467898627608245		conditional_expected_behavior	Full_H7_base_noage	H7	base
conditional	run	1	investment	mean	343	14066	4.082216106884758	3.922877346308303	3.9020086610583697	3.9438053086806097	0.1593387605764546		conditional_expected_behavior	Full_H7_base_noage	H7	base
generative	run	1	high_choice	mean	343	14066	0.5917688470421905	0.545292236081197	0.5373152503892887	0.5530841379896606	0.0464766109609934	0.0	replicated_choices	Full_H7_base_noage	H7	base
generative	run	1	investment	mean	343	14066	4.082216106884758	3.9241471069058593	3.88129993826201	3.9629319294300127	0.1580689999788984	0.0	replicated_choices	Full_H7_base_noage	H7	base
conditional	trial_block	run1_early	high_choice	mean	343	4666	0.6037099440889528	0.5455386101225963	0.5410546325683673	0.5502733142997938	0.0581713339663565		conditional_expected_behavior	Full_H7_base_noage	H7	base
conditional	trial_block	run1_early	investment	mean	343	4666	4.208037346521311	3.9894883470945306	3.965857541812327	4.015981379960206	0.2185489994267806		conditional_expected_behavior	Full_H7_base_noage	H7	base
generative	trial_block	run1_early	high_choice	mean	343	4666	0.6037099440889528	0.546128030133132	0.5329482774271401	0.5573892276333966	0.0575819139558207	0.0	replicated_choices	Full_H7_base_noage	H7	base
generative	trial_block	run1_early	investment	mean	343	4666	4.208037346521311	3.993464771380224	3.930472345924241	4.056345015528687	0.2145725751410876	0.0	replicated_choices	Full_H7_base_noage	H7	base
conditional	trial_block	run1_middle	high_choice	mean	343	4710	0.5893709303330295	0.5475575552083733	0.5430673715457859	0.5518072596300442	0.0418133751246561		conditional_expected_behavior	Full_H7_base_noage	H7	base
conditional	trial_block	run1_middle	investment	mean	343	4710	3.9796910572420776	3.87753544448376	3.853941198114916	3.8994343580710655	0.1021556127583172		conditional_expected_behavior	Full_H7_base_noage	H7	base
generative	trial_block	run1_middle	high_choice	mean	343	4710	0.5893709303330295	0.5480093922112872	0.5348923379827175	0.5593920595924968	0.0413615381217422	0.0	replicated_choices	Full_H7_base_noage	H7	base
generative	trial_block	run1_middle	investment	mean	343	4710	3.9796910572420776	3.87856250406542	3.817523589141663	3.9341470992564314	0.1011285531766574	0.0	replicated_choices	Full_H7_base_noage	H7	base
conditional	trial_block	run1_late	high_choice	mean	343	4690	0.5828850449841703	0.5417336798529062	0.5366928275128253	0.5463523182861978	0.041151365131264		conditional_expected_behavior	Full_H7_base_noage	H7	base
conditional	trial_block	run1_late	investment	mean	343	4690	4.061813405253639	3.9016179609110497	3.8760737519390247	3.9250197556070696	0.1601954443425888		conditional_expected_behavior	Full_H7_base_noage	H7	base
generative	trial_block	run1_late	high_choice	mean	343	4690	0.5828850449841703	0.5415831539694514	0.5296711366864426	0.5538290062706973	0.0413018910147188	0.0	replicated_choices	Full_H7_base_noage	H7	base
generative	trial_block	run1_late	investment	mean	343	4690	4.061813405253639	3.900198024036216	3.840606560591979	3.962577187147155	0.1616153812174223	0.0	replicated_choices	Full_H7_base_noage	H7	base
conditional	run	2	high_choice	mean	304	12494	0.595515903033181	0.5507711677873872	0.5464715035656865	0.5549548259192394	0.0447447352457938		conditional_expected_behavior	Full_H7_base_noage	H7	base
conditional	run	2	investment	mean	304	12494	4.119256805197146	3.963676437196308	3.9409565543161698	3.985710817507991	0.1555803680008383		conditional_expected_behavior	Full_H7_base_noage	H7	base
generative	run	2	high_choice	mean	304	12494	0.595515903033181	0.55066510227589	0.5422510691369266	0.5591592524725559	0.0448508007572909	0.0	replicated_choices	Full_H7_base_noage	H7	base
generative	run	2	investment	mean	304	12494	4.119256805197146	3.9637264704249526	3.9265426723464265	4.000223193199687	0.1555303347721937	0.0	replicated_choices	Full_H7_base_noage	H7	base
conditional	trial_block	run2_early	high_choice	mean	304	4175	0.5902290691764375	0.5449722957749037	0.5401458322227354	0.5494429915529772	0.0452567734015337		conditional_expected_behavior	Full_H7_base_noage	H7	base
conditional	trial_block	run2_early	investment	mean	304	4175	4.077362659270554	3.913385210107348	3.890372573124928	3.935884580271331	0.1639774491632057		conditional_expected_behavior	Full_H7_base_noage	H7	base
generative	trial_block	run2_early	high_choice	mean	304	4175	0.5902290691764375	0.5456388069167672	0.5288794840028391	0.5597568700488106	0.0445902622596702	0.0	replicated_choices	Full_H7_base_noage	H7	base
generative	trial_block	run2_early	investment	mean	304	4175	4.077362659270554	3.915862623670189	3.842294492787914	3.982917934587341	0.1615000356003646	0.0	replicated_choices	Full_H7_base_noage	H7	base
conditional	trial_block	run2_middle	high_choice	mean	304	4171	0.5975026161703794	0.554245763791617	0.5496775744208819	0.5587158006808957	0.0432568523787623		conditional_expected_behavior	Full_H7_base_noage	H7	base
conditional	trial_block	run2_middle	investment	mean	304	4171	4.123581024238919	3.991348535303816	3.966174175053705	4.01484971779695	0.1322324889351027		conditional_expected_behavior	Full_H7_base_noage	H7	base
generative	trial_block	run2_middle	high_choice	mean	304	4171	0.5975026161703794	0.5533308032428098	0.5394317446990146	0.566575560085017	0.0441718129275695	0.0	replicated_choices	Full_H7_base_noage	H7	base
generative	trial_block	run2_middle	investment	mean	304	4171	4.123581024238919	3.9880620399337503	3.926489874799907	4.046500132269045	0.1355189843051687	0.0	replicated_choices	Full_H7_base_noage	H7	base
conditional	trial_block	run2_late	high_choice	mean	304	4148	0.5991199042185884	0.5533741657971237	0.5487630794528149	0.5578744463675905	0.0457457384214646		conditional_expected_behavior	Full_H7_base_noage	H7	base
conditional	trial_block	run2_late	investment	mean	304	4148	4.155765469910207	3.9860299058929622	3.962597657716053	4.008798828474878	0.1697355640172437		conditional_expected_behavior	Full_H7_base_noage	H7	base
generative	trial_block	run2_late	high_choice	mean	304	4148	0.5991199042185884	0.553306714666912	0.5409859940863229	0.568447745602351	0.0458131895516764	0.0	replicated_choices	Full_H7_base_noage	H7	base
generative	trial_block	run2_late	investment	mean	304	4148	4.155765469910207	3.987086858682253	3.927657560823681	4.0580048067794765	0.1686786112279534	0.0	replicated_choices	Full_H7_base_noage	H7	base
conditional	partner_contrast	friend_minus_computer	high_choice	mean	343	17729	0.3421809028192824	0.4044386896782663	0.3953977134455211	0.4137259906120946	-0.0622577868589839		conditional_expected_behavior	Full_H7_base_noage	H7	base
conditional	partner_contrast	friend_minus_stranger	high_choice	mean	343	17703	0.2503127869295107	0.2376238726146927	0.2270481033453343	0.2466836657558519	0.0126889143148179		conditional_expected_behavior	Full_H7_base_noage	H7	base
conditional	partner_contrast	stranger_minus_computer	high_choice	mean	343	17688	0.0918681158897716	0.1668148170635735	0.158418735324072	0.1746652763827507	-0.0749467011738019		conditional_expected_behavior	Full_H7_base_noage	H7	base
conditional	partner_contrast	friend_minus_computer	investment	mean	343	17729	1.598632136167231	2.029931928833768	1.9855818815813016	2.076392972792045	-0.4312997926665363		conditional_expected_behavior	Full_H7_base_noage	H7	base
conditional	partner_contrast	friend_minus_stranger	investment	mean	343	17703	1.205205164839252	1.1804132173073023	1.125035272327056	1.2316832832250788	0.0247919475319495		conditional_expected_behavior	Full_H7_base_noage	H7	base
conditional	partner_contrast	stranger_minus_computer	investment	mean	343	17688	0.3934269713279794	0.8495187115264655	0.8089143821208319	0.8894005573201057	-0.4560917401984861		conditional_expected_behavior	Full_H7_base_noage	H7	base
generative	partner_contrast	friend_minus_computer	high_choice	mean	343	17729	0.3421809028192824	0.4029096527904734	0.3850872517764758	0.4169432726006851	-0.0607287499711911	1.0	replicated_choices	Full_H7_base_noage	H7	base
generative	partner_contrast	friend_minus_stranger	high_choice	mean	343	17703	0.2503127869295107	0.2366375363400715	0.2200537316062204	0.2504104752015204	0.0136752505894392	0.03	replicated_choices	Full_H7_base_noage	H7	base
generative	partner_contrast	stranger_minus_computer	high_choice	mean	343	17688	0.0918681158897716	0.166272116450402	0.1511449689764473	0.1798486398868377	-0.0744040005606303	1.0	replicated_choices	Full_H7_base_noage	H7	base
generative	partner_contrast	friend_minus_computer	investment	mean	343	17729	1.598632136167231	2.023223485497175	1.9427674702015776	2.103091680442933	-0.4245913493299438	1.0	replicated_choices	Full_H7_base_noage	H7	base
generative	partner_contrast	friend_minus_stranger	investment	mean	343	17703	1.205205164839252	1.1757687568043476	1.0977089820442296	1.2412880560951434	0.0294364080349043	0.21	replicated_choices	Full_H7_base_noage	H7	base
generative	partner_contrast	stranger_minus_computer	investment	mean	343	17688	0.3934269713279794	0.8474547286928282	0.7756624584624927	0.9200868507764928	-0.4540277573648488	1.0	replicated_choices	Full_H7_base_noage	H7	base
conditional	all	all	high_choice	mean	343	26560	0.5905291926810862	0.5700415903212913	0.5659997755729502	0.5741589192214646	0.0204876023597948		conditional_expected_behavior	Full_H7_zero_noage	H7	zero
conditional	all	all	investment	mean	343	26560	4.084599526820081	3.997857647065159	3.976875074817427	4.018927455261982	0.0867418797549217		conditional_expected_behavior	Full_H7_zero_noage	H7	zero
generative	all	all	high_choice	mean	343	26560	0.5905291926810862	0.5701432058237476	0.5648842012039913	0.5765351478444635	0.0203859868573386	0.0	replicated_choices	Full_H7_zero_noage	H7	zero
generative	all	all	high_choice	between_participant_sd	343	26560	0.21088514038365	0.1783903443332445	0.1727803497514935	0.1830626775576826	0.0324947960504055	0.0	replicated_choices	Full_H7_zero_noage	H7	zero
generative	all	all	high_choice	all_low_fraction	343	26560	0.0	0.0005976676384839	0.0	0.0029154518950437	-0.0005976676384839	1.0	replicated_choices	Full_H7_zero_noage	H7	zero
generative	all	all	high_choice	all_high_fraction	343	26560	0.0204081632653061	0.0	0.0	0.0	0.0204081632653061	0.0	replicated_choices	Full_H7_zero_noage	H7	zero
generative	all	all	investment	mean	343	26560	4.084599526820081	3.998648238107181	3.970542263191321	4.027490115792811	0.0859512887128994	0.0	replicated_choices	Full_H7_zero_noage	H7	zero
generative	all	all	investment	between_participant_sd	343	26560	1.0082542702510489	0.8859513253434929	0.8600110680750837	0.9053928368381576	0.122302944907556	0.0	replicated_choices	Full_H7_zero_noage	H7	zero
conditional	partner	friend	high_choice	mean	343	8872	0.7876668500209096	0.7701203364555559	0.7641268024036632	0.7761687798764216	0.0175465135653537		conditional_expected_behavior	Full_H7_zero_noage	H7	zero
conditional	partner	friend	investment	mean	343	8872	5.017601240225966	5.006433697855616	4.975735825891944	5.034885630336626	0.0111675423703498		conditional_expected_behavior	Full_H7_zero_noage	H7	zero
generative	partner	friend	high_choice	mean	343	8872	0.7876668500209096	0.7697087616838715	0.7604212380973413	0.7803867461606944	0.0179580883370381	0.0	replicated_choices	Full_H7_zero_noage	H7	zero
generative	partner	friend	high_choice	between_participant_sd	343	8872	0.2116234722115117	0.2073775654059888	0.1978332956310034	0.2160335666997654	0.0042459068055228	0.215	replicated_choices	Full_H7_zero_noage	H7	zero
generative	partner	friend	high_choice	all_low_fraction	343	8872	0.0029154518950437	0.0015451895043731	0.0	0.0058309037900874	0.0013702623906705	0.475	replicated_choices	Full_H7_zero_noage	H7	zero
generative	partner	friend	high_choice	all_high_fraction	343	8872	0.1982507288629737	0.1565160349854227	0.1311953352769679	0.1836734693877551	0.041734693877551	0.005	replicated_choices	Full_H7_zero_noage	H7	zero
generative	partner	friend	investment	mean	343	8872	5.017601240225966	5.004949873840627	4.963352071036993	5.0517079248072365	0.0126513663853389	0.3	replicated_choices	Full_H7_zero_noage	H7	zero
generative	partner	friend	investment	between_participant_sd	343	8872	1.0048808630597643	1.0093109117479673	0.9677332973219144	1.0523501895258545	-0.0044300486882027	0.56	replicated_choices	Full_H7_zero_noage	H7	zero
conditional	partner_zero	friend_zero	high_choice	mean	343	3788	0.851088771934253	0.8450980443573347	0.8372433431921666	0.8521202425367435	0.0059907275769183		conditional_expected_behavior	Full_H7_zero_noage	H7	zero
conditional	partner_zero	friend_zero	investment	mean	343	3788	3.967091153096985	3.974906540404977	3.937629023214578	4.007624111624543	-0.0078153873079922		conditional_expected_behavior	Full_H7_zero_noage	H7	zero
generative	partner_zero	friend_zero	high_choice	mean	343	3788	0.851088771934253	0.8445918651319525	0.8324613902456469	0.8553826399143456	0.0064969068023005	0.17	replicated_choices	Full_H7_zero_noage	H7	zero
generative	partner_zero	friend_zero	investment	mean	343	3788	3.967091153096985	3.972973931316501	3.9068698017240338	4.027256582905277	-0.0058827782195165	0.6	replicated_choices	Full_H7_zero_noage	H7	zero
conditional	partner_zero	friend_positive	high_choice	mean	343	5084	0.7412779397473276	0.7146084788331742	0.7071450641807816	0.7234371257682527	0.0266694609141533		conditional_expected_behavior	Full_H7_zero_noage	H7	zero
conditional	partner_zero	friend_positive	investment	mean	343	5084	5.804453005692073	5.775957388284992	5.740273290479356	5.814514573233293	0.0284956174070813		conditional_expected_behavior	Full_H7_zero_noage	H7	zero
generative	partner_zero	friend_positive	high_choice	mean	343	5084	0.7412779397473276	0.7142995887130362	0.7024244672358738	0.7288501318894904	0.0269783510342913	0.0	replicated_choices	Full_H7_zero_noage	H7	zero
generative	partner_zero	friend_positive	investment	mean	343	5084	5.804453005692073	5.77500204775788	5.717539046230738	5.8409285193669325	0.029450957934193	0.24	replicated_choices	Full_H7_zero_noage	H7	zero
conditional	partner	stranger	high_choice	mean	343	8831	0.5373540630913989	0.5368757144266594	0.5286806099778453	0.5431196260560587	0.0004783486647395		conditional_expected_behavior	Full_H7_zero_noage	H7	zero
conditional	partner	stranger	investment	mean	343	8831	3.812396075386715	3.8287027443061343	3.7913451177118898	3.861958900633812	-0.0163066689194191		conditional_expected_behavior	Full_H7_zero_noage	H7	zero
generative	partner	stranger	high_choice	mean	343	8831	0.5373540630913989	0.5372602039503043	0.5267199341177339	0.5466977683396864	9.385914109460992e-05	0.5	replicated_choices	Full_H7_zero_noage	H7	zero
generative	partner	stranger	high_choice	between_participant_sd	343	8831	0.2765932948806203	0.2629845032427521	0.2545193076398813	0.2701915028930446	0.0136087916378681	0.0	replicated_choices	Full_H7_zero_noage	H7	zero
generative	partner	stranger	high_choice	all_low_fraction	343	8831	0.0174927113702623	0.0176822157434402	0.0087463556851311	0.0262390670553935	-0.0001895043731778	0.625	replicated_choices	Full_H7_zero_noage	H7	zero
generative	partner	stranger	high_choice	all_high_fraction	343	8831	0.0670553935860058	0.0366180758017492	0.0204081632653061	0.0525510204081632	0.0304373177842565	0.0	replicated_choices	Full_H7_zero_noage	H7	zero
generative	partner	stranger	investment	mean	343	8831	3.812396075386715	3.831256661055276	3.782360793130637	3.873726754696021	-0.0188605856685604	0.765	replicated_choices	Full_H7_zero_noage	H7	zero
generative	partner	stranger	investment	between_participant_sd	343	8831	1.3184566168570453	1.3149261365107556	1.2795402890618526	1.3479682837840148	0.0035304803462896	0.435	replicated_choices	Full_H7_zero_noage	H7	zero
conditional	partner_zero	stranger_zero	high_choice	mean	342	3764	0.65507487152224	0.6522413861010463	0.641392332252941	0.6609632082081154	0.0028334854211936		conditional_expected_behavior	Full_H7_zero_noage	H7	zero
conditional	partner_zero	stranger_zero	investment	mean	342	3764	2.895398428731762	2.9034963016298203	2.854321528798084	2.947691173339887	-0.0080978728980585		conditional_expected_behavior	Full_H7_zero_noage	H7	zero
generative	partner_zero	stranger_zero	high_choice	mean	342	3764	0.65507487152224	0.6523212313190382	0.6368471262330908	0.668775418660287	0.0027536402032017	0.395	replicated_choices	Full_H7_zero_noage	H7	zero
generative	partner_zero	stranger_zero	investment	mean	342	3764	2.895398428731762	2.905574871522237	2.8396510056707407	2.983987979207273	-0.0101764427904753	0.605	replicated_choices	Full_H7_zero_noage	H7	zero
conditional	partner_zero	stranger_positive	high_choice	mean	343	5067	0.4505417687268999	0.4520212451754528	0.4439293893390955	0.4597530266584104	-0.0014794764485529		conditional_expected_behavior	Full_H7_zero_noage	H7	zero
conditional	partner_zero	stranger_positive	investment	mean	343	5067	4.489744779030493	4.511572402981393	4.472557895500142	4.550941399351404	-0.0218276239508998		conditional_expected_behavior	Full_H7_zero_noage	H7	zero
generative	partner_zero	stranger_positive	high_choice	mean	343	5067	0.4505417687268999	0.4526803195589639	0.4396063302586627	0.4653324102403913	-0.002138550832064	0.63	replicated_choices	Full_H7_zero_noage	H7	zero
generative	partner_zero	stranger_positive	investment	mean	343	5067	4.489744779030493	4.514824008838587	4.452677005331888	4.573590318209487	-0.0250792298080932	0.795	replicated_choices	Full_H7_zero_noage	H7	zero
conditional	partner	computer	high_choice	mean	343	8857	0.4454859472016272	0.4016385467633449	0.3958410719295291	0.4070657789637912	0.0438474004382823		conditional_expected_behavior	Full_H7_zero_noage	H7	zero
conditional	partner	computer	investment	mean	343	8857	3.418969104058736	3.1525663050661787	3.1224754401615398	3.180865433119762	0.2664027989925572		conditional_expected_behavior	Full_H7_zero_noage	H7	zero
generative	partner	computer	high_choice	mean	343	8857	0.4454859472016272	0.4019820582163955	0.3922411284916112	0.4135630125168125	0.0435038889852316	0.0	replicated_choices	Full_H7_zero_noage	H7	zero
generative	partner	computer	high_choice	between_participant_sd	343	8857	0.295307388864754	0.208478618107325	0.1994339789631873	0.2171993943083458	0.086828770757429	0.0	replicated_choices	Full_H7_zero_noage	H7	zero
generative	partner	computer	high_choice	all_low_fraction	343	8857	0.0495626822157434	0.0368950437317784	0.0204081632653061	0.0525510204081632	0.012667638483965	0.09	replicated_choices	Full_H7_zero_noage	H7	zero
generative	partner	computer	high_choice	all_high_fraction	343	8857	0.0524781341107871	0.0003644314868804	0.0	0.0029154518950437	0.0521137026239067	0.0	replicated_choices	Full_H7_zero_noage	H7	zero
generative	partner	computer	investment	mean	343	8857	3.418969104058736	3.153876620580521	3.101579101024311	3.214716613256511	0.2650924834782149	0.0	replicated_choices	Full_H7_zero_noage	H7	zero
generative	partner	computer	investment	between_participant_sd	343	8857	1.3892443512096588	1.0241478083465465	0.9833936165018956	1.0663324289007805	0.3650965428631125	0.0	replicated_choices	Full_H7_zero_noage	H7	zero
conditional	partner_zero	computer_zero	high_choice	mean	342	3780	0.5310486865311427	0.5395804635619134	0.5289099779239372	0.5495265931774295	-0.0085317770307706		conditional_expected_behavior	Full_H7_zero_noage	H7	zero
conditional	partner_zero	computer_zero	investment	mean	342	3780	2.382536729027957	2.3110188978062696	2.259180317696289	2.3598191511166564	0.0715178312216875		conditional_expected_behavior	Full_H7_zero_noage	H7	zero
generative	partner_zero	computer_zero	high_choice	mean	342	3780	0.5310486865311427	0.5396618466410132	0.523387208551682	0.554022780541421	-0.0086131601098705	0.835	replicated_choices	Full_H7_zero_noage	H7	zero
generative	partner_zero	computer_zero	investment	mean	342	3780	2.382536729027957	2.3105072835708795	2.230223907833558	2.388806717973385	0.0720294454570775	0.04	replicated_choices	Full_H7_zero_noage	H7	zero
conditional	partner_zero	computer_positive	high_choice	mean	343	5077	0.3832782013904463	0.2993463838166942	0.2931428573783202	0.3056199546600275	0.0839318175737521		conditional_expected_behavior	Full_H7_zero_noage	H7	zero
conditional	partner_zero	computer_positive	investment	mean	343	5077	4.192534004706016	3.775437915979993	3.746002139381005	3.8058383512501743	0.4170960887260238		conditional_expected_behavior	Full_H7_zero_noage	H7	zero
generative	partner_zero	computer_positive	high_choice	mean	343	5077	0.3832782013904463	0.2999102488457445	0.2858567555096346	0.3133810120071053	0.0833679525447018	0.0	replicated_choices	Full_H7_zero_noage	H7	zero
generative	partner_zero	computer_positive	investment	mean	343	5077	4.192534004706016	3.778185971301132	3.712218026142954	3.8363626044347625	0.4143480334048846	0.0	replicated_choices	Full_H7_zero_noage	H7	zero
conditional	offer	0/2	high_choice	mean	342	3794	0.7111066808435229	0.7245535758741148	0.7147350540653711	0.7325083137560888	-0.0134468950305919		conditional_expected_behavior	Full_H7_zero_noage	H7	zero
conditional	offer	0/2	investment	mean	342	3794	1.4222133616870458	1.4491071517482297	1.4294701081307422	1.4650166275121776	-0.0268937900611838		conditional_expected_behavior	Full_H7_zero_noage	H7	zero
generative	offer	0/2	high_choice	mean	342	3794	0.7111066808435229	0.7244836744639374	0.7090409578238525	0.738789872408293	-0.0133769936204144	0.95	replicated_choices	Full_H7_zero_noage	H7	zero
generative	offer	0/2	investment	mean	342	3794	1.4222133616870458	1.4489673489278747	1.418081915647705	1.477579744816586	-0.0267539872408288	0.95	replicated_choices	Full_H7_zero_noage	H7	zero
conditional	offer	0/4	high_choice	mean	342	3776	0.6926363678556662	0.6865802549139643	0.6784294710601754	0.6935970166890878	0.0060561129417018		conditional_expected_behavior	Full_H7_zero_noage	H7	zero
conditional	offer	0/4	investment	mean	342	3776	2.7705454714226647	2.7463210196558574	2.713717884240701	2.774388066756351	0.0242244517668073		conditional_expected_behavior	Full_H7_zero_noage	H7	zero
generative	offer	0/4	high_choice	mean	342	3776	0.6926363678556662	0.6860283036083473	0.6736224478494213	0.6978474885656902	0.0066080642473188	0.185	replicated_choices	Full_H7_zero_noage	H7	zero
generative	offer	0/4	investment	mean	342	3776	2.7705454714226647	2.7441132144333893	2.694489791397685	2.791389954262761	0.0264322569892754	0.185	replicated_choices	Full_H7_zero_noage	H7	zero
conditional	offer	0/8	high_choice	mean	343	3762	0.633450498319303	0.6266467413644838	0.6185470381920245	0.6343524634354575	0.0068037569548191		conditional_expected_behavior	Full_H7_zero_noage	H7	zero
conditional	offer	0/8	investment	mean	343	3762	5.067603986554424	5.013173930915871	4.948376305536196	5.07481970748366	0.0544300556385533		conditional_expected_behavior	Full_H7_zero_noage	H7	zero
generative	offer	0/8	high_choice	mean	343	3762	0.633450498319303	0.6268120774593077	0.6148560784858164	0.6392236557579125	0.0066384208599953	0.15	replicated_choices	Full_H7_zero_noage	H7	zero
generative	offer	0/8	investment	mean	343	3762	5.067603986554424	5.014496619674461	4.918848627886531	5.1137892460633	0.0531073668799626	0.15	replicated_choices	Full_H7_zero_noage	H7	zero
conditional	offer	2/4	high_choice	mean	343	3810	0.5873060046529435	0.4990707519798665	0.4956572797558504	0.5030152900383513	0.0882352526730769		conditional_expected_behavior	Full_H7_zero_noage	H7	zero
conditional	offer	2/4	investment	mean	343	3810	3.174612009305887	2.998141503959733	2.991314559511704	3.0060305800767027	0.1764705053461535		conditional_expected_behavior	Full_H7_zero_noage	H7	zero
generative	offer	2/4	high_choice	mean	343	3810	0.5873060046529435	0.4990923068670882	0.4843281208587332	0.5136122890714728	0.0882136977858552	0.0	replicated_choices	Full_H7_zero_noage	H7	zero
generative	offer	2/4	investment	mean	343	3810	3.174612009305887	2.998184613734176	2.968656241717466	3.027224578142944	0.1764273955717108	0.0	replicated_choices	Full_H7_zero_noage	H7	zero
conditional	offer	2/8	high_choice	mean	343	7617	0.5228256840663523	0.4830026097770361	0.4773902224299752	0.4888362532889999	0.0398230742893161		conditional_expected_behavior	Full_H7_zero_noage	H7	zero
conditional	offer	2/8	investment	mean	343	7617	5.136954104398114	4.898015658662216	4.8643413345798505	4.933017519733997	0.238938445735898		conditional_expected_behavior	Full_H7_zero_noage	H7	zero
generative	offer	2/8	high_choice	mean	343	7617	0.5228256840663523	0.483498291654225	0.4726449954908551	0.4948900327528047	0.0393273924121272	0.0	replicated_choices	Full_H7_zero_noage	H7	zero
generative	offer	2/8	investment	mean	343	7617	5.136954104398114	4.900989749925349	4.83586997294513	4.9693401965168285	0.2359643544727649	0.0	replicated_choices	Full_H7_zero_noage	H7	zero
conditional	offer	4/8	high_choice	mean	343	3801	0.4674831404423241	0.4913914155175203	0.4868179607152018	0.4964069833961629	-0.0239082750751962		conditional_expected_behavior	Full_H7_zero_noage	H7	zero
conditional	offer	4/8	investment	mean	343	3801	5.869932561769296	5.965565662070081	5.947271842860804	5.985627933584654	-0.0956331003007848		conditional_expected_behavior	Full_H7_zero_noage	H7	zero
generative	offer	4/8	high_choice	mean	343	3801	0.4674831404423241	0.4915089451364962	0.4786570515652142	0.5051800254733932	-0.024025804694172	1.0	replicated_choices	Full_H7_zero_noage	H7	zero
generative	offer	4/8	investment	mean	343	3801	5.869932561769296	5.966035780545985	5.91462820626086	6.020720101893572	-0.0961032187766885	1.0	replicated_choices	Full_H7_zero_noage	H7	zero
conditional	run	1	high_choice	mean	343	14066	0.5917688470421905	0.5695432814403978	0.5654480490118802	0.5739095108130992	0.0222255656017926		conditional_expected_behavior	Full_H7_zero_noage	H7	zero
conditional	run	1	investment	mean	343	14066	4.082216106884758	3.98860234588799	3.9675624396120086	4.0098345600640855	0.0936137609967677		conditional_expected_behavior	Full_H7_zero_noage	H7	zero
generative	run	1	high_choice	mean	343	14066	0.5917688470421905	0.5698327774404798	0.5629981319306746	0.5763324439494542	0.0219360696017106	0.0	replicated_choices	Full_H7_zero_noage	H7	zero
generative	run	1	investment	mean	343	14066	4.082216106884758	3.9904231259120775	3.9551697856065857	4.024191719754919	0.0917929809726803	0.0	replicated_choices	Full_H7_zero_noage	H7	zero
conditional	trial_block	run1_early	high_choice	mean	343	4666	0.6037099440889528	0.5652956528848532	0.5605833372448603	0.5700797602712524	0.0384142912040996		conditional_expected_behavior	Full_H7_zero_noage	H7	zero
conditional	trial_block	run1_early	investment	mean	343	4666	4.208037346521311	4.030076363846944	4.0067256554053	4.0554142467003045	0.1779609826743673		conditional_expected_behavior	Full_H7_zero_noage	H7	zero
generative	trial_block	run1_early	high_choice	mean	343	4666	0.6037099440889528	0.5655298248884254	0.5527197474537127	0.5761653919452754	0.0381801192005274	0.0	replicated_choices	Full_H7_zero_noage	H7	zero
generative	trial_block	run1_early	investment	mean	343	4666	4.208037346521311	4.033147593417272	3.969245234842904	4.0886864350421215	0.1748897531040389	0.0	replicated_choices	Full_H7_zero_noage	H7	zero
conditional	trial_block	run1_middle	high_choice	mean	343	4710	0.5893709303330295	0.5736585190448001	0.5687869866498667	0.5782246251545452	0.0157124112882293		conditional_expected_behavior	Full_H7_zero_noage	H7	zero
conditional	trial_block	run1_middle	investment	mean	343	4710	3.9796910572420776	3.940922128477143	3.914651565759072	3.965840688659237	0.0387689287649344		conditional_expected_behavior	Full_H7_zero_noage	H7	zero
generative	trial_block	run1_middle	high_choice	mean	343	4710	0.5893709303330295	0.5744279857654493	0.5650986161554676	0.5852621831521247	0.0149429445675801	0.01	replicated_choices	Full_H7_zero_noage	H7	zero
generative	trial_block	run1_middle	investment	mean	343	4710	3.9796910572420776	3.943758401462484	3.894027182729807	3.996985999908741	0.035932655779594	0.095	replicated_choices	Full_H7_zero_noage	H7	zero
conditional	trial_block	run1_late	high_choice	mean	343	4690	0.5828850449841703	0.569625188824639	0.5651179961297641	0.574142194241102	0.0132598561595312		conditional_expected_behavior	Full_H7_zero_noage	H7	zero
conditional	trial_block	run1_late	investment	mean	343	4690	4.061813405253639	3.9945771199449855	3.9714139860581454	4.016487226677463	0.067236285308653		conditional_expected_behavior	Full_H7_zero_noage	H7	zero
generative	trial_block	run1_late	high_choice	mean	343	4690	0.5828850449841703	0.5694219970991108	0.5549042041534753	0.5824529442860342	0.0134630478850594	0.025	replicated_choices	Full_H7_zero_noage	H7	zero
generative	trial_block	run1_late	investment	mean	343	4690	4.061813405253639	3.9937491327914056	3.9289482674759646	4.052310998039863	0.0680642724622329	0.02	replicated_choices	Full_H7_zero_noage	H7	zero
conditional	run	2	high_choice	mean	304	12494	0.595515903033181	0.5759050318413476	0.5715705787592511	0.5801876789266459	0.0196108711918334		conditional_expected_behavior	Full_H7_zero_noage	H7	zero
conditional	run	2	investment	mean	304	12494	4.119256805197146	4.031778629235508	4.010588703145578	4.053683171438639	0.0874781759616381		conditional_expected_behavior	Full_H7_zero_noage	H7	zero
generative	run	2	high_choice	mean	304	12494	0.595515903033181	0.5757605781943442	0.5675840069214978	0.5854686124351295	0.0197553248388367	0.0	replicated_choices	Full_H7_zero_noage	H7	zero
generative	run	2	investment	mean	304	12494	4.119256805197146	4.031439304165739	3.994501561556368	4.0727400970364505	0.0878175010314077	0.0	replicated_choices	Full_H7_zero_noage	H7	zero
conditional	trial_block	run2_early	high_choice	mean	304	4175	0.5902290691764375	0.5701979338233604	0.5655075825441448	0.5749539870864148	0.0200311353530771		conditional_expected_behavior	Full_H7_zero_noage	H7	zero
conditional	trial_block	run2_early	investment	mean	304	4175	4.077362659270554	3.990492810698974	3.9657826775850937	4.015410836733893	0.0868698485715797		conditional_expected_behavior	Full_H7_zero_noage	H7	zero
generative	trial_block	run2_early	high_choice	mean	304	4175	0.5902290691764375	0.5703365699541686	0.5571741704019663	0.5867983441996597	0.0198924992222688	0.01	replicated_choices	Full_H7_zero_noage	H7	zero
generative	trial_block	run2_early	investment	mean	304	4175	4.077362659270554	3.990557576743431	3.9224415688478182	4.06526698630317	0.0868050825271224	0.015	replicated_choices	Full_H7_zero_noage	H7	zero
conditional	trial_block	run2_middle	high_choice	mean	304	4171	0.5975026161703794	0.5807974279407866	0.5761449953312247	0.5858274706665212	0.0167051882295927		conditional_expected_behavior	Full_H7_zero_noage	H7	zero
conditional	trial_block	run2_middle	investment	mean	304	4171	4.123581024238919	4.056263009727413	4.030629706409525	4.081601833742913	0.0673180145115059		conditional_expected_behavior	Full_H7_zero_noage	H7	zero
generative	trial_block	run2_middle	high_choice	mean	304	4171	0.5975026161703794	0.5803856252026481	0.5687478032749415	0.5955111331468237	0.0171169909677312	0.005	replicated_choices	Full_H7_zero_noage	H7	zero
generative	trial_block	run2_middle	investment	mean	304	4171	4.123581024238919	4.055417643942315	3.996060735226032	4.125313609088284	0.0681633802966041	0.035	replicated_choices	Full_H7_zero_noage	H7	zero
conditional	trial_block	run2_late	high_choice	mean	304	4148	0.5991199042185884	0.5772812216350137	0.5725334169132908	0.581693193661958	0.0218386825835746		conditional_expected_behavior	Full_H7_zero_noage	H7	zero
conditional	trial_block	run2_late	investment	mean	304	4148	4.155765469910207	4.049277070532729	4.026436482459022	4.071528632451534	0.1064883993774774		conditional_expected_behavior	Full_H7_zero_noage	H7	zero
generative	trial_block	run2_late	high_choice	mean	304	4148	0.5991199042185884	0.5771365774211168	0.5647529416855076	0.5881961190308227	0.0219833267974716	0.0	replicated_choices	Full_H7_zero_noage	H7	zero
generative	trial_block	run2_late	investment	mean	304	4148	4.155765469910207	4.049151226332148	3.994992590560027	4.101675072004019	0.1066142435780586	0.0	replicated_choices	Full_H7_zero_noage	H7	zero
conditional	partner_contrast	friend_minus_computer	high_choice	mean	343	17729	0.3421809028192824	0.3684817896922109	0.3597235736648315	0.3760798155914612	-0.0263008868729285		conditional_expected_behavior	Full_H7_zero_noage	H7	zero
conditional	partner_contrast	friend_minus_stranger	high_choice	mean	343	17703	0.2503127869295107	0.2332446220288963	0.2247652981451616	0.2420308531907601	0.0170681649006144		conditional_expected_behavior	Full_H7_zero_noage	H7	zero
conditional	partner_contrast	stranger_minus_computer	high_choice	mean	343	17688	0.0918681158897716	0.1352371676633145	0.1271195498744443	0.1438824191005927	-0.0433690517735428		conditional_expected_behavior	Full_H7_zero_noage	H7	zero
conditional	partner_contrast	friend_minus_computer	investment	mean	343	17729	1.598632136167231	1.8538673927894391	1.81146450530031	1.894400047767513	-0.2552352566222078		conditional_expected_behavior	Full_H7_zero_noage	H7	zero
conditional	partner_contrast	friend_minus_stranger	investment	mean	343	17703	1.205205164839252	1.1777309535494829	1.1351473231455662	1.2208278283433525	0.027474211289769		conditional_expected_behavior	Full_H7_zero_noage	H7	zero
conditional	partner_contrast	stranger_minus_computer	investment	mean	343	17688	0.3934269713279794	0.6761364392399563	0.6332029517794407	0.7221847031240928	-0.2827094679119769		conditional_expected_behavior	Full_H7_zero_noage	H7	zero
generative	partner_contrast	friend_minus_computer	high_choice	mean	343	17729	0.3421809028192824	0.3677267034674763	0.3513781550943026	0.3823611622120572	-0.0255458006481939	1.0	replicated_choices	Full_H7_zero_noage	H7	zero
generative	partner_contrast	friend_minus_stranger	high_choice	mean	343	17703	0.2503127869295107	0.2324485577335676	0.2188452739903094	0.2463823563847203	0.0178642291959431	0.0	replicated_choices	Full_H7_zero_noage	H7	zero
generative	partner_contrast	stranger_minus_computer	high_choice	mean	343	17688	0.0918681158897716	0.1352781457339087	0.1211261163909421	0.1481991630876787	-0.0434100298441371	1.0	replicated_choices	Full_H7_zero_noage	H7	zero
generative	partner_contrast	friend_minus_computer	investment	mean	343	17729	1.598632136167231	1.8510732532601064	1.7750308767830876	1.92193078551564	-0.2524411170928753	1.0	replicated_choices	Full_H7_zero_noage	H7	zero
generative	partner_contrast	friend_minus_stranger	investment	mean	343	17703	1.205205164839252	1.1736932127853523	1.1128020060864978	1.239401540060578	0.0315119520538993	0.135	replicated_choices	Full_H7_zero_noage	H7	zero
generative	partner_contrast	stranger_minus_computer	investment	mean	343	17688	0.3934269713279794	0.677380040474754	0.6108257359356692	0.745342749703035	-0.2839530691467746	1.0	replicated_choices	Full_H7_zero_noage	H7	zero
conditional	all	all	high_choice	mean	343	26560	0.5905291926810862	0.5500208809225694	0.5452252610869415	0.5544151164223781	0.0405083117585167		conditional_expected_behavior	Full_H8_base_noage	H8	base
conditional	all	all	investment	mean	343	26560	4.084599526820081	3.9732619632827584	3.9485668558477367	3.99600216448286	0.1113375635373223		conditional_expected_behavior	Full_H8_base_noage	H8	base
generative	all	all	high_choice	mean	343	26560	0.5905291926810862	0.5459203689105157	0.5376133972784417	0.5533810986754369	0.0446088237705705	0.0	replicated_choices	Full_H8_base_noage	H8	base
generative	all	all	high_choice	between_participant_sd	343	26560	0.21088514038365	0.1724976960545421	0.1663405519496308	0.1788520215746783	0.0383874443291078	0.0	replicated_choices	Full_H8_base_noage	H8	base
generative	all	all	high_choice	all_low_fraction	343	26560	0.0	0.0001749271137026	0.0	0.0029154518950437	-0.0001749271137026	1.0	replicated_choices	Full_H8_base_noage	H8	base
generative	all	all	high_choice	all_high_fraction	343	26560	0.0204081632653061	2.915451895043732e-05	0.0	0.0	0.0203790087463556	0.0	replicated_choices	Full_H8_base_noage	H8	base
generative	all	all	investment	mean	343	26560	4.084599526820081	3.953221763136408	3.917174000404244	3.9883805698434056	0.1313777636836728	0.0	replicated_choices	Full_H8_base_noage	H8	base
generative	all	all	investment	between_participant_sd	343	26560	1.0082542702510489	0.8813626700015574	0.8517371532700075	0.913254920705213	0.1268916002494914	0.0	replicated_choices	Full_H8_base_noage	H8	base
conditional	partner	friend	high_choice	mean	343	8872	0.7876668500209096	0.5556974335853705	0.5510137324151871	0.5599641365877271	0.2319694164355391		conditional_expected_behavior	Full_H8_base_noage	H8	base
conditional	partner	friend	investment	mean	343	8872	5.017601240225966	4.001642148360471	3.977924966271482	4.024051590739411	1.0159590918654953		conditional_expected_behavior	Full_H8_base_noage	H8	base
generative	partner	friend	high_choice	mean	343	8872	0.7876668500209096	0.5450396999650036	0.533858270960304	0.5547247127768502	0.242627150055906	0.0	replicated_choices	Full_H8_base_noage	H8	base
generative	partner	friend	high_choice	between_participant_sd	343	8872	0.2116234722115117	0.1887903434147584	0.1810233818716704	0.1984055876761452	0.0228331287967533	0.0	replicated_choices	Full_H8_base_noage	H8	base
generative	partner	friend	high_choice	all_low_fraction	343	8872	0.0029154518950437	0.0020553935860058	0.0	0.0058309037900874	0.0008600583090379	0.55	replicated_choices	Full_H8_base_noage	H8	base
generative	partner	friend	high_choice	all_high_fraction	343	8872	0.1982507288629737	0.0013556851311953	0.0	0.0058309037900874	0.1968950437317784	0.0	replicated_choices	Full_H8_base_noage	H8	base
generative	partner	friend	investment	mean	343	8872	5.017601240225966	3.94564846518094	3.889881583292444	3.998938356862055	1.0719527750450264	0.0	replicated_choices	Full_H8_base_noage	H8	base
generative	partner	friend	investment	between_participant_sd	343	8872	1.0048808630597643	0.9596633384347746	0.9221834773021904	1.0020504336371925	0.0452175246249899	0.015	replicated_choices	Full_H8_base_noage	H8	base
conditional	partner_zero	friend_zero	high_choice	mean	343	3788	0.851088771934253	0.5544222766075323	0.5500004704021214	0.5589868013982394	0.2966664953267207		conditional_expected_behavior	Full_H8_base_noage	H8	base
conditional	partner_zero	friend_zero	investment	mean	343	3788	3.967091153096985	2.618627370049269	2.591897569434888	2.644302690461339	1.3484637830477155		conditional_expected_behavior	Full_H8_base_noage	H8	base
generative	partner_zero	friend_zero	high_choice	mean	343	3788	0.851088771934253	0.5468074466026359	0.5307843927614335	0.5612220996933095	0.3042813253316171	0.0	replicated_choices	Full_H8_base_noage	H8	base
generative	partner_zero	friend_zero	investment	mean	343	3788	3.967091153096985	2.5749184914534764	2.4954665985132465	2.6491898314675253	1.3921726616435084	0.0	replicated_choices	Full_H8_base_noage	H8	base
conditional	partner_zero	friend_positive	high_choice	mean	343	5084	0.7412779397473276	0.5566369591137315	0.5515604139324441	0.560949858521045	0.1846409806335961		conditional_expected_behavior	Full_H8_base_noage	H8	base
conditional	partner_zero	friend_positive	investment	mean	343	5084	5.804453005692073	5.030538845263831	5.005101648105838	5.052672764880193	0.7739141604282418		conditional_expected_behavior	Full_H8_base_noage	H8	base
generative	partner_zero	friend_positive	high_choice	mean	343	5084	0.7412779397473276	0.5437214962515619	0.528279492919617	0.5582731587532972	0.1975564434957657	0.0	replicated_choices	Full_H8_base_noage	H8	base
generative	partner_zero	friend_positive	investment	mean	343	5084	5.804453005692073	4.965611429265584	4.896335034013607	5.038752516312647	0.8388415764264892	0.0	replicated_choices	Full_H8_base_noage	H8	base
conditional	partner	stranger	high_choice	mean	343	8831	0.5373540630913989	0.5497267481559371	0.5449837460198964	0.5543326625038487	-0.0123726850645382		conditional_expected_behavior	Full_H8_base_noage	H8	base
conditional	partner	stranger	investment	mean	343	8831	3.812396075386715	3.97381222746931	3.948979706431608	3.997326525922405	-0.1614161520825949		conditional_expected_behavior	Full_H8_base_noage	H8	base
generative	partner	stranger	high_choice	mean	343	8831	0.5373540630913989	0.5472991999639469	0.5361440764300393	0.5584435529629617	-0.009945136872548	0.96	replicated_choices	Full_H8_base_noage	H8	base
generative	partner	stranger	high_choice	between_participant_sd	343	8831	0.2765932948806203	0.1918275996569405	0.1830757855721865	0.1994187468000062	0.0847656952236797	0.0	replicated_choices	Full_H8_base_noage	H8	base
generative	partner	stranger	high_choice	all_low_fraction	343	8831	0.0174927113702623	0.0027551020408163	0.0	0.0087463556851311	0.014737609329446	0.0	replicated_choices	Full_H8_base_noage	H8	base
generative	partner	stranger	high_choice	all_high_fraction	343	8831	0.0670553935860058	0.001472303206997	0.0	0.0058309037900874	0.0655830903790087	0.0	replicated_choices	Full_H8_base_noage	H8	base
generative	partner	stranger	investment	mean	343	8831	3.812396075386715	3.962359822190109	3.906377358627053	4.015906659887919	-0.1499637468033938	1.0	replicated_choices	Full_H8_base_noage	H8	base
generative	partner	stranger	investment	between_participant_sd	343	8831	1.3184566168570453	0.9740239504083218	0.9405426308372932	1.0145931953248863	0.3444326664487235	0.0	replicated_choices	Full_H8_base_noage	H8	base
conditional	partner_zero	stranger_zero	high_choice	mean	342	3764	0.65507487152224	0.5520027099345678	0.5475150187007528	0.5566675869863125	0.1030721615876721		conditional_expected_behavior	Full_H8_base_noage	H8	base
conditional	partner_zero	stranger_zero	investment	mean	342	3764	2.895398428731762	2.6037723013576453	2.578939508264871	2.6305371085874003	0.2916261273741165		conditional_expected_behavior	Full_H8_base_noage	H8	base
generative	partner_zero	stranger_zero	high_choice	mean	342	3764	0.65507487152224	0.5510451001240475	0.5350350544922914	0.5655901485616398	0.1040297713981924	0.0	replicated_choices	Full_H8_base_noage	H8	base
generative	partner_zero	stranger_zero	investment	mean	342	3764	2.895398428731762	2.601292774233564	2.524413100301259	2.6818282975958416	0.2941056544981979	0.0	replicated_choices	Full_H8_base_noage	H8	base
conditional	partner_zero	stranger_positive	high_choice	mean	343	5067	0.4505417687268999	0.5484344725760812	0.5435157404894255	0.5530241430983552	-0.0978927038491813		conditional_expected_behavior	Full_H8_base_noage	H8	base
conditional	partner_zero	stranger_positive	investment	mean	343	5067	4.489744779030493	4.985824299144267	4.961251021569671	5.008028251665807	-0.4960795201137733		conditional_expected_behavior	Full_H8_base_noage	H8	base
generative	partner_zero	stranger_positive	high_choice	mean	343	5067	0.4505417687268999	0.5447742611494434	0.5313969800850264	0.5599636703189911	-0.0942324924225435	1.0	replicated_choices	Full_H8_base_noage	H8	base
generative	partner_zero	stranger_positive	investment	mean	343	5067	4.489744779030493	4.966982037763015	4.904665647156536	5.032036126531388	-0.4772372587325213	1.0	replicated_choices	Full_H8_base_noage	H8	base
conditional	partner	computer	high_choice	mean	343	8857	0.4454859472016272	0.5443164015931059	0.5390144445003197	0.5495171543659021	-0.0988304543914787		conditional_expected_behavior	Full_H8_base_noage	H8	base
conditional	partner	computer	investment	mean	343	8857	3.418969104058736	3.9446561926342576	3.916054408691215	3.971980322701981	-0.5256870885755216		conditional_expected_behavior	Full_H8_base_noage	H8	base
generative	partner	computer	high_choice	mean	343	8857	0.4454859472016272	0.5451125871091268	0.5323955910190037	0.5561291346349391	-0.0996266399074995	1.0	replicated_choices	Full_H8_base_noage	H8	base
generative	partner	computer	high_choice	between_participant_sd	343	8857	0.295307388864754	0.1910740070042256	0.1831875444741536	0.1999231303210384	0.1042333818605283	0.0	replicated_choices	Full_H8_base_noage	H8	base
generative	partner	computer	high_choice	all_low_fraction	343	8857	0.0495626822157434	0.0027405247813411	0.0	0.0087463556851311	0.0468221574344023	0.0	replicated_choices	Full_H8_base_noage	H8	base
generative	partner	computer	high_choice	all_high_fraction	343	8857	0.0524781341107871	0.0016472303206997	0.0	0.0058309037900874	0.0508309037900874	0.0	replicated_choices	Full_H8_base_noage	H8	base
generative	partner	computer	investment	mean	343	8857	3.418969104058736	3.952149714467036	3.8893670450091102	4.006233551051499	-0.5331806104083001	1.0	replicated_choices	Full_H8_base_noage	H8	base
generative	partner	computer	investment	between_participant_sd	343	8857	1.3892443512096588	0.971006834218784	0.932954356552784	1.0168897784417723	0.4182375169908749	0.0	replicated_choices	Full_H8_base_noage	H8	base
conditional	partner_zero	computer_zero	high_choice	mean	342	3780	0.5310486865311427	0.5451262696656047	0.5400591687174842	0.5498481534106748	-0.014077583134462		conditional_expected_behavior	Full_H8_base_noage	H8	base
conditional	partner_zero	computer_zero	investment	mean	342	3780	2.382536729027957	2.5710014181410825	2.543919328408576	2.5981918984775065	-0.1884646891131254		conditional_expected_behavior	Full_H8_base_noage	H8	base
generative	partner_zero	computer_zero	high_choice	mean	342	3780	0.5310486865311427	0.545810482646009	0.53020886602027	0.5604250920862764	-0.0147617961148662	0.97	replicated_choices	Full_H8_base_noage	H8	base
generative	partner_zero	computer_zero	investment	mean	342	3780	2.382536729027957	2.579197338885935	2.5039298899605904	2.6570368524425563	-0.1966606098579779	1.0	replicated_choices	Full_H8_base_noage	H8	base
conditional	partner_zero	computer_positive	high_choice	mean	343	5077	0.3832782013904463	0.5441328619343808	0.5389898033035246	0.5496166431028955	-0.1608546605439345		conditional_expected_behavior	Full_H8_base_noage	H8	base
conditional	partner_zero	computer_positive	investment	mean	343	5077	4.192534004706016	4.9640528270395485	4.937892751368585	4.991120768039697	-0.7715188223335323		conditional_expected_behavior	Full_H8_base_noage	H8	base
generative	partner_zero	computer_positive	high_choice	mean	343	5077	0.3832782013904463	0.5450033326124798	0.5294506562436594	0.5582363151304478	-0.1617251312220334	1.0	replicated_choices	Full_H8_base_noage	H8	base
generative	partner_zero	computer_positive	investment	mean	343	5077	4.192534004706016	4.971016885325558	4.893994594043792	5.033112033536595	-0.7784828806195421	1.0	replicated_choices	Full_H8_base_noage	H8	base
conditional	offer	0/2	high_choice	mean	342	3794	0.7111066808435229	0.5315338113947063	0.5288016736884573	0.5343243628442339	0.1795728694488165		conditional_expected_behavior	Full_H8_base_noage	H8	base
conditional	offer	0/2	investment	mean	342	3794	1.4222133616870458	1.0630676227894127	1.0576033473769146	1.0686487256884678	0.3591457388976331		conditional_expected_behavior	Full_H8_base_noage	H8	base
generative	offer	0/2	high_choice	mean	342	3794	0.7111066808435229	0.5296546311063854	0.5119631254061078	0.5455763039754266	0.1814520497371374	0.0	replicated_choices	Full_H8_base_noage	H8	base
generative	offer	0/2	investment	mean	342	3794	1.4222133616870458	1.0593092622127709	1.0239262508122156	1.0911526079508531	0.3629040994742749	0.0	replicated_choices	Full_H8_base_noage	H8	base
conditional	offer	0/4	high_choice	mean	342	3776	0.6926363678556662	0.5547400018019587	0.5500930005120451	0.5594235053872417	0.1378963660537074		conditional_expected_behavior	Full_H8_base_noage	H8	base
conditional	offer	0/4	investment	mean	342	3776	2.7705454714226647	2.218960007207835	2.2003720020481805	2.237694021548967	0.5515854642148299		conditional_expected_behavior	Full_H8_base_noage	H8	base
generative	offer	0/4	high_choice	mean	342	3776	0.6926363678556662	0.5514059559673595	0.5336955129827935	0.5659110898036339	0.1412304118883066	0.0	replicated_choices	Full_H8_base_noage	H8	base
generative	offer	0/4	investment	mean	342	3776	2.7705454714226647	2.205623823869438	2.134782051931174	2.263644359214536	0.5649216475532266	0.0	replicated_choices	Full_H8_base_noage	H8	base
conditional	offer	0/8	high_choice	mean	343	3762	0.633450498319303	0.5651694050393952	0.5581523186721602	0.5718394203607058	0.0682810932799078		conditional_expected_behavior	Full_H8_base_noage	H8	base
conditional	offer	0/8	investment	mean	343	3762	5.067603986554424	4.521355240315161	4.465218549377282	4.574715362885646	0.5462487462392627		conditional_expected_behavior	Full_H8_base_noage	H8	base
generative	offer	0/8	high_choice	mean	343	3762	0.633450498319303	0.5625343459585441	0.5469548830663993	0.5786386643401954	0.0709161523607588	0.0	replicated_choices	Full_H8_base_noage	H8	base
generative	offer	0/8	investment	mean	343	3762	5.067603986554424	4.500274767668353	4.375639064531194	4.629109314721563	0.567329218886071	0.0	replicated_choices	Full_H8_base_noage	H8	base
conditional	offer	2/4	high_choice	mean	343	3810	0.5873060046529435	0.5306621886629602	0.5279848628966954	0.5335371921233577	0.0566438159899832		conditional_expected_behavior	Full_H8_base_noage	H8	base
conditional	offer	2/4	investment	mean	343	3810	3.174612009305887	3.0613243773259207	3.055969725793391	3.067074384246714	0.1132876319799662		conditional_expected_behavior	Full_H8_base_noage	H8	base
generative	offer	2/4	high_choice	mean	343	3810	0.5873060046529435	0.5273459311987009	0.5066333314401825	0.5412138828939118	0.0599600734542425	0.0	replicated_choices	Full_H8_base_noage	H8	base
generative	offer	2/4	investment	mean	343	3810	3.174612009305887	3.0546918623974024	3.0132666628803646	3.082427765787826	0.1199201469084845	0.0	replicated_choices	Full_H8_base_noage	H8	base
conditional	offer	2/8	high_choice	mean	343	7617	0.5228256840663523	0.5601024452053778	0.5538691006811981	0.5659898460539944	-0.0372767611390254		conditional_expected_behavior	Full_H8_base_noage	H8	base
conditional	offer	2/8	investment	mean	343	7617	5.136954104398114	5.360614671232266	5.323214604087188	5.395939076323967	-0.2236605668341518		conditional_expected_behavior	Full_H8_base_noage	H8	base
generative	offer	2/8	high_choice	mean	343	7617	0.5228256840663523	0.5537074210710962	0.5426733410706056	0.5658104478209187	-0.0308817370047438	1.0	replicated_choices	Full_H8_base_noage	H8	base
generative	offer	2/8	investment	mean	343	7617	5.136954104398114	5.322244526426577	5.2560400464236325	5.394862686925516	-0.185290422028463	1.0	replicated_choices	Full_H8_base_noage	H8	base
conditional	offer	4/8	high_choice	mean	343	3801	0.4674831404423241	0.5484326779866475	0.5441580543130707	0.5530172672468534	-0.0809495375443234		conditional_expected_behavior	Full_H8_base_noage	H8	base
conditional	offer	4/8	investment	mean	343	3801	5.869932561769296	6.19373071194659	6.176632217252286	6.212069068987415	-0.3237981501772937		conditional_expected_behavior	Full_H8_base_noage	H8	base
generative	offer	4/8	high_choice	mean	343	3801	0.4674831404423241	0.5436107761286331	0.5253516211679475	0.5610467650263569	-0.0761276356863089	1.0	replicated_choices	Full_H8_base_noage	H8	base
generative	offer	4/8	investment	mean	343	3801	5.869932561769296	6.174443104514535	6.10140648467179	6.24418706010543	-0.3045105427452386	1.0	replicated_choices	Full_H8_base_noage	H8	base
conditional	run	1	high_choice	mean	343	14066	0.5917688470421905	0.5243212251585204	0.5179703565653414	0.5296498335178143	0.06744762188367		conditional_expected_behavior	Full_H8_base_noage	H8	base
conditional	run	1	investment	mean	343	14066	4.082216106884758	3.8314725862306034	3.7989374470199673	3.85999006369842	0.2507435206541544		conditional_expected_behavior	Full_H8_base_noage	H8	base
generative	run	1	high_choice	mean	343	14066	0.5917688470421905	0.5169268573701833	0.5057961450754849	0.5254471497154263	0.0748419896720071	0.0	replicated_choices	Full_H8_base_noage	H8	base
generative	run	1	investment	mean	343	14066	4.082216106884758	3.794839166730176	3.743038119196725	3.845747208299032	0.2873769401545818	0.0	replicated_choices	Full_H8_base_noage	H8	base
conditional	trial_block	run1_early	high_choice	mean	343	4666	0.6037099440889528	0.4606204530859615	0.4539642025721875	0.4681590732650615	0.1430894910029913		conditional_expected_behavior	Full_H8_base_noage	H8	base
conditional	trial_block	run1_early	investment	mean	343	4666	4.208037346521311	3.54693204497514	3.511176824474547	3.5861221143890005	0.6611053015461712		conditional_expected_behavior	Full_H8_base_noage	H8	base
generative	trial_block	run1_early	high_choice	mean	343	4666	0.6037099440889528	0.4492289428258816	0.4348291225295599	0.4632873564724876	0.1544810012630712	0.0	replicated_choices	Full_H8_base_noage	H8	base
generative	trial_block	run1_early	investment	mean	343	4666	4.208037346521311	3.491953063942859	3.4236923911851034	3.562476663278412	0.7160842825784521	0.0	replicated_choices	Full_H8_base_noage	H8	base
conditional	trial_block	run1_middle	high_choice	mean	343	4710	0.5893709303330295	0.5462884543366932	0.5393248474178644	0.5522188460656969	0.0430824759963363		conditional_expected_behavior	Full_H8_base_noage	H8	base
conditional	trial_block	run1_middle	investment	mean	343	4710	3.9796910572420776	3.889364413076054	3.851949113210525	3.921970319064389	0.0903266441660237		conditional_expected_behavior	Full_H8_base_noage	H8	base
generative	trial_block	run1_middle	high_choice	mean	343	4710	0.5893709303330295	0.5377922488104704	0.5230779121267458	0.554094479378736	0.051578681522559	0.0	replicated_choices	Full_H8_base_noage	H8	base
generative	trial_block	run1_middle	investment	mean	343	4710	3.9796910572420776	3.8455288962737937	3.770586214077469	3.917696979890858	0.1341621609682839	0.0	replicated_choices	Full_H8_base_noage	H8	base
conditional	trial_block	run1_late	high_choice	mean	343	4690	0.5828850449841703	0.5656424880396398	0.5597270088326116	0.5713143603223266	0.0172425569445304		conditional_expected_behavior	Full_H8_base_noage	H8	base
conditional	trial_block	run1_late	investment	mean	343	4690	4.061813405253639	4.056322523842444	4.0252956743388	4.086670150504304	0.0054908814111946		conditional_expected_behavior	Full_H8_base_noage	H8	base
generative	trial_block	run1_late	high_choice	mean	343	4690	0.5828850449841703	0.5633546839457918	0.5473376526291979	0.5773434146028895	0.0195303610383784	0.0	replicated_choices	Full_H8_base_noage	H8	base
generative	trial_block	run1_late	investment	mean	343	4690	4.061813405253639	4.045267754597201	3.9649769836577424	4.11125696703685	0.0165456506564378	0.335	replicated_choices	Full_H8_base_noage	H8	base
conditional	run	2	high_choice	mean	304	12494	0.595515903033181	0.5853353328167148	0.5792581004161038	0.5922004495986661	0.0101805702164662		conditional_expected_behavior	Full_H8_base_noage	H8	base
conditional	run	2	investment	mean	304	12494	4.119256805197146	4.164278299374563	4.131887799649239	4.200818673609729	-0.0450214941774165		conditional_expected_behavior	Full_H8_base_noage	H8	base
generative	run	2	high_choice	mean	304	12494	0.595515903033181	0.5851290543424537	0.575458653791814	0.5955545359559556	0.0103868486907273	0.03	replicated_choices	Full_H8_base_noage	H8	base
generative	run	2	investment	mean	304	12494	4.119256805197146	4.164353494114112	4.11849545751098	4.218320035305853	-0.0450966889169652	0.97	replicated_choices	Full_H8_base_noage	H8	base
conditional	trial_block	run2_early	high_choice	mean	304	4175	0.5902290691764375	0.5813882025633056	0.5757590253182117	0.5869457891603633	0.0088408666131318		conditional_expected_behavior	Full_H8_base_noage	H8	base
conditional	trial_block	run2_early	investment	mean	304	4175	4.077362659270554	4.12943958171288	4.098609410824622	4.161013829395507	-0.0520769224423265		conditional_expected_behavior	Full_H8_base_noage	H8	base
generative	trial_block	run2_early	high_choice	mean	304	4175	0.5902290691764375	0.5808540270036979	0.563691878297141	0.5952300481864627	0.0093750421727395	0.1	replicated_choices	Full_H8_base_noage	H8	base
generative	trial_block	run2_early	investment	mean	304	4175	4.077362659270554	4.128608733371891	4.0445109933925725	4.19559497520024	-0.0512460741013374	0.895	replicated_choices	Full_H8_base_noage	H8	base
conditional	trial_block	run2_middle	high_choice	mean	304	4171	0.5975026161703794	0.5868856104070967	0.5810856344790492	0.5936537506698616	0.0106170057632826		conditional_expected_behavior	Full_H8_base_noage	H8	base
conditional	trial_block	run2_middle	investment	mean	304	4171	4.123581024238919	4.177995845823709	4.145230551753033	4.213882366521055	-0.0544148215847899		conditional_expected_behavior	Full_H8_base_noage	H8	base
generative	trial_block	run2_middle	high_choice	mean	304	4171	0.5975026161703794	0.5874462471464937	0.571015102176697	0.6050423776698444	0.0100563690238856	0.11	replicated_choices	Full_H8_base_noage	H8	base
generative	trial_block	run2_middle	investment	mean	304	4171	4.123581024238919	4.181033681504898	4.108886547023883	4.261146648946813	-0.057452657265979	0.905	replicated_choices	Full_H8_base_noage	H8	base
conditional	trial_block	run2_late	high_choice	mean	304	4148	0.5991199042185884	0.5877460550908011	0.5805154007950608	0.5949322427876296	0.0113738491277872		conditional_expected_behavior	Full_H8_base_noage	H8	base
conditional	trial_block	run2_late	investment	mean	304	4148	4.155765469910207	4.183496624881822	4.144072443293892	4.220400145468304	-0.0277311549716152		conditional_expected_behavior	Full_H8_base_noage	H8	base
generative	trial_block	run2_late	high_choice	mean	304	4148	0.5991199042185884	0.5870927064529038	0.5718574695589503	0.6020963402460109	0.0120271977656846	0.045	replicated_choices	Full_H8_base_noage	H8	base
generative	trial_block	run2_late	investment	mean	304	4148	4.155765469910207	4.181531763010381	4.110820245178793	4.24613489763161	-0.0257662931001743	0.785	replicated_choices	Full_H8_base_noage	H8	base
conditional	partner_contrast	friend_minus_computer	high_choice	mean	343	17729	0.3421809028192824	0.0113810319922646	0.008920155878745	0.0136816905342028	0.3307998708270177		conditional_expected_behavior	Full_H8_base_noage	H8	base
conditional	partner_contrast	friend_minus_stranger	high_choice	mean	343	17703	0.2503127869295107	0.0059706854294333	0.0042245467757876	0.0078996499288575	0.2443421015000773		conditional_expected_behavior	Full_H8_base_noage	H8	base
conditional	partner_contrast	stranger_minus_computer	high_choice	mean	343	17688	0.0918681158897716	0.0054103465628312	0.0038293850946465	0.0071104850336802	0.0864577693269403		conditional_expected_behavior	Full_H8_base_noage	H8	base
conditional	partner_contrast	friend_minus_computer	investment	mean	343	17729	1.598632136167231	0.0569859557262129	0.0430416567052662	0.0686321266415083	1.5416461804410184		conditional_expected_behavior	Full_H8_base_noage	H8	base
conditional	partner_contrast	friend_minus_stranger	investment	mean	343	17703	1.205205164839252	0.0278299208911599	0.0183109878575932	0.0397404279960051	1.177375243948092		conditional_expected_behavior	Full_H8_base_noage	H8	base
conditional	partner_contrast	stranger_minus_computer	investment	mean	343	17688	0.3934269713279794	0.0291560348350529	0.0195024157444325	0.038855822434094	0.3642709364929264		conditional_expected_behavior	Full_H8_base_noage	H8	base
generative	partner_contrast	friend_minus_computer	high_choice	mean	343	17729	0.3421809028192824	-7.28871441231142e-05	-0.0146226209508776	0.0152188273367864	0.3422537899634055	0.0	replicated_choices	Full_H8_base_noage	H8	base
generative	partner_contrast	friend_minus_stranger	high_choice	mean	343	17703	0.2503127869295107	-0.0022594999989431	-0.0175969147470804	0.010434619002408	0.2525722869284539	0.0	replicated_choices	Full_H8_base_noage	H8	base
generative	partner_contrast	stranger_minus_computer	high_choice	mean	343	17688	0.0918681158897716	0.00218661285482	-0.0118251224938234	0.016727979668167	0.0896815030349515	0.0	replicated_choices	Full_H8_base_noage	H8	base
generative	partner_contrast	friend_minus_computer	investment	mean	343	17729	1.598632136167231	-0.0065012492860956	-0.0780987615330842	0.0654959790872968	1.605133385453327	0.0	replicated_choices	Full_H8_base_noage	H8	base
generative	partner_contrast	friend_minus_stranger	investment	mean	343	17703	1.205205164839252	-0.0167113570091691	-0.0837672372841241	0.0468889115496649	1.2219165218484211	0.0	replicated_choices	Full_H8_base_noage	H8	base
generative	partner_contrast	stranger_minus_computer	investment	mean	343	17688	0.3934269713279794	0.0102101077230734	-0.0545640929439473	0.0789557259141641	0.3832168636049059	0.0	replicated_choices	Full_H8_base_noage	H8	base
conditional	all	all	high_choice	mean	343	26560	0.5905291926810862	0.5711942649515669	0.567254004613422	0.5754255678206808	0.0193349277295192		conditional_expected_behavior	Full_H8_zero_noage	H8	zero
conditional	all	all	investment	mean	343	26560	4.084599526820081	4.016292917561104	3.994614919926615	4.039617563646911	0.0683066092589772		conditional_expected_behavior	Full_H8_zero_noage	H8	zero
generative	all	all	high_choice	mean	343	26560	0.5905291926810862	0.5709056338230287	0.5634409479463017	0.578071443014944	0.0196235588580574	0.0	replicated_choices	Full_H8_zero_noage	H8	zero
generative	all	all	high_choice	between_participant_sd	343	26560	0.21088514038365	0.1843857598893016	0.1782221847596546	0.1903579905394191	0.0264993804943483	0.0	replicated_choices	Full_H8_zero_noage	H8	zero
generative	all	all	high_choice	all_low_fraction	343	26560	0.0	0.000204081632653	0.0	0.0029154518950437	-0.000204081632653	1.0	replicated_choices	Full_H8_zero_noage	H8	zero
generative	all	all	high_choice	all_high_fraction	343	26560	0.0204081632653061	1.4577259475218658e-05	0.0	0.0	0.0203935860058309	0.0	replicated_choices	Full_H8_zero_noage	H8	zero
generative	all	all	investment	mean	343	26560	4.084599526820081	4.015807068456899	3.979610112683808	4.051417069869373	0.0687924583631813	0.0	replicated_choices	Full_H8_zero_noage	H8	zero
generative	all	all	investment	between_participant_sd	343	26560	1.0082542702510489	0.9356340111213904	0.9104640022693818	0.9652849131174924	0.0726202591296584	0.0	replicated_choices	Full_H8_zero_noage	H8	zero
conditional	partner	friend	high_choice	mean	343	8872	0.7876668500209096	0.577586946384405	0.5730370480727184	0.5817536019388826	0.2100799036365046		conditional_expected_behavior	Full_H8_zero_noage	H8	zero
conditional	partner	friend	investment	mean	343	8872	5.017601240225966	4.050632759978925	4.026520131870267	4.073410595158338	0.9669684802470409		conditional_expected_behavior	Full_H8_zero_noage	H8	zero
generative	partner	friend	high_choice	mean	343	8872	0.7876668500209096	0.5717839539764406	0.5616976917342571	0.5815599926363172	0.215882896044469	0.0	replicated_choices	Full_H8_zero_noage	H8	zero
generative	partner	friend	high_choice	between_participant_sd	343	8872	0.2116234722115117	0.1974385085357319	0.188757238299183	0.2064584708426372	0.0141849636757797	0.0	replicated_choices	Full_H8_zero_noage	H8	zero
generative	partner	friend	high_choice	all_low_fraction	343	8872	0.0029154518950437	0.0018658892128279	0.0	0.0058309037900874	0.0010495626822157	0.56	replicated_choices	Full_H8_zero_noage	H8	zero
generative	partner	friend	high_choice	all_high_fraction	343	8872	0.1982507288629737	0.005	0.0	0.0145772594752186	0.1932507288629737	0.0	replicated_choices	Full_H8_zero_noage	H8	zero
generative	partner	friend	investment	mean	343	8872	5.017601240225966	4.019802048830348	3.968659531084154	4.0704399638883375	0.997799191395618	0.0	replicated_choices	Full_H8_zero_noage	H8	zero
generative	partner	friend	investment	between_participant_sd	343	8872	1.0048808630597643	0.9989830059729348	0.9583885278531998	1.0400817643399751	0.0058978570868298	0.38	replicated_choices	Full_H8_zero_noage	H8	zero
conditional	partner_zero	friend_zero	high_choice	mean	343	3788	0.851088771934253	0.6848988657736668	0.6778310440692337	0.6925414565728357	0.1661899061605862		conditional_expected_behavior	Full_H8_zero_noage	H8	zero
conditional	partner_zero	friend_zero	investment	mean	343	3788	3.967091153096985	3.1275265224457813	3.093375008214963	3.1630096183765475	0.8395646306512035		conditional_expected_behavior	Full_H8_zero_noage	H8	zero
generative	partner_zero	friend_zero	high_choice	mean	343	3788	0.851088771934253	0.6808997403228452	0.6672305836372894	0.6979081474890514	0.1701890316114078	0.0	replicated_choices	Full_H8_zero_noage	H8	zero
generative	partner_zero	friend_zero	investment	mean	343	3788	3.967091153096985	3.104247108738361	3.028297484423577	3.1939143307291977	0.8628440443586238	0.0	replicated_choices	Full_H8_zero_noage	H8	zero
conditional	partner_zero	friend_positive	high_choice	mean	343	5084	0.7412779397473276	0.4978559011539846	0.4916899413476436	0.5034830420882349	0.2434220385933429		conditional_expected_behavior	Full_H8_zero_noage	H8	zero
conditional	partner_zero	friend_positive	investment	mean	343	5084	5.804453005692073	4.738497715674107	4.707609660665082	4.765538289779731	1.065955290017966		conditional_expected_behavior	Full_H8_zero_noage	H8	zero
generative	partner_zero	friend_positive	high_choice	mean	343	5084	0.7412779397473276	0.4908192680133277	0.4766681851311953	0.5060119047619046	0.2504586717339998	0.0	replicated_choices	Full_H8_zero_noage	H8	zero
generative	partner_zero	friend_positive	investment	mean	343	5084	5.804453005692073	4.702979366236291	4.638891694432876	4.778441448007772	1.101473639455782	0.0	replicated_choices	Full_H8_zero_noage	H8	zero
conditional	partner	stranger	high_choice	mean	343	8831	0.5373540630913989	0.5703536816072645	0.565887617314138	0.5751279673253729	-0.0329996185158656		conditional_expected_behavior	Full_H8_zero_noage	H8	zero
conditional	partner	stranger	investment	mean	343	8831	3.812396075386715	4.012248335054656	3.987094607852128	4.038003363508292	-0.1998522596679404		conditional_expected_behavior	Full_H8_zero_noage	H8	zero
generative	partner	stranger	high_choice	mean	343	8831	0.5373540630913989	0.5707311461602871	0.5608198519203078	0.5815226547235542	-0.0333770830688882	1.0	replicated_choices	Full_H8_zero_noage	H8	zero
generative	partner	stranger	high_choice	between_participant_sd	343	8831	0.2765932948806203	0.2001897953680793	0.1919646796312042	0.2083760987472237	0.0764034995125409	0.0	replicated_choices	Full_H8_zero_noage	H8	zero
generative	partner	stranger	high_choice	all_low_fraction	343	8831	0.0174927113702623	0.0026093294460641	0.0	0.0087463556851311	0.0148833819241982	0.0	replicated_choices	Full_H8_zero_noage	H8	zero
generative	partner	stranger	high_choice	all_high_fraction	343	8831	0.0670553935860058	0.0038483965014577	0.0	0.0116618075801749	0.0632069970845481	0.0	replicated_choices	Full_H8_zero_noage	H8	zero
generative	partner	stranger	investment	mean	343	8831	3.812396075386715	4.0150988000053855	3.967104888793472	4.067494505392372	-0.2027027246186703	1.0	replicated_choices	Full_H8_zero_noage	H8	zero
generative	partner	stranger	investment	between_participant_sd	343	8831	1.3184566168570453	1.0123036063458035	0.9724248277018608	1.0562498734721826	0.3061530105112415	0.0	replicated_choices	Full_H8_zero_noage	H8	zero
conditional	partner_zero	stranger_zero	high_choice	mean	342	3764	0.65507487152224	0.6807156774317477	0.6734109058313331	0.6885452459717104	-0.0256408059095076		conditional_expected_behavior	Full_H8_zero_noage	H8	zero
conditional	partner_zero	stranger_zero	investment	mean	342	3764	2.895398428731762	3.0906380132755755	3.0558662130733323	3.12734728404801	-0.1952395845438137		conditional_expected_behavior	Full_H8_zero_noage	H8	zero
generative	partner_zero	stranger_zero	high_choice	mean	342	3764	0.65507487152224	0.68184713730876	0.666316010987064	0.6965517750605463	-0.02677226578652	1.0	replicated_choices	Full_H8_zero_noage	H8	zero
generative	partner_zero	stranger_zero	investment	mean	342	3764	2.895398428731762	3.0989743192155457	3.0272461456671964	3.183148812688286	-0.2035758904837838	1.0	replicated_choices	Full_H8_zero_noage	H8	zero
conditional	partner_zero	stranger_positive	high_choice	mean	343	5067	0.4505417687268999	0.4894345948870691	0.4837542933638432	0.4954817716042169	-0.0388928261601692		conditional_expected_behavior	Full_H8_zero_noage	H8	zero
conditional	partner_zero	stranger_positive	investment	mean	343	5067	4.489744779030493	4.693742783921001	4.665025998414929	4.723862902422226	-0.2039980048905079		conditional_expected_behavior	Full_H8_zero_noage	H8	zero
generative	partner_zero	stranger_positive	high_choice	mean	343	5067	0.4505417687268999	0.4890993885244978	0.4759664970597914	0.5033563090213966	-0.0385576197975979	1.0	replicated_choices	Full_H8_zero_noage	H8	zero
generative	partner_zero	stranger_positive	investment	mean	343	5067	4.489744779030493	4.691703789650583	4.627593260116947	4.757675160116852	-0.2019590106200892	1.0	replicated_choices	Full_H8_zero_noage	H8	zero
conditional	partner	computer	high_choice	mean	343	8857	0.4454859472016272	0.5652295375843873	0.5602998318547805	0.5699282087961473	-0.1197435903827601		conditional_expected_behavior	Full_H8_zero_noage	H8	zero
conditional	partner	computer	investment	mean	343	8857	3.418969104058736	3.985520358467924	3.9607227507240776	4.009418722564249	-0.5665512544091875		conditional_expected_behavior	Full_H8_zero_noage	H8	zero
generative	partner	computer	high_choice	mean	343	8857	0.4454859472016272	0.5698329942236225	0.5586243963528609	0.5802166436756558	-0.1243470470219953	1.0	replicated_choices	Full_H8_zero_noage	H8	zero
generative	partner	computer	high_choice	between_participant_sd	343	8857	0.295307388864754	0.2006898323118028	0.1923943219148711	0.2091447599564533	0.0946175565529512	0.0	replicated_choices	Full_H8_zero_noage	H8	zero
generative	partner	computer	high_choice	all_low_fraction	343	8857	0.0495626822157434	0.0026384839650145	0.0	0.0087463556851311	0.0469241982507288	0.0	replicated_choices	Full_H8_zero_noage	H8	zero
generative	partner	computer	high_choice	all_high_fraction	343	8857	0.0524781341107871	0.0047813411078717	0.0	0.0116618075801749	0.0476967930029154	0.0	replicated_choices	Full_H8_zero_noage	H8	zero
generative	partner	computer	investment	mean	343	8857	3.418969104058736	4.012304120195425	3.9619751674138506	4.067396423453433	-0.5933350161366886	1.0	replicated_choices	Full_H8_zero_noage	H8	zero
generative	partner	computer	investment	between_participant_sd	343	8857	1.3892443512096588	1.0139790298972522	0.976073393123434	1.057504587341794	0.3752653213124066	0.0	replicated_choices	Full_H8_zero_noage	H8	zero
conditional	partner_zero	computer_zero	high_choice	mean	342	3780	0.5310486865311427	0.6735437670479407	0.6659953293140741	0.6814742570671857	-0.142495080516798		conditional_expected_behavior	Full_H8_zero_noage	H8	zero
conditional	partner_zero	computer_zero	investment	mean	342	3780	2.382536729027957	3.058592012702385	3.023068203182901	3.0945431985293004	-0.6760552836744278		conditional_expected_behavior	Full_H8_zero_noage	H8	zero
generative	partner_zero	computer_zero	high_choice	mean	342	3780	0.5310486865311427	0.6776828360885375	0.6615703083466237	0.6933989329384059	-0.1466341495573948	1.0	replicated_choices	Full_H8_zero_noage	H8	zero
generative	partner_zero	computer_zero	investment	mean	342	3780	2.382536729027957	3.0857635840442845	3.0077378262575576	3.1558822403230264	-0.7032268550163274	1.0	replicated_choices	Full_H8_zero_noage	H8	zero
conditional	partner_zero	computer_positive	high_choice	mean	343	5077	0.3832782013904463	0.4854245190532712	0.4798897635142843	0.4914104005223551	-0.1021463176628248		conditional_expected_behavior	Full_H8_zero_noage	H8	zero
conditional	partner_zero	computer_positive	investment	mean	343	5077	4.192534004706016	4.67426605702024	4.645609960656873	4.70423054486905	-0.4817320523142232		conditional_expected_behavior	Full_H8_zero_noage	H8	zero
generative	partner_zero	computer_positive	high_choice	mean	343	5077	0.3832782013904463	0.4903494717745811	0.4751099746544353	0.5014836243890544	-0.1070712703841347	1.0	replicated_choices	Full_H8_zero_noage	H8	zero
generative	partner_zero	computer_positive	investment	mean	343	5077	4.192534004706016	4.700675887806718	4.632627533221557	4.752504970329315	-0.5081418831007021	1.0	replicated_choices	Full_H8_zero_noage	H8	zero
conditional	offer	0/2	high_choice	mean	342	3794	0.7111066808435229	0.7108219337798911	0.7027372347135068	0.7196984634142389	0.0002847470636317		conditional_expected_behavior	Full_H8_zero_noage	H8	zero
conditional	offer	0/2	investment	mean	342	3794	1.4222133616870458	1.4216438675597822	1.4054744694270136	1.439396926828478	0.0005694941272635		conditional_expected_behavior	Full_H8_zero_noage	H8	zero
generative	offer	0/2	high_choice	mean	342	3794	0.7111066808435229	0.7104277792545333	0.6955864566719827	0.7260908795557915	0.0006789015889896	0.47	replicated_choices	Full_H8_zero_noage	H8	zero
generative	offer	0/2	investment	mean	342	3794	1.4222133616870458	1.4208555585090663	1.3911729133439654	1.452181759111583	0.0013578031779792	0.47	replicated_choices	Full_H8_zero_noage	H8	zero
conditional	offer	0/4	high_choice	mean	342	3776	0.6926363678556662	0.6889714025003011	0.6809311427998926	0.6970507062896327	0.003664965355365		conditional_expected_behavior	Full_H8_zero_noage	H8	zero
conditional	offer	0/4	investment	mean	342	3776	2.7705454714226647	2.7558856100012044	2.7237245711995706	2.788202825158531	0.0146598614214603		conditional_expected_behavior	Full_H8_zero_noage	H8	zero
generative	offer	0/4	high_choice	mean	342	3776	0.6926363678556662	0.6890224134621064	0.6709556535488556	0.7058971160012827	0.0036139543935598	0.325	replicated_choices	Full_H8_zero_noage	H8	zero
generative	offer	0/4	investment	mean	342	3776	2.7705454714226647	2.7560896538484254	2.6838226141954222	2.8235884640051307	0.0144558175742393	0.325	replicated_choices	Full_H8_zero_noage	H8	zero
conditional	offer	0/8	high_choice	mean	343	3762	0.633450498319303	0.6389179718829814	0.6310877077952637	0.646414693889568	-0.0054674735636783		conditional_expected_behavior	Full_H8_zero_noage	H8	zero
conditional	offer	0/8	investment	mean	343	3762	5.067603986554424	5.111343775063851	5.0487016623621095	5.171317551116544	-0.043739788509427		conditional_expected_behavior	Full_H8_zero_noage	H8	zero
generative	offer	0/8	high_choice	mean	343	3762	0.633450498319303	0.6404551202360969	0.6241846358209334	0.6548403890003749	-0.0070046219167938	0.81	replicated_choices	Full_H8_zero_noage	H8	zero
generative	offer	0/8	investment	mean	343	3762	5.067603986554424	5.123640961888775	4.993477086567467	5.238723112002999	-0.0560369753343508	0.81	replicated_choices	Full_H8_zero_noage	H8	zero
conditional	offer	2/4	high_choice	mean	343	3810	0.5873060046529435	0.4973458579180689	0.4940052138868768	0.500683265996307	0.0899601467348745		conditional_expected_behavior	Full_H8_zero_noage	H8	zero
conditional	offer	2/4	investment	mean	343	3810	3.174612009305887	2.9946917158361384	2.9880104277737574	3.0013665319926126	0.1799202934697485		conditional_expected_behavior	Full_H8_zero_noage	H8	zero
generative	offer	2/4	high_choice	mean	343	3810	0.5873060046529435	0.4968421143967791	0.4797055519796043	0.512809388133732	0.0904638902561643	0.0	replicated_choices	Full_H8_zero_noage	H8	zero
generative	offer	2/4	investment	mean	343	3810	3.174612009305887	2.9936842287935588	2.959411103959208	3.025618776267463	0.1809277805123281	0.0	replicated_choices	Full_H8_zero_noage	H8	zero
conditional	offer	2/8	high_choice	mean	343	7617	0.5228256840663523	0.4874685041359817	0.48041206528546	0.4943950698275708	0.0353571799303706		conditional_expected_behavior	Full_H8_zero_noage	H8	zero
conditional	offer	2/8	investment	mean	343	7617	5.136954104398114	4.92481102481589	4.882472391712755	4.966370418965426	0.2121430795822245		conditional_expected_behavior	Full_H8_zero_noage	H8	zero
generative	offer	2/8	high_choice	mean	343	7617	0.5228256840663523	0.4866845524035345	0.475447441837798	0.4979598596998282	0.0361411316628178	0.0	replicated_choices	Full_H8_zero_noage	H8	zero
generative	offer	2/8	investment	mean	343	7617	5.136954104398114	4.920107314421207	4.852684651026789	4.987759158198971	0.2168467899769073	0.0	replicated_choices	Full_H8_zero_noage	H8	zero
conditional	offer	4/8	high_choice	mean	343	3801	0.4674831404423241	0.4917048011580686	0.4863760996135277	0.4975101051508035	-0.0242216607157444		conditional_expected_behavior	Full_H8_zero_noage	H8	zero
conditional	offer	4/8	investment	mean	343	3801	5.869932561769296	5.966819204632275	5.945504398454113	5.990040420603213	-0.0968866428629784		conditional_expected_behavior	Full_H8_zero_noage	H8	zero
generative	offer	4/8	high_choice	mean	343	3801	0.4674831404423241	0.490447293636069	0.4721723245575285	0.5070460987425273	-0.0229641531937449	0.99	replicated_choices	Full_H8_zero_noage	H8	zero
generative	offer	4/8	investment	mean	343	3801	5.869932561769296	5.961789174544276	5.888689298230115	6.028184394970114	-0.09185661277498	0.99	replicated_choices	Full_H8_zero_noage	H8	zero
conditional	run	1	high_choice	mean	343	14066	0.5917688470421905	0.550681276204959	0.544979345760885	0.5564887725360458	0.0410875708372314		conditional_expected_behavior	Full_H8_zero_noage	H8	zero
conditional	run	1	investment	mean	343	14066	4.082216106884758	3.9024865639217854	3.871396895348396	3.932336195361056	0.1797295429629715		conditional_expected_behavior	Full_H8_zero_noage	H8	zero
generative	run	1	high_choice	mean	343	14066	0.5917688470421905	0.549325973101585	0.5384724279534179	0.5596411318678693	0.0424428739406054	0.0	replicated_choices	Full_H8_zero_noage	H8	zero
generative	run	1	investment	mean	343	14066	4.082216106884758	3.896812165182238	3.8446318407420144	3.95170976137207	0.1854039417025199	0.0	replicated_choices	Full_H8_zero_noage	H8	zero
conditional	trial_block	run1_early	high_choice	mean	343	4666	0.6037099440889528	0.5056372043906494	0.4971300520276083	0.5150547570380505	0.0980727396983034		conditional_expected_behavior	Full_H8_zero_noage	H8	zero
conditional	trial_block	run1_early	investment	mean	343	4666	4.208037346521311	3.721558743336192	3.6772970992475376	3.773999952716045	0.4864786031851196		conditional_expected_behavior	Full_H8_zero_noage	H8	zero
generative	trial_block	run1_early	high_choice	mean	343	4666	0.6037099440889528	0.5035489971641576	0.48841629701688	0.5175393605422763	0.1001609469247952	0.0	replicated_choices	Full_H8_zero_noage	H8	zero
generative	trial_block	run1_early	investment	mean	343	4666	4.208037346521311	3.712551590780454	3.635243655761152	3.790279848916872	0.4954857557408574	0.0	replicated_choices	Full_H8_zero_noage	H8	zero
conditional	trial_block	run1_middle	high_choice	mean	343	4710	0.5893709303330295	0.5632528268139373	0.5571462701182537	0.5695976220099618	0.0261181035190921		conditional_expected_behavior	Full_H8_zero_noage	H8	zero
conditional	trial_block	run1_middle	investment	mean	343	4710	3.9796910572420776	3.9022818409892	3.8694399048425416	3.934770156690318	0.0774092162528772		conditional_expected_behavior	Full_H8_zero_noage	H8	zero
generative	trial_block	run1_middle	high_choice	mean	343	4710	0.5893709303330295	0.5611776323773409	0.5479976498234511	0.575435065420488	0.0281932979556885	0.0	replicated_choices	Full_H8_zero_noage	H8	zero
generative	trial_block	run1_middle	investment	mean	343	4710	3.9796910572420776	3.8925166534146127	3.818519842645205	3.968066607833373	0.0871744038274648	0.015	replicated_choices	Full_H8_zero_noage	H8	zero
conditional	trial_block	run1_late	high_choice	mean	343	4690	0.5828850449841703	0.5827930544092145	0.5778682009568934	0.5881182833544552	9.199057495579144e-05		conditional_expected_behavior	Full_H8_zero_noage	H8	zero
conditional	trial_block	run1_late	investment	mean	343	4690	4.061813405253639	4.081610981072825	4.054226131576787	4.111020122769886	-0.0197975758191866		conditional_expected_behavior	Full_H8_zero_noage	H8	zero
generative	trial_block	run1_late	high_choice	mean	343	4690	0.5828850449841703	0.5828725984899453	0.568265077973533	0.5951285934667855	1.2446494224938044e-05	0.505	replicated_choices	Full_H8_zero_noage	H8	zero
generative	trial_block	run1_late	investment	mean	343	4690	4.061813405253639	4.0831674797505695	4.008620002446532	4.144726760120346	-0.0213540744969309	0.75	replicated_choices	Full_H8_zero_noage	H8	zero
conditional	run	2	high_choice	mean	304	12494	0.595515903033181	0.6005378834222835	0.5943917153969875	0.6070079693904392	-0.0050219803891025		conditional_expected_behavior	Full_H8_zero_noage	H8	zero
conditional	run	2	investment	mean	304	12494	4.119256805197146	4.174647806171283	4.141315672596219	4.210696479873374	-0.0553910009741365		conditional_expected_behavior	Full_H8_zero_noage	H8	zero
generative	run	2	high_choice	mean	304	12494	0.595515903033181	0.6015335495853172	0.5920900243747035	0.6108884173034728	-0.0060176465521362	0.865	replicated_choices	Full_H8_zero_noage	H8	zero
generative	run	2	investment	mean	304	12494	4.119256805197146	4.180638447477968	4.13071430474053	4.230651882301005	-0.0613816422808213	0.995	replicated_choices	Full_H8_zero_noage	H8	zero
conditional	trial_block	run2_early	high_choice	mean	304	4175	0.5902290691764375	0.5942335131067906	0.5889194768709924	0.6000379617608896	-0.0040044439303531		conditional_expected_behavior	Full_H8_zero_noage	H8	zero
conditional	trial_block	run2_early	investment	mean	304	4175	4.077362659270554	4.13523390118928	4.107635146219488	4.166979240668306	-0.0578712419187263		conditional_expected_behavior	Full_H8_zero_noage	H8	zero
generative	trial_block	run2_early	high_choice	mean	304	4175	0.5902290691764375	0.5951945516106698	0.5794847408622074	0.6094890964298856	-0.0049654824342323	0.75	replicated_choices	Full_H8_zero_noage	H8	zero
generative	trial_block	run2_early	investment	mean	304	4175	4.077362659270554	4.1412129810978495	4.062766183925721	4.213155728591582	-0.0638503218272958	0.945	replicated_choices	Full_H8_zero_noage	H8	zero
conditional	trial_block	run2_middle	high_choice	mean	304	4171	0.5975026161703794	0.6046187880993272	0.5976702242019656	0.6113154158123253	-0.0071161719289478		conditional_expected_behavior	Full_H8_zero_noage	H8	zero
conditional	trial_block	run2_middle	investment	mean	304	4171	4.123581024238919	4.194305470686198	4.159328178134172	4.23084575951388	-0.0707244464472793		conditional_expected_behavior	Full_H8_zero_noage	H8	zero
generative	trial_block	run2_middle	high_choice	mean	304	4171	0.5975026161703794	0.6063716652499547	0.5917922298370487	0.620397523939876	-0.0088690490795753	0.85	replicated_choices	Full_H8_zero_noage	H8	zero
generative	trial_block	run2_middle	investment	mean	304	4171	4.123581024238919	4.2027556947803655	4.136920021225119	4.267776614376122	-0.0791746705414464	0.995	replicated_choices	Full_H8_zero_noage	H8	zero
conditional	trial_block	run2_late	high_choice	mean	304	4148	0.5991199042185884	0.6030355899760488	0.5961231876997372	0.6104436690902623	-0.0039156857574603		conditional_expected_behavior	Full_H8_zero_noage	H8	zero
conditional	trial_block	run2_late	investment	mean	304	4148	4.155765469910207	4.1933933852682745	4.156026613643174	4.2320734583298885	-0.037627915358068		conditional_expected_behavior	Full_H8_zero_noage	H8	zero
generative	trial_block	run2_late	high_choice	mean	304	4148	0.5991199042185884	0.6033377899512766	0.5894240098351942	0.6177131010436925	-0.0042178857326882	0.725	replicated_choices	Full_H8_zero_noage	H8	zero
generative	trial_block	run2_late	investment	mean	304	4148	4.155765469910207	4.197007399033714	4.115125373529978	4.283440376326888	-0.0412419291235073	0.875	replicated_choices	Full_H8_zero_noage	H8	zero
conditional	partner_contrast	friend_minus_computer	high_choice	mean	343	17729	0.3421809028192824	0.0123574088000175	0.0098876540387834	0.0148057186262458	0.3298234940192648		conditional_expected_behavior	Full_H8_zero_noage	H8	zero
conditional	partner_contrast	friend_minus_stranger	high_choice	mean	343	17703	0.2503127869295107	0.0072332647771404	0.0051802864708813	0.0093321116463809	0.2430795221523703		conditional_expected_behavior	Full_H8_zero_noage	H8	zero
conditional	partner_contrast	stranger_minus_computer	high_choice	mean	343	17688	0.0918681158897716	0.0051241440228771	0.0034323951327782	0.0069581785776086	0.0867439718668944		conditional_expected_behavior	Full_H8_zero_noage	H8	zero
conditional	partner_contrast	friend_minus_computer	investment	mean	343	17729	1.598632136167231	0.0651124015110018	0.0511166783601806	0.0788398415453848	1.5335197346562297		conditional_expected_behavior	Full_H8_zero_noage	H8	zero
conditional	partner_contrast	friend_minus_stranger	investment	mean	343	17703	1.205205164839252	0.0383844249242707	0.0269042276897292	0.0493380715230318	1.1668207399149813		conditional_expected_behavior	Full_H8_zero_noage	H8	zero
conditional	partner_contrast	stranger_minus_computer	investment	mean	343	17688	0.3934269713279794	0.026727976586731	0.0164533922180938	0.0379046878906769	0.3666989947412483		conditional_expected_behavior	Full_H8_zero_noage	H8	zero
generative	partner_contrast	friend_minus_computer	high_choice	mean	343	17729	0.3421809028192824	0.0019509597528181	-0.0115504619185285	0.0170479220086028	0.3402299430664642	0.0	replicated_choices	Full_H8_zero_noage	H8	zero
generative	partner_contrast	friend_minus_stranger	high_choice	mean	343	17703	0.2503127869295107	0.0010528078161533	-0.0119069162148174	0.0123293262797242	0.2492599791133573	0.0	replicated_choices	Full_H8_zero_noage	H8	zero
generative	partner_contrast	stranger_minus_computer	high_choice	mean	343	17688	0.0918681158897716	0.0008981519366647	-0.0109135534505353	0.0145579865649758	0.0909699639531068	0.0	replicated_choices	Full_H8_zero_noage	H8	zero
generative	partner_contrast	friend_minus_computer	investment	mean	343	17729	1.598632136167231	0.0074979286349235	-0.0647156503976778	0.0751823818342266	1.5911342075323078	0.0	replicated_choices	Full_H8_zero_noage	H8	zero
generative	partner_contrast	friend_minus_stranger	investment	mean	343	17703	1.205205164839252	0.0047032488249623	-0.0635226455519039	0.0652158482595672	1.2005019160142896	0.0	replicated_choices	Full_H8_zero_noage	H8	zero
generative	partner_contrast	stranger_minus_computer	investment	mean	343	17688	0.3934269713279794	0.0027946798099612	-0.0568250752312754	0.074414201406244	0.3906322915180181	0.0	replicated_choices	Full_H8_zero_noage	H8	zero
conditional	all	all	high_choice	mean	343	26560	0.5905291926810862	0.5687985764634739	0.5653901700322366	0.5733736259434421	0.0217306162176122		conditional_expected_behavior	Full_HPreference_zero_noage_draws4000	HPreference	zero
conditional	all	all	investment	mean	343	26560	4.084599526820081	3.9982687147036593	3.978933571748055	4.022077675682322	0.0863308121164214		conditional_expected_behavior	Full_HPreference_zero_noage_draws4000	HPreference	zero
generative	all	all	high_choice	mean	343	26560	0.5905291926810862	0.5694757475840191	0.5622608666545084	0.5756961711428524	0.021053445097067	0.0	replicated_choices	Full_HPreference_zero_noage_draws4000	HPreference	zero
generative	all	all	high_choice	between_participant_sd	343	26560	0.21088514038365	0.1738039540997459	0.1678716198429002	0.178888767027552	0.037081186283904	0.0	replicated_choices	Full_HPreference_zero_noage_draws4000	HPreference	zero
generative	all	all	high_choice	all_low_fraction	343	26560	0.0	0.0002478134110787	0.0	0.0029154518950437	-0.0002478134110787	1.0	replicated_choices	Full_HPreference_zero_noage_draws4000	HPreference	zero
generative	all	all	high_choice	all_high_fraction	343	26560	0.0204081632653061	1.4577259475218658e-05	0.0	0.0	0.0203935860058309	0.0	replicated_choices	Full_HPreference_zero_noage_draws4000	HPreference	zero
generative	all	all	investment	mean	343	26560	4.084599526820081	4.001984544531105	3.967469579932595	4.034896196616578	0.0826149822889759	0.0	replicated_choices	Full_HPreference_zero_noage_draws4000	HPreference	zero
generative	all	all	investment	between_participant_sd	343	26560	1.0082542702510489	0.8617056159422017	0.8358694431182108	0.8867297070168516	0.1465486543088471	0.0	replicated_choices	Full_HPreference_zero_noage_draws4000	HPreference	zero
conditional	partner	friend	high_choice	mean	343	8872	0.7876668500209096	0.7710376198133152	0.7643031018949957	0.7768399918001296	0.0166292302075944		conditional_expected_behavior	Full_HPreference_zero_noage_draws4000	HPreference	zero
conditional	partner	friend	investment	mean	343	8872	5.017601240225966	5.017183112623158	4.983328639068438	5.045945512613201	0.0004181276028081		conditional_expected_behavior	Full_HPreference_zero_noage_draws4000	HPreference	zero
generative	partner	friend	high_choice	mean	343	8872	0.7876668500209096	0.7717805520069652	0.7618292547704886	0.780479635762984	0.0158862980139444	0.0	replicated_choices	Full_HPreference_zero_noage_draws4000	HPreference	zero
generative	partner	friend	high_choice	between_participant_sd	343	8872	0.2116234722115117	0.2049267060470503	0.1943739352062098	0.2149291884410949	0.0066967661644613	0.075	replicated_choices	Full_HPreference_zero_noage_draws4000	HPreference	zero
generative	partner	friend	high_choice	all_low_fraction	343	8872	0.0029154518950437	0.0029737609329446	0.0	0.0058309037900874	-5.830903790087503e-05	0.83	replicated_choices	Full_HPreference_zero_noage_draws4000	HPreference	zero
generative	partner	friend	high_choice	all_high_fraction	343	8872	0.1982507288629737	0.1485131195335277	0.1224489795918367	0.175	0.049737609329446	0.0	replicated_choices	Full_HPreference_zero_noage_draws4000	HPreference	zero
generative	partner	friend	investment	mean	343	8872	5.017601240225966	5.020949192539239	4.975194884517018	5.065345834970823	-0.0033479523132724	0.575	replicated_choices	Full_HPreference_zero_noage_draws4000	HPreference	zero
generative	partner	friend	investment	between_participant_sd	343	8872	1.0048808630597643	0.996628341389758	0.9465806096961455	1.0499887290021883	0.0082525216700064	0.36	replicated_choices	Full_HPreference_zero_noage_draws4000	HPreference	zero
conditional	partner_zero	friend_zero	high_choice	mean	343	3788	0.851088771934253	0.8453427598196196	0.8376995071832188	0.8519056677914688	0.0057460121146334		conditional_expected_behavior	Full_HPreference_zero_noage_draws4000	HPreference	zero
conditional	partner_zero	friend_zero	investment	mean	343	3788	3.967091153096985	3.982680644074344	3.945528702273073	4.016076234744757	-0.0155894909773586		conditional_expected_behavior	Full_HPreference_zero_noage_draws4000	HPreference	zero
generative	partner_zero	friend_zero	high_choice	mean	343	3788	0.851088771934253	0.8462380836688417	0.8333448657756235	0.8577469930458271	0.0048506882654113	0.225	replicated_choices	Full_HPreference_zero_noage_draws4000	HPreference	zero
generative	partner_zero	friend_zero	investment	mean	343	3788	3.967091153096985	3.987220542576961	3.922419204540199	4.045391535092705	-0.0201293894799765	0.745	replicated_choices	Full_HPreference_zero_noage_draws4000	HPreference	zero
conditional	partner_zero	friend_positive	high_choice	mean	343	5084	0.7412779397473276	0.7160036032942853	0.7072297297878759	0.7238295893715684	0.0252743364530423		conditional_expected_behavior	Full_HPreference_zero_noage_draws4000	HPreference	zero
conditional	partner_zero	friend_positive	investment	mean	343	5084	5.804453005692073	5.7889885864019694	5.745940029431258	5.826536134949244	0.0154644192901036		conditional_expected_behavior	Full_HPreference_zero_noage_draws4000	HPreference	zero
generative	partner_zero	friend_positive	high_choice	mean	343	5084	0.7412779397473276	0.7167549979175343	0.7039940823268084	0.7300538837984173	0.0245229418297933	0.0	replicated_choices	Full_HPreference_zero_noage_draws4000	HPreference	zero
generative	partner_zero	friend_positive	investment	mean	343	5084	5.804453005692073	5.7928046994307945	5.726749357906429	5.853931781896432	0.0116483062612786	0.375	replicated_choices	Full_HPreference_zero_noage_draws4000	HPreference	zero
conditional	partner	stranger	high_choice	mean	343	8831	0.5373540630913989	0.53000724816379	0.5226728035336061	0.5378171749618427	0.0073468149276089		conditional_expected_behavior	Full_HPreference_zero_noage_draws4000	HPreference	zero
conditional	partner	stranger	investment	mean	343	8831	3.812396075386715	3.8045904122627134	3.7667763775268632	3.843189841165258	0.0078056631240008		conditional_expected_behavior	Full_HPreference_zero_noage_draws4000	HPreference	zero
generative	partner	stranger	high_choice	mean	343	8831	0.5373540630913989	0.5307452371814995	0.5200299651995897	0.5430818880288762	0.0066088259098994	0.145	replicated_choices	Full_HPreference_zero_noage_draws4000	HPreference	zero
generative	partner	stranger	high_choice	between_participant_sd	343	8831	0.2765932948806203	0.2590460629930821	0.2492602427536041	0.2676914898403117	0.0175472318875381	0.0	replicated_choices	Full_HPreference_zero_noage_draws4000	HPreference	zero
generative	partner	stranger	high_choice	all_low_fraction	343	8831	0.0174927113702623	0.0251895043731778	0.0145772594752186	0.0349854227405247	-0.0076967930029154	0.96	replicated_choices	Full_HPreference_zero_noage_draws4000	HPreference	zero
generative	partner	stranger	high_choice	all_high_fraction	343	8831	0.0670553935860058	0.0184402332361516	0.0086734693877551	0.032069970845481	0.0486151603498542	0.0	replicated_choices	Full_HPreference_zero_noage_draws4000	HPreference	zero
generative	partner	stranger	investment	mean	343	8831	3.812396075386715	3.8081467646434	3.763185335865161	3.8685677944564345	0.0042493107433152	0.42	replicated_choices	Full_HPreference_zero_noage_draws4000	HPreference	zero
generative	partner	stranger	investment	between_participant_sd	343	8831	1.3184566168570453	1.2995355945773297	1.2573775526283142	1.3443500947080986	0.0189210222797155	0.16	replicated_choices	Full_HPreference_zero_noage_draws4000	HPreference	zero
conditional	partner_zero	stranger_zero	high_choice	mean	342	3764	0.65507487152224	0.6482516772599807	0.6399991333120284	0.6575477109656107	0.0068231942622593		conditional_expected_behavior	Full_HPreference_zero_noage_draws4000	HPreference	zero
conditional	partner_zero	stranger_zero	investment	mean	342	3764	2.895398428731762	2.891546269718059	2.851251410265269	2.9371946820475365	0.0038521590137028		conditional_expected_behavior	Full_HPreference_zero_noage_draws4000	HPreference	zero
generative	partner_zero	stranger_zero	high_choice	mean	342	3764	0.65507487152224	0.6488475434166222	0.6362653951798686	0.6643428436410892	0.0062273281056177	0.195	replicated_choices	Full_HPreference_zero_noage_draws4000	HPreference	zero
generative	partner_zero	stranger_zero	investment	mean	342	3764	2.895398428731762	2.895376845944826	2.832592740268175	2.970944496130897	2.158278693586979e-05	0.49	replicated_choices	Full_HPreference_zero_noage_draws4000	HPreference	zero
conditional	partner_zero	stranger_positive	high_choice	mean	343	5067	0.4505417687268999	0.4428665235961261	0.43333953486064	0.4512726104076453	0.0076752451307737		conditional_expected_behavior	Full_HPreference_zero_noage_draws4000	HPreference	zero
conditional	partner_zero	stranger_positive	investment	mean	343	5067	4.489744779030493	4.477750459203822	4.432475390819561	4.520704197545643	0.0119943198266714		conditional_expected_behavior	Full_HPreference_zero_noage_draws4000	HPreference	zero
generative	partner_zero	stranger_positive	high_choice	mean	343	5067	0.4505417687268999	0.4437758069797063	0.4300913936646443	0.4578408135232114	0.0067659617471935	0.195	replicated_choices	Full_HPreference_zero_noage_draws4000	HPreference	zero
generative	partner_zero	stranger_positive	investment	mean	343	5067	4.489744779030493	4.481422314201833	4.419901156909174	4.550695942177358	0.0083224648286606	0.41	replicated_choices	Full_HPreference_zero_noage_draws4000	HPreference	zero
conditional	partner	computer	high_choice	mean	343	8857	0.4454859472016272	0.4040818727579241	0.3974578790495816	0.4100444504182952	0.041404074443703		conditional_expected_behavior	Full_HPreference_zero_noage_draws4000	HPreference	zero
conditional	partner	computer	investment	mean	343	8857	3.418969104058736	3.168368081644752	3.1349164044175577	3.198768874378417	0.2506010224139841		conditional_expected_behavior	Full_HPreference_zero_noage_draws4000	HPreference	zero
generative	partner	computer	high_choice	mean	343	8857	0.4454859472016272	0.4046750707797173	0.3934572958486897	0.4160820380061087	0.0408108764219098	0.0	replicated_choices	Full_HPreference_zero_noage_draws4000	HPreference	zero
generative	partner	computer	high_choice	between_participant_sd	343	8857	0.295307388864754	0.2084688092480319	0.2007326021961259	0.2180491111036333	0.0868385796167221	0.0	replicated_choices	Full_HPreference_zero_noage_draws4000	HPreference	zero
generative	partner	computer	high_choice	all_low_fraction	343	8857	0.0495626822157434	0.0391253644314868	0.0233236151603498	0.0583090379008746	0.0104373177842565	0.17	replicated_choices	Full_HPreference_zero_noage_draws4000	HPreference	zero
generative	partner	computer	high_choice	all_high_fraction	343	8857	0.0524781341107871	0.0002915451895043	0.0	0.0029154518950437	0.0521865889212828	0.0	replicated_choices	Full_HPreference_zero_noage_draws4000	HPreference	zero
generative	partner	computer	investment	mean	343	8857	3.418969104058736	3.172155572414096	3.1107876888240464	3.2226307515465047	0.2468135316446402	0.0	replicated_choices	Full_HPreference_zero_noage_draws4000	HPreference	zero
generative	partner	computer	investment	between_participant_sd	343	8857	1.3892443512096588	1.0192236455398662	0.9856634986778734	1.0624035090830142	0.3700207056697926	0.0	replicated_choices	Full_HPreference_zero_noage_draws4000	HPreference	zero
conditional	partner_zero	computer_zero	high_choice	mean	342	3780	0.5310486865311427	0.5426801774080187	0.5334513770230708	0.5517822142044249	-0.0116314908768759		conditional_expected_behavior	Full_HPreference_zero_noage_draws4000	HPreference	zero
conditional	partner_zero	computer_zero	investment	mean	342	3780	2.382536729027957	2.332401113980537	2.2850424436467804	2.3776431965152045	0.0501356150474201		conditional_expected_behavior	Full_HPreference_zero_noage_draws4000	HPreference	zero
generative	partner_zero	computer_zero	high_choice	mean	342	3780	0.5310486865311427	0.5433440303199074	0.5292331338658093	0.5606569427567232	-0.0122953437887647	0.925	replicated_choices	Full_HPreference_zero_noage_draws4000	HPreference	zero
generative	partner_zero	computer_zero	investment	mean	342	3780	2.382536729027957	2.3375004018885592	2.2612736702868275	2.4182536887251795	0.0450363271393978	0.17	replicated_choices	Full_HPreference_zero_noage_draws4000	HPreference	zero
conditional	partner_zero	computer_positive	high_choice	mean	343	5077	0.3832782013904463	0.3011912995172839	0.2941615814082799	0.3083961607288875	0.0820869018731623		conditional_expected_behavior	Full_HPreference_zero_noage_draws4000	HPreference	zero
conditional	partner_zero	computer_positive	investment	mean	343	5077	4.192534004706016	3.786361332356313	3.754188664548216	3.820346179260464	0.4061726723497032		conditional_expected_behavior	Full_HPreference_zero_noage_draws4000	HPreference	zero
generative	partner_zero	computer_positive	high_choice	mean	343	5077	0.3832782013904463	0.3018768152603794	0.2891930445647647	0.3160515016446139	0.0814013861300668	0.0	replicated_choices	Full_HPreference_zero_noage_draws4000	HPreference	zero
generative	partner_zero	computer_positive	investment	mean	343	5077	4.192534004706016	3.7899236469313	3.7257721653548894	3.85304824690211	0.4026103577747166	0.0	replicated_choices	Full_HPreference_zero_noage_draws4000	HPreference	zero
conditional	offer	0/2	high_choice	mean	342	3794	0.7111066808435229	0.7215911348853384	0.7136565302010979	0.7292327536937767	-0.0104844540418155		conditional_expected_behavior	Full_HPreference_zero_noage_draws4000	HPreference	zero
conditional	offer	0/2	investment	mean	342	3794	1.4222133616870458	1.4431822697706769	1.4273130604021955	1.4584655073875534	-0.020968908083631		conditional_expected_behavior	Full_HPreference_zero_noage_draws4000	HPreference	zero
generative	offer	0/2	high_choice	mean	342	3794	0.7111066808435229	0.7217330985291507	0.7083653050977609	0.7366697309350814	-0.0106264176856277	0.93	replicated_choices	Full_HPreference_zero_noage_draws4000	HPreference	zero
generative	offer	0/2	investment	mean	342	3794	1.4222133616870458	1.4434661970583014	1.4167306101955215	1.4733394618701627	-0.0212528353712555	0.93	replicated_choices	Full_HPreference_zero_noage_draws4000	HPreference	zero
conditional	offer	0/4	high_choice	mean	342	3776	0.6926363678556662	0.6852085188489858	0.6787817671158426	0.6922048925937273	0.0074278490066803		conditional_expected_behavior	Full_HPreference_zero_noage_draws4000	HPreference	zero
conditional	offer	0/4	investment	mean	342	3776	2.7705454714226647	2.7408340753959437	2.7151270684633704	2.768819570374909	0.0297113960267214		conditional_expected_behavior	Full_HPreference_zero_noage_draws4000	HPreference	zero
generative	offer	0/4	high_choice	mean	342	3776	0.6926363678556662	0.6859287518037516	0.6706891096638902	0.6986377718285611	0.0067076160519146	0.16	replicated_choices	Full_HPreference_zero_noage_draws4000	HPreference	zero
generative	offer	0/4	investment	mean	342	3776	2.7705454714226647	2.7437150072150063	2.6827564386555607	2.7945510873142445	0.0268304642076584	0.16	replicated_choices	Full_HPreference_zero_noage_draws4000	HPreference	zero
conditional	offer	0/8	high_choice	mean	343	3762	0.633450498319303	0.6300676122742371	0.6236207351168005	0.6370788049016888	0.0033828860450658		conditional_expected_behavior	Full_HPreference_zero_noage_draws4000	HPreference	zero
conditional	offer	0/8	investment	mean	343	3762	5.067603986554424	5.040540898193897	4.988965880934404	5.09663043921351	0.0270630883605269		conditional_expected_behavior	Full_HPreference_zero_noage_draws4000	HPreference	zero
generative	offer	0/8	high_choice	mean	343	3762	0.633450498319303	0.6312631053348983	0.619697421949608	0.6448424740953891	0.0021873929844047	0.37	replicated_choices	Full_HPreference_zero_noage_draws4000	HPreference	zero
generative	offer	0/8	investment	mean	343	3762	5.067603986554424	5.050104842679186	4.957579375596864	5.158739792763113	0.0174991438752378	0.37	replicated_choices	Full_HPreference_zero_noage_draws4000	HPreference	zero
conditional	offer	2/4	high_choice	mean	343	3810	0.5873060046529435	0.4922001142133799	0.4875817243471828	0.4963563822363955	0.0951058904395635		conditional_expected_behavior	Full_HPreference_zero_noage_draws4000	HPreference	zero
conditional	offer	2/4	investment	mean	343	3810	3.174612009305887	2.98440022842676	2.975163448694368	2.99271276447279	0.1902117808791268		conditional_expected_behavior	Full_HPreference_zero_noage_draws4000	HPreference	zero
generative	offer	2/4	high_choice	mean	343	3810	0.5873060046529435	0.4926366528677024	0.4765017522160374	0.507986781601942	0.094669351785241	0.0	replicated_choices	Full_HPreference_zero_noage_draws4000	HPreference	zero
generative	offer	2/4	investment	mean	343	3810	3.174612009305887	2.985273305735405	2.953003504432076	3.015973563203882	0.1893387035704821	0.0	replicated_choices	Full_HPreference_zero_noage_draws4000	HPreference	zero
conditional	offer	2/8	high_choice	mean	343	7617	0.5228256840663523	0.4841145182737651	0.4779663497468679	0.490158441875855	0.0387111657925871		conditional_expected_behavior	Full_HPreference_zero_noage_draws4000	HPreference	zero
conditional	offer	2/8	investment	mean	343	7617	5.136954104398114	4.904687109642591	4.867798098481213	4.940950651255133	0.2322669947555233		conditional_expected_behavior	Full_HPreference_zero_noage_draws4000	HPreference	zero
generative	offer	2/8	high_choice	mean	343	7617	0.5228256840663523	0.4849170758246183	0.4729299406612817	0.4947856174958034	0.037908608241734	0.0	replicated_choices	Full_HPreference_zero_noage_draws4000	HPreference	zero
generative	offer	2/8	investment	mean	343	7617	5.136954104398114	4.9095024549477095	4.837579643967691	4.968713704974821	0.2274516494504048	0.0	replicated_choices	Full_HPreference_zero_noage_draws4000	HPreference	zero
conditional	offer	4/8	high_choice	mean	343	3801	0.4674831404423241	0.4879517886192419	0.4820883084996182	0.4933782193595699	-0.0204686481769178		conditional_expected_behavior	Full_HPreference_zero_noage_draws4000	HPreference	zero
conditional	offer	4/8	investment	mean	343	3801	5.869932561769296	5.951807154476968	5.928353233998478	5.973512877438281	-0.0818745927076713		conditional_expected_behavior	Full_HPreference_zero_noage_draws4000	HPreference	zero
generative	offer	4/8	high_choice	mean	343	3801	0.4674831404423241	0.4887992571487469	0.4739845613570106	0.5040785405071116	-0.0213161167064228	1.0	replicated_choices	Full_HPreference_zero_noage_draws4000	HPreference	zero
generative	offer	4/8	investment	mean	343	3801	5.869932561769296	5.95519702859499	5.8959382454280425	6.016314162028452	-0.0852644668256932	1.0	replicated_choices	Full_HPreference_zero_noage_draws4000	HPreference	zero
conditional	run	1	high_choice	mean	343	14066	0.5917688470421905	0.5682853820718305	0.5649192486228185	0.5727480750217951	0.0234834649703599		conditional_expected_behavior	Full_HPreference_zero_noage_draws4000	HPreference	zero
conditional	run	1	investment	mean	343	14066	4.082216106884758	3.9893377427314287	3.972211380871134	4.012837143209116	0.092878364153329		conditional_expected_behavior	Full_HPreference_zero_noage_draws4000	HPreference	zero
generative	run	1	high_choice	mean	343	14066	0.5917688470421905	0.5694380843631222	0.5618594351247339	0.5779577088436867	0.0223307626790683	0.0	replicated_choices	Full_HPreference_zero_noage_draws4000	HPreference	zero
generative	run	1	investment	mean	343	14066	4.082216106884758	3.995142021027492	3.957684518296362	4.030921293673326	0.087074085857266	0.0	replicated_choices	Full_HPreference_zero_noage_draws4000	HPreference	zero
conditional	trial_block	run1_early	high_choice	mean	343	4666	0.6037099440889528	0.5634266377459715	0.5590945518005723	0.5681756115303974	0.0402833063429813		conditional_expected_behavior	Full_HPreference_zero_noage_draws4000	HPreference	zero
conditional	trial_block	run1_early	investment	mean	343	4666	4.208037346521311	4.028504716372841	4.005831824054786	4.053851570375084	0.1795326301484703		conditional_expected_behavior	Full_HPreference_zero_noage_draws4000	HPreference	zero
generative	trial_block	run1_early	high_choice	mean	343	4666	0.6037099440889528	0.5643141782901256	0.5529093173590254	0.5751882289236513	0.0393957657988272	0.0	replicated_choices	Full_HPreference_zero_noage_draws4000	HPreference	zero
generative	trial_block	run1_early	investment	mean	343	4666	4.208037346521311	4.033860881586829	3.9793685177795943	4.090219413725241	0.1741764649344821	0.0	replicated_choices	Full_HPreference_zero_noage_draws4000	HPreference	zero
conditional	trial_block	run1_middle	high_choice	mean	343	4710	0.5893709303330295	0.5732529946901619	0.569525606537393	0.578837303455771	0.0161179356428675		conditional_expected_behavior	Full_HPreference_zero_noage_draws4000	HPreference	zero
conditional	trial_block	run1_middle	investment	mean	343	4710	3.9796910572420776	3.945025975409966	3.925750655659271	3.974297520203036	0.0346650818321117		conditional_expected_behavior	Full_HPreference_zero_noage_draws4000	HPreference	zero
generative	trial_block	run1_middle	high_choice	mean	343	4710	0.5893709303330295	0.5746404715304132	0.5631969002814485	0.5891976111837625	0.0147304588026162	0.025	replicated_choices	Full_HPreference_zero_noage_draws4000	HPreference	zero
generative	trial_block	run1_middle	investment	mean	343	4710	3.9796910572420776	3.9511594489087214	3.893948633970502	4.022155269414745	0.0285316083333562	0.165	replicated_choices	Full_HPreference_zero_noage_draws4000	HPreference	zero
conditional	trial_block	run1_late	high_choice	mean	343	4690	0.5828850449841703	0.5681175613974285	0.5640581256851925	0.5730432053540391	0.0147674835867417		conditional_expected_behavior	Full_HPreference_zero_noage_draws4000	HPreference	zero
conditional	trial_block	run1_late	investment	mean	343	4690	4.061813405253639	3.99425162543329	3.974783783006079	4.019147972475586	0.0675617798203482		conditional_expected_behavior	Full_HPreference_zero_noage_draws4000	HPreference	zero
generative	trial_block	run1_late	high_choice	mean	343	4690	0.5828850449841703	0.5693229401793541	0.558099445501049	0.5818285638074269	0.0135621048048161	0.02	replicated_choices	Full_HPreference_zero_noage_draws4000	HPreference	zero
generative	trial_block	run1_late	investment	mean	343	4690	4.061813405253639	4.000065165155544	3.94887827672813	4.066570317437666	0.0617482400980948	0.045	replicated_choices	Full_HPreference_zero_noage_draws4000	HPreference	zero
conditional	run	2	high_choice	mean	304	12494	0.595515903033181	0.5739631948156457	0.5697140341724032	0.5783533546284042	0.0215527082175353		conditional_expected_behavior	Full_HPreference_zero_noage_draws4000	HPreference	zero
conditional	run	2	investment	mean	304	12494	4.119256805197146	4.027948709155806	4.005596546970446	4.050985124112233	0.0913080960413399		conditional_expected_behavior	Full_HPreference_zero_noage_draws4000	HPreference	zero
generative	run	2	high_choice	mean	304	12494	0.595515903033181	0.5742929427068012	0.5662885470245724	0.582340722318583	0.0212229603263798	0.0	replicated_choices	Full_HPreference_zero_noage_draws4000	HPreference	zero
generative	run	2	investment	mean	304	12494	4.119256805197146	4.030068166879423	3.9850844936208185	4.072453587516775	0.0891886383177231	0.0	replicated_choices	Full_HPreference_zero_noage_draws4000	HPreference	zero
conditional	trial_block	run2_early	high_choice	mean	304	4175	0.5902290691764375	0.5679741895777576	0.5633555258713233	0.5731327291183486	0.0222548795986798		conditional_expected_behavior	Full_HPreference_zero_noage_draws4000	HPreference	zero
conditional	trial_block	run2_early	investment	mean	304	4175	4.077362659270554	3.985738833894088	3.962714108170443	4.011256806147795	0.0916238253764656		conditional_expected_behavior	Full_HPreference_zero_noage_draws4000	HPreference	zero
generative	trial_block	run2_early	high_choice	mean	304	4175	0.5902290691764375	0.5676895585226176	0.5558663567791859	0.5815929150345268	0.0225395106538198	0.005	replicated_choices	Full_HPreference_zero_noage_draws4000	HPreference	zero
generative	trial_block	run2_early	investment	mean	304	4175	4.077362659270554	3.9848272281446624	3.920878578658184	4.049556813800237	0.0925354311258912	0.005	replicated_choices	Full_HPreference_zero_noage_draws4000	HPreference	zero
conditional	trial_block	run2_middle	high_choice	mean	304	4171	0.5975026161703794	0.5790530938106425	0.5746815610449736	0.5831971718796635	0.0184495223597368		conditional_expected_behavior	Full_HPreference_zero_noage_draws4000	HPreference	zero
conditional	trial_block	run2_middle	investment	mean	304	4171	4.123581024238919	4.053775705527436	4.031270185843222	4.076322829492161	0.0698053187114835		conditional_expected_behavior	Full_HPreference_zero_noage_draws4000	HPreference	zero
generative	trial_block	run2_middle	high_choice	mean	304	4171	0.5975026161703794	0.5792608490285299	0.5664748582922928	0.5910351821515474	0.0182417671418494	0.0	replicated_choices	Full_HPreference_zero_noage_draws4000	HPreference	zero
generative	trial_block	run2_middle	investment	mean	304	4171	4.123581024238919	4.055194984657156	3.990309742340989	4.111687308944712	0.068386039581763	0.01	replicated_choices	Full_HPreference_zero_noage_draws4000	HPreference	zero
conditional	trial_block	run2_late	high_choice	mean	304	4148	0.5991199042185884	0.5754466498862416	0.5707573193168822	0.5803479597014827	0.0236732543323467		conditional_expected_behavior	Full_HPreference_zero_noage_draws4000	HPreference	zero
conditional	trial_block	run2_late	investment	mean	304	4148	4.155765469910207	4.045134547293365	4.022242160420944	4.068648088064076	0.1106309226168411		conditional_expected_behavior	Full_HPreference_zero_noage_draws4000	HPreference	zero
generative	trial_block	run2_late	high_choice	mean	304	4148	0.5991199042185884	0.576541408883514	0.5606977064419499	0.5899997448640543	0.0225784953350743	0.0	replicated_choices	Full_HPreference_zero_noage_draws4000	HPreference	zero
generative	trial_block	run2_late	investment	mean	304	4148	4.155765469910207	4.051143735832881	3.980436850247707	4.110986508922366	0.1046217340773258	0.0	replicated_choices	Full_HPreference_zero_noage_draws4000	HPreference	zero
conditional	partner_contrast	friend_minus_computer	high_choice	mean	343	17729	0.3421809028192824	0.366955747055391	0.3572273489664313	0.3762123988213443	-0.0247748442361086		conditional_expected_behavior	Full_HPreference_zero_noage_draws4000	HPreference	zero
conditional	partner_contrast	friend_minus_stranger	high_choice	mean	343	17703	0.2503127869295107	0.2410303716495252	0.2297824912230942	0.2501037974020734	0.0092824152799855		conditional_expected_behavior	Full_HPreference_zero_noage_draws4000	HPreference	zero
conditional	partner_contrast	stranger_minus_computer	high_choice	mean	343	17688	0.0918681158897716	0.1259253754058658	0.1162904103494868	0.1361119076819016	-0.0340572595160942		conditional_expected_behavior	Full_HPreference_zero_noage_draws4000	HPreference	zero
conditional	partner_contrast	friend_minus_computer	investment	mean	343	17729	1.598632136167231	1.8488150309784064	1.796644119726507	1.8965675517020997	-0.2501828948111748		conditional_expected_behavior	Full_HPreference_zero_noage_draws4000	HPreference	zero
conditional	partner_contrast	friend_minus_stranger	investment	mean	343	17703	1.205205164839252	1.2125927003604442	1.15923766016463	1.2575393036790592	-0.0073875355211923		conditional_expected_behavior	Full_HPreference_zero_noage_draws4000	HPreference	zero
conditional	partner_contrast	stranger_minus_computer	investment	mean	343	17688	0.3934269713279794	0.6362223306179619	0.5848624679215005	0.6872358865644818	-0.2427953592899824		conditional_expected_behavior	Full_HPreference_zero_noage_draws4000	HPreference	zero
generative	partner_contrast	friend_minus_computer	high_choice	mean	343	17729	0.3421809028192824	0.3671054812272482	0.3548626335301543	0.3809197774487214	-0.0249245784079658	1.0	replicated_choices	Full_HPreference_zero_noage_draws4000	HPreference	zero
generative	partner_contrast	friend_minus_stranger	high_choice	mean	343	17703	0.2503127869295107	0.241035314825466	0.225340306334814	0.2540350306080844	0.0092774721040447	0.105	replicated_choices	Full_HPreference_zero_noage_draws4000	HPreference	zero
generative	partner_contrast	stranger_minus_computer	high_choice	mean	343	17688	0.0918681158897716	0.1260701664017822	0.1120626532913136	0.1406478610899206	-0.0342020505120105	1.0	replicated_choices	Full_HPreference_zero_noage_draws4000	HPreference	zero
generative	partner_contrast	friend_minus_computer	investment	mean	343	17729	1.598632136167231	1.8487936201251445	1.7875430067030658	1.9205020757027529	-0.2501614839579129	1.0	replicated_choices	Full_HPreference_zero_noage_draws4000	HPreference	zero
generative	partner_contrast	friend_minus_stranger	investment	mean	343	17703	1.205205164839252	1.2128024278958405	1.1306152213305805	1.2747623297769464	-0.0075972630565883	0.635	replicated_choices	Full_HPreference_zero_noage_draws4000	HPreference	zero
generative	partner_contrast	stranger_minus_computer	investment	mean	343	17688	0.3934269713279794	0.635991192229304	0.5693675771037469	0.7012682211352045	-0.2425642209013246	1.0	replicated_choices	Full_HPreference_zero_noage_draws4000	HPreference	zero
