parameter	Mean	MCSE	StdDev	MAD	5%	50%	95%	ESS_bulk	ESS_tail	ESS_bulk/s	R_hat
mu[1]	-2.30248	0.00410287	0.162423	0.159495	-2.58366	-2.2933	-2.05117	1561.64	4344.31	0.479212	1.00333
mu[2]	-1.03646	0.00167495	0.0923524	0.0901748	-1.18862	-1.03586	-0.882466	3061.98	4494.19	0.939611	1.00049
mu[3]	4.15083	0.00681329	0.3614	0.356836	3.57251	4.13726	4.76476	2823.42	3846.43	0.866404	1.00163
mu[4]	0.466545	0.00528966	0.319638	0.316945	-0.0707618	0.471368	0.988235	3680.53	5157.48	1.12942	1.00066
tau[1]	1.07679	0.00296079	0.150077	0.147795	0.837247	1.07377	1.32639	2542.29	4072.51	0.780138	1.00145
tau[2]	1.21583	0.00224868	0.077636	0.0778275	1.09246	1.21349	1.34705	1242.44	2911.24	0.381261	1.00116
tau[3]	3.42516	0.00524682	0.296954	0.296817	2.95664	3.41117	3.93574	3263.87	4803.21	1.00156	1.00122
tau[4]	4.09357	0.00501763	0.362027	0.355432	3.52055	4.07952	4.71204	5229.43	6397.66	1.60472	1.00051
natural[1,1]	0.17843	0.00185128	0.134898	0.107318	0.0325039	0.143301	0.44966	5683.31	5432.22	1.744	1.00008
natural[1,2]	0.100182	0.00100823	0.0918052	0.0515124	0.0200928	0.0713533	0.280985	8055.77	6165.77	2.47203	1.00106
natural[1,3]	5.3612	0.0348654	3.17817	3.42518	0.868605	5.04346	11.0784	9286.06	6575.24	2.84956	1.0008
natural[1,4]	3.95581	0.0303251	2.99994	3.14461	0.114755	3.4366	9.49006	11423.8	5198.61	3.50556	1.00027
natural[2,1]	0.0600911	0.000536781	0.0454338	0.0335794	0.012628	0.0484703	0.147671	7459.18	5905.59	2.28895	1.00037
natural[2,2]	0.405915	0.00245671	0.235408	0.208742	0.117735	0.361579	0.858701	7601.35	4658.98	2.33258	1.00108
natural[2,3]	5.86733	0.0242246	1.98026	1.92871	2.98646	5.66781	9.45908	7378.97	5581.12	2.26434	1.00002
natural[2,4]	1.61361	0.0167932	1.29217	0.809763	0.269092	1.26114	4.21009	9546.17	4628.42	2.92937	1.0002
natural[3,1]	0.140007	0.001134	0.0986126	0.0852722	0.0256372	0.117818	0.331468	7049.55	4997.75	2.16325	1.00013
natural[3,2]	0.358412	0.00248515	0.223351	0.188605	0.0884288	0.313649	0.781132	7094.04	5193.63	2.17691	0.999962
natural[3,3]	4.22211	0.0232573	1.96766	1.85212	1.65754	3.89354	7.82602	9144.38	5608.97	2.80608	1.00073
natural[3,4]	0.649602	0.0153831	1.07858	0.363335	0.0103149	0.303572	2.46079	8454.81	5084.81	2.59448	1.00038
natural[4,1]	0.139407	0.00137449	0.114174	0.0852569	0.0217171	0.105703	0.377478	7257.45	5780.14	2.22705	1.00027
natural[4,2]	0.162718	0.00125818	0.119789	0.0924503	0.0340483	0.130694	0.399658	7488.23	5840.07	2.29787	1.0009
natural[4,3]	5.05338	0.0295324	2.54728	2.46377	1.65317	4.64652	9.80145	9122.05	5725.02	2.79923	1.0013
natural[4,4]	2.01917	0.027404	2.19733	1.51393	0.0363557	1.25615	6.57769	10025.4	5738.77	3.07643	1.00193
natural[5,1]	0.170492	0.00186818	0.136641	0.104575	0.0281075	0.129708	0.447015	4930.6	4959.4	1.51302	1.00027
natural[5,2]	0.0910272	0.000741642	0.0754959	0.0544622	0.0158717	0.068631	0.241679	8755.71	6432.43	2.68681	1.00003
natural[5,3]	4.56566	0.034924	2.98195	2.94282	0.69776	4.05076	10.181	9291.38	4888.33	2.85119	1.00081
natural[5,4]	2.24374	0.03485	2.67367	1.61765	0.015381	1.19252	7.88273	10675.2	4809.17	3.27583	1.00072
natural[6,1]	0.104754	0.00062693	0.050079	0.0533266	0.0290763	0.102421	0.191209	5599.86	4037.38	1.71839	1.00011
natural[6,2]	2.20278	0.00877073	0.773081	0.716738	1.1259	2.0949	3.64164	6654.71	4629.41	2.04209	1.00005
natural[6,3]	0.693433	0.00414247	0.281337	0.269657	0.196834	0.701893	1.13604	4641.44	3041.37	1.42429	1.0006
natural[6,4]	0.0295716	0.000589897	0.0509527	0.011215	0.000161792	0.00807666	0.13603	7696.78	5958.01	2.36187	1.00013
natural[7,1]	0.112544	0.00136252	0.0986941	0.067541	0.0174505	0.0841913	0.307728	5862.95	5307.55	1.79913	1.0008
natural[7,2]	0.275262	0.0024758	0.228471	0.198638	0.0295582	0.213472	0.724414	6422.14	5543.23	1.97072	1.00059
natural[7,3]	2.4378	0.0331493	2.23479	1.4731	0.26057	1.69135	7.13762	6953.22	4662.55	2.13369	0.999707
natural[7,4]	0.750054	0.0233598	1.53066	0.217223	0.00192666	0.154543	3.97427	7892.02	4853.83	2.42178	0.999875
natural[8,1]	0.0674181	0.00061228	0.0529662	0.0391251	0.0126531	0.0535954	0.171732	8124.53	5840.41	2.49313	1.00043
natural[8,2]	0.854281	0.0054182	0.454908	0.429427	0.224267	0.79908	1.68129	6224.97	4823.4	1.91022	1.00046
natural[8,3]	1.92562	0.0178035	1.16363	0.794147	0.772014	1.5964	4.25093	6496.66	4235.5	1.99359	1.00069
natural[8,4]	0.163208	0.00451027	0.314848	0.0946275	0.00154573	0.0711873	0.54716	9261.44	5626.42	2.842	1.00031
natural[9,1]	0.25681	0.00246306	0.16924	0.172865	0.0410438	0.226849	0.579987	4356.08	4778.94	1.33672	1.00095
natural[9,2]	0.220921	0.00240949	0.182772	0.175196	0.0211238	0.177197	0.571735	4486.54	4826.51	1.37676	1.00052
natural[9,3]	2.52504	0.050635	2.9391	1.48361	0.0688124	1.24877	8.95864	4842.69	4695.79	1.48605	1.00078
natural[9,4]	1.84275	0.0393887	2.60109	1.03646	0.00143406	0.710086	7.55145	5736.67	5325.88	1.76038	1.001
natural[10,1]	0.145271	0.00114732	0.0989569	0.0877819	0.0280848	0.122996	0.337341	6919.83	5632.97	2.12345	0.999938
natural[10,2]	0.166695	0.00104929	0.0971676	0.0757148	0.0590378	0.143324	0.357699	8339.5	6464.89	2.55909	0.999967
natural[10,3]	6.88818	0.0283667	2.58265	2.60511	2.94625	6.68891	11.4599	8728.89	5804.16	2.67858	1.00002
natural[10,4]	4.65363	0.0235437	2.41159	2.36335	1.33971	4.28716	9.17713	12202.9	6434.11	3.74462	1.00001
natural[11,1]	0.104127	0.000902422	0.0780885	0.0635199	0.0184612	0.0834367	0.263452	7027.62	6227.73	2.15652	1.00068
natural[11,2]	0.348376	0.00198545	0.174758	0.167369	0.115129	0.323536	0.672024	6992.94	4856.79	2.14588	1.00016
natural[11,3]	5.91406	0.0242	1.90138	1.83162	3.17675	5.70416	9.30983	7044.2	5818.57	2.16161	0.99995
natural[11,4]	1.11	0.0155274	1.11291	0.684981	0.084093	0.80901	3.20615	8228.05	4719.46	2.52489	1.0008
natural[12,1]	0.0813262	0.00064579	0.0575908	0.0488647	0.0158377	0.0689408	0.188716	8036.12	5989.61	2.466	1.0003
natural[12,2]	1.05057	0.00496074	0.484148	0.455912	0.394905	0.980259	1.95354	8262.01	5360.68	2.53531	1.0005
natural[12,3]	4.29032	0.0188038	1.63748	1.5943	1.98364	4.08205	7.3014	8916.35	5185.15	2.73611	1.00059
natural[12,4]	0.35731	0.00416828	0.320743	0.221396	0.0230991	0.318873	0.789017	7478.64	5414.02	2.29492	1.00084
natural[13,1]	0.117858	0.0010395	0.0899483	0.0714951	0.0209677	0.0945597	0.296293	7768.73	5510.11	2.38394	1.00057
natural[13,2]	0.230965	0.00146213	0.137419	0.108141	0.0772099	0.198524	0.49909	8549.99	6306.04	2.62368	1.0003
natural[13,3]	6.59314	0.0286757	2.51567	2.55003	2.86761	6.36646	11.0582	8228.05	5731.46	2.52489	1.00029
natural[13,4]	4.35743	0.0254407	2.30355	2.20495	1.32349	3.97597	8.77279	10360.3	5808.62	3.17919	1.00037
natural[14,1]	0.135613	0.00105869	0.0949596	0.0826667	0.024535	0.114182	0.320985	7732.07	5575.66	2.37269	0.99995
natural[14,2]	0.392642	0.00202387	0.203543	0.191192	0.125309	0.359286	0.78039	9219.66	5494.75	2.82918	1.0008
natural[14,3]	3.7643	0.0197296	1.70267	1.60248	1.51046	3.47578	6.96878	9318.89	5408.56	2.85963	1.00028
natural[14,4]	0.368422	0.00835428	0.599128	0.219578	0.00691862	0.179649	1.29497	9611.56	4922.67	2.94944	1.00102
natural[15,1]	0.132426	0.00121896	0.100854	0.0849528	0.0207677	0.103973	0.338082	5935.08	5564.38	1.82126	1.00014
natural[15,2]	0.236712	0.00116722	0.109761	0.0973934	0.0985906	0.217724	0.447868	8625.3	5848.76	2.64679	0.999913
natural[15,3]	8.53558	0.0249625	2.41001	2.35723	4.89866	8.37666	12.8157	10061.8	5818.31	3.08761	1.00053
natural[15,4]	5.29054	0.0244799	2.30964	2.18669	2.07057	4.97742	9.66144	11201.1	5709.97	3.43721	1.00064
natural[16,1]	0.103184	0.00102236	0.0812012	0.0597504	0.0191839	0.0812176	0.261243	6303.14	6670.35	1.9342	1.00055
natural[16,2]	0.242481	0.00108824	0.113609	0.0986057	0.0996707	0.221481	0.462139	10305.1	5450.87	3.16227	1.00007
natural[16,3]	8.38093	0.0254055	2.3715	2.34456	4.77189	8.20428	12.5412	9594.58	5388.59	2.94423	1.00102
natural[16,4]	5.45657	0.024348	2.34818	2.28024	2.17042	5.13695	9.75194	11816.5	4915.99	3.62604	0.999788
natural[17,1]	0.108732	0.0010942	0.0813531	0.0677999	0.0188466	0.0884218	0.272505	4984.95	5300.26	1.5297	0.99995
natural[17,2]	0.272657	0.00111531	0.11175	0.104882	0.127374	0.2548	0.482374	9949.5	5563.09	3.05314	1.00092
natural[17,3]	9.15797	0.0236336	2.39382	2.37432	5.47182	9.01867	13.3128	10970.6	6535.79	3.36648	0.999894
natural[17,4]	6.82149	0.0236382	2.41033	2.38871	3.29478	6.59001	11.1004	12354.5	5994.6	3.79115	0.999902
natural[18,1]	0.11452	0.00101792	0.0831657	0.07264	0.0190185	0.0953961	0.272687	6250.15	5196.67	1.91795	1.00087
natural[18,2]	1.22542	0.00533286	0.483148	0.465933	0.500464	1.17986	2.08793	7373.21	4778.8	2.26257	1.00035
natural[18,3]	1.27686	0.00956591	0.639524	0.402444	0.658504	1.11605	2.42375	6914.17	4569.78	2.12171	1.00058
natural[18,4]	0.0480125	0.00122853	0.1031	0.0234601	0.000499811	0.0176449	0.19044	10082.5	6473.36	3.09397	1.00006
natural[19,1]	0.0458691	0.00039724	0.0344703	0.0276611	0.00830153	0.037515	0.112487	7380.67	5702.06	2.26486	1.0001
natural[19,2]	2.26563	0.00807381	0.773598	0.722387	1.17186	2.17258	3.65415	9217.91	6584.79	2.82864	1.00037
natural[19,3]	2.83972	0.0169388	1.3979	1.30049	1.08061	2.56831	5.48697	8527.16	5433.4	2.61668	1.00058
natural[19,4]	0.0685736	0.000803491	0.0776214	0.0483629	0.0013899	0.0385533	0.234193	8945.45	6944.16	2.74503	1.00059
natural[20,1]	0.0779079	0.000711066	0.0599201	0.0492559	0.0133286	0.0625628	0.196392	6583.84	5345.71	2.02034	1.00073
natural[20,2]	1.35852	0.00493006	0.487791	0.472575	0.649069	1.3168	2.20826	9411.58	5732.85	2.88807	1.00081
natural[20,3]	3.39904	0.0166328	1.43635	1.39916	1.47355	3.17016	6.08175	9032.7	5966.84	2.77181	1.00011
natural[20,4]	0.112557	0.00120753	0.117431	0.0863136	0.00281943	0.0723631	0.348139	9909.04	6992.78	3.04073	1.00036
natural[21,1]	0.0563991	0.000487408	0.0447422	0.0341426	0.00947819	0.0441455	0.14617	8716.26	6071.88	2.6747	1.00013
natural[21,2]	2.21214	0.00906465	0.858575	0.772065	1.06682	2.09014	3.83394	8177.36	5942.38	2.50934	1.00008
natural[21,3]	0.393222	0.00230202	0.186245	0.176236	0.0638219	0.402482	0.689608	6614.29	4366.58	2.02969	1.00021
natural[21,4]	0.0185431	0.000458962	0.0374482	0.00607531	9.08507e-05	0.0043755	0.0870066	10450.8	6500.6	3.20698	1.00003
natural[22,1]	0.0878714	0.00105905	0.0740073	0.0536498	0.0143162	0.0664357	0.236129	4840.59	5429.33	1.4854	1.00048
natural[22,2]	0.275464	0.001198	0.119123	0.107612	0.119418	0.256567	0.497285	9999.55	5619.14	3.0685	1.00027
natural[22,3]	9.0804	0.0259704	2.44207	2.43664	5.31545	8.94183	13.3127	9288.19	5862.67	2.85021	0.999946
natural[22,4]	6.77818	0.0244562	2.38628	2.35139	3.27852	6.56589	11.0805	11682.2	5624.64	3.58484	0.999826
natural[23,1]	0.16862	0.00139418	0.110806	0.0975191	0.0349154	0.144853	0.385333	6201.49	5876.76	1.90301	1.00032
natural[23,2]	0.278781	0.00168963	0.158626	0.149402	0.0749287	0.250624	0.576129	7265.18	4947.01	2.22942	1.00018
natural[23,3]	5.00798	0.0225355	1.95726	1.88138	2.30041	4.75019	8.57651	8626.92	5886.74	2.64729	1.00006
natural[23,4]	0.998364	0.0167679	1.25722	0.659452	0.02479	0.562713	3.49167	8468.25	5614.99	2.5986	1.00006
natural[24,1]	0.058068	0.000588505	0.0463111	0.0364116	0.00987913	0.0457637	0.14515	5923.23	5764.51	1.81762	1.00038
natural[24,2]	1.24557	0.0103555	0.683669	0.455593	0.517393	1.12398	2.30199	4476.97	4849.84	1.37382	1.00052
natural[24,3]	0.299651	0.00260333	0.217765	0.195344	0.0244361	0.289586	0.611977	7225.19	5371.56	2.21715	1.00054
natural[24,4]	0.0799003	0.00225562	0.146246	0.0159577	0.000105864	0.0110106	0.417497	4565.84	5796.72	1.40109	1.00006
natural[25,1]	0.294976	0.00158858	0.146478	0.150048	0.0821095	0.278852	0.555032	8170.24	5128.41	2.50715	1.00048
natural[25,2]	0.296019	0.00408449	0.276988	0.194399	0.0355181	0.201914	0.863914	3613.91	5968.4	1.10898	1.0015
natural[25,3]	3.78442	0.0490603	2.83592	2.40915	0.752168	2.95394	9.57141	3893.33	5070.01	1.19472	1.00129
natural[25,4]	1.78905	0.0360424	2.33621	1.10195	0.00950753	0.820499	6.91226	5389.82	5311.52	1.65394	1.00064
natural[26,1]	0.203009	0.00148156	0.128431	0.125206	0.0386518	0.179566	0.447599	6511.69	5512.41	1.9982	1.00053
natural[26,2]	0.193202	0.00102803	0.101139	0.0900886	0.0669163	0.173668	0.388305	8498.24	5221.15	2.6078	1.00062
natural[26,3]	7.43403	0.0262554	2.29152	2.18102	4.03737	7.23928	11.4908	8677.36	5586.06	2.66277	1.00076
natural[26,4]	3.15381	0.0254708	2.13991	1.88628	0.467471	2.67561	7.28642	10559.9	4873.48	3.24044	1.00124
natural[27,1]	0.0836778	0.000812277	0.0667282	0.0497607	0.014514	0.0670329	0.209794	7851.31	5311.65	2.40928	1.0012
natural[27,2]	1.03704	0.00742558	0.534801	0.462853	0.326927	0.964946	1.99178	4283.95	3664.87	1.31459	1.00119
natural[27,3]	0.661453	0.0109507	0.587084	0.284841	0.109738	0.581357	1.34322	6599.88	3931.75	2.02526	1.00057
natural[27,4]	0.109158	0.0059642	0.319704	0.0368223	0.000353221	0.0258231	0.412901	7009.58	6004.85	2.15099	0.99994
natural[28,1]	0.101148	0.00141737	0.0972677	0.0573435	0.0154272	0.0704114	0.294592	5707.77	5517.37	1.75151	1.00023
natural[28,2]	0.199521	0.0017129	0.159986	0.127483	0.0281717	0.155745	0.525023	6545.62	4645.87	2.00861	1.00032
natural[28,3]	3.33789	0.0322764	2.30862	1.93573	0.689567	2.77668	7.87543	6838.46	4344.43	2.09848	1.00099
natural[28,4]	0.846775	0.0251524	1.59438	0.311471	0.00467562	0.227424	4.16955	8439.49	4358.39	2.58978	1.00068
natural[29,1]	0.12123	0.00124966	0.0903262	0.0781138	0.0193255	0.0983759	0.300366	4958.45	5960.04	1.52157	1.00044
natural[29,2]	0.262502	0.00113988	0.108312	0.100016	0.120144	0.245757	0.468452	9750.92	5903.24	2.99221	1.0002
natural[29,3]	9.20707	0.0241287	2.4104	2.37925	5.44156	9.07872	13.3097	10154.6	6273.82	3.11608	1.00008
natural[29,4]	7.09189	0.0229374	2.4027	2.38093	3.59135	6.8311	11.4147	12654.6	6164.61	3.88322	1.0001
natural[30,1]	0.150878	0.00167553	0.124732	0.0947641	0.0221369	0.115323	0.406191	6455.12	5854.98	1.98084	1.00035
natural[30,2]	0.257821	0.00243785	0.204556	0.189953	0.0292507	0.209056	0.664851	5400.28	5087.26	1.65715	1.0
natural[30,3]	2.5926	0.0370397	2.40419	1.52906	0.300513	1.7519	7.76027	6320.27	4612.71	1.93946	1.00116
natural[30,4]	0.951104	0.0279737	1.7869	0.296989	0.00261465	0.209117	4.96945	6785.48	4469.07	2.08222	1.00054
natural[31,1]	0.0672244	0.000619512	0.0514648	0.0443112	0.00994674	0.0534654	0.169827	6754.26	6050.74	2.07264	1.00129
natural[31,2]	3.21276	0.0203953	1.63041	1.11738	1.51079	2.90313	5.77983	8722.23	6220.16	2.67654	1.00001
natural[31,3]	2.93299	0.0189936	1.50765	1.39996	1.10876	2.59571	5.832	7885.72	5299.4	2.41984	1.00068
natural[31,4]	0.117708	0.00148775	0.129453	0.0879898	0.00117036	0.0647156	0.388992	7427.95	6984.82	2.27937	1.00057
natural[32,1]	0.116917	0.00113384	0.0857001	0.0746799	0.0197891	0.0958534	0.284926	5162.88	5839.43	1.5843	1.00077
natural[32,2]	0.273964	0.0011328	0.114768	0.103639	0.124443	0.254075	0.489297	10471.9	5304.16	3.21346	1.00031
natural[32,3]	9.0911	0.0243637	2.39751	2.39098	5.36511	8.9632	13.2035	9970.68	6330.69	3.05964	0.999751
natural[32,4]	6.98056	0.022265	2.34113	2.33399	3.55704	6.76341	11.1489	12830.3	5799.08	3.93716	1.00042
natural[33,1]	0.0725569	0.000490373	0.0451886	0.0418002	0.0154035	0.064429	0.15966	7354.84	5061.52	2.25694	1.00066
natural[33,2]	1.20655	0.00552298	0.48177	0.472051	0.478506	1.17019	2.07947	7045.72	5755.21	2.16208	1.00071
natural[33,3]	1.35665	0.00929432	0.614953	0.41139	0.729001	1.21458	2.45617	6228.07	4769.19	1.91117	1.00102
natural[33,4]	0.0515671	0.00098644	0.0870719	0.0269934	0.000581852	0.0204184	0.206288	10453.6	6406.43	3.20784	0.999851
natural[34,1]	0.0832498	0.000444817	0.0401262	0.0403162	0.0236663	0.0799906	0.153672	7222.11	5029.29	2.2162	1.00053
natural[34,2]	2.38726	0.0177402	1.20339	0.846319	1.06759	2.1515	4.54885	4485.48	5066.96	1.37643	1.00163
natural[34,3]	0.582429	0.0029203	0.209981	0.186248	0.178508	0.601724	0.898727	5533.5	4126.82	1.69803	1.00013
natural[34,4]	0.0670117	0.00177043	0.104852	0.0201349	0.000179685	0.0140904	0.324962	3707.42	5632.39	1.13767	1.00036
natural[35,1]	0.0752926	0.0006631	0.0534408	0.0443648	0.0146069	0.0636039	0.171771	7107.01	5067.27	2.18089	1.00051
natural[35,2]	0.801817	0.00362991	0.339321	0.334329	0.29174	0.771764	1.39813	7706.41	4369.85	2.36482	1.00021
natural[35,3]	0.326141	0.00707055	0.421175	0.240169	0.0158473	0.247179	0.819643	8425.77	5177.99	2.58557	1.00058
natural[35,4]	0.0355596	0.00365416	0.2177	0.00867104	9.90641e-05	0.00622761	0.134348	10196.6	6053.56	3.12896	1.00004
natural[36,1]	0.17451	0.00147861	0.126665	0.108574	0.0302194	0.142431	0.425345	7181.91	5613.34	2.20387	1.00027
natural[36,2]	0.123662	0.00101526	0.0967335	0.0672883	0.0273651	0.0963206	0.316606	8248.74	5935.92	2.53124	1.00023
natural[36,3]	5.60947	0.0305635	2.81585	2.89172	1.6366	5.28305	10.6641	9628.8	5219.28	2.95473	0.999872
natural[36,4]	3.30388	0.0293146	2.69166	2.49219	0.131285	2.68241	8.62576	12202.1	4870.88	3.74439	1.00063
natural[37,1]	0.102907	0.000807646	0.0663468	0.0607036	0.0216303	0.0895852	0.234129	5708.6	5634.4	1.75176	1.00049
natural[37,2]	0.316824	0.00134655	0.131137	0.120784	0.140169	0.295828	0.558705	9724.43	5922.42	2.98408	1.00012
natural[37,3]	9.0803	0.0225368	2.37086	2.3268	5.38038	8.92456	13.1646	11676.9	6543.38	3.58323	1.00045
natural[37,4]	6.82121	0.0220244	2.3249	2.32954	3.3713	6.58985	11.0388	13094.1	6041.8	4.0181	1.00134
natural[38,1]	0.141708	0.00112005	0.099342	0.0848934	0.0278265	0.119794	0.331614	7816.81	5605.13	2.3987	1.00066
natural[38,2]	0.274053	0.00214392	0.191037	0.166222	0.0494323	0.228993	0.645209	6198.13	4296.07	1.90198	1.00061
natural[38,3]	3.83823	0.028696	2.21174	1.97055	1.19781	3.36759	8.11329	7975.68	5094.67	2.44745	1.00079
natural[38,4]	0.940655	0.0226255	1.47948	0.507551	0.00961364	0.392257	3.89934	9118.08	4925.54	2.79801	1.00081
natural[39,1]	0.112723	0.00122739	0.0883949	0.0644684	0.0214481	0.0908629	0.278877	5641.07	5280.27	1.73104	1.00028
natural[39,2]	0.326429	0.00294697	0.233873	0.238263	0.0310522	0.285915	0.775526	4733.86	3990.74	1.45265	1.00087
natural[39,3]	1.48434	0.0376428	1.99748	0.732098	0.068593	0.757148	5.92169	5020.63	3150.22	1.54065	1.00146
natural[39,4]	0.513798	0.0259121	1.39849	0.0763686	0.000596526	0.0535701	3.13839	6207.17	3187.69	1.90475	1.00024
natural[40,1]	0.124802	0.00107372	0.0905274	0.0718819	0.0248582	0.102953	0.297643	6715.3	5895.42	2.06068	1.00023
natural[40,2]	0.234934	0.0017662	0.161519	0.143634	0.0427573	0.1999	0.549818	6284.47	4872.56	1.92848	0.99997
natural[40,3]	3.53928	0.0289408	2.08138	1.83551	1.01088	3.11869	7.53481	6822.49	4726.22	2.09358	1.00047
natural[40,4]	0.759872	0.0214658	1.3726	0.33636	0.00612559	0.255824	3.33998	9238.12	4854.39	2.83484	1.00087
natural[41,1]	0.286083	0.00168204	0.131916	0.135776	0.0811886	0.279807	0.515659	5765.75	4255.11	1.7693	1.00016
natural[41,2]	0.205574	0.00122046	0.112851	0.104748	0.0620392	0.18444	0.42158	6982.73	5396.14	2.14275	1.00057
natural[41,3]	6.56144	0.02826	2.35311	2.28903	3.15626	6.30203	10.8735	7413.54	6213.91	2.27495	0.999851
natural[41,4]	2.49545	0.0236441	2.01711	1.67532	0.212068	1.97697	6.53627	9785.45	5237.05	3.0028	1.00045
natural[42,1]	0.0456969	0.000392775	0.0326841	0.0276501	0.00820293	0.0379914	0.109805	6739.59	5053.99	2.06814	1.00009
natural[42,2]	2.40363	0.0184987	1.56893	1.11799	0.774781	2.03027	5.11306	6242.65	5476.71	1.91564	1.00009
natural[42,3]	3.88088	0.0186106	1.62417	1.64531	1.55112	3.68919	6.83222	8420.14	5974.03	2.58384	0.99978
natural[42,4]	0.376105	0.00193918	0.162781	0.122965	0.0972382	0.38734	0.584001	6695.25	4481.21	2.05453	1.00028
natural[43,1]	0.145785	0.00145012	0.113551	0.0888886	0.0252822	0.11661	0.371556	5386.24	6249.31	1.65284	1.00023
natural[43,2]	0.0735544	0.000494281	0.0513246	0.0388008	0.0179326	0.0609132	0.170876	9828.81	5304.18	3.01611	1.00033
natural[43,3]	6.2581	0.0301212	2.93343	2.98962	1.87633	6.02938	11.45	9993.42	5939.91	3.06662	1.00035
natural[43,4]	3.99878	0.030008	2.9527	3.05511	0.183434	3.53623	9.61666	11565.2	5796.14	3.54895	1.00008
natural[44,1]	0.0505719	0.000536774	0.0395789	0.0283116	0.0101995	0.0411661	0.119795	6109.12	6018.03	1.87467	1.00059
natural[44,2]	0.839527	0.00333694	0.341082	0.340152	0.335186	0.804648	1.44735	9730.96	5525.26	2.98608	1.00025
natural[44,3]	3.74643	0.0194545	1.49379	1.4426	1.69136	3.54788	6.51145	6599.48	5354.84	2.02514	1.00054
natural[44,4]	0.105021	0.00169592	0.143697	0.0715628	0.00328306	0.0619024	0.347841	7501.56	5540.09	2.30196	1.00037
natural[45,1]	0.0316097	0.000249811	0.0225174	0.0186445	0.00627483	0.0259319	0.0754606	7720.89	5752.71	2.36926	1.00018
natural[45,2]	2.37243	0.00925421	0.925649	0.855483	1.11981	2.24508	4.12229	9825.3	6822.69	3.01503	0.999896
natural[45,3]	0.793327	0.00240388	0.205848	0.163059	0.556184	0.755198	1.15715	8404.34	6661.47	2.57899	0.999798
natural[45,4]	0.0292511	0.000544968	0.0491245	0.0123789	0.000230828	0.0091777	0.129658	9936.88	6526.68	3.04927	1.0005
natural[46,1]	0.176163	0.0016616	0.124894	0.114216	0.0286116	0.147939	0.422406	5218.07	5741.44	1.60124	1.00045
natural[46,2]	0.531051	0.00440174	0.306198	0.302842	0.08843	0.498059	1.07115	3975.11	2801.46	1.21982	1.00098
natural[46,3]	1.09873	0.0289206	1.39716	0.590439	0.0729277	0.731949	3.48166	5176.3	2566.51	1.58842	1.00041
natural[46,4]	0.287758	0.0165833	0.872656	0.0663554	0.000486253	0.0463709	1.08034	6362.33	2951.24	1.95237	1.00131
natural[47,1]	0.118993	0.00122037	0.0902041	0.0660238	0.0228825	0.097214	0.294933	6479.11	5934.97	1.98821	1.00076
natural[47,2]	0.307324	0.00280063	0.217493	0.211201	0.0414615	0.267845	0.720699	4641.55	5078.45	1.42432	1.00012
natural[47,3]	2.39518	0.0327223	2.04298	1.23805	0.409816	1.73414	6.71823	6026.76	4605.91	1.84939	1.00101
natural[47,4]	0.69616	0.0231777	1.44419	0.232958	0.00276563	0.167356	3.48768	7707.56	4197.08	2.36517	1.00061
natural[48,1]	0.234747	0.00145327	0.130276	0.129315	0.053563	0.218173	0.47764	7525.97	5060.77	2.30945	1.00105
natural[48,2]	0.13306	0.000697601	0.0650466	0.0548508	0.0519386	0.12056	0.254841	7732.2	4920.75	2.37273	0.99985
natural[48,3]	8.03991	0.0278637	2.59073	2.63821	4.05069	7.90653	12.482	9124.29	5594.66	2.79992	1.00014
natural[48,4]	6.41259	0.0265788	2.60456	2.50484	2.60313	6.14151	11.1707	11900.3	5239.07	3.65179	1.00019
natural[49,1]	0.124232	0.000938925	0.0802961	0.0780505	0.0247888	0.108273	0.278976	6260.21	5114.5	1.92103	1.00065
natural[49,2]	0.266142	0.00138382	0.130714	0.109738	0.108491	0.238519	0.520304	8577.3	6037.82	2.63206	1.0002
natural[49,3]	7.23544	0.0285783	2.5079	2.52159	3.45243	7.07855	11.6383	8190.77	5476.04	2.51345	0.999868
natural[49,4]	5.91036	0.0251247	2.35531	2.30408	2.58358	5.61477	10.1752	11019.0	5593.77	3.38132	1.00011
natural[50,1]	0.106336	0.00114863	0.0865781	0.0605211	0.0195178	0.0835501	0.273581	6425.22	5623.07	1.97167	1.00051
natural[50,2]	0.278001	0.00267188	0.225394	0.194229	0.0329834	0.218149	0.716526	4543.03	3983.48	1.39409	1.00001
natural[50,3]	2.75402	0.0377325	2.25892	1.54367	0.4969	2.01215	7.52446	5660.29	3778.84	1.73694	0.999872
natural[50,4]	0.969703	0.0305351	1.71681	0.394297	0.00433577	0.284823	4.65635	6765.62	3866.46	2.07612	0.999817
natural[51,1]	0.158011	0.00101048	0.0930453	0.0925803	0.0340677	0.143224	0.333079	7776.81	5600.44	2.38642	1.00011
natural[51,2]	0.357398	0.00202732	0.188595	0.166326	0.129236	0.317542	0.723342	7597.23	5932.04	2.33132	1.00011
natural[51,3]	7.20584	0.0264731	2.24221	2.17335	3.85433	7.03543	11.1238	7707.98	6203.97	2.3653	1.00108
natural[51,4]	3.60794	0.0251354	1.9613	1.71855	1.24917	3.17414	7.42793	9178.25	5251.02	2.81647	1.00162
natural[52,1]	0.0434274	0.000366444	0.0318634	0.0257574	0.00802384	0.0361908	0.103012	7516.55	5691.19	2.30656	1.00065
natural[52,2]	2.43472	0.0196949	1.55698	1.14215	0.725048	2.08391	5.30135	5217.07	5069.02	1.60093	1.00024
natural[52,3]	3.97447	0.0204695	1.66379	1.6824	1.56838	3.80464	6.95476	7405.51	5796.39	2.27248	1.00013
natural[52,4]	0.470943	0.00192871	0.175825	0.109076	0.209629	0.467739	0.716617	8149.8	4910.56	2.50088	0.999973
natural[53,1]	0.200562	0.00165165	0.123025	0.134145	0.0316324	0.187448	0.423437	5018.65	5137.75	1.54004	1.00034
natural[53,2]	0.228258	0.0011635	0.109995	0.0967775	0.0877214	0.208637	0.434786	7691.35	5578.33	2.3602	0.999907
natural[53,3]	8.21023	0.0272124	2.36505	2.32363	4.69781	8.01392	12.4221	8278.01	6011.51	2.54022	1.00008
natural[53,4]	4.12134	0.0274702	2.27457	2.10841	1.13758	3.70416	8.51248	8760.89	5025.87	2.6884	1.0005
natural[54,1]	0.168735	0.00147683	0.115059	0.10578	0.0298233	0.141178	0.393029	5224.09	4476.93	1.60308	1.00025
natural[54,2]	0.835317	0.00563793	0.426401	0.419939	0.201065	0.794033	1.59896	4845.9	3461.74	1.48703	1.00011
natural[54,3]	1.02208	0.0192741	0.991524	0.431159	0.233008	0.756516	2.71618	5078.72	3350.63	1.55848	1.00017
natural[54,4]	0.101129	0.00726248	0.400449	0.0276916	0.000363914	0.0199682	0.344787	6627.31	5551.38	2.03368	1.00021
natural[55,1]	0.133155	0.000999683	0.0928734	0.0802835	0.0248415	0.111637	0.313975	7998.82	5514.71	2.45455	1.00035
natural[55,2]	0.237966	0.00117282	0.120666	0.104027	0.0908718	0.212292	0.468808	9738.09	5797.9	2.98827	1.00067
natural[55,3]	7.92412	0.0243717	2.33155	2.28157	4.44621	7.74124	12.1295	9963.2	5994.05	3.05735	1.00009
natural[55,4]	4.44034	0.0237604	2.22765	2.07703	1.54322	4.08632	8.65286	11536.7	5324.49	3.54021	1.00092
natural[56,1]	0.126035	0.00104387	0.0885747	0.0765644	0.0237175	0.106245	0.299404	7180.04	5736.33	2.2033	1.00045
natural[56,2]	0.179512	0.00132149	0.118869	0.0915339	0.0525422	0.149681	0.415644	7429.12	6838.42	2.27973	0.999913
natural[56,3]	5.97465	0.0293104	2.59241	2.60662	2.27767	5.69133	10.6932	8457.66	5740.46	2.59535	1.00072
natural[56,4]	3.37863	0.02609	2.40175	2.20321	0.450606	2.86241	8.06143	10935.4	5828.08	3.35569	1.00026
natural[57,1]	0.0705591	0.000736081	0.0611928	0.0400569	0.0123131	0.0536493	0.184564	7616.48	5834.46	2.33722	1.00062
natural[57,2]	0.497609	0.00270986	0.261866	0.250025	0.152302	0.455393	0.97742	8289.15	5214.21	2.54364	1.0008
natural[57,3]	3.54368	0.019813	1.6301	1.46158	1.50119	3.24429	6.64057	8942.87	5455.86	2.74424	1.00104
natural[57,4]	0.353422	0.00731621	0.543065	0.23126	0.00722975	0.196021	1.21828	8896.26	5376.41	2.72994	1.00067
natural[58,1]	0.073718	0.000700816	0.0576654	0.0428985	0.0143015	0.0597549	0.179006	7771.28	5858.48	2.38473	1.00047
natural[58,2]	0.623571	0.00353502	0.33637	0.329646	0.160267	0.577707	1.24822	7608.27	4444.18	2.3347	1.00096
natural[58,3]	3.37599	0.0207827	1.60865	1.47044	1.34877	3.0686	6.46392	8080.41	5428.9	2.47959	1.0003
natural[58,4]	0.272801	0.00864697	0.537423	0.145168	0.00416976	0.11753	0.962235	8425.82	5148.07	2.58558	1.00083
natural[59,1]	0.114857	0.000934991	0.0800675	0.0679761	0.0232332	0.0964927	0.266339	7805.77	5753.56	2.39531	1.00041
natural[59,2]	0.20145	0.00127957	0.125425	0.0985056	0.0619819	0.169134	0.443109	9473.83	6822.49	2.90718	1.0009
natural[59,3]	6.2928	0.0276399	2.47205	2.53635	2.64634	6.07332	10.7076	8783.7	6295.23	2.6954	1.00021
natural[59,4]	3.31074	0.0233974	2.24473	2.02359	0.582244	2.82469	7.69774	12253.4	6495.05	3.76013	1.00176
natural[60,1]	0.156987	0.00102154	0.0912283	0.0895222	0.0355139	0.142441	0.330661	6629.57	4245.71	2.03438	1.00017
natural[60,2]	0.210304	0.000981498	0.0994093	0.0861996	0.0874408	0.190213	0.400749	9119.34	5707.77	2.79839	1.00009
natural[60,3]	8.13642	0.0254464	2.45735	2.4475	4.38789	7.99017	12.399	9907.8	6205.31	3.04035	0.999789
natural[60,4]	5.74216	0.0223354	2.31539	2.32206	2.46674	5.4781	9.98297	13074.4	5604.25	4.01205	1.00082
natural[61,1]	0.157619	0.00208778	0.133705	0.0971443	0.0237037	0.117027	0.430437	4090.05	5451.59	1.25509	1.0006
natural[61,2]	0.136482	0.00150862	0.129563	0.091726	0.0134463	0.0907264	0.402719	5538.45	5941.43	1.69955	1.00061
natural[61,3]	2.8341	0.046978	2.99488	1.98002	0.0903138	1.64173	9.11641	5230.51	5023.97	1.60505	1.00164
natural[61,4]	1.62005	0.0360777	2.48509	0.578245	0.00182799	0.395484	7.19871	6528.92	5645.73	2.00349	1.00063
natural[62,1]	0.141732	0.00173136	0.117206	0.0850695	0.0219694	0.10881	0.384306	4734.07	5323.99	1.45272	1.00113
natural[62,2]	0.367876	0.00398986	0.279985	0.289947	0.0296297	0.317642	0.889068	3750.52	4448.3	1.1509	1.00055
natural[62,3]	1.37593	0.0401105	2.08038	0.602845	0.0430087	0.566469	6.2122	4315.63	3939.59	1.32431	1.00051
natural[62,4]	0.657319	0.0280553	1.59504	0.0943279	0.00038895	0.0645236	4.02652	5012.4	3989.71	1.53812	1.00028
natural[63,1]	0.135958	0.00116356	0.0988455	0.0807353	0.0256129	0.112908	0.33133	6864.95	5497.8	2.1066	1.00038
natural[63,2]	0.135686	0.000775046	0.0749217	0.0626394	0.0451631	0.119074	0.279535	9142.33	5517.97	2.80545	0.999926
natural[63,3]	7.23056	0.0255009	2.48869	2.42811	3.48716	7.03391	11.5933	10364.7	5959.9	3.18056	1.00012
natural[63,4]	4.201	0.0254227	2.48238	2.34486	0.864787	3.78175	8.89003	12587.9	5533.35	3.86277	1.00011
natural[64,1]	0.108029	0.00130738	0.0978629	0.0626231	0.0168784	0.0797464	0.300159	6502.5	5587.39	1.99538	1.00023
natural[64,2]	0.449401	0.00264648	0.23986	0.231935	0.126905	0.413929	0.891076	6703.9	4414.84	2.05718	0.999993
natural[64,3]	3.26109	0.0229562	1.61355	1.37402	1.32805	2.91931	6.32423	7302.64	4376.77	2.24092	1.00037
natural[64,4]	0.316741	0.0108523	0.660648	0.156123	0.00427133	0.123329	1.16162	9587.86	4663.53	2.94217	0.999958
natural[65,1]	0.0689027	0.000515783	0.0456194	0.0410753	0.0138257	0.0589924	0.154774	7529.54	5737.58	2.31054	1.00086
natural[65,2]	1.26841	0.00476937	0.47795	0.452006	0.582572	1.22678	2.11955	9623.44	5689.33	2.95309	1.0004
natural[65,3]	3.76294	0.0177069	1.5056	1.45195	1.68702	3.5513	6.59786	8561.66	5516.07	2.62726	1.00014
natural[65,4]	0.177591	0.00172571	0.161272	0.151653	0.00553028	0.136607	0.472187	7691.41	5486.81	2.36021	1.0006
natural[66,1]	0.0667043	0.000800293	0.055311	0.0419187	0.00939441	0.051871	0.173739	3933.38	4175.7	1.20701	1.00054
natural[66,2]	0.805709	0.00987331	0.62982	0.515305	0.153885	0.624682	2.04486	3184.44	5344.82	0.977188	1.00133
natural[66,3]	3.57914	0.0511625	2.56404	2.13001	0.901411	2.74869	8.76957	2920.54	3837.0	0.896208	1.00148
natural[66,4]	3.78244	0.0334673	2.071	1.77178	1.35637	3.27911	7.91004	4891.8	4637.03	1.50112	1.00119
natural[67,1]	0.121506	0.000855688	0.0770259	0.067291	0.0283891	0.105483	0.26732	7507.57	5856.08	2.3038	1.00104
natural[67,2]	0.241393	0.00133614	0.130576	0.117653	0.076173	0.217509	0.488018	8861.88	5435.28	2.71939	1.00022
natural[67,3]	6.77362	0.0232079	2.15541	2.11888	3.6048	6.57115	10.633	9386.51	6117.73	2.88038	1.00083
natural[67,4]	2.41791	0.0220754	1.81427	1.41642	0.352198	1.94422	6.02642	9678.81	5271.7	2.97008	1.00008
natural[68,1]	0.110785	0.00121698	0.09001	0.0680471	0.0172565	0.0843226	0.294033	5807.45	5456.21	1.7821	1.00084
natural[68,2]	0.542272	0.00272221	0.258771	0.243028	0.19011	0.503192	1.01966	7845.31	4853.05	2.40744	1.00043
natural[68,3]	4.94286	0.021215	1.75743	1.72178	2.42196	4.74626	8.16151	7724.1	5331.76	2.37025	1.00017
natural[68,4]	0.50629	0.00852458	0.610837	0.354167	0.0197787	0.355434	1.45418	7826.07	4721.3	2.40154	1.0003
natural[69,1]	0.111756	0.000973375	0.0796925	0.0699808	0.0203552	0.0926049	0.267407	6232.58	4737.82	1.91255	1.00046
natural[69,2]	0.353983	0.00155528	0.157145	0.142583	0.15093	0.32674	0.655788	9944.14	5581.47	3.0515	1.00007
natural[69,3]	8.45054	0.0236204	2.38832	2.40869	4.79503	8.31724	12.5491	10739.8	6601.01	3.29567	1.00029
natural[69,4]	6.24564	0.0228592	2.27451	2.30387	2.94339	5.99554	10.2917	12196.0	5880.07	3.74251	1.00003
natural[70,1]	0.121034	0.00130153	0.10526	0.0678043	0.020333	0.0904243	0.330532	7941.03	5943.93	2.43682	0.999984
natural[70,2]	0.192662	0.00177057	0.161933	0.121985	0.0272064	0.146759	0.511058	6904.26	5576.76	2.11867	0.999926
natural[70,3]	3.94711	0.033173	2.52957	2.26945	0.946182	3.35949	8.95875	7752.66	4863.19	2.37901	1.00049
natural[70,4]	1.56881	0.0302196	2.12626	0.932751	0.0098724	0.687166	6.19008	8494.18	4954.64	2.60656	1.00025
natural[71,1]	0.146754	0.00117491	0.0958497	0.0877064	0.0299177	0.12586	0.332483	6661.41	5858.51	2.04415	1.00032
natural[71,2]	0.243659	0.00110411	0.113211	0.100664	0.10157	0.223043	0.459326	10074.8	5855.76	3.0916	1.00028
natural[71,3]	8.40305	0.025168	2.42629	2.35691	4.78992	8.21092	12.7027	10276.5	6132.81	3.15349	1.00005
natural[71,4]	5.38172	0.026031	2.32172	2.24669	2.15794	5.09336	9.65362	9994.15	5006.23	3.06684	1.00001
natural[72,1]	0.331366	0.00251318	0.206887	0.241391	0.0491317	0.305556	0.701842	6539.01	5370.91	2.00659	1.00009
natural[72,2]	0.142583	0.00151513	0.115088	0.0734688	0.0339584	0.107206	0.372057	5093.88	5632.71	1.56313	1.0006
natural[72,3]	5.82102	0.0434918	3.06932	3.27891	1.45168	5.53443	11.2501	5580.51	6065.88	1.71246	1.00003
natural[72,4]	4.79964	0.0300248	2.73647	2.74068	1.03551	4.42945	9.85575	9729.27	5063.17	2.98556	1.0003
natural[73,1]	0.145655	0.000991563	0.0972064	0.0906063	0.0285153	0.126277	0.329541	9132.41	5469.58	2.80241	1.00046
natural[73,2]	0.250667	0.0019133	0.173578	0.134138	0.0622419	0.207902	0.573421	7649.61	5879.39	2.34739	1.00008
natural[73,3]	4.88998	0.030171	2.40184	2.29509	1.7008	4.48852	9.45585	7660.57	5033.82	2.35075	1.00049
natural[73,4]	1.8069	0.0234131	1.8343	1.25358	0.0624668	1.23126	5.56006	10205.2	4913.57	3.1316	1.00009
natural[74,1]	0.339698	0.0015965	0.127167	0.129178	0.124896	0.341265	0.554098	6324.93	4198.52	1.94089	1.0016
natural[74,2]	0.618008	0.00392528	0.302412	0.275386	0.218939	0.569343	1.1785	5290.78	5122.08	1.62355	1.00055
natural[74,3]	5.5697	0.0383034	2.22055	2.15331	2.45929	5.30513	9.69382	3595.92	4508.41	1.10346	1.00029
natural[74,4]	2.64109	0.019518	1.57511	1.23326	0.867554	2.2561	5.65053	8503.34	5502.75	2.60937	1.00112
natural[75,1]	0.167223	0.00165681	0.120912	0.103974	0.0301256	0.137941	0.401178	5097.98	5169.63	1.56439	1.00048
natural[75,2]	0.0913786	0.000715847	0.0634503	0.045953	0.0249273	0.0749357	0.213973	7811.59	5661.16	2.3971	1.0001
natural[75,3]	6.38419	0.0312847	2.85505	2.93054	2.04861	6.16134	11.4643	8804.62	5809.83	2.70182	1.00061
natural[75,4]	4.73268	0.0272341	2.78817	2.82047	0.719844	4.4065	9.82755	11445.9	5094.68	3.51234	1.00064
natural[76,1]	0.0828287	0.000546259	0.046658	0.0418416	0.0226997	0.0748633	0.170361	7565.43	4786.08	2.32156	1.00038
natural[76,2]	1.30196	0.00725697	0.582433	0.492866	0.54043	1.21212	2.31381	6343.33	5140.43	1.94654	1.00075
natural[76,3]	0.69603	0.00349513	0.297036	0.20646	0.318821	0.663598	1.15327	7956.98	5202.77	2.44171	1.00007
natural[76,4]	0.0817602	0.00152138	0.125263	0.0337689	0.000377638	0.0239704	0.354652	7840.19	6366.93	2.40587	1.00063
natural[77,1]	0.0934027	0.000858403	0.0705067	0.057465	0.0160416	0.0751904	0.233091	6494.64	5746.18	1.99297	1.00074
natural[77,2]	0.379207	0.00167793	0.168014	0.155001	0.156749	0.348589	0.697747	10028.9	5282.15	3.07751	1.00149
natural[77,3]	8.35586	0.0247844	2.38619	2.3807	4.63328	8.21786	12.497	9623.19	6480.23	2.95301	1.0007
natural[77,4]	5.91616	0.0225834	2.25829	2.21883	2.65405	5.6545	10.1048	12069.4	5306.98	3.70366	1.00024
natural[78,1]	0.138611	0.00111644	0.0943368	0.0820431	0.0279729	0.116278	0.328904	6571.26	5728.69	2.01648	1.0003
natural[78,2]	0.194379	0.000903858	0.085708	0.0775072	0.0844645	0.179861	0.352462	8490.41	6080.32	2.6054	1.00054
natural[78,3]	8.15117	0.0259824	2.51121	2.51154	4.28823	8.02217	12.4897	9840.74	5727.7	3.01977	0.999957
natural[78,4]	6.82004	0.0255025	2.51052	2.54629	3.17209	6.57799	11.2553	11537.8	5579.49	3.54053	1.00037
natural[79,1]	0.139225	0.000922685	0.083699	0.0785377	0.0314164	0.124886	0.294514	7316.06	5364.11	2.24503	1.00082
natural[79,2]	0.270037	0.00208604	0.17679	0.144118	0.0699965	0.226159	0.615109	6305.24	6094.87	1.93485	1.00039
natural[79,3]	5.42521	0.0304818	2.34094	2.35734	2.21689	5.12401	9.71452	6988.46	4870.53	2.14451	1.00052
natural[79,4]	2.18931	0.0242883	1.90743	1.40197	0.199074	1.61584	5.96684	9401.81	5125.72	2.88507	1.00107
natural[80,1]	0.1351	0.00087898	0.0805839	0.074496	0.0313404	0.120918	0.288801	7882.37	5170.35	2.41882	0.999835
natural[80,2]	0.894604	0.00447066	0.435413	0.411	0.309099	0.829511	1.70006	8655.17	5366.29	2.65596	1.00007
natural[80,3]	4.7489	0.0195708	1.71105	1.66343	2.28337	4.57351	7.80224	8766.89	5787.87	2.69024	1.00009
natural[80,4]	0.57865	0.00656435	0.530106	0.339671	0.0476646	0.476995	1.40176	8029.2	5276.35	2.46387	1.00026
natural[81,1]	0.230768	0.00205015	0.156271	0.15118	0.0400037	0.198457	0.538813	5542.28	5283.87	1.70072	1.0005
natural[81,2]	0.0862405	0.00074607	0.0707079	0.0462109	0.0183313	0.0664087	0.224111	7668.44	5345.2	2.35317	1.00014
natural[81,3]	5.5592	0.0360625	3.10215	3.26158	1.12366	5.22381	11.1672	8317.42	6058.34	2.55232	0.99995
natural[81,4]	3.85631	0.0331802	3.07503	3.2339	0.0867449	3.28448	9.62818	10102.7	5557.55	3.10015	1.00059
natural[82,1]	0.195689	0.00129537	0.126227	0.11326	0.0425603	0.168533	0.443571	8325.27	5394.54	2.55473	1.0003
natural[82,2]	0.196745	0.00132114	0.131252	0.101062	0.0549831	0.16132	0.45729	8568.32	6011.96	2.62931	1.00064
natural[82,3]	6.30036	0.0273321	2.52364	2.51184	2.58371	6.08305	10.8346	9173.82	6236.45	2.81511	1.00019
natural[82,4]	3.06072	0.0263562	2.29414	1.971	0.383848	2.50322	7.62101	10495.3	5588.37	3.22063	1.00017
natural[83,1]	0.0405666	0.000412368	0.0321017	0.0253246	0.00632693	0.0314709	0.105769	6119.95	6593.25	1.87799	1.0001
natural[83,2]	6.93096	0.0546626	4.71578	2.85799	2.61983	5.72852	15.3918	11057.2	6255.19	3.39304	1.00126
natural[83,3]	2.33916	0.0167566	1.33575	1.19068	0.830079	2.01068	4.97714	7526.17	5816.02	2.30951	1.00011
natural[83,4]	0.0451153	0.000695613	0.0657848	0.0224111	0.000342914	0.0163613	0.194687	9367.49	7677.65	2.87454	0.999793
natural[84,1]	0.214763	0.00198477	0.153325	0.143859	0.0312026	0.182079	0.512523	5461.14	6126.56	1.67583	1.00072
natural[84,2]	0.212194	0.00247688	0.202211	0.152724	0.0178069	0.142003	0.633965	5059.08	6327.69	1.55245	1.00022
natural[84,3]	2.78725	0.0489884	3.03167	1.8974	0.0768692	1.53455	9.2611	5016.84	5441.29	1.53949	1.00077
natural[84,4]	1.61878	0.0372	2.51295	0.52086	0.00129135	0.35482	7.23858	6112.58	5553.65	1.87573	1.00086
natural[85,1]	0.0295182	0.000244389	0.0216965	0.0171331	0.00583722	0.0244856	0.0704503	7752.49	6035.57	2.37896	1.00038
natural[85,2]	2.26344	0.0174368	1.31279	0.911797	0.878524	1.9512	4.70491	5533.93	5542.9	1.69816	0.999952
natural[85,3]	3.44929	0.0190621	1.57796	1.56541	1.36112	3.22233	6.41219	7769.91	5913.53	2.38431	1.00011
natural[85,4]	0.245054	0.00209202	0.15535	0.183341	0.0101294	0.255883	0.471374	5670.14	5041.79	1.73996	1.0009
natural[86,1]	0.0670455	0.000972334	0.0678385	0.0368648	0.0105208	0.0473222	0.186341	5844.7	5549.73	1.79353	1.00025
natural[86,2]	0.571921	0.00480955	0.361157	0.38347	0.0807664	0.527997	1.21038	4535.64	3812.81	1.39182	1.00027
natural[86,3]	1.51234	0.0248248	1.38342	0.636885	0.376122	1.07399	4.27802	6247.04	3416.23	1.91699	1.00092
natural[86,4]	0.19395	0.0119982	0.684511	0.0487342	0.000840732	0.0359803	0.6862	7058.33	3911.54	2.16595	1.00042
natural[87,1]	0.0165686	0.000121871	0.0113268	0.0093563	0.00369826	0.0139671	0.0385765	7969.04	5535.73	2.44541	1.00008
natural[87,2]	4.39344	0.0262496	2.28302	1.72633	1.8556	3.92406	8.65824	8185.91	5480.74	2.51196	1.00049
natural[87,3]	0.565025	0.00112394	0.0903639	0.071277	0.439593	0.558335	0.712129	7729.03	6831.78	2.37176	1.00009
natural[87,4]	0.0179092	0.000431659	0.0338594	0.0062603	0.000109028	0.00459578	0.0838307	7910.69	6117.89	2.4275	1.00073
natural[88,1]	0.18273	0.00189595	0.150328	0.122243	0.0246659	0.137606	0.496037	7081.69	5315.3	2.17311	1.00022
natural[88,2]	0.147276	0.00139422	0.121459	0.0756188	0.0347856	0.110931	0.380159	7817.49	5586.71	2.39891	1.00039
natural[88,3]	5.69743	0.0295488	2.7891	2.82	1.78086	5.34601	10.7588	10071.3	5846.35	3.09051	1.00022
natural[88,4]	2.97978	0.0295113	2.56672	2.36851	0.0988883	2.29334	8.06984	10013.1	5462.27	3.07267	1.00002
natural[89,1]	0.0363081	0.000262187	0.0236579	0.0215484	0.00741146	0.0315011	0.0810003	7468.79	5266.36	2.2919	1.0003
natural[89,2]	2.49086	0.0099967	0.922434	0.861428	1.20064	2.38392	4.0908	8218.47	5732.75	2.52195	1.00039
natural[89,3]	0.538421	0.00154575	0.124338	0.0942311	0.362498	0.530426	0.739552	7135.99	6124.24	2.18978	1.00025
natural[89,4]	0.031026	0.000675945	0.0553788	0.0105348	0.000163973	0.00761921	0.152964	8193.71	6257.79	2.51435	1.00026
natural[90,1]	0.210499	0.00200907	0.162055	0.135931	0.0305566	0.163509	0.547336	6252.65	6286.45	1.91871	1.00018
natural[90,2]	0.126097	0.00130902	0.119812	0.0785377	0.0165042	0.0845706	0.368063	6603.38	6603.23	2.02634	1.00065
natural[90,3]	3.75165	0.043281	3.12029	2.99651	0.249483	2.92463	9.95387	6644.25	4848.17	2.03888	1.00093
natural[90,4]	2.30682	0.0352816	2.74346	1.62718	0.00677074	1.13696	8.0904	8265.13	5925.64	2.53627	1.00037
natural[91,1]	0.163613	0.00161576	0.115333	0.0966286	0.0305203	0.135912	0.388839	4961.01	5836.2	1.52235	1.00104
natural[91,2]	0.0868987	0.000609653	0.055914	0.0427326	0.0244013	0.0734629	0.197781	7352.09	5531.28	2.25609	0.999794
natural[91,3]	6.6605	0.0298597	2.91926	3.01495	2.1846	6.51194	11.6972	10004.8	5669.61	3.07011	1.00141
natural[91,4]	5.31052	0.0275083	2.82268	2.7663	1.1626	5.02438	10.4071	11683.1	5203.13	3.58511	1.00031
natural[92,1]	0.0526708	0.00128851	0.0643615	0.0256017	0.00889777	0.036689	0.138016	4618.38	2997.24	1.41721	1.00092
natural[92,2]	1.01442	0.00801338	0.515304	0.513343	0.195104	0.985495	1.92253	3532.95	2008.72	1.08413	1.00077
natural[92,3]	0.63556	0.021468	0.940908	0.240304	0.0838468	0.474304	1.36593	5489.62	2020.67	1.68456	1.00103
natural[92,4]	0.0922928	0.0109691	0.540061	0.0145543	0.000216075	0.0105564	0.223339	5812.82	3351.44	1.78374	1.00071
natural[93,1]	0.0664225	0.000563634	0.0484207	0.0397605	0.0123538	0.0544385	0.161157	7346.3	5724.7	2.25432	1.00022
natural[93,2]	1.01163	0.00422492	0.418429	0.395914	0.430919	0.961182	1.77282	9268.28	6058.76	2.8441	1.00013
natural[93,3]	4.22654	0.0179621	1.52977	1.48005	2.08666	4.03663	7.00989	8400.8	5678.67	2.5779	0.999763
natural[93,4]	0.251906	0.0024301	0.220189	0.199812	0.0129493	0.213801	0.618143	7987.64	6013.43	2.45112	0.999978
natural[94,1]	0.139831	0.00153222	0.11011	0.0933781	0.019535	0.112349	0.353731	4765.03	6032.26	1.46222	1.00072
natural[94,2]	0.668275	0.00432106	0.326891	0.320489	0.187243	0.633536	1.25328	4557.91	2617.46	1.39866	1.00045
natural[94,3]	0.765238	0.0160381	0.813526	0.437722	0.0640771	0.584973	1.95464	5404.04	2958.3	1.6583	1.00021
natural[94,4]	0.101962	0.00665897	0.395268	0.0256598	0.000298649	0.0182913	0.374569	7264.95	4375.27	2.22935	1.00017
natural[95,1]	0.119071	0.00141771	0.0998418	0.0683569	0.0210356	0.0897482	0.319316	5681.26	4670.96	1.74337	1.00039
natural[95,2]	0.122651	0.00116118	0.106841	0.0640177	0.0262964	0.0909557	0.321975	8258.85	5370.25	2.53434	1.0004
natural[95,3]	5.52648	0.0328113	2.91196	3.0205	1.37183	5.22482	10.7828	9009.95	5690.73	2.76483	1.00063
natural[95,4]	3.95413	0.0285359	2.75276	2.6889	0.335459	3.44882	9.17985	10935.2	5524.38	3.35561	1.00014
natural[96,1]	0.127188	0.000868092	0.0832958	0.0783824	0.0238339	0.111141	0.284716	8702.74	6033.14	2.67056	0.999815
natural[96,2]	0.600046	0.0034029	0.308909	0.28212	0.194979	0.552125	1.17433	7569.98	4695.72	2.32295	1.00086
natural[96,3]	5.62166	0.0228328	1.92693	1.85185	2.80926	5.44703	9.07829	8026.96	5042.78	2.46318	1.00122
natural[96,4]	1.31839	0.0142486	1.02713	0.580442	0.367075	1.05643	3.0902	8341.81	4619.32	2.5598	1.00044
natural[97,1]	0.137849	0.00109306	0.0930475	0.087264	0.024171	0.117829	0.31951	6709.89	5327.37	2.05902	1.00093
natural[97,2]	0.450035	0.00216316	0.211382	0.190017	0.180034	0.41226	0.849948	10715.8	5567.6	3.2883	0.999849
natural[97,3]	8.04079	0.0260748	2.40878	2.44383	4.36546	7.88598	12.2243	9039.15	6175.88	2.77379	1.00073
natural[97,4]	5.51712	0.022978	2.21904	2.23456	2.39651	5.2602	9.50512	11447.5	5539.86	3.51283	1.00113
natural[98,1]	0.126032	0.00112824	0.100659	0.0785057	0.0191526	0.0980786	0.332683	8810.79	6095.21	2.70371	1.00013
natural[98,2]	0.536041	0.00503491	0.398362	0.308478	0.10733	0.438323	1.29263	5263.83	5016.44	1.61528	1.0006
natural[98,3]	3.33353	0.0293295	1.9686	1.66807	1.09171	2.8576	7.17781	6061.43	4470.49	1.86004	1.00132
natural[98,4]	0.840348	0.0146457	1.07507	0.530346	0.0203105	0.555284	2.79716	8177.26	4690.83	2.5093	1.00118
natural[99,1]	0.130113	0.000924875	0.0881325	0.0842062	0.0231653	0.11091	0.298663	8482.45	6418.73	2.60296	0.999979
natural[99,2]	0.762487	0.00469762	0.424388	0.400697	0.219912	0.687135	1.55325	6840.19	4799.6	2.09901	1.00015
natural[99,3]	5.70112	0.0269692	2.09755	2.04693	2.61919	5.51684	9.47839	6638.75	5138.09	2.03719	1.00003
natural[99,4]	2.02086	0.0193276	1.30893	0.828268	0.790618	1.63713	4.63513	7918.47	4466.62	2.42989	1.00075
natural[100,1]	0.129674	0.00124618	0.0954777	0.0710797	0.0262237	0.106333	0.314206	6471.58	5123.35	1.98589	1.00014
natural[100,2]	0.515881	0.00411367	0.310358	0.322313	0.0907545	0.474877	1.08942	4835.04	4306.1	1.4837	1.00046
natural[100,3]	1.65893	0.023616	1.36005	0.713079	0.382335	1.27393	4.22023	5300.94	3658.5	1.62667	1.00084
natural[100,4]	0.188374	0.0105733	0.640867	0.0508036	0.000980291	0.0375986	0.68155	7935.09	4360.91	2.43499	1.00024
natural[101,1]	0.0878238	0.00129729	0.0854675	0.048113	0.0142622	0.0623936	0.251911	4867.13	5246.99	1.49355	1.00092
natural[101,2]	0.531683	0.0042325	0.317871	0.315385	0.0884136	0.488018	1.11202	4406.3	3152.01	1.35213	1.00027
natural[101,3]	1.20725	0.0246774	1.2936	0.550194	0.170351	0.86925	3.42782	5591.8	2792.87	1.71592	1.00035
natural[101,4]	0.194142	0.0140667	0.744769	0.0380489	0.00058634	0.0276138	0.669165	7079.01	3565.14	2.17229	1.00059
natural[102,1]	0.171337	0.00156653	0.13074	0.107197	0.0284185	0.136978	0.43486	6736.75	5860.07	2.06726	1.00002
natural[102,2]	0.111711	0.00081911	0.0803867	0.0625853	0.0250113	0.0908437	0.271776	8608.6	5886.7	2.64167	1.00058
natural[102,3]	5.66041	0.0282077	2.68092	2.65433	1.88346	5.31325	10.6315	10575.9	6050.39	3.24536	0.999962
natural[102,4]	2.65823	0.029227	2.49995	2.13928	0.0690662	1.89059	7.76821	10938.4	5975.31	3.35661	1.00025
natural[103,1]	0.0944774	0.000839669	0.0701435	0.0561994	0.0174205	0.0775583	0.227314	7937.44	5214.26	2.43571	1.00009
natural[103,2]	0.453623	0.00271069	0.258347	0.244092	0.117655	0.410672	0.933168	7549.64	4902.02	2.31671	1.00034
natural[103,3]	3.10664	0.0222974	1.67414	1.40768	1.14935	2.72416	6.39233	8168.44	4835.64	2.5066	0.999944
natural[103,4]	0.467973	0.0107166	0.767444	0.288215	0.00605913	0.231172	1.69187	8483.89	4903.6	2.6034	1.00099
natural[104,1]	0.218176	0.00146356	0.10021	0.0996745	0.0729272	0.20853	0.398178	4435.95	4445.44	1.36123	1.00034
natural[104,2]	0.944459	0.0052779	0.418	0.392649	0.332079	0.90104	1.70276	5485.47	3714.11	1.68329	1.00013
natural[104,3]	0.492424	0.00804575	0.48509	0.273471	0.0504286	0.445894	0.995316	6062.32	4061.98	1.86031	1.00036
natural[104,4]	0.117298	0.00609694	0.35693	0.0271895	0.000168222	0.01874	0.47312	4094.91	4674.63	1.25658	0.999926
natural[105,1]	0.130399	0.00135475	0.107974	0.0819743	0.0198847	0.0996401	0.346448	6637.92	6537.88	2.03694	0.999978
natural[105,2]	0.32634	0.00201045	0.191036	0.166384	0.100624	0.285523	0.697419	8009.5	6172.46	2.45783	0.99998
natural[105,3]	6.86679	0.0275362	2.28034	2.20469	3.52123	6.62481	10.9382	7716.0	6325.21	2.36776	0.999774
natural[105,4]	2.84221	0.0254349	1.95408	1.5952	0.68676	2.31222	6.6403	8742.85	5073.02	2.68286	1.00017
natural[106,1]	0.0959056	0.0010365	0.0775715	0.0527281	0.0183206	0.0751183	0.24347	5792.45	5745.05	1.77749	1.00031
natural[106,2]	0.200849	0.00134883	0.127659	0.110545	0.0493354	0.173213	0.446686	7255.14	5022.03	2.22634	1.00004
natural[106,3]	5.48333	0.0292125	2.33843	2.27645	2.30125	5.17813	9.97621	7368.14	4653.78	2.26102	1.00041
natural[106,4]	1.85141	0.0254916	1.92469	1.28362	0.0681232	1.23972	5.89978	9763.27	4628.03	2.996	1.00023
natural[107,1]	0.0861388	0.00110731	0.080417	0.0521057	0.0115295	0.0613163	0.25307	5974.48	5477.68	1.83335	1.00042
natural[107,2]	1.28389	0.017717	1.10761	0.794022	0.204139	0.972579	3.37085	2810.76	4070.71	0.86252	1.00062
natural[107,3]	2.60414	0.0336858	1.73067	1.28075	0.858257	2.0709	6.12765	3148.78	3716.33	0.966246	1.00021
natural[107,4]	0.773781	0.0118067	0.767231	0.268654	0.105942	0.594013	2.02393	6571.4	4358.67	2.01653	1.00071
natural[108,1]	0.224347	0.00153834	0.14646	0.141521	0.0432117	0.193569	0.502127	9658.19	5474.81	2.96375	0.999847
natural[108,2]	0.172807	0.00142805	0.136048	0.102614	0.0325398	0.133534	0.454563	7774.6	5615.66	2.38574	0.999995
natural[108,3]	4.64965	0.0342596	2.74174	2.68346	1.12131	4.17197	9.80775	8051.34	4992.11	2.47066	1.00021
natural[108,4]	1.98436	0.0315847	2.34204	1.40747	0.0186022	1.06906	6.86192	9937.48	5258.42	3.04945	1.00102
natural[109,1]	0.18901	0.0020242	0.155303	0.123595	0.0247208	0.139242	0.517861	6051.24	5837.96	1.85691	1.00067
natural[109,2]	0.335762	0.00255084	0.227768	0.203454	0.0663958	0.283991	0.780882	6416.18	4624.96	1.96889	1.00012
natural[109,3]	2.92274	0.0275298	1.92793	1.5583	0.794328	2.42193	6.69081	7239.7	4541.15	2.2216	1.00087
natural[109,4]	0.353515	0.0147363	0.867834	0.121845	0.00275231	0.0914833	1.46529	8966.68	4267.67	2.75155	0.999931
natural[110,1]	0.0967846	0.000925241	0.0777695	0.0547158	0.0180728	0.0755759	0.247245	7548.44	6024.86	2.31634	1.00012
natural[110,2]	0.247947	0.00182544	0.16944	0.143646	0.0545524	0.208763	0.576672	7011.8	5538.78	2.15167	1.00051
natural[110,3]	4.65908	0.0302708	2.2949	2.1505	1.68776	4.24179	9.01676	7458.8	4505.04	2.28884	1.00137
natural[110,4]	1.52248	0.0241847	1.784	0.994291	0.0352414	0.893695	5.25237	8706.54	5113.97	2.67172	1.00113
natural[111,1]	0.131417	0.00118678	0.0962491	0.0846181	0.0213758	0.107225	0.320019	6165.49	5619.63	1.89197	0.999831
natural[111,2]	0.533387	0.00264404	0.258701	0.251343	0.174654	0.495799	1.0062	8880.84	5453.61	2.72521	1.00013
natural[111,3]	4.89607	0.0202776	1.74243	1.72562	2.36777	4.70958	8.02408	7922.61	5823.69	2.43116	1.0002
natural[111,4]	0.53021	0.00809906	0.633671	0.364084	0.0182619	0.349461	1.68145	8297.7	5411.23	2.54627	1.0002
natural[112,1]	0.0885571	0.000868316	0.0692833	0.0542602	0.0149605	0.0708937	0.216578	6207.6	5502.52	1.90489	1.00018
natural[112,2]	0.926625	0.00483598	0.400726	0.384551	0.312632	0.896107	1.63042	6017.57	3652.14	1.84657	1.00013
natural[112,3]	0.361241	0.00868722	0.413726	0.242655	0.0242841	0.30885	0.786349	7675.74	4861.44	2.35541	1.00086
natural[112,4]	0.040153	0.0049924	0.20216	0.00971882	0.000117482	0.00696933	0.158107	9742.68	6201.02	2.98968	1.0003
natural[113,1]	0.213154	0.00160257	0.13988	0.137361	0.039465	0.185063	0.485105	6933.58	6168.73	2.12767	1.0001
natural[113,2]	0.116084	0.000608033	0.0611879	0.0514861	0.0421157	0.104121	0.232076	9034.13	6452.37	2.77225	1.0009
natural[113,3]	7.54948	0.0278798	2.67243	2.6753	3.46224	7.36636	12.2487	10084.2	4732.92	3.09449	1.00015
natural[113,4]	5.86569	0.0254707	2.66465	2.6634	1.93846	5.60766	10.6996	12777.4	4967.18	3.92091	0.999981
natural[114,1]	0.108587	0.00053733	0.0512589	0.0470684	0.0379065	0.101328	0.201972	8296.33	4932.15	2.54585	0.999842
natural[114,2]	2.58554	0.0135518	1.32351	1.13728	0.92279	2.33885	5.05265	8862.91	5347.11	2.71971	1.00001
natural[114,3]	4.04008	0.0227432	1.69728	1.73745	1.57367	3.87542	7.10378	6018.62	5765.06	1.8469	1.00081
natural[114,4]	0.475067	0.00245572	0.208575	0.137814	0.230342	0.447459	0.811234	7007.21	5034.47	2.15026	1.00079
natural[115,1]	0.15628	0.000973805	0.091681	0.0881685	0.0347637	0.142058	0.329653	7957.64	5632.39	2.44191	1.00066
natural[115,2]	0.212672	0.00102704	0.0986956	0.0870908	0.0909895	0.193852	0.399735	8731.25	5880.89	2.67931	0.999817
natural[115,3]	8.08302	0.0263087	2.49097	2.45471	4.26303	7.93364	12.4511	9642.98	5779.63	2.95908	1.00055
natural[115,4]	5.60074	0.0251176	2.3395	2.3512	2.31033	5.3259	9.86149	11022.6	5901.47	3.38245	1.00046
natural[116,1]	0.096763	0.00152988	0.0976294	0.0545419	0.0136966	0.0669978	0.284833	4093.31	5029.88	1.25609	1.00128
natural[116,2]	0.431657	0.00379009	0.290865	0.3016	0.0396112	0.395336	0.968145	4547.49	3077.54	1.39546	1.00112
natural[116,3]	0.903155	0.0320508	1.61318	0.415041	0.0269129	0.413398	4.1315	5173.51	2944.78	1.58756	1.00068
natural[116,4]	0.316736	0.022128	1.15456	0.0310666	0.000223824	0.0217311	1.40504	6287.44	2946.69	1.92939	1.0009
natural[117,1]	0.0421935	0.000426564	0.0358571	0.0267023	0.00595839	0.0314986	0.115898	4968.44	6133.82	1.52463	1.0003
natural[117,2]	6.7933	0.0558069	4.71464	2.73781	2.59042	5.60556	14.8596	10305.6	6735.25	3.16241	0.999874
natural[117,3]	2.51643	0.0167265	1.35659	1.22374	0.941012	2.20648	5.14133	7482.93	6071.57	2.29624	0.999912
natural[117,4]	0.0467761	0.000673618	0.065511	0.0253327	0.00035626	0.0184751	0.190677	9830.0	7064.7	3.01647	1.00009
natural[118,1]	0.122473	0.00120181	0.0990623	0.0730384	0.0206646	0.0965771	0.314015	7867.94	5580.25	2.41439	1.00101
natural[118,2]	0.217174	0.00133956	0.135915	0.116548	0.0564372	0.187088	0.48194	8760.39	5246.55	2.68825	1.00017
natural[118,3]	5.31941	0.0268964	2.33152	2.22308	2.1074	5.0009	9.6447	9152.94	5178.91	2.80871	1.00085
natural[118,4]	1.81807	0.025909	1.96975	1.34439	0.0393702	1.1675	5.95999	10116.4	4820.65	3.10437	1.00027
natural[119,1]	0.0693386	0.0005479	0.0499445	0.0414679	0.0127834	0.05696	0.167704	8147.41	5628.86	2.50014	1.00054
natural[119,2]	0.583223	0.00275036	0.293279	0.261898	0.212749	0.524938	1.14781	12763.6	5883.36	3.9167	0.999929
natural[119,3]	7.50786	0.0252075	2.36246	2.3686	3.94362	7.35369	11.617	9257.43	6817.08	2.84077	1.00025
natural[119,4]	4.98479	0.0232633	2.16951	2.08543	1.96331	4.68593	9.13665	11169.0	5420.96	3.42735	1.00072
natural[120,1]	0.294873	0.00200723	0.180746	0.198563	0.0531804	0.265276	0.629833	7731.12	5074.78	2.3724	1.00159
natural[120,2]	0.119693	0.000998316	0.0934518	0.0582505	0.0314778	0.093528	0.299896	8642.48	6407.81	2.65206	0.999928
natural[120,3]	6.22187	0.0325542	2.98313	3.11278	1.80523	5.98649	11.4562	9048.54	6075.17	2.77667	1.00048
natural[120,4]	4.19465	0.0297195	2.78261	2.74106	0.472323	3.76032	9.49206	11426.4	5587.25	3.50635	0.999806
natural[121,1]	0.0932371	0.000791448	0.0725298	0.0556909	0.0165341	0.0745965	0.234811	9425.21	5969.86	2.89226	1.00002
natural[121,2]	0.557167	0.00441419	0.356601	0.295232	0.14071	0.480668	1.23396	5766.72	5277.93	1.7696	1.001
natural[121,3]	3.40254	0.0255461	1.79526	1.55705	1.24591	3.00702	6.91614	6349.15	4550.04	1.94832	1.00011
natural[121,4]	0.711658	0.011369	0.851863	0.475067	0.0200511	0.500951	2.17078	7175.98	4868.32	2.20205	1.00057
natural[122,1]	0.0329297	0.000280224	0.0242045	0.0196039	0.00630076	0.0269018	0.0789865	7071.96	5736.94	2.17013	1.00055
natural[122,2]	3.03693	0.013626	1.24582	1.02881	1.4873	2.81767	5.24497	9583.49	5829.73	2.94083	0.999897
natural[122,3]	2.99059	0.0168113	1.37846	1.31496	1.24759	2.71566	5.66591	7651.69	6376.06	2.34803	1.00013
natural[122,4]	0.0912264	0.00109864	0.0954895	0.0723151	0.00158912	0.0561362	0.292646	7622.81	6771.89	2.33916	1.00011
natural[123,1]	0.0406446	0.000320387	0.0272219	0.0246825	0.00821332	0.0345163	0.0928339	6619.06	5655.02	2.03115	1.00027
natural[123,2]	2.59557	0.00853555	0.907459	0.831626	1.34797	2.47613	4.24433	11415.6	6315.31	3.50304	0.999686
natural[123,3]	2.86575	0.017126	1.36906	1.31658	1.14938	2.60958	5.46525	7671.74	5120.33	2.35418	0.999911
natural[123,4]	0.0687765	0.00080601	0.0788474	0.0488424	0.0011752	0.0377335	0.237846	9657.92	7158.28	2.96367	0.999915
natural[124,1]	0.185185	0.00171327	0.140226	0.120531	0.0278204	0.147668	0.46376	6362.88	5267.2	1.95254	1.00018
natural[124,2]	0.129496	0.000701457	0.0635227	0.0558075	0.050203	0.117626	0.249399	7588.98	5214.91	2.32878	1.0003
natural[124,3]	8.0384	0.0269175	2.52447	2.47879	4.26823	7.81312	12.4811	9663.62	5992.33	2.96541	0.999802
natural[124,4]	5.24042	0.0261124	2.50451	2.49217	1.69352	4.93633	9.78309	10861.3	5487.89	3.33295	1.00059
natural[125,1]	0.0975538	0.00178263	0.103496	0.0541306	0.0133511	0.0648864	0.296756	3716.28	4376.79	1.14039	1.00052
natural[125,2]	0.274297	0.00271052	0.228379	0.215059	0.0187477	0.215795	0.723607	4341.34	3523.77	1.3322	1.00105
natural[125,3]	1.38588	0.0458954	2.18625	0.615249	0.0252919	0.518199	6.33947	4146.01	2445.29	1.27226	1.00093
natural[125,4]	0.565304	0.0321192	1.58376	0.0570213	0.0003092	0.039377	3.55183	5218.04	2900.18	1.60123	1.00077
natural[126,1]	0.155126	0.00170126	0.131279	0.0956893	0.0222873	0.114217	0.430203	7089.48	6321.37	2.17551	1.00006
natural[126,2]	0.325207	0.00390555	0.296563	0.199475	0.0481894	0.230944	0.908276	4905.72	5560.99	1.50539	1.00006
natural[126,3]	3.99409	0.0378902	2.62932	2.46654	0.989822	3.33838	9.17106	6266.0	4578.44	1.92281	1.00113
natural[126,4]	1.36672	0.0275411	1.87172	0.792676	0.0139552	0.621098	5.46951	8319.88	4700.88	2.55307	1.00087
natural[127,1]	0.17622	0.00146063	0.126722	0.112992	0.0280743	0.144245	0.434751	7104.75	4890.85	2.18019	1.00043
natural[127,2]	0.146778	0.000692327	0.0684968	0.0599246	0.0601999	0.134256	0.27513	8670.85	5165.09	2.66077	1.00015
natural[127,3]	8.24494	0.0260377	2.54336	2.57339	4.35525	8.0934	12.6202	10137.0	6010.56	3.11068	1.00033
natural[127,4]	5.46278	0.0245952	2.56936	2.53057	1.78999	5.11848	10.1416	13307.1	4919.15	4.08347	1.00185
natural[128,1]	0.127325	0.00210382	0.124188	0.0740029	0.0167124	0.0874018	0.391187	3379.01	4789.05	1.0369	1.001
natural[128,2]	0.365206	0.00382717	0.271153	0.283379	0.025279	0.322329	0.87047	3662.48	3737.18	1.12388	1.00016
natural[128,3]	1.30019	0.0451507	2.13861	0.542498	0.0335457	0.502887	6.32138	3914.38	2719.46	1.20118	1.00001
natural[128,4]	0.604947	0.0307938	1.602	0.0635111	0.000302729	0.0437173	3.9695	4899.83	3351.49	1.50358	1.00004
natural[129,1]	0.0341952	0.000242224	0.0221222	0.0197262	0.00742879	0.0297779	0.0758886	7701.78	5198.67	2.3634	0.999995
natural[129,2]	1.93863	0.00750395	0.685864	0.663411	0.935079	1.87395	3.16097	7681.33	5164.94	2.35712	1.00014
natural[129,3]	0.920905	0.00454105	0.300637	0.202362	0.608945	0.86397	1.40296	6881.03	4833.95	2.11154	1.00046
natural[129,4]	0.033674	0.000561524	0.0526178	0.0168581	0.000283615	0.0124652	0.141702	9524.94	5903.36	2.92286	0.999952
natural[130,1]	0.149457	0.00211393	0.12395	0.0965318	0.018886	0.113752	0.398649	3126.77	3778.54	0.959493	1.00165
natural[130,2]	0.127397	0.00162919	0.112765	0.0672563	0.0260621	0.0894145	0.358283	3949.33	4906.84	1.21191	1.00122
natural[130,3]	4.89455	0.0501224	3.21337	3.63443	0.701962	4.44353	10.7685	4433.51	6087.89	1.36048	1.00167
natural[130,4]	5.58325	0.0300414	2.70075	2.63358	1.7737	5.2554	10.5476	9043.04	5451.09	2.77498	1.00109
natural[131,1]	0.0593492	0.000657105	0.0520698	0.0341336	0.00996103	0.0449151	0.154543	7680.76	5974.69	2.35695	1.00123
natural[131,2]	1.05679	0.00587194	0.473457	0.466724	0.322462	1.02837	1.88373	5711.66	3834.95	1.7527	1.00044
natural[131,3]	1.15115	0.0146367	0.721013	0.377708	0.532892	0.973301	2.3079	6032.16	3535.98	1.85105	1.00005
natural[131,4]	0.0593065	0.00258773	0.173864	0.0262301	0.000520718	0.0197088	0.218898	9210.79	6314.15	2.82646	1.00074
natural[132,1]	0.0423134	0.000435908	0.0344271	0.0244159	0.00775682	0.033877	0.106011	6994.84	5811.65	2.14646	1.00013
natural[132,2]	2.4421	0.0185959	1.5364	1.19457	0.717377	2.10224	5.29109	5617.72	5119.47	1.72387	1.00054
natural[132,3]	3.96844	0.0199357	1.68437	1.71551	1.50409	3.81684	7.02762	7868.35	5707.61	2.41451	1.0006
natural[132,4]	0.490031	0.00201419	0.159976	0.108755	0.207577	0.498066	0.724666	6437.36	3793.42	1.97539	0.999959
natural[133,1]	0.085585	0.00169549	0.0776983	0.0511708	0.0111889	0.0638557	0.234983	1868.22	3346.04	0.573288	1.00008
natural[133,2]	1.92773	0.0388604	1.69728	1.50632	0.0902501	1.59505	5.012	1150.36	2080.0	0.353003	1.00041
natural[133,3]	1.578	0.0677706	2.03074	0.281745	0.502535	0.755378	6.58954	1397.61	1745.24	0.428876	1.00101
natural[133,4]	1.64328	0.0490953	1.68538	0.408203	0.620682	1.00128	5.54053	1783.41	2258.84	0.547264	1.00101
natural[134,1]	0.301971	0.00203904	0.115914	0.113762	0.0992434	0.306373	0.487342	3262.24	3290.45	1.00106	1.0004
natural[134,2]	0.974659	0.0042847	0.403818	0.381525	0.414955	0.918964	1.71703	8293.03	6590.71	2.54483	1.00021
natural[134,3]	3.284	0.0245995	1.60666	1.48245	1.26232	2.97117	6.31283	4175.74	5300.48	1.28138	1.00069
natural[134,4]	0.231189	0.00304074	0.255376	0.192294	0.00373385	0.154667	0.684768	5746.03	5917.7	1.76325	1.00065
natural[135,1]	0.159589	0.00200551	0.144002	0.092889	0.0233951	0.112192	0.472931	5725.21	5797.79	1.75686	1.00016
natural[135,2]	0.144561	0.000986232	0.0952055	0.0789603	0.0352304	0.122881	0.328346	8498.67	5458.59	2.60794	0.999922
natural[135,3]	5.56384	0.0286813	2.48714	2.3333	2.10652	5.21844	10.1649	8859.87	5225.16	2.71877	1.00121
natural[135,4]	1.94256	0.0280139	2.14952	1.38642	0.0413328	1.18351	6.46956	10210.0	5365.77	3.13307	1.00026
natural[136,1]	0.20107	0.00206033	0.148668	0.12766	0.0308997	0.164042	0.498582	5219.67	5269.27	1.60173	1.00003
natural[136,2]	0.0960771	0.00101615	0.0947815	0.0507584	0.016051	0.0639401	0.291846	8257.1	5623.83	2.53381	1.0
natural[136,3]	4.8963	0.0390599	3.30435	3.66821	0.47439	4.4655	10.8866	8043.12	5964.99	2.46814	0.999936
natural[136,4]	3.61001	0.032338	3.08569	3.20128	0.0393403	2.94648	9.5967	10239.0	6099.44	3.14198	1.00028
natural[137,1]	0.160066	0.0011095	0.106305	0.0971166	0.0296248	0.137104	0.362399	8710.6	6278.45	2.67297	1.00082
natural[137,2]	0.430289	0.002532	0.229401	0.212894	0.132664	0.391456	0.862115	7465.89	5143.94	2.29101	1.00067
natural[137,3]	5.76172	0.0229071	2.008	1.96731	2.81655	5.57641	9.31264	8595.84	4932.21	2.63775	1.00026
natural[137,4]	1.51428	0.0168285	1.28054	0.855104	0.17046	1.18078	3.98854	8823.06	4386.24	2.70748	1.00016
natural[138,1]	0.0371661	0.000331415	0.0274461	0.0214247	0.00750278	0.0306067	0.0883806	6785.86	5527.53	2.08233	0.999849
natural[138,2]	1.76475	0.00967658	0.740544	0.63176	0.783193	1.66022	3.0734	5688.76	4294.35	1.74568	0.999986
natural[138,3]	0.510538	0.00204464	0.180047	0.146747	0.215486	0.510231	0.787593	7214.22	4152.91	2.21378	1.00014
natural[138,4]	0.0458494	0.000972003	0.0788982	0.0156371	0.000240399	0.0112918	0.224666	8523.4	6152.3	2.61552	0.999985
natural[139,1]	0.0934102	0.000946202	0.0745911	0.0538052	0.0177104	0.0747886	0.231869	6639.37	5318.66	2.03738	1.00038
natural[139,2]	0.402113	0.00208947	0.20917	0.196682	0.123375	0.369772	0.797763	9200.8	5059.55	2.82339	1.00008
natural[139,3]	5.18389	0.0211805	1.89383	1.80364	2.49045	4.94199	8.59895	8998.19	5889.04	2.76122	1.00043
natural[139,4]	0.767442	0.0117032	0.893907	0.495363	0.0313718	0.518534	2.41683	9068.47	4893.91	2.78278	1.0004
natural[140,1]	0.0608357	0.000548447	0.0473998	0.0363866	0.0111796	0.0486357	0.153482	8616.63	6213.81	2.64413	1.00066
natural[140,2]	0.767955	0.00468936	0.434772	0.399513	0.218445	0.6917	1.58827	7640.83	5340.73	2.3447	1.00017
natural[140,3]	5.37282	0.0245287	1.9368	1.93561	2.53991	5.18255	8.74925	6858.28	5035.28	2.10456	1.00058
natural[140,4]	1.37389	0.013332	0.996729	0.563	0.465278	1.09302	3.26046	8528.56	5090.4	2.61711	1.00075
natural[141,1]	0.204457	0.00178579	0.14601	0.130921	0.0331227	0.170397	0.495519	6348.52	5024.81	1.94813	1.0009
natural[141,2]	0.0779485	0.000641138	0.0615337	0.039292	0.0185685	0.060242	0.197695	8553.07	5930.2	2.62463	1.00055
natural[141,3]	5.82804	0.0315424	3.06634	3.21892	1.27193	5.57782	11.1689	10224.4	6065.58	3.13749	1.00002
natural[141,4]	4.20085	0.0287689	2.93657	3.07329	0.202236	3.80126	9.60218	11944.5	5306.89	3.66532	1.00039
natural[142,1]	0.242684	0.00181007	0.148576	0.147832	0.047718	0.217486	0.524415	6856.85	5753.82	2.10412	1.00032
natural[142,2]	0.246648	0.00210109	0.18471	0.154587	0.0413498	0.202116	0.610678	5944.95	5070.17	1.82429	1.00025
natural[142,3]	3.97459	0.0334388	2.41999	2.25134	1.01564	3.48295	8.63162	6816.95	4379.92	2.09188	1.00022
natural[142,4]	1.00817	0.0252125	1.63847	0.468976	0.00803489	0.352163	4.4373	8432.8	4142.11	2.58772	1.0005
natural[143,1]	0.0955677	0.000835279	0.0701646	0.0577834	0.017441	0.078205	0.229642	6872.52	6029.34	2.10893	1.00009
natural[143,2]	0.482353	0.00250774	0.24763	0.235443	0.149005	0.443134	0.947998	8897.81	5341.96	2.73042	1.00052
natural[143,3]	5.009	0.0196619	1.80651	1.75153	2.3646	4.83454	8.20723	9245.08	6245.64	2.83698	1.00088
natural[143,4]	0.717908	0.00914327	0.771944	0.468559	0.0383506	0.533148	2.03011	9490.71	5616.81	2.91236	0.999896
natural[144,1]	0.151842	0.00150924	0.121694	0.101905	0.0203312	0.118106	0.397082	6533.27	5326.43	2.00482	1.00034
natural[144,2]	0.632244	0.00438691	0.321858	0.309862	0.155724	0.602583	1.20679	4545.81	3149.85	1.39494	1.0007
natural[144,3]	0.947256	0.0176415	0.950074	0.431411	0.141218	0.742496	2.31515	6011.14	3279.57	1.8446	1.0006
natural[144,4]	0.117922	0.00838828	0.466004	0.0310812	0.000406183	0.0223938	0.400622	7525.07	4138.44	2.30917	0.999971
natural[145,1]	0.113485	0.00112485	0.0926085	0.0689886	0.0189206	0.0878918	0.297819	7897.7	5887.0	2.42352	0.999808
natural[145,2]	0.443933	0.0028056	0.260064	0.234254	0.123005	0.391162	0.942059	7437.89	5653.68	2.28242	1.00017
natural[145,3]	6.10227	0.0237342	2.06748	2.02749	3.10614	5.88302	9.7693	8155.83	5742.68	2.50273	1.00048
natural[145,4]	1.88602	0.0201706	1.4962	0.910133	0.452515	1.43415	4.92886	8950.75	4735.25	2.74666	1.00117
natural[146,1]	0.139839	0.00142935	0.107446	0.0863593	0.0241269	0.112918	0.348627	5971.23	5884.52	1.83236	1.00031
natural[146,2]	0.199959	0.00192065	0.169722	0.13917	0.0244154	0.15076	0.539926	5709.8	5560.19	1.75213	0.999993
natural[146,3]	2.92298	0.0370757	2.51362	1.85071	0.334854	2.09979	8.2445	6530.64	4962.35	2.00402	1.00128
natural[146,4]	1.18005	0.0300142	1.97001	0.444293	0.00388363	0.314286	5.59336	7206.12	5040.81	2.2113	0.999947
natural[147,1]	0.145051	0.00134626	0.106174	0.0913829	0.0243898	0.118153	0.35785	5754.93	5093.51	1.76598	1.00055
natural[147,2]	0.216034	0.000962972	0.092027	0.0825265	0.0979541	0.199645	0.390894	9114.36	5334.47	2.79687	1.00146
natural[147,3]	8.58998	0.025646	2.46927	2.46559	4.77457	8.45824	12.9093	9687.84	6209.37	2.97285	1.0001
natural[147,4]	7.02148	0.0230549	2.41528	2.40984	3.47422	6.80235	11.3465	12714.9	5688.94	3.90174	1.00014
natural[148,1]	0.0845226	0.000717743	0.0613003	0.0546025	0.0130604	0.0697531	0.206416	6812.86	5911.17	2.09062	1.00045
natural[148,2]	2.37931	0.0172995	1.50787	1.07707	0.807573	1.98957	5.20943	6548.18	5855.27	2.0094	1.00074
natural[148,3]	4.24682	0.0203361	1.67218	1.71771	1.86567	4.0583	7.22173	7414.84	6004.74	2.27535	1.00061
natural[148,4]	0.509782	0.00256948	0.195482	0.163874	0.125846	0.528119	0.794648	5992.77	4969.4	1.83897	1.00147
natural[149,1]	0.177837	0.00207466	0.144686	0.111965	0.0270918	0.135286	0.482608	4911.34	5017.03	1.50711	1.00098
natural[149,2]	0.116657	0.00109204	0.103803	0.0684799	0.0193046	0.0836287	0.324808	7808.64	5760.89	2.39619	1.00041
natural[149,3]	4.44724	0.0332533	2.92337	2.9529	0.706561	3.92122	10.0619	9039.55	6432.0	2.77391	1.00075
natural[149,4]	2.2415	0.0320974	2.60146	1.66821	0.0150397	1.23243	7.80509	10356.3	5589.1	3.17798	1.00082
natural[150,1]	0.0790653	0.00080893	0.0636931	0.0483086	0.0119308	0.0610254	0.206642	6427.2	6039.46	1.97228	1.00023
natural[150,2]	1.33101	0.00688816	0.663348	0.604664	0.457819	1.22454	2.55545	8726.37	5987.25	2.67781	1.00028
natural[150,3]	6.42095	0.0269246	2.28782	2.29599	2.96298	6.24298	10.4983	7514.8	6226.42	2.30602	0.999978
natural[150,4]	3.7142	0.0248075	1.84692	1.73518	1.40488	3.35847	7.29188	7083.23	4228.94	2.17359	1.00021
natural[151,1]	0.136658	0.00129607	0.103556	0.0799134	0.0262025	0.110526	0.334565	6271.92	5705.91	1.92462	1.00068
natural[151,2]	0.0987192	0.000707499	0.0691277	0.0494207	0.0265638	0.0808977	0.231317	9195.03	5865.16	2.82162	0.99992
natural[151,3]	6.31942	0.0298433	2.83467	2.89126	2.06165	6.10716	11.3835	9791.7	5793.74	3.00472	1.00073
natural[151,4]	4.39859	0.0278849	2.84839	2.8462	0.498296	4.02994	9.60858	13216.2	5697.07	4.05558	1.00102
natural[152,1]	0.1006	0.00138285	0.0892547	0.0556368	0.0167545	0.0764662	0.269017	5506.25	4402.21	1.68967	1.00053
natural[152,2]	0.621032	0.00494003	0.35013	0.350222	0.0965477	0.590977	1.25208	3876.31	2459.62	1.1895	1.00144
natural[152,3]	0.873313	0.0256668	1.18566	0.470483	0.0562892	0.607512	2.61868	5622.21	2432.0	1.72525	1.00039
natural[152,4]	0.15349	0.0150911	0.711959	0.0238617	0.000265196	0.0170765	0.421134	6165.33	3257.46	1.89192	1.00049
natural[153,1]	0.113725	0.0019144	0.105583	0.0694455	0.0154983	0.0815176	0.32253	3120.43	4479.79	0.957549	1.00107
natural[153,2]	0.351014	0.00372801	0.259699	0.271089	0.024238	0.31013	0.829432	3484.17	2992.02	1.06917	1.00065
natural[153,3]	1.05356	0.046068	2.04595	0.340283	0.016503	0.294158	5.80549	3751.57	2521.66	1.15122	1.00114
natural[153,4]	0.698635	0.0337341	1.69458	0.0830864	0.000226384	0.0564571	4.26865	4290.33	2973.05	1.31655	1.00005
natural[154,1]	0.295042	0.00157762	0.121578	0.121439	0.105318	0.289512	0.502617	5774.42	4559.86	1.77196	1.00018
natural[154,2]	0.555038	0.0031819	0.271636	0.266542	0.17006	0.522616	1.05607	6058.91	4547.52	1.85926	0.999943
natural[154,3]	2.52507	0.0225656	1.59381	1.31272	0.744436	2.14519	5.7495	6781.04	4799.38	2.08085	1.00008
natural[154,4]	0.308887	0.00867912	0.574844	0.156834	0.00213805	0.115045	1.13775	7650.28	5233.26	2.34759	0.999969
natural[155,1]	0.080627	0.000671281	0.0581826	0.0477471	0.0154749	0.0666584	0.198112	7452.55	6283.87	2.28692	0.999943
natural[155,2]	0.797255	0.00363358	0.375764	0.357862	0.282939	0.745812	1.48349	9976.68	5991.55	3.06148	1.00029
natural[155,3]	4.20974	0.0179521	1.61873	1.62503	1.89345	4.02616	7.11166	9358.11	6221.1	2.87166	0.999776
natural[155,4]	0.304998	0.00356948	0.322042	0.233286	0.0127872	0.233652	0.831016	8638.33	5390.18	2.65079	1.0001
natural[156,1]	0.107493	0.00104156	0.0919521	0.0650559	0.0160422	0.0804467	0.294845	8157.28	5534.61	2.50317	0.999898
natural[156,2]	0.482007	0.00334971	0.293882	0.26037	0.122544	0.420888	1.03329	6121.74	4058.11	1.87854	1.00012
natural[156,3]	3.57893	0.0263449	1.85499	1.65253	1.3263	3.17706	7.05631	7106.97	4365.58	2.18087	1.00017
natural[156,4]	0.670466	0.0135001	0.918946	0.440419	0.014833	0.406424	2.25275	8162.06	4374.02	2.50464	1.00043
natural[157,1]	0.348228	0.00223169	0.165958	0.173982	0.0946126	0.333594	0.642496	5268.42	3783.84	1.61669	1.00078
natural[157,2]	0.251755	0.00342696	0.187231	0.148144	0.0546333	0.197434	0.637353	2513.0	5386.31	0.771148	1.00094
natural[157,3]	4.89994	0.0658762	3.08614	3.28535	0.998145	4.32727	10.6404	2467.84	4537.17	0.757291	1.00023
natural[157,4]	5.05034	0.0344473	2.475	2.34982	1.75144	4.6421	9.68096	5993.88	5708.81	1.8393	1.0004
natural[158,1]	0.0355274	0.0003606	0.0271565	0.0224599	0.00562312	0.028449	0.0903165	5252.01	5444.16	1.61165	1.00043
natural[158,2]	5.17488	0.0226178	1.99422	1.72988	2.66711	4.80748	8.94148	8906.06	6685.42	2.73295	0.99999
natural[158,3]	0.0731789	0.000753585	0.075608	0.05665	0.00184694	0.0466595	0.232125	8559.39	6601.7	2.62657	1.00052
natural[158,4]	0.00893188	0.000458839	0.0343792	0.000637235	3.74795e-06	0.000440016	0.0416325	6667.58	5478.73	2.04604	1.00068
natural[159,1]	0.0872457	0.000708548	0.0665759	0.0533321	0.0151118	0.0702235	0.22089	9270.78	5644.54	2.84487	1.00005
natural[159,2]	0.760647	0.00432171	0.398164	0.361137	0.247437	0.693502	1.51494	7676.45	5135.0	2.35562	1.00011
natural[159,3]	4.86355	0.0193319	1.74278	1.71252	2.34023	4.68972	8.02615	9104.65	5833.99	2.79389	0.999964
natural[159,4]	0.735781	0.00800739	0.60083	0.344008	0.10042	0.622253	1.66482	8512.5	4732.57	2.61218	1.00025
natural[160,1]	0.216568	0.00186919	0.149657	0.13695	0.0360072	0.181291	0.512342	6764.06	5533.18	2.07565	1.00017
natural[160,2]	0.26629	0.00271678	0.227797	0.190542	0.0300084	0.201457	0.720208	5179.98	5289.55	1.58955	0.999974
natural[160,3]	3.05197	0.0425941	2.72345	1.89859	0.359114	2.10647	8.71489	5776.9	4438.94	1.77272	0.999999
natural[160,4]	1.15971	0.0328143	2.05272	0.385802	0.00271453	0.270982	5.72858	6612.92	4752.97	2.02926	1.00008
natural[161,1]	0.0922779	0.000895238	0.068462	0.0573231	0.0158478	0.0747696	0.224883	5801.83	5526.34	1.78037	1.00118
natural[161,2]	0.899263	0.00409065	0.395984	0.365727	0.346424	0.845314	1.62707	8682.94	5783.59	2.66448	1.00053
natural[161,3]	4.49674	0.0181077	1.60952	1.56452	2.20136	4.31168	7.4279	8913.37	5476.64	2.73519	1.00133
natural[161,4]	0.370473	0.00355996	0.296636	0.243133	0.0254847	0.331863	0.850202	7645.76	5459.24	2.34621	1.00068
natural[162,1]	0.127698	0.000989801	0.0818398	0.0798646	0.0250716	0.111893	0.284016	6781.88	5608.09	2.08111	1.00051
natural[162,2]	0.325096	0.0014731	0.142224	0.127918	0.141461	0.299727	0.590104	10606.2	5851.36	3.25465	1.00028
natural[162,3]	8.6806	0.0243087	2.40434	2.39402	5.03896	8.51328	12.892	10412.7	6521.91	3.19528	1.00017
natural[162,4]	6.22879	0.0243593	2.37171	2.33254	2.75794	5.97762	10.4603	11445.4	5577.27	3.51219	1.0001
natural[163,1]	0.0535814	0.000321379	0.0303448	0.0269584	0.0149492	0.0485591	0.108278	8577.49	5949.62	2.63212	0.999913
natural[163,2]	3.79058	0.0296683	2.43674	1.83955	1.11905	3.2412	8.25556	6122.12	4793.56	1.87866	1.00057
natural[163,3]	4.12733	0.0215299	1.75044	1.83395	1.57584	3.96828	7.26749	6919.88	5950.98	2.12346	1.00006
natural[163,4]	0.680502	0.00222421	0.176291	0.134066	0.402744	0.675274	0.952391	6606.93	4742.63	2.02743	1.00044
natural[164,1]	0.0746115	0.000878039	0.0670145	0.0425616	0.0120963	0.055775	0.199109	7394.92	5865.58	2.26923	1.00018
natural[164,2]	0.49945	0.00327474	0.296816	0.299765	0.101817	0.457264	1.05436	6561.36	4382.49	2.01345	1.0
natural[164,3]	2.12055	0.0215939	1.42132	0.980782	0.660916	1.71341	4.89166	6726.24	4218.29	2.06404	1.00026
natural[164,4]	0.185023	0.00952444	0.590095	0.0667436	0.00143958	0.0511983	0.655308	8694.44	4558.95	2.66801	1.00009
natural[165,1]	0.0785443	0.000520107	0.0482026	0.0443177	0.0174864	0.0704469	0.165272	7655.57	4885.77	2.34922	1.00114
natural[165,2]	1.06443	0.0053121	0.447585	0.426321	0.415861	1.01779	1.86873	5856.28	3550.73	1.79708	1.00017
natural[165,3]	0.595332	0.00641415	0.372218	0.241361	0.12905	0.558084	1.1097	6454.44	3460.16	1.98064	0.999914
natural[165,4]	0.0459102	0.00243588	0.135781	0.0160246	0.000273312	0.0116862	0.192264	10006.0	6381.47	3.07047	1.00033
natural[166,1]	0.187942	0.0015016	0.134544	0.119296	0.0316198	0.155338	0.452137	5101.63	4746.98	1.56551	1.00018
natural[166,2]	0.103536	0.00105296	0.0985472	0.0569457	0.0172403	0.0705394	0.303414	7997.84	6257.86	2.45425	1.00049
natural[166,3]	4.62374	0.0363253	3.1538	3.41161	0.501439	4.11349	10.4907	8789.85	5591.75	2.69729	1.00034
natural[166,4]	3.07412	0.0334369	2.88977	2.72605	0.0227719	2.26436	8.76076	10052.8	5281.86	3.08485	1.00036
natural[167,1]	0.0506841	0.000622565	0.045621	0.0290721	0.00849268	0.0393363	0.12646	5766.19	5172.22	1.76943	1.00095
natural[167,2]	1.04446	0.00733537	0.523667	0.478589	0.307968	0.986399	1.97151	4395.51	3748.95	1.34882	1.00041
natural[167,3]	0.708256	0.00803301	0.507691	0.248596	0.193006	0.633821	1.36714	6875.2	3692.97	2.10975	1.00028
natural[167,4]	0.0930936	0.00309537	0.216405	0.0360214	0.000389844	0.0256604	0.36932	7113.23	6412.23	2.18279	1.00062
natural[168,1]	0.141183	0.000941598	0.0736932	0.0740169	0.0372268	0.133523	0.271775	6114.1	5682.86	1.8762	0.999905
natural[168,2]	0.874908	0.0035454	0.357305	0.348408	0.358185	0.842241	1.51221	9046.31	6237.56	2.77598	1.00108
natural[168,3]	2.77977	0.0178908	1.33024	1.18737	1.14271	2.5085	5.33625	6735.95	4565.05	2.06702	1.00084
natural[168,4]	0.08742	0.00148352	0.12087	0.0555557	0.00172304	0.0448962	0.310831	9398.01	7016.3	2.88391	1.00083
natural[169,1]	0.0570321	0.000785258	0.0547582	0.0308411	0.0107262	0.0415149	0.150682	6765.21	5176.45	2.076	1.00082
natural[169,2]	0.610739	0.00464232	0.360888	0.375832	0.110271	0.564476	1.27297	4957.04	4068.79	1.52114	1.00067
natural[169,3]	1.66863	0.0212469	1.23952	0.66741	0.555502	1.29601	4.18565	5772.61	3699.6	1.77141	1.00132
natural[169,4]	0.144809	0.00737083	0.460024	0.0473672	0.000893648	0.0357796	0.5177	7527.61	4800.1	2.30995	1.00039
natural[170,1]	0.185539	0.00220454	0.142846	0.115326	0.0296058	0.146121	0.480053	4245.0	4938.16	1.30264	1.00043
natural[170,2]	0.106569	0.00120296	0.106776	0.0598768	0.0158488	0.0686127	0.329081	7378.56	6608.78	2.26421	1.00088
natural[170,3]	4.27377	0.037219	3.2545	3.4306	0.317523	3.62681	10.5193	8790.38	6934.54	2.69745	1.00033
natural[170,4]	2.96861	0.0325424	2.98308	2.66314	0.0140635	2.0311	8.95087	10390.2	6632.15	3.18839	1.00038
natural[171,1]	0.0816672	0.00126597	0.0838533	0.0470482	0.0112033	0.0556739	0.237286	4621.64	5489.41	1.41821	1.00059
natural[171,2]	0.413673	0.00471538	0.319326	0.310446	0.0338597	0.35313	1.00488	3426.08	3696.98	1.05134	1.00044
natural[171,3]	1.4379	0.0434358	1.99956	0.631596	0.0821564	0.717024	5.83736	4096.36	2923.09	1.25702	1.00008
natural[171,4]	0.587632	0.0294046	1.47893	0.122219	0.000745347	0.0846639	3.3184	5250.06	3275.22	1.61105	1.00011
natural[172,1]	0.0792148	0.000677876	0.0591961	0.0457698	0.0149193	0.0648756	0.191624	8217.86	6033.96	2.52176	1.00082
natural[172,2]	1.04206	0.00423905	0.435391	0.407713	0.428352	0.990532	1.82918	10231.0	6335.29	3.13954	1.00031
natural[172,3]	3.87874	0.0168595	1.5758	1.53031	1.6897	3.66652	6.80174	9868.99	6097.58	3.02844	0.999822
natural[172,4]	0.223898	0.00244964	0.215449	0.188607	0.00683012	0.170175	0.596444	8510.54	5486.69	2.61158	1.00048
natural[173,1]	0.164285	0.00238815	0.151854	0.0996963	0.0205894	0.11306	0.494811	3631.88	5348.66	1.11449	1.00057
natural[173,2]	0.194469	0.00222847	0.175996	0.147212	0.0160141	0.141348	0.548034	4493.36	5758.1	1.37885	1.00069
natural[173,3]	2.23627	0.0431368	2.71228	1.2533	0.064609	1.05178	8.30808	5688.85	5541.07	1.7457	1.00035
natural[173,4]	1.15492	0.031627	2.14252	0.244948	0.000917397	0.167771	6.13295	6446.92	5787.95	1.97833	1.00036
natural[174,1]	0.185846	0.00180156	0.142189	0.117809	0.0303681	0.146949	0.479954	6067.38	6132.57	1.86186	1.00034
natural[174,2]	0.087334	0.000695143	0.0662134	0.0456899	0.0206262	0.0685917	0.217037	9170.24	5836.78	2.81402	0.999845
natural[174,3]	5.97627	0.0312526	2.93051	3.01066	1.7396	5.71244	11.2822	9943.41	5894.44	3.05127	1.00075
natural[174,4]	3.48721	0.0302526	2.84976	2.90333	0.113376	2.90717	8.99492	11659.0	5853.86	3.57773	0.999803
natural[175,1]	0.110649	0.00105969	0.0851823	0.070479	0.0186275	0.0878495	0.28023	6060.21	6425.92	1.85966	1.00046
natural[175,2]	0.250776	0.00115041	0.104613	0.094947	0.116484	0.232642	0.447328	9742.1	5301.91	2.9895	1.00061
natural[175,3]	9.12661	0.0236844	2.4103	2.38204	5.39343	8.96943	13.2967	10835.6	6239.4	3.32504	1.00003
natural[175,4]	6.92838	0.0221838	2.38046	2.37965	3.48145	6.70421	11.1408	13057.1	5873.37	4.00675	1.00015
natural[176,1]	0.116322	0.000993764	0.0800328	0.0700977	0.0229187	0.0980484	0.269321	7060.7	5875.59	2.16667	0.999877
natural[176,2]	0.231629	0.0011142	0.11176	0.0953083	0.0941217	0.210191	0.441344	9669.25	5976.63	2.96714	1.00093
natural[176,3]	8.09693	0.0243537	2.37987	2.3521	4.52127	7.93944	12.2889	10278.1	6521.21	3.15397	0.999798
natural[176,4]	4.87388	0.0229765	2.27943	2.20475	1.77886	4.52888	9.08671	12248.7	6253.64	3.75867	1.0
natural[177,1]	0.0641916	0.000500479	0.0449332	0.0385812	0.0121997	0.0540062	0.148546	7062.86	5167.72	2.16734	1.00018
natural[177,2]	1.46587	0.00618808	0.563669	0.526306	0.643985	1.41094	2.48417	7717.48	5686.7	2.36821	1.00054
natural[177,3]	1.57645	0.00984944	0.724081	0.561806	0.783165	1.39985	2.96622	7387.11	5079.11	2.26684	1.00082
natural[177,4]	0.0675561	0.000983391	0.0905667	0.040714	0.000846761	0.0307369	0.260204	10108.2	6345.83	3.10183	0.999783
natural[178,1]	0.0703673	0.000656604	0.0559313	0.0435294	0.0116041	0.0548733	0.17913	7324.84	5566.41	2.24773	1.00032
natural[178,2]	1.25973	0.00729573	0.666983	0.591821	0.427183	1.13627	2.54589	7283.17	5734.58	2.23494	1.0002
natural[178,3]	4.63086	0.0189774	1.70634	1.69641	2.13939	4.47052	7.68479	9078.39	5536.78	2.78583	1.00058
natural[178,4]	0.658015	0.00449917	0.3735	0.219942	0.225303	0.597418	1.23546	8226.49	4921.19	2.52441	1.00024
natural[179,1]	0.0906397	0.00137965	0.0827317	0.0499706	0.0159081	0.0671954	0.246706	4383.42	4277.82	1.34511	1.00106
natural[179,2]	0.389996	0.00348488	0.254258	0.267338	0.0403382	0.359405	0.850527	4083.33	2785.9	1.25303	1.0009
natural[179,3]	0.854584	0.0340127	1.55295	0.385166	0.0220679	0.365862	3.76719	4430.5	2474.86	1.35956	1.00169
natural[179,4]	0.279735	0.0211072	1.04434	0.0286444	0.000199551	0.0200232	1.26717	4986.59	2701.8	1.5302	1.00066
natural[180,1]	0.0513919	0.000491936	0.0385791	0.0313428	0.00872482	0.0417738	0.126249	6698.68	6199.17	2.05558	1.00048
natural[180,2]	2.77238	0.0127673	1.19039	0.936882	1.35481	2.55744	4.94083	8949.79	6201.89	2.74637	1.00023
natural[180,3]	2.89386	0.0174796	1.45892	1.38635	1.098	2.5973	5.693	8477.2	5862.8	2.60135	1.00011
natural[180,4]	0.10472	0.00119852	0.105975	0.085777	0.00160101	0.0663387	0.324125	7415.64	6869.24	2.27559	1.0009
natural[181,1]	0.052068	0.000384467	0.0341867	0.0306518	0.010893	0.0454308	0.116543	7232.11	5441.18	2.21927	1.00058
natural[181,2]	1.29291	0.00418865	0.406272	0.400044	0.678035	1.26632	1.99428	8860.5	5475.65	2.71897	1.00055
natural[181,3]	0.15365	0.00141476	0.144866	0.12493	0.00546198	0.1108	0.431479	9780.61	6100.54	3.00132	0.999758
natural[181,4]	0.013844	0.000433472	0.035673	0.00312125	2.6672e-05	0.00220438	0.0651129	10664.3	6943.39	3.27247	1.00006
natural[182,1]	0.209505	0.00157038	0.117161	0.116953	0.048754	0.191651	0.425326	5445.8	4785.09	1.67112	1.00277
natural[182,2]	0.635864	0.00467682	0.402562	0.363072	0.147123	0.546356	1.42494	6196.57	5116.86	1.9015	1.00014
natural[182,3]	3.05777	0.0273334	1.84128	1.56905	1.0214	2.55603	6.78536	6188.21	4665.17	1.89894	1.0013
natural[182,4]	0.284194	0.00868668	0.577229	0.138142	0.00281899	0.106436	1.10695	7768.87	5485.88	2.38399	1.00006
natural[183,1]	0.128531	0.00132106	0.0996632	0.083988	0.019424	0.101631	0.329673	5422.61	5914.83	1.664	1.00084
natural[183,2]	0.227263	0.000994554	0.0966958	0.0879636	0.101718	0.210665	0.408798	9763.27	5480.46	2.996	1.00004
natural[183,3]	9.20472	0.0242639	2.46523	2.41908	5.35155	9.09479	13.466	10659.8	6301.72	3.27111	1.00012
natural[183,4]	6.9843	0.0229125	2.42018	2.36196	3.39801	6.76117	11.3744	12501.4	5374.99	3.83624	1.00126
natural[184,1]	0.100545	0.000910519	0.0777088	0.0617371	0.017384	0.0809503	0.2469	7881.95	5859.08	2.41868	1.00007
natural[184,2]	0.901441	0.00541183	0.438597	0.4443	0.252363	0.85898	1.68844	5744.49	4811.23	1.76278	1.00025
natural[184,3]	1.52321	0.0149907	0.933909	0.540676	0.669673	1.26496	3.31775	6115.99	4380.31	1.87678	1.00123
natural[184,4]	0.0819624	0.00335641	0.203434	0.0368694	0.00082081	0.0277967	0.293574	8755.51	6504.43	2.68675	1.00015
natural[185,1]	0.103326	0.000868911	0.0734743	0.0648715	0.0184004	0.0855782	0.248097	7273.64	5655.21	2.23202	1.0003
natural[185,2]	1.19412	0.00649251	0.579961	0.518489	0.455968	1.095	2.29815	7055.91	5610.64	2.1652	1.00034
natural[185,3]	4.26994	0.0192997	1.67911	1.66787	1.86279	4.0564	7.39542	8726.62	5617.22	2.67788	1.00012
natural[185,4]	0.425354	0.00306902	0.276587	0.255578	0.0315202	0.421307	0.842263	7562.06	5722.16	2.32052	1.00093
natural[186,1]	0.184837	0.00177933	0.131178	0.134866	0.0250702	0.156746	0.43792	5417.87	5922.29	1.66255	1.0003
natural[186,2]	1.01628	0.0043669	0.388264	0.369168	0.449103	0.979674	1.70425	7647.96	5382.13	2.34688	1.00036
natural[186,3]	2.76921	0.0169067	1.27275	1.12418	1.21788	2.49399	5.19461	7156.59	5226.39	2.1961	1.00028
natural[186,4]	0.128792	0.00174687	0.162768	0.0924194	0.00206568	0.072358	0.430276	10434.2	6795.95	3.20188	0.999927
natural[187,1]	0.240534	0.00208161	0.174418	0.166896	0.0341979	0.197489	0.591139	7341.39	5701.46	2.25281	1.00007
natural[187,2]	0.32439	0.0031076	0.248911	0.200492	0.0595692	0.259333	0.808966	5331.06	5909.57	1.63591	1.0007
natural[187,3]	3.76201	0.0375512	2.46447	2.07224	0.999796	3.113	8.68493	5807.14	4826.19	1.782	1.00043
natural[187,4]	1.21749	0.0249146	1.72429	0.748637	0.00939826	0.566239	4.88329	7360.23	5209.03	2.25859	1.00022
natural[188,1]	0.138856	0.00133132	0.105382	0.0835127	0.0237896	0.109306	0.356283	6952.92	5370.6	2.1336	1.00014
natural[188,2]	0.382277	0.00206057	0.193929	0.178267	0.126449	0.353422	0.744715	8174.17	5696.39	2.50836	1.00029
natural[188,3]	5.46319	0.0230156	1.90921	1.84124	2.69381	5.24106	8.92168	8171.28	5618.95	2.50747	1.0005
natural[188,4]	0.902757	0.0125685	0.980566	0.581267	0.0399776	0.627586	2.68898	9290.7	5186.01	2.85098	1.00087
natural[189,1]	0.158583	0.00108924	0.09864	0.0928446	0.0353566	0.139919	0.345965	7459.84	5085.87	2.28916	1.00018
natural[189,2]	0.166059	0.000827392	0.0830588	0.0729979	0.0616457	0.151088	0.321758	9481.39	5620.92	2.9095	1.00061
natural[189,3]	7.8778	0.0245347	2.48735	2.43673	4.10698	7.69162	12.1847	11362.4	5835.37	3.48671	0.999932
natural[189,4]	4.85253	0.023792	2.44415	2.33606	1.50163	4.50232	9.4729	13218.6	5984.65	4.05632	1.00142
natural[190,1]	0.144882	0.00149724	0.116429	0.0896909	0.0237041	0.111757	0.384197	6091.85	5959.36	1.86937	1.00018
natural[190,2]	0.21891	0.00220265	0.193808	0.148938	0.0243675	0.160688	0.615522	5840.34	5559.24	1.79219	1.00015
natural[190,3]	3.01585	0.0391881	2.55348	1.91074	0.390617	2.18536	8.37588	6724.01	4771.65	2.06336	1.00051
natural[190,4]	1.09817	0.0280313	1.89732	0.383544	0.00301262	0.270804	5.42144	7656.44	5611.65	2.34948	1.00021
natural[191,1]	0.136357	0.00103269	0.0921616	0.0767656	0.0285793	0.115912	0.313851	8228.02	5833.32	2.52488	1.00107
natural[191,2]	0.188398	0.00112325	0.109191	0.0861788	0.0645883	0.1629	0.400561	9407.81	6437.13	2.88692	1.00012
natural[191,3]	6.94551	0.02514	2.49817	2.51303	3.2174	6.75833	11.468	10494.1	6073.04	3.22026	0.999906
natural[191,4]	4.3477	0.0234106	2.37029	2.2862	1.21934	3.95804	8.8012	13582.1	5234.94	4.16786	0.999743
natural[192,1]	0.0973927	0.000799233	0.0710516	0.0594861	0.0180349	0.080273	0.236435	8459.69	5604.25	2.59597	1.00037
natural[192,2]	0.409309	0.00520392	0.358786	0.258937	0.0616101	0.300547	1.10069	3899.66	5562.09	1.19666	1.00089
natural[192,3]	3.39768	0.037538	2.39725	1.95637	0.858651	2.67285	8.24302	5077.33	5046.31	1.55805	1.00055
natural[192,4]	1.57802	0.0255489	1.79131	0.914654	0.0389116	0.912936	5.36168	7139.42	5282.27	2.19083	1.00051
natural[193,1]	0.161705	0.00154749	0.123748	0.101951	0.0260752	0.130585	0.411483	6253.54	6399.9	1.91899	1.00006
natural[193,2]	0.1378	0.00136708	0.127716	0.0865072	0.0185212	0.0947274	0.406028	6897.88	5316.17	2.11671	1.00005
natural[193,3]	3.85216	0.0397403	2.99695	2.78725	0.394036	3.05527	9.80623	7357.04	6124.7	2.25761	1.00027
natural[193,4]	2.09556	0.0348167	2.5976	1.40289	0.00844019	0.995425	7.54871	7833.84	5892.68	2.40392	1.00006
natural[194,1]	0.138422	0.00199706	0.124107	0.0828375	0.0192629	0.0998774	0.395837	3569.07	5596.37	1.09522	1.00177
natural[194,2]	0.0873664	0.00113561	0.0844109	0.0454937	0.0166668	0.0620449	0.247377	5352.05	5503.37	1.64235	1.00038
natural[194,3]	5.24379	0.043413	3.17606	3.42352	0.787031	4.92686	10.9298	5607.24	6730.5	1.72066	1.00048
natural[194,4]	5.08028	0.0288948	2.92496	2.97652	0.774246	4.7849	10.3813	10667.5	5350.81	3.27347	1.00028
natural[195,1]	0.133187	0.0010677	0.0933306	0.076726	0.025927	0.111863	0.313999	8365.08	5947.97	2.56694	1.00017
natural[195,2]	0.717363	0.00573553	0.450747	0.395741	0.174406	0.627753	1.57509	5240.82	4990.1	1.60822	1.00029
natural[195,3]	3.8927	0.0275807	1.91524	1.77587	1.43527	3.54792	7.49065	6199.73	5226.81	1.90247	1.00006
natural[195,4]	0.891499	0.0134324	0.946457	0.44903	0.0728965	0.641179	2.54566	8340.7	4851.33	2.55946	1.00033
natural[196,1]	0.384506	0.00253947	0.190991	0.213012	0.0892805	0.371988	0.71352	5602.32	5122.05	1.71915	1.00113
natural[196,2]	0.25898	0.00211015	0.173629	0.152974	0.0542688	0.223167	0.590086	5804.17	5715.72	1.78109	1.00067
natural[196,3]	4.51937	0.0359717	2.53492	2.47496	1.22373	4.06369	9.237	5739.18	4894.25	1.76115	1.00033
natural[196,4]	1.56269	0.0256272	1.86197	1.08534	0.0193015	0.884963	5.63844	7193.82	5079.18	2.20752	1.00145
natural[197,1]	0.112492	0.000913009	0.0802227	0.0685039	0.0208699	0.0928139	0.269944	7051.74	5659.46	2.16392	1.00029
natural[197,2]	0.273545	0.00117978	0.112659	0.102906	0.124129	0.255596	0.484427	9511.72	5327.69	2.9188	1.00247
natural[197,3]	9.06378	0.0246191	2.43135	2.48367	5.29399	8.93722	13.2004	10086.6	5778.92	3.09523	1.00106
natural[197,4]	6.88501	0.0236679	2.40608	2.41787	3.37011	6.63685	11.1447	12271.6	5794.85	3.76572	1.00003
natural[198,1]	0.0676153	0.000632651	0.0525	0.0421922	0.0106104	0.0535976	0.17432	6413.43	5603.52	1.96805	1.00005
natural[198,2]	1.83062	0.00947474	0.984934	0.854138	0.593527	1.65417	3.64488	10553.2	5855.56	3.2384	1.00007
natural[198,3]	5.95631	0.0277025	2.26778	2.3072	2.48447	5.84667	9.89697	6929.35	5991.48	2.12637	1.00161
natural[198,4]	3.16564	0.0228376	1.668	1.5311	1.14708	2.82475	6.46112	6459.85	5641.15	1.9823	1.0005
natural[199,1]	0.133283	0.00120695	0.0945841	0.0835167	0.023923	0.109833	0.322308	6319.5	5835.37	1.93923	0.999968
natural[199,2]	0.232204	0.00108224	0.104616	0.0925065	0.100035	0.213334	0.43059	9256.4	5769.49	2.84045	1.00012
natural[199,3]	8.63593	0.0248873	2.39202	2.36765	5.07197	8.44511	12.9139	10158.3	5098.55	3.1172	1.00005
natural[199,4]	5.6569	0.0246185	2.34722	2.29291	2.3525	5.3433	9.98385	11561.2	5483.26	3.5477	1.00105
natural[200,1]	0.160711	0.00140567	0.111882	0.0987688	0.0306469	0.136364	0.374522	5793.75	5947.58	1.77789	1.0003
natural[200,2]	0.334932	0.00177926	0.166865	0.161866	0.108596	0.310337	0.6442	7733.28	4545.88	2.37307	1.00036
natural[200,3]	6.05382	0.0237044	2.01975	1.92879	3.12751	5.82899	9.63313	8445.92	5004.7	2.59175	1.00076
natural[200,4]	1.32922	0.0201326	1.36094	0.823967	0.083541	0.951231	3.92408	8360.16	4160.59	2.56543	1.00009
natural[201,1]	0.145305	0.00144524	0.109224	0.0872956	0.0257838	0.116507	0.357095	5758.68	5392.33	1.76713	1.00162
natural[201,2]	0.140353	0.00125032	0.120908	0.0843328	0.0224431	0.103966	0.384842	7764.1	5640.24	2.38252	1.00027
natural[201,3]	4.39031	0.0350331	2.80859	2.79943	0.865015	3.85739	9.70527	7972.12	4976.52	2.44636	1.00084
natural[201,4]	1.91054	0.0320401	2.35957	1.29536	0.0150311	0.962023	6.86302	9177.82	5316.43	2.81634	1.0015
natural[202,1]	0.153437	0.00168732	0.125026	0.0891519	0.0264377	0.116955	0.406602	5380.15	5990.11	1.65097	1.00086
natural[202,2]	0.109873	0.00082767	0.0805971	0.0575539	0.0258843	0.0882993	0.268687	8613.04	5258.8	2.64303	1.00003
natural[202,3]	5.91219	0.0295691	2.76202	2.84669	1.93895	5.63822	10.9171	9816.4	5604.19	3.0123	1.00086
natural[202,4]	3.29797	0.0287507	2.65859	2.50516	0.159444	2.69093	8.50198	11581.7	5459.45	3.55402	1.00034
natural[203,1]	0.0502848	0.000383822	0.0332623	0.0298294	0.0101781	0.0438655	0.112046	7155.78	5373.97	2.19585	1.00016
natural[203,2]	2.52584	0.00982429	0.949496	0.852575	1.23121	2.3994	4.23214	8702.34	5543.8	2.67043	1.00037
natural[203,3]	0.398388	0.00166982	0.14143	0.126339	0.164855	0.399473	0.62333	7136.01	5114.49	2.18978	1.00036
natural[203,4]	0.0240566	0.00058096	0.0470783	0.00743554	0.000103982	0.0053271	0.118563	8500.12	6151.68	2.60838	1.00079
natural[204,1]	0.123382	0.0013091	0.0975297	0.0726132	0.0223875	0.0968103	0.322367	6277.07	5772.3	1.92621	1.00087
natural[204,2]	0.114369	0.000728911	0.0739429	0.0613688	0.0289813	0.0968793	0.252695	9000.47	4940.63	2.76192	1.00042
natural[204,3]	6.19427	0.0287795	2.57686	2.50086	2.46071	5.87919	10.8801	9187.11	5685.07	2.81919	1.00008
natural[204,4]	3.02637	0.0283236	2.54497	2.30679	0.131201	2.38164	8.0632	11715.8	5541.57	3.59517	1.00053
natural[205,1]	0.102503	0.000834498	0.0755552	0.0619212	0.0189071	0.0839066	0.250873	7336.31	5502.91	2.25125	1.0001
natural[205,2]	0.283723	0.00166132	0.159564	0.13565	0.0972832	0.250074	0.587341	8308.08	6001.02	2.54945	1.0
natural[205,3]	6.72254	0.0267797	2.32314	2.32277	3.24439	6.53396	10.8381	8202.03	5158.11	2.51691	1.00055
natural[205,4]	3.41108	0.0235347	1.97985	1.8011	1.01638	2.97741	7.23628	9089.2	5646.32	2.78915	1.00048
natural[206,1]	0.162725	0.00145362	0.120806	0.0969729	0.0297104	0.131806	0.410259	6919.57	5396.23	2.12337	1.00046
natural[206,2]	0.167697	0.00101004	0.102609	0.0830205	0.0497866	0.143984	0.365864	8508.95	5521.06	2.61109	0.99994
natural[206,3]	6.59895	0.0283012	2.48259	2.40615	2.99865	6.37005	11.0511	8852.01	5043.77	2.71636	1.00034
natural[206,4]	3.4935	0.0263715	2.35989	2.13447	0.526315	3.00928	8.1066	11290.3	5553.24	3.46458	1.00024
natural[207,1]	0.0464185	0.000398151	0.0340067	0.0272199	0.00928366	0.039095	0.107281	8180.08	6284.77	2.51017	1.00031
natural[207,2]	3.13488	0.0288325	2.17168	1.51763	0.974217	2.58377	7.11679	4351.82	4423.41	1.33542	1.0001
natural[207,3]	3.61048	0.0187217	1.60392	1.60079	1.42027	3.4004	6.57183	8529.81	5470.25	2.61749	1.00077
natural[207,4]	0.295086	0.00200239	0.139206	0.134441	0.0262972	0.322975	0.477789	5727.88	5339.37	1.75768	1.00156
natural[208,1]	0.135776	0.00122581	0.100263	0.0820789	0.0250912	0.109826	0.334407	6376.36	5435.3	1.95668	1.00081
natural[208,2]	0.132565	0.000699625	0.0718638	0.0615521	0.0472324	0.117415	0.264233	8975.01	4745.06	2.75411	0.999994
natural[208,3]	7.16541	0.0262157	2.49678	2.47902	3.48254	6.94444	11.621	10418.7	6036.91	3.19712	1.0008
natural[208,4]	4.46177	0.0258511	2.51565	2.42456	1.00712	4.10486	9.19312	11671.9	5359.1	3.58167	0.999976
natural[209,1]	0.297555	0.00213158	0.195049	0.212509	0.0471165	0.264309	0.664331	8077.54	6376.78	2.47871	1.00032
natural[209,2]	0.105105	0.000746397	0.0700893	0.051485	0.0306101	0.0866842	0.245165	8285.15	5452.03	2.54241	1.00023
natural[209,3]	6.56899	0.0309971	2.89824	3.01693	2.2118	6.39625	11.6681	9385.02	6068.12	2.87992	1.00007
natural[209,4]	4.31042	0.0280478	2.86945	2.85096	0.435988	3.86598	9.65773	12589.9	5484.34	3.86338	1.00115
natural[210,1]	0.102291	0.000942947	0.0770005	0.0600529	0.0194087	0.0836541	0.249913	7152.1	6128.99	2.19472	0.999849
natural[210,2]	0.376979	0.00232918	0.218364	0.195944	0.103905	0.33235	0.790704	7556.05	4991.27	2.31868	1.00001
natural[210,3]	5.87466	0.0252637	2.0174	1.95892	2.93337	5.66785	9.48037	7461.1	4793.72	2.28954	1.00011
natural[210,4]	1.50545	0.0190772	1.33807	0.815133	0.16622	1.12297	4.20037	7465.5	4227.7	2.29089	1.00023
natural[211,1]	0.133891	0.00148973	0.119369	0.0826976	0.0190914	0.0983978	0.37664	7560.97	5594.13	2.32019	0.999921
natural[211,2]	0.30632	0.00227933	0.216644	0.184981	0.0551254	0.254157	0.729068	6737.84	4958.73	2.0676	0.99991
natural[211,3]	3.46791	0.0339959	2.19812	1.88482	0.908618	2.96769	7.74524	5962.9	3888.19	1.8298	1.00029
natural[211,4]	0.742374	0.0229452	1.31751	0.358433	0.00635776	0.271264	3.10893	8480.72	4008.79	2.60243	1.00049
natural[212,1]	0.225157	0.00158688	0.138903	0.129199	0.0481522	0.198497	0.492445	6982.23	5272.57	2.14259	1.00005
natural[212,2]	0.105655	0.000712844	0.0710798	0.057033	0.0259204	0.0872494	0.243231	8653.82	5948.42	2.65555	1.00009
natural[212,3]	6.40659	0.0307689	2.683	2.70836	2.43	6.18165	11.1865	8512.06	5260.11	2.61204	1.00083
natural[212,4]	3.28006	0.0309534	2.63441	2.49264	0.162709	2.67707	8.32433	10490.7	4978.95	3.21923	1.00061
natural[213,1]	0.177449	0.00142385	0.123608	0.10605	0.0349037	0.149027	0.417782	7446.89	6073.21	2.28518	1.00008
natural[213,2]	0.118202	0.00124894	0.107571	0.0618122	0.0223231	0.0834454	0.338688	7075.3	5883.64	2.17115	1.00004
natural[213,3]	4.99287	0.0364664	3.04028	3.28239	0.885682	4.57918	10.5247	7821.48	5772.85	2.40013	1.00082
natural[213,4]	3.57387	0.0307891	2.84031	2.85515	0.111691	2.99673	9.10414	10379.4	5801.91	3.18507	1.00035
natural[214,1]	0.114161	0.0014812	0.0919013	0.0711267	0.0173473	0.0883741	0.297859	3558.89	5046.77	1.0921	1.00105
natural[214,2]	0.221777	0.00298029	0.193483	0.112519	0.048323	0.154893	0.627704	3562.12	5540.19	1.09309	1.00159
natural[214,3]	4.89668	0.0525866	2.99326	3.3287	1.04205	4.4352	10.3373	3458.69	5534.22	1.06135	1.00191
natural[214,4]	5.35112	0.0308546	2.53566	2.47841	1.94644	4.96935	10.1119	7752.99	5031.81	2.37911	1.00039
natural[215,1]	0.199493	0.00177387	0.145421	0.123346	0.0349305	0.163235	0.494539	6722.9	5369.53	2.06302	1.0004
natural[215,2]	0.0929774	0.000618669	0.0618348	0.0457647	0.0257295	0.0787751	0.207558	8859.77	5358.99	2.71874	1.00037
natural[215,3]	6.72889	0.0283717	2.78046	2.8518	2.52075	6.51596	11.5585	10469.8	5966.69	3.21281	1.00035
natural[215,4]	4.70514	0.0264254	2.81558	2.86291	0.696689	4.34436	9.8155	13042.3	5330.21	4.0022	1.0002
natural[216,1]	0.345026	0.00213711	0.167182	0.184589	0.0799141	0.343269	0.624939	6006.93	4780.5	1.84331	1.00044
natural[216,2]	0.183012	0.00128279	0.111498	0.0831924	0.0609628	0.157461	0.389701	7037.39	5734.85	2.15952	0.99991
natural[216,3]	7.10343	0.0360201	2.84623	2.92009	2.71972	6.97054	12.0363	6492.97	6238.15	1.99246	0.999913
natural[216,4]	5.75468	0.0262287	2.5719	2.54946	2.01299	5.51645	10.3938	10763.9	6349.3	3.30307	0.999878
natural[217,1]	0.0510224	0.0008284	0.0455283	0.0300121	0.00810611	0.0390147	0.132694	3774.26	4846.68	1.15818	1.00064
natural[217,2]	0.928145	0.00589495	0.391762	0.35718	0.345999	0.892219	1.58721	3744.32	2097.67	1.149	1.00176
natural[217,3]	0.195146	0.0225853	0.524527	0.126541	0.00750748	0.119968	0.471935	5601.34	2787.85	1.71885	1.00078
natural[217,4]	0.0782382	0.0162807	0.42855	0.00880624	4.86932e-05	0.00606314	0.331787	4409.58	3885.53	1.35314	1.00029
natural[218,1]	0.13941	0.00119226	0.0981705	0.0893306	0.0253249	0.115168	0.334897	6276.44	5557.52	1.92601	1.00024
natural[218,2]	0.278815	0.00159688	0.151758	0.131229	0.0952915	0.246162	0.573059	7948.4	6174.32	2.43908	1.00114
natural[218,3]	7.31364	0.0258651	2.28449	2.26504	3.93044	7.11969	11.3729	8632.33	5642.9	2.64895	1.00025
natural[218,4]	3.44503	0.0243197	2.03077	1.78324	1.03509	2.99382	7.2985	9575.33	4978.81	2.93832	1.00105
natural[219,1]	0.0635707	0.000472957	0.0442194	0.0397566	0.0119497	0.0549658	0.14563	7807.32	6029.55	2.39578	1.0004
natural[219,2]	1.79966	0.00801664	0.675983	0.642085	0.848345	1.7278	2.98889	6368.03	5210.23	1.95412	1.00075
natural[219,3]	0.570773	0.00228037	0.181328	0.152079	0.276698	0.569419	0.854958	6703.21	4867.5	2.05697	1.00089
natural[219,4]	0.033363	0.000661631	0.0581416	0.0130273	0.000235805	0.0095113	0.158973	10130.2	6253.7	3.10859	0.999721
natural[220,1]	0.305735	0.0021247	0.177783	0.191888	0.0608404	0.281871	0.634696	6607.3	5621.94	2.02754	0.999891
natural[220,2]	0.173539	0.00107028	0.105556	0.0845039	0.0538392	0.148251	0.379899	8379.52	6148.06	2.57137	1.0003
natural[220,3]	6.53252	0.0311123	2.72508	2.77874	2.52856	6.30804	11.2885	8565.39	5274.61	2.62841	1.00055
natural[220,4]	3.54753	0.0281359	2.55037	2.53363	0.303652	3.09749	8.44236	9555.79	5602.3	2.93233	1.0003
natural[221,1]	0.0581861	0.000565666	0.0461769	0.0330216	0.0109147	0.0464119	0.145771	7702.02	5640.77	2.36347	1.00027
natural[221,2]	0.752825	0.00386863	0.344781	0.340306	0.265454	0.709722	1.37765	7103.08	4954.43	2.17968	1.00005
natural[221,3]	2.75358	0.0160827	1.25035	1.09994	1.2552	2.49401	5.13508	8369.8	5280.12	2.56839	1.00073
natural[221,4]	0.0825423	0.00166659	0.133355	0.0501231	0.00175692	0.0409733	0.283397	8706.68	5516.43	2.67176	1.00077
natural[222,1]	0.0364652	0.000324735	0.0273012	0.0216661	0.00654156	0.029614	0.0896893	6277.7	5866.88	1.9264	1.00054
natural[222,2]	3.20444	0.0112042	1.13151	1.04302	1.6503	3.05416	5.32933	10343.1	6841.78	3.17391	1.00004
natural[222,3]	2.59436	0.0159737	1.30438	1.17135	1.03165	2.29594	5.14006	8483.3	5904.21	2.60322	1.00124
natural[222,4]	0.0428319	0.000591884	0.0551383	0.0265953	0.000604069	0.0205088	0.162936	9887.01	6554.15	3.03397	1.0002
natural[223,1]	0.170514	0.00134043	0.113129	0.112152	0.0309654	0.14582	0.387441	6775.48	5854.42	2.07915	1.00058
natural[223,2]	0.406639	0.00209997	0.202147	0.196445	0.131061	0.377645	0.787454	8874.12	5364.43	2.72315	1.00004
natural[223,3]	3.77765	0.0190845	1.72233	1.64725	1.48529	3.48794	6.91258	9687.07	6059.79	2.97261	1.00022
natural[223,4]	0.323929	0.00748068	0.557474	0.185229	0.00556203	0.149254	1.17628	9234.93	5703.87	2.83387	1.0003
natural[224,1]	0.0595177	0.000584127	0.0472342	0.0353863	0.0103489	0.0478127	0.146013	7102.27	5183.65	2.17943	0.999923
natural[224,2]	1.25087	0.00581073	0.504703	0.479992	0.495179	1.21433	2.15255	6403.48	4065.99	1.965	1.00002
natural[224,3]	0.528263	0.00429196	0.294123	0.1962	0.142903	0.509052	0.933251	7349.61	4214.66	2.25533	1.00008
natural[224,4]	0.0310067	0.00230673	0.127799	0.0109855	0.000177215	0.00810693	0.125783	11356.5	6292.86	3.48489	1.00059
natural[225,1]	0.157624	0.00121934	0.110742	0.0918852	0.030563	0.131	0.376226	7770.87	5204.69	2.3846	1.00022
natural[225,2]	0.158707	0.000917423	0.0875364	0.0700807	0.0576478	0.139871	0.320984	8416.57	5764.62	2.58274	0.999871
natural[225,3]	7.27219	0.0267981	2.5321	2.51456	3.45968	7.07808	11.8126	9623.09	5617.63	2.95298	1.00021
natural[225,4]	4.9726	0.0255462	2.45277	2.38461	1.62312	4.58879	9.48922	11369.4	5589.22	3.48886	1.00013
natural[226,1]	0.101893	0.00178653	0.107548	0.0591264	0.0129906	0.0667442	0.319564	3545.98	4744.28	1.08813	1.00032
natural[226,2]	0.300038	0.0027923	0.22376	0.217411	0.0321085	0.253154	0.7239	4766.01	4429.52	1.46252	1.00036
natural[226,3]	1.42212	0.0334166	1.79771	0.810845	0.0530003	0.785469	5.16449	4363.62	3270.32	1.33904	0.999893
natural[226,4]	0.354175	0.0202952	1.1431	0.0539985	0.000543949	0.0385315	1.73935	6975.21	3690.78	2.14044	0.999776
natural[227,1]	0.230129	0.00130739	0.107355	0.115206	0.0586926	0.228279	0.408076	6505.21	4990.03	1.99621	1.00012
natural[227,2]	0.501238	0.00243427	0.239221	0.227589	0.18925	0.457759	0.953956	8640.98	6310.11	2.6516	1.00062
natural[227,3]	7.50627	0.0299291	2.31448	2.31435	3.99336	7.37692	11.5627	6209.66	6920.72	1.90552	1.00015
natural[227,4]	4.27036	0.0241949	2.00278	1.92879	1.66154	3.925	8.07501	7855.46	5883.13	2.41056	1.00015
natural[228,1]	0.111556	0.0010223	0.0913597	0.0675685	0.0181101	0.0856445	0.293931	9328.64	6481.48	2.86262	0.999953
natural[228,2]	0.469122	0.00373746	0.319899	0.27977	0.0906851	0.398889	1.08052	5339.16	4092.81	1.6384	1.00019
natural[228,3]	2.90517	0.0283333	1.81642	1.41351	0.937232	2.41633	6.52294	6183.0	3680.69	1.89734	1.00031
natural[228,4]	0.598056	0.0156833	1.03236	0.349007	0.00656953	0.282827	2.34286	7739.97	4312.43	2.37512	0.999858
natural[229,1]	0.170676	0.00246489	0.149465	0.106	0.0228306	0.123352	0.486492	3257.82	4934.31	0.999709	1.00047
natural[229,2]	0.112187	0.00129414	0.111041	0.0747719	0.0107812	0.0737484	0.340585	5101.18	5144.34	1.56537	1.00058
natural[229,3]	3.13449	0.0502976	3.22614	2.34154	0.0898389	1.872	9.85725	5450.9	5289.87	1.67268	1.00014
natural[229,4]	2.13394	0.0404655	2.91747	1.0507	0.00234155	0.717208	8.43551	6852.44	6049.79	2.10277	1.00028
natural[230,1]	0.142816	0.00121461	0.102558	0.0860688	0.0273421	0.117885	0.342027	7460.14	5911.5	2.28925	0.999818
natural[230,2]	0.174915	0.00111743	0.107003	0.0937995	0.047028	0.152365	0.378864	8267.06	5092.88	2.53686	1.00074
natural[230,3]	5.88109	0.0277179	2.34871	2.28694	2.54272	5.59519	10.1569	8160.14	5513.37	2.50405	1.00004
natural[230,4]	2.0156	0.0247748	1.99016	1.42709	0.0800303	1.3993	6.03981	9845.94	5418.32	3.02136	1.00089
natural[231,1]	0.0702481	0.000742887	0.0594079	0.0388148	0.0139123	0.0551933	0.178712	8637.5	5198.0	2.65054	1.0004
natural[231,2]	0.496055	0.00292683	0.268927	0.267447	0.136895	0.456075	1.00462	7252.88	4967.84	2.22565	1.00037
natural[231,3]	2.94989	0.0210727	1.53918	1.30091	1.16212	2.58464	5.93598	7480.17	4754.17	2.29539	1.00029
natural[231,4]	0.264139	0.00673783	0.49573	0.142802	0.00366438	0.113369	0.970984	8987.98	5784.67	2.75809	1.00008
natural[232,1]	0.103511	0.000767399	0.0676146	0.0606371	0.0214424	0.0898621	0.23434	6688.73	5686.33	2.05253	1.00071
natural[232,2]	0.267567	0.00107204	0.110123	0.0991672	0.124309	0.248633	0.47688	11304.4	6034.45	3.46892	1.00008
natural[232,3]	9.00035	0.0229773	2.42585	2.45925	5.27559	8.87064	13.1093	11566.7	6598.14	3.54939	1.00067
natural[232,4]	6.69349	0.0235214	2.40735	2.40086	3.11302	6.48706	10.924	12037.3	5601.58	3.69381	1.00189
natural[233,1]	0.090534	0.000789457	0.0691461	0.0566403	0.0141694	0.0728118	0.230682	7965.99	5986.9	2.44447	1.00008
natural[233,2]	1.09306	0.00650231	0.594528	0.54956	0.333869	0.990884	2.17874	7331.43	5587.15	2.24975	1.00031
natural[233,3]	5.74392	0.0248002	2.0611	2.06748	2.65592	5.56675	9.34287	7358.03	6124.28	2.25791	1.00014
natural[233,4]	2.28705	0.0202165	1.38223	0.924418	0.946343	1.87848	5.03159	6689.67	4632.69	2.05282	1.00009
natural[234,1]	0.152104	0.00159983	0.120164	0.0960145	0.0247106	0.118754	0.40085	6041.58	5666.83	1.85394	1.00024
natural[234,2]	0.117593	0.000933103	0.0821818	0.0614387	0.0294715	0.0960743	0.278654	7467.9	6097.34	2.29163	1.00006
natural[234,3]	5.91717	0.0314908	2.75508	2.83098	1.99247	5.64256	10.9109	8521.6	5183.89	2.61497	1.0004
natural[234,4]	3.17657	0.0298474	2.59512	2.43596	0.124737	2.53177	8.30261	10748.9	5698.94	3.29844	0.999962
natural[235,1]	0.113402	0.000889522	0.0789337	0.065788	0.0235953	0.0958329	0.264264	8680.05	5876.51	2.66359	1.00036
natural[235,2]	0.381382	0.00202903	0.197081	0.179482	0.123479	0.349756	0.751375	8807.33	5866.71	2.70265	1.00034
natural[235,3]	5.83507	0.0232663	1.96192	1.87304	3.01065	5.62513	9.38626	8081.08	5731.25	2.47979	1.00079
natural[235,4]	1.40881	0.0152861	1.2355	0.804404	0.149225	1.08501	3.77555	9659.66	4557.28	2.9642	1.00028
natural[236,1]	0.116291	0.000927529	0.0820393	0.0706366	0.0222172	0.0963029	0.277292	7331.65	6375.07	2.24982	1.00019
natural[236,2]	0.186571	0.000884508	0.0898874	0.0791449	0.0743815	0.168624	0.358557	10382.0	5921.2	3.18587	0.999937
natural[236,3]	8.2051	0.0232464	2.40239	2.3754	4.54737	8.00378	12.4304	11592.5	6300.16	3.55733	1.00031
natural[236,4]	4.82344	0.0246311	2.3453	2.25303	1.63019	4.50852	9.1468	11585.7	5573.16	3.55522	0.999767
natural[237,1]	0.0327314	0.000321321	0.0265807	0.0203911	0.00503905	0.0255286	0.0865071	7351.88	5909.15	2.25603	1.00052
natural[237,2]	5.09613	0.0200888	1.83029	1.61608	2.75237	4.78701	8.45458	9417.44	6752.66	2.88987	1.00014
natural[237,3]	0.0698024	0.0007068	0.0719978	0.0534091	0.00167459	0.0444517	0.222095	8462.62	6137.19	2.59687	1.00007
natural[237,4]	0.00457309	0.000207304	0.0166865	0.000580252	3.8965e-06	0.000403754	0.0207963	7408.97	6124.19	2.27355	0.999921
natural[238,1]	0.132184	0.00173241	0.124689	0.0735217	0.0205848	0.0933997	0.395845	5837.78	5629.62	1.7914	1.00037
natural[238,2]	0.211232	0.00154053	0.142586	0.126563	0.039233	0.181583	0.490873	6926.78	4234.61	2.12558	1.00095
natural[238,3]	3.85921	0.0270553	2.13445	1.88095	1.17782	3.4389	7.88397	8455.37	4774.86	2.59465	1.00125
natural[238,4]	0.737285	0.0214792	1.35891	0.317022	0.00706837	0.243896	3.38152	9190.48	4098.55	2.82023	1.00097
natural[239,1]	0.106573	0.000883807	0.0789531	0.06458	0.0197065	0.0872252	0.265218	7868.68	6121.28	2.41461	1.00018
natural[239,2]	0.706844	0.0039759	0.358339	0.33278	0.233174	0.648586	1.37389	7126.78	5120.17	2.18695	0.999923
natural[239,3]	4.86995	0.0193111	1.737	1.69864	2.33377	4.69168	8.01846	8987.16	6006.08	2.75784	1.00035
natural[239,4]	0.64713	0.00660361	0.546994	0.359721	0.0557573	0.545377	1.58481	8007.82	4361.91	2.45731	1.00025
natural[240,1]	0.0636695	0.000488417	0.0450511	0.0377831	0.0115437	0.0532366	0.151716	7989.35	5803.53	2.45164	1.00017
natural[240,2]	1.16813	0.00804877	0.605751	0.494024	0.430922	1.06892	2.21309	5954.63	5211.13	1.82726	1.00038
natural[240,3]	1.81989	0.013591	0.907002	0.670425	0.854728	1.59347	3.57142	6447.94	4421.01	1.97864	1.00037
natural[240,4]	0.143995	0.00203607	0.175083	0.103516	0.00191183	0.0781724	0.462853	7948.88	6455.85	2.43922	1.00014
natural[241,1]	0.100486	0.00101295	0.0774958	0.0583656	0.0187722	0.0809389	0.24464	6743.91	5725.52	2.06946	1.00052
natural[241,2]	0.144536	0.00111977	0.102266	0.0721625	0.0390694	0.11805	0.33685	8168.74	5590.93	2.50669	0.999852
natural[241,3]	6.10914	0.0291743	2.64418	2.68697	2.23442	5.82961	10.8609	8967.32	5753.34	2.75175	0.999886
natural[241,4]	3.72079	0.0264911	2.51215	2.4239	0.48868	3.23958	8.47419	11309.4	5455.11	3.47044	1.00027
natural[242,1]	0.216445	0.00145355	0.125413	0.133068	0.0443516	0.200806	0.444786	7522.56	6227.28	2.3084	0.99983
natural[242,2]	0.410706	0.00225567	0.208798	0.20085	0.131162	0.377769	0.795348	7750.12	5883.49	2.37823	1.00024
natural[242,3]	4.55465	0.0241287	1.90999	1.82177	1.97705	4.25864	8.13223	7262.34	5482.7	2.22855	1.00044
natural[242,4]	0.716052	0.0109022	0.878609	0.496368	0.0200064	0.46781	2.31629	9695.91	5630.53	2.97533	0.999998
natural[243,1]	0.112317	0.001045	0.0831915	0.0682174	0.0204907	0.0924899	0.273452	5597.34	4956.34	1.71762	1.00037
natural[243,2]	0.178485	0.000875006	0.0809844	0.0706549	0.076799	0.163146	0.332946	8222.38	5542.04	2.52315	1.00014
natural[243,3]	7.87424	0.025957	2.53946	2.57178	4.00836	7.71156	12.3235	9852.76	6173.7	3.02346	1.00009
natural[243,4]	6.91214	0.0219183	2.43379	2.47478	3.32839	6.70143	11.2603	13466.0	6269.22	4.13222	1.00044
natural[244,1]	0.1389	0.00189007	0.12456	0.0861563	0.0185741	0.100619	0.394321	4679.5	5577.86	1.43597	1.0002
natural[244,2]	0.135532	0.00147044	0.133231	0.0828458	0.0170848	0.0871664	0.413293	6711.58	7159.29	2.05954	1.00023
natural[244,3]	3.6041	0.0406752	3.04447	2.85083	0.26062	2.74418	9.67797	7075.52	5601.32	2.17122	1.00009
natural[244,4]	2.27114	0.0349871	2.71429	1.61288	0.00588112	1.12312	8.04847	8008.62	5828.5	2.45756	1.00011
natural[245,1]	0.132272	0.000712977	0.070769	0.0700454	0.0336824	0.122913	0.263369	8745.05	5021.02	2.68354	1.0004
natural[245,2]	0.879382	0.00504426	0.470856	0.42363	0.281697	0.796435	1.76192	7501.86	5066.21	2.30205	1.00185
natural[245,3]	5.75714	0.0255556	2.04553	1.98108	2.67756	5.59449	9.41057	6755.44	5860.32	2.073	1.0004
natural[245,4]	2.14295	0.0178845	1.23497	0.828154	0.904449	1.8193	4.49846	7857.44	5010.37	2.41116	1.00005
natural[246,1]	0.140719	0.00120116	0.0949589	0.0872176	0.0237428	0.121932	0.318869	6647.74	5545.2	2.03995	1.00015
natural[246,2]	0.788288	0.00655681	0.462533	0.4202	0.20213	0.709548	1.64734	4396.12	4658.99	1.34901	1.0008
natural[246,3]	2.50349	0.0250714	1.49749	1.08128	0.944627	2.07168	5.56754	5061.71	3744.92	1.55326	1.0007
natural[246,4]	0.395449	0.00834353	0.6031	0.30183	0.00559057	0.258647	1.1804	7641.77	5258.67	2.34498	1.00024
natural[247,1]	0.136466	0.00117141	0.106586	0.0858419	0.0209144	0.107788	0.351005	8609.4	6281.02	2.64191	1.00129
natural[247,2]	0.418839	0.00260129	0.251942	0.217441	0.125271	0.361524	0.908426	9137.72	6502.28	2.80404	1.00051
natural[247,3]	6.42666	0.025244	2.25065	2.16782	3.10392	6.18222	10.4464	8662.69	5705.92	2.65827	1.00017
natural[247,4]	2.82176	0.0230265	1.83541	1.45708	0.832339	2.34204	6.56922	9563.87	5366.14	2.93481	1.00076
natural[248,1]	0.110228	0.00163245	0.110016	0.0607005	0.0158722	0.0762586	0.342893	5371.72	5109.82	1.64839	1.00016
natural[248,2]	0.506787	0.00444418	0.310558	0.32441	0.0618443	0.471316	1.07277	4029.53	3342.1	1.23652	1.00055
natural[248,3]	1.06869	0.0273886	1.43916	0.504219	0.0781954	0.665263	3.89522	5778.27	2949.4	1.77314	1.00165
natural[248,4]	0.257199	0.0161679	0.91063	0.0408129	0.000434288	0.0289914	1.08581	6290.2	3454.78	1.93024	1.001
natural[249,1]	0.125076	0.000908735	0.0800096	0.0745747	0.0245274	0.109001	0.28031	7064.24	4844.51	2.16776	1.00022
natural[249,2]	0.287606	0.0013334	0.125343	0.115266	0.12534	0.267698	0.525133	9396.62	5914.58	2.88348	1.00011
natural[249,3]	8.86012	0.0236496	2.40416	2.39093	5.17623	8.71589	13.0442	10747.9	6778.47	3.29813	1.00012
natural[249,4]	6.61979	0.0215904	2.30893	2.27361	3.17811	6.39182	10.7873	13401.2	6268.43	4.11235	0.999979
natural[250,1]	0.204189	0.00162048	0.144821	0.127382	0.0357447	0.171881	0.491748	7756.84	5754.86	2.38029	1.00024
natural[250,2]	0.095218	0.000762576	0.0731657	0.0515157	0.0211585	0.0740655	0.240158	8667.98	6580.45	2.65989	1.00081
natural[250,3]	5.4921	0.0332604	2.99348	3.08553	1.28851	5.10971	10.9245	9113.93	6443.89	2.79673	1.0003
natural[250,4]	3.25372	0.0311196	2.84126	2.81781	0.0637705	2.57359	8.88144	9974.15	5731.86	3.0607	1.00044
natural[251,1]	0.183123	0.00226037	0.168071	0.118411	0.0201462	0.126296	0.547094	5909.85	5788.68	1.81352	1.00121
natural[251,2]	0.297416	0.00385184	0.287894	0.217128	0.0269511	0.207761	0.840318	4307.75	5924.26	1.32189	1.00161
natural[251,3]	2.57333	0.0465373	2.82901	1.48257	0.127296	1.36101	8.69158	5020.37	5137.4	1.54057	1.00195
natural[251,4]	1.326	0.033431	2.21641	0.487842	0.00159134	0.337895	6.44503	5746.84	5352.14	1.7635	1.00165
natural[252,1]	0.0956288	0.000808571	0.0631784	0.0552529	0.020403	0.0823884	0.216497	5578.35	5161.87	1.7118	1.00093
natural[252,2]	0.271352	0.00111961	0.11308	0.103654	0.122257	0.252927	0.483811	10866.9	5637.19	3.33467	1.00056
natural[252,3]	8.98267	0.0255513	2.38611	2.38038	5.3712	8.82535	13.1347	9199.9	5652.84	2.82312	1.0002
natural[252,4]	6.63998	0.0240907	2.44837	2.42179	3.11951	6.36828	11.1154	12295.9	5912.51	3.77317	1.00019
natural[253,1]	0.147826	0.00108139	0.0827425	0.0895536	0.0281398	0.142092	0.293186	5195.35	4761.21	1.59427	1.00039
natural[253,2]	0.952807	0.00347414	0.327363	0.322477	0.460838	0.926597	1.5372	8326.3	5346.44	2.55504	1.00028
natural[253,3]	0.321787	0.00269775	0.253997	0.249791	0.0178628	0.278233	0.775769	8108.94	5796.08	2.48834	1.00014
natural[253,4]	0.0299041	0.000748676	0.0644968	0.00825108	7.67214e-05	0.00580285	0.147375	7372.67	6393.25	2.26241	0.999956
natural[254,1]	0.109906	0.00103106	0.0830292	0.0641646	0.021062	0.0880733	0.27739	6408.3	5419.52	1.96648	1.00003
natural[254,2]	0.198517	0.000965414	0.0946905	0.083416	0.0810334	0.180233	0.377952	9595.93	5822.4	2.94464	0.999905
natural[254,3]	8.34962	0.0229339	2.3165	2.31094	4.78094	8.2151	12.3012	10781.5	6275.12	3.30846	0.999889
natural[254,4]	5.13622	0.0240542	2.31175	2.20902	1.97319	4.8105	9.40327	11697.5	5536.69	3.58955	1.00012
natural[255,1]	0.129306	0.00104228	0.0893364	0.0778957	0.0239488	0.109172	0.303099	6803.87	5467.93	2.08786	1.00006
natural[255,2]	0.5014	0.00259878	0.249661	0.236941	0.166787	0.463203	0.964305	7838.14	4563.93	2.40524	1.00086
natural[255,3]	5.39653	0.0211522	1.81166	1.78443	2.74032	5.22814	8.61944	8621.44	5733.32	2.64561	1.00006
natural[255,4]	0.85167	0.0113547	0.836562	0.529436	0.0568368	0.665283	2.25137	8440.02	4296.95	2.58994	1.00121
natural[256,1]	0.146564	0.00134855	0.110261	0.098566	0.0201658	0.118525	0.358792	6349.8	5314.23	1.94853	1.00022
natural[256,2]	0.655884	0.00416532	0.321673	0.310272	0.174301	0.629452	1.22768	4958.48	3139.55	1.52158	1.00021
natural[256,3]	0.839154	0.0155732	0.859127	0.418521	0.114242	0.671339	2.02196	5589.3	3044.97	1.71516	1.00036
natural[256,4]	0.119817	0.00724595	0.464989	0.0336784	0.00040848	0.0241014	0.423381	8206.69	5344.17	2.51834	1.0002
natural[257,1]	0.0687591	0.000634572	0.0510286	0.0414553	0.0126409	0.0554663	0.167953	5436.23	5292.78	1.66818	1.00035
natural[257,2]	0.527301	0.0023924	0.247179	0.23125	0.20718	0.486267	1.00392	10655.5	5355.48	3.2698	1.00089
natural[257,3]	7.781	0.0260297	2.34283	2.38742	4.20136	7.62919	11.8715	8504.47	6000.86	2.60971	0.999927
natural[257,4]	5.42022	0.0251057	2.16432	2.17443	2.37337	5.13616	9.35882	9203.5	5035.96	2.82422	0.999937
natural[258,1]	0.0884811	0.00072246	0.0549149	0.0535791	0.0172668	0.0793752	0.191391	5181.63	5252.51	1.59005	1.00049
natural[258,2]	1.67933	0.00583428	0.567094	0.52814	0.865062	1.61864	2.70565	9167.3	5139.49	2.81311	1.00005
natural[258,3]	3.2317	0.016423	1.37891	1.29785	1.46295	2.99285	5.85324	8601.93	5454.25	2.63962	0.999924
natural[258,4]	0.0638684	0.00084206	0.0744527	0.0437277	0.0014735	0.0361855	0.218304	9126.97	7098.5	2.80074	1.0
natural[259,1]	0.0369574	0.000295823	0.025351	0.0215235	0.00757071	0.0315357	0.0845894	7909.56	5665.31	2.42716	1.00043
natural[259,2]	2.47659	0.0196859	1.70374	1.23614	0.658228	2.09367	5.47046	6976.42	5348.48	2.14081	1.00051
natural[259,3]	4.68853	0.0234749	1.93222	1.9775	1.77196	4.54347	8.11837	7067.49	6253.58	2.16876	0.999824
natural[259,4]	1.43083	0.0104822	0.740453	0.453894	0.744393	1.23294	2.77863	7021.56	5485.31	2.15466	1.00034
natural[260,1]	0.11098	0.00128483	0.0950057	0.0642808	0.0183003	0.0844753	0.299361	5757.07	5336.5	1.76664	1.00002
natural[260,2]	0.228732	0.00209293	0.181971	0.159956	0.0290942	0.18157	0.580377	5429.68	4541.15	1.66617	1.0004
natural[260,3]	2.97482	0.0408226	2.36098	1.74999	0.495794	2.27556	7.88215	5097.29	3546.08	1.56417	1.0
natural[260,4]	0.866532	0.0279924	1.64204	0.2967	0.003953	0.215437	4.26451	7080.38	4006.08	2.17271	1.00061
natural[261,1]	0.0938456	0.000892287	0.0735326	0.0533213	0.01854	0.074803	0.232535	7100.56	5851.83	2.17891	1.00013
natural[261,2]	0.172872	0.000951859	0.0979788	0.0826789	0.0566326	0.150904	0.361558	9177.62	5199.64	2.81628	1.00042
natural[261,3]	7.02197	0.0257907	2.38325	2.34289	3.54089	6.82243	11.2234	9076.59	5924.43	2.78528	1.00034
natural[261,4]	3.56102	0.0255719	2.30276	2.07156	0.682034	3.08029	8.08234	10259.1	5701.76	3.14814	1.00096
natural[262,1]	0.145282	0.00125045	0.108955	0.0852878	0.0276008	0.117148	0.362423	8658.08	5949.77	2.65685	1.00049
natural[262,2]	0.182614	0.00155118	0.142509	0.0987802	0.0424369	0.142018	0.461608	7694.37	6276.49	2.36112	1.00004
natural[262,3]	5.46364	0.0288522	2.59383	2.54741	1.85436	5.13735	10.257	9554.33	5885.58	2.93188	0.999988
natural[262,4]	2.7134	0.0272826	2.35119	2.01288	0.125632	2.07871	7.42668	10264.9	5871.86	3.14992	1.00019
natural[263,1]	0.0758531	0.000634905	0.0563885	0.043972	0.0147606	0.0619726	0.182627	8734.58	6022.22	2.68033	1.00011
natural[263,2]	0.603669	0.00362323	0.326472	0.327181	0.155878	0.560768	1.20813	6916.99	4402.16	2.12257	1.00057
natural[263,3]	2.46674	0.0209422	1.42464	1.08675	0.932123	2.10932	5.27953	7832.41	3977.01	2.40348	1.00063
natural[263,4]	0.280655	0.00787841	0.555096	0.150723	0.00250342	0.114012	1.01317	8612.26	5393.61	2.64279	1.00029
natural[264,1]	0.118606	0.00105213	0.0881645	0.0709353	0.0217482	0.0957173	0.29006	6149.63	6132.95	1.8871	1.00064
natural[264,2]	0.246781	0.00155202	0.144395	0.113053	0.0852949	0.213906	0.520308	7613.99	6276.73	2.33646	0.999869
natural[264,3]	6.80219	0.0314563	2.55578	2.55022	3.01616	6.55617	11.3674	6936.9	6097.64	2.12868	1.00028
natural[264,4]	4.50716	0.0258837	2.30818	2.19842	1.48109	4.11468	8.88025	10260.3	5308.65	3.14851	1.00012
natural[265,1]	0.0445902	0.00032867	0.0301103	0.0258454	0.00913419	0.0375258	0.10422	8550.64	6109.4	2.62388	1.00046
natural[265,2]	1.75197	0.00863871	0.817745	0.676389	0.752708	1.59716	3.2824	8620.92	6197.87	2.64545	1.00011
natural[265,3]	3.749	0.0161736	1.51586	1.49649	1.67316	3.53902	6.52839	10344.1	6195.72	3.17422	1.00064
natural[265,4]	0.22771	0.00184825	0.159501	0.18807	0.0101093	0.218756	0.491355	6785.91	5796.64	2.08235	1.00002
natural[266,1]	0.171882	0.00145215	0.123272	0.104117	0.0301216	0.143769	0.423295	6887.23	5004.67	2.11344	1.00074
natural[266,2]	0.130557	0.000867909	0.0800249	0.0595452	0.0427812	0.111962	0.28267	7484.25	5695.08	2.29664	1.00047
natural[266,3]	6.62952	0.0280951	2.73026	2.80884	2.47918	6.43736	11.397	9869.48	6069.49	3.02859	1.00005
natural[266,4]	5.30156	0.0246091	2.65219	2.60036	1.49139	5.00807	10.1157	12752.9	5286.59	3.91339	1.00037
natural[267,1]	0.172724	0.00213827	0.139942	0.110924	0.0241756	0.13624	0.461822	3544.69	4645.73	1.08774	1.00119
natural[267,2]	0.15707	0.00310588	0.184101	0.0861862	0.0147492	0.0844511	0.540856	3407.9	5338.89	1.04576	1.00146
natural[267,3]	3.61638	0.0547731	3.34372	2.90364	0.196775	2.45354	10.2239	4202.47	5659.09	1.28959	1.00087
natural[267,4]	3.57851	0.0368217	2.9717	2.83384	0.0255645	2.93371	9.44114	7850.88	6182.42	2.40915	1.00121
natural[268,1]	0.35258	0.00266391	0.215365	0.235199	0.0682508	0.312889	0.749863	6581.38	5746.61	2.01959	1.00084
natural[268,2]	0.175691	0.00145016	0.140365	0.0964206	0.0376022	0.134591	0.453298	8216.14	6208.64	2.52124	1.0002
natural[268,3]	5.39599	0.0362817	2.92838	3.04357	1.39347	4.97518	10.8791	7322.02	5628.67	2.24686	1.00049
natural[268,4]	2.60694	0.0317903	2.60555	2.18642	0.0378838	1.79502	7.84813	8954.78	5916.71	2.7479	1.00051
natural[269,1]	0.150614	0.00193861	0.126423	0.0841098	0.0262648	0.112514	0.418499	5307.82	5721.92	1.62878	1.00011
natural[269,2]	0.131349	0.000636683	0.0660803	0.0563555	0.0499966	0.118828	0.256909	9650.39	5668.36	2.96136	1.00023
natural[269,3]	8.08058	0.0251366	2.50406	2.5024	4.30469	7.94468	12.4323	10612.4	5623.09	3.25657	1.00036
natural[269,4]	5.34577	0.0242568	2.53227	2.53996	1.7697	5.0525	9.90585	13044.9	6173.17	4.003	1.00051
natural[270,1]	0.109167	0.00146372	0.0923582	0.0618773	0.0191945	0.0826009	0.285807	4357.78	4898.78	1.33724	1.00034
natural[270,2]	0.646478	0.012138	0.613437	0.470754	0.046746	0.468232	1.8793	2030.67	3548.32	0.623138	1.00116
natural[270,3]	1.86343	0.0456708	2.07706	0.682656	0.337585	1.03121	6.60102	3459.45	2872.59	1.06158	1.00126
natural[270,4]	0.905811	0.0304848	1.57142	0.500497	0.00402831	0.434893	4.18427	4961.52	3075.42	1.52251	1.00134
natural[271,1]	0.0559464	0.000417785	0.0393847	0.0323795	0.0108053	0.0468201	0.130228	8499.58	6009.45	2.60822	1.00008
natural[271,2]	1.3585	0.00638441	0.621985	0.525764	0.58002	1.24492	2.53419	8406.13	6100.87	2.57954	1.00044
natural[271,3]	3.99348	0.0170831	1.56515	1.55136	1.81282	3.77286	6.89375	9900.38	5301.46	3.03807	1.00013
natural[271,4]	0.33116	0.00251478	0.214449	0.238911	0.0181826	0.326554	0.675075	6684.94	5102.36	2.05137	1.00082
natural[272,1]	0.149662	0.0020172	0.127899	0.0885669	0.0227421	0.110911	0.430328	4288.32	5778.4	1.31593	1.00045
natural[272,2]	0.255216	0.00300989	0.233675	0.184548	0.0240613	0.180284	0.721973	4570.2	5091.16	1.40243	1.00024
natural[272,3]	2.75625	0.045085	2.71869	1.72048	0.179551	1.7262	8.59112	5259.37	4450.95	1.61391	1.00063
natural[272,4]	1.26373	0.034008	2.14303	0.394462	0.00200325	0.272863	6.05247	6690.5	5026.19	2.05307	1.00086
natural[273,1]	0.0475422	0.000443219	0.0356071	0.0292679	0.00854622	0.0386458	0.117307	6203.34	5652.54	1.90358	1.00052
natural[273,2]	2.60036	0.00942906	0.926464	0.883075	1.30296	2.48646	4.3254	9908.7	6566.52	3.04062	1.00105
natural[273,3]	2.75929	0.0165243	1.35707	1.29477	1.07772	2.48952	5.35596	8181.74	6156.02	2.51068	1.00089
natural[273,4]	0.0486044	0.000639231	0.0600929	0.0319008	0.000838458	0.0249765	0.173653	8249.26	6690.79	2.5314	1.00035
natural[274,1]	0.105174	0.000947547	0.0780949	0.0608046	0.0208214	0.0860318	0.260007	6254.6	5990.98	1.91931	1.00052
natural[274,2]	0.245118	0.0011718	0.115136	0.101623	0.101711	0.224015	0.46233	9236.76	6393.98	2.83443	1.00095
natural[274,3]	8.34415	0.0244193	2.35166	2.33389	4.71136	8.17517	12.3973	9481.04	6071.87	2.90939	1.00012
natural[274,4]	5.31182	0.0241683	2.24181	2.18997	2.20826	5.01028	9.45786	10865.5	5570.71	3.33424	1.00025
natural[275,1]	0.206044	0.00179108	0.144425	0.131927	0.0350884	0.170522	0.497468	6195.36	5792.06	1.90113	1.00042
natural[275,2]	0.194573	0.000910061	0.0879154	0.0775818	0.0828916	0.177875	0.360234	9084.3	5883.41	2.78764	1.00108
natural[275,3]	8.23707	0.0284835	2.58057	2.62133	4.20681	8.11896	12.6969	8654.51	6151.1	2.65576	1.00021
natural[275,4]	6.52841	0.0251951	2.50266	2.53225	2.89947	6.28705	11.0223	11361.1	5473.16	3.4863	1.00064
natural[276,1]	0.0253701	0.000257491	0.0199542	0.0144503	0.00483768	0.0203541	0.0635043	6378.87	5768.05	1.95745	1.00022
natural[276,2]	1.81594	0.00739493	0.681841	0.624473	0.885833	1.71475	3.09738	7436.79	5091.73	2.28208	1.00059
natural[276,3]	0.252515	0.00190896	0.152326	0.174628	0.0164052	0.253798	0.499451	6042.14	4517.69	1.85411	1.0002
natural[276,4]	0.0164521	0.000416325	0.0350597	0.00489249	5.32858e-05	0.00349243	0.0801819	7477.24	6551.51	2.2945	1.00028
natural[277,1]	0.131343	0.00099337	0.0848258	0.07481	0.0281987	0.114174	0.298927	6864.24	5117.56	2.10639	1.00129
natural[277,2]	0.234252	0.00108785	0.103018	0.0906821	0.10408	0.214895	0.431966	9058.27	5899.29	2.77966	0.999995
natural[277,3]	8.2871	0.0259222	2.47698	2.47254	4.41207	8.14729	12.579	9736.7	5361.61	2.98784	1.00004
natural[277,4]	6.56668	0.0239502	2.36715	2.36883	3.11626	6.32781	10.7707	11832.3	5688.65	3.6309	1.00082
natural[278,1]	0.126609	0.00118507	0.0982006	0.075239	0.0209846	0.100716	0.321093	7005.76	6106.33	2.14981	0.999921
natural[278,2]	0.247001	0.00202608	0.186195	0.138583	0.0541808	0.193806	0.625641	7246.04	6424.84	2.22355	1.0005
natural[278,3]	4.70557	0.0296517	2.41643	2.43976	1.53744	4.29633	9.30372	7993.53	5609.7	2.45293	0.999923
natural[278,4]	1.7741	0.0245011	1.89179	1.23688	0.0476936	1.13667	5.7008	9309.13	5328.81	2.85664	1.00005
natural[279,1]	0.137418	0.00135067	0.110863	0.0811764	0.0235348	0.107085	0.356354	7159.86	5821.8	2.1971	1.00005
natural[279,2]	0.281216	0.00282697	0.233308	0.185074	0.0388426	0.214787	0.745451	4919.85	5266.62	1.50973	0.999881
natural[279,3]	3.44873	0.0354089	2.4605	2.02409	0.819268	2.76343	8.36987	6599.55	4548.66	2.02516	1.00023
natural[279,4]	1.21572	0.0293367	1.91313	0.593245	0.00646238	0.434676	5.31079	7610.22	4583.82	2.3353	1.00033
natural[280,1]	0.0510452	0.000435463	0.0358572	0.0320172	0.00953609	0.0428723	0.120829	6881.28	5610.17	2.11162	1.00002
natural[280,2]	3.40629	0.0186303	1.66999	1.19861	1.60815	3.06024	6.23587	9978.66	6584.63	3.06209	0.999968
natural[280,3]	2.9219	0.0183244	1.45318	1.37785	1.11709	2.63662	5.74119	7951.32	5316.77	2.43997	1.00007
natural[280,4]	0.114457	0.00143846	0.121661	0.0885083	0.00142131	0.0663794	0.371557	7146.47	6775.89	2.19299	0.999822
natural[281,1]	0.0876044	0.000720032	0.060973	0.0591409	0.0139701	0.0736121	0.205648	6693.94	6295.75	2.05413	1.00034
natural[281,2]	2.67484	0.0165061	1.40169	0.98739	1.19103	2.37784	5.12172	7048.92	5287.98	2.16306	1.00015
natural[281,3]	3.35348	0.0190052	1.57249	1.53505	1.30765	3.10026	6.27431	8549.42	5240.68	2.62351	1.00065
natural[281,4]	0.164423	0.00167338	0.130135	0.157962	0.00401318	0.141855	0.396477	6070.61	6543.8	1.86285	1.00073
natural[282,1]	0.189118	0.00120703	0.109005	0.100333	0.0469147	0.172664	0.390486	8102.94	5726.52	2.4865	1.0001
natural[282,2]	0.326905	0.00278868	0.233779	0.218637	0.0457044	0.275866	0.777581	5433.86	4574.46	1.66746	0.999852
natural[282,3]	2.5737	0.0332109	2.15224	1.51164	0.415451	1.87838	7.0068	6353.16	4155.0	1.94955	1.00037
natural[282,4]	0.726407	0.0214644	1.3758	0.289315	0.00290757	0.207758	3.52229	7480.01	4518.03	2.29534	1.00019
natural[283,1]	0.0829773	0.000698319	0.0572863	0.0512215	0.0152237	0.0701825	0.19534	6838.69	5738.81	2.09855	0.999928
natural[283,2]	1.23508	0.00477889	0.460092	0.437942	0.563037	1.18642	2.06285	8957.75	6296.6	2.74881	1.00012
natural[283,3]	3.58587	0.0171887	1.4244	1.39022	1.64996	3.38679	6.24817	7663.5	5800.22	2.35165	1.00064
natural[283,4]	0.113351	0.00136192	0.119445	0.0875095	0.00318596	0.0731075	0.346848	8970.95	6345.48	2.75286	1.00059
natural[284,1]	0.106667	0.000773359	0.0691184	0.0628028	0.0225523	0.0930592	0.237315	6452.89	5779.53	1.98016	1.00033
natural[284,2]	0.309031	0.00135378	0.136427	0.12545	0.131979	0.285495	0.568311	10863.4	6028.91	3.33357	1.00001
natural[284,3]	8.6808	0.0242229	2.44021	2.41405	4.95633	8.52788	13.0085	10733.2	6369.21	3.29364	1.0
natural[284,4]	6.17136	0.0229212	2.37558	2.34593	2.70256	5.91527	10.5614	12382.7	5975.99	3.79981	1.00071
natural[285,1]	0.214451	0.0017957	0.148663	0.138465	0.0369578	0.17756	0.509361	7006.49	5760.91	2.15004	1.00035
natural[285,2]	0.261703	0.00156279	0.138769	0.128127	0.0873573	0.235432	0.523219	7465.28	5962.81	2.29082	1.00027
natural[285,3]	7.12578	0.0269907	2.27251	2.2243	3.7423	6.92685	11.2115	7800.53	5524.28	2.3937	1.00047
natural[285,4]	2.94738	0.0255321	2.03037	1.69936	0.553812	2.47958	6.94208	8992.01	5079.5	2.75932	1.00141
natural[286,1]	0.193914	0.0012351	0.111727	0.116365	0.0396332	0.180025	0.398481	7305.37	4180.36	2.24175	1.00088
natural[286,2]	0.341722	0.00284135	0.225225	0.171626	0.0998932	0.2825	0.783914	5919.12	6092.22	1.81636	1.00068
natural[286,3]	5.65985	0.0339845	2.52231	2.53927	2.11334	5.33553	10.2198	5833.38	5416.34	1.79005	1.00048
natural[286,4]	3.43836	0.0245748	2.06591	1.79437	1.02467	2.95218	7.43042	9441.14	5433.42	2.89714	1.00044
natural[287,1]	0.122922	0.000960373	0.0789607	0.0756472	0.02451	0.108286	0.274612	5836.01	4742.36	1.79086	1.00026
natural[287,2]	0.172159	0.000792045	0.0758536	0.0672003	0.0761316	0.158699	0.314599	8952.11	6204.81	2.74708	1.00026
natural[287,3]	8.09936	0.0262641	2.53954	2.57656	4.12317	7.95693	12.4488	10059.6	5691.69	3.08693	1.00071
natural[287,4]	6.93639	0.0241233	2.46419	2.41146	3.31758	6.71418	11.3879	12365.8	5906.55	3.79461	1.00008
natural[288,1]	0.0561564	0.000408542	0.037158	0.0321114	0.0124766	0.0480268	0.126842	8328.63	4995.07	2.55576	1.00034
natural[288,2]	1.35609	0.00531535	0.548528	0.494966	0.612871	1.28059	2.36689	9939.68	6310.3	3.05013	0.999898
natural[288,3]	3.82936	0.0167254	1.53841	1.5145	1.76182	3.59862	6.70236	9824.07	6168.58	3.01465	0.99991
natural[288,4]	0.271404	0.00253974	0.22518	0.247092	0.0076526	0.228916	0.689794	7089.83	6208.8	2.17561	0.999853
natural[289,1]	0.244581	0.00168026	0.134788	0.14544	0.0492238	0.231302	0.483425	6146.7	5219.42	1.8862	1.00106
natural[289,2]	0.21298	0.0010968	0.114281	0.0984149	0.0730989	0.189306	0.422133	9729.02	6044.05	2.98548	1.00028
natural[289,3]	7.84367	0.0291304	2.46365	2.4299	4.13137	7.61597	12.1688	7714.67	5824.47	2.36735	1.00036
natural[289,4]	3.96356	0.0283971	2.48518	2.38473	0.760972	3.47875	8.63729	9302.6	5932.83	2.85463	1.00027
natural[290,1]	0.119115	0.00111314	0.0920688	0.0714906	0.0209787	0.094642	0.303592	6731.11	5216.41	2.06553	1.00087
natural[290,2]	0.180136	0.00154088	0.137383	0.101573	0.0399432	0.141549	0.452963	6792.21	5680.83	2.08428	1.00026
natural[290,3]	5.044	0.0323755	2.63669	2.65815	1.51419	4.68728	10.0063	7863.29	5448.89	2.41296	1.00005
natural[290,4]	2.4768	0.0276704	2.33026	1.8308	0.076712	1.75713	7.25392	10809.7	5387.64	3.31711	1.00018
natural[291,1]	0.106196	0.000778092	0.0728958	0.0655608	0.0186117	0.0902879	0.245104	7788.24	5159.18	2.38993	0.99994
natural[291,2]	1.09895	0.00415314	0.425048	0.393507	0.511297	1.0473	1.86084	10194.8	6278.35	3.1284	1.0005
natural[291,3]	3.68412	0.0170443	1.52386	1.50774	1.57664	3.49646	6.52025	9072.85	5613.99	2.78413	1.00004
natural[291,4]	0.162351	0.00171585	0.159773	0.134727	0.00445242	0.11627	0.460791	8395.69	6316.51	2.57633	1.00028
natural[292,1]	0.105443	0.000908968	0.070437	0.0558275	0.0240773	0.0910567	0.230807	7390.79	5617.89	2.26797	1.00073
natural[292,2]	0.896813	0.00671739	0.472005	0.442147	0.219415	0.846125	1.70826	3882.69	2357.62	1.19146	1.00109
natural[292,3]	1.22787	0.022705	0.982195	0.390273	0.504391	0.991978	2.68136	4362.47	2122.73	1.33868	1.00125
natural[292,4]	0.173027	0.0112139	0.527395	0.0729287	0.000965156	0.0524784	0.481525	6130.34	3506.1	1.88118	1.00048
natural[293,1]	0.226229	0.00236448	0.169325	0.143768	0.0380922	0.179597	0.576031	4955.56	5683.22	1.52068	1.00044
natural[293,2]	0.0848107	0.000828823	0.0758978	0.044158	0.0172859	0.0617197	0.233899	8172.86	5206.43	2.50796	1.00009
natural[293,3]	5.53581	0.0380965	3.27343	3.4898	0.914387	5.20018	11.3799	8197.61	5982.09	2.51555	1.00056
natural[293,4]	3.95019	0.0324643	3.10971	3.29303	0.0763877	3.34769	9.75393	10548.7	5875.86	3.23703	1.00057
natural[294,1]	0.145865	0.00186496	0.13346	0.0843945	0.0206553	0.100978	0.437444	6282.15	5308.87	1.92776	1.0005
natural[294,2]	0.330499	0.00200734	0.185871	0.17	0.0946048	0.296259	0.686052	7356.81	5360.06	2.25754	1.00008
natural[294,3]	6.32803	0.0256222	2.16059	2.07069	3.23017	6.09547	10.3031	8080.06	6165.13	2.47948	1.0002
natural[294,4]	1.80505	0.0240613	1.7234	1.02127	0.192399	1.2699	5.35768	7945.97	4900.56	2.43833	1.00053
natural[295,1]	0.169921	0.00132515	0.125115	0.113818	0.0265224	0.138033	0.418593	9395.64	6261.95	2.88318	1.00033
natural[295,2]	0.234439	0.00165775	0.153266	0.126812	0.060611	0.197634	0.530654	7261.55	6020.48	2.22831	1.00056
natural[295,3]	5.37085	0.0295812	2.44315	2.37821	2.03825	5.05233	9.96087	8236.39	5404.05	2.52745	1.00062
natural[295,4]	2.10972	0.0259813	2.02432	1.51364	0.0733966	1.49902	6.27285	9348.41	5318.46	2.86869	1.00087
natural[296,1]	0.0493504	0.00046221	0.0361581	0.0270125	0.0106145	0.0421557	0.109543	6552.62	4955.76	2.01076	1.00058
natural[296,2]	1.37927	0.0109067	0.765878	0.585104	0.437345	1.26398	2.70479	4572.71	4331.86	1.4032	1.00086
natural[296,3]	0.920454	0.00655603	0.461286	0.272272	0.454326	0.835314	1.61633	7130.75	4214.25	2.18817	1.00077
natural[296,4]	0.0983961	0.00202834	0.167014	0.0523263	0.00064131	0.0373012	0.36237	7669.73	6977.79	2.35356	1.00008
natural[297,1]	0.157724	0.00111388	0.0785344	0.0794557	0.0496076	0.148057	0.299108	4691.04	5490.59	1.43951	1.0004
natural[297,2]	2.13931	0.0108521	1.02178	0.842621	0.910445	1.93132	4.08424	8689.01	6338.36	2.66634	1.0006
natural[297,3]	3.87204	0.0207262	1.62142	1.59463	1.58503	3.66911	6.86263	6521.57	5863.89	2.00124	1.00045
natural[297,4]	0.327156	0.00255731	0.195918	0.220398	0.0146682	0.336798	0.633601	5670.65	5499.16	1.74012	1.00032
natural[298,1]	0.131101	0.00104689	0.0897203	0.0785408	0.0262051	0.110636	0.305061	6862.59	6048.62	2.10588	1.00035
natural[298,2]	0.155663	0.000841178	0.0813955	0.0701663	0.0558833	0.139277	0.310803	8487.51	6068.12	2.60451	1.00036
natural[298,3]	7.37967	0.0265003	2.42809	2.39466	3.74868	7.18018	11.6141	9212.19	5495.72	2.82689	1.00049
natural[298,4]	4.22144	0.0245986	2.36573	2.2883	1.03304	3.85121	8.65111	11814.1	6216.83	3.62533	1.00008
natural[299,1]	0.0426608	0.000633219	0.041761	0.0234283	0.00730712	0.0315839	0.110862	5723.32	4706.58	1.75628	1.00007
natural[299,2]	0.942875	0.00521887	0.430032	0.412596	0.29749	0.905077	1.71068	5868.55	3528.7	1.80085	1.00006
natural[299,3]	0.457084	0.00627604	0.440079	0.245337	0.0459789	0.410735	0.935494	7926.34	4474.23	2.43231	1.00003
natural[299,4]	0.0416574	0.00404756	0.225977	0.0115465	0.000159043	0.00837743	0.149448	8236.77	5560.9	2.52757	1.00009
natural[300,1]	0.139635	0.000891072	0.0716063	0.0708096	0.0351518	0.133611	0.265069	5654.88	3932.48	1.73528	1.0003
natural[300,2]	1.4878	0.00618245	0.523316	0.506939	0.714677	1.4435	2.4059	6598.91	4842.07	2.02497	0.999938
natural[300,3]	0.412833	0.0025607	0.215253	0.202604	0.0625479	0.410565	0.765533	6681.95	4705.93	2.05045	1.00008
natural[300,4]	0.0335241	0.000815847	0.063087	0.010242	0.000109076	0.00727795	0.16786	5894.44	6101.09	1.80879	1.00019
natural[301,1]	0.215552	0.00185341	0.151022	0.136814	0.0348747	0.179824	0.51893	5933.89	4940.71	1.8209	1.0004
natural[301,2]	0.090536	0.000654319	0.0578664	0.0435191	0.0267787	0.0771664	0.195885	7860.7	5601.8	2.41216	1.00043
natural[301,3]	6.89035	0.0285678	2.87694	2.99243	2.51386	6.72088	11.8663	10660.3	6214.62	3.27125	1.00149
natural[301,4]	5.38364	0.025625	2.8552	2.86838	1.21103	5.08344	10.5384	14749.8	5563.72	4.52618	1.00138
natural[302,1]	0.14811	0.00154219	0.118743	0.0945831	0.0216145	0.116677	0.382622	6886.66	5929.62	2.11327	1.00024
natural[302,2]	0.411308	0.00364413	0.278189	0.263977	0.0675486	0.360014	0.934782	4540.27	3957.1	1.39325	1.00001
natural[302,3]	2.29112	0.032212	1.88126	1.06511	0.580831	1.6716	6.29372	5328.06	3556.91	1.63499	1.00078
natural[302,4]	0.548212	0.0197673	1.13122	0.23297	0.00301627	0.170656	2.59581	6279.58	3424.92	1.92698	1.00094
natural[303,1]	0.130471	0.000986025	0.0727226	0.0637341	0.0292296	0.123976	0.266162	5127.33	5221.62	1.57339	1.00119
natural[303,2]	2.19939	0.0255228	1.93424	1.18445	0.462844	1.63777	5.79968	4988.91	5868.36	1.53091	0.999815
natural[303,3]	6.33055	0.0337513	2.32466	2.32818	2.67965	6.22824	10.3394	4783.44	6316.5	1.46787	1.0005
natural[303,4]	3.56658	0.0263011	1.77929	1.59263	1.41971	3.16159	7.0082	5455.66	5017.48	1.67415	1.00025
natural[304,1]	0.0957873	0.000862284	0.0759843	0.059446	0.0161734	0.0748128	0.247889	7348.32	5844.73	2.25493	1.00032
natural[304,2]	0.557078	0.0045067	0.360744	0.283477	0.163959	0.466261	1.24753	5976.02	6653.41	1.83382	1.00002
natural[304,3]	5.56707	0.0325589	2.44032	2.48486	2.07737	5.32716	9.94901	5917.68	6091.32	1.81592	1.00009
natural[304,4]	3.36589	0.0260097	1.90391	1.6166	1.17403	2.88213	7.17416	6504.7	5260.73	1.99606	1.00009
Omega[1,2]	-0.453761	0.00477516	0.109794	0.108832	-0.626481	-0.458829	-0.267678	501.697	1413.66	0.153953	1.00935
Omega[1,3]	0.28851	0.00574256	0.129814	0.12925	0.0630522	0.293051	0.494894	502.785	1299.88	0.154286	1.00175
Omega[1,4]	0.290414	0.00421732	0.122548	0.12503	0.0833331	0.294344	0.485599	859.033	1697.87	0.263606	1.00415
Omega[2,1]	-0.453761	0.00477516	0.109794	0.108832	-0.626481	-0.458829	-0.267678	501.697	1413.66	0.153953	1.00935
Omega[2,3]	-0.485915	0.00181359	0.0776088	0.0783135	-0.60895	-0.488283	-0.35531	1841.98	3602.25	0.565238	1.00227
Omega[2,4]	-0.57709	0.00124749	0.0625162	0.062873	-0.673732	-0.578943	-0.470427	2503.7	4301.13	0.768296	1.00144
Omega[3,1]	0.28851	0.00574256	0.129814	0.12925	0.0630522	0.293051	0.494894	502.785	1299.88	0.154286	1.00175
Omega[3,2]	-0.485915	0.00181359	0.0776088	0.0783135	-0.60895	-0.488283	-0.35531	1841.98	3602.25	0.565238	1.00227
Omega[3,4]	0.802109	0.00144652	0.0549426	0.055037	0.70541	0.804722	0.888815	1407.82	1897.02	0.432009	1.00367
Omega[4,1]	0.290414	0.00421732	0.122548	0.12503	0.0833331	0.294344	0.485599	859.033	1697.87	0.263606	1.00415
Omega[4,2]	-0.57709	0.00124749	0.0625162	0.062873	-0.673732	-0.578943	-0.470427	2503.7	4301.13	0.768296	1.00144
Omega[4,3]	0.802109	0.00144652	0.0549426	0.055037	0.70541	0.804722	0.888815	1407.82	1897.02	0.432009	1.00367
