chain	draw	stan_parameter	participant_id	parameter	value	posterior_mean	posterior_sd	q05	median	q95	standardized_value	empirical_percentile
5	2670	mu[1]		mu[1]	-2.131513106	-1.9966988273805	0.21306548256175104	-2.35709238785	-1.9892192375	-1.6579339976	-0.6327363634812494	0.25540625
5	2670	mu[2]		mu[2]	-1.277383229	-1.2116902491907093	0.092848133569102	-1.3675651982500001	-1.21012307	-1.0602879358500001	-0.7075315063861659	0.23784375
5	2670	mu[3]		mu[3]	2.252292925	2.3342287677381566	0.17907063004200005	2.0539495512	2.327474241	2.6444044086000003	-0.4575615929811554	0.335
5	2670	mu[4]		mu[4]	0.8780343767	0.9538646969204531	0.09851565156898197	0.797267243955	0.9506563642	1.1216590495499998	-0.7697286574545539	0.22396875
5	2670	tau[1]		tau[1]	1.644678052	1.5472495596743405	0.17585626248011735	1.27217806495	1.5383645115000002	1.8487897613499997	0.554023444781643	0.725
5	2670	tau[2]		tau[2]	1.463375537	1.408794129153125	0.07526969345480447	1.28916457115	1.406245294	1.5369049769999998	0.7251445481128234	0.77325
5	2670	tau[3]		tau[3]	1.837187369	1.9081268305071248	0.1652186266118821	1.65006359415	1.901274327	2.1916346502	-0.42936721459239535	0.34628125
5	2670	tau[4]		tau[4]	1.198649495	1.2919742836667873	0.1041566859722892	1.12965214345	1.28745856	1.4695756109	-0.8960038215080727	0.1876875
5	2670	L[2,1]		L[2,1]	-0.598449419	-0.6693211736669156	0.08165704359622084	-0.78967503408	-0.6769314844500001	-0.52431028664	0.8679196741111938	0.81871875
5	2670	L[3,1]		L[3,1]	0.2718835975	0.3994608503173683	0.11688654581929307	0.19513659564000002	0.40698932330000004	0.57911692245	-1.091462254471982	0.13890625
5	2670	L[4,1]		L[4,1]	0.1607706034	0.34321169760324843	0.12132690047526781	0.13254106445000002	0.35007000990000003	0.5305478074949999	-1.5037151158447224	0.0759375
5	2670	L[2,2]		L[2,2]	0.8011605912	0.7349294184241938	0.07224986952697501	0.61352533821	0.73604603485	0.851527288625	0.9166960883033618	0.81871875
5	2670	L[3,2]		L[3,2]	-0.5007688206	-0.46973511908244237	0.10264441606120349	-0.632956179485	-0.4732137393	-0.29282502741500005	-0.3023418390246705	0.39425
5	2670	L[4,2]		L[4,2]	-0.4734171611	-0.38945268034577213	0.11064655372149253	-0.56573489425	-0.39294566465	-0.19933438782000001	-0.7588531041425304	0.23365625
5	2670	L[3,3]		L[3,3]	0.8217724124	0.7705901925416749	0.04209942257281731	0.6999307879550001	0.7716082751	0.838196667205	1.215746362549217	0.89078125
5	2670	L[4,3]		L[4,3]	0.7301729474	0.7348995933511969	0.04407514469298834	0.6597887566149999	0.7366594816	0.804589818515	-0.10724062244425957	0.4424375
5	2670	L[4,4]		L[4,4]	0.4656999801	0.3976129362806875	0.05876551696954677	0.303893965545	0.3961599339	0.496101011155	1.1586223916756542	0.87490625
5	2670	z[1,1]	sub-10317	latent_z_alpha	-0.0392919808	-0.1199367235195103	0.8415845978939733	-1.5169305722	-0.11118601795	1.2581422559999997	0.0958248795442788	0.5348125
5	2670	z[2,1]	sub-10317	latent_z_kappa	1.339539857	0.7961400983103836	0.7272666089725885	-0.46296923135	0.8408577847500001	1.90309468355	0.7471809539795572	0.7643125
5	2670	z[3,1]	sub-10317	latent_z_preference_friend	0.7562166839	0.16391371067668134	0.4091033169426196	-0.461084010205	0.1414028302	0.8741670541349998	1.4478077998727017	0.92053125
5	2670	z[4,1]	sub-10317	latent_z_preference_stranger	-1.123486208	-0.9509262631628662	0.7017865270434261	-2.17384043725	-0.9065247894499999	0.12682982643999996	-0.24588665952895383	0.379875
5	2670	z[1,2]	sub-10369	latent_z_alpha	0.2520066811	0.5529752494385964	0.7805388843397327	-0.74732359804	0.5516586137999999	1.8291987479	-0.38559074298161244	0.341
5	2670	z[2,2]	sub-10369	latent_z_kappa	0.3045322259	-0.3329015386968308	0.8293968338938394	-1.7231379199999999	-0.31356234145	0.98661932655	0.7685509982045828	0.7695625
5	2670	z[3,2]	sub-10369	latent_z_preference_friend	-0.3553336054	-0.2661237661358376	0.648490451671189	-1.17022966495	-0.35915107884999997	0.9392784940549996	-0.13756538594248321	0.50284375
5	2670	z[4,2]	sub-10369	latent_z_preference_stranger	0.3318181273	-0.4051331796879046	0.8830248688581923	-1.8615181222	-0.4046050777	1.0426986134499996	0.834575936622068	0.80271875
5	2670	z[1,3]	sub-10402	latent_z_alpha	0.3540876429	0.7335232764619188	0.8081669864559304	-0.57709573625	0.71955502965	2.0660486046499997	-0.46950152619555136	0.32265625
5	2670	z[2,3]	sub-10402	latent_z_kappa	-0.7546264858	-0.7521718677634636	0.7467911160377647	-1.9907929562	-0.7433145827	0.45321051976499993	-0.003286887034168108	0.49375
5	2670	z[3,3]	sub-10402	latent_z_preference_friend	-1.02725548	-0.11685514841583157	0.7752136209962991	-1.19869499075	-0.2152182543	1.29027651975	-1.174386397408921	0.09571875
5	2670	z[4,3]	sub-10402	latent_z_preference_stranger	-1.199541889	0.20835686752608598	0.9178299462409757	-1.327495278	0.23050411185000003	1.6828078408499998	-1.533942929506947	0.06575
5	2670	z[1,4]	sub-10418	latent_z_alpha	-1.019117249	-0.84623787467039	0.5891603598563224	-1.8243723337	-0.83854089165	0.08676586010249969	-0.29343347942106934	0.37165625
5	2670	z[2,4]	sub-10418	latent_z_kappa	0.123985831	-0.6140237644782854	0.5288314394279171	-1.54201849305	-0.5739399238	0.18080072420999987	1.3955478824720682	0.9341875
5	2670	z[3,4]	sub-10418	latent_z_preference_friend	0.5502134019	0.19592645967630867	0.42944024814372034	-0.46715765275499993	0.17380055195	0.933007026925	0.8249970601384398	0.8070625
5	2670	z[4,4]	sub-10418	latent_z_preference_stranger	-1.264006706	-1.337042588444642	0.727958380716433	-2.55598493725	-1.321759426	-0.17456675279000008	0.10032975013319091	0.53040625
5	2670	z[1,5]	sub-10462	latent_z_alpha	-0.1566255874	0.09301081306388852	0.9794472582412317	-1.37872599305	0.0055437941525	1.84601475795	-0.2548747759140744	0.43265625
5	2670	z[2,5]	sub-10462	latent_z_kappa	-1.016280542	-0.25096348455386663	0.8304915124772058	-1.71327220815	-0.189361578	1.0064364063	-0.9215230329848059	0.17446875
5	2670	z[3,5]	sub-10462	latent_z_preference_friend	-0.9975827847	-1.0358118275838366	0.582804627953089	-1.94381949055	-1.041008855	-0.13159847561000002	0.06559495420979015	0.539625
5	2670	z[4,5]	sub-10462	latent_z_preference_stranger	0.2753152219	-0.16963384615967977	0.8487089333625021	-1.6821801681	-0.08898347508	1.0611559510999997	0.5242658001687751	0.671625
5	2670	z[1,6]	sub-10478	latent_z_alpha	0.5273621126	-0.06029793309197935	0.6702898883821214	-1.1817042908	-0.043527193480000004	1.0190198098999999	0.8767252137883421	0.82321875
5	2670	z[2,6]	sub-10478	latent_z_kappa	0.600927204	-0.27479982975152073	0.6433025433164646	-1.4015708319	-0.23396109650000002	0.7062800661799999	1.36129888316129	0.92321875
5	2670	z[3,6]	sub-10478	latent_z_preference_friend	0.807914433	0.1380525620894165	0.4867584106697945	-0.528520937695	0.07317805958500001	1.0327149404499996	1.3761690732551144	0.90853125
5	2670	z[4,6]	sub-10478	latent_z_preference_stranger	-2.415726123	-0.9228112846899835	0.7599241173135335	-2.1877458394000002	-0.9095480579499999	0.2908557028749998	-1.964557781884506	0.026125
5	2670	z[1,7]	sub-10486	latent_z_alpha	-0.5695464803	-0.0028393529414730244	0.7855801365906043	-1.2849583155	-0.002717664917	1.28394604275	-0.7213867827896209	0.2361875
5	2670	z[2,7]	sub-10486	latent_z_kappa	-0.1773518214	-0.15616731682379686	0.706334103840306	-1.3291442411	-0.15220894035	0.999754400635	-0.029992187069863903	0.4855
5	2670	z[3,7]	sub-10486	latent_z_preference_friend	1.254422052	1.4859498964692828	0.7305102643671373	0.340486621125	1.459666177	2.73504116725	-0.31693989224075064	0.3885625
5	2670	z[4,7]	sub-10486	latent_z_preference_stranger	-0.3112956107	0.5461328027486619	0.9390421740054519	-0.98243699333	0.54234304225	2.09379204115	-0.913088290583724	0.181375
5	2670	z[1,8]	sub-10529	latent_z_alpha	-0.2705869917	0.6559443232425587	0.7863038311617192	-0.651884801685	0.6631213966	1.9305618169999998	-1.1783375308926847	0.121
5	2670	z[2,8]	sub-10529	latent_z_kappa	-1.29833526	-0.7171659019660781	0.7261152028210347	-1.92932911085	-0.708117827	0.4587986838799997	-0.8003817517881697	0.21240625
5	2670	z[3,8]	sub-10529	latent_z_preference_friend	-0.4356439846	0.06842944568326448	0.7485737138079133	-0.9859547050049999	-0.024646680895000002	1.4322610588999996	-0.6733784809502562	0.2701875
5	2670	z[4,8]	sub-10529	latent_z_preference_stranger	0.1648070945	-0.09622326425612446	0.9092579646805589	-1.5945531352	-0.09095378721	1.3860461876499997	0.28708064036351866	0.61009375
5	2670	z[1,9]	sub-10541	latent_z_alpha	1.613233361	0.9439544883414797	0.7639606340557147	-0.320853019875	0.947407839	2.1968148394	0.8760646070275274	0.81459375
5	2670	z[2,9]	sub-10541	latent_z_kappa	-0.4440985582	-0.8833838688677315	0.7638701625875103	-2.15568448075	-0.87209001815	0.3579971388249998	0.575078504414559	0.71425
5	2670	z[3,9]	sub-10541	latent_z_preference_friend	-1.010866065	-0.12590679478844571	0.8010744799191879	-1.30334373735	-0.20110564955	1.3046716580499997	-1.104715344696574	0.1214375
5	2670	z[4,9]	sub-10541	latent_z_preference_stranger	0.6759378165	-0.08782515876584705	0.9453073922137725	-1.6367872253000002	-0.08882754064500001	1.4569449124499996	0.8079519757877119	0.79003125
5	2670	z[1,10]	sub-10559	latent_z_alpha	-0.2222238212	-0.6688502532550745	0.4867940715934555	-1.5537516586	-0.61678359155	0.03374420005149998	0.917485355959867	0.83171875
5	2670	z[2,10]	sub-10559	latent_z_kappa	1.688099571	1.410330059357551	0.517388568620315	0.46041034917000007	1.475521064	2.1437619	0.5368682813830968	0.6839375
5	2670	z[3,10]	sub-10559	latent_z_preference_friend	-0.2937045604	-0.2814281609432878	0.3241755548489293	-0.816316465425	-0.2759124616	0.23313303396999996	-0.03786960266770623	0.47584375
5	2670	z[4,10]	sub-10559	latent_z_preference_stranger	0.584223391	0.6404381694649419	0.2881100427404146	0.15667411757000002	0.6490040562	1.0950185888500001	-0.19511565070847295	0.40471875
5	2670	z[1,11]	sub-10572	latent_z_alpha	0.9655890798	0.036357984488628474	0.8734081851043933	-1.32400436985	-0.0010203218741	1.5607383530499992	1.0639138848925558	0.8675
5	2670	z[2,11]	sub-10572	latent_z_kappa	-0.1476628997	-0.46949286814676405	0.7439920549293074	-1.83744382985	-0.3866597451	0.5914139366699999	0.4325717812636368	0.63584375
5	2670	z[3,11]	sub-10572	latent_z_preference_friend	-2.412256475	-1.5060164881286326	0.582356647801472	-2.4095723062	-1.5092008195000002	-0.663597761535	-1.5561597696061822	0.04953125
5	2670	z[4,11]	sub-10572	latent_z_preference_stranger	-0.839284298	0.1073347645658166	0.815736897803535	-1.3855183616	0.20680893085	1.2673133990499998	-1.1604465424019643	0.129
5	2670	z[1,12]	sub-10581	latent_z_alpha	-0.5387320674	-0.6324847328450642	0.6205861142000578	-1.6913563304	-0.6038625074	0.3262642343799997	0.1510711620834643	0.54334375
5	2670	z[2,12]	sub-10581	latent_z_kappa	-0.6802894996	-0.04102582361929655	0.5911254610761788	-1.0791388801	0.0071303514395	0.8386316095449997	-1.0814348527923094	0.140125
5	2670	z[3,12]	sub-10581	latent_z_preference_friend	0.142902853	-0.4579654696888962	0.2784832157517032	-0.87894843922	-0.4668044252	-0.012780913779000013	2.1576464530079003	0.97559375
5	2670	z[4,12]	sub-10581	latent_z_preference_stranger	0.01184300165	-0.1580493073436185	0.6865829779267018	-1.4589297995	-0.04384116815	0.75033167312	0.247446141916667	0.533125
5	2670	z[1,13]	sub-10584	latent_z_alpha	-0.4318570727	0.03164806663540225	0.8192988182745089	-1.29315290875	0.015097495405000001	1.3730828519499996	-0.5657339288143625	0.28909375
5	2670	z[2,13]	sub-10584	latent_z_kappa	-0.3011167558	0.021747082823621335	0.6646250783848439	-1.14338260405	0.069220458785	1.0191398141999999	-0.4857834125191866	0.2868125
5	2670	z[3,13]	sub-10584	latent_z_preference_friend	-2.053573171	-1.829435675689682	0.5108401076875551	-2.7251136561	-1.78582855	-1.09883549415	-0.43876252458901926	0.3
5	2670	z[4,13]	sub-10584	latent_z_preference_stranger	1.331606728	1.319837845265195	0.6883337063839561	0.10264957970500001	1.3716421790000002	2.3484535466999996	0.017097641195911544	0.4725
5	2670	z[1,14]	sub-10585	latent_z_alpha	0.1311278021	0.4128115584952418	0.7454214750323495	-0.795424111625	0.40201130465	1.6643950738	-0.3778852177327161	0.35165625
5	2670	z[2,14]	sub-10585	latent_z_kappa	-0.519421356	-0.6072150271427896	0.6751578187635214	-1.74092436075	-0.59271737415	0.47711833715999996	0.13003429524607196	0.54434375
5	2670	z[3,14]	sub-10585	latent_z_preference_friend	0.4039966045	0.3793454873030337	0.7063540248208571	-0.6237981550849999	0.29761948995	1.6585700449	0.034899096388978965	0.55884375
5	2670	z[4,14]	sub-10585	latent_z_preference_stranger	-0.5229640359	0.03299217689244813	0.8903435904093983	-1.4304100894	0.033131423625	1.49092118205	-0.6244288371153524	0.26378125
5	2670	z[1,15]	sub-10589	latent_z_alpha	0.7204254955	0.39927804620543417	0.7267130444784986	-0.82249118959	0.41520175025	1.5713199714499995	0.4419178267606667	0.66784375
5	2670	z[2,15]	sub-10589	latent_z_kappa	0.06315094412	-0.4643473656977169	0.6866972915176313	-1.63456104785	-0.44248062590000004	0.6259083714849999	0.7681671623488165	0.771125
5	2670	z[3,15]	sub-10589	latent_z_preference_friend	0.4271187337	0.19880055190115603	0.6440919728395077	-0.6790714732099999	0.1064166045	1.3938786925499997	0.3544807130452088	0.6833125
5	2670	z[4,15]	sub-10589	latent_z_preference_stranger	-1.204037927	-0.40016849982152036	0.8562706315157559	-1.8097212856	-0.3970242493	1.01427092745	-0.9388029877370468	0.1714375
5	2670	z[1,16]	sub-10590	latent_z_alpha	0.2548318729	-0.5635589797424323	0.5982443217520739	-1.64157403085	-0.5048184946000001	0.30690137047999977	1.3679876647146718	0.93828125
5	2670	z[2,16]	sub-10590	latent_z_kappa	1.194184876	0.8640417231028384	0.5557859051905294	-0.16498479938999996	0.9375888908000001	1.6409064294999998	0.5940113806664186	0.69809375
5	2670	z[3,16]	sub-10590	latent_z_preference_friend	-0.3202435676	-0.1642864484926813	0.21620991207600798	-0.51608870322	-0.16608349114999998	0.19484791172	-0.721322707223952	0.224375
5	2670	z[4,16]	sub-10590	latent_z_preference_stranger	0.2159386747	0.16482533519451606	0.4572199659576822	-0.6995714347900001	0.2396166637	0.7607964892599999	0.111791573665037	0.4755625
5	2670	z[1,17]	sub-10596	latent_z_alpha	0.5063706483	0.055931107702803386	0.8230883920066608	-1.2837036951999998	0.054924151045	1.40841952325	0.5472553676756887	0.7085625
5	2670	z[2,17]	sub-10596	latent_z_kappa	0.02131411817	-0.13842402094105563	0.7013455788969368	-1.2991874824999998	-0.13212011845	1.0050497265	0.22775952956356948	0.58821875
5	2670	z[3,17]	sub-10596	latent_z_preference_friend	0.8863710253	0.8750878907437761	0.6532188596270642	-0.08877216668900001	0.81579295205	2.04352147995	0.01727313042165629	0.543375
5	2670	z[4,17]	sub-10596	latent_z_preference_stranger	0.7684060658	0.41583662420556433	0.8506061791355887	-0.988188719145	0.41827578155	1.8018464352999999	0.41449198259143527	0.66196875
5	2670	z[1,18]	sub-10603	latent_z_alpha	0.04878082408	-0.34722563277425533	0.5628705342296748	-1.3328145037	-0.31387483005	0.5038883610499999	0.7035480324018313	0.7618125
5	2670	z[2,18]	sub-10603	latent_z_kappa	0.2571695495	-0.0014650674762507513	0.5543115552265543	-0.992872288735	0.048017373015	0.8179626917649999	0.46658709265143034	0.6575625
5	2670	z[3,18]	sub-10603	latent_z_preference_friend	-0.741192882	-0.8696601648898376	0.2568145732519161	-1.31093502165	-0.8519979765	-0.48836427687500006	0.5002336170534242	0.68703125
5	2670	z[4,18]	sub-10603	latent_z_preference_stranger	-0.1980644472	-0.5947950892472711	0.6921769849870651	-1.8612460943	-0.51361178825	0.39553564444	0.5731635848231574	0.6905
5	2670	z[1,19]	sub-10606	latent_z_alpha	-0.25507116	0.04732413972981099	0.7916278585143836	-1.2671287082	0.050562267470000005	1.3443774942	-0.38199173573464706	0.34878125
5	2670	z[2,19]	sub-10606	latent_z_kappa	-0.8647051627	-0.3117651637796931	0.7063118738265117	-1.4727348343	-0.31706453595	0.8559182070949999	-0.7828553071389015	0.21346875
5	2670	z[3,19]	sub-10606	latent_z_preference_friend	1.852390395	1.6550333248982305	0.7019725443130247	0.5538452594950001	1.6269220765	2.8602563153999996	0.2811464233190347	0.6229375
5	2670	z[4,19]	sub-10606	latent_z_preference_stranger	2.442542037	0.41054782622218977	0.9257481697551908	-1.099467717	0.4060985841	1.9355793175999996	2.194975131644236	0.98490625
5	2670	z[1,20]	sub-10608	latent_z_alpha	-1.29648609	-0.6912989825455306	0.7755666872978086	-2.01998874245	-0.6475633769	0.4963890847849998	-0.7803160158451784	0.2216875
5	2670	z[2,20]	sub-10608	latent_z_kappa	1.182894559	1.3009383676805482	0.7393495492124845	0.013240007299500011	1.337794597	2.45557931015	-0.15965899865129035	0.4198125
5	2670	z[3,20]	sub-10608	latent_z_preference_friend	0.4500184374	0.42283407550178626	0.4061226788521855	-0.18669522571	0.39143701955	1.1397150675499998	0.06693633060592494	0.5573125
5	2670	z[4,20]	sub-10608	latent_z_preference_stranger	-1.090545764	-0.8276474044275823	0.6601710440062996	-1.99511439095	-0.7804502313499999	0.16489926968499985	-0.3982276441223451	0.32396875
5	2670	z[1,21]	sub-10617	latent_z_alpha	0.04870005759	0.5633772470923241	0.800249194063772	-0.765554261965	0.57053082825	1.8649613641	-0.643146151624002	0.2565
5	2670	z[2,21]	sub-10617	latent_z_kappa	-1.079230727	-0.7016325281969534	0.7551586470576332	-1.9660269825499999	-0.6924359766	0.5213916535949998	-0.5000249951110318	0.30121875
5	2670	z[3,21]	sub-10617	latent_z_preference_friend	-0.5707706807	-0.11215590357880685	0.7646865892798834	-1.19527366255	-0.2072495858	1.2830950994499999	-0.5997421473718761	0.29584375
5	2670	z[4,21]	sub-10617	latent_z_preference_stranger	0.2284055708	0.11984434149995371	0.9243011715976968	-1.4268338589	0.13286261435000002	1.6152344593999999	0.11745222513609202	0.54096875
5	2670	z[1,22]	sub-10636	latent_z_alpha	-0.1112827708	0.049410767217777755	0.73411388476699	-1.1594519174	0.04820941401	1.2613054892	-0.21889456302652874	0.413
5	2670	z[2,22]	sub-10636	latent_z_kappa	-0.6199723754	-0.4618800482968587	0.6524038911727772	-1.5414192654	-0.46062041535	0.5961237930299998	-0.2423227838493586	0.40109375
5	2670	z[3,22]	sub-10636	latent_z_preference_friend	1.665085076	1.359546488483767	0.6875138782245295	0.29571936682	1.3211149519999998	2.54242556975	0.4444107925577755	0.68475
5	2670	z[4,22]	sub-10636	latent_z_preference_stranger	0.8244985988	0.38851482213281463	0.9054115256475923	-1.0947833896999999	0.38652417035	1.8851258843999998	0.48153106550675895	0.68409375
5	2670	z[1,23]	sub-10638	latent_z_alpha	-0.1341931356	-0.021388717912149417	0.7303310454094196	-1.2331846831	-0.014945500385000001	1.1704144872	-0.15445655555367094	0.43225
5	2670	z[2,23]	sub-10638	latent_z_kappa	-0.08255589921	-0.3325061059437847	0.6552019128396894	-1.4277214717	-0.32146694335000003	0.7212563074149999	0.38148577077634527	0.64859375
5	2670	z[3,23]	sub-10638	latent_z_preference_friend	1.471254512	1.7342129878304016	0.693768908383961	0.656048993055	1.7041283995	2.9287793341999997	-0.3790289138827611	0.3676875
5	2670	z[4,23]	sub-10638	latent_z_preference_stranger	-0.2977387276	0.4962479176507022	0.9245688441426378	-1.01214564095	0.4900278404	2.0141138042	-0.8587642232169029	0.19734375
5	2670	z[1,24]	sub-10640	latent_z_alpha	0.2332722838	0.4407497731520318	0.5386642533944621	-0.5317083179650001	0.4879439438	1.2181069848	-0.38517033206600526	0.294875
5	2670	z[2,24]	sub-10640	latent_z_kappa	0.7397743825	1.1332172640749745	0.5585479602079931	0.0929712899735	1.2069652515	1.8998395855999999	-0.7044030407495597	0.2019375
5	2670	z[3,24]	sub-10640	latent_z_preference_friend	-1.020550781	-0.8814960965449272	0.32214706747324967	-1.41692179355	-0.87425353185	-0.367825705105	-0.4316496982131294	0.3169375
5	2670	z[4,24]	sub-10640	latent_z_preference_stranger	-0.5490900501	-0.2828938825641443	0.6180496493344385	-1.4025346396	-0.21257657084999998	0.6024685505299996	-0.430703532996929	0.29675
5	2670	z[1,25]	sub-10641	latent_z_alpha	1.171363032	-0.00556886994714695	0.857640176831757	-1.4015024873	-0.01919295498	1.4408096032	1.3722910070455168	0.9105625
5	2670	z[2,25]	sub-10641	latent_z_kappa	1.585630788	0.5787471976679855	0.7969723070238408	-0.761413869245	0.6018302814000001	1.86138167855	1.2633859187555114	0.89965625
5	2670	z[3,25]	sub-10641	latent_z_preference_friend	0.1202736414	-0.07293209838129747	0.4081980709891681	-0.71255901043	-0.08801664652499999	0.6220959966899997	0.47331370114785365	0.699625
5	2670	z[4,25]	sub-10641	latent_z_preference_stranger	-1.200177766	-1.4635476917780248	0.7271157590931349	-2.70109486105	-1.4351199305	-0.31491917835500005	0.3622118245745384	0.63078125
5	2670	z[1,26]	sub-10642	latent_z_alpha	-1.158975931	-1.4228455795401578	0.5991969974321318	-2.46868908735	-1.3918202885	-0.4937957145550002	0.44037211413103744	0.655625
5	2670	z[2,26]	sub-10642	latent_z_kappa	0.9894873026	0.8320351606021278	0.599465321106998	-0.22372355124499999	0.8750286	1.74405594495	0.2626542961769905	0.5769375
5	2670	z[3,26]	sub-10642	latent_z_preference_friend	0.5344773365	0.5233323342570125	0.374739847482017	-0.029341677129999997	0.4933337434	1.1873002138499997	0.029740638253107708	0.54740625
5	2670	z[4,26]	sub-10642	latent_z_preference_stranger	-1.177022291	-0.6858351304862113	0.6213355663880189	-1.7886564043	-0.62358687455	0.222132824885	-0.7905344343462974	0.20971875
5	2670	z[1,27]	sub-10644	latent_z_alpha	-0.1185509772	-0.6347907707190116	0.6683587079269837	-1.82236685205	-0.57630036145	0.35409757696499977	0.7723992930685498	0.76703125
5	2670	z[2,27]	sub-10644	latent_z_kappa	1.514281916	0.9776238481232432	0.6291627242069991	-0.15350449794999999	1.039858151	1.8979512344999998	0.8529718103582252	0.79846875
5	2670	z[3,27]	sub-10644	latent_z_preference_friend	0.1959813883	0.3430410453718518	0.35506963700500344	-0.185191086915	0.31270106015	0.9716355673799998	-0.4141713110484283	0.359625
5	2670	z[4,27]	sub-10644	latent_z_preference_stranger	-0.3937345608	-0.9801885792705464	0.6269363318751123	-2.0930718261499996	-0.93443904935	-0.038820545101000206	0.9354283499833438	0.8211875
5	2670	z[1,28]	sub-10647	latent_z_alpha	-1.63287086	-1.4853480760091915	0.5339407254567952	-2.42478073835	-1.444215592	-0.69561786687	-0.27629056364749144	0.36309375
5	2670	z[2,28]	sub-10647	latent_z_kappa	1.2929756	0.710904922240771	0.5357417370955591	-0.237146568035	0.7542664646499999	1.5100061371	1.0864762579724236	0.8669375
5	2670	z[3,28]	sub-10647	latent_z_preference_friend	-0.08128221992	-0.2735493835168873	0.3144831173802098	-0.7988344228350001	-0.27069373750000003	0.2308901790199998	0.6113751517046827	0.73546875
5	2670	z[4,28]	sub-10647	latent_z_preference_stranger	0.5717388668	0.33616547555769044	0.40925205330304903	-0.40254736604999997	0.37982399595	0.9151424163999999	0.5756193263809202	0.7125
5	2670	z[1,29]	sub-10649	latent_z_alpha	-1.174177914	-0.0913918725914949	0.8142280715429104	-1.40843517845	-0.11212690135	1.2711797972999999	-1.3298313817118763	0.08915625
5	2670	z[2,29]	sub-10649	latent_z_kappa	-1.353823222	-0.6428989372357821	0.687403617088302	-1.74622649575	-0.65765442435	0.51012211734	-1.0342166772056633	0.14565625
5	2670	z[3,29]	sub-10649	latent_z_preference_friend	0.1690071385	1.453196785950067	0.7413169908207645	0.29075557234	1.421044489	2.7178308343499995	-1.7323083962074708	0.0319375
5	2670	z[4,29]	sub-10649	latent_z_preference_stranger	2.39392475	1.0254754147919358	0.928243443070476	-0.50831133996	1.025973589	2.5423913193999996	1.474235390967546	0.93046875
5	2670	z[1,30]	sub-10652	latent_z_alpha	0.6773010964	0.7668003519456976	0.779314155845859	-0.5499698991449999	0.7945368985	2.0145577428499997	-0.11484361585676074	0.441875
5	2670	z[2,30]	sub-10652	latent_z_kappa	-0.6768476169	-0.3973570051062302	0.7749928168414053	-1.70690733985	-0.37072661895000003	0.8467370628099998	-0.3606363900672963	0.35184375
5	2670	z[3,30]	sub-10652	latent_z_preference_friend	-0.5278989359	-0.08181225440184528	0.6694281238615305	-0.9948884345850001	-0.18118477440000003	1.1617022291499999	-0.6663697947509996	0.2671875
5	2670	z[4,30]	sub-10652	latent_z_preference_stranger	1.837831594	-0.3372908437417774	0.8815182155190722	-1.79168527265	-0.33639852189999997	1.1148445411999997	2.467473047577333	0.9916875
5	2670	z[1,31]	sub-10656	latent_z_alpha	-1.954323382	-1.3818838331511067	0.6609418597963672	-2.508495099	-1.3632430420000001	-0.34164895458	-0.8660966775886445	0.1918125
5	2670	z[2,31]	sub-10656	latent_z_kappa	0.5277295304	0.9943009859873161	0.5588144748602554	-0.008902618885149994	1.0490153915	1.8106937972	-0.8349308698633713	0.19234375
5	2670	z[3,31]	sub-10656	latent_z_preference_friend	-0.436541128	-0.12343085499229031	0.35522171379542633	-0.69282537718	-0.12947034405000002	0.46880240783999994	-0.8814502628857626	0.181625
5	2670	z[4,31]	sub-10656	latent_z_preference_stranger	0.6504497458	0.8867721648137579	0.2572110154033025	0.47542559221499997	0.8834627035	1.3042639869	-0.9187880956156108	0.16340625
5	2670	z[1,32]	sub-10657	latent_z_alpha	1.416862245	1.1845995819843398	0.7058865991693303	0.0331802171435	1.1765206925	2.35429174605	0.3290367932880168	0.64221875
5	2670	z[2,32]	sub-10657	latent_z_kappa	-1.891209619	-0.17739408287584923	1.1156974081239364	-2.0620827017	-0.12984504935000002	1.4939977972	-1.5360934995860211	0.0700625
5	2670	z[3,32]	sub-10657	latent_z_preference_friend	0.2984966237	-0.8291388920363406	0.7581460090577797	-1.8162975276	-0.9684690068499999	0.6630820535299997	1.4873592978979877	0.9095625
5	2670	z[4,32]	sub-10657	latent_z_preference_stranger	0.5903162895	0.4578156268750951	0.9325319669509596	-1.1933816768	0.5468577957	1.8624519366499996	0.14208699253295726	0.51825
5	2670	z[1,33]	sub-10661	latent_z_alpha	0.9027616579	0.38717246677953904	0.7672676647703791	-0.911577261355	0.40341853005	1.6343237989499995	0.6719808676868478	0.7525625
5	2670	z[2,33]	sub-10661	latent_z_kappa	0.4737153046	-0.32790025463972805	0.7066233592411212	-1.504405424	-0.3177775302	0.8188895648749998	1.1344311630181938	0.87440625
5	2670	z[3,33]	sub-10661	latent_z_preference_friend	1.497265519	1.2288768522740985	0.6618007878938994	0.20279265007500005	1.192014443	2.3799209411999995	0.4055429845890873	0.6753125
5	2670	z[4,33]	sub-10661	latent_z_preference_stranger	-1.140610312	-0.16124864262857608	0.904060616100226	-1.6378879817	-0.16903542385	1.33647331525	-1.0832920403014767	0.13921875
5	2670	z[1,34]	sub-10663	latent_z_alpha	-0.1927361092	0.2899603369330217	0.48558788956053867	-0.5109777419999999	0.296311389	1.058038955	-0.9940454787080177	0.14478125
5	2670	z[2,34]	sub-10663	latent_z_kappa	0.4294860858	1.1045354998092105	0.5118960701806264	0.18473507239	1.1765797555000002	1.78567660795	-1.3187235717027759	0.08825
5	2670	z[3,34]	sub-10663	latent_z_preference_friend	-0.9391691062	-0.8535682133109519	0.32632914486431813	-1.40768595695	-0.8364255317	-0.359458295505	-0.2623145809567193	0.36928125
5	2670	z[4,34]	sub-10663	latent_z_preference_stranger	0.6554846512	0.4962176921523575	0.4583893166204544	-0.29534290159	0.5383121873	1.1435199426	0.3474491077188766	0.6220625
5	2670	z[1,35]	sub-10668	latent_z_alpha	-0.04934791857	0.17453066044757562	0.7974608124240002	-1.1219099043499998	0.17181997225	1.5054467120999997	-0.2807392859055526	0.38778125
5	2670	z[2,35]	sub-10668	latent_z_kappa	-0.9985080657	-0.2865098756333001	0.7801954049489628	-1.6182739535	-0.26039188655	0.9401936284799997	-0.9125895712155289	0.18059375
5	2670	z[3,35]	sub-10668	latent_z_preference_friend	0.09179868749	-0.32588974619063693	0.6005105056539553	-1.1422788498	-0.41240479350000003	0.8012118269199999	0.6955555810397933	0.8055625
5	2670	z[4,35]	sub-10668	latent_z_preference_stranger	-2.037796343	-0.34817032705374384	0.8539077814933455	-1.79750292825	-0.3223301237	0.9999383299349999	-1.978698464360374	0.02928125
5	2670	z[1,36]	sub-10673	latent_z_alpha	1.43542064	0.9130232491997092	0.8669179104060942	-0.525913068885	0.9186529833499999	2.34375022295	0.6025915309046757	0.73115625
5	2670	z[2,36]	sub-10673	latent_z_kappa	-0.6319786002	-1.0542454372162933	0.8171876247513326	-2.4250028161	-1.043918559	0.25798418185999994	0.516731805801376	0.68825
5	2670	z[3,36]	sub-10673	latent_z_preference_friend	-0.01643497471	-0.7248860081990599	0.8636726176219287	-1.92415185865	-0.86859841215	0.8794666363549999	0.8202772891419642	0.8005
5	2670	z[4,36]	sub-10673	latent_z_preference_stranger	-2.555982802	-0.20388784327248816	0.9404297976873777	-1.75750210005	-0.19581630145	1.3316755700499996	-2.5010851043975606	0.00653125
5	2670	z[1,37]	sub-10674	latent_z_alpha	-1.856220908	-0.11510017251872105	0.7987199706181535	-1.4191086205999999	-0.11555175875	1.196583411	-2.1798888215274914	0.01465625
5	2670	z[2,37]	sub-10674	latent_z_kappa	-1.365546715	-0.33908475189692455	0.7034992552830279	-1.48945197905	-0.33761440600000003	0.8232213924149998	-1.459080383375978	0.07059375
5	2670	z[3,37]	sub-10674	latent_z_preference_friend	0.3820588537	1.9886872606802746	0.7162321723264798	0.85659104831	1.9643535265	3.2119560978	-2.2431670470227436	0.0079375
5	2670	z[4,37]	sub-10674	latent_z_preference_stranger	2.089187187	0.7400161050484242	0.9374905556461418	-0.792664391145	0.7341821184999999	2.2906431597999997	1.439130318514722	0.92271875
5	2670	z[1,38]	sub-10677	latent_z_alpha	0.8134744229	0.4922511747625646	0.7590452688650622	-0.758329209815	0.4986516719	1.7245950529999998	0.42319379530253065	0.66921875
5	2670	z[2,38]	sub-10677	latent_z_kappa	0.6142863488	0.09069142163237215	0.7695231583051018	-1.3087011726	0.17291358465	1.1984284258999998	0.6804147757175518	0.73546875
5	2670	z[3,38]	sub-10677	latent_z_preference_friend	-0.4664919793	-0.8986774262167095	0.42265796191245153	-1.5146992147	-0.9157216871	-0.2357300523800008	1.022541832552137	0.898875
5	2670	z[4,38]	sub-10677	latent_z_preference_stranger	-0.231979343	-0.5075055330464479	0.7675809596110311	-1.8562020770499998	-0.45280060050000004	0.6398644334649999	0.3589539143676385	0.61765625
5	2670	z[1,39]	sub-10685	latent_z_alpha	-0.7410442427	0.06117381523192006	0.5558685589177593	-1.0113131842	0.1538663232	0.7974784539599999	-1.4431794082647658	0.0866875
5	2670	z[2,39]	sub-10685	latent_z_kappa	0.8837873007	1.5707674425097236	0.5261823594425413	0.60484409915	1.63676977	2.3015970603500002	-1.3055932596021231	0.09775
5	2670	z[3,39]	sub-10685	latent_z_preference_friend	-0.3988712705	-0.007486651973870916	0.2809462228213804	-0.45180376186	-0.01591607454	0.46783423777499994	-1.393094431367255	0.07240625
5	2670	z[4,39]	sub-10685	latent_z_preference_stranger	0.3030892994	-0.11052822287167766	0.5173939822394827	-1.0454771787	-0.052992386115	0.6272751115599999	0.7994246869307987	0.79165625
5	2670	z[1,40]	sub-10690	latent_z_alpha	0.8024467975	0.6057554790219531	0.8247658886818066	-0.726457053115	0.5892188739499999	1.9888857199999999	0.23848139354115566	0.6030625
5	2670	z[2,40]	sub-10690	latent_z_kappa	-0.4606988844	-0.6508109883020233	0.8143572905305709	-2.0022216043	-0.6452766105	0.6829180829399999	0.2334504843422735	0.5891875
5	2670	z[3,40]	sub-10690	latent_z_preference_friend	-0.07530597031	-0.36533121998645435	0.77447192797886	-1.4289439487000002	-0.4890741754	1.1102922664	0.37448129389703444	0.6973125
5	2670	z[4,40]	sub-10690	latent_z_preference_stranger	0.6129031536	0.04516838615339129	0.9252712481803125	-1.5032083695	0.069657834825	1.5383259705999999	0.6135873870101833	0.72459375
5	2670	z[1,41]	sub-10691	latent_z_alpha	0.1305904443	-0.008565451135141369	0.7229171961287006	-1.1969219328	-0.0041233009475	1.1747558867999999	0.19249216394399823	0.5760625
5	2670	z[2,41]	sub-10691	latent_z_kappa	0.2292011541	-0.6599877959893412	0.638094223019159	-1.72432428185	-0.6505612813999999	0.372993203565	1.3935072878142059	0.92225
5	2670	z[3,41]	sub-10691	latent_z_preference_friend	0.7580549895	1.393722594562519	0.7134691822786755	0.28001685122000003	1.356084924	2.62456691985	-0.8909531355402426	0.1918125
5	2670	z[4,41]	sub-10691	latent_z_preference_stranger	1.49373681	0.7602000084953411	0.9238601542560011	-0.7652339553299999	0.7578761893	2.2846303871999996	0.7939911664394569	0.7868125
5	2670	z[1,42]	sub-10700	latent_z_alpha	0.02232268794	-0.23087588846585605	0.5636702706709522	-1.2600354174500001	-0.16556083685	0.5766799184549998	0.4491962581323773	0.64390625
5	2670	z[2,42]	sub-10700	latent_z_kappa	0.8344443943	0.9494868794691731	0.5501963077093661	-0.05801393158199999	1.0120404985	1.7424587555	-0.20909352454241262	0.3738125
5	2670	z[3,42]	sub-10700	latent_z_preference_friend	-0.4498229147	-0.42901694448788297	0.22542907872261525	-0.7931252976200001	-0.4313356701	-0.05648156955350005	-0.09229497068440878	0.46365625
5	2670	z[4,42]	sub-10700	latent_z_preference_stranger	-0.1415024543	-0.2054480498533353	0.5231484905947946	-1.1764546187	-0.1278310527	0.50562365228	0.12223220883354219	0.4888125
5	2670	z[1,43]	sub-10701	latent_z_alpha	0.1612195467	-0.5856909844620758	0.6031683071505287	-1.6047396176500002	-0.566025905	0.37134356306499994	1.2383119641856022	0.89984375
5	2670	z[2,43]	sub-10701	latent_z_kappa	1.411595807	0.4811538191350448	0.560814257354837	-0.5435987593649999	0.54464522875	1.2872913496	1.659091179766937	0.97675
5	2670	z[3,43]	sub-10701	latent_z_preference_friend	-0.5913006465	-1.0194924464527408	0.4231024985133827	-1.7973654567	-0.960076999	-0.441352334305	1.0120285308104773	0.86715625
5	2670	z[4,43]	sub-10701	latent_z_preference_stranger	0.6946466949	0.7254142497827286	0.4131277391472017	0.021578738098500003	0.7477702557	1.35049328125	-0.07447467687897337	0.4378125
5	2670	z[1,44]	sub-10713	latent_z_alpha	0.9374992449	0.12437015158409667	0.603988265743963	-0.91719049945	0.15690911375	1.0640304480499998	1.3462663754143152	0.92540625
5	2670	z[2,44]	sub-10713	latent_z_kappa	1.31202251	0.38666933119535984	0.5881196256624315	-0.6804110672	0.44815078155	1.2346764502499998	1.5734097935643008	0.965375
5	2670	z[3,44]	sub-10713	latent_z_preference_friend	-0.8447678717	-1.4043764592134937	0.37189079385687457	-2.0681022429	-1.3660225965000001	-0.86764035196	1.504765906436673	0.957375
5	2670	z[4,44]	sub-10713	latent_z_preference_stranger	-0.3748887576	-0.7477812877475207	0.7005157647900878	-1.9831917337999998	-0.6976483098999999	0.312847285695	0.5323114038115322	0.68365625
5	2670	z[1,45]	sub-10716	latent_z_alpha	-0.4415302203	0.9744269915000523	0.8230723646472896	-0.39588333295	0.980474243	2.3090614852999995	-1.7203313737873231	0.044375
5	2670	z[2,45]	sub-10716	latent_z_kappa	-1.518816807	-0.9473672854154926	0.8269218439549512	-2.3345501113	-0.9345337798	0.40362354493999986	-0.691056265790989	0.24271875
5	2670	z[3,45]	sub-10716	latent_z_preference_friend	-0.7375776834	-0.5740465965610786	0.8505198490795315	-1.7485577686	-0.7070180266	1.00492627845	-0.19227192289033773	0.48571875
5	2670	z[4,45]	sub-10716	latent_z_preference_stranger	1.423414355	0.062257190049487765	0.9475351212844099	-1.51583733295	0.077135824215	1.6024949087999996	1.4365242346958353	0.9268125
5	2670	z[1,46]	sub-10718	latent_z_alpha	-1.026821493	0.035125831074048666	0.6827076847083398	-1.0928070972	0.037566726635	1.1420922612	-1.555493438641641	0.05990625
5	2670	z[2,46]	sub-10718	latent_z_kappa	-0.8145882128	-0.3544195005356988	0.6252970027526672	-1.4035101499	-0.33760501985	0.6445486017650001	-0.7359202270897793	0.223375
5	2670	z[3,46]	sub-10718	latent_z_preference_friend	0.5081603582	1.5683992456798415	0.7125709568966465	0.452377285205	1.535502774	2.79530701925	-1.487906400363749	0.06034375
5	2670	z[4,46]	sub-10718	latent_z_preference_stranger	1.245916219	0.9509404227518876	0.9223263157895533	-0.580559923485	0.9466668105	2.4736356490499998	0.3198171744623806	0.62375
5	2670	z[1,47]	sub-10720	latent_z_alpha	-0.05924749018	0.42973231032416415	0.7076307181126125	-0.72196112637	0.42624863865	1.6005963696	-0.6910098558304075	0.235125
5	2670	z[2,47]	sub-10720	latent_z_kappa	0.4014709644	-0.13043549284210834	0.7480074643524494	-1.4464801351999999	-0.073535246735	0.9917273307949998	0.7110977932587614	0.7435625
5	2670	z[3,47]	sub-10720	latent_z_preference_friend	-0.7839253669	-0.4044947779096595	0.5705224142737416	-1.0825381226	-0.53675490905	0.7467849935900001	-0.6650581633560263	0.23725
5	2670	z[4,47]	sub-10720	latent_z_preference_stranger	0.7750446218	0.0037192879081836285	0.7772193224803621	-1.3479889688	0.06376497580500001	1.1710870784999998	0.99241656966307	0.85215625
5	2670	z[1,48]	sub-10723	latent_z_alpha	2.572031784	0.5166299143876231	0.8731962950264167	-0.81578966807	0.45259590780000003	2.0786892455999997	2.353882948564498	0.9825
5	2670	z[2,48]	sub-10723	latent_z_kappa	-0.2060959506	-0.7830580123756723	0.8192892230099688	-2.25834023615	-0.70352477355	0.4197587871899998	0.7042226915374086	0.741875
5	2670	z[3,48]	sub-10723	latent_z_preference_friend	-1.454040498	-1.2918399483760246	0.7366086185545972	-2.2711291952	-1.3932512085	0.2079854817249995	-0.22019909289447592	0.449125
5	2670	z[4,48]	sub-10723	latent_z_preference_stranger	-0.2468684935	-0.1940556801415154	0.887483953816198	-1.70930576555	-0.1548891466	1.1919084926499999	-0.05950847125898841	0.45940625
5	2670	z[1,49]	sub-10741	latent_z_alpha	0.04710737504	0.1918609548537106	0.7391057104558788	-1.021336497	0.19084674215	1.3962081900499999	-0.19584962985122506	0.419125
5	2670	z[2,49]	sub-10741	latent_z_kappa	-0.4308943194	-0.18211377831569087	0.7072334551502305	-1.43252779745	-0.12485794935	0.8727518409349999	-0.35176579851056844	0.33271875
5	2670	z[3,49]	sub-10741	latent_z_preference_friend	-1.329768643	-1.007756121164836	0.39696057962300435	-1.6304781247	-1.001191433	-0.4407618845800003	-0.8111952127361891	0.17209375
5	2670	z[4,49]	sub-10741	latent_z_preference_stranger	-0.7726190082	-0.7563226879737457	0.7764388376773163	-2.1082468044000002	-0.7128426367	0.424847650885	-0.020988543379674332	0.4683125
5	2670	z[1,50]	sub-10748	latent_z_alpha	0.8981238007	0.8985529570138345	0.6467477997788118	-0.15539179308999998	0.90028490925	1.94756697905	-0.0006635605316033967	0.4991875
5	2670	z[2,50]	sub-10748	latent_z_kappa	0.01712933544	-0.11993778936926965	0.7344887358267111	-1.3857192894500001	-0.082743073105	1.0234749792	0.1866156935068478	0.55384375
5	2670	z[3,50]	sub-10748	latent_z_preference_friend	-0.1752944914	0.10756056267820528	0.6421614490827597	-0.786071780025	0.021960343155	1.3018901831999994	-0.44047342686519914	0.367625
5	2670	z[4,50]	sub-10748	latent_z_preference_stranger	0.1004668578	-0.21278160187518422	0.8484037707768176	-1.61261327895	-0.20696883415	1.1776335939499998	0.3692209658478614	0.64615625
5	2670	z[1,51]	sub-10767	latent_z_alpha	-1.571224667	-1.4759463955181773	0.628498953425733	-2.5872902069999997	-1.4295838855	-0.5263564465300001	-0.15159654755587654	0.41390625
5	2670	z[2,51]	sub-10767	latent_z_kappa	1.236129176	1.195647026566968	0.574726662760057	0.15398422964500003	1.2554498564999999	2.02892978015	0.07043722182406	0.485125
5	2670	z[3,51]	sub-10767	latent_z_preference_friend	0.1784200976	0.7472176636113425	0.40689820751790573	0.14212145006500002	0.7149190222499999	1.4701707041	-1.3978866347950483	0.0641875
5	2670	z[4,51]	sub-10767	latent_z_preference_stranger	0.3644235163	-0.33293005720461394	0.6228825787194368	-1.46389076425	-0.263741595	0.5585773183699997	1.1195586412743788	0.88165625
5	2670	z[1,52]	sub-10770	latent_z_alpha	-0.4116397178	0.8785037451469663	0.8245983384635694	-0.464051165785	0.8599694298	2.26444003715	-1.5645719894983328	0.05646875
5	2670	z[2,52]	sub-10770	latent_z_kappa	-1.594821088	-1.2976889137632859	0.7166054492756548	-2.48808839255	-1.2896428355	-0.12028196459000015	-0.41463845207576283	0.334875
5	2670	z[3,52]	sub-10770	latent_z_preference_friend	-0.5051690239	-0.08858780740626736	0.858118135151439	-1.3991148200999999	-0.1420201478	1.3883851371	-0.4854590521154936	0.3329375
5	2670	z[4,52]	sub-10770	latent_z_preference_stranger	1.483728681	0.00898695634587025	0.9634059746914786	-1.5703978563	0.005744787140999999	1.6003879208499998	1.5307583338648088	0.93640625
5	2670	z[1,53]	sub-10777	latent_z_alpha	-1.455791486	-1.0585428904230205	0.7119709283372484	-2.3034433799999996	-1.015759943	0.032470441650499886	-0.557956202656648	0.2825625
5	2670	z[2,53]	sub-10777	latent_z_kappa	0.9999230474	1.183299429144933	0.6761057044363878	0.008469062395100018	1.2196254125000001	2.2281247402999997	-0.27122442621275966	0.37440625
5	2670	z[3,53]	sub-10777	latent_z_preference_friend	0.2214400912	0.530319716995425	0.4344368189182733	-0.127978411135	0.49666630425	1.2921334914	-0.7109886002860448	0.2445625
5	2670	z[4,53]	sub-10777	latent_z_preference_stranger	-0.2099307022	-0.4684875312212716	0.6521767138702618	-1.64198786465	-0.40278920505000004	0.48327436377	0.39645210189566293	0.6204375
5	2670	z[1,54]	sub-10781	latent_z_alpha	-1.163880764	-1.4356578477037856	0.5211874318236035	-2.3440122787999997	-1.4028981015	-0.635859959755	0.5214574778844032	0.68521875
5	2670	z[2,54]	sub-10781	latent_z_kappa	0.182916692	-0.07034852098321522	0.5435518400321718	-1.02320130865	-0.033494732784999995	0.7604850583699998	0.46594490963037655	0.6585
5	2670	z[3,54]	sub-10781	latent_z_preference_friend	-0.3460374019	-0.04862864860090569	0.30680296450745426	-0.5419247681	-0.05440467708	0.464673332745	-0.969380311486098	0.15084375
5	2670	z[4,54]	sub-10781	latent_z_preference_stranger	-0.9756514032	-1.2468901992240236	0.6471239392451521	-2.38029962135	-1.206579423	-0.25593357746000006	0.419145050236303	0.64134375
5	2670	z[1,55]	sub-10783	latent_z_alpha	-1.425789744	-1.2340552990241882	0.6088712372281034	-2.2888559656	-1.1987361875000002	-0.2958634947050001	-0.3149014656180609	0.35715625
5	2670	z[2,55]	sub-10783	latent_z_kappa	0.08720035318	0.7928257907847975	0.533240512231025	-0.15921131747999998	0.84326422945	1.5743227353999998	-1.323277998238602	0.10196875
5	2670	z[3,55]	sub-10783	latent_z_preference_friend	-0.7177167211	-0.2581239103970133	0.2908387362317226	-0.725963372415	-0.26144193439999996	0.22110636163999997	-1.580232456851315	0.05321875
5	2670	z[4,55]	sub-10783	latent_z_preference_stranger	-0.5055555467	0.2080980761740064	0.42612066464719095	-0.5767201265899999	0.26428433355000003	0.7982543181599998	-1.6747688673227807	0.06246875
5	2670	z[1,56]	sub-10785	latent_z_alpha	-1.020545087	-0.45203116847611857	0.6863953507864962	-1.54788982305	-0.47074711135	0.7120297030999999	-0.8282601533831164	0.19403125
5	2670	z[2,56]	sub-10785	latent_z_kappa	-0.9864684784	-0.18496513387767985	0.5997681504838813	-1.24398248285	-0.13744479765	0.7134359177749997	-1.3363552964185956	0.0995
5	2670	z[3,56]	sub-10785	latent_z_preference_friend	-1.625551324	-1.4576711666295512	0.48013435630774154	-2.3163248355	-1.404931308	-0.7669603485800001	-0.3496524569944462	0.32884375
5	2670	z[4,56]	sub-10785	latent_z_preference_stranger	0.1518455767	0.16786769215344266	0.671380507313959	-1.0808177158	0.26756856110000005	1.0901085432999997	-0.023864433475352886	0.430125
5	2670	z[1,57]	sub-10794	latent_z_alpha	0.0804106296	0.15643265835011577	0.746049614488896	-0.994880858445	0.11790439894999999	1.452010445099999	-0.10189942769717397	0.47775
5	2670	z[2,57]	sub-10794	latent_z_kappa	0.06140814622	-0.25306169067345524	0.6828148271928953	-1.4787092767499999	-0.18302311599999999	0.7243017088599997	0.4605492212087209	0.6489375
5	2670	z[3,57]	sub-10794	latent_z_preference_friend	-1.13475471	-1.198685801332138	0.4229346857386952	-1.8804189300999998	-1.180369716	-0.6358773884850001	0.15116067205619793	0.55378125
5	2670	z[4,57]	sub-10794	latent_z_preference_stranger	-1.155497795	-0.5087924210700054	0.7747744334168383	-1.86561350485	-0.4482777029	0.652781121125	-0.8347014899264998	0.19790625
5	2670	z[1,58]	sub-10800	latent_z_alpha	-0.7438212257	0.814776283678399	0.7762376768791756	-0.45846745918000004	0.81841912615	2.0733253041	-2.007886960144297	0.02459375
5	2670	z[2,58]	sub-10800	latent_z_kappa	-1.025873936	-0.689463161597035	0.7387791435846942	-1.9049239859	-0.6848783273500001	0.5205265446199999	-0.4553604109215064	0.321375
5	2670	z[3,58]	sub-10800	latent_z_preference_friend	-0.4979210934	0.4290929331839136	0.7870589318520074	-0.758372856785	0.37313013404999995	1.8077789597499998	-1.177820349999182	0.113
5	2670	z[4,58]	sub-10800	latent_z_preference_stranger	1.656682659	0.7218521196898826	0.9705827943521268	-0.8919798232649999	0.7302686261	2.2889654257000003	0.9631641367948682	0.8325625
5	2670	z[1,59]	sub-10801	latent_z_alpha	-0.6121912789	0.19360604847513307	0.7218685258986017	-1.08242025005	0.2578199363	1.2760952964499994	-1.1162660491009142	0.13875
5	2670	z[2,59]	sub-10801	latent_z_kappa	-0.7086445713	-0.24945125599688486	0.6675267880867749	-1.39438950315	-0.2187578437	0.7892233972199999	-0.6879024535018697	0.23975
5	2670	z[3,59]	sub-10801	latent_z_preference_friend	0.1475010906	1.1556109845328129	0.677500051339118	0.12946955100000002	1.1070669285	2.3534334902	-1.4879849705401873	0.0541875
5	2670	z[4,59]	sub-10801	latent_z_preference_stranger	1.769842128	0.4700397658721775	0.8867162729607527	-0.988027937745	0.47141787069999996	1.9258717681	1.4658605032563257	0.9295
5	2670	z[1,60]	sub-10802	latent_z_alpha	0.4693650168	0.26372443117331096	0.7827787188263235	-0.954450178335	0.22183160159999998	1.6269974416499997	0.26270589718512116	0.63140625
5	2670	z[2,60]	sub-10802	latent_z_kappa	-1.414619525	-0.4414621538722629	0.7213408495253486	-1.73006056545	-0.3761275597	0.6221337381549994	-1.3490950523155412	0.097875
5	2670	z[3,60]	sub-10802	latent_z_preference_friend	1.198531483	-0.8616852603077075	0.5304695759479882	-1.5666937658	-0.9224620495	0.14295296283499973	3.883760420427408	0.993
5	2670	z[4,60]	sub-10802	latent_z_preference_stranger	-1.762521493	-0.22317783900839117	0.8323344172076265	-1.6825225201	-0.162890073	1.0200307756999996	-1.849429294484669	0.041875
5	2670	z[1,61]	sub-10803	latent_z_alpha	1.473314919	0.9632730749221493	0.9026681298305657	-0.54665984718	0.98912400255	2.41062535975	0.5650380546542475	0.7088125
5	2670	z[2,61]	sub-10803	latent_z_kappa	-2.079666967	-1.0524127322032308	0.8331821137782434	-2.438474218	-1.0449047464999999	0.29943073827999994	-1.2329288132920475	0.11059375
5	2670	z[3,61]	sub-10803	latent_z_preference_friend	0.6902122576	-0.5397689782227783	0.9162931569107411	-1.8779831954	-0.6384345105	1.09205377765	1.3423446705305848	0.89721875
5	2670	z[4,61]	sub-10803	latent_z_preference_stranger	0.1694641861	0.26123574258598814	0.9910124619350248	-1.390556947	0.2732586974	1.86767034935	-0.09260383699595202	0.4593125
5	2670	z[1,62]	sub-10804	latent_z_alpha	0.01499633747	0.44601074877488667	0.6064297124111253	-0.590247035345	0.4692420296	1.3984608457999999	-0.7107409193246835	0.217625
5	2670	z[2,62]	sub-10804	latent_z_kappa	-0.6548772878	-0.25368719174183324	0.6464802026856327	-1.3799447592	-0.21289066335	0.7405498700099999	-0.6205759965912763	0.25521875
5	2670	z[3,62]	sub-10804	latent_z_preference_friend	0.8742755883	0.512029225102909	0.6629631721850282	-0.431258388095	0.43577632705	1.7155589060999998	0.5464049564068253	0.73146875
5	2670	z[4,62]	sub-10804	latent_z_preference_stranger	0.2204867316	0.18587776310699716	0.84985948570844	-1.2325442719500002	0.19434133165	1.5637466161999998	0.04072316550559288	0.512875
5	2670	z[1,63]	sub-10806	latent_z_alpha	-1.810972774	-1.2622159161911755	0.616638559106665	-2.32084556405	-1.235254634	-0.30862314679999997	-0.8899165478782547	0.18178125
5	2670	z[2,63]	sub-10806	latent_z_kappa	0.1038445381	0.7948340422254085	0.5476438649311068	-0.188442981145	0.84697570015	1.5977842298	-1.2617497398831163	0.111375
5	2670	z[3,63]	sub-10806	latent_z_preference_friend	-0.4988602172	-0.12241226631795242	0.258872320201345	-0.532794159375	-0.1276216871	0.3079519144949999	-1.4541838640348066	0.0645
5	2670	z[4,63]	sub-10806	latent_z_preference_stranger	0.3887045393	0.6815889711408326	0.2826174861915119	0.230282724785	0.6904281758	1.106920543	-1.0363280623137503	0.11921875
5	2670	z[1,64]	sub-10807	latent_z_alpha	0.9482239594	0.47588514131302034	0.7232573329905448	-0.7844721205499999	0.51477971505	1.5833566371999999	0.6530715922836756	0.744375
5	2670	z[2,64]	sub-10807	latent_z_kappa	0.4683493321	-0.0226782406398601	0.6979996124630476	-1.2224343470499999	0.017291963835	1.05434314165	0.7034782884866649	0.75340625
5	2670	z[3,64]	sub-10807	latent_z_preference_friend	0.5310201952	1.2621273584929453	0.6441108606709413	0.27524949942500004	1.222712063	2.3894040377	-1.135064175957822	0.12053125
5	2670	z[4,64]	sub-10807	latent_z_preference_stranger	0.298175583	-0.04187371393853947	0.8954311346635869	-1.5023917807	-0.049923226175	1.44764560455	0.3797604123585627	0.65065625
5	2670	z[1,65]	sub-10809	latent_z_alpha	-0.4343491602	-0.40981417950693566	0.5744628360750212	-1.4409101094999999	-0.3637854946	0.44683677391999993	-0.04270943071043189	0.447
5	2670	z[2,65]	sub-10809	latent_z_kappa	0.5365958113	0.872911321813809	0.5545741706215739	-0.165986434475	0.9511778128	1.64166197855	-0.6064391894358554	0.24065625
5	2670	z[3,65]	sub-10809	latent_z_preference_friend	-0.786434141	-0.6517071756721354	0.30038216636042936	-1.17546073075	-0.6331768653500001	-0.1898815043	-0.4485185221222664	0.30240625
5	2670	z[4,65]	sub-10809	latent_z_preference_stranger	-0.0528801848	0.32793823696431856	0.49725995823523966	-0.61228491994	0.4129285082	0.97551403804	-0.7658336760430731	0.18284375
5	2670	z[1,66]	sub-10810	latent_z_alpha	-0.9121234408	0.13330197590781825	0.7235637304801907	-1.0955264954	0.16427594455	1.2693415997999997	-1.4448283857650315	0.07840625
5	2670	z[2,66]	sub-10810	latent_z_kappa	-1.162711762	-0.2922691865285124	0.6651799648163513	-1.4136858125499998	-0.2707211134	0.7621407610949998	-1.3085820702850046	0.100625
5	2670	z[3,66]	sub-10810	latent_z_preference_friend	1.726336482	1.3663087751317111	0.6628210053761697	0.341918034685	1.3311430465	2.5135394111	0.543174860102635	0.71965625
5	2670	z[4,66]	sub-10810	latent_z_preference_stranger	-0.08728711361	0.08617057077438096	0.8982226658918507	-1.3774862769	0.080240360505	1.5736060695999998	-0.19311212127134844	0.42634375
5	2670	z[1,67]	sub-10812	latent_z_alpha	-0.08496191359	0.23786824787045777	0.6093509738571037	-0.795318393335	0.25740790885	1.2054844448	-0.529793461093513	0.2781875
5	2670	z[2,67]	sub-10812	latent_z_kappa	-0.4648631635	-0.08207083629803767	0.6382628662198042	-1.2343354569499998	-0.03064706822	0.8654030036899998	-0.5997408708250571	0.25603125
5	2670	z[3,67]	sub-10812	latent_z_preference_friend	0.2705486904	0.062012416092213925	0.5024448376689437	-0.61661528047	-0.01431010514	1.0000224357	0.41504312249534697	0.71615625
5	2670	z[4,67]	sub-10812	latent_z_preference_stranger	-0.01256051213	-0.4855817469297259	0.7695688423737506	-1.7876878725999998	-0.4583371901	0.7244722252249999	0.6146574663037063	0.727125
5	2670	z[1,68]	sub-10817	latent_z_alpha	0.5370606281	-0.17430435868892336	0.9043247613730547	-1.52866417635	-0.26085905945	1.4551186007499999	0.7866255765338587	0.7855
5	2670	z[2,68]	sub-10817	latent_z_kappa	1.10336455	0.026852656607726833	0.7117691262488842	-1.13257695835	0.018784228884999997	1.2280658313999995	1.5124453333142318	0.93084375
5	2670	z[3,68]	sub-10817	latent_z_preference_friend	-0.2166983654	-0.23198112964497988	0.353865972626807	-0.759209398125	-0.2569213641	0.38523288432999986	0.04318800174973968	0.55134375
5	2670	z[4,68]	sub-10817	latent_z_preference_stranger	-0.3087343787	-0.8502865532794756	0.7298165324140264	-2.12580896925	-0.8038890328499999	0.2512797912649999	0.7420387871841905	0.75796875
5	2670	z[1,69]	sub-10827	latent_z_alpha	-0.7314327451	-0.06341330862621292	0.8279634356957077	-1.32984079345	-0.12173735535	1.4190189982999994	-0.806822388131759	0.2025625
5	2670	z[2,69]	sub-10827	latent_z_kappa	0.02065671398	-0.4488674427750521	0.6992997986503325	-1.67743644865	-0.39979801565	0.6089810662249997	0.6714204089022282	0.73821875
5	2670	z[3,69]	sub-10827	latent_z_preference_friend	-0.8163241511	-0.726547848228131	0.48275126854123884	-1.3969686106499999	-0.76478127825	0.10571734775999982	-0.18596803099689813	0.43896875
5	2670	z[4,69]	sub-10827	latent_z_preference_stranger	-0.492251444	-0.7727069590647305	0.817054634118993	-2.1602884640499997	-0.746377396	0.4947564046299999	0.3432518504311989	0.62671875
5	2670	z[1,70]	sub-10831	latent_z_alpha	0.3206601692	0.44232620979667503	0.7737595824338338	-0.76136343001	0.40087144555	1.7868957563999999	-0.1572401083731703	0.45565625
5	2670	z[2,70]	sub-10831	latent_z_kappa	-1.361692968	-0.9754009025947806	0.665036865117041	-2.0817621327499998	-0.9646617266499999	0.10011964785499995	-0.5808581233120591	0.2744375
5	2670	z[3,70]	sub-10831	latent_z_preference_friend	-1.052735028	0.10529274889332825	0.7721209632373386	-0.9990706015399999	0.024152542915	1.4852850392499999	-1.499800979419034	0.04015625
5	2670	z[4,70]	sub-10831	latent_z_preference_stranger	0.6026456605	0.23290485710412828	0.910972108376946	-1.28736907315	0.2500706928	1.7060929249999999	0.4058749988016963	0.65284375
5	2670	z[1,71]	sub-10834	latent_z_alpha	0.2146471427	0.20121225448595897	0.6915842442763093	-0.9369475214999999	0.20658845055	1.3337262873999998	0.019426249694423865	0.50496875
5	2670	z[2,71]	sub-10834	latent_z_kappa	0.06177917934	-0.2775549315798415	0.6454429812615505	-1.3595722337499998	-0.26145319505	0.7576574052549997	0.5257383235566309	0.6980625
5	2670	z[3,71]	sub-10834	latent_z_preference_friend	2.011111599	1.4702048936963612	0.7024070179275076	0.370398552855	1.4372859685	2.67244516685	0.770075884064506	0.78225
5	2670	z[4,71]	sub-10834	latent_z_preference_stranger	-0.4593065456	0.7730800754241762	0.9121185948459917	-0.7220991894300001	0.7805496029500001	2.2698358373999996	-1.3511254216150048	0.08771875
5	2670	z[1,72]	sub-10836	latent_z_alpha	0.9205031419	0.8310389942892185	0.8567249192084122	-0.57365694459	0.82343665625	2.2528576785999994	0.10442575627827394	0.54665625
5	2670	z[2,72]	sub-10836	latent_z_kappa	-0.6879747287	-0.8152015002009166	0.8941719842301423	-2.29222727305	-0.8133217784	0.6425568081249998	0.14228445281749175	0.5543125
5	2670	z[3,72]	sub-10836	latent_z_preference_friend	-0.5817829367	-0.7091217952395268	0.8595428784103538	-1.9108781351	-0.84971569945	0.9013356287749997	0.14814718583327496	0.62178125
5	2670	z[4,72]	sub-10836	latent_z_preference_stranger	0.8349179647	0.0037486104917468445	0.9446907511997705	-1.5892501606	0.02449114895	1.5233524113999999	0.879832212978328	0.81253125
5	2670	z[1,73]	sub-10838	latent_z_alpha	1.76580977	1.0426977178462706	0.8890586210426732	-0.415764149885	1.047102502	2.5019894320499994	0.8133457513810232	0.79053125
5	2670	z[2,73]	sub-10838	latent_z_kappa	-0.7411289577	-1.0232751558029782	0.872818659064765	-2.4969925945999996	-1.0055044825000001	0.37586116807	0.3232586691092295	0.6165625
5	2670	z[3,73]	sub-10838	latent_z_preference_friend	-0.6959917501	-0.9841164503995788	0.9219859660916216	-2.26983602195	-1.1383462595	0.7432223071949999	0.3125044316248808	0.6753125
5	2670	z[4,73]	sub-10838	latent_z_preference_stranger	-0.4159911187	-0.06574748811638322	0.9590978701874072	-1.6727428918	-0.047933245845	1.4760872027499998	-0.36518028187798957	0.3535
5	2670	z[1,74]	sub-10843	latent_z_alpha	-0.1073296045	0.12692957575160646	0.7489078021454835	-1.0577499843	0.1124943384	1.3709637966	-0.3128010945813315	0.36440625
5	2670	z[2,74]	sub-10843	latent_z_kappa	-1.035029101	0.04435080184227439	0.7799735093641943	-1.46194227395	0.17694912210000002	1.0757666353	-1.383867387652877	0.094125
5	2670	z[3,74]	sub-10843	latent_z_preference_friend	-2.400217263	-1.4120639201591698	0.5242837164641461	-2.2743386035	-1.3858628155	-0.7129372917	-1.8847683264036803	0.0339375
5	2670	z[4,74]	sub-10843	latent_z_preference_stranger	-0.4606081418	0.8886838762186169	0.6918815089904498	-0.42270113796500003	0.9757041256500001	1.84338026485	-1.9501778852095926	0.04728125
5	2670	z[1,75]	sub-10850	latent_z_alpha	0.2982505567	0.34473312861903527	0.7122811178355565	-0.833790795075	0.3481829113	1.5167242965499999	-0.06525874511496828	0.47109375
5	2670	z[2,75]	sub-10850	latent_z_kappa	-0.5774244726	-0.5816616078806456	0.6532996601439963	-1.6667848753	-0.56991923125	0.46468549599000003	0.006485745423029452	0.4949375
5	2670	z[3,75]	sub-10850	latent_z_preference_friend	1.941917636	0.9053586120939194	0.7128723169714052	-0.17979112531	0.85584482125	2.15082815855	1.454059863496788	0.92078125
5	2670	z[4,75]	sub-10850	latent_z_preference_stranger	0.9428725156	0.5228170586824288	0.9041726260590375	-0.956062793485	0.52476192035	2.00931193315	0.4645744018467375	0.681875
5	2670	z[1,76]	sub-10854	latent_z_alpha	-0.2068875249	-0.10726638660654743	0.6823373588401722	-1.2272825491000001	-0.10330425315	1.0105907482499998	-0.14599982985364782	0.43709375
5	2670	z[2,76]	sub-10854	latent_z_kappa	-0.3222986558	-0.20687084871167802	0.6235740789285905	-1.2917736507000002	-0.1634477789	0.74495716911	-0.18510680765731502	0.39984375
5	2670	z[3,76]	sub-10854	latent_z_preference_friend	0.08746838633	-0.586255451428959	0.3331588840710437	-1.1003501386	-0.59487278395	-0.038669790154500006	2.022229842789641	0.97096875
5	2670	z[4,76]	sub-10854	latent_z_preference_stranger	-2.767357325	-1.039158595011674	0.7432068555558827	-2.3447757199500003	-0.99679519225	0.09983397480449957	-2.3253266800071657	0.01578125
5	2670	z[1,77]	sub-10857	latent_z_alpha	-1.459672486	-0.5594669690764229	0.6013003221464547	-1.6626551925	-0.49295134145	0.30903028690999995	-1.4970980120385171	0.08271875
5	2670	z[2,77]	sub-10857	latent_z_kappa	-0.1248597679	0.802836179119082	0.5767318766996375	-0.26678063260999996	0.8739363472499999	1.6127069813999995	-1.608539400193804	0.0718125
5	2670	z[3,77]	sub-10857	latent_z_preference_friend	-0.2505383063	0.296979644028827	0.3582208423347537	-0.23618444206999997	0.26724774900000003	0.92691477219	-1.5284368903838852	0.04578125
5	2670	z[4,77]	sub-10857	latent_z_preference_stranger	-1.116560181	-0.9953390691703249	0.6457521345699586	-2.1336203581	-0.9457035905	-0.023254304601500058	-0.18772080700964763	0.4003125
5	2670	z[1,78]	sub-10858	latent_z_alpha	-0.7117017762	0.04556635782245751	0.5765353841194066	-1.0160232615	0.1066825975	0.8771575762399999	-1.313480759171616	0.09903125
5	2670	z[2,78]	sub-10858	latent_z_kappa	0.8320034419	1.0821684147119524	0.6135386822581698	-0.04929572108649998	1.1610212615	1.94664003255	-0.4077411580492425	0.3029375
5	2670	z[3,78]	sub-10858	latent_z_preference_friend	0.01959557606	0.06716402823315694	0.36102294252899336	-0.41061976644	0.017142012935	0.7137093494649999	-0.13176019185909982	0.5033125
5	2670	z[4,78]	sub-10858	latent_z_preference_stranger	0.4449405326	0.9453942348859856	0.5638234495820714	-0.02184579486	0.9668888417	1.83015516545	-0.8876071093831625	0.16746875
5	2670	z[1,79]	sub-10860	latent_z_alpha	-0.7051950027	0.17516076326308758	0.8163240420456809	-1.1342358319499999	0.15545510305	1.53716435395	-1.078439100919955	0.14175
5	2670	z[2,79]	sub-10860	latent_z_kappa	-0.9355388607	-0.5901968550945254	0.6967938658174517	-1.7105491883500001	-0.60320922165	0.582532454595	-0.4956157373749735	0.31571875
5	2670	z[3,79]	sub-10860	latent_z_preference_friend	0.3403293471	0.9087825462063449	0.6459802862559989	-0.064605392181	0.85701167135	2.0390374330999994	-0.8799853667377545	0.18865625
5	2670	z[4,79]	sub-10860	latent_z_preference_stranger	-0.6972972199	-0.5724948018626966	0.915996655510987	-2.0497165486999998	-0.5870887241	0.9597602089999999	-0.13624767872944102	0.452
5	2670	z[1,80]	sub-10862	latent_z_alpha	1.865671399	0.5141501137834439	0.9023372461650471	-0.977346970935	0.5340131797500001	1.9400383426999999	1.4978006182949346	0.93803125
5	2670	z[2,80]	sub-10862	latent_z_kappa	0.8266782532	0.19868699661422842	0.8182844089034107	-1.17567303585	0.21110171495	1.50724458795	0.7674486398040353	0.7671875
5	2670	z[3,80]	sub-10862	latent_z_preference_friend	1.615326791	0.5449675387076934	0.5765298636730584	-0.28620500068	0.4850710882	1.5769631224499998	1.8565547419748085	0.9550625
5	2670	z[4,80]	sub-10862	latent_z_preference_stranger	-1.314985475	-0.4855808117714828	0.8163889625631351	-1.8323248744	-0.48359425675	0.8502129823199999	-1.0159430140070955	0.15346875
5	2670	z[1,81]	sub-10863	latent_z_alpha	-0.6852640455	-0.15882447757186027	0.83730644498688	-1.56068777985	-0.12879411419999998	1.1501710553999998	-0.6287298647705842	0.27659375
5	2670	z[2,81]	sub-10863	latent_z_kappa	-0.5765516407	-0.29372213754650184	0.7218979077276217	-1.49745138525	-0.29229240095	0.8676607069099997	-0.3917860131272359	0.34896875
5	2670	z[3,81]	sub-10863	latent_z_preference_friend	2.680045987	1.9086152539033856	0.7216225036328621	0.77659769768	1.8819931515000001	3.1516588896999997	1.0690225557171555	0.8565625
5	2670	z[4,81]	sub-10863	latent_z_preference_stranger	-0.003765712806	0.7298679954668441	0.9431438811163522	-0.80820388558	0.72854137645	2.28362966595	-0.7778597973879432	0.219375
5	2670	z[1,82]	sub-10866	latent_z_alpha	0.2527454132	0.6148214360352117	0.8446600097135664	-0.71194294258	0.5757020180500001	2.0775562590999996	-0.42866481030396564	0.3446875
5	2670	z[2,82]	sub-10866	latent_z_kappa	-2.288009574	-1.1232430228404076	0.7182009214006373	-2.33882905035	-1.0984729315	0.003506278091499907	-1.6217837048831152	0.05775
5	2670	z[3,82]	sub-10866	latent_z_preference_friend	-0.3906016148	-0.4217536636073985	0.8069302951001518	-1.5483046589	-0.54027204605	1.0774897998499997	0.03860562553737321	0.57309375
5	2670	z[4,82]	sub-10866	latent_z_preference_stranger	0.5498056437	-0.1254902058133665	0.9329392336815827	-1.6738023177	-0.1118010756	1.3888338657	0.7238369071997338	0.76640625
5	2670	z[1,83]	sub-10875	latent_z_alpha	0.5343659	-0.1496759611948314	0.8010884727244423	-1.40912090245	-0.18578066895	1.2078945945	0.8538905308029909	0.800125
5	2670	z[2,83]	sub-10875	latent_z_kappa	0.2302895409	-0.5061884395754775	0.686753951508942	-1.60427588205	-0.52478768175	0.642742777305	1.072404430811474	0.8603125
5	2670	z[3,83]	sub-10875	latent_z_preference_friend	2.797287608	1.7873109791895199	0.6993363655866712	0.688767343335	1.761297017	2.98257804085	1.4441929213322313	0.91896875
5	2670	z[4,83]	sub-10875	latent_z_preference_stranger	1.149208743	0.5210657995766454	0.9227447093270177	-0.9891602321349999	0.52519263115	2.04101481205	0.6807331833757962	0.75275
5	2670	z[1,84]	sub-10881	latent_z_alpha	0.7212766725	-0.26750324274959464	0.9315138949315037	-1.68757457335	-0.33954744049999996	1.4016262526999994	1.0614762921194019	0.849375
5	2670	z[2,84]	sub-10881	latent_z_kappa	0.7793575957	0.2692073626187688	0.7547336691764018	-1.0034089375	0.2840315559	1.47807008615	0.6759341128082031	0.74571875
5	2670	z[3,84]	sub-10881	latent_z_preference_friend	-1.554433226	-1.3295105824675084	0.5535549921804083	-2.3168871168000003	-1.2837833115000001	-0.507838070215	-0.4063239365732021	0.3126875
5	2670	z[4,84]	sub-10881	latent_z_preference_stranger	0.06442655274	0.1593865684256921	0.7184164432578849	-1.16411283185	0.25706640205	1.1677727232499997	-0.13217962447388606	0.395375
5	2670	z[1,85]	sub-10886	latent_z_alpha	0.3374572178	0.5579750915376877	0.8190635749950013	-0.7766841600050001	0.5563122873999999	1.9162487231499998	-0.2692316939366196	0.39534375
5	2670	z[2,85]	sub-10886	latent_z_kappa	-1.191258867	-0.7198062632215321	0.7586303563038471	-1.96818700815	-0.7047485621	0.4951328841	-0.6214523316407357	0.26315625
5	2670	z[3,85]	sub-10886	latent_z_preference_friend	-0.4569262902	-0.0971149181481544	0.7492277107587353	-1.1893078325500002	-0.17750572765	1.2541298268499999	-0.4802430114170073	0.3364375
5	2670	z[4,85]	sub-10886	latent_z_preference_stranger	1.110519658	-0.19300219220738082	0.939093502879072	-1.74111727445	-0.1913975242	1.3544919351499993	1.3880639640366426	0.9176875
5	2670	z[1,86]	sub-10887	latent_z_alpha	1.60795275	1.635094431545028	0.6759143391445419	0.4197508745	1.6900747045	2.6323777693499997	-0.04015550488154964	0.443625
5	2670	z[2,86]	sub-10887	latent_z_kappa	1.549955688	0.7775701886130701	1.025353411182019	-1.1013635754000002	0.9238711693	2.225364093249999	0.7532871017579492	0.754
5	2670	z[3,86]	sub-10887	latent_z_preference_friend	-0.2531919677	-0.4041865185648596	0.6829014348550864	-1.33404662965	-0.51068651275	0.881842605605	0.22110738557300155	0.65146875
5	2670	z[4,86]	sub-10887	latent_z_preference_stranger	0.518592712	0.9629240705035511	0.877475556368914	-0.58631651669	1.0178803135	2.31187413585	-0.5063746280776652	0.28584375
5	2670	z[1,87]	sub-10896	latent_z_alpha	-1.407442094	-0.08901308825265436	0.7266989632124823	-1.2938339058500001	-0.073971062655	1.072768472	-1.8142712078726955	0.03640625
5	2670	z[2,87]	sub-10896	latent_z_kappa	-0.625230921	-0.0007756603903495907	0.6357614302999162	-1.1137499811	0.045648439515	0.9535893975149998	-0.9822163328075247	0.16296875
5	2670	z[3,87]	sub-10896	latent_z_preference_friend	-0.3943095081	-0.18233379462116375	0.3739843759022768	-0.73211287699	-0.21416338705	0.47319335612499996	-0.5668036611621072	0.2868125
5	2670	z[4,87]	sub-10896	latent_z_preference_stranger	-0.6478838285	-0.9437542623469927	0.7291276954789344	-2.2132246893499996	-0.9011730850999999	0.18423862043499986	0.4057868541842281	0.64028125
5	2670	z[1,88]	sub-10897	latent_z_alpha	-1.14382647	-0.79082456216382	0.665613430743992	-1.9114012426	-0.7770738501000001	0.27324796716499977	-0.5303407226047268	0.28859375
5	2670	z[2,88]	sub-10897	latent_z_kappa	0.3491061885	0.10902204312189044	0.6365690658270325	-0.998784042855	0.14344982585	1.10003866465	0.3771533338117703	0.63121875
5	2670	z[3,88]	sub-10897	latent_z_preference_friend	0.3332921755	0.6663070264240514	0.5438584843650102	-0.125674423465	0.61415361495	1.63041310855	-0.6123189404921533	0.281
5	2670	z[4,88]	sub-10897	latent_z_preference_stranger	-0.3312786439	-0.004597462688307155	0.8269076462339038	-1.38126029045	0.003373571027	1.32246799185	-0.39506368419682747	0.33846875
5	2670	z[1,89]	sub-10898	latent_z_alpha	0.6912934861	0.9366137494305429	0.5226511515933023	0.084786146365	0.94235230205	1.76598080275	-0.46937668190854254	0.28975
5	2670	z[2,89]	sub-10898	latent_z_kappa	1.070018908	0.6052416670167031	0.6593028044215817	-0.5868332575699999	0.6750078628	1.5653768531999999	0.704952622476791	0.75121875
5	2670	z[3,89]	sub-10898	latent_z_preference_friend	-0.2774529136	0.14920617096769628	0.5525203934450762	-0.6281149507799999	0.07755242313999999	1.1690520288	-0.7722051341985601	0.2178125
5	2670	z[4,89]	sub-10898	latent_z_preference_stranger	0.8116124212	0.19343488788170674	0.7904054522444033	-1.14871418795	0.22231295229999998	1.4420807416999997	0.7821018080820944	0.78221875
5	2670	z[1,90]	sub-10908	latent_z_alpha	1.391060868	0.690842348904006	0.8019634964391891	-0.621844707225	0.6861737056	2.01365632895	0.8731301639102597	0.8106875
5	2670	z[2,90]	sub-10908	latent_z_kappa	-0.3256985942	-0.971464320764742	0.7097230418555639	-2.1355543418	-0.9687016199	0.1802375842549998	0.9098841216658174	0.82040625
5	2670	z[3,90]	sub-10908	latent_z_preference_friend	1.744857722	0.3189943440887466	0.7979929045121968	-0.8888576711849999	0.265486727	1.6955228399999998	1.7868121005196984	0.95475
5	2670	z[4,90]	sub-10908	latent_z_preference_stranger	0.01172712335	0.37751136773697624	0.9497596743210234	-1.1876497375000001	0.37483706705	1.9409458644999997	-0.3851334756326361	0.348
5	2670	z[1,91]	sub-10918	latent_z_alpha	-1.531474464	-1.0208881607327724	0.480063850698989	-1.9129077913499999	-0.9558604192	-0.35975406985000014	-1.0635799852952827	0.13821875
5	2670	z[2,91]	sub-10918	latent_z_kappa	0.3057913864	1.2198013419080909	0.5312232371924999	0.25265943742	1.280121259	1.9837293107999998	-1.720576005557679	0.05759375
5	2670	z[3,91]	sub-10918	latent_z_preference_friend	-0.5220009866	-0.10264186484154772	0.28052296097580437	-0.5538913319	-0.10558683365	0.359723261915	-1.4949190622389832	0.0625
5	2670	z[4,91]	sub-10918	latent_z_preference_stranger	0.2413610389	0.6431663260840152	0.24184906574665604	0.25318539752499997	0.64554151215	1.02485691985	-1.6613886265945639	0.04590625
5	2670	z[1,92]	sub-10919	latent_z_alpha	0.2059998684	-0.13003376863050392	0.6429254630140724	-1.2450429896	-0.093943862285	0.8506291475999999	0.522663444460822	0.691375
5	2670	z[2,92]	sub-10919	latent_z_kappa	-0.3036795065	-0.420932842720504	0.5913499118990622	-1.43885451205	-0.3872762421	0.4849509258099999	0.19828080441232582	0.557125
5	2670	z[3,92]	sub-10919	latent_z_preference_friend	1.196050131	1.1104419624406903	0.6409913913519146	0.14286067764000002	1.0661090055	2.2470294121	0.133555878775148	0.5785
5	2670	z[4,92]	sub-10919	latent_z_preference_stranger	0.4432331233	-0.11298329276928257	0.8800316759655872	-1.5452272977	-0.1180770681	1.3478284394499997	0.632041358578362	0.74109375
5	2670	z[1,93]	sub-10924	latent_z_alpha	-0.6815128201	0.07394239732368794	0.7870784453935569	-1.21058503055	0.079015723965	1.35233987425	-0.9598220124627392	0.17325
5	2670	z[2,93]	sub-10924	latent_z_kappa	-0.7556403665	-0.3793253776861007	0.7027545295111322	-1.5260567747499998	-0.3814945098	0.7850255899699998	-0.5354856824269507	0.297625
5	2670	z[3,93]	sub-10924	latent_z_preference_friend	0.9294407541	1.63764351792831	0.7203908382220741	0.5063621388099999	1.606558742	2.8661749879999996	-0.9830813028885205	0.1630625
5	2670	z[4,93]	sub-10924	latent_z_preference_stranger	0.8517531846	0.9557178932801034	0.9190020985386579	-0.547901267105	0.9597029802	2.4602852465	-0.11312782511097828	0.4540625
5	2670	z[1,94]	sub-10926	latent_z_alpha	-0.9536438496	-0.7160850896809563	0.6927203752846365	-1.8643524848000002	-0.7103226899999999	0.411177858575	-0.3429360076516179	0.3596875
5	2670	z[2,94]	sub-10926	latent_z_kappa	1.007043742	0.3111393812959427	0.6370447616377548	-0.800167214605	0.35413253450000004	1.27975634675	1.0923947618923708	0.86921875
5	2670	z[3,94]	sub-10926	latent_z_preference_friend	-0.3064202768	-0.6010411084399964	0.3005964988899502	-1.1128065545999999	-0.5867780959	-0.14020576155000003	0.9801206358955579	0.85328125
5	2670	z[4,94]	sub-10926	latent_z_preference_stranger	0.5184601529	-0.30805736847953763	0.6933951940872014	-1.6027183842	-0.20445529985	0.6320163057099999	1.1919862272301744	0.91259375
5	2670	z[1,95]	sub-10928	latent_z_alpha	0.5498984423	-0.4006901984764291	0.7786036879129697	-1.82762908895	-0.30364125025	0.7029335219449999	1.2208889522787405	0.9098125
5	2670	z[2,95]	sub-10928	latent_z_kappa	2.258789761	1.813615545747939	0.6935413886681894	0.51902365789	1.9016957585	2.7923030502999997	0.6418855781728198	0.7254375
5	2670	z[3,95]	sub-10928	latent_z_preference_friend	-0.1550524854	-0.05425919525545283	0.3899981142700628	-0.66993323489	-0.06597500657	0.5980395630049999	-0.2584455833413354	0.4063125
5	2670	z[4,95]	sub-10928	latent_z_preference_stranger	0.08444454149	-0.660875721484072	0.7358370112052357	-1.97909380375	-0.5937797300500001	0.42126413356	1.0128877069574194	0.8476875
5	2670	z[1,96]	sub-10929	latent_z_alpha	0.4274355786	0.563957696582587	0.7716530548374847	-0.721441043455	0.56244707355	1.8438007086	-0.17692163223709323	0.426375
5	2670	z[2,96]	sub-10929	latent_z_kappa	0.4232183208	-0.298942729302732	0.8107619714921221	-1.7129677696999999	-0.2508547272	0.948028446845	0.8907189477247811	0.8069375
5	2670	z[3,96]	sub-10929	latent_z_preference_friend	-0.9381981028	-0.5047633889625996	0.6384789757790411	-1.39534414425	-0.58245893795	0.6802330204749998	-0.6788551076541626	0.23003125
5	2670	z[4,96]	sub-10929	latent_z_preference_stranger	-0.493930856	-0.6084530225808152	0.8891002156108527	-2.08074909305	-0.6089772075	0.842431452985	0.1288068145412981	0.55328125
5	2670	z[1,97]	sub-10930	latent_z_alpha	0.2224448919	0.08003794188408395	0.7212633529607702	-1.1489579079	0.10837203455	1.2166799438999998	0.19744098938527607	0.56459375
5	2670	z[2,97]	sub-10930	latent_z_kappa	-0.03614220828	-0.2052514278709744	0.643802780860419	-1.32521878415	-0.1668006702	0.7869121539999996	0.2626723969178357	0.581625
5	2670	z[3,97]	sub-10930	latent_z_preference_friend	-0.3715239119	0.2324581676221673	0.5425032466869558	-0.5115410799250001	0.15136478814999998	1.2383746083999998	-1.1133243592746405	0.1033125
5	2670	z[4,97]	sub-10930	latent_z_preference_stranger	0.5464812315	-0.4311712342476543	0.7813744944767445	-1.7460451185	-0.4125829881	0.811920084555	1.251195774444045	0.90175
5	2670	z[1,98]	sub-10938	latent_z_alpha	0.5005505632	0.6206067741110589	0.6817151911331579	-0.590682323235	0.677994922	1.6465916631	-0.17610904446987535	0.3916875
5	2670	z[2,98]	sub-10938	latent_z_kappa	-0.04156052254	0.21626576077707102	0.7024506920311122	-1.0166777803	0.267939555	1.2745560455499996	-0.3670382650938461	0.3363125
5	2670	z[3,98]	sub-10938	latent_z_preference_friend	0.1932835461	0.674382497289825	0.611171086336253	-0.21738516365	0.6088178231	1.7810392379499997	-0.7871755748031818	0.21940625
5	2670	z[4,98]	sub-10938	latent_z_preference_stranger	-0.4481645246	-0.09508436148071814	0.8337435469808889	-1.47166453555	-0.08854531205499999	1.2691656103999998	-0.42348773120684213	0.3343125
5	2670	z[1,99]	sub-10940	latent_z_alpha	0.784797653	1.0455813695281062	0.7769995393941155	-0.254363136035	1.0491671985	2.3184504666500003	-0.33562917776175094	0.3619375
5	2670	z[2,99]	sub-10940	latent_z_kappa	-1.402110298	-0.9711530576461901	0.7873904660864833	-2.28142004045	-0.9633057040499999	0.30631191736999985	-0.5473234169265081	0.2896875
5	2670	z[3,99]	sub-10940	latent_z_preference_friend	-0.3351578723	-0.22102597966462179	0.8388278287805703	-1.4542297089	-0.29515559339999997	1.2719528206	-0.1360611662124935	0.4818125
5	2670	z[4,99]	sub-10940	latent_z_preference_stranger	1.393649564	0.046771804967952815	0.9493361770491002	-1.5269309648	0.045307377945000005	1.6011970045499995	1.4187574345040321	0.92071875
5	2670	z[1,100]	sub-10950	latent_z_alpha	0.516370989	0.7172608123243622	0.7667902002524745	-0.534760202515	0.70741804955	1.9950287251999999	-0.2619879900111099	0.40053125
5	2670	z[2,100]	sub-10950	latent_z_kappa	-0.9883064007	-0.7071583690740526	0.7182026746669495	-1.89296173195	-0.7044615699000001	0.48071739313499967	-0.3914605744907919	0.344375
5	2670	z[3,100]	sub-10950	latent_z_preference_friend	1.736159419	0.219121692698767	0.7574702627894857	-0.887306501835	0.15145901365	1.57161493495	2.00276869050217	0.96565625
5	2670	z[4,100]	sub-10950	latent_z_preference_stranger	0.02865433519	0.24531737853972888	0.9036880973996727	-1.25907586125	0.2457032626	1.7143497628	-0.2397542293332936	0.40290625
5	2670	z[1,101]	sub-10952	latent_z_alpha	0.01525081012	0.20995028464247092	0.6710055045232711	-0.91240552956	0.22402279035	1.2850080859499997	-0.29016077097727977	0.3735
5	2670	z[2,101]	sub-10952	latent_z_kappa	-0.8217989666	-0.27703904698187626	0.6662675872784303	-1.4144891152	-0.24795770439999998	0.7637430113649996	-0.8176293279451862	0.20309375
5	2670	z[3,101]	sub-10952	latent_z_preference_friend	1.965657315	0.7874930217631585	0.6597814120318098	-0.20115921439499998	0.7373703535	1.9408662054499999	1.7856888232250459	0.9528125
5	2670	z[4,101]	sub-10952	latent_z_preference_stranger	-0.3447163012	-0.14414365602243884	0.9071814873421654	-1.6229493106	-0.1558486899	1.3686828293999997	-0.22109428816189056	0.41646875
5	2670	z[1,102]	sub-10953	latent_z_alpha	-0.349885661	-1.0537240461789954	0.6914589034221418	-2.22735385005	-1.0321422845	0.03588876055399976	1.017903423754594	0.83625
5	2670	z[2,102]	sub-10953	latent_z_kappa	1.982469481	1.137147757823736	0.6728736014157886	-0.034729439178999996	1.1729252584999998	2.1695150515000003	1.256286056396965	0.9006875
5	2670	z[3,102]	sub-10953	latent_z_preference_friend	0.185383676	0.16144285024232097	0.2442324484632008	-0.222332732005	0.15449029320000002	0.56993102785	0.09802475432041645	0.55275
5	2670	z[4,102]	sub-10953	latent_z_preference_stranger	-0.1430316963	-1.1275724061994763	0.6612398581227509	-2.30616543375	-1.076352513	-0.14217242377500025	1.4889312823558023	0.949875
5	2670	z[1,103]	sub-10954	latent_z_alpha	0.9226210127	0.972262355373626	0.8719115795089175	-0.52703753661	1.0053719294999999	2.3691271584	-0.056933918347070615	0.460375
5	2670	z[2,103]	sub-10954	latent_z_kappa	-3.412582108	-0.2427758813373951	1.1475296366322423	-2.2048579578500003	-0.1593594513	1.4656320328999999	-2.7622870255144942	0.00203125
5	2670	z[3,103]	sub-10954	latent_z_preference_friend	-0.2251681697	-1.2587615166787425	0.8022981285338934	-2.358560489	-1.3768095925	0.35435444188499754	1.288290861238221	0.89221875
5	2670	z[4,103]	sub-10954	latent_z_preference_stranger	0.2471095935	0.6311589837594573	0.9987288706954691	-1.1689161146	0.75574497835	2.07537989545	-0.38453818801895945	0.32834375
5	2670	z[1,104]	sub-10956	latent_z_alpha	-1.73052933	-1.4633896647603095	0.5489283315076882	-2.40639806655	-1.4372332014999998	-0.6152704732450001	-0.4866567271285923	0.29825
5	2670	z[2,104]	sub-10956	latent_z_kappa	-0.04282905696	0.17727122966735445	0.5399702486673236	-0.7835271501250001	0.21783058105	0.9887614661149999	-0.4076155809890899	0.31846875
5	2670	z[3,104]	sub-10956	latent_z_preference_friend	0.1721529161	0.37915806894511533	0.38759486484983413	-0.210731493295	0.3543349509	1.04953061645	-0.5340760975388963	0.303125
5	2670	z[4,104]	sub-10956	latent_z_preference_stranger	-1.084593837	-0.7272630011150399	0.6428296879183679	-1.86851173975	-0.6725463636	0.23089102692	-0.5558717069245516	0.27309375
5	2670	z[1,105]	sub-10958	latent_z_alpha	-1.030898911	-0.5930840524226956	0.6066526420948561	-1.62657386965	-0.5658622688999999	0.3569781172149999	-0.7216895274130327	0.22621875
5	2670	z[2,105]	sub-10958	latent_z_kappa	0.2109683028	-0.10763980141494676	0.5461490305688513	-1.0913078546500001	-0.055596175515	0.690378604385	0.5833720951277617	0.70134375
5	2670	z[3,105]	sub-10958	latent_z_preference_friend	-0.8150574525	-0.9759835125302111	0.29287972368048854	-1.47953701465	-0.95822004415	-0.5373614922300002	0.5494612532678101	0.70959375
5	2670	z[4,105]	sub-10958	latent_z_preference_stranger	0.3990323635	-0.3652347498213155	0.6720193084081234	-1.60096152365	-0.27958184915	0.578975154965	1.137269575083651	0.89225
5	2670	z[1,106]	sub-10961	latent_z_alpha	-1.087263929	-1.8603490018633815	0.5661132476651455	-2.8427884739000002	-1.8265788705000001	-0.9970169281150001	1.3656014517446151	0.92634375
5	2670	z[2,106]	sub-10961	latent_z_kappa	1.062823605	0.9276021363620659	0.529148740067756	-0.01707134690199999	0.97434905165	1.7130023927	0.2555452907638395	0.571625
5	2670	z[3,106]	sub-10961	latent_z_preference_friend	-0.2868554955	0.13549037834544686	0.3365960184148905	-0.38148754759	0.11698639745	0.7149347228149998	-1.2547560004850102	0.09353125
5	2670	z[4,106]	sub-10961	latent_z_preference_stranger	-0.5180145111	-0.6048470474851202	0.711936338390644	-1.8949233358	-0.52030726505	0.40446964902999977	0.12196671486302849	0.50146875
5	2670	z[1,107]	sub-10964	latent_z_alpha	-0.271441914	0.4250553348611458	0.8336299982423666	-0.87161011987	0.37661151085	1.8684053355499999	-0.8354992626580704	0.1983125
5	2670	z[2,107]	sub-10964	latent_z_kappa	0.8092641702	-0.3578578435300385	0.8142696445593063	-1.8257748627	-0.2732969473	0.8239955376349999	1.4333360226902485	0.94675
5	2670	z[3,107]	sub-10964	latent_z_preference_friend	-0.6166470211	-0.8723188213035866	0.5958587384291074	-1.6732075590500002	-0.94399819185	0.2958193399949994	0.4290812296847859	0.7714375
5	2670	z[4,107]	sub-10964	latent_z_preference_stranger	0.4168907206	0.05018209566923457	0.8488133735528517	-1.47361036015	0.13938324105	1.2693715084	0.4320250320701764	0.63171875
5	2670	z[1,108]	sub-10966	latent_z_alpha	-1.79070218	-1.6049386821375278	0.6027804043757407	-2.6394354895	-1.578117476	-0.6672319944300001	-0.3081777319135898	0.3639375
5	2670	z[2,108]	sub-10966	latent_z_kappa	1.313047888	0.900037940456314	0.5813580636606472	-0.123397300445	0.9458920431	1.7717674411999997	0.710422669538768	0.75153125
5	2670	z[3,108]	sub-10966	latent_z_preference_friend	0.06324913156	-0.011453765877378638	0.32301644575187194	-0.529465589575	-0.01917825777	0.5288809441799999	0.23126654515529638	0.6038125
5	2670	z[4,108]	sub-10966	latent_z_preference_stranger	0.4672122311	0.5235577249777513	0.3078833167492796	0.014506750908500003	0.53047194775	1.00544487825	-0.18300924672588054	0.40571875
5	2670	z[1,109]	sub-10969	latent_z_alpha	0.550366698	0.7566941903223089	0.9800298357566841	-0.792665485295	0.7185872869	2.4118428058999997	-0.2105318479033883	0.4350625
5	2670	z[2,109]	sub-10969	latent_z_kappa	-1.490336682	-0.9435450134427568	0.8548866702237622	-2.40888717715	-0.9054569143	0.392276138635	-0.6396071989450055	0.25565625
5	2670	z[3,109]	sub-10969	latent_z_preference_friend	-1.740991231	-1.252001597103104	0.8441163295421257	-2.38162506685	-1.4000194129999999	0.44012520829999985	-0.579291759658457	0.277375
5	2670	z[4,109]	sub-10969	latent_z_preference_stranger	1.193429091	-0.2730428919833822	0.9129099256003927	-1.79919949035	-0.25625096285	1.18786701875	1.6063709483922293	0.9504375
5	2670	z[1,110]	sub-10974	latent_z_alpha	-0.7466321752	0.7180378807344083	0.8207303162100154	-0.636301123365	0.72209694695	2.07767113155	-1.7845935833075968	0.03771875
5	2670	z[2,110]	sub-10974	latent_z_kappa	-1.291728166	-0.7794449542396015	0.7773439257445307	-2.08430042905	-0.7658846282	0.4809017711599997	-0.6590174500556363	0.25078125
5	2670	z[3,110]	sub-10974	latent_z_preference_friend	-1.037444503	-0.1178395644904804	0.8072808720746515	-1.31819178105	-0.1939951391	1.31259321275	-1.1391387685753083	0.11015625
5	2670	z[4,110]	sub-10974	latent_z_preference_stranger	0.1775828139	-0.0383369761919253	0.9567572101158589	-1.62043646685	-0.032055295314999996	1.5229836552499998	0.22567876971188794	0.58859375
5	2670	z[1,111]	sub-10977	latent_z_alpha	0.08840539733	-0.6953278021593006	0.6826681783283476	-1.83065570745	-0.6834456926500001	0.408548829525	1.148044136769977	0.88065625
5	2670	z[2,111]	sub-10977	latent_z_kappa	1.425277548	0.24682718813730076	0.6003326631836173	-0.800874440155	0.28959256715000004	1.1636905818999999	1.962995572510202	0.9858125
5	2670	z[3,111]	sub-10977	latent_z_preference_friend	-0.2607270818	-0.60035312848023	0.2741182790241805	-1.0717703683000002	-0.58485678825	-0.18340500605500004	1.2389762838481522	0.90853125
5	2670	z[4,111]	sub-10977	latent_z_preference_stranger	-0.7224668519	-0.9065522735196718	0.7187703692277548	-2.1807930520000003	-0.849351543	0.1683979570799999	0.2561115893208741	0.5700625
5	2670	z[1,112]	sub-10979	latent_z_alpha	0.8536957614	0.5807670493766145	0.7429072362551918	-0.639007874485	0.5718728251	1.8082467731499998	0.36737926177587177	0.6495625
5	2670	z[2,112]	sub-10979	latent_z_kappa	-1.168135751	-0.7588688866496106	0.700392519105526	-1.93524907045	-0.7543586474499999	0.38071057404499975	-0.5843392857380398	0.27603125
5	2670	z[3,112]	sub-10979	latent_z_preference_friend	2.588558127	0.45851374857356236	0.7988671281581684	-0.7469013925750001	0.40852892934999996	1.8644740293	2.6663312375080084	0.992375
5	2670	z[4,112]	sub-10979	latent_z_preference_stranger	-1.247545204	1.0795090652903587	0.9753174899687032	-0.56332780643	1.0972773980000001	2.6521343958999997	-2.385945390321085	0.0108125
5	2670	z[1,113]	sub-10983	latent_z_alpha	-2.666481908	-0.5643249010671466	0.7653661801553104	-1.7898593688	-0.59156420755	0.7562886878999995	-2.7466029482858483	0.0020625
5	2670	z[2,113]	sub-10983	latent_z_kappa	-1.173778151	0.4516169881305024	0.6114557097465069	-0.655328029825	0.5162716860500001	1.3371686737	-2.658238549778769	0.01184375
5	2670	z[3,113]	sub-10983	latent_z_preference_friend	-1.255785737	-0.8596795369649585	0.391224300096103	-1.5778288137499998	-0.8115094498	-0.3130708670650001	-1.0124785191966332	0.1446875
5	2670	z[4,113]	sub-10983	latent_z_preference_stranger	-0.04731263124	0.37510423479843097	0.5286336579554773	-0.64577045382	0.475038715	1.0410300237499999	-0.7990729679834496	0.1674375
5	2670	z[1,114]	sub-10984	latent_z_alpha	-0.04819013284	-0.8204181426997066	0.5695048604248117	-1.7753991451	-0.8066416303	0.06926697783399997	1.3559638618073904	0.92496875
5	2670	z[2,114]	sub-10984	latent_z_kappa	0.2689634323	-0.21500806359272878	0.5689468997837023	-1.2213112479	-0.1751463406	0.64668428407	0.8506444029780658	0.80021875
5	2670	z[3,114]	sub-10984	latent_z_preference_friend	0.2658444289	-0.20339389814253525	0.31449457167508327	-0.68214807984	-0.22067501655	0.32888798140999975	1.4920395113443288	0.93140625
5	2670	z[4,114]	sub-10984	latent_z_preference_stranger	-2.507666329	-0.6621820285790542	0.6787489137409719	-1.88884664385	-0.60232293725	0.33182590190499994	-2.7189499136719504	0.0086875
5	2670	z[1,115]	sub-10998	latent_z_alpha	0.02048637455	0.5940412313370205	0.7626863764491655	-0.62082148077	0.57299514705	1.89660459685	-0.7520192762027774	0.21446875
5	2670	z[2,115]	sub-10998	latent_z_kappa	-1.734046659	-0.3007858999594213	0.8817235349665468	-1.9060172944	-0.2009085947	0.965714064565	-1.6255217221744658	0.06846875
5	2670	z[3,115]	sub-10998	latent_z_preference_friend	-1.307052329	-1.0578557894590324	0.6072596571256731	-1.8864597805999999	-1.120240761	0.11227727400999955	-0.4103624151824664	0.32353125
5	2670	z[4,115]	sub-10998	latent_z_preference_stranger	-0.8031879993	-0.03143050532890061	0.8327360458155896	-1.5022969493	0.04565730858	1.200765928	-0.9267732528801882	0.17615625
5	2670	z[1,116]	sub-11005	latent_z_alpha	2.658461919	1.0898636623469022	0.8813988001714514	-0.347356542575	1.088203531	2.5347350471499994	1.779669153563598	0.9630625
5	2670	z[2,116]	sub-11005	latent_z_kappa	-0.5596812266	-1.2891970035259916	0.8006074651515838	-2.6198088525	-1.281188922	0.0075703994049998	0.9112028162113979	0.81759375
5	2670	z[3,116]	sub-11005	latent_z_preference_friend	0.2419169387	-0.4672352223505676	0.9308407742620043	-1.84628669615	-0.5392116849999999	1.16461626365	0.7618404572068758	0.776
5	2670	z[4,116]	sub-11005	latent_z_preference_stranger	0.05947388181	0.352326487742449	1.0129919008485513	-1.3351915688	0.35738411305	1.9983261653	-0.28909669039519037	0.382375
5	2670	z[1,117]	sub-11007	latent_z_alpha	0.5813577235	0.6211283753175847	0.4774998055113311	-0.19738183101499998	0.64762400155	1.3287519738499998	-0.08328935710245206	0.43396875
5	2670	z[2,117]	sub-11007	latent_z_kappa	1.208125282	0.814906298570521	0.5626161198721951	-0.23992617731	0.8867991206	1.5958328195	0.6989116904769869	0.7600625
5	2670	z[3,117]	sub-11007	latent_z_preference_friend	0.1984414985	0.29552649518124924	0.4279866216355386	-0.35549903440999997	0.2675290279	1.0342857508	-0.22684119496595875	0.4323125
5	2670	z[4,117]	sub-11007	latent_z_preference_stranger	-0.488779326	-1.2297122579001367	0.7186427702510038	-2.43984133165	-1.2118526545	-0.08184834202550005	1.0310170262220095	0.85109375
5	2670	z[1,118]	sub-11012	latent_z_alpha	-0.02996505623	-0.08825803083319292	0.6311389512668842	-1.2534178513	-0.01194171896	0.822426230735	0.092361554434537	0.48790625
5	2670	z[2,118]	sub-11012	latent_z_kappa	0.6812371741	0.6656865791893481	0.6215210576284417	-0.466080003535	0.73321660565	1.5680206314499998	0.025020222114418327	0.4653125
5	2670	z[3,118]	sub-11012	latent_z_preference_friend	0.742541098	1.0301676079038558	0.5732011650278169	0.168823110285	0.9868467680499999	2.0372259854999997	-0.5017898208387234	0.3265625
5	2670	z[4,118]	sub-11012	latent_z_preference_stranger	0.1465011915	0.2274827755268251	0.8526952535040693	-1.1862563224	0.22696734645	1.6172784157499998	-0.09497130855840827	0.46115625
5	2670	z[1,119]	sub-11016	latent_z_alpha	-1.961971507	-1.2423395062503064	0.6031770245622466	-2.2529751586	-1.2259141654999999	-0.2950980995550002	-1.1930693170416489	0.116375
5	2670	z[2,119]	sub-11016	latent_z_kappa	-0.09594032379	0.41168762719477403	0.5374795881133515	-0.564501972365	0.46125231645	1.2072606985499998	-0.9444599612919963	0.1668125
5	2670	z[3,119]	sub-11016	latent_z_preference_friend	-0.4539620365	-0.2936410834307967	0.25059183048973527	-0.6986950176950001	-0.29562015654999996	0.11259212725499994	-0.639769272429535	0.2479375
5	2670	z[4,119]	sub-11016	latent_z_preference_stranger	0.156097991	0.5289032295687142	0.38965310422778	-0.15828651550999998	0.5810789768	1.03778551235	-0.9567618851838607	0.12653125
5	2670	z[1,120]	sub-11021	latent_z_alpha	0.2546445419	0.5122614782194033	0.434086854524169	-0.232491553425	0.5451130076999999	1.15265689145	-0.5934686425871938	0.238
5	2670	z[2,120]	sub-11021	latent_z_kappa	0.7509387113	1.3674916859936062	0.6242938519895184	0.21573620495	1.4471950100000002	2.2434866696	-0.9876005870132417	0.15059375
5	2670	z[3,120]	sub-11021	latent_z_preference_friend	0.5660686832	0.6897472633521435	0.4901427700708358	-0.054998953031999996	0.65854753255	1.5430196246	-0.2523317443492421	0.423125
5	2670	z[4,120]	sub-11021	latent_z_preference_stranger	0.2211893167	-0.23101237969328722	0.7636097104465522	-1.52993727205	-0.2012635007	0.9772397899199999	0.5921895573182846	0.7176875
5	2670	z[1,121]	sub-11030	latent_z_alpha	0.885522829	0.4738548349014192	0.8077613490321934	-0.780505217125	0.4236059713	1.8995533699999998	0.509640619214839	0.718625
5	2670	z[2,121]	sub-11030	latent_z_kappa	-2.043524402	-0.3077062599184442	0.7863518968197821	-1.7389950746	-0.2188772729	0.8355594035799998	-2.2074317479256678	0.025375
5	2670	z[3,121]	sub-11030	latent_z_preference_friend	0.1416993911	-1.174326600384557	0.5409726247253592	-1.9523024298	-1.2024151669999998	-0.2546752131500001	2.432703488744327	0.97340625
5	2670	z[4,121]	sub-11030	latent_z_preference_stranger	0.75915505	-0.37157579036354443	0.8193766709696051	-1.79406495645	-0.3261601771	0.878706442715	1.379989058054948	0.92915625
5	2670	z[1,122]	sub-11031	latent_z_alpha	-0.7369813034	-0.24005107498232484	0.7278705717342728	-1.4424547734500002	-0.231212983	0.9340705540599998	-0.682717845335684	0.24390625
5	2670	z[2,122]	sub-11031	latent_z_kappa	-0.5148167741	-0.2186807308036283	0.5943068836791725	-1.2440453599999999	-0.18290942934999999	0.6906099408699999	-0.4982880922783258	0.29334375
5	2670	z[3,122]	sub-11031	latent_z_preference_friend	-1.360113474	-1.3091762683643187	0.3348815065366364	-1.9015336199	-1.2833315920000001	-0.8168902274350001	-0.15210516150168119	0.4009375
5	2670	z[4,122]	sub-11031	latent_z_preference_stranger	-1.052976018	-0.9481674508137222	0.7447991670146611	-2.24425927085	-0.9062085299	0.20375790533999993	-0.14072057519394987	0.4240625
5	2670	z[1,123]	sub-11036	latent_z_alpha	-0.1046120451	0.5305276083585809	0.7816554534609504	-0.7615112830749999	0.5360250632	1.8116734864	-0.812557055217054	0.206125
5	2670	z[2,123]	sub-11036	latent_z_kappa	-1.236931016	-0.6705257157447474	0.7130945723798333	-1.8589792708000001	-0.66102879945	0.48337154618	-0.7942919806064013	0.21184375
5	2670	z[3,123]	sub-11036	latent_z_preference_friend	0.4438782465	0.3201944221055071	0.6882473880915314	-0.6760616990699999	0.2498075817	1.5754362502999997	0.17970838180361387	0.60875
5	2670	z[4,123]	sub-11036	latent_z_preference_stranger	0.3013274417	-0.3567801467805259	0.8989065692592167	-1.82690231425	-0.36351546165000004	1.1303489432999996	0.7321201234772021	0.76940625
5	2670	z[1,124]	sub-11039	latent_z_alpha	-0.731610997	0.12579517353889508	0.7270313111114565	-1.0905275153	0.14357186285	1.2860436097999997	-1.1793249581343708	0.118375
5	2670	z[2,124]	sub-11039	latent_z_kappa	0.05142286147	0.10849817596699664	0.6517449449442325	-1.0264066736	0.14466286525	1.1031391419499998	-0.08757308351947458	0.438875
5	2670	z[3,124]	sub-11039	latent_z_preference_friend	-0.7373348665	-0.7507362687569484	0.30612361405322314	-1.2357179317	-0.7515991679	-0.27256060304000007	0.04377774742532089	0.52359375
5	2670	z[4,124]	sub-11039	latent_z_preference_stranger	-0.2111823168	-0.7271771660955179	0.7358499498865441	-2.02796305925	-0.67113365815	0.37022743734999985	0.7012229183070214	0.745625
5	2670	z[1,125]	sub-11042	latent_z_alpha	1.221116494	1.1659311823092657	0.41450836811410474	0.54244434636	1.147860401	1.8680348420499997	0.13313437299664627	0.577125
5	2670	z[2,125]	sub-11042	latent_z_kappa	1.827333715	1.7230389317330983	0.44345575831139783	1.01824581045	1.7384763680000002	2.3995746573499996	0.2351864448982194	0.59075
5	2670	z[3,125]	sub-11042	latent_z_preference_friend	-0.6365060554	-0.9802168293786736	0.41000860540610173	-1.66349625375	-0.9751118255	-0.32418491265000016	0.8383013659877648	0.80096875
5	2670	z[4,125]	sub-11042	latent_z_preference_stranger	1.534269764	1.3425342443076933	0.5296323165407797	0.5049815293350001	1.332122813	2.2281571634	0.3620162775274001	0.65384375
5	2670	z[1,126]	sub-11053	latent_z_alpha	-1.003364827	-0.6771634526721223	0.7582437119974723	-1.8474784515	-0.7171484474500001	0.64348357412	-0.43020650111103736	0.339375
5	2670	z[2,126]	sub-11053	latent_z_kappa	-0.3207761131	-0.004063988863085515	0.6238598177255846	-1.07645545305	0.022924876570000002	0.9725930036549998	-0.5076655287586188	0.29484375
5	2670	z[3,126]	sub-11053	latent_z_preference_friend	-0.2801704118	0.47122321339010304	0.4479077212063933	-0.190919088485	0.43533847680000004	1.25394944275	-1.6775634569689974	0.0283125
5	2670	z[4,126]	sub-11053	latent_z_preference_stranger	-0.5118454535	-0.6549337159054704	0.7325154611015184	-1.89413837375	-0.62532784435	0.49071654764999995	0.19533821469147122	0.5648125
5	2670	z[1,127]	sub-11058	latent_z_alpha	0.6658872757	0.26660299770550533	0.7160532873048567	-0.87991053639	0.2482958818	1.4797386396999996	0.5576181061850233	0.7225625
5	2670	z[2,127]	sub-11058	latent_z_kappa	-1.038713918	-0.8152387682164289	0.649666728230261	-1.9095623029	-0.8001324204	0.22355565755999998	-0.34398429236530786	0.35865625
5	2670	z[3,127]	sub-11058	latent_z_preference_friend	0.9084419186	0.2678179445107727	0.6795167249041554	-0.68833624705	0.18518668055	1.5077878661499997	0.9427641007358373	0.83128125
5	2670	z[4,127]	sub-11058	latent_z_preference_stranger	1.171598835	-0.39586587289115893	0.8890965595622201	-1.8403959135499999	-0.4064612368	1.08209759645	1.762985910847477	0.95871875
5	2670	z[1,128]	sub-11060	latent_z_alpha	1.226103482	0.7731028596518181	0.7066106480935528	-0.58179495491	0.86318765005	1.77918005995	0.6410894366938641	0.745875
5	2670	z[2,128]	sub-11060	latent_z_kappa	1.384682968	0.9059236155766526	0.7116405757326939	-0.44418873565	1.0130251735	1.8841944839	0.6727544335571707	0.73646875
5	2670	z[3,128]	sub-11060	latent_z_preference_friend	0.1853501592	-0.10306834209606226	0.4051643096267587	-0.701376782315	-0.1385226336	0.6139908504999999	0.7118556458286175	0.7845625
5	2670	z[4,128]	sub-11060	latent_z_preference_stranger	-0.3283859487	-0.3107250361462548	0.7123465709543912	-1.56342225755	-0.25876130285	0.7626830193499999	-0.024792584500102757	0.46046875
5	2670	z[1,129]	sub-11063	latent_z_alpha	-0.110676263	0.29859527332777497	0.9168857058831887	-1.1324276979999999	0.25637081240000004	1.8597943635499998	-0.4463713783535809	0.346625
5	2670	z[2,129]	sub-11063	latent_z_kappa	-0.5446727876	-0.4875181888649669	0.7582594087887314	-1.7924612663	-0.45772451885	0.70181807769	-0.07537604950571439	0.45578125
5	2670	z[3,129]	sub-11063	latent_z_preference_friend	-0.7845706871	-0.8032187127237784	0.5600219454108811	-1.5520362694999998	-0.87570681885	0.26329277155999986	0.033298740837908784	0.5924375
5	2670	z[4,129]	sub-11063	latent_z_preference_stranger	-1.690547425	-0.44195340563581625	0.8548955652029163	-1.91265460515	-0.39785640755	0.875573910455	-1.4605222791953776	0.0796875
5	2670	z[1,130]	sub-11064	latent_z_alpha	0.1461388092	0.41486296767007474	0.7656712762789037	-0.912087201805	0.46044375685	1.5798751135499998	-0.35096544273679814	0.34628125
5	2670	z[2,130]	sub-11064	latent_z_kappa	-0.4891208463	-0.007516272100659613	0.7229403175350271	-1.28232064235	0.0457104469	1.08639412045	-0.666174734646759	0.243875
5	2670	z[3,130]	sub-11064	latent_z_preference_friend	-0.4675408037	-0.5889068444083317	0.41403057584682174	-1.1940637824	-0.62120618025	0.11087639506499986	0.2931330384479463	0.666375
5	2670	z[4,130]	sub-11064	latent_z_preference_stranger	-0.825869067	-1.096552732136104	0.7712265277865716	-2.39965918955	-1.069695076	0.1155092208999999	0.3509781567200093	0.629125
5	2670	z[1,131]	sub-11065	latent_z_alpha	2.259779616	0.38291313566830126	0.7544454337141093	-0.824107901285	0.37033596995	1.6541397656499999	2.487743177252659	0.99115625
5	2670	z[2,131]	sub-11065	latent_z_kappa	-0.5536988991	-0.636121851901561	0.6815446917346121	-1.8059087062	-0.61031423	0.4366229989999999	0.12093550694641138	0.53403125
5	2670	z[3,131]	sub-11065	latent_z_preference_friend	1.454626225	-0.08265706528541053	0.6660779741413347	-0.96601695808	-0.1944386579	1.1768247842500001	2.307962956239738	0.97284375
5	2670	z[4,131]	sub-11065	latent_z_preference_stranger	-0.9689955229	-0.2864029736897219	0.8658278028320403	-1.7294081812	-0.27375293990000005	1.1126172045999998	-0.7883698663609356	0.21209375
5	2670	z[1,132]	sub-11066	latent_z_alpha	0.7475996385	-0.19575486977993786	0.7533048720052272	-1.4317544552	-0.205826011	1.0488086096999993	1.2522878098064283	0.8939375
5	2670	z[2,132]	sub-11066	latent_z_kappa	0.7089691938	-0.12221202578169257	0.664924445428275	-1.2605488896500001	-0.09836052848	0.9272270141899998	1.2500385950562132	0.899
5	2670	z[3,132]	sub-11066	latent_z_preference_friend	0.6016777634	0.3734997828080899	0.4713150493705862	-0.322559467685	0.33204831160000003	1.21113453035	0.4841304789580314	0.71696875
5	2670	z[4,132]	sub-11066	latent_z_preference_stranger	-1.449991744	-0.9817679200276007	0.770100721727225	-2.2563479276	-0.9671443339500001	0.25271306648999997	-0.6080033569144576	0.2678125
5	2670	z[1,133]	sub-11068	latent_z_alpha	0.1490540585	0.32234534276012317	0.6585795511299366	-0.802533923215	0.3534580195	1.33847175675	-0.26312885658657975	0.36796875
5	2670	z[2,133]	sub-11068	latent_z_kappa	0.3947467557	0.2684061312306418	0.6544409343767514	-0.92498519161	0.35048497840000004	1.19615013385	0.19305122560781918	0.5300625
5	2670	z[3,133]	sub-11068	latent_z_preference_friend	-1.328375744	-1.651793948191984	0.4735949828144034	-2.48789706685	-1.6093676590000001	-0.9706482086500002	0.6829004020904677	0.748
5	2670	z[4,133]	sub-11068	latent_z_preference_stranger	0.3085555726	0.26667188305385353	0.6929935303302538	-0.97711481516	0.3330644589	1.2855120400999998	0.06043878869429895	0.4845
5	2670	z[1,134]	sub-11071	latent_z_alpha	1.104171049	0.41306948405174637	0.7561683314980806	-0.866685052505	0.43735548805	1.6113888826999996	0.9139520079862111	0.82271875
5	2670	z[2,134]	sub-11071	latent_z_kappa	0.1587799011	-0.48273935418479696	0.696197297292084	-1.64123644415	-0.4686921994	0.6340220165499999	0.9214618582692554	0.82203125
5	2670	z[3,134]	sub-11071	latent_z_preference_friend	0.6833562748	1.0239816406038003	0.7280207201443997	-0.099214592467	0.97584619925	2.2966475043	-0.4678786693546836	0.3388125
5	2670	z[4,134]	sub-11071	latent_z_preference_stranger	2.376365949	0.8803533960909943	0.907203505614394	-0.61643424566	0.8831909347	2.371383553	1.6490374471115468	0.95059375
5	2670	z[1,135]	sub-11072	latent_z_alpha	-0.5046290404	-0.09171244985228116	0.3052573480320478	-0.60806523639	-0.081965285195	0.38992497551	-1.3526835413127167	0.088125
5	2670	z[2,135]	sub-11072	latent_z_kappa	2.488529065	2.4892157071716126	0.36027212583319407	1.9093877804	2.4865237205	3.0823547045	-0.001905898687068159	0.50246875
5	2670	z[3,135]	sub-11072	latent_z_preference_friend	0.8473249053	0.8366601747197605	0.4262936364227441	0.18334100777	0.81191813045	1.5865777461499997	0.025017334693834378	0.53290625
5	2670	z[4,135]	sub-11072	latent_z_preference_stranger	0.1988421829	-0.5062816461442171	0.6121376094790104	-1.593272596	-0.4513501559	0.4034205783599999	1.15190411130652	0.88821875
5	2670	z[1,136]	sub-11074	latent_z_alpha	1.200498338	0.7505592408571747	0.6935706127990825	-0.28435981457	0.6924299679	1.9742446297499998	0.6487286064889347	0.75896875
5	2670	z[2,136]	sub-11074	latent_z_kappa	-1.405471846	-0.635139860680812	0.7801286583732474	-1.96671412575	-0.6077897371000001	0.59095924545	-0.9874422341123992	0.16709375
5	2670	z[3,136]	sub-11074	latent_z_preference_friend	1.606744216	-0.4491162356607159	0.7341207583525775	-1.4030662469	-0.5950403515	0.9498537365349997	2.80043906710147	0.987625
5	2670	z[4,136]	sub-11074	latent_z_preference_stranger	-1.341583217	0.17934598052108736	0.9069103707566103	-1.3648481296000001	0.21370981905	1.6058788707	-1.6770446634679212	0.0526875
5	2670	z[1,137]	sub-11075	latent_z_alpha	0.1239633282	-0.18783791041979633	0.9509141882229136	-1.5648921643	-0.29778494185000004	1.5792909758999998	0.32789629440958956	0.67365625
5	2670	z[2,137]	sub-11075	latent_z_kappa	-0.6604781595	-0.3663989784963135	0.7270607640548155	-1.6409496638	-0.30673696625	0.7191991078549997	-0.40447675839857994	0.313375
5	2670	z[3,137]	sub-11075	latent_z_preference_friend	-2.649201035	-1.4975924193288042	0.579466912866332	-2.4684688641	-1.465120244	-0.6779559215550001	-1.9873587086702946	0.02803125
5	2670	z[4,137]	sub-11075	latent_z_preference_stranger	-0.1686127505	0.3110097799795607	0.7704753428933923	-1.1365486547499999	0.44010806525	1.3538682201499999	-0.6225021149650525	0.23803125
5	2670	z[1,138]	sub-11076	latent_z_alpha	1.790150795	0.5847000466457565	0.81898649870801	-0.80176233678	0.61156359805	1.8858003442999998	1.4718810996956593	0.9343125
5	2670	z[2,138]	sub-11076	latent_z_kappa	0.4825001833	-0.1630376504617525	0.8140962840191703	-1.4989201387	-0.16336580545	1.1874013291499999	0.7929502276742384	0.7828125
5	2670	z[3,138]	sub-11076	latent_z_preference_friend	1.203920748	0.28892314595970403	0.6758916028367586	-0.693462132715	0.21882656755000002	1.5138945142	1.353763825737729	0.9029375
5	2670	z[4,138]	sub-11076	latent_z_preference_stranger	-2.496522681	-0.19102484784682697	0.8948615311528509	-1.65613486275	-0.19240424655	1.2852575785499998	-2.576373833148239	0.00478125
5	2670	z[1,139]	sub-11078	latent_z_alpha	-3.030791552	-1.5833259242038098	0.7493052998164174	-2.83808805685	-1.5660709640000001	-0.366657883445	-1.9317434804622695	0.02953125
5	2670	z[2,139]	sub-11078	latent_z_kappa	2.966427967	1.561302610917755	0.7261373722069736	0.32636403789499996	1.5857280745	2.7061502531999997	1.9350682251921567	0.978875
5	2670	z[3,139]	sub-11078	latent_z_preference_friend	1.782548557	0.8056408872462766	0.3999470230322229	0.21110676049000002	0.77409901195	1.5148669469	2.4425926772681987	0.98409375
5	2670	z[4,139]	sub-11078	latent_z_preference_stranger	0.05751544798	-1.015532101423243	0.7040395779525834	-2.25896704665	-0.96639447095	0.05351323291249993	1.5241295844812748	0.9506875
5	2670	z[1,140]	sub-11083	latent_z_alpha	0.7767752005	0.4136785866424994	0.8132043113045304	-0.8801133975400001	0.38815816314999996	1.7916502715	0.4465010930340819	0.682875
5	2670	z[2,140]	sub-11083	latent_z_kappa	-0.4635287149	-0.5768157675099026	0.7104145100051718	-1.7824568361	-0.5523819079000001	0.5382826347399999	0.15946613000497112	0.55040625
5	2670	z[3,140]	sub-11083	latent_z_preference_friend	-0.2600558408	-0.38046280254800285	0.6019336411286101	-1.2011092803999999	-0.4698029375	0.7592607141949999	0.2000336142074447	0.6499375
5	2670	z[4,140]	sub-11083	latent_z_preference_stranger	0.1859388354	-0.6559391548239614	0.8714375401217815	-2.09016735765	-0.645916049	0.7649597809950001	0.9660795541425846	0.83828125
5	2670	z[1,141]	sub-11084	latent_z_alpha	-0.1240399904	-0.11135918392740402	0.6816753514674284	-1.2654460531	-0.08941351174500001	0.9677492861949999	-0.01860241307727831	0.478
5	2670	z[2,141]	sub-11084	latent_z_kappa	-0.05004456137	-0.06322513069959126	0.6305387220374665	-1.1397974486	-0.037270342695	0.92173235108	0.020903663595791155	0.49153125
5	2670	z[3,141]	sub-11084	latent_z_preference_friend	1.204484166	1.265738527940387	0.6409499800460559	0.29335320903	1.2240847855	2.3927249608	-0.09556808463584857	0.48825
5	2670	z[4,141]	sub-11084	latent_z_preference_stranger	-0.5591706046	0.20600372437403777	0.8855249635280821	-1.2368545468999999	0.20544913265	1.65216207505	-0.8640912006878418	0.192125
5	2670	z[1,142]	sub-11085	latent_z_alpha	0.5171347745	1.052391829607457	0.5979852345681288	0.0527754018295	1.0732320515	1.9982219111500001	-0.8951007887243658	0.171625
5	2670	z[2,142]	sub-11085	latent_z_kappa	-1.117703952	0.6844854763829515	0.7839844074481197	-0.8030264751549999	0.8070221403	1.76104846415	-2.2987567243194333	0.02509375
5	2670	z[3,142]	sub-11085	latent_z_preference_friend	0.1187994117	-0.32912162041528603	0.5555463637491667	-1.0354862386	-0.43034745645	0.7605325416199997	0.8062711977672591	0.8305
5	2670	z[4,142]	sub-11085	latent_z_preference_stranger	0.8470380104	0.6681667040944709	0.762253951940512	-0.686175512655	0.72312514515	1.82483114985	0.23466104157304346	0.570625
5	2670	z[1,143]	sub-11090	latent_z_alpha	-1.641687286	-0.34488875786115625	0.627978076660201	-1.4591432888	-0.29748867334999995	0.59656485657	-2.0650378991503255	0.03115625
5	2670	z[2,143]	sub-11090	latent_z_kappa	0.05125977343	0.8256976610237405	0.547337542493864	-0.19949315203499998	0.8985919228	1.5917115684999996	-1.4149182679213395	0.0903125
5	2670	z[3,143]	sub-11090	latent_z_preference_friend	-0.5524171534	-0.3140038234382748	0.22573029754835194	-0.6741286548750001	-0.31705964005	0.050325590445999956	-1.0561866641346913	0.12996875
5	2670	z[4,143]	sub-11090	latent_z_preference_stranger	0.3762893089	0.3271640095810851	0.47528772105486305	-0.5593730456949999	0.4090389196	0.93768085812	0.10335907523528114	0.46775
5	2670	z[1,144]	sub-11113	latent_z_alpha	-1.015845356	-1.1999598168071492	0.657666268762349	-2.2785191620000003	-1.2040503175000001	-0.11484057343000016	0.27995119949458724	0.61378125
5	2670	z[2,144]	sub-11113	latent_z_kappa	0.5480073583	0.5183522182444791	0.5837784477243355	-0.490371241485	0.5492909669	1.4236094428000001	0.050798620899969095	0.49896875
5	2670	z[3,144]	sub-11113	latent_z_preference_friend	-0.2499409144	-0.12067462902759697	0.23298916522719085	-0.49861412381	-0.11968865155	0.25399554777999994	-0.5548167239723519	0.2725625
5	2670	z[4,144]	sub-11113	latent_z_preference_stranger	-1.159010813	-0.5440601113754706	0.5692004410995657	-1.5799501493499999	-0.4816002183	0.2627737392799999	-1.0803763616847954	0.1378125
5	2670	z[1,145]	sub-11116	latent_z_alpha	-0.4792745658	-1.1422190725211852	0.6373160656099653	-2.2689168277	-1.0866457585	-0.19411968524500006	1.0402130787126656	0.849125
5	2670	z[2,145]	sub-11116	latent_z_kappa	1.557410797	1.1723377704647842	0.6546007847450939	0.03444217536600001	1.2161359145000001	2.1713098679	0.5882562861350158	0.705625
5	2670	z[3,145]	sub-11116	latent_z_preference_friend	0.3238739165	0.5268524829915564	0.362656151538878	-0.00390639970454999	0.4921280976	1.1716727278999999	-0.559699775200963	0.30540625
5	2670	z[4,145]	sub-11116	latent_z_preference_stranger	-0.6607015028	-0.7839938384048216	0.6082012531910417	-1.85910118175	-0.7295925418	0.12020415386999997	0.20271634587719994	0.54678125
5	2670	z[1,146]	sub-11120	latent_z_alpha	0.611144647	0.3704149611356338	0.73621562452585	-0.863947585045	0.3776985329	1.5668241807999999	0.3269825820654173	0.6285
5	2670	z[2,146]	sub-11120	latent_z_kappa	-0.3570319266	-0.3652623311743653	0.6855948701425868	-1.5023646964	-0.36178560375	0.7474515312149999	0.012004763939749988	0.5031875
5	2670	z[3,146]	sub-11120	latent_z_preference_friend	1.299115879	1.221123322238374	0.6924448955018269	0.163745813615	1.1840910299999998	2.41886228475	0.11263359332745664	0.56625
5	2670	z[4,146]	sub-11120	latent_z_preference_stranger	-0.01483357229	0.3189249434490034	0.9018186560043511	-1.17648256805	0.31411434174999997	1.8111042999999996	-0.37009493373953123	0.35584375
5	2670	z[1,147]	sub-11125	latent_z_alpha	2.2397393	0.8549709462364494	1.0902747028970186	-0.8951348835249999	0.86578170585	2.6201869062	1.2701095880552118	0.89346875
5	2670	z[2,147]	sub-11125	latent_z_kappa	-1.651008429	-1.4027879845536078	0.8111038687791255	-2.77702333365	-1.374753394	-0.1254891331950003	-0.30602793797545796	0.3725
5	2670	z[3,147]	sub-11125	latent_z_preference_friend	0.8712078583	-1.0563967335720221	1.0417427404882595	-2.50047901	-1.2472255745	0.8413975461649993	1.8503652744136845	0.95240625
5	2670	z[4,147]	sub-11125	latent_z_preference_stranger	-0.1695323553	-0.06797651844720719	0.9682885515162502	-1.6912331768	-0.050073898925	1.49028447255	-0.10488179034417558	0.451
5	2670	z[1,148]	sub-11126	latent_z_alpha	-0.4892696949	0.4209998874482252	0.8324286558285765	-0.908574143145	0.40626179695	1.8007944761499997	-1.0935106281777	0.13434375
5	2670	z[2,148]	sub-11126	latent_z_kappa	0.4334394279	-0.3212394129022324	0.8211498446714259	-1.7099971914499998	-0.29651823330000004	0.9821587859899996	0.9190513104270377	0.80975
5	2670	z[3,148]	sub-11126	latent_z_preference_friend	-0.818782482	-0.266353350882107	0.6833556765288528	-1.10523854425	-0.4395656453	1.0719258189499996	-0.8084064420507793	0.1845
5	2670	z[4,148]	sub-11126	latent_z_preference_stranger	1.240481679	0.532066332530642	0.8498780466910221	-1.00711769845	0.62471655695	1.8024539661499999	0.8335494124451792	0.8095625
5	2670	z[1,149]	sub-11128	latent_z_alpha	1.700692015	0.3443723912251954	0.8017169193692865	-0.981448984365	0.3526118727	1.6549110353499996	1.6917687415675673	0.9551875
5	2670	z[2,149]	sub-11128	latent_z_kappa	0.9074320551	-0.27285310581783107	0.7338856484010216	-1.4747838716	-0.28166917485	0.9516520906949997	1.6082684863635333	0.94390625
5	2670	z[3,149]	sub-11128	latent_z_preference_friend	2.581882626	1.3140328334437101	0.6981523686594701	0.24038413911	1.279575371	2.5277207760500002	1.8160072922057144	0.9569375
5	2670	z[4,149]	sub-11128	latent_z_preference_stranger	0.4594907854	0.49558037687819617	0.9107716969282631	-1.0137143817	0.49278785895	2.0101313612	-0.03962528875229066	0.48509375
5	2670	z[1,150]	sub-11134	latent_z_alpha	-1.250700172	-0.1708945311295169	0.7762436017954878	-1.39690410025	-0.19159471655	1.1148177150999998	-1.3910654314867679	0.0733125
5	2670	z[2,150]	sub-11134	latent_z_kappa	-0.09540463139	-0.34294468048472315	0.6622693420949569	-1.5145432541500001	-0.2933008786	0.64162380981	0.3737754918741665	0.62025
5	2670	z[3,150]	sub-11134	latent_z_preference_friend	-1.069009852	-1.6662535542409227	0.5293686694837362	-2.5753581553	-1.632315942	-0.9114450614050001	1.1282188324884834	0.89771875
5	2670	z[4,150]	sub-11134	latent_z_preference_stranger	0.5920943663	0.21934184889454414	0.7640801987311686	-1.1923870365999998	0.32287273910000003	1.2963332459999997	0.4878447550721097	0.65571875
5	2670	z[1,151]	sub-11139	latent_z_alpha	-0.9143789353	-1.3981040810646517	0.5680739767672411	-2.3873721119	-1.3658173435	-0.5259365425850002	0.8515178753960947	0.7984375
5	2670	z[2,151]	sub-11139	latent_z_kappa	0.8766809219	0.5727092678319442	0.5695344465076052	-0.42872506837	0.6153322461999999	1.4358871840499998	0.533719524660914	0.686375
5	2670	z[3,151]	sub-11139	latent_z_preference_friend	-0.3889554366	-0.2568616193505954	0.27189303014766186	-0.699932495505	-0.252764355	0.179994407025	-0.4858300971439613	0.3009375
5	2670	z[4,151]	sub-11139	latent_z_preference_stranger	-0.2283499251	0.07481495119091601	0.4489102528769176	-0.74374704665	0.13558219865	0.6985202269249999	-0.6753351574129403	0.21459375
5	2670	z[1,152]	sub-11164	latent_z_alpha	-0.3550175756	0.5437097002650327	0.8234747518938791	-0.8190512648949999	0.55233385955	1.89559410825	-1.0913841302336025	0.13421875
5	2670	z[2,152]	sub-11164	latent_z_kappa	-1.134198992	-0.704955486671789	0.7675221832460571	-2.007688009	-0.6791174628	0.51083156689	-0.5592587611120569	0.283
5	2670	z[3,152]	sub-11164	latent_z_preference_friend	0.3328980102	-0.2804483965002983	0.7493984648337138	-1.3418206341499999	-0.37882116135	1.0977917811499995	0.8184516455293187	0.80621875
5	2670	z[4,152]	sub-11164	latent_z_preference_stranger	-1.782625507	-0.0999566783692509	0.9316381322336155	-1.65064753585	-0.08899272566	1.4263081810999996	-1.8061399275237127	0.03659375
5	2670	z[1,153]	sub-11167	latent_z_alpha	0.004868584223	0.3880533605219667	0.830981454147456	-0.9641384785	0.3713912562	1.7611268195499998	-0.46112313865306953	0.32184375
5	2670	z[2,153]	sub-11167	latent_z_kappa	0.3503382956	-0.600501259309215	0.7677794678456988	-1.8957121025	-0.5802757338	0.602805411185	1.238427953246994	0.8938125
5	2670	z[3,153]	sub-11167	latent_z_preference_friend	-0.777571056	-0.21051705811321228	0.8809322909966963	-1.2773247584	-0.40893614845	1.4332315348	-0.6436975959244458	0.34721875
5	2670	z[4,153]	sub-11167	latent_z_preference_stranger	2.581608996	1.7751303174826454	1.1678600351610755	-0.26687435013499994	1.8800262305	3.52270584855	0.6905610725913076	0.73009375
5	2670	z[1,154]	sub-11168	latent_z_alpha	0.7861319844	0.030196707049071157	0.7819266077444829	-1.19021824815	-0.008886697102000001	1.3747709879999996	0.9667598849609074	0.8400625
5	2670	z[2,154]	sub-11168	latent_z_kappa	0.6555380958	-0.42990703028574456	0.6769216548809622	-1.6183776721	-0.37731975855	0.5937112024799999	1.603501850264521	0.96146875
5	2670	z[3,154]	sub-11168	latent_z_preference_friend	-0.6197631034	-0.939630133594474	0.4421523300003526	-1.5764681678499999	-0.9579537526499999	-0.25234087799500005	0.7234317417126784	0.8440625
5	2670	z[4,154]	sub-11168	latent_z_preference_stranger	0.5320105165	-0.5880810813090197	0.8030218034810067	-1.98397138375	-0.54450328995	0.6313399493199999	1.394845809856659	0.93259375
5	2670	z[1,155]	sub-11171	latent_z_alpha	-1.425224402	-1.104255087274044	0.5660411092835922	-2.1203413591499998	-1.0520981580000002	-0.2678755862100001	-0.5670424099270628	0.26575
5	2670	z[2,155]	sub-11171	latent_z_kappa	0.7122220925	1.0681554295803313	0.5654505682424972	0.038288038435000005	1.1314074239999998	1.87912511485	-0.6294685284102268	0.24096875
5	2670	z[3,155]	sub-11171	latent_z_preference_friend	-0.2542147148	-0.03817639876249183	0.25183756839065713	-0.437653116975	-0.04326710949	0.38387994678999976	-0.8578478477936374	0.18925
5	2670	z[4,155]	sub-11171	latent_z_preference_stranger	0.4028541981	0.6627843303324705	0.2612844881992169	0.244587611345	0.6709978048	1.06445805315	-0.9948165466075669	0.1335625
5	2670	z[1,156]	sub-11177	latent_z_alpha	-0.3365201256	-1.3624548535037528	0.5884111974613345	-2.39683842175	-1.3170748319999999	-0.4779013582500002	1.7435676484915443	0.9739375
5	2670	z[2,156]	sub-11177	latent_z_kappa	1.516717655	1.090645631785431	0.577201135371624	0.06374311668	1.1409981065	1.9405151310999997	0.7381690663866207	0.76125
5	2670	z[3,156]	sub-11177	latent_z_preference_friend	-0.2356310941	0.05345895044152867	0.3054522934794919	-0.42345459766	0.039970582645	0.57475348503	-0.9464327186691699	0.165375
5	2670	z[4,156]	sub-11177	latent_z_preference_stranger	1.030787998	0.8062737556490709	0.24832651113302798	0.416000870165	0.80571090565	1.2094501946499998	0.9041090350222711	0.83521875
5	2670	z[1,157]	sub-11192	latent_z_alpha	-0.8253913499	0.1858370263387463	0.5638938727911085	-0.75153266844	0.1964882554	1.0819662683999998	-1.7932955561894364	0.040375
5	2670	z[2,157]	sub-11192	latent_z_kappa	0.4894158646	0.3979627365549943	0.607064399456037	-0.7201922872	0.4766873503	1.245411847	0.15064814890636427	0.50896875
5	2670	z[3,157]	sub-11192	latent_z_preference_friend	-0.4959736144	-0.5812833436592417	0.2899124216196588	-1.01904419615	-0.5897949057	-0.13485392274500005	0.2942603451850748	0.65115625
5	2670	z[4,157]	sub-11192	latent_z_preference_stranger	0.3956433551	-0.345468736172185	0.6789051801802178	-1.58090800785	-0.26271483475	0.6009649486949997	1.0916282758005382	0.87946875
5	2670	z[1,158]	sub-11193	latent_z_alpha	-0.1690520833	0.43709562291277926	0.8590516255861673	-0.935719540415	0.4053467723	1.8707696722999998	-0.7056010234532517	0.2504375
5	2670	z[2,158]	sub-11193	latent_z_kappa	-0.8524671081	-0.7125087198761689	0.7267627751541715	-1.87636260505	-0.7313128466500001	0.5128307644249999	-0.1925778163227211	0.4324375
5	2670	z[3,158]	sub-11193	latent_z_preference_friend	-0.3070112814	0.31856506618098807	0.7017780228669529	-0.69699833237	0.2455773544	1.5977923577499995	-0.8914162700982565	0.18353125
5	2670	z[4,158]	sub-11193	latent_z_preference_stranger	0.9854744219	-0.2542389355529623	0.9008697890712266	-1.7268891124499999	-0.25964472195	1.2356126823999998	1.3761293502039564	0.9159375
5	2670	z[1,159]	sub-11201	latent_z_alpha	0.7707631594	0.5125439548608781	0.9907605641710149	-1.11982357135	0.5188486612000001	2.144204429549999	0.2606272533214702	0.59759375
5	2670	z[2,159]	sub-11201	latent_z_kappa	-0.7795232899	-0.5917073043318105	0.9359970573572971	-2.1373992229	-0.5889702177	0.9282734606949998	-0.2006587350802906	0.4186875
5	2670	z[3,159]	sub-11201	latent_z_preference_friend	-0.4246257745	-0.7351909124318567	0.8746378563132704	-1.9971007402999998	-0.8533508325000001	0.8963092000649999	0.3550785455833519	0.6916875
5	2670	z[4,159]	sub-11201	latent_z_preference_stranger	-0.9575047824	0.05224335847220467	0.9578773291576814	-1.5591690885	0.079020365825	1.5942899438	-1.0541518314877922	0.1450625
5	2670	z[1,160]	sub-11203	latent_z_alpha	1.282522114	0.9967013408311025	0.8519873223619494	-0.36453893839499996	0.97466578515	2.4201622017499997	0.3354753828689864	0.6380625
5	2670	z[2,160]	sub-11203	latent_z_kappa	-0.386984426	-1.2312642925766877	0.7938985169905615	-2.55733825985	-1.2211379675	0.051735471525499586	1.0634606924032397	0.85540625
5	2670	z[3,160]	sub-11203	latent_z_preference_friend	-0.48850585	-0.6174321851013358	0.9131025871531314	-1.93267746795	-0.72776310275	1.0285151524499998	0.14119589289884932	0.59578125
5	2670	z[4,160]	sub-11203	latent_z_preference_stranger	-0.2946473601	-0.03850843631654364	0.9589543506287418	-1.6309417455	-0.0311344754	1.52544991865	-0.2671023116121408	0.38921875
5	2670	z[1,161]	sub-11209	latent_z_alpha	0.2272726193	-0.34070402917126597	0.7688546011267954	-1.50544940785	-0.39179706135	1.0609013938999998	0.738730896113345	0.79565625
5	2670	z[2,161]	sub-11209	latent_z_kappa	0.5621891604	-0.19892455642937068	0.6307847712054342	-1.29245357085	-0.16454095775	0.7662669653599998	1.2066139697299239	0.8961875
5	2670	z[3,161]	sub-11209	latent_z_preference_friend	0.07876896724	-0.38898758002208533	0.3788620140480693	-0.90566829999	-0.4305258784	0.28251443523499964	1.2346356454799854	0.9086875
5	2670	z[4,161]	sub-11209	latent_z_preference_stranger	-0.7191056722	-0.3787235275854057	0.7525010656913516	-1.72918685465	-0.29846625405	0.7018285452899999	-0.45233443530325396	0.30078125
5	2670	z[1,162]	sub-11227	latent_z_alpha	-1.045203838	-1.6487631614439868	0.5723837872978141	-2.6337495635	-1.6167504065	-0.76593906846	1.0544661411416811	0.85528125
5	2670	z[2,162]	sub-11227	latent_z_kappa	0.9649541267	0.845024351317883	0.5520234262108376	-0.13767361366999997	0.8896806535499999	1.6666487796	0.21725486580403117	0.55625
5	2670	z[3,162]	sub-11227	latent_z_preference_friend	-0.4603305985	-0.06013834801222966	0.3453696045619917	-0.61433849306	-0.06470945722	0.509881980575	-1.1587361632338966	0.11446875
5	2670	z[4,162]	sub-11227	latent_z_preference_stranger	0.3260624676	0.698906954975263	0.2825841329398556	0.23722122546500002	0.7040057019	1.1470932937999998	-1.3194105539344565	0.0841875
5	2670	z[1,163]	sub-11238	latent_z_alpha	-0.4716331325	-0.30384692554112225	0.6603167031847182	-1.3655240841	-0.3123513714	0.7992300002949997	-0.25409959516341496	0.39659375
5	2670	z[2,163]	sub-11238	latent_z_kappa	0.1941841521	-0.23659591973002633	0.5839919717861382	-1.25402057185	-0.20294031369999999	0.6591104111799999	0.7376472496916121	0.765875
5	2670	z[3,163]	sub-11238	latent_z_preference_friend	-0.6069806519	-0.08671579530113531	0.37888448021265175	-0.66097138047	-0.11046330069999999	0.5644481400549999	-1.3731490302977365	0.06871875
5	2670	z[4,163]	sub-11238	latent_z_preference_stranger	-0.09451107348	-1.2011331000448247	0.727751015156492	-2.4532574029	-1.1722291194999999	-0.06013645586850009	1.5206052667983734	0.94396875
5	2670	z[1,164]	sub-11246	latent_z_alpha	0.370697987	-0.4504943711518414	0.5360952012049248	-1.4265856357	-0.39295149705	0.326157593335	1.5318032250729603	0.961
5	2670	z[2,164]	sub-11246	latent_z_kappa	1.193908499	0.5800130885655185	0.5211672667201668	-0.373582896085	0.6416436643	1.3232148549	1.1779239596106557	0.9025
5	2670	z[3,164]	sub-11246	latent_z_preference_friend	0.2466558005	-0.05018904194441016	0.2667025363134694	-0.45306348166	-0.06830508370999999	0.411125883735	1.113018445747036	0.8726875
5	2670	z[4,164]	sub-11246	latent_z_preference_stranger	-0.3256018259	-0.2496239883634122	0.5757220900965118	-1.3145047791	-0.1691784991	0.550623246585	-0.13196964098398786	0.39434375
5	2670	z[1,165]	sub-11276	latent_z_alpha	0.3942760789	1.0605812693991465	0.8118943746976413	-0.29006975285	1.064319535	2.3806348769	-0.8206796490581503	0.20428125
5	2670	z[2,165]	sub-11276	latent_z_kappa	-1.736095393	-1.0810394120914864	0.7906756285803014	-2.38636290655	-1.0842781824999999	0.2118176712399999	-0.8284762514872253	0.20290625
5	2670	z[3,165]	sub-11276	latent_z_preference_friend	-0.6378733333	-0.254763894586428	0.87425276487886	-1.5405497343	-0.3247115261	1.29491474155	-0.43821358548023254	0.36121875
5	2670	z[4,165]	sub-11276	latent_z_preference_stranger	-0.5288873479	0.26177751267255134	0.9655727564876241	-1.3287929933	0.27276220365000003	1.84273210875	-0.8188558089073275	0.20815625
5	2670	z[1,166]	sub-11286	latent_z_alpha	-1.537096219	-1.5304156448188597	0.5521894353035204	-2.5037459282	-1.4878621425	-0.68902734783	-0.012098337552344001	0.466125
5	2670	z[2,166]	sub-11286	latent_z_kappa	0.9911106903	0.6450355062228257	0.6317458889027964	-0.439055629075	0.6733193076	1.6316900963999998	0.5478075760464872	0.69628125
5	2670	z[3,166]	sub-11286	latent_z_preference_friend	-0.2023648955	-0.18309687144906342	0.32499283780458094	-0.727151775675	-0.17456685454999998	0.331900642845	-0.05928753439951959	0.4645625
5	2670	z[4,166]	sub-11286	latent_z_preference_stranger	-1.221465481	-0.6189428417087739	0.7295400568450716	-1.92417797385	-0.54372782625	0.4452882545099998	-0.8258938404244204	0.1998125
5	2670	z[1,167]	sub-11301	latent_z_alpha	0.753852958	0.49376064829846233	0.7282270144480253	-0.6425937281849999	0.4610946901	1.7441756717999999	0.35715828243295805	0.661625
5	2670	z[2,167]	sub-11301	latent_z_kappa	-1.76943861	-0.6737806686481795	0.7465024644015621	-1.9636527053	-0.6367081497	0.491592484715	-1.4677218007982877	0.0795
5	2670	z[3,167]	sub-11301	latent_z_preference_friend	0.4624249262	-0.5026800613124547	0.6725592129538025	-1.36805814215	-0.6436703095	0.8138366645799999	1.4349740051494126	0.9066875
5	2670	z[4,167]	sub-11301	latent_z_preference_stranger	-1.224209371	-0.3007970795384083	0.8703680353577911	-1.7732732031	-0.2796228516	1.0892181638499996	-1.0609446279607397	0.14603125
5	2670	z[1,168]	sub-11311	latent_z_alpha	-0.9989628561	-0.7221845854195262	0.601318641734942	-1.75020760045	-0.7008366216999999	0.21676390256999994	-0.4602855316141623	0.30646875
5	2670	z[2,168]	sub-11311	latent_z_kappa	-0.009021024029	-0.02375396798565165	0.5714692846235772	-1.0288924764	0.012881815395	0.8424270262399999	0.025780815090274082	0.4845
5	2670	z[3,168]	sub-11311	latent_z_preference_friend	-0.2619273892	0.22171865510637673	0.38570753482709935	-0.365694878295	0.19840773109999998	0.89220120208	-1.2539190983737982	0.090125
5	2670	z[4,168]	sub-11311	latent_z_preference_stranger	-0.3107297753	-1.136815948030537	0.6866812461422381	-2.32830183045	-1.0995922665	-0.07765756098650047	1.203012572968132	0.89234375
5	2670	z[1,169]	sub-11312	latent_z_alpha	-1.439535684	-0.3540121770160164	0.7129901070565676	-1.5063577073	-0.3634651084	0.8366462916249997	-1.5224944865859964	0.06115625
5	2670	z[2,169]	sub-11312	latent_z_kappa	-0.1436729212	-0.04881606703844561	0.6178805408011351	-1.1271914442	-0.007812433973000001	0.88944447291	-0.15351973059155472	0.4140625
5	2670	z[3,169]	sub-11312	latent_z_preference_friend	-1.095827867	-1.4954369707760566	0.47963770578115117	-2.3721907436	-1.4459398355	-0.802263614465	0.8331478091891095	0.797125
5	2670	z[4,169]	sub-11312	latent_z_preference_stranger	0.4738887979	0.19998496788211093	0.6765378419071844	-1.04801241735	0.2895753337	1.1504363382499996	0.404861063271412	0.61996875
5	2670	z[1,170]	sub-11316	latent_z_alpha	0.8895724541	0.21160182416306247	0.7947343369630867	-1.13267690095	0.24224884275	1.4633372152	0.8530783161171346	0.7983125
5	2670	z[2,170]	sub-11316	latent_z_kappa	0.7150935654	-0.2970245921309922	0.6988863252236656	-1.4552546845	-0.28861696675000004	0.8250174620849996	1.4481870956726515	0.92915625
5	2670	z[3,170]	sub-11316	latent_z_preference_friend	0.778409108	0.9984591422459321	0.6533508407678379	0.020615000459	0.94858537245	2.15479894145	-0.3368022515855687	0.39553125
5	2670	z[4,170]	sub-11316	latent_z_preference_stranger	-0.2310498997	-0.0586277547515647	0.8824613018293745	-1.50612873865	-0.05917847059	1.3997672367999996	-0.19538776894918553	0.42190625
5	2670	z[1,171]	sub-11318	latent_z_alpha	-0.1502211387	0.6153306259360959	0.8849536181842451	-0.818238248805	0.6045643611	2.09745366655	-0.8650755801268558	0.19653125
5	2670	z[2,171]	sub-11318	latent_z_kappa	-0.1386484036	-0.6972709843500864	0.8311030118729357	-2.1461203539500002	-0.6456320177499999	0.56917303426	0.6721460189287489	0.73740625
5	2670	z[3,171]	sub-11318	latent_z_preference_friend	-0.9176221974	-0.9627530370569877	0.7202957171851816	-1.9110718196499998	-1.087666896	0.485777437445	0.06265598778422972	0.627875
5	2670	z[4,171]	sub-11318	latent_z_preference_stranger	-0.1156147946	-0.2763284181371714	0.8859306018335366	-1.7769550048999998	-0.24639750215	1.1141959583999999	0.18140656074477599	0.55978125
5	2670	z[1,172]	sub-11321	latent_z_alpha	-0.05930682335	-0.03882815584979095	0.7243402926529058	-1.2574892103	-0.022714740599999998	1.1186965158999997	-0.02827216393720922	0.47921875
5	2670	z[2,172]	sub-11321	latent_z_kappa	-0.1311997679	-0.362131334536196	0.6527605537889	-1.45961190095	-0.34819255835	0.68482337181	0.3537768409806183	0.63165625
5	2670	z[3,172]	sub-11321	latent_z_preference_friend	0.9268453305	1.7655033765550001	0.7135737889951984	0.6423552868200001	1.736650266	2.9829124187	-1.1752926732860187	0.11671875
5	2670	z[4,172]	sub-11321	latent_z_preference_stranger	1.926311574	0.8615006837568262	0.9210560862911312	-0.653705882905	0.8658920413	2.3760186523	1.1560760588759673	0.876125
5	2670	z[1,173]	sub-11325	latent_z_alpha	-1.025381747	-1.5021155548063412	0.6378786497356085	-2.62586825315	-1.4582445800000001	-0.532294090015	0.7473738273007577	0.76190625
5	2670	z[2,173]	sub-11325	latent_z_kappa	1.770575693	1.214206286989023	0.6145473738572452	0.120039427885	1.265919139	2.1377463301999997	0.9053320047873435	0.817375
5	2670	z[3,173]	sub-11325	latent_z_preference_friend	0.7293898691	0.7746468261184049	0.4110185666675494	0.16158146895	0.7393141742	1.5020266896	-0.11010927653545811	0.48975
5	2670	z[4,173]	sub-11325	latent_z_preference_stranger	-0.07482235643	-0.307175231560112	0.6258523745053739	-1.4404241167	-0.23647925879999998	0.5845586007299995	0.3712582784618274	0.60365625
5	2670	z[1,174]	sub-11326	latent_z_alpha	1.01619059	1.0426162533967804	0.9105882768480215	-0.474497121315	1.0510279599999999	2.5146556202999997	-0.02902043005457122	0.48434375
5	2670	z[2,174]	sub-11326	latent_z_kappa	-1.412960997	-1.0430660628946307	0.8684147233439601	-2.4805440243	-1.033398455	0.36531775504499997	-0.42594272547687123	0.33659375
5	2670	z[3,174]	sub-11326	latent_z_preference_friend	-0.4908111477	-0.8717699050361093	0.9176254840629584	-2.14611184915	-1.0345157605	0.8387248913299999	0.4151571245050248	0.699
5	2670	z[4,174]	sub-11326	latent_z_preference_stranger	0.3285137558	0.03774314127501415	0.9588221167645766	-1.5731170161999999	0.061633043695	1.5593551484	0.3032581429245232	0.607625
5	2670	z[1,175]	sub-11329	latent_z_alpha	-1.541578987	-0.8345305724977569	0.6390728971382602	-1.9350479285000002	-0.79965175065	0.1539466059399999	-1.1063658272293728	0.13834375
5	2670	z[2,175]	sub-11329	latent_z_kappa	-0.1566134655	0.6820671884957583	0.6122256230436206	-0.386019243215	0.7282579285	1.6081375882499997	-1.3698881955092608	0.09346875
5	2670	z[3,175]	sub-11329	latent_z_preference_friend	0.7043993592	0.7929605929071372	0.46751693110384657	0.09397236075700001	0.7603513599	1.6155499085499998	-0.18942893361751995	0.45203125
5	2670	z[4,175]	sub-11329	latent_z_preference_stranger	0.609157342	0.08477421267207458	0.7799502811279249	-1.24482859335	0.11508903209999999	1.3069320865	0.6723289189274847	0.74578125
5	2670	z[1,176]	sub-11330	latent_z_alpha	-0.4455860724	0.5579282612184411	0.7496435669928211	-0.64738429375	0.54071775555	1.81142268955	-1.3386552994031777	0.08465625
5	2670	z[2,176]	sub-11330	latent_z_kappa	-1.288427716	-0.9095046337679903	0.6789207268020049	-2.04268297275	-0.90136730275	0.18841556465499992	-0.5581256651522377	0.28409375
5	2670	z[3,176]	sub-11330	latent_z_preference_friend	0.096379635	0.34121902381797586	0.7643107887488743	-0.781457708455	0.27696278105	1.6988003964999998	-0.3203400925672678	0.40696875
5	2670	z[4,176]	sub-11330	latent_z_preference_stranger	0.4724661151	0.20545965929636548	0.9323958051819241	-1.3335273449499998	0.20991212609999998	1.7329696739499998	0.2863659985595255	0.61246875
5	2670	z[1,177]	sub-11337	latent_z_alpha	0.3965994154	0.04264302769455462	0.457373715557595	-0.692433366695	0.039477542095	0.77362234682	0.7738887821175487	0.80653125
5	2670	z[2,177]	sub-11337	latent_z_kappa	1.21161912	0.7379891471579203	0.5194652576422579	-0.207677074765	0.8110023263	1.4458794921499998	0.9117644844850359	0.837875
5	2670	z[3,177]	sub-11337	latent_z_preference_friend	-0.5161159322	-0.7199018693644819	0.2708550498858037	-1.1787267688	-0.70760362315	-0.306928795745	0.7523800543885037	0.78534375
5	2670	z[4,177]	sub-11337	latent_z_preference_stranger	0.4100589562	0.18637555455794763	0.5060240903228977	-0.77052156129	0.2671115532	0.8464092961499998	0.4420410133029799	0.641
5	2670	z[1,178]	sub-11338	latent_z_alpha	0.1329415271	1.0733294500027712	0.8411318485516728	-0.299900315325	1.0682363604999998	2.4615998627	-1.1180029914715575	0.12590625
5	2670	z[2,178]	sub-11338	latent_z_kappa	-1.691186137	-1.274277442234263	0.780092725689504	-2.5728396352500003	-1.2587786135	-0.013300548436000158	-0.5344347935013009	0.2955
5	2670	z[3,178]	sub-11338	latent_z_preference_friend	0.3892396656	-0.48201145629914105	0.9230088554030087	-1.85072953765	-0.5579567604	1.1239835184499998	0.9439249870671403	0.8205625
5	2670	z[4,178]	sub-11338	latent_z_preference_stranger	0.7211088855	0.20619912492138925	0.9876844729908478	-1.4317873285	0.20793310475	1.8125531680999996	0.5213302169460975	0.69646875
5	2670	z[1,179]	sub-11340	latent_z_alpha	0.9747164576	0.9617705016907317	0.41873739084756195	0.287669746385	0.9690431221	1.6236926693499998	0.030916646548005917	0.50653125
5	2670	z[2,179]	sub-11340	latent_z_kappa	1.159244214	1.5296284927544022	0.4641244977117739	0.74566856494	1.560903495	2.2179831392	-0.7980278580003215	0.1845
5	2670	z[3,179]	sub-11340	latent_z_preference_friend	-0.1476403599	-0.4532822213756297	0.338596766115721	-0.99186076685	-0.46115361104999997	0.11413138253999996	0.9026721223060103	0.823
5	2670	z[4,179]	sub-11340	latent_z_preference_stranger	-1.130609693	-0.6039204646424313	0.605586529690627	-1.6669331205500002	-0.55899318545	0.3138846959499999	-0.8697175424734692	0.1865
5	2670	z[1,180]	sub-11345	latent_z_alpha	1.048668443	-0.6274942155383155	0.6162694056644061	-1.6682996552499998	-0.6057239051500001	0.35190126640499997	2.719853757353455	0.99646875
5	2670	z[2,180]	sub-11345	latent_z_kappa	0.06224990247	0.2611836673670616	0.5719562477712382	-0.770548080325	0.31561964145	1.10419516795	-0.3478129064456481	0.33371875
5	2670	z[3,180]	sub-11345	latent_z_preference_friend	0.7124331441	-0.06354901311832083	0.29211273329357546	-0.50258704306	-0.08260322319499999	0.44589827975999996	2.656447558684315	0.98821875
5	2670	z[4,180]	sub-11345	latent_z_preference_stranger	-0.9103636953	-0.4196036400518902	0.6344030771063508	-1.5782013692499999	-0.3416782391	0.47165931415999995	-0.7735776716067839	0.2080625
5	2670	z[1,181]	sub-11348	latent_z_alpha	1.15689496	0.1214968855090701	0.8161726433773907	-1.1865902857000001	0.098296394535	1.4935950566499998	1.2686017877374154	0.89121875
5	2670	z[2,181]	sub-11348	latent_z_kappa	1.057866503	-0.3225065421432795	0.697527333641835	-1.47333800725	-0.32541998535	0.8188159064949997	1.9789519042017514	0.97671875
5	2670	z[3,181]	sub-11348	latent_z_preference_friend	0.3935090558	0.5869371694735819	0.6181965269614379	-0.29525135485	0.518351519	1.71319756945	-0.31289097437075636	0.4166875
5	2670	z[4,181]	sub-11348	latent_z_preference_stranger	-0.2159345094	-0.2800541379914348	0.8271698057230303	-1.6242480421999999	-0.27899177379999995	1.0743033938	0.07751688727973785	0.53134375
5	2670	z[1,182]	sub-11358	latent_z_alpha	1.056422513	0.46343010242464366	0.6448054607489602	-0.54043468208	0.4349281022	1.56562580595	0.9196454538188596	0.84021875
5	2670	z[2,182]	sub-11358	latent_z_kappa	-1.573365963	0.28585828006362046	0.7799362629495927	-1.2868565486999999	0.44769970044999996	1.27799030135	-2.383815615948328	0.02690625
5	2670	z[3,182]	sub-11358	latent_z_preference_friend	-0.7566511259	-0.7612827883205032	0.5949403333157612	-1.3613592865	-0.9048760989	0.5677779322599998	0.007785087278735462	0.679125
5	2670	z[4,182]	sub-11358	latent_z_preference_stranger	0.736968143	2.566325199900534	1.0248380877929606	0.4498757176	2.7277056115000002	3.9353625117	-1.7850205595306714	0.0671875
5	2670	z[1,183]	sub-11364	latent_z_alpha	-1.261923378	-1.1258247535741963	0.6679011680060137	-2.27480716095	-1.0928106115	-0.09118900469600005	-0.20377060401334463	0.40359375
5	2670	z[2,183]	sub-11364	latent_z_kappa	1.005862132	1.2195931667085433	0.6742766738395247	0.067132792157	1.250343279	2.2744619856	-0.3169782420197001	0.3606875
5	2670	z[3,183]	sub-11364	latent_z_preference_friend	-0.7650558683	-0.6455637587898507	0.4688243257994673	-1.4587653567499999	-0.6176315642000001	0.06678669373099996	-0.25487608670131234	0.37221875
5	2670	z[4,183]	sub-11364	latent_z_preference_stranger	0.7775144874	0.9623805588816451	0.6542632276618581	-0.12841416363	0.96536545225	2.016891362599999	-0.2825561084065528	0.37225
5	2670	z[1,184]	sub-11367	latent_z_alpha	0.3648248899	-0.6510176845222461	0.728880758067055	-1.87174646205	-0.63557204595	0.5084089178299998	1.393702005683612	0.9220625
5	2670	z[2,184]	sub-11367	latent_z_kappa	1.164967934	0.873057413578066	0.5714762020856071	-0.1557863269	0.93450169385	1.7055182642	0.5108008336245748	0.66978125
5	2670	z[3,184]	sub-11367	latent_z_preference_friend	0.1204564248	0.41600095821137206	0.3741242192182591	-0.14833900991500001	0.38863282359999995	1.07125566945	-0.7899636490492888	0.21878125
5	2670	z[4,184]	sub-11367	latent_z_preference_stranger	-0.2922315355	-0.6610905833997738	0.6516781862258013	-1.82683153715	-0.6063695284999999	0.30395126014	0.5660141089515724	0.69365625
5	2670	z[1,185]	sub-11374	latent_z_alpha	0.8475168021	0.8499316113039848	0.7997149981483365	-0.494451930835	0.8611575932	2.1491314532	-0.003019587239924217	0.4926875
5	2670	z[2,185]	sub-11374	latent_z_kappa	-0.4016858301	-0.6344853582516655	0.8325035735490821	-2.03150119695	-0.61087760905	0.6857799645799999	0.27963787249489847	0.60109375
5	2670	z[3,185]	sub-11374	latent_z_preference_friend	-0.1434512904	-0.4826890388244675	0.7601675993895645	-1.5185600907	-0.61382062985	0.951059480095	0.4462670451843577	0.71571875
5	2670	z[4,185]	sub-11374	latent_z_preference_stranger	-0.01160874246	-0.13715850093021878	0.9082664798604498	-1.63906259045	-0.12307260510000001	1.3289130005999998	0.13823009133785144	0.550125
5	2670	z[1,186]	sub-11376	latent_z_alpha	-0.1376547796	-0.7083294674581548	0.6276081953623756	-1.81199974375	-0.6672799906	0.23811386203499993	0.9092849521008121	0.82153125
5	2670	z[2,186]	sub-11376	latent_z_kappa	0.988582145	0.8421174286427726	0.5670430462921786	-0.180273915725	0.90316869955	1.6641480559	0.2582955867547292	0.56196875
5	2670	z[3,186]	sub-11376	latent_z_preference_friend	0.250217189	0.44848922166029637	0.37162728051515226	-0.10276605104	0.418230096	1.1054605484	-0.5335238908872629	0.31496875
5	2670	z[4,186]	sub-11376	latent_z_preference_stranger	-0.2792551022	-0.5736852732174486	0.6407358315622813	-1.7216128713999999	-0.5208180377	0.374136754325	0.4595188165137431	0.6505625
5	2670	z[1,187]	sub-11377	latent_z_alpha	-1.095372618	-0.03092866790736733	0.7325332374140858	-1.2716229387	-0.011105678365	1.1385417135999998	-1.4530998673182727	0.077125
5	2670	z[2,187]	sub-11377	latent_z_kappa	-1.25877042	-0.14073256286406227	0.6671545412894608	-1.2629605323500002	-0.1205892487	0.914792479415	-1.6758303930226122	0.05084375
5	2670	z[3,187]	sub-11377	latent_z_preference_friend	2.8781454	1.9240747456598604	0.7160707398101005	0.80298274243	1.896463671	3.14725806185	1.3323692776403013	0.9034375
5	2670	z[4,187]	sub-11377	latent_z_preference_stranger	0.3258666256	0.724901803472532	0.9332393102290251	-0.8262993199	0.7253675694	2.2615511089499996	-0.4275807646536077	0.33359375
5	2670	z[1,188]	sub-11387	latent_z_alpha	-1.4905048	-1.6185465093311486	0.6103695748433898	-2.68037375135	-1.5826253664999999	-0.6789937271700001	0.20977734574008186	0.55953125
5	2670	z[2,188]	sub-11387	latent_z_kappa	1.364214605	1.085008255480535	0.572847129590433	0.05259248105350001	1.1382859655	1.9246184454	0.48740114962099645	0.666
5	2670	z[3,188]	sub-11387	latent_z_preference_friend	0.4266586713	0.7783240533864273	0.41353694336135066	0.16170509145	0.7443422135	1.5093379536999998	-0.8503844402098323	0.1975
5	2670	z[4,188]	sub-11387	latent_z_preference_stranger	0.1557759983	-0.2574810214846691	0.631266732162098	-1.3967561575999998	-0.18141941374999998	0.6351256816449999	0.6546472334590762	0.71709375
5	2670	z[1,189]	sub-11396	latent_z_alpha	0.2562502743	-0.6499495840366819	0.7117893850721697	-1.76867151425	-0.671234044	0.5421350641049999	1.2731292111708024	0.90171875
5	2670	z[2,189]	sub-11396	latent_z_kappa	0.1624556815	-0.32544715791529	0.589866276910059	-1.33679540865	-0.2958715278	0.5931343240849999	0.8271414361422867	0.7983125
5	2670	z[3,189]	sub-11396	latent_z_preference_friend	-0.7732801747	-0.6169735465478634	0.2946805863760176	-1.09548267355	-0.61450274965	-0.14703898174000016	-0.5304273012158548	0.27796875
5	2670	z[4,189]	sub-11396	latent_z_preference_stranger	0.737889561	-0.7176737588224642	0.7336532803461823	-2.04977075875	-0.64673708995	0.3539172765549998	1.9839934732325342	0.993
5	2670	z[1,190]	sub-11410	latent_z_alpha	-0.3969959374	-0.9537926544269365	0.5508988623451356	-1.9210798748000002	-0.91126746415	-0.1274500490450002	1.0107058755879332	0.8513125
5	2670	z[2,190]	sub-11410	latent_z_kappa	0.8877148088	0.1304926464614989	0.5537275263095022	-0.844026838875	0.1753442993	0.9560391540699998	1.3674995848323728	0.92996875
5	2670	z[3,190]	sub-11410	latent_z_preference_friend	-0.7058453888	-0.8591094001907125	0.3316654343890685	-1.44242253	-0.8326788777	-0.37074504264999997	0.4621042638134013	0.665125
5	2670	z[4,190]	sub-11410	latent_z_preference_stranger	0.3625634293	0.07591006667179423	0.5588015644583055	-0.975009247485	0.16624182355	0.819544209115	0.512978811908094	0.6659375
5	2670	z[1,191]	sub-11416	latent_z_alpha	-0.1609069784	0.215961620212946	0.9351720349840299	-1.17653743365	0.12820154655	1.9115752046499999	-0.40299387119652463	0.36509375
5	2670	z[2,191]	sub-11416	latent_z_kappa	-0.8246435728	-0.5774399932868074	0.8211997829347331	-2.07832746065	-0.49414478975	0.61919063972	-0.3010273317776068	0.34425
5	2670	z[3,191]	sub-11416	latent_z_preference_friend	-2.7278084	-1.6141992545888544	0.7565736336981738	-2.6890766185999997	-1.6709254295	-0.18002802073000013	-1.4719111211525604	0.044625
5	2670	z[4,191]	sub-11416	latent_z_preference_stranger	-0.3397736558	0.008355496344617816	0.8928607840143927	-1.5235165338999999	0.0521368727	1.39211202325	-0.3899030603398145	0.3339375
5	2670	z[1,192]	sub-11426	latent_z_alpha	-0.6460468584	-0.05184085608431335	0.7664148057219992	-1.36542648095	-0.022288948864999998	1.16215387795	-0.7753060064594086	0.213
5	2670	z[2,192]	sub-11426	latent_z_kappa	0.5892447465	0.20556722051677923	0.7164262582273905	-1.02558011185	0.24386318875	1.32153063105	0.5355436398053451	0.6893125
5	2670	z[3,192]	sub-11426	latent_z_preference_friend	-0.09758897656	0.4106206851865859	0.5300101444379142	-0.36373547030500003	0.3573266231	1.3506753088499999	-0.9588678010786981	0.15709375
5	2670	z[4,192]	sub-11426	latent_z_preference_stranger	0.04399586546	-0.41721483799409004	0.8169741809763656	-1.7707803688	-0.41520657660000004	0.9142752531799999	0.5645352254619568	0.71328125
5	2670	z[1,193]	sub-11430	latent_z_alpha	1.508367295	0.9651859805025917	0.8079294565578367	-0.380271890375	0.9708343017500001	2.2845293057	0.6723127992035576	0.75196875
5	2670	z[2,193]	sub-11430	latent_z_kappa	-0.7725926536	-1.0508530020902662	0.7676940000931317	-2.3340698559999997	-1.0405838515	0.179518878475	0.36246258073725923	0.633875
5	2670	z[3,193]	sub-11430	latent_z_preference_friend	0.8463674653	-0.3922331399561815	0.8385285696230713	-1.6063781135	-0.49119229475000004	1.1317948436999998	1.4771119913218311	0.91690625
5	2670	z[4,193]	sub-11430	latent_z_preference_stranger	-1.167971969	-0.11241688069470908	0.9435463227133163	-1.66213069895	-0.1134256478	1.4310078076999997	-1.118710404455688	0.1328125
5	2670	z[1,194]	sub-11432	latent_z_alpha	-0.5945501766	-1.1653118921532868	0.7872959742169068	-2.3923820434	-1.19705233	0.17313232568999948	0.7249646057456367	0.78634375
5	2670	z[2,194]	sub-11432	latent_z_kappa	1.0145999	0.2995235697625235	0.6673436511742464	-0.872921584515	0.35445345885	1.29227040205	1.071526385212837	0.8663125
5	2670	z[3,194]	sub-11432	latent_z_preference_friend	-0.5218504109	-0.5692526024161355	0.5050680900577962	-1.44949837035	-0.53634276875	0.1957826126299998	0.09385307139619771	0.512375
5	2670	z[4,194]	sub-11432	latent_z_preference_stranger	0.8789291578	0.46838691053276504	0.5773730189908628	-0.719716600265	0.5920493485	1.1524872439999996	0.7110520127608041	0.79428125
5	2670	z[1,195]	sub-11433	latent_z_alpha	-1.62514163	-1.2865995938636783	0.5733951095492782	-2.28082788515	-1.253657016	-0.4037944665150002	-0.5904166786536343	0.2635625
5	2670	z[2,195]	sub-11433	latent_z_kappa	0.3598825098	0.8307970408175177	0.5237721588032154	-0.11575582902499999	0.88777874965	1.5857343783999998	-0.8990827845709214	0.17615625
5	2670	z[3,195]	sub-11433	latent_z_preference_friend	-0.6299031497	-0.22350863481209887	0.2976851591831463	-0.712789639785	-0.21901702725	0.25605634035999997	-1.3651823154471503	0.0808125
5	2670	z[4,195]	sub-11433	latent_z_preference_stranger	0.5900278475	0.7781920615897888	0.2548892147719764	0.37371127833	0.78170928995	1.1811175877	-0.7382195996724313	0.20425
5	2670	z[1,196]	sub-11435	latent_z_alpha	-0.008076769044	-0.3479935370841365	0.5770297898222116	-1.3631701695	-0.3013393159	0.5132147476849999	0.5890801030305005	0.71453125
5	2670	z[2,196]	sub-11435	latent_z_kappa	0.8725158471	0.060822187948704115	0.5459928150150573	-0.91902077301	0.11226314185	0.862355838875	1.4866379864887256	0.95271875
5	2670	z[3,196]	sub-11435	latent_z_preference_friend	-0.3476366078	-0.7756097365201838	0.24333570840453975	-1.1888632983	-0.763443037	-0.40653146957	1.7587765130166955	0.9699375
5	2670	z[4,196]	sub-11435	latent_z_preference_stranger	-0.6569805659	-0.8582059961473365	0.6928967284183845	-2.0862234048	-0.79455568295	0.16470741156499974	0.2904118636938241	0.57903125
5	2670	z[1,197]	sub-11439	latent_z_alpha	0.450798504	-0.8872148952791302	0.5901859503109844	-1.8622515504000001	-0.87873494515	0.04827810301049996	2.267104797350896	0.98903125
5	2670	z[2,197]	sub-11439	latent_z_kappa	-0.4235713507	-0.3441216468034139	0.5585999250063719	-1.32947787625	-0.30041945535000003	0.496598057735	-0.1422300654545914	0.412625
5	2670	z[3,197]	sub-11439	latent_z_preference_friend	-1.482046773	-1.0006881719191285	0.33502904642622544	-1.5799443279	-0.9754350280999999	-0.5063474232599999	-1.436766770569752	0.0775625
5	2670	z[4,197]	sub-11439	latent_z_preference_stranger	-0.7445976916	-0.3095004798639685	0.6901240885227732	-1.5866359159	-0.2173472529	0.6422805230299998	-0.6304622878290878	0.2385625
5	2670	z[1,198]	sub-11440	latent_z_alpha	-0.2355316701	0.8147756232050873	0.8155847848398263	-0.539867837105	0.8255374180499999	2.1416268555	-1.2877965759395065	0.10178125
5	2670	z[2,198]	sub-11440	latent_z_kappa	-1.588832711	-1.0127688446625935	0.7252240122285519	-2.2096365821	-1.012768873	0.16759538176499988	-0.7943254175592049	0.21175
5	2670	z[3,198]	sub-11440	latent_z_preference_friend	0.1488510355	0.06986652843837929	0.8344698931001294	-1.1924912521500002	0.020190858540000002	1.5279505102499995	0.09465231485846216	0.56115625
5	2670	z[4,198]	sub-11440	latent_z_preference_stranger	0.6459111462	0.4920631078676944	0.9692975370193848	-1.1264716240500001	0.5068738813	2.0661129581999997	0.1587211691524486	0.55925
5	2670	z[1,199]	sub-11443	latent_z_alpha	-2.016814808	-1.113031709948635	0.659846122332865	-2.16433726	-1.1201169155000001	-0.07336763599750022	-1.3696876702951113	0.0773125
5	2670	z[2,199]	sub-11443	latent_z_kappa	0.00606648966	0.032210707230703226	0.5794170729182596	-0.9905790757	0.086136044085	0.874684493205	-0.04512158649213894	0.44378125
5	2670	z[3,199]	sub-11443	latent_z_preference_friend	-0.7219834783	-0.8613394775153759	0.41906540247312285	-1.6234224206	-0.8102242438	-0.28330638399	0.3325399767982842	0.600375
5	2670	z[4,199]	sub-11443	latent_z_preference_stranger	0.4454133007	0.8671150473092778	0.4235834935587585	0.16821222669500002	0.8994904164	1.4626583887499995	-0.9955575536391393	0.11228125
5	2670	z[1,200]	sub-11451	latent_z_alpha	0.9683349375	-0.3651976424302093	0.6375441003550101	-1.4304598987	-0.35415241909999995	0.6465507485699998	2.091671116064983	0.97978125
5	2670	z[2,200]	sub-11451	latent_z_kappa	-0.5314364797	-0.13083180876347028	0.628770036569989	-1.237742564	-0.08663134647	0.8236353908449999	-0.6371243024268031	0.249125
5	2670	z[3,200]	sub-11451	latent_z_preference_friend	-0.142024078	-0.19642925412487666	0.36885233620770014	-0.709794918085	-0.2369966012	0.45349735069999964	0.14749852660345142	0.61875
5	2670	z[4,200]	sub-11451	latent_z_preference_stranger	1.265501052	-0.5184114028858989	0.7273010083792537	-1.80579619665	-0.4533349041	0.5538379859749999	2.452784245220889	0.998125
5	2670	z[1,201]	sub-11461	latent_z_alpha	0.4071227371	1.0262460288673265	0.966738964516917	-0.588763641685	1.0501842085	2.5798374973	-0.6404244728841614	0.265125
5	2670	z[2,201]	sub-11461	latent_z_kappa	-1.621527501	-1.2255560720559884	0.8408301753387968	-2.6403839493	-1.2082666835	0.12776442285499945	-0.470929137128627	0.316875
5	2670	z[3,201]	sub-11461	latent_z_preference_friend	-1.316956438	-0.9078984044056488	0.9590216008665172	-2.25873719285	-1.0673902515	0.8444156605849996	-0.42653683006175225	0.38453125
5	2670	z[4,201]	sub-11461	latent_z_preference_stranger	-0.1413873627	0.009180419836055014	0.9636671493457122	-1.6057514880500001	0.02963282295	1.5486246251	-0.1562445940367314	0.43159375
5	2670	z[1,202]	sub-11462	latent_z_alpha	-0.8774574169	1.021167225950579	0.8558846555399706	-0.45028518601499995	1.0513951295	2.3648729753499995	-2.218318356990233	0.01884375
5	2670	z[2,202]	sub-11462	latent_z_kappa	-1.132813405	-0.39837686720119303	1.0532889364675608	-2.14338219705	-0.3930551456	1.2959794978499999	-0.6972792672273798	0.25303125
5	2670	z[3,202]	sub-11462	latent_z_preference_friend	-1.373126821	-0.9484591867478654	0.8246233837689361	-2.0758738484999997	-1.0836640929999999	0.6414335109149999	-0.5149837399846628	0.31396875
5	2670	z[4,202]	sub-11462	latent_z_preference_stranger	1.030878902	0.2278124946637331	0.9746089914740466	-1.4286731373	0.2694509921	1.7593798969499999	0.8239883013203785	0.78875
5	2670	z[1,203]	sub-11472	latent_z_alpha	1.170207044	0.7325294616251372	0.8004167781645142	-0.5680929626	0.7190018763	2.06636161175	0.5468121037873903	0.71475
5	2670	z[2,203]	sub-11472	latent_z_kappa	0.01269339366	-1.1522709333784567	0.689574453605076	-2.30372942185	-1.1454091905000001	-0.030146016318500016	1.6893960049535706	0.956625
5	2670	z[3,203]	sub-11472	latent_z_preference_friend	-1.061014454	-0.03304533812681962	0.8184255345750556	-1.24367821505	-0.098265233625	1.4046981857499998	-1.2560325557375531	0.08940625
5	2670	z[4,203]	sub-11472	latent_z_preference_stranger	-0.5189724485	0.0038926417279209254	0.9498026843269107	-1.5786486317500001	0.005438364875000001	1.5579275282	-0.5504986444615659	0.28840625
5	2670	z[1,204]	sub-11492	latent_z_alpha	-0.2391616814	-0.04659487445487716	0.7788842211613174	-1.3838293929999999	-0.00767592905	1.1591651476999998	-0.24723418669080943	0.390875
5	2670	z[2,204]	sub-11492	latent_z_kappa	-0.1336710471	-0.2364210606621724	0.7004696586449519	-1.40793877705	-0.2174494555	0.8757135402349999	0.14668731513787586	0.546625
5	2670	z[3,204]	sub-11492	latent_z_preference_friend	0.817215538	1.9584887416965857	0.7145265100055536	0.82387175794	1.9333124009999998	3.1807222843	-1.5972440318382524	0.048625
5	2670	z[4,204]	sub-11492	latent_z_preference_stranger	1.150098405	0.729869118244889	0.927802199284578	-0.79255632721	0.726979263	2.2612045596000003	0.4529298239206019	0.674875
5	2670	z[1,205]	sub-11493	latent_z_alpha	-1.410071492	0.06691264469097424	0.7311944195112553	-1.18571535625	0.097643109135	1.2164377148999999	-2.0199608986050785	0.0265625
5	2670	z[2,205]	sub-11493	latent_z_kappa	-1.070163985	-0.20668407011293902	0.6609624040773703	-1.3330277807	-0.18852139805	0.834675220565	-1.3063979275680324	0.09871875
5	2670	z[3,205]	sub-11493	latent_z_preference_friend	1.063089479	1.5777616031399266	0.6857672612055998	0.5102417297799999	1.5379801585	2.7706830021	-0.7505055333716533	0.23334375
5	2670	z[4,205]	sub-11493	latent_z_preference_stranger	-1.044028126	0.3728617646193677	0.9137635556373203	-1.12922336875	0.36950685095	1.87799542905	-1.5506088876910102	0.06059375
5	2670	z[1,206]	sub-11498	latent_z_alpha	1.037818438	0.09648136079465272	0.7600191973119811	-1.1218632906000001	0.07209705281	1.3938578485	1.2385701315633173	0.88946875
5	2670	z[2,206]	sub-11498	latent_z_kappa	-0.03992731005	-0.42987602663268304	0.6735075548929985	-1.5410771425	-0.42328801785000003	0.6654698380799999	0.5789819486800485	0.72278125
5	2670	z[3,206]	sub-11498	latent_z_preference_friend	0.9586367913	0.9873136745169181	0.699128766203804	-0.08456719341899999	0.94408075795	2.2052102568999996	-0.041018027870074	0.5075625
5	2670	z[4,206]	sub-11498	latent_z_preference_stranger	1.703945542	0.07525372796446689	0.9198900419567003	-1.429872599	0.075204226775	1.5925010444999996	1.7705288020850174	0.96203125
5	2670	z[1,207]	sub-11517	latent_z_alpha	-1.18724574	-0.9378003613990902	0.5579269546604435	-1.9159756029	-0.90060099865	-0.0944389628070001	-0.44709325569818237	0.3068125
5	2670	z[2,207]	sub-11517	latent_z_kappa	-0.6849083219	0.3855497206082151	0.5513410557785768	-0.610591166295	0.43921121935	1.1969312436499997	-1.9415532931727109	0.03975
5	2670	z[3,207]	sub-11517	latent_z_preference_friend	-0.5774807747	-0.33543064697881153	0.2203185551832918	-0.698750089515	-0.33115260365	0.01115212988849998	-1.0986370508821526	0.1264375
5	2670	z[4,207]	sub-11517	latent_z_preference_stranger	-1.436063642	0.029268932000459734	0.514096188724448	-0.9427377622850001	0.11702469809999999	0.6880809616849999	-2.850308183836523	0.0156875
5	2670	z[1,208]	sub-11518	latent_z_alpha	-0.5742577772	-0.9388106044754521	0.6964048202074998	-2.0789284064499998	-0.9357103825499999	0.2068899995249996	0.5234783228048743	0.7111875
5	2670	z[2,208]	sub-11518	latent_z_kappa	0.4135397493	0.6241919770298845	0.5551549583293083	-0.37397175082	0.6781804904	1.4302498823499996	-0.3794476201092115	0.32134375
5	2670	z[3,208]	sub-11518	latent_z_preference_friend	-0.4971105716	-0.20735481987032012	0.23727066958786885	-0.58776395707	-0.2093497443	0.18202646968499997	-1.2212034139448245	0.10140625
5	2670	z[4,208]	sub-11518	latent_z_preference_stranger	0.2251098171	0.5041791606945956	0.41696166231436194	-0.265860473325	0.5693469672	1.0309772645	-0.6692925724768323	0.17765625
5	2670	z[1,209]	sub-11523	latent_z_alpha	0.002723587572	-0.13915074180198034	0.7211912366129343	-1.23756233375	-0.17041891329999997	1.0710649080999999	0.19672220372545204	0.61015625
5	2670	z[2,209]	sub-11523	latent_z_kappa	0.4404946494	-0.5108475259053931	0.6507296868352833	-1.6678371987	-0.4477650856	0.4237849111949998	1.4619621550264428	0.95353125
5	2670	z[3,209]	sub-11523	latent_z_preference_friend	-1.335837911	-1.8246384815171772	0.5656763691467481	-2.74190815365	-1.8010201805000001	-1.0501926028000002	0.8640993281272674	0.84321875
5	2670	z[4,209]	sub-11523	latent_z_preference_stranger	0.8395705018	0.2553957861335885	0.7861457728749545	-1.1548613159	0.3374798733	1.41361357395	0.7430870149311752	0.76915625
5	2670	z[1,210]	sub-11526	latent_z_alpha	-0.4081154293	-0.6903009330844798	0.650226104234916	-1.86382325845	-0.6168656993499999	0.2543291893949999	0.4339805829796874	0.63234375
5	2670	z[2,210]	sub-11526	latent_z_kappa	1.961038742	1.2509874895787143	0.6122709870050368	0.13731066548499998	1.3248684389999998	2.1252816678	1.1597009616518779	0.896875
5	2670	z[3,210]	sub-11526	latent_z_preference_friend	0.1455006155	0.06588032814210325	0.23808375262505882	-0.30757020943	0.057469666615	0.46684523253	0.3344213390456975	0.6465625
5	2670	z[4,210]	sub-11526	latent_z_preference_stranger	0.3059255279	-0.1113792990928199	0.4595494765466211	-0.937244397015	-0.05583885109	0.53305286808	0.908073772880219	0.83075
5	2670	z[1,211]	sub-11527	latent_z_alpha	-1.057004402	-0.31732235617084414	0.6256594538045317	-1.4182968819	-0.27010593215	0.6264257174949999	-1.1822438569916456	0.12215625
5	2670	z[2,211]	sub-11527	latent_z_kappa	-0.4653354379	-0.029921019480233974	0.5859447704755683	-1.06922012005	0.0193142135	0.8394674780649999	-0.7430980535356125	0.2173125
5	2670	z[3,211]	sub-11527	latent_z_preference_friend	-1.636330788	-1.722381583226731	0.48570205673912004	-2.6028927408499998	-1.669236789	-1.0237849133	0.1771678625461342	0.52834375
5	2670	z[4,211]	sub-11527	latent_z_preference_stranger	-0.0609313749	0.02046072684320366	0.6860639120455163	-1.2167306041500001	0.08222947832	1.0389618816	-0.11863632573316839	0.41646875
5	2670	z[1,212]	sub-11529	latent_z_alpha	0.02598802714	-0.9487288398759006	0.7353247830687653	-2.15862474315	-0.94032874555	0.23481132316499978	1.3255596567112415	0.91315625
5	2670	z[2,212]	sub-11529	latent_z_kappa	0.8638572922	0.5834135600873362	0.6512111637261518	-0.582027291285	0.64599936375	1.52855888655	0.4306494540234821	0.637875
5	2670	z[3,212]	sub-11529	latent_z_preference_friend	-0.7001063671	-0.5183492887619255	0.46593811156978665	-1.3282803477	-0.49101848810000004	0.19056109079999994	-0.39008845557990257	0.318
5	2670	z[4,212]	sub-11529	latent_z_preference_stranger	-0.3183648341	0.43239205577266293	0.524222573606077	-0.5962919432899999	0.5373098441499999	1.0705207215499999	-1.432133844806182	0.08546875
5	2670	z[1,213]	sub-11530	latent_z_alpha	0.09735797765	0.3111934334220826	0.8322621765020497	-1.10158074275	0.34576210325	1.6287771549499999	-0.256932805322021	0.38571875
5	2670	z[2,213]	sub-11530	latent_z_kappa	0.0185549504	-0.358863891950378	0.7116747003195197	-1.5799032336999999	-0.32985964585	0.7546928857499997	0.5303249394434405	0.69015625
5	2670	z[3,213]	sub-11530	latent_z_preference_friend	-0.4221844646	-0.2619231245052462	0.55519214576658	-0.99211893698	-0.3561310944	0.80847411779	-0.28865923503559904	0.4393125
5	2670	z[4,213]	sub-11530	latent_z_preference_stranger	-1.385972801	-0.5096978023425636	0.827499156503351	-1.9144231675	-0.48618531465	0.7964553207949999	-1.0589436759793096	0.1455
5	2670	z[1,214]	sub-11532	latent_z_alpha	0.6906719472	0.08006845208750034	0.7059104664475125	-1.1377724874	0.1088491851	1.1999502323	0.8649871678278914	0.81646875
5	2670	z[2,214]	sub-11532	latent_z_kappa	0.1211309728	-0.2622712523228602	0.6390844006672128	-1.3588192621000001	-0.23259701295000001	0.7399810673199992	0.5999242427488185	0.7220625
5	2670	z[3,214]	sub-11532	latent_z_preference_friend	1.625035963	1.7672198433231245	0.6941881044491024	0.678643794275	1.7346982855	2.9603611697	-0.204820392933641	0.43634375
5	2670	z[4,214]	sub-11532	latent_z_preference_stranger	-0.02613146822	0.5114627698268073	0.9251162835592422	-0.996452382925	0.50897128945	2.0310405931999997	-0.5811099075875049	0.2814375
5	2670	z[1,215]	sub-11533	latent_z_alpha	0.6789537998	-0.3700167138629476	0.4760272101671735	-1.2352314487	-0.31735253760000004	0.3127954012549999	2.2035935998166267	0.99521875
5	2670	z[2,215]	sub-11533	latent_z_kappa	1.508641946	1.2328941081758726	0.507489496063999	0.29927066735	1.2967041315	1.94579929975	0.5433567393271783	0.68390625
5	2670	z[3,215]	sub-11533	latent_z_preference_friend	-0.5226540823	-0.4238465372251921	0.2733507003144392	-0.87376861817	-0.4232892409	0.01818078618649988	-0.3614680517048178	0.35034375
5	2670	z[4,215]	sub-11533	latent_z_preference_stranger	-0.5124187438	0.28337572002848277	0.3650169366691703	-0.36360281843000003	0.32449925945	0.79452575751	-2.1801576416979898	0.0300625
5	2670	z[1,216]	sub-11534	latent_z_alpha	-1.103394179	-0.4118353939029605	0.6252011373395693	-1.48366857575	-0.38360287844999996	0.5581071220649998	-1.1061380790825865	0.13134375
5	2670	z[2,216]	sub-11534	latent_z_kappa	-0.2673766798	0.3469017643197489	0.5522770293358737	-0.6377737404099999	0.3974462162	1.16020241255	-1.1122650617180898	0.1338125
5	2670	z[3,216]	sub-11534	latent_z_preference_friend	-0.980463525	-0.5107138411703221	0.23093371697453732	-0.88842945296	-0.5067196108500001	-0.14978246983500001	-2.0341320876997457	0.025
5	2670	z[4,216]	sub-11534	latent_z_preference_stranger	0.474859719	-0.14690055758443885	0.6330288628309871	-1.3509403479	-0.033770897715	0.683562186165	0.9821989376658852	0.8566875
5	2670	z[1,217]	sub-11535	latent_z_alpha	-0.009513056037	-0.3918764896699922	0.9671111024631782	-1.8116577883	-0.51127106005	1.4250636641499999	0.39536660540772806	0.70059375
5	2670	z[2,217]	sub-11535	latent_z_kappa	-0.03504428558	0.9554254868077042	0.7459284883599817	-0.31003337453499996	0.9817140550500001	2.1270393199999997	-1.3278347560707562	0.09959375
5	2670	z[3,217]	sub-11535	latent_z_preference_friend	-0.6729617803	-0.24158294063437602	0.26230062846750446	-0.660300505445	-0.2433195069	0.18681193554999997	-1.6445970495227618	0.0463125
5	2670	z[4,217]	sub-11535	latent_z_preference_stranger	-1.982115422	-0.09103340412270315	0.5968896659525305	-1.25117167055	0.02762802543	0.6649129967599999	-3.168227104182586	0.0081875
5	2670	z[1,218]	sub-11536	latent_z_alpha	0.4126503233	0.0767678131229462	0.7913010185978283	-1.18794909755	0.05938318173	1.3958836874999994	0.42446869431841733	0.675125
5	2670	z[2,218]	sub-11536	latent_z_kappa	-1.133456296	-0.1313003040524357	0.6900001326703821	-1.3324066030500001	-0.089696289355	0.9179349633199998	-1.452399709068319	0.08009375
5	2670	z[3,218]	sub-11536	latent_z_preference_friend	-0.815054704	-0.8489658687365993	0.36685420834647425	-1.4215801444	-0.84745932395	-0.3042344515100001	0.09243771494253103	0.5440625
5	2670	z[4,218]	sub-11536	latent_z_preference_stranger	-0.8957379796	-0.5783479958128717	0.7891621174276222	-1.9711823674	-0.51917183075	0.5967041515449999	-0.4021860360222343	0.3228125
5	2670	z[1,219]	sub-11539	latent_z_alpha	0.09975258842	0.4646007275254062	0.7639204339765393	-0.77724858692	0.449773293	1.7413733021499997	-0.47759965943863075	0.31503125
5	2670	z[2,219]	sub-11539	latent_z_kappa	-1.316922709	-0.18838185220355172	0.7252020419640671	-1.4118819016	-0.16794786244999999	0.9690842515999999	-1.5561744058800735	0.063625
5	2670	z[3,219]	sub-11539	latent_z_preference_friend	0.5621292503	0.2917568131720813	0.5965736590715475	-0.54284384482	0.2131036562	1.3852949141	0.45320880836190724	0.71415625
5	2670	z[4,219]	sub-11539	latent_z_preference_stranger	0.534483341	-0.5151041175151663	0.8266183012708922	-1.8794749172	-0.51272658225	0.8394579908199999	1.269736536078947	0.90178125
5	2670	z[1,220]	sub-11540	latent_z_alpha	0.09315969442	0.320473922208081	0.732200499464238	-0.912946861615	0.33530879140000003	1.4982817418999999	-0.31045352735269943	0.3671875
5	2670	z[2,220]	sub-11540	latent_z_kappa	-0.004391073078	-0.32860092701621235	0.6776165578665879	-1.46248799715	-0.31860428725	0.7662254935899999	0.47845621564938823	0.6816875
5	2670	z[3,220]	sub-11540	latent_z_preference_friend	0.4763595509	1.2978030829793057	0.6888930324404958	0.236067112405	1.2591364265	2.48997865315	-1.1924108582855482	0.11290625
5	2670	z[4,220]	sub-11540	latent_z_preference_stranger	1.015085481	0.43568789572873445	0.8950821597233334	-1.0322525366500002	0.4281441097	1.9132620422	0.6473121813201542	0.73953125
5	2670	z[1,221]	sub-11542	latent_z_alpha	-0.5376148646	0.14508426746514447	0.6962741502422999	-1.0048773576499999	0.14470152635	1.2926095934499997	-0.9805033431552336	0.14825
5	2670	z[2,221]	sub-11542	latent_z_kappa	-0.7957088209	0.06449486969528377	0.8024056122382066	-1.3866782559500002	0.15501426364999998	1.22166110635	-1.0720309996285504	0.15178125
5	2670	z[3,221]	sub-11542	latent_z_preference_friend	-1.177061266	-0.7672876671403744	0.41317060595928123	-1.3598498612	-0.7886646517	-0.12489824847500018	-0.9917781975516659	0.116625
5	2670	z[4,221]	sub-11542	latent_z_preference_stranger	-0.1423187052	0.04173211084351134	0.7751701465576011	-1.402659911	0.1778934708	1.0621425815999999	-0.23743279699411768	0.35225
5	2670	z[1,222]	sub-11545	latent_z_alpha	0.6672304299	-0.038240205935107185	0.6687746079893627	-1.15544075855	-0.02592855344	1.03219736865	1.054870545931864	0.8641875
5	2670	z[2,222]	sub-11545	latent_z_kappa	0.2283403266	-0.46930273777299647	0.6265473723997064	-1.5407858989999998	-0.44037297205	0.5053946255999999	1.1134721732228965	0.8715
5	2670	z[3,222]	sub-11545	latent_z_preference_friend	0.2984879117	0.37071891641825594	0.5753429545020902	-0.434231078285	0.29677900859999995	1.42790882395	-0.12554425869482605	0.50146875
5	2670	z[4,222]	sub-11545	latent_z_preference_stranger	0.1283575648	-0.5835042655771481	0.8148880303348209	-1.9319164766499999	-0.58143851645	0.75326433878	0.8735701150066696	0.8155
5	2670	z[1,223]	sub-11551	latent_z_alpha	-0.8180266522	-0.833050134051477	0.5503666015515776	-1.81498100275	-0.7829156649	-0.021526381815000037	0.02729722662880194	0.47340625
5	2670	z[2,223]	sub-11551	latent_z_kappa	0.671963889	0.5842466606659877	0.5498108580577254	-0.4154326847	0.6441494602	1.3779344518499996	0.15954073486995912	0.52090625
5	2670	z[3,223]	sub-11551	latent_z_preference_friend	-0.3537978335	-0.34125339561659734	0.21959657666903218	-0.6993665456	-0.34010791655	0.012506368806499961	-0.057124924594380906	0.4730625
5	2670	z[4,223]	sub-11551	latent_z_preference_stranger	0.4505307176	0.4249016552528175	0.41003898324468074	-0.310489905795	0.4903247287	0.9408471535099998	0.06250396521905582	0.44803125
5	2670	z[1,224]	sub-11559	latent_z_alpha	0.0843103762	0.924606451603676	0.7983157413769486	-0.41139948661	0.9364198428999999	2.21711081515	-1.0525861283335325	0.14246875
5	2670	z[2,224]	sub-11559	latent_z_kappa	-0.1294042679	-0.8946277190788553	0.7912902176924459	-2.21999381825	-0.87881523895	0.375347155525	0.9670578936390667	0.82971875
5	2670	z[3,224]	sub-11559	latent_z_preference_friend	-1.057226204	-0.4633223586036203	0.8139364348447322	-1.6177841671000002	-0.5742998158	1.0571203117499999	-0.7296685834068525	0.23978125
5	2670	z[4,224]	sub-11559	latent_z_preference_stranger	0.2626672697	-0.17106988922051852	0.9250892110619067	-1.70207511615	-0.16315605095000002	1.3391000561	0.46885981777112407	0.67959375
5	2670	z[1,225]	sub-11560	latent_z_alpha	1.821576327	0.9191083356924367	0.8231676619624564	-0.43780017479	0.919222041	2.26316286875	1.096335574160011	0.8640625
5	2670	z[2,225]	sub-11560	latent_z_kappa	-0.1748139772	-1.1404376983321953	0.7408602028422769	-2.3625504966	-1.1390534435	0.07283022175749991	1.3033818221408346	0.904125
5	2670	z[3,225]	sub-11560	latent_z_preference_friend	-0.5325428248	-0.13891861209461667	0.8497300974723485	-1.4185358268000001	-0.19719829605	1.3500190507499998	-0.463234400989536	0.34290625
5	2670	z[4,225]	sub-11560	latent_z_preference_stranger	-1.037812455	0.018738781722951084	0.9737740460963947	-1.59135713395	0.02488949101	1.6107427975	-1.0850065689862947	0.1391875
5	2670	z[1,226]	sub-11563	latent_z_alpha	0.02291512	-0.266481094387221	0.7740689034704447	-1.52262264355	-0.27431496155	1.0268080146999998	0.3738636355106735	0.65590625
5	2670	z[2,226]	sub-11563	latent_z_kappa	1.500088787	0.40902304942958917	0.6515977489173738	-0.7623894558650001	0.4782437893	1.3571291581	1.674446757041765	0.9760625
5	2670	z[3,226]	sub-11563	latent_z_preference_friend	-0.30284096	-0.22032795664882485	0.387664350950818	-0.685237482365	-0.28531710925	0.5292766876299999	-0.21284650793604531	0.4723125
5	2670	z[4,226]	sub-11563	latent_z_preference_stranger	1.015467349	0.5657124015641039	0.6091048297825421	-0.6124513191700001	0.67128898135	1.3664001724499995	0.7383867693127045	0.7890625
5	2670	z[1,227]	sub-11565	latent_z_alpha	1.684060002	1.0165600305914788	0.6742584359189552	-0.07907664518049996	1.0191916335000002	2.11703155865	0.9899764479754373	0.83965625
5	2670	z[2,227]	sub-11565	latent_z_kappa	0.8021571537	0.4391461091714804	0.8317798140045015	-1.0513463247	0.5383481452500001	1.6322117620999999	0.43642685049165547	0.62609375
5	2670	z[3,227]	sub-11565	latent_z_preference_friend	0.200108993	-0.29224708874579014	0.6052180165283635	-1.0547374318	-0.4194768531	0.8930031564300001	0.8135185475310712	0.81696875
5	2670	z[4,227]	sub-11565	latent_z_preference_stranger	1.160096937	0.5198749769228693	0.7975411411650665	-0.873664421085	0.57424269625	1.7521548796	0.8027447451072928	0.79946875
5	2670	z[1,228]	sub-11570	latent_z_alpha	-0.333601011	-0.09215696311226937	0.7073236944524186	-1.2678763757	-0.08759458373500001	1.0509569683	-0.3413487343650305	0.3574375
5	2670	z[2,228]	sub-11570	latent_z_kappa	-0.2227257797	-0.2592149131029537	0.6429047167659376	-1.3372799535	-0.2446925465	0.77708614507	0.05675667396952433	0.51425
5	2670	z[3,228]	sub-11570	latent_z_preference_friend	0.09606675172	1.95159410753648	0.7188751821793962	0.813647406235	1.9231095114999999	3.1823818620499997	-2.581153727120087	0.0025
5	2670	z[4,228]	sub-11570	latent_z_preference_stranger	0.899868656	0.7248497219226617	0.9350175276240072	-0.8088495192199999	0.72029675915	2.2552054533	0.18718251680488018	0.574625
5	2670	z[1,229]	sub-11572	latent_z_alpha	0.4679907283	-0.8777787691057231	0.7047868421559321	-2.1250339914999996	-0.82531745745	0.17359369214499995	1.9094702354105175	0.9895
5	2670	z[2,229]	sub-11572	latent_z_kappa	1.832138021	1.2490036469982524	0.6937388335871669	0.04618164027300001	1.2926527835	2.30795792575	0.8405675821641574	0.79303125
5	2670	z[3,229]	sub-11572	latent_z_preference_friend	1.34549827	0.8522616657906912	0.4578361735542454	0.165917557255	0.8197567956	1.6584670086999997	1.0773211744721807	0.85771875
5	2670	z[4,229]	sub-11572	latent_z_preference_stranger	0.07107822725	0.13707073983448145	0.7695917696714812	-1.18067286525	0.17451326955000002	1.3285490172499996	-0.08575002382451666	0.44684375
5	2670	z[1,230]	sub-11579	latent_z_alpha	0.4474302016	0.27381484991642113	0.7234203361520585	-0.939226158815	0.2968070909	1.42458475075	0.23999235715027786	0.58728125
5	2670	z[2,230]	sub-11579	latent_z_kappa	-1.013480026	-0.4931796034729994	0.6615627769270216	-1.59370285975	-0.4777853209	0.5652403709349999	-0.7864717312902811	0.213
5	2670	z[3,230]	sub-11579	latent_z_preference_friend	0.6930429353	0.9407900501764813	0.7403733326397073	-0.18839261401000001	0.88744257925	2.24595340835	-0.33462457918786775	0.39646875
5	2670	z[4,230]	sub-11579	latent_z_preference_stranger	-0.05287735548	0.9998750534973594	0.9054635855871309	-0.505340123255	1.01689833	2.4676393398	-1.162666755167986	0.1249375
5	2670	z[1,231]	sub-11586	latent_z_alpha	0.7955908309	-0.11638136179494706	0.6636211625171824	-1.28883291855	-0.059059791505	0.8740264906349999	1.3742361518968806	0.9343125
5	2670	z[2,231]	sub-11586	latent_z_kappa	0.57754075	0.698477605319074	0.6621365655884776	-0.49219214614	0.7554665495	1.6776143543	-0.18264639291078968	0.39253125
5	2670	z[3,231]	sub-11586	latent_z_preference_friend	-0.3080777348	-0.615431605387173	0.3067430787067191	-1.12897603455	-0.6047875877	-0.13831167975000003	1.0019912165028437	0.85953125
5	2670	z[4,231]	sub-11586	latent_z_preference_stranger	-1.432507848	-0.35873794271213866	0.6842293972659723	-1.6128446207999998	-0.27508313675	0.6071153886849999	-1.5693127328033636	0.07346875
5	2670	z[1,232]	sub-11587	latent_z_alpha	-0.1681713714	0.914742236214209	0.778498016933545	-0.448673323225	0.9602356772	2.1104043340499996	-1.3910293720204168	0.090625
5	2670	z[2,232]	sub-11587	latent_z_kappa	-0.7971308135	0.15489039904376478	0.8028636884535961	-1.2542814182	0.20147522215	1.3839235726999999	-1.1857818783378564	0.1245
5	2670	z[3,232]	sub-11587	latent_z_preference_friend	-0.4795693642	0.06467202311647524	0.5490408501951195	-0.725224660815	0.007069103959	1.0497458401499997	-0.9912584594080048	0.1449375
5	2670	z[4,232]	sub-11587	latent_z_preference_stranger	-0.5906867281	-0.9590826375133524	0.828301708876594	-2.31792199395	-0.96307694165	0.39311597568499984	0.444760532865493	0.67540625
5	2670	z[1,233]	sub-11588	latent_z_alpha	0.5848917072	0.6206981273530485	0.8340102036123607	-0.73050098452	0.61163860455	2.0144684843499996	-0.04293283223389785	0.487375
5	2670	z[2,233]	sub-11588	latent_z_kappa	-0.6918992018	-1.0703396271007732	0.7106451267484585	-2.27415570725	-1.047385258	0.050118424056499966	0.5325308104655826	0.69190625
5	2670	z[3,233]	sub-11588	latent_z_preference_friend	-1.123054315	-0.33820973397016874	0.775614653475118	-1.4263856019999999	-0.44501718165000004	1.0948657571999998	-1.0119001459208627	0.13359375
5	2670	z[4,233]	sub-11588	latent_z_preference_stranger	2.536140918	-0.3907396486184321	0.944540615932291	-1.93082506665	-0.39468084185	1.16333564575	3.0987344718146503	0.99828125
5	2670	z[1,234]	sub-11591	latent_z_alpha	0.9659216262	0.9660769924948588	0.8232136929563039	-0.42300098961	0.9893685541	2.28802120405	-0.00018873142683140597	0.48796875
5	2670	z[2,234]	sub-11591	latent_z_kappa	-0.8083316781	-0.7621905706038798	0.7954975012474622	-2.0608008486	-0.76614409615	0.5520848608549997	-0.05800283146554674	0.47865625
5	2670	z[3,234]	sub-11591	latent_z_preference_friend	-0.3771348869	0.06190782263454032	0.804913562367589	-1.11932725245	-0.0084790417085	1.4833435075999999	-0.5454532387839649	0.3206875
5	2670	z[4,234]	sub-11591	latent_z_preference_stranger	0.1776276061	0.286426366611256	0.9359294501260692	-1.2689519521500001	0.294269712	1.8101552475999998	-0.11624675395843227	0.451125
5	2670	z[1,235]	sub-11597	latent_z_alpha	-1.44588921	-1.3049222350470904	0.569071356307262	-2.3208277281000003	-1.2546079419999998	-0.45750958560500005	-0.24771405798326027	0.37115625
5	2670	z[2,235]	sub-11597	latent_z_kappa	0.5543442341	1.2101132180662304	0.5701800588618112	0.18519022049	1.2596238629999998	2.05200439765	-1.1501085907410917	0.1279375
5	2670	z[3,235]	sub-11597	latent_z_preference_friend	-0.4526850443	0.03537415456364185	0.31409143504494885	-0.449244068725	0.0192103904	0.5728935985799998	-1.5538761787432915	0.049
5	2670	z[4,235]	sub-11597	latent_z_preference_stranger	0.207583876	0.39487917036922565	0.335448971826835	-0.19121876011	0.41753085059999995	0.891456679805	-0.5583421327817066	0.24784375
5	2670	z[1,236]	sub-11598	latent_z_alpha	1.687215451	0.42884172573847706	0.8757629374046783	-0.957002428545	0.40092584855	1.9077996477499997	1.4368885362866701	0.9189375
5	2670	z[2,236]	sub-11598	latent_z_kappa	-0.7989884679	-0.9118776418735846	0.7037679270194048	-2.091265185	-0.8915747695	0.21565777869999989	0.16040681826989805	0.55453125
5	2670	z[3,236]	sub-11598	latent_z_preference_friend	0.9687026417	-0.3258161298032137	0.6961855523341747	-1.2839791125	-0.4317580823	0.981739847575	1.8594450389884483	0.94890625
5	2670	z[4,236]	sub-11598	latent_z_preference_stranger	-1.900609239	-0.6769671286930875	0.9138774872289718	-2.1528963119	-0.6879609844	0.84576205856	-1.3389563999625358	0.0859375
5	2670	z[1,237]	sub-11599	latent_z_alpha	0.2768626368	0.0015777214960074053	0.6981475648904155	-1.1397634707	-0.002590862323	1.1613611187	0.394307635159055	0.6624375
5	2670	z[2,237]	sub-11599	latent_z_kappa	-0.01030694431	-0.49561149071062655	0.6200084804148164	-1.5406844186500002	-0.47898144195000003	0.489802512325	0.7827385620208513	0.7874375
5	2670	z[3,237]	sub-11599	latent_z_preference_friend	0.3046094293	1.0620627079642821	0.698287770864596	0.004558651173800006	1.0148947069999998	2.28748769565	-1.084729405652385	0.1356875
5	2670	z[4,237]	sub-11599	latent_z_preference_stranger	2.191309095	0.5828900724610098	0.8817070890092702	-0.86220081199	0.58320268705	2.04070133455	1.8242101516346994	0.965
5	2670	z[1,238]	sub-11600	latent_z_alpha	1.709894395	0.5130018933331826	0.7749371632478135	-0.7762763110549998	0.5265812507000001	1.7618446505499998	1.544502649286506	0.9425625
5	2670	z[2,238]	sub-11600	latent_z_kappa	0.4008176403	-0.5640542057578991	0.7082980754185776	-1.73543911645	-0.5598625874000001	0.58558424187	1.362239824649666	0.91425
5	2670	z[3,238]	sub-11600	latent_z_preference_friend	-0.1260459797	0.4337185395551036	0.6904747650944022	-0.56739838248	0.36065049885	1.6838411214999995	-0.8106951152350546	0.2141875
5	2670	z[4,238]	sub-11600	latent_z_preference_stranger	-0.6935194837	-0.061170401047219936	0.8912934224417862	-1.52315232375	-0.069663895655	1.4126319540999999	-0.7094735209875076	0.2383125
5	2670	z[1,239]	sub-11606	latent_z_alpha	-1.071154225	-1.0688928056137315	0.6001627137561415	-2.07907275505	-1.050940589	-0.12878956404500022	-0.0037680104652207864	0.4864375
5	2670	z[2,239]	sub-11606	latent_z_kappa	0.1827321556	0.4620166397619084	0.5894471344483095	-0.5757076211050001	0.5058986164	1.3479295778999998	-0.4738075186730757	0.30015625
5	2670	z[3,239]	sub-11606	latent_z_preference_friend	0.8261844804	0.3668638552956423	0.3776373560455901	-0.20386210419499998	0.3390130264	1.02897857245	1.2163008181026096	0.88515625
5	2670	z[4,239]	sub-11606	latent_z_preference_stranger	-2.054186578	-0.7653512873917476	0.643681762091598	-1.8972670951	-0.7127859119	0.1917556767899999	-2.0022864814753705	0.0325
5	2670	z[1,240]	sub-11614	latent_z_alpha	0.3508807719	0.655517693338005	0.7691411850826876	-0.60331546938	0.6557064105	1.9296065566999994	-0.39607412442132406	0.342375
5	2670	z[2,240]	sub-11614	latent_z_kappa	-1.33847905	-1.036759108939701	0.6931752410327194	-2.1909759361999996	-1.0196317615	0.0800959442769999	-0.43527224170728424	0.3225
5	2670	z[3,240]	sub-11614	latent_z_preference_friend	0.6546537405	0.1524278905849686	0.7939343082335016	-1.0200285957	0.0892050222	1.5468854719999996	0.6325785958695757	0.7473125
5	2670	z[4,240]	sub-11614	latent_z_preference_stranger	0.6385457454	0.12416968018873312	0.9423485327486774	-1.4224193082	0.12474882009999999	1.6684290699499997	0.5458448199743205	0.70471875
5	2670	z[1,241]	sub-11622	latent_z_alpha	0.6284713752	1.1251206645460712	0.8019386399301585	-0.24469081722	1.150966723	2.3992266617999998	-0.6193108357882903	0.26025
5	2670	z[2,241]	sub-11622	latent_z_kappa	-0.9665902541	-0.6779938845845824	0.8397697028977255	-2.04813735415	-0.6746023639500001	0.7072616003249997	-0.3436613258606275	0.3675
5	2670	z[3,241]	sub-11622	latent_z_preference_friend	1.46441243	-0.06618372430422813	0.8061637055519706	-1.2484387577	-0.13684181020000002	1.3733603924000002	1.8986170473356243	0.95903125
5	2670	z[4,241]	sub-11622	latent_z_preference_stranger	-1.306612069	0.2339292469450766	0.9641510761868037	-1.37050660215	0.2444577545	1.7867383037999995	-1.5978214970602778	0.0571875
5	2670	z[1,242]	sub-11623	latent_z_alpha	0.7244374273	0.2633655756993528	0.7894536047776349	-1.0063050979500001	0.23981598640000001	1.5907051829999999	0.5840391997836493	0.7290625
5	2670	z[2,242]	sub-11623	latent_z_kappa	-0.1665002086	-0.6353235382361647	0.7039933052707842	-1.8128676196	-0.6215573750000001	0.48695010634499997	0.6659485624736677	0.74290625
5	2670	z[3,242]	sub-11623	latent_z_preference_friend	-0.1534817312	0.17296305258415248	0.6963636863643573	-0.824294963925	0.09242161835	1.4308800286499992	-0.46878490388906824	0.34940625
5	2670	z[4,242]	sub-11623	latent_z_preference_stranger	-2.169009905	-0.22193716815125908	0.9116414955295136	-1.7072786604499999	-0.2293240251	1.2865775018499994	-2.1357877481408543	0.01690625
5	2670	z[1,243]	sub-11625	latent_z_alpha	-0.08394636268	-0.18547007937654497	0.7267925610865008	-1.33333949435	-0.21325161469999998	1.0786749060499998	0.1396873360189248	0.576625
5	2670	z[2,243]	sub-11625	latent_z_kappa	-0.3100093269	-0.07079463710337783	0.6514015529016091	-1.1928125445	-0.036647384389999996	0.9446937545849998	-0.3672307637755269	0.342125
5	2670	z[3,243]	sub-11625	latent_z_preference_friend	0.7158721438	0.31482360022912104	0.45744631773550437	-0.36926589865	0.2835269332	1.1078034564	0.8767117102531041	0.82578125
5	2670	z[4,243]	sub-11625	latent_z_preference_stranger	-1.724598535	-1.0495255528482506	0.7581593524399632	-2.3141814459	-1.0355756980000002	0.16481354025999995	-0.8904104130341209	0.183625
5	2670	z[1,244]	sub-11626	latent_z_alpha	2.064359952	0.4926462933315003	0.8553136525814259	-0.873951247525	0.47036260480000003	1.9305713450999997	1.837587479078469	0.96303125
5	2670	z[2,244]	sub-11626	latent_z_kappa	-1.564730646	-0.6865803341217335	0.75842380522928	-1.9832659867499998	-0.6534337145	0.5089626364799998	-1.157862274131535	0.12678125
5	2670	z[3,244]	sub-11626	latent_z_preference_friend	0.9372357099	-0.5248481533308544	0.6903806355746926	-1.4216601608	-0.6636042592	0.8151526784399993	2.11779384862638	0.960375
5	2670	z[4,244]	sub-11626	latent_z_preference_stranger	-2.112050133	-0.3326266854006436	0.8940865774997657	-1.82566600175	-0.30921327925	1.08790116455	-1.9902138029801957	0.02646875
5	2670	z[1,245]	sub-11628	latent_z_alpha	0.5643687056	0.7865870476485797	0.7233331096992934	-0.42580542095	0.7953694788500001	1.9623996752	-0.30721439274494305	0.36784375
5	2670	z[2,245]	sub-11628	latent_z_kappa	0.1617188975	-0.6060345690741703	0.7274417098216649	-1.811895095	-0.5991583843	0.5669374315949999	1.0554157896202956	0.85521875
5	2670	z[3,245]	sub-11628	latent_z_preference_friend	-0.006775518244	0.4228524681994934	0.7615145503209821	-0.712284713295	0.36589674355	1.7590175679	-0.5641756763050727	0.3095
5	2670	z[4,245]	sub-11628	latent_z_preference_stranger	0.3069151643	0.5986974632704487	0.9401538791123812	-0.970801912285	0.60896984175	2.1297461436999994	-0.31035589540504416	0.37359375
5	2670	z[1,246]	sub-11631	latent_z_alpha	1.159326242	0.7433203431701825	0.7442397159501807	-0.521099585895	0.75911112105	1.9409447222999998	0.5589676147539334	0.71603125
5	2670	z[2,246]	sub-11631	latent_z_kappa	-1.06777857	-0.6540883111303779	0.7214995343202281	-1.8669952779999999	-0.63598014235	0.4962003835599998	-0.5733756422440199	0.27753125
5	2670	z[3,246]	sub-11631	latent_z_preference_friend	-0.1174655542	0.21826281929782954	0.7888907727005746	-0.9325200894850001	0.14819679554999998	1.6265264218	-0.42557016144141924	0.37059375
5	2670	z[4,246]	sub-11631	latent_z_preference_stranger	-0.03019733052	0.6658301293356126	0.9528262154953633	-0.9358199040049999	0.68607518765	2.1913642979	-0.7304873108405775	0.2308125
5	2670	z[1,247]	sub-11651	latent_z_alpha	-0.9498703951	0.11031391402355306	0.8142405329041359	-1.193810713	0.089193033875	1.49183191	-1.302052976093212	0.08909375
5	2670	z[2,247]	sub-11651	latent_z_kappa	-0.8064897635	-0.5414641194928008	0.7123816585559124	-1.74014167955	-0.5166288268	0.5778471587549998	-0.3720276074266702	0.3494375
5	2670	z[3,247]	sub-11651	latent_z_preference_friend	-0.619838206	-0.13852256882971678	0.8005482723146994	-1.0821582381	-0.36303615395	1.4195090577	-0.601232497546476	0.35678125
5	2670	z[4,247]	sub-11651	latent_z_preference_stranger	3.367330053	1.467052353442183	0.9559542914232765	-0.24783087200999998	1.5678538335	2.89284441075	1.98783322236943	0.98771875
5	2670	z[1,248]	sub-11660	latent_z_alpha	0.1791666312	0.7963587303803973	0.7527643049178293	-0.469570086075	0.8054490575	2.0109942686999998	-0.8199008576100977	0.1965625
5	2670	z[2,248]	sub-11660	latent_z_kappa	-0.994908637	-0.5403794013185924	0.7553831180429071	-1.79924969875	-0.5296873166	0.68010836003	-0.6017201401840032	0.27065625
5	2670	z[3,248]	sub-11660	latent_z_preference_friend	0.879794047	0.3458165091630865	0.7430317414063619	-0.74931906888	0.28100438175	1.6673267968499998	0.7186470080352634	0.7716875
5	2670	z[4,248]	sub-11660	latent_z_preference_stranger	1.721168967	0.43616754397468727	0.929066689564393	-1.1173407262	0.44575812115	1.947139129749999	1.3831099935654838	0.91925
5	2670	z[1,249]	sub-11670	latent_z_alpha	0.6803918492	0.9341802613616415	0.7331673229184362	-0.424203236495	1.017839115	2.0046052238	-0.3461534689672402	0.31990625
5	2670	z[2,249]	sub-11670	latent_z_kappa	0.1277900907	0.20562072825719746	0.7735180737550481	-1.1588294444	0.2568279685	1.3956696545999998	-0.10061902908017155	0.4336875
5	2670	z[3,249]	sub-11670	latent_z_preference_friend	1.479119129	0.738012938126779	0.7229902977783098	-0.33063112604	0.6749136209	2.03499087255	1.0250568965456106	0.8474375
5	2670	z[4,249]	sub-11670	latent_z_preference_stranger	1.921495094	0.9025429958439618	0.9007232260094736	-0.5932115568099999	0.90626289375	2.3657151408999995	1.1312599350528139	0.8726875
5	2670	z[1,250]	sub-11674	latent_z_alpha	1.953751647	0.8021630444916257	0.7796974863150614	-0.47683736671	0.8065110798499999	2.0853587883499998	1.4769684688236107	0.93025
5	2670	z[2,250]	sub-11674	latent_z_kappa	0.9789094259	-0.5369699701564378	0.8200425150968196	-1.89406426935	-0.52502036205	0.7909741832249998	1.8485375674424187	0.969125
5	2670	z[3,250]	sub-11674	latent_z_preference_friend	-0.6402485888	-0.04319282161316207	0.7753660647997387	-1.1700040740500002	-0.11943429955	1.35659754795	-0.7700308206563635	0.226
5	2670	z[4,250]	sub-11674	latent_z_preference_stranger	0.4631482088	0.05120821392015306	0.945988356321069	-1.5193534440499998	0.059833896819999996	1.5923176041	0.4354598998256954	0.66653125
5	2670	z[1,251]	sub-11679	latent_z_alpha	1.207022145	-0.9129439896487188	0.7194970686928213	-2.05366863675	-0.93351860015	0.3098751276899997	2.946455554711658	0.995625
5	2670	z[2,251]	sub-11679	latent_z_kappa	0.4669556318	0.18186262580233603	0.5672250389012138	-0.8348911558950001	0.23537924659999998	1.0154451046	0.5026100514707971	0.66828125
5	2670	z[3,251]	sub-11679	latent_z_preference_friend	-1.906112195	-0.9358709474061274	0.43144551366783673	-1.74190326485	-0.8770133693	-0.34561733664500005	-2.248815242846276	0.03121875
5	2670	z[4,251]	sub-11679	latent_z_preference_stranger	1.090800936	1.052677039198786	0.3992019272065855	0.44771559808	1.0561654165	1.6762441476999999	0.09550028244599353	0.54275
5	2670	z[1,252]	sub-11681	latent_z_alpha	1.819869625	0.23532028291245966	0.7261544026599677	-0.9726880488449999	0.25039489044999996	1.4088899420499998	2.182110769119069	0.9865625
5	2670	z[2,252]	sub-11681	latent_z_kappa	0.6793526048	-0.5313305503729491	0.652063792070009	-1.6190606344	-0.52014455855	0.5160256577049999	1.8566943447811681	0.971375
5	2670	z[3,252]	sub-11681	latent_z_preference_friend	0.3309932685	0.7744556848045235	0.6986425594344094	-0.266643101605	0.72200428555	2.0251436458	-0.6347486426586026	0.2845
5	2670	z[4,252]	sub-11681	latent_z_preference_stranger	0.6449535165	0.36106087539147474	0.8792126568437836	-1.08659056315	0.36568922875	1.7979850621499995	0.3228941700266795	0.627125
5	2670	z[1,253]	sub-11692	latent_z_alpha	-0.7317107957	-0.9753273519010173	0.6533114335203756	-2.00942359465	-0.98686353845	0.10669885516499994	0.37289498346644095	0.6686875
5	2670	z[2,253]	sub-11692	latent_z_kappa	0.5885437654	-0.11975930730361053	0.5678186424366508	-1.13199672105	-0.070713368795	0.720717532745	1.2474107395701313	0.90809375
5	2670	z[3,253]	sub-11692	latent_z_preference_friend	-0.7400166162	-1.0789399960400756	0.4622071799236885	-1.9405848994500001	-1.012618065	-0.4381449705150001	0.7332715599442498	0.768875
5	2670	z[4,253]	sub-11692	latent_z_preference_stranger	0.6109568259	0.5355797737969223	0.5451376537861927	-0.49578351499	0.61978543385	1.2587331708	0.13827159356825705	0.49171875
5	2670	z[1,254]	sub-11701	latent_z_alpha	0.8324490615	0.931701653223701	0.7627500316142218	-0.41196597348999997	0.97496440375	2.12021529995	-0.13012466418867394	0.42090625
5	2670	z[2,254]	sub-11701	latent_z_kappa	0.0458761036	-0.25819821889031264	0.8028798641449938	-1.62737806715	-0.2222683596	1.0155461370499999	0.3787295410803816	0.63309375
5	2670	z[3,254]	sub-11701	latent_z_preference_friend	-0.3066088843	-0.013705216310931755	0.6734175573107066	-0.9645591493	-0.10547925615	1.2209628558999999	-0.43495104160749715	0.36690625
5	2670	z[4,254]	sub-11701	latent_z_preference_stranger	0.91327801	-0.27942744219442467	0.8911555413436222	-1.7523347944499998	-0.27711074555	1.1816116565999994	1.3383807841178281	0.91159375
5	2670	z[1,255]	sub-11703	latent_z_alpha	-1.384962889	-0.9708334112684945	0.5830256045688318	-1.95225230385	-0.9560154110000001	-0.03375727370800013	-0.7103109614504307	0.232375
5	2670	z[2,255]	sub-11703	latent_z_kappa	-0.2248224357	-0.17507149200880928	0.5461787372835829	-1.1386852749999998	-0.1356069614	0.648618340555	-0.09108912576609401	0.4348125
5	2670	z[3,255]	sub-11703	latent_z_preference_friend	-0.4056671139	-0.14671057184150238	0.3059459345708602	-0.6257221097850001	-0.15658418035	0.3705070351149999	-0.846412757279246	0.1853125
5	2670	z[4,255]	sub-11703	latent_z_preference_stranger	-0.7139713049	-0.9455447429751446	0.6692734775250054	-2.1395843096499996	-0.8964053407	0.0511891762054999	0.3460071941465699	0.60603125
5	2670	z[1,256]	sub-11705	latent_z_alpha	-0.3942297578	-0.47716373222940023	0.3351795168620638	-1.0583795098	-0.45185529235	0.01890465059549997	0.24743151134599303	0.573625
5	2670	z[2,256]	sub-11705	latent_z_kappa	2.049797158	2.0621962902034983	0.39769734715940275	1.3941767353999999	2.086296574	2.65935825545	-0.031177306793873205	0.46228125
5	2670	z[3,256]	sub-11705	latent_z_preference_friend	0.1105488752	0.1645384715548583	0.2908835949126972	-0.29169022148	0.1530498346	0.6613295329499999	-0.1856055043979437	0.4408125
5	2670	z[4,256]	sub-11705	latent_z_preference_stranger	-0.7546195025	-0.780656065144599	0.6716958891714349	-1.9974052085	-0.70158340865	0.194516638865	0.038762426664120525	0.4693125
5	2670	z[1,257]	sub-11709	latent_z_alpha	0.8613638421	0.19042334027457788	0.6574595680253403	-0.99698642151	0.25734611490000003	1.1539897506999999	1.020504582267426	0.85909375
5	2670	z[2,257]	sub-11709	latent_z_kappa	-0.07376035529	0.06420229630152707	0.6422431434160399	-1.0951921978499999	0.12503615985	1.011545524	-0.21481373994545858	0.38090625
5	2670	z[3,257]	sub-11709	latent_z_preference_friend	-0.6714016266	-0.5771923721757654	0.331452467631468	-1.0954509519	-0.58674702505	-0.031215984554000008	-0.28423156749275763	0.38696875
5	2670	z[4,257]	sub-11709	latent_z_preference_stranger	0.1632810856	-1.2178511346944847	0.7350182312777059	-2.48634632875	-1.1792532015	-0.08148170179350006	1.879044847491222	0.97965625
5	2670	z[1,258]	sub-11710	latent_z_alpha	-0.997752552	-0.7208325542518603	0.6516394090585796	-1.8498415884500001	-0.690100591	0.2948562266199996	-0.4249589479988706	0.31975
5	2670	z[2,258]	sub-11710	latent_z_kappa	0.7918848446	0.6644784239709786	0.5420047175107011	-0.31419841730000003	0.7211896223	1.446711736	0.2350651507502902	0.55425
5	2670	z[3,258]	sub-11710	latent_z_preference_friend	-0.4933234339	-0.5247752807525935	0.24827103370598133	-0.92955092472	-0.5235538425499999	-0.12026852953000007	0.1266835135098395	0.55096875
5	2670	z[4,258]	sub-11710	latent_z_preference_stranger	0.592034236	0.0015853727928609115	0.5083874555600121	-0.95675714382	0.07910156554	0.680326976675	1.161415091481226	0.913875
5	2670	z[1,259]	sub-11714	latent_z_alpha	0.3494455953	0.5779499549509747	0.7714713478215811	-0.700088815335	0.5819164748000001	1.8371155812999995	-0.2961929309444958	0.382
5	2670	z[2,259]	sub-11714	latent_z_kappa	-0.3206158517	-0.6047022248358368	0.7112956510482197	-1.7756942384999999	-0.6068525611	0.5596210361099997	0.3993928160775134	0.6554375
5	2670	z[3,259]	sub-11714	latent_z_preference_friend	0.5722284848	0.6228293789923485	0.739973924485714	-0.48883979119	0.56845595925	1.9205562453999996	-0.06838199633523084	0.50203125
5	2670	z[4,259]	sub-11714	latent_z_preference_stranger	1.131975019	0.4897450014048125	0.9121505563937675	-1.0294300614499998	0.49244677395	1.9923597767999999	0.7040833479664539	0.75971875
5	2670	z[1,260]	sub-11719	latent_z_alpha	-0.4236963482	-0.010385203679993522	0.6731561955389238	-1.12836464795	-0.004215956348	1.0917521558999999	-0.6139899584361883	0.2555
5	2670	z[2,260]	sub-11719	latent_z_kappa	0.3030028106	-0.03747721879574806	0.6548254194818196	-1.1526616123	-0.014884922920000002	0.99412406909	0.5199554251653499	0.69159375
5	2670	z[3,260]	sub-11719	latent_z_preference_friend	1.964626286	1.447806864748117	0.7261298843142963	0.32503462741	1.410120404	2.70060050495	0.711745146999327	0.76725
5	2670	z[4,260]	sub-11719	latent_z_preference_stranger	-0.8576335239	0.5439725655133391	0.9401525500541692	-0.985657449875	0.5435115621	2.0921889858499996	-1.4908283653887682	0.06640625
5	2670	z[1,261]	sub-11720	latent_z_alpha	0.3418357029	0.39338208952249476	0.9749431556239875	-1.0875748439	0.3123435892	2.0984321695999992	-0.05287117133460343	0.51278125
5	2670	z[2,261]	sub-11720	latent_z_kappa	0.1179332911	-0.9936969446879117	0.7468864869235909	-2.30387617445	-0.9477158343	0.14368945437499986	1.4883523202658175	0.94521875
5	2670	z[3,261]	sub-11720	latent_z_preference_friend	-1.541948577	-0.8672430270554753	0.7437687320262661	-1.84800754485	-1.00184458	0.6227203282249999	-0.9071442787147143	0.13696875
5	2670	z[4,261]	sub-11720	latent_z_preference_stranger	0.872810998	-0.3605114493159341	0.8935270868744499	-1.8574814290000001	-0.33904809435	1.0621396705	1.3802854613284141	0.92321875
5	2670	z[1,262]	sub-11722	latent_z_alpha	0.9069690002	0.5592460092464102	0.5729162527954655	-0.479428014225	0.61334248475	1.3941237058499998	0.6069351135648947	0.73553125
5	2670	z[2,262]	sub-11722	latent_z_kappa	1.289523321	0.6724363548832758	0.6813525865983981	-0.57626352653	0.7539596245	1.6465699704499999	0.9056793476010484	0.82246875
5	2670	z[3,262]	sub-11722	latent_z_preference_friend	0.9590880159	0.6188004933625412	0.5384282242179496	-0.16090137365499999	0.5653676437499999	1.585585586449999	0.6320016433605724	0.76221875
5	2670	z[4,262]	sub-11722	latent_z_preference_stranger	-0.1730766554	-0.053449973810892615	0.7742288817786419	-1.3477264988	-0.043224946665	1.1936613841000001	-0.15451074534224052	0.43215625
5	2670	z[1,263]	sub-11723	latent_z_alpha	0.1005886549	-0.2488364761348471	0.6167781870292502	-1.3477301206999999	-0.1913082327	0.662875534855	0.5665328936450794	0.709375
5	2670	z[2,263]	sub-11723	latent_z_kappa	0.2624969176	0.7256549627716661	0.585649575841458	-0.34098088577499996	0.7936237005	1.5571994013	-0.7908450108688343	0.20015625
5	2670	z[3,263]	sub-11723	latent_z_preference_friend	-0.6750188672	-0.635186645643643	0.2826898134091302	-1.11658015085	-0.61909854925	-0.20528682979500004	-0.14090433990526852	0.4191875
5	2670	z[4,263]	sub-11723	latent_z_preference_stranger	-1.351064416	0.31788574337652303	0.5031855927205438	-0.650494164525	0.41211532900000003	0.947097572725	-3.3167685711212616	0.01021875
5	2670	z[1,264]	sub-11736	latent_z_alpha	-1.537772489	1.06647168561074	0.9697413556133732	-0.537426001095	1.0785076335000001	2.6409149911	-2.685503881561825	0.00359375
5	2670	z[2,264]	sub-11736	latent_z_kappa	-2.558814928	-1.3525313750618906	0.8412955018550681	-2.7466435163	-1.3443204780000002	0.010154163736999913	-1.4338404880071718	0.0774375
5	2670	z[3,264]	sub-11736	latent_z_preference_friend	-1.516709012	-0.8504140022935994	1.0017756790243952	-2.26792712655	-0.9838425142	0.947131847805	-0.6651139807619295	0.2835
5	2670	z[4,264]	sub-11736	latent_z_preference_stranger	-0.307918475	0.22012950488570343	1.0037192509990773	-1.45293681755	0.2287923876	1.8327035400499996	-0.5260913142396119	0.30178125
5	2670	z[1,265]	sub-11744	latent_z_alpha	0.1125007679	0.36692272557173783	0.6762000239491107	-0.7565467930650001	0.3740067065	1.46646704	-0.37625251206865534	0.3410625
5	2670	z[2,265]	sub-11744	latent_z_kappa	-1.735924962	-0.5695302953484075	0.6682471999241303	-1.7190571811	-0.53962250355	0.47552611532499967	-1.7454538781217783	0.04775
5	2670	z[3,265]	sub-11744	latent_z_preference_friend	0.9502459161	0.08895088945614144	0.6338845583859085	-0.7761539481399999	-0.0027404050615	1.2776727356499997	1.3587569144088578	0.902625
5	2670	z[4,265]	sub-11744	latent_z_preference_stranger	-0.04947381331	-0.5856679789326353	0.8677682713951641	-2.00442493085	-0.5908645198	0.8514334079999997	0.6179001736956379	0.7370625
5	2670	z[1,266]	sub-11746	latent_z_alpha	0.9728538923	0.08011687278838232	0.746237903287015	-1.08806136835	0.0488529349	1.37634133385	1.196316905881229	0.88384375
5	2670	z[2,266]	sub-11746	latent_z_kappa	-0.356574644	-0.604657749120621	0.6395805604259784	-1.67026722855	-0.59226468255	0.42382924572499997	0.38788406100928197	0.64815625
5	2670	z[3,266]	sub-11746	latent_z_preference_friend	1.93388105	0.38292045841099204	0.6131161471982384	-0.48859528429	0.3098541397	1.5045324158999998	2.5296358588441112	0.98334375
5	2670	z[4,266]	sub-11746	latent_z_preference_stranger	-0.3858161582	-0.5603154508379578	0.8497392673986263	-1.94617533295	-0.5633739349	0.8358644687899999	0.2053562773109994	0.5834375
5	2670	z[1,267]	sub-11748	latent_z_alpha	1.100620255	-0.02793149291791586	0.7321509780048905	-1.2697517222	-0.01043895045	1.1392449769	1.5414194364572407	0.9440625
5	2670	z[2,267]	sub-11748	latent_z_kappa	0.4551403695	-0.22157407813178195	0.6658340077225897	-1.3441110117000001	-0.20251497895	0.83578529627	1.0163410696705137	0.847875
5	2670	z[3,267]	sub-11748	latent_z_preference_friend	2.25431376	1.9276744114105522	0.7178104088953265	0.7951650216	1.900756263	3.1512823047999996	0.4550496127412378	0.68734375
5	2670	z[4,267]	sub-11748	latent_z_preference_stranger	0.855505883	0.7384018950200325	0.938082405830509	-0.8040330993899999	0.7371599175500001	2.274065473199999	0.1248333699173179	0.55215625
5	2670	z[1,268]	sub-11756	latent_z_alpha	-0.9201601731	-0.9957057185764474	0.66354050414074	-2.14575887825	-0.9660983631	0.0344679368499999	0.1138521989313615	0.52684375
5	2670	z[2,268]	sub-11756	latent_z_kappa	1.18399578	0.9190353292942307	0.6247277881084574	-0.165076245505	0.95697670635	1.88173582345	0.4241214425694319	0.6445625
5	2670	z[3,268]	sub-11756	latent_z_preference_friend	0.4124810972	0.6909314566416644	0.4152881819678359	0.072967770991	0.65839062495	1.4231220232999997	-0.6704991173171175	0.26403125
5	2670	z[4,268]	sub-11756	latent_z_preference_stranger	0.3607422495	-0.07153748318260335	0.7146785802996869	-1.32550841265	-0.017403822415	0.9980173993349998	0.6048589458233589	0.71365625
5	2670	z[1,269]	sub-11764	latent_z_alpha	0.5099637388	0.6022358584793733	0.8173143825838435	-0.73859916606	0.60624936515	1.94513463435	-0.11289672816923378	0.4525625
5	2670	z[2,269]	sub-11764	latent_z_kappa	-0.8017885064	-0.8910412418044297	0.7162082345844392	-2.0809401143999997	-0.8891051571499999	0.28268360981499996	0.12461841555929082	0.55071875
5	2670	z[3,269]	sub-11764	latent_z_preference_friend	2.401858197	0.1405407500323934	0.7545479231565464	-0.95109487491	0.06643617491	1.4986340815	2.9969169320719877	0.995375
5	2670	z[4,269]	sub-11764	latent_z_preference_stranger	-0.8083527103	-0.018062020437315703	0.9270913302412475	-1.5549822114	-0.010140533095000001	1.4832163376499998	-0.8524410315184752	0.19546875
5	2670	z[1,270]	sub-11772	latent_z_alpha	0.9053075525	-0.5361028956464685	0.7335432169611625	-1.843242454	-0.4700783085	0.5402301497850001	1.9649973100668505	0.99115625
5	2670	z[2,270]	sub-11772	latent_z_kappa	1.335387731	1.308637383637487	0.6740324705324323	0.10205089831000001	1.361946209	2.3143637993999997	0.0396870307173516	0.484
5	2670	z[3,270]	sub-11772	latent_z_preference_friend	-0.7188621153	-0.2300005160754307	0.33526110306189916	-0.757936119465	-0.24137176519999998	0.3411780238999999	-1.4581518546585195	0.064
5	2670	z[4,270]	sub-11772	latent_z_preference_stranger	-0.6425127364	-0.2192681371642207	0.6186881818849461	-1.3658383526	-0.13308145394999998	0.6355451112999999	-0.6841000226419189	0.22396875
5	2670	z[1,271]	sub-11773	latent_z_alpha	-0.1460799385	-0.5463860177719004	0.6326215304435095	-1.57587713135	-0.54550048885	0.48897776294999984	0.6327734040149714	0.7468125
5	2670	z[2,271]	sub-11773	latent_z_kappa	0.2979141398	-0.10026578128002323	0.5617308035396422	-1.08766539495	-0.06104797436	0.7460092784249999	0.7088447323361412	0.7525
5	2670	z[3,271]	sub-11773	latent_z_preference_friend	-0.1823226363	-0.08768129787162178	0.3387894744466312	-0.60432832748	-0.1073653629	0.49235404780999975	-0.2793514721287095	0.4044375
5	2670	z[4,271]	sub-11773	latent_z_preference_stranger	-0.9400800185	-0.9097471787326211	0.6962141389188359	-2.1213701215	-0.8602429479	0.14826050633499946	-0.04356826164789374	0.45590625
5	2670	z[1,272]	sub-11774	latent_z_alpha	0.4915042851	-0.0370330555450251	0.700573049749543	-1.2249210361499998	-0.013249261759999999	1.06095086655	0.7544357306264904	0.7786875
5	2670	z[2,272]	sub-11774	latent_z_kappa	-0.4440807742	-0.48026218641230467	0.6188412564715721	-1.5319842824	-0.45448022575	0.49052037352999983	0.05846638670892618	0.50659375
5	2670	z[3,272]	sub-11774	latent_z_preference_friend	2.937487442	1.6169090132428692	0.6940958205857569	0.541980882765	1.586174333	2.810062953099999	1.9025880715470622	0.9649375
5	2670	z[4,272]	sub-11774	latent_z_preference_stranger	1.683124744	0.33902641384157095	0.9191134130476601	-1.18462422745	0.34049548665	1.8536517376999997	1.4623857198444903	0.92690625
5	2670	z[1,273]	sub-11784	latent_z_alpha	-0.6979486242	-1.3105075463383122	0.6074571452782244	-2.3495082588000002	-1.2834641945	-0.35697848174500013	1.0083985790598464	0.8446875
5	2670	z[2,273]	sub-11784	latent_z_kappa	1.445416944	0.7949958849647583	0.6056306257361926	-0.26461190960500003	0.8314843355	1.72222822335	1.073956684810321	0.86503125
5	2670	z[3,273]	sub-11784	latent_z_preference_friend	-0.4156539437	-0.5251995686166508	0.36622785520273154	-1.15689374605	-0.50316202755	0.03468429804399995	0.2991187681669109	0.60215625
5	2670	z[4,273]	sub-11784	latent_z_preference_stranger	0.1451147177	0.2842592496331746	0.5310077129189491	-0.686520262765	0.34398746775	1.04615757595	-0.2620386268370702	0.34803125
5	2670	z[1,274]	sub-11787	latent_z_alpha	-0.9982626569	0.9131824978188106	0.8138372148647609	-0.44861294085	0.93531167615	2.2037199421499998	-2.34868241437748	0.01146875
5	2670	z[2,274]	sub-11787	latent_z_kappa	-1.553499848	-0.23169221846231916	0.8463188279578496	-1.6969025809	-0.19289715494999998	1.09393307115	-1.5618317658454748	0.0681875
5	2670	z[3,274]	sub-11787	latent_z_preference_friend	-0.7268016193	-0.660357490939281	0.6170595318139617	-1.49936682755	-0.7521422526999999	0.516636070065	-0.10767863542338303	0.52075
5	2670	z[4,274]	sub-11787	latent_z_preference_stranger	-1.665002547	-0.5972643742249898	0.8708064071822544	-2.03231193925	-0.5891350761	0.8239988354699992	-1.2261487329083687	0.10859375
5	2670	z[1,275]	sub-11788	latent_z_alpha	0.3781078931	0.11219328122930601	0.6493848744928012	-1.03671121275	0.15781034045	1.1053840164999997	0.4094869195689001	0.65134375
5	2670	z[2,275]	sub-11788	latent_z_kappa	0.5708894572	0.5437511448849593	0.6266319379152874	-0.6151011703899999	0.620990894	1.432517635	0.043308217588343474	0.467
5	2670	z[3,275]	sub-11788	latent_z_preference_friend	0.6395424073	0.26259404042606016	0.3955923317543773	-0.333904909435	0.23618764645	0.9495474186149998	0.9528707626921002	0.8358125
5	2670	z[4,275]	sub-11788	latent_z_preference_stranger	-1.417411869	-1.1968956224541933	0.691923357552732	-2.3851773551499997	-1.170823988	-0.11995522776500003	-0.31870039382071425	0.361125
5	2670	z[1,276]	sub-11789	latent_z_alpha	-0.5563799341	-0.9315494987138873	0.6201341061203028	-1.9934091498	-0.9042937634	0.023313972919999877	0.6049813434081729	0.728625
5	2670	z[2,276]	sub-11789	latent_z_kappa	1.305624443	0.6798549563340281	0.5231636215710748	-0.27543828408	0.7436286699500001	1.4249623437499999	1.1961257642241423	0.9053125
5	2670	z[3,276]	sub-11789	latent_z_preference_friend	-0.1854625919	-0.28541985038910256	0.23349745061408028	-0.6668694667	-0.2858384472	0.09346687531149998	0.42808715138526215	0.67434375
5	2670	z[4,276]	sub-11789	latent_z_preference_stranger	0.6153949269	0.5581852926836055	0.37156979788864924	-0.095115505332	0.6097220835	1.0359563103	0.15396739600870052	0.50946875
5	2670	z[1,277]	sub-11790	latent_z_alpha	-0.3846376432	0.26051266296861775	0.7905110495327821	-1.0006950113	0.2411722014	1.5992886133	-0.8161180119492607	0.20528125
5	2670	z[2,277]	sub-11790	latent_z_kappa	-1.353227434	-0.892233390537195	0.6724491888500379	-1.9795826803	-0.8937426640499999	0.22240043063499987	-0.6855447981893702	0.23959375
5	2670	z[3,277]	sub-11790	latent_z_preference_friend	0.9098299773	0.6052566615089053	0.7396194319926805	-0.51317285367	0.5458858495500001	1.8993623456	0.41179734146588626	0.67571875
5	2670	z[4,277]	sub-11790	latent_z_preference_stranger	1.374240865	0.3323841606342655	0.908824353107306	-1.1758722515	0.33761726925	1.8186787402999998	1.1463785062576566	0.87725
5	2670	z[1,278]	sub-11793	latent_z_alpha	-1.692330235	0.16058805691660777	0.7378510688945709	-1.0392185118	0.14968206525	1.4148810917999999	-2.5112361695058616	0.00609375
5	2670	z[2,278]	sub-11793	latent_z_kappa	-2.782496659	-0.3744397689938213	0.6669499962517254	-1.52593070175	-0.3336130946	0.637244038	-3.6105508711890173	0.000875
5	2670	z[3,278]	sub-11793	latent_z_preference_friend	-1.63799946	-0.6218526424618119	0.44095059601968567	-1.2472283146999998	-0.6609047867	0.12847011140999987	-2.3044459554213272	0.00634375
5	2670	z[4,278]	sub-11793	latent_z_preference_stranger	-1.281375771	-0.9488180059385163	0.792287975013189	-2.2874874912	-0.9245926427	0.29497611079999986	-0.4197435472322393	0.325375
5	2670	z[1,279]	sub-11795	latent_z_alpha	-0.2803892602	0.023514270458319653	0.6968007228725324	-1.1368203715	0.03880163022	1.1482410495	-0.4361412390697441	0.32290625
5	2670	z[2,279]	sub-11795	latent_z_kappa	-0.02439274849	-0.47998597450884095	0.6266839132783179	-1.53503562405	-0.4654094005	0.5168477742649997	0.726990459409649	0.76565625
5	2670	z[3,279]	sub-11795	latent_z_preference_friend	0.4869718047	1.4932349235847455	0.7238855361225882	0.36739885189000004	1.4584780785	2.7383662661	-1.3900859578914662	0.07521875
5	2670	z[4,279]	sub-11795	latent_z_preference_stranger	1.025645209	1.0320770602388147	0.9367462812394227	-0.510009514155	1.0356050840000002	2.55510125545	-0.0068661614864430195	0.4955625
5	2670	z[1,280]	sub-11815	latent_z_alpha	-0.4163340571	0.7292555848869802	0.8269133593210821	-0.61407547876	0.7147085481	2.1171691502499996	-1.3853804985416365	0.07965625
5	2670	z[2,280]	sub-11815	latent_z_kappa	-2.262340863	-1.2018044054108887	0.7045387899155018	-2.38334350655	-1.1882193060000001	-0.0784196741070001	-1.5052917919768558	0.06753125
5	2670	z[3,280]	sub-11815	latent_z_preference_friend	-0.30723664	-0.13247614361600246	0.8458975226910957	-1.3779401522499999	-0.20204894894999997	1.3619509971	-0.20659771626712337	0.45025
5	2670	z[4,280]	sub-11815	latent_z_preference_stranger	0.156235533	0.14132526596607503	0.9567150975788911	-1.46203659185	0.15387589759999998	1.7097512791499998	0.015584856005364202	0.50090625
5	2670	z[1,281]	sub-11822	latent_z_alpha	0.02046228047	0.2905918158018718	0.5343784074621862	-0.60919133305	0.31169670445	1.1222567098999998	-0.505502339839558	0.282375
5	2670	z[2,281]	sub-11822	latent_z_kappa	1.212945617	0.9952926025276397	0.5680132594535833	-0.0486404337685	1.06610223	1.794888985	0.38318298182288524	0.61803125
5	2670	z[3,281]	sub-11822	latent_z_preference_friend	0.898009698	0.42788068331483553	0.41911836776462563	-0.20418790289	0.40136003455	1.15995989925	1.121709404416239	0.86915625
5	2670	z[4,281]	sub-11822	latent_z_preference_stranger	-0.9437763868	-0.7170835816874245	0.7031138780954507	-1.9320936736	-0.68064734185	0.3702437739099999	-0.32241264491411586	0.3578125
5	2670	z[1,282]	sub-11823	latent_z_alpha	-1.440930268	0.8434600949664692	0.8506778571045776	-0.57297095545	0.8601953716999999	2.20708273335	-2.6853765428217082	0.0041875
5	2670	z[2,282]	sub-11823	latent_z_kappa	-1.023887382	-0.8477605714308102	0.7849630848068117	-2.134817219	-0.8429044766	0.43614516065999975	-0.22437591522222564	0.41140625
5	2670	z[3,282]	sub-11823	latent_z_preference_friend	-1.220984297	-0.2146338205412408	0.8115399155076575	-1.35404573055	-0.3121167904	1.2609604421999994	-1.2400504981067237	0.08003125
5	2670	z[4,282]	sub-11823	latent_z_preference_stranger	0.9625436424	0.2001639730246387	0.9375331828120433	-1.35808245235	0.2166498204	1.7069729701499998	0.8131761982959095	0.788875
5	2670	z[1,283]	sub-11824	latent_z_alpha	0.5979775064	-0.04028562169010725	0.8060258287004637	-1.3561174189999998	-0.03955691701	1.26927113955	0.7918643613681261	0.77828125
5	2670	z[2,283]	sub-11824	latent_z_kappa	-0.1250101234	-0.07198152888521442	0.6732016172563812	-1.2275179701499999	-0.043254376085000004	0.98221765636	-0.07877074735931636	0.451875
5	2670	z[3,283]	sub-11824	latent_z_preference_friend	1.305446356	0.1097908313402402	0.5241680716502503	-0.576483965445	0.0214678607	1.1115482957999998	2.2810537103022135	0.96909375
5	2670	z[4,283]	sub-11824	latent_z_preference_stranger	-0.386262187	-0.2278145991835964	0.7540861255216045	-1.5140396576500001	-0.1943940185	0.9302425817149998	-0.21011868864024616	0.3984375
5	2670	z[1,284]	sub-11828	latent_z_alpha	-0.0716722325	0.0064989155973895485	0.8342119466495037	-1.2478142405000001	-0.0641242269	1.5450218961	-0.09370657949859516	0.49559375
5	2670	z[2,284]	sub-11828	latent_z_kappa	0.5695854664	-0.6228901278206972	0.6794140118305183	-1.83944269975	-0.5649438613	0.3885580838449996	1.7551530781766735	0.978
5	2670	z[3,284]	sub-11828	latent_z_preference_friend	-0.8261795831	-0.9797078419912728	0.5025099468953856	-1.6882660782	-1.0077662445	-0.11774470942500001	0.30552282564714073	0.705125
5	2670	z[4,284]	sub-11828	latent_z_preference_stranger	0.2419531973	-0.5794293643064012	0.8150167329845267	-1.9732158996	-0.5410486242	0.66783739178	1.0078106723018598	0.8493125
5	2670	z[1,285]	sub-11829	latent_z_alpha	0.3640123778	0.039850326062706005	0.7338737979287879	-1.17595452315	0.04554400569	1.2409476429499997	0.4417136197697432	0.674375
5	2670	z[2,285]	sub-11829	latent_z_kappa	-0.1686257126	-0.09730915857888556	0.6830140491119672	-1.2348001194	-0.0886569525	1.0018983853999996	-0.10441447597430525	0.453625
5	2670	z[3,285]	sub-11829	latent_z_preference_friend	1.507395633	1.9268725436799996	0.7083041541732998	0.81004394519	1.8954820534999999	3.1417208564999997	-0.5922270936976133	0.28509375
5	2670	z[4,285]	sub-11829	latent_z_preference_stranger	2.783372785	0.7156711894397676	0.9215473566480906	-0.7962146894450001	0.71625916725	2.2371617437499998	2.2437279871118134	0.987375
5	2670	z[1,286]	sub-11840	latent_z_alpha	1.949563969	0.9771896655457931	0.7976092075082254	-0.33892229266499996	0.97871160625	2.295801295599999	1.219111181642395	0.8895625
5	2670	z[2,286]	sub-11840	latent_z_kappa	-1.01071584	-1.1344215501515529	0.7524697400338439	-2.38724620815	-1.125371471	0.07969106840649946	0.16439958123231496	0.56321875
5	2670	z[3,286]	sub-11840	latent_z_preference_friend	0.6122541938	-0.15600127122095236	0.8504620151965376	-1.44304763995	-0.21368351115	1.3312266010999998	0.9033389514091493	0.8181875
5	2670	z[4,286]	sub-11840	latent_z_preference_stranger	-0.9802213724	0.17653799786388702	0.9727527809185944	-1.4356277806	0.1820006328	1.7505278772	-1.1891606921663391	0.116375
5	2670	z[1,287]	sub-11847	latent_z_alpha	1.10784717	0.7612227839676478	0.9418474495048833	-0.804417950355	0.78769718935	2.2715048038999996	0.36802603883948315	0.63153125
5	2670	z[2,287]	sub-11847	latent_z_kappa	0.1641545282	-0.9234922640774368	0.8184339734792995	-2.30412235535	-0.90904228845	0.3893046603149999	1.328936514760829	0.91071875
5	2670	z[3,287]	sub-11847	latent_z_preference_friend	-1.347489629	-0.6420460023163629	0.8233948787886556	-1.7651573567999999	-0.7949028303000001	0.9255692152549996	-0.8567500780688078	0.175
5	2670	z[4,287]	sub-11847	latent_z_preference_stranger	-0.4412645303	0.06610495814552106	0.946076728314146	-1.5425811415	0.1026672679	1.5336054029	-0.5362878858141075	0.2926875
5	2670	z[1,288]	sub-11853	latent_z_alpha	-1.246474913	-0.20254798872643326	0.6706904923161329	-1.326458524	-0.18760264095	0.870117518585	-1.5564957849164012	0.06278125
5	2670	z[2,288]	sub-11853	latent_z_kappa	-0.9316324722	-0.3592510055292726	0.6032512876997317	-1.38489613815	-0.33538589915	0.5948607179349997	-0.9488275919862276	0.1696875
5	2670	z[3,288]	sub-11853	latent_z_preference_friend	2.494972297	1.9597309070583804	0.7274105245847552	0.8234442119300001	1.930770926	3.19886415485	0.7358174948694397	0.7735625
5	2670	z[4,288]	sub-11853	latent_z_preference_stranger	1.309537834	0.7457527607570964	0.9371745979269949	-0.793281983015	0.74252123635	2.2896687127999997	0.6015795503740509	0.72821875
5	2670	z[1,289]	sub-11854	latent_z_alpha	-0.8102070826	0.14565693338843846	0.5847070673724519	-0.90911315327	0.1970353004	1.0116273664499997	-1.6347741789472225	0.0634375
5	2670	z[2,289]	sub-11854	latent_z_kappa	0.1258126814	0.30198211792599394	0.6341682950265426	-0.84640284273	0.36600789295	1.2198464956500001	-0.2777960328632016	0.3524375
5	2670	z[3,289]	sub-11854	latent_z_preference_friend	-0.9282481874	-1.3210433938168298	0.39094248835902184	-2.0139405362000002	-1.2803325105	-0.75377899615	1.004739106423517	0.85865625
5	2670	z[4,289]	sub-11854	latent_z_preference_stranger	-0.1761200869	-0.1952851377543493	0.69208649441645	-1.4501640579000001	-0.12237746099999999	0.8054578886849999	0.027691698955213385	0.4685625
5	2670	z[1,290]	sub-11861	latent_z_alpha	0.623940671	0.6653424728766605	0.8292576972728898	-0.7614836483699999	0.7168341711499999	1.9440793266999998	-0.049926340162792786	0.4575
5	2670	z[2,290]	sub-11861	latent_z_kappa	-0.5438749197	-0.3551162299342874	0.7768230196621317	-1.6465475993499998	-0.3472539939	0.894290602185	-0.24298802299629405	0.404625
5	2670	z[3,290]	sub-11861	latent_z_preference_friend	2.912038135	0.9514385067322473	0.7025172614651585	-0.11285051198499998	0.9046448263	2.1872420695	2.790820575965291	0.99371875
5	2670	z[4,290]	sub-11861	latent_z_preference_stranger	-0.5688462918	0.11556396871732127	0.8922567140495681	-1.3546930171999998	0.11416012454999999	1.58434053425	-0.7670553213447714	0.22021875
5	2670	z[1,291]	sub-11866	latent_z_alpha	-0.3770750607	-0.44374953445199616	0.6355058687207665	-1.5016709678	-0.42256201425	0.5687179491549998	0.10491559092319269	0.53084375
5	2670	z[2,291]	sub-11866	latent_z_kappa	0.1564606658	-0.02068987109737307	0.5637853849146525	-1.01707474785	0.02230263033	0.8262184134849999	0.3142162632048198	0.596875
5	2670	z[3,291]	sub-11866	latent_z_preference_friend	0.3948916076	0.262891542019123	0.3966160827992652	-0.34163319205500003	0.2382539129	0.9497014086200001	0.3328157160174584	0.6543125
5	2670	z[4,291]	sub-11866	latent_z_preference_stranger	-0.3920947964	-1.178566526484259	0.7041822922271596	-2.38455127845	-1.1518381555000001	-0.0785045792965003	1.1168581470528574	0.872
5	2670	z[1,292]	sub-11867	latent_z_alpha	1.502352857	0.4245736359556889	0.7851862040673364	-0.90467278123	0.460989254	1.6407133547	1.3726415663715386	0.9265625
5	2670	z[2,292]	sub-11867	latent_z_kappa	0.7876715675	0.007341426728083743	0.7956823509879901	-1.3956214599999999	0.06779509587499999	1.1915121126000001	0.9807056041936696	0.83671875
5	2670	z[3,292]	sub-11867	latent_z_preference_friend	-1.135959539	-1.017186618400318	0.41924235767088863	-1.65325435335	-1.023262482	-0.3858747586150001	-0.28330372259980563	0.36746875
5	2670	z[4,292]	sub-11867	latent_z_preference_stranger	-0.1478471389	-0.5648999168966912	0.7741378956478775	-1.91601334395	-0.5154814398500001	0.607161463735	0.5387318982074362	0.69253125
5	2670	z[1,293]	sub-11870	latent_z_alpha	0.7968071284	-0.5375390039213667	0.6842585293611627	-1.6704639658	-0.52933566385	0.5476446812599999	1.9500613804071083	0.97528125
5	2670	z[2,293]	sub-11870	latent_z_kappa	0.7291890753	0.006006148258692267	0.6143345379013714	-1.0517893011	0.03363961568	0.9641148915199999	1.1771809696908355	0.8875625
5	2670	z[3,293]	sub-11870	latent_z_preference_friend	1.785561034	1.576290880307308	0.6844163024819228	0.508260140765	1.54298604	2.7515255463	0.3057644198915317	0.638
5	2670	z[4,293]	sub-11870	latent_z_preference_stranger	-0.1316776388	0.6530895662603543	0.9173061546045231	-0.852630430835	0.6488339547499999	2.1698740660499998	-0.8555128526295452	0.19703125
5	2670	z[1,294]	sub-11872	latent_z_alpha	-0.27742218	-0.4585684552544777	0.6740215348639229	-1.668729592	-0.38881093375	0.516353352215	0.26875443273640953	0.5643125
5	2670	z[2,294]	sub-11872	latent_z_kappa	1.578635667	1.1066818168434491	0.6672155737925131	-0.10032931601999999	1.1762274549999998	2.0726565128999996	0.7073483723917336	0.7411875
5	2670	z[3,294]	sub-11872	latent_z_preference_friend	0.4035670813	0.2830304515658064	0.34850885833703793	-0.23738708811	0.2554703357	0.9039954661049998	0.34586389083293934	0.66496875
5	2670	z[4,294]	sub-11872	latent_z_preference_stranger	-0.5707441795	-1.2457413980728913	0.636105640108888	-2.3663253909999997	-1.201659378	-0.2854193803500001	1.0611401251800658	0.85715625
5	2670	z[1,295]	sub-11876	latent_z_alpha	-0.2922084868	-1.1669798932384974	0.6282559461620705	-2.29045310185	-1.111190495	-0.2315717289700001	1.392380624142686	0.9358125
5	2670	z[2,295]	sub-11876	latent_z_kappa	1.73926904	1.4565703988452068	0.5913498040737146	0.38732036484	1.5072391870000001	2.331978009	0.47805653981336804	0.6668125
5	2670	z[3,295]	sub-11876	latent_z_preference_friend	1.418094596	0.8577024260106053	0.4232584062612146	0.217305653555	0.82772130155	1.5998557022	1.323995369494322	0.8996875
5	2670	z[4,295]	sub-11876	latent_z_preference_stranger	-0.8681337971	-0.007399291261169621	0.6872465193687298	-1.2295084768	0.05791730048	0.99945277848	-1.2524392362575483	0.1150625
5	2670	z[1,296]	sub-11877	latent_z_alpha	0.2176047837	-0.006505421431650506	0.724734589838295	-1.15272001945	-0.032635734375	1.24384743705	0.3092307284266019	0.64790625
5	2670	z[2,296]	sub-11877	latent_z_kappa	-0.9645424519	-0.5511206771180716	0.6603981380940296	-1.70708389935	-0.50207777675	0.45116069680999993	-0.6260189890527282	0.25159375
5	2670	z[3,296]	sub-11877	latent_z_preference_friend	0.2843137509	-0.4434548454413481	0.512550871498429	-1.10856803315	-0.52737494395	0.54517829267	1.4198953446586398	0.91753125
5	2670	z[4,296]	sub-11877	latent_z_preference_stranger	-1.441169066	-0.587822834046576	0.8010586584990925	-1.96420165375	-0.5551956261	0.6450198322199997	-1.0652730894293065	0.1446875
5	2670	z[1,297]	sub-11881	latent_z_alpha	-0.5036980906	0.009724248917403087	0.7271785240603251	-1.20357460205	0.02193493296	1.1788943922	-0.7060471707148639	0.23271875
5	2670	z[2,297]	sub-11881	latent_z_kappa	-1.042521643	-0.7588469433073927	0.6191484300420024	-1.7903719919	-0.7476648746000001	0.24388639170999998	-0.458169133487689	0.31346875
5	2670	z[3,297]	sub-11881	latent_z_preference_friend	1.080006361	1.0133102535615455	0.6764187459753837	-0.005183014674899999	0.96058245565	2.2102144723	0.09860180226418748	0.5695625
5	2670	z[4,297]	sub-11881	latent_z_preference_stranger	-0.5755820194	-0.22588376025566861	0.9050325023358473	-1.6910645608	-0.2311484506	1.2677110347999998	-0.386393039191163	0.35203125
5	2670	z[1,298]	sub-11885	latent_z_alpha	2.105738289	0.06514521774408084	0.653780531251148	-0.9700175815300001	0.041402792475000005	1.1811894153	3.1212203082138448	0.99634375
5	2670	z[2,298]	sub-11885	latent_z_kappa	0.9162189417	-0.14866702831028283	0.6419932255501738	-1.29593675225	-0.08983782751	0.7970550973199999	1.6587183908330176	0.97121875
5	2670	z[3,298]	sub-11885	latent_z_preference_friend	0.1911278031	-0.41436326132336115	0.4510610705229618	-0.97189750406	-0.49360718935000003	0.4624039724249999	1.3423704770650071	0.911875
5	2670	z[4,298]	sub-11885	latent_z_preference_stranger	-0.9249824301	-0.11714557915397043	0.7561178140167539	-1.49767615765	-0.034721082595	0.9707827874099999	-1.0684007650269827	0.14709375
5	2670	z[1,299]	sub-11891	latent_z_alpha	-1.906177384	-0.6515356962871278	0.5863649211998533	-1.6818918368	-0.61093548845	0.23994775163999985	-2.139694313816647	0.02628125
5	2670	z[2,299]	sub-11891	latent_z_kappa	-0.900090586	0.4525617876222161	0.5438139007268707	-0.5384997961300001	0.5129353374	1.2400842464	-2.487344240031817	0.01646875
5	2670	z[3,299]	sub-11891	latent_z_preference_friend	-0.7226936636	-0.5021158750893884	0.2194164373928019	-0.867778361515	-0.4962000028	-0.156077182115	-1.0052929084603204	0.14715625
5	2670	z[4,299]	sub-11891	latent_z_preference_stranger	-1.060276713	-0.06165187717016056	0.5470260845224746	-1.1149075214	0.034572089745	0.64543268545	-1.8255524993869114	0.05609375
5	2670	z[1,300]	sub-11897	latent_z_alpha	-0.3188531039	0.13599510764694447	0.7020798305827032	-1.06669838855	0.16157198255	1.2434087517	-0.6478582516313499	0.248125
5	2670	z[2,300]	sub-11897	latent_z_kappa	-0.4790966486	-0.29814039732796943	0.6464365243354367	-1.39406226845	-0.27261173745	0.72058902346	-0.2799288784897497	0.377
5	2670	z[3,300]	sub-11897	latent_z_preference_friend	0.08075003653	0.662721244300402	0.6932490840454417	-0.339757027055	0.59325598695	1.9202288992499998	-0.839483558166886	0.2135
5	2670	z[4,300]	sub-11897	latent_z_preference_stranger	0.7256598409	0.7175599692643979	0.8454973952109776	-0.69112439546	0.7308186519	2.0891165578999997	0.009580007793614717	0.4973125
5	2670	z[1,301]	sub-11900	latent_z_alpha	-0.1397638031	-1.3511250513991373	0.6348786859735037	-2.45753832275	-1.315089046	-0.370079319655	1.9080200281754187	0.9836875
5	2670	z[2,301]	sub-11900	latent_z_kappa	1.832011365	0.9715843317274748	0.5814633626387726	-0.05583311914599999	1.022518699	1.8279650122999997	1.4797613892090662	0.951
5	2670	z[3,301]	sub-11900	latent_z_preference_friend	0.5940058142	0.5888312279421054	0.37882019108448445	0.025841471191500005	0.5589246059999999	1.2577653627	0.013659742483843844	0.538
5	2670	z[4,301]	sub-11900	latent_z_preference_stranger	-0.3630933623	-0.5435968852073235	0.6158361135931355	-1.6541016784	-0.4809101713	0.34996066635	0.293103179438705	0.57715625
5	2670	z[1,302]	sub-11902	latent_z_alpha	0.005380230514	0.53684156883704	0.6942710525761518	-0.631339975715	0.5441735539000001	1.6539124111999999	-0.7654954593757113	0.21315625
5	2670	z[2,302]	sub-11902	latent_z_kappa	-0.4024418332	-0.5427037983509793	0.6714234339178372	-1.67807893405	-0.5241053908	0.52977888308	0.20890239760106924	0.571125
5	2670	z[3,302]	sub-11902	latent_z_preference_friend	-0.1861740616	0.5085689233956799	0.7403631606665748	-0.590882348295	0.4503344617	1.82719859075	-0.9383813537807291	0.180875
5	2670	z[4,302]	sub-11902	latent_z_preference_stranger	0.335395992	0.6286968876461251	0.9110492927104334	-0.88741215887	0.63532672135	2.11171144175	-0.32193746045676086	0.36859375
5	2670	z[1,303]	sub-11909	latent_z_alpha	1.17699444	0.9213572964140522	0.9493441558191118	-0.6008850316950001	0.9014869745	2.50474807755	0.26927762921274784	0.6108125
5	2670	z[2,303]	sub-11909	latent_z_kappa	-1.682764784	-0.9977319044417446	0.9407566861399465	-2.5797244336	-0.96792358105	0.49084318388499987	-0.7281722146127274	0.24225
5	2670	z[3,303]	sub-11909	latent_z_preference_friend	-0.7436488866	-1.1061872892024722	0.9310856861656998	-2.35475590715	-1.29514704	0.6728902823849996	0.3893716851082098	0.708625
5	2670	z[4,303]	sub-11909	latent_z_preference_stranger	0.5919327571	0.4002591155459762	1.0399066270597959	-1.3642763626	0.4373751454	2.0088975374499998	0.18431812680716994	0.55565625
5	2670	z[1,304]	sub-11913	latent_z_alpha	1.347106727	1.2421836516281284	0.7318892088558372	0.014996396697000003	1.255670608	2.4136285024	0.1433592326574917	0.552375
5	2670	z[2,304]	sub-11913	latent_z_kappa	1.033238713	0.18683095641041	0.9802114957337414	-1.5743048128500001	0.30355134370000003	1.6017534139999998	0.8634950317084457	0.79603125
5	2670	z[3,304]	sub-11913	latent_z_preference_friend	-0.6459039815	-0.7795088311470272	0.6388537704500717	-1.620512767	-0.88352908565	0.467975250665	0.2091321298031986	0.6745625
5	2670	z[4,304]	sub-11913	latent_z_preference_stranger	1.046321376	0.3399484814175306	0.8744108126191135	-1.1802671838999998	0.3983076773	1.6721736659999997	0.8078272642428542	0.79053125
5	2670	z[1,305]	sub-11914	latent_z_alpha	2.334622321	0.4426316891366639	0.7868327709104054	-0.8640272125349999	0.44323188385	1.72572468655	2.40456511448323	0.9924375
5	2670	z[2,305]	sub-11914	latent_z_kappa	1.321696334	-0.3408068565632788	0.7181064805943018	-1.5194878151	-0.34517078864999995	0.8362427715299997	2.315120717455994	0.99065625
5	2670	z[3,305]	sub-11914	latent_z_preference_friend	1.008223538	1.2686239638029404	0.7035664281683772	0.181938714185	1.2248851690000002	2.492997023749999	-0.37011491079932757	0.3733125
5	2670	z[4,305]	sub-11914	latent_z_preference_stranger	0.2561176823	0.4997726196481232	0.907925006222002	-1.0183612838	0.50097078035	1.9822997287	-0.26836460685448477	0.3903125
5	2670	z[1,306]	sub-11920	latent_z_alpha	-0.6259891026	-0.3796724616675524	0.5084554383790478	-1.2590543462500001	-0.3480252224	0.3621471838799998	-0.48444096048555046	0.275625
5	2670	z[2,306]	sub-11920	latent_z_kappa	0.5968833985	0.8604041793942567	0.5306414158257368	-0.12325961956499999	0.94683974965	1.5484850112	-0.49660801632716356	0.246
5	2670	z[3,306]	sub-11920	latent_z_preference_friend	-0.7060836693	-0.5687776058401259	0.29288991381949714	-1.07000658185	-0.5485914566000001	-0.13168138396	-0.4687975139509015	0.285
5	2670	z[4,306]	sub-11920	latent_z_preference_stranger	0.5674006082	0.8185409177035957	0.338438357014162	0.29573536678999995	0.84013960455	1.3004737923	-0.7420562838067634	0.1645
5	2670	z[1,307]	sub-11922	latent_z_alpha	-0.217924189	-0.312447862142693	0.599668782990149	-1.39634042315	-0.2523445809	0.5625732923499998	0.15762646951766668	0.52478125
5	2670	z[2,307]	sub-11922	latent_z_kappa	1.009583808	0.7309052395245345	0.5831149027664806	-0.33462752304000004	0.79902873295	1.5660869089	0.47791364472649667	0.6520625
5	2670	z[3,307]	sub-11922	latent_z_preference_friend	-0.1141495813	-0.1709309287803416	0.24425004227219416	-0.5511703932049999	-0.178303952	0.23843369298	0.23247221147689315	0.6115625
5	2670	z[4,307]	sub-11922	latent_z_preference_stranger	0.212667088	-0.30376746977176217	0.5924907651035164	-1.39886287805	-0.21704023919999998	0.5077985523449997	0.8716330923428551	0.8108125
5	2670	z[1,308]	sub-11923	latent_z_alpha	0.1791185457	0.5228590057284158	0.8026821846992255	-0.75917519648	0.49961118665	1.8839321661999997	-0.428239802229097	0.3404375
5	2670	z[2,308]	sub-11923	latent_z_kappa	0.3184257487	-0.6419410493189333	0.7363276184518536	-1.8977670217	-0.61641217995	0.51783462764	1.3042656202929443	0.9079375
5	2670	z[3,308]	sub-11923	latent_z_preference_friend	-0.6644747349	-0.3173521811116325	0.7156937771884597	-1.2546950968000001	-0.4611875175	1.0457456543499999	-0.4850154700967333	0.36240625
5	2670	z[4,308]	sub-11923	latent_z_preference_stranger	0.3895054007	0.0739059161774698	0.8849825841404605	-1.44123737875	0.11155318215000001	1.4563029088999997	0.35661660486692653	0.62515625
5	2670	z[1,309]	sub-11924	latent_z_alpha	0.6591295993	-0.15189188207482102	0.5607236993338233	-1.2262954198	-0.061621194875	0.595969996385	1.4463834547003598	0.9655625
5	2670	z[2,309]	sub-11924	latent_z_kappa	1.905974917	1.6055856520564227	0.5705912970531448	0.540575945785	1.6797748065	2.4033877272999997	0.5264525878592206	0.6865625
5	2670	z[3,309]	sub-11924	latent_z_preference_friend	0.9947200518	0.4273508699724568	0.37707320256088844	-0.134735603915	0.3973856899	1.0946531497499996	1.5046658791297334	0.92484375
5	2670	z[4,309]	sub-11924	latent_z_preference_stranger	-1.359094183	-0.8718222320075302	0.620647948784639	-1.9649871856	-0.8255960383000001	0.05709089563449982	-0.7851020082264869	0.21171875
5	2670	z[1,310]	sub-11926	latent_z_alpha	-0.5832748082	0.10738803094076038	0.7073134658316909	-1.0710237760999999	0.11880845745	1.2362070389999997	-0.9764593387581672	0.16340625
5	2670	z[2,310]	sub-11926	latent_z_kappa	-0.8991738427	-0.2637110343558487	0.6523396803337188	-1.3564136589	-0.25283432265	0.783259987255	-0.974128705491388	0.16484375
5	2670	z[3,310]	sub-11926	latent_z_preference_friend	0.9491871908	1.5587498277894403	0.6975875777061832	0.48447651333499997	1.5218850575	2.7737745389999997	-0.8738152118387948	0.19740625
5	2670	z[4,310]	sub-11926	latent_z_preference_stranger	0.1874840322	0.6332953331350839	0.9166351033623982	-0.8768136620799999	0.63314114835	2.12738660525	-0.4863563475801442	0.31428125
5	2670	z[1,311]	sub-11928	latent_z_alpha	1.262508605	0.6847563222995101	0.8099361988226806	-0.7362815406100001	0.74138600025	1.9217896378	0.7133306099175564	0.7565
5	2670	z[2,311]	sub-11928	latent_z_kappa	-0.005276187311	-0.215694862680583	0.7768339931793895	-1.5132249688500001	-0.1974411421	1.01935354355	0.27086697700803664	0.59565625
5	2670	z[3,311]	sub-11928	latent_z_preference_friend	0.1524410055	0.8903101132705121	0.7513468447488575	-0.27818272498	0.8470118986499999	2.1947715366	-0.9820618971483798	0.1665
5	2670	z[4,311]	sub-11928	latent_z_preference_stranger	0.4168708016	1.1968834719616814	0.9386533326239808	-0.35560254312	1.2039894475	2.7235299907000003	-0.830991211825964	0.201125
5	2670	z[1,312]	sub-11929	latent_z_alpha	-1.579463942	-1.5457354970931707	0.5656700804573923	-2.5122139557499996	-1.5235151015000001	-0.6559975274100001	-0.05962564765588635	0.4610625
5	2670	z[2,312]	sub-11929	latent_z_kappa	0.3452975359	0.4145213266781396	0.5296636725328272	-0.5187022730799999	0.45390111	1.20702765685	-0.13069386172382683	0.41775
5	2670	z[3,312]	sub-11929	latent_z_preference_friend	-0.7029919569	-0.4749468146789862	0.3466898490783092	-1.06582713245	-0.4598525468	0.06162353232199984	-0.6577785384466326	0.23675
5	2670	z[4,312]	sub-11929	latent_z_preference_stranger	0.271953735	0.54870187958543	0.38747456723263585	-0.134610665165	0.58049245355	1.11359377215	-0.7142356376109539	0.20153125
5	2670	z[1,313]	sub-11931	latent_z_alpha	-0.6151058832	-0.09325355574171577	0.6953437008577358	-1.25845222	-0.07569745922	1.0111343474999994	-0.7504955129593572	0.22084375
5	2670	z[2,313]	sub-11931	latent_z_kappa	-0.5493119078	-0.39428232363239873	0.6263861047260422	-1.4570603593499998	-0.37482489575	0.5898198154149997	-0.24749844065491436	0.386875
5	2670	z[3,313]	sub-11931	latent_z_preference_friend	2.04830635	1.7553546639886082	0.705599815410101	0.636932452065	1.7258237799999998	2.9667317836	0.41518106951477235	0.6739375
5	2670	z[4,313]	sub-11931	latent_z_preference_stranger	0.4101396648	0.8650832436016135	0.9253109694926711	-0.6640716596099999	0.8655656864000001	2.3888845908	-0.49166560626753364	0.3095
5	2670	z[1,314]	sub-11935	latent_z_alpha	-0.1686139103	0.15718943202499303	0.8012234531723632	-1.18903346475	0.18903085684999998	1.4209616525499997	-0.4066323084215866	0.3351875
5	2670	z[2,314]	sub-11935	latent_z_kappa	0.2837330104	-0.0045108326715931355	0.703743933261954	-1.2403286634	0.04128824353	1.0497917872	0.4095862563753006	0.6319375
5	2670	z[3,314]	sub-11935	latent_z_preference_friend	-0.7480813637	-0.2546621721036525	0.4279796716608093	-0.8350761723200001	-0.31316047719999995	0.52501611768	-1.1529033369309223	0.0846875
5	2670	z[4,314]	sub-11935	latent_z_preference_stranger	0.6368656565	-0.5458441011855464	0.7540628659774858	-1.84673481105	-0.4947753679	0.6021602153799998	1.5684498084286498	0.9555625
5	2670	z[1,315]	sub-11939	latent_z_alpha	-1.425786345	0.11922313547515864	0.8020455437638461	-1.1464697801	0.08082728178000001	1.48546492205	-1.9263363439745893	0.02246875
5	2670	z[2,315]	sub-11939	latent_z_kappa	-0.5979254831	0.20074309358275289	0.7708644796943636	-1.23714547745	0.3141498253	1.2621974416	-1.0360687224807832	0.15178125
5	2670	z[3,315]	sub-11939	latent_z_preference_friend	-0.9780593013	-0.8831966504141786	0.4088030381078917	-1.5356109909	-0.87492829285	-0.3074850237750001	-0.23204976979839642	0.38446875
5	2670	z[4,315]	sub-11939	latent_z_preference_stranger	0.3448453886	0.07864091942890886	0.7466703571413329	-1.3587705448	0.22728760850000002	1.03246502165	0.35652208049381945	0.56578125
5	2670	z[1,316]	sub-11943	latent_z_alpha	-1.767700242	-1.2841538447195278	0.608148761948198	-2.3314488987	-1.2503147875	-0.34648596388	-0.7951120310291131	0.21196875
5	2670	z[2,316]	sub-11943	latent_z_kappa	0.3196487524	0.8032144046383171	0.561921277744101	-0.195495955895	0.8464823037	1.64998014635	-0.8605576464013752	0.1890625
5	2670	z[3,316]	sub-11943	latent_z_preference_friend	-0.1337913924	0.012770347583660552	0.23739229649519294	-0.364153480865	0.0074125520355	0.40696739982499996	-0.6173820387075127	0.25884375
5	2670	z[4,316]	sub-11943	latent_z_preference_stranger	-0.2474702514	0.1995216843997822	0.40099820076484105	-0.523400848335	0.24760091555	0.75597320133	-1.1146981082389282	0.1224375
5	2670	z[1,317]	sub-11949	latent_z_alpha	0.1301612909	-1.036144184687682	0.6660724299061058	-2.1931405224	-0.99794837605	-0.01929252627150015	1.7510189931627895	0.9763125
5	2670	z[2,317]	sub-11949	latent_z_kappa	2.488719851	1.156457367427157	0.6634689416833586	0.011383211250500007	1.1954274175	2.1722614768	2.0080253948174516	0.98859375
5	2670	z[3,317]	sub-11949	latent_z_preference_friend	0.7928418889	0.5317426756110533	0.3715011363412249	-0.015048818576499999	0.5000781445	1.19301041875	0.7028221120947697	0.7743125
5	2670	z[4,317]	sub-11949	latent_z_preference_stranger	-0.05041605431	-0.6260634165847409	0.610965085959436	-1.7309178833999999	-0.56562999105	0.26619877961	0.9421935483772637	0.82584375
5	2670	z[1,318]	sub-11960	latent_z_alpha	1.468430298	0.20509050564453582	0.7078204444357405	-0.89174160676	0.16716284580000002	1.4544502899499998	1.7848308879557326	0.95128125
5	2670	z[2,318]	sub-11960	latent_z_kappa	0.3882703079	-0.028181925350819634	0.7682926152399203	-1.4701127073999998	0.081925929555	1.026909599	0.5420489862716839	0.666125
5	2670	z[3,318]	sub-11960	latent_z_preference_friend	-0.4983673332	-0.9764621976063846	0.44158622800265673	-1.62293643525	-0.98321800575	-0.33717416431000036	1.082676120967043	0.9203125
5	2670	z[4,318]	sub-11960	latent_z_preference_stranger	-0.884425627	0.06608573263885448	0.7804912780831096	-1.38040887805	0.19046430725	1.12311320365	-1.2178372601079095	0.12184375
5	2670	z[1,319]	sub-11969	latent_z_alpha	-0.1739875357	-0.8122035930349858	0.6432409952213857	-1.90110951335	-0.7906578870500001	0.20465786496999955	0.9921880944720097	0.8435
5	2670	z[2,319]	sub-11969	latent_z_kappa	1.357056764	0.44094635291421597	0.5994091610531767	-0.608578853345	0.48358061500000005	1.35036270615	1.5283557052684271	0.95184375
5	2670	z[3,319]	sub-11969	latent_z_preference_friend	1.254054814	0.2628804256283378	0.36126782099552435	-0.28498113263499997	0.23952207990000002	0.8972797349849996	2.743599985297173	0.99165625
5	2670	z[4,319]	sub-11969	latent_z_preference_stranger	-1.752485715	-1.0595610217487237	0.6547785764750593	-2.2115155618999998	-1.0170168785	-0.06642926894450016	-1.0582580404227229	0.14940625
5	2670	z[1,320]	sub-11974	latent_z_alpha	0.3366431957	0.030940154530261436	0.6962315191105309	-1.108910397	0.030348110945	1.17828439585	0.4390824499877409	0.67246875
5	2670	z[2,320]	sub-11974	latent_z_kappa	0.2261431124	-0.31479961915814164	0.6385261394704527	-1.3830650802	-0.30690752275	0.7166510920949997	0.8471739810162828	0.8060625
5	2670	z[3,320]	sub-11974	latent_z_preference_friend	1.878539027	1.4909723939506903	0.7115055046935179	0.385708100165	1.454262724	2.7113602803499997	0.5447134709326734	0.71584375
5	2670	z[4,320]	sub-11974	latent_z_preference_stranger	0.170557813	0.9309767453796205	0.9200124542661293	-0.5706058180050001	0.92451187025	2.437721100199999	-0.8265311288488887	0.20396875
5	2670	z[1,321]	sub-11976	latent_z_alpha	-0.3293671939	0.4925068366212724	0.8589301908480562	-0.92898036749	0.5014535322	1.8735961866000002	-0.9568577740989674	0.174
5	2670	z[2,321]	sub-11976	latent_z_kappa	-0.2867511338	-0.035862616327124966	0.7851851699583268	-1.3332619773	-0.034543533890000006	1.2438220161	-0.31952783505347	0.377875
5	2670	z[3,321]	sub-11976	latent_z_preference_friend	0.1702045169	0.868790888778267	0.6118321583594042	-0.041875561687999996	0.8203367095	1.9468970634499996	-1.1417941380385916	0.11478125
5	2670	z[4,321]	sub-11976	latent_z_preference_stranger	0.2326929396	-0.5195379775003013	0.8712604794005104	-1.9366362825999999	-0.5266993324	0.9244407689499998	0.8633823464802283	0.80815625
5	2670	z[1,322]	sub-11982	latent_z_alpha	-1.303921653	0.5545827804137506	0.7894868006187487	-0.8413713594550001	0.6057330698000001	1.7625375373499998	-2.354066504920887	0.01590625
5	2670	z[2,322]	sub-11982	latent_z_kappa	-0.3646195508	0.4607199476761392	0.7851085575264876	-0.9095470371600001	0.51429231605	1.66493365685	-1.0512425199852626	0.15471875
5	2670	z[3,322]	sub-11982	latent_z_preference_friend	0.214662219	0.5746173937114802	0.6295649882055406	-0.31855768878499996	0.4993711496	1.7242004568499998	-0.5717522121702898	0.31134375
5	2670	z[4,322]	sub-11982	latent_z_preference_stranger	0.3097188133	0.5842222069334159	0.8079396479786833	-0.7538039853299999	0.59332287715	1.8930479434999998	-0.3397573003381787	0.3606875
5	2670	z[1,323]	sub-11984	latent_z_alpha	0.1210268795	0.11172671177312513	0.7215478827583012	-1.0950954043999999	0.1257516837	1.27432530125	0.012889189961063443	0.49746875
5	2670	z[2,323]	sub-11984	latent_z_kappa	-0.07057955465	-0.40387139883662965	0.6553454843291411	-1.5009899360499999	-0.38891840224999996	0.65079371394	0.5085742591601302	0.69475
5	2670	z[3,323]	sub-11984	latent_z_preference_friend	0.2913985438	1.4884332015080555	0.7204834824731154	0.36710076008	1.4574882175	2.72432287755	-1.66143247808977	0.0384375
5	2670	z[4,323]	sub-11984	latent_z_preference_stranger	1.081997625	1.0359733101628017	0.9231012868589066	-0.48504536794	1.040796206	2.5448245756	0.04985835844060855	0.51796875
5	2670	z[1,324]	sub-12008	latent_z_alpha	-1.438087019	-1.3520307152458804	0.5403364023016474	-2.3172216622499997	-1.307348851	-0.5468671853150001	-0.15926430902591288	0.4041875
5	2670	z[2,324]	sub-12008	latent_z_kappa	0.7885861623	0.6058186888666764	0.5427329524213927	-0.35410724953	0.6549412976	1.40706998015	0.3367539645748613	0.60271875
5	2670	z[3,324]	sub-12008	latent_z_preference_friend	1.648409101	0.4330704611543274	0.3674623063828302	-0.11170046500499999	0.40375912485	1.07958472485	3.307383148516753	0.99703125
5	2670	z[4,324]	sub-12008	latent_z_preference_stranger	-2.732698471	-0.7427835229204259	0.6236507675014291	-1.8529136977	-0.6938035504	0.17649888096499997	-3.1907520230463184	0.00334375
5	2670	z[1,325]	sub-12011	latent_z_alpha	1.505455551	0.6533790209805768	0.6672112471980792	-0.49669833804499997	0.6810783730500001	1.6951310253499996	1.2770715925393594	0.91096875
5	2670	z[2,325]	sub-12011	latent_z_kappa	0.1398956127	-0.3442466255735138	0.6755462545598554	-1.50731812115	-0.3158840515	0.7142708398049998	0.7166677855226231	0.75603125
5	2670	z[3,325]	sub-12011	latent_z_preference_friend	1.773106104	0.5496491560543673	0.6984818909922209	-0.47322730245	0.4852503523	1.79531652095	1.751594370195717	0.94740625
5	2670	z[4,325]	sub-12011	latent_z_preference_stranger	0.3248141712	0.18499450344916862	0.8815543024882679	-1.2715426038	0.18736049615	1.6340900837	0.1586058480528965	0.562125
5	2670	z[1,326]	sub-12013	latent_z_alpha	0.158754298	0.3132529354054936	0.7773673257233468	-0.9393070046	0.3025209117	1.6388745422499997	-0.19874598827746115	0.422625
5	2670	z[2,326]	sub-12013	latent_z_kappa	-0.09820770228	-0.564981524763318	0.700572812296606	-1.76752219765	-0.53325704465	0.528893001845	0.6662745317694359	0.7395
5	2670	z[3,326]	sub-12013	latent_z_preference_friend	-1.001354444	-0.4551996009258114	0.6041268754896167	-1.23306203865	-0.5707259397	0.7248297076949999	-0.90403997112619	0.14228125
5	2670	z[4,326]	sub-12013	latent_z_preference_stranger	-1.330882324	-0.40401892041400833	0.8565674469365914	-1.85146449615	-0.37391662314999996	0.9525360371399997	-1.0820670420067973	0.1396875
5	2670	z[1,327]	sub-12018	latent_z_alpha	-0.1932946795	-0.436015841458577	0.6022879716977485	-1.53415661025	-0.37063176885	0.439824449995	0.4029985212462186	0.6243125
5	2670	z[2,327]	sub-12018	latent_z_kappa	0.2212420298	0.371811343440361	0.5452504468187768	-0.608587516675	0.4269597182	1.17017327445	-0.2761470706146991	0.3574375
5	2670	z[3,327]	sub-12018	latent_z_preference_friend	-0.5713530011	-0.3462930710147154	0.23703537563054575	-0.7208718226599999	-0.3513798358	0.04852490377549997	-0.9494782349959162	0.15875
5	2670	z[4,327]	sub-12018	latent_z_preference_stranger	-1.304222733	-0.9734502667687639	0.650186438442625	-2.1298950477000003	-0.9195555038500001	-0.006126811006800001	-0.5087347977043738	0.28584375
5	2670	z[1,328]	sub-12020	latent_z_alpha	-1.037469409	-1.0247940606160488	0.5930749271089145	-2.03796851015	-0.99319069915	-0.13550736640500016	-0.02137225467571231	0.46959375
5	2670	z[2,328]	sub-12020	latent_z_kappa	0.6577122753	0.8621486932830196	0.5456797914603629	-0.114358957995	0.92195944315	1.6409227808999998	-0.37464538944332415	0.319
5	2670	z[3,328]	sub-12020	latent_z_preference_friend	-0.567238907	-0.3059337668684378	0.29557723084469617	-0.80610231051	-0.29227675415	0.15371003799499997	-0.8840503017935728	0.1688125
5	2670	z[4,328]	sub-12020	latent_z_preference_stranger	0.5344625395	0.7947628193223245	0.2692053172369134	0.381237084525	0.80340423455	1.1955695953	-0.9669210195920759	0.12609375
5	2670	z[1,329]	sub-12021	latent_z_alpha	-0.9784013989	0.6515737785510683	0.8169577820941422	-0.65771427724	0.6290602568	2.04261083955	-1.9951767559798312	0.01978125
5	2670	z[2,329]	sub-12021	latent_z_kappa	-1.685973905	-0.8224816621238752	0.7427373870201152	-2.03483169145	-0.829867211	0.41722903109499987	-1.1625808232711723	0.11803125
5	2670	z[3,329]	sub-12021	latent_z_preference_friend	0.4326462191	0.23551766868989105	0.8069655048145827	-0.96140990357	0.17644721915	1.6537914057999998	0.24428373856625182	0.6146875
5	2670	z[4,329]	sub-12021	latent_z_preference_stranger	0.5807886157	0.6704852052673193	0.9596259530557046	-0.954300528555	0.69397553075	2.2149924893999997	-0.09347036653364935	0.45453125
5	2670	z[1,330]	sub-12031	latent_z_alpha	0.1462564566	0.5783192804753342	0.8554743377969197	-0.866584778015	0.6054678065	1.9235520006	-0.5050564403696949	0.30921875
5	2670	z[2,330]	sub-12031	latent_z_kappa	-0.6552070446	-0.28588814356720366	0.7798145319683635	-1.5594349489	-0.28671347585	1.00401514085	-0.47359838255460895	0.3228125
5	2670	z[3,330]	sub-12031	latent_z_preference_friend	1.83358464	0.5670153451399216	0.6782859713387606	-0.42532768877	0.5056894045	1.7867854815999995	1.8673086992499626	0.9555625
5	2670	z[4,330]	sub-12031	latent_z_preference_stranger	0.8673124808	0.027019840969723586	0.859462854892291	-1.3875110345	0.02912012288	1.4433351785	0.9776951209084923	0.83840625
5	2670	z[1,331]	sub-12032	latent_z_alpha	-1.104122518	0.7227265055578198	0.6929779196409209	-0.471623243425	0.7547832613000001	1.8029691941	-2.6362297726664	0.00875
5	2670	z[2,331]	sub-12032	latent_z_kappa	-0.8959826163	-0.35410225551000746	0.7248871012710226	-1.5873169389000001	-0.32826254575	0.7869391701399999	-0.7475375956336584	0.22484375
5	2670	z[3,331]	sub-12032	latent_z_preference_friend	-0.226427601	0.35091436140616544	0.6929561379109107	-0.643773273175	0.27333345610000004	1.6101848383	-0.8331580179760106	0.21084375
5	2670	z[4,331]	sub-12032	latent_z_preference_stranger	0.3470546086	0.1161600648284031	0.8850557186455725	-1.35865241045	0.11744778955	1.5741503121499991	0.26088136476304763	0.6048125
5	2670	z[1,332]	sub-12033	latent_z_alpha	-1.193588115	-0.9328533904359751	0.49428515018806535	-1.8212488627499999	-0.8874292910999999	-0.2107807138250001	-0.5274985996743392	0.26390625
5	2670	z[2,332]	sub-12033	latent_z_kappa	0.8434557051	1.2315004621523276	0.46735697497164835	0.36410936904	1.2916980005	1.8802425799	-0.8302962785050289	0.1785625
5	2670	z[3,332]	sub-12033	latent_z_preference_friend	-0.3289776314	-0.0584957217090798	0.2555311604510086	-0.463799197675	-0.06470623713000001	0.37094122026499987	-1.058508516979001	0.13778125
5	2670	z[4,332]	sub-12033	latent_z_preference_stranger	0.542633844	0.6641431441217638	0.23944311891856052	0.281971135355	0.66691547195	1.0460621016999998	-0.5074662436346377	0.28490625
5	2670	z[1,333]	sub-12036	latent_z_alpha	0.2694566504	0.45809112879873015	0.743407725949762	-0.74116991575	0.44291909905000004	1.6970840441499997	-0.25374296205724084	0.40303125
5	2670	z[2,333]	sub-12036	latent_z_kappa	0.2779530684	-0.4711697553362399	0.7428890275118158	-1.7257179598	-0.44640729710000004	0.7131090756549997	1.0083912885956914	0.841125
5	2670	z[3,333]	sub-12036	latent_z_preference_friend	-0.3376692002	-0.02593589949435012	0.6892605268831706	-0.999937680425	-0.11580503705	1.2299322745999999	-0.45227209240503713	0.35415625
5	2670	z[4,333]	sub-12036	latent_z_preference_stranger	-0.2104809937	-0.37263160333161655	0.900201268050779	-1.8440633559	-0.3734925269	1.11445834125	0.18012706200994805	0.5725
5	2670	z[1,334]	sub-12037	latent_z_alpha	0.5734148072	-0.42867648751766263	0.8370593200394255	-1.73255536675	-0.4683539018	1.0273258362	1.1971568450733745	0.8853125
5	2670	z[2,334]	sub-12037	latent_z_kappa	-0.731744044	0.2138140497519088	0.729029568611167	-1.05988435455	0.2643927388	1.32260096245	-1.2970092496429715	0.10346875
5	2670	z[3,334]	sub-12037	latent_z_preference_friend	-1.146796373	-0.6095476408279332	0.3674773850616073	-1.22232430835	-0.5919829122	-0.07317474461550007	-1.4619912789517573	0.06821875
5	2670	z[4,334]	sub-12037	latent_z_preference_stranger	-0.1389768762	-0.16400066946922692	0.7491276221589628	-1.56033684785	-0.037904070925000005	0.8208774513649999	0.03340391213597108	0.4505625
5	2670	z[1,335]	sub-12038	latent_z_alpha	-0.1113131473	-0.10227247387760735	0.4164887906114421	-0.831626006	-0.060806355795	0.49111044511999996	-0.021706882937041705	0.44615625
5	2670	z[2,335]	sub-12038	latent_z_kappa	2.537034821	1.9856302743105807	0.41855512590984145	1.26743550295	2.020311838	2.59914564695	1.3174000569000184	0.92884375
5	2670	z[3,335]	sub-12038	latent_z_preference_friend	0.3692771137	0.09893907357745246	0.2870222376837298	-0.35570568527499996	0.090051794055	0.5785992593599999	0.941871411442459	0.831125
5	2670	z[4,335]	sub-12038	latent_z_preference_stranger	0.8661764647	0.3488572078751547	0.37826017504576187	-0.29956718534	0.3690057548	0.9228420147799998	1.367628132573724	0.9289375
5	2670	z[1,336]	sub-12039	latent_z_alpha	-0.2512018087	0.31981683055719506	0.6782797843681363	-0.83298613122	0.33567667290000003	1.3963869588999998	-0.8418629781059119	0.19196875
5	2670	z[2,336]	sub-12039	latent_z_kappa	-1.232969737	-0.453044888641833	0.6413287420701028	-1.5480635913	-0.42631680424999996	0.5660583281749999	-1.2161077419369961	0.11434375
5	2670	z[3,336]	sub-12039	latent_z_preference_friend	1.028342682	0.9105863418829222	0.7115575939070521	-0.1661149025	0.85595538415	2.17497956515	0.165490947079204	0.59359375
5	2670	z[4,336]	sub-12039	latent_z_preference_stranger	0.8960445423	0.5455671405232068	0.8975887865960469	-0.938259654985	0.5494751866	2.00898099635	0.39046544142548756	0.6495
5	2670	z[1,337]	sub-12041	latent_z_alpha	-0.5703765713	-0.7520656500018961	0.5965576617414886	-1.7527582874999998	-0.73325870315	0.1758320316599999	0.30456247627681793	0.61371875
5	2670	z[2,337]	sub-12041	latent_z_kappa	-0.3061226596	-0.06064863953827351	0.5595483499671227	-1.04515131525	-0.013905275290000001	0.77354489509	-0.4387002840347037	0.30846875
5	2670	z[3,337]	sub-12041	latent_z_preference_friend	-1.307140493	-1.048341700969348	0.3503567102166915	-1.66363883985	-1.016192512	-0.537462376265	-0.7386722859413419	0.20815625
5	2670	z[4,337]	sub-12041	latent_z_preference_stranger	-0.6518292597	-0.1287684080842112	0.6263500939881546	-1.3038772654500002	-0.035247503545	0.7192124048849999	-0.8350934351830415	0.1875625
5	2670	z[1,338]	sub-12047	latent_z_alpha	-0.5156425012	-0.6404780349883513	0.5789777262142276	-1.6592942133	-0.5910401455000001	0.21721777749499993	0.2156137069462339	0.557
5	2670	z[2,338]	sub-12047	latent_z_kappa	0.7014169753	0.6913948726499443	0.5863007629943419	-0.37622803168999996	0.7648748771	1.5184496491999997	0.017093790904980425	0.45678125
5	2670	z[3,338]	sub-12047	latent_z_preference_friend	-0.7389764583	-0.7015073429221348	0.35291292440926664	-1.3402929005	-0.6617477343	-0.20939087691500002	-0.10617099229387528	0.40271875
5	2670	z[4,338]	sub-12047	latent_z_preference_stranger	0.2568467267	0.6847763662697433	0.369604803737491	0.054117752356	0.7203115995	1.18997634135	-1.1578032407654446	0.0949375
5	2670	z[1,339]	sub-12049	latent_z_alpha	1.041017091	0.6753711209124779	0.8128167014627059	-0.678864260245	0.6830514857	1.99533915645	0.44985046373865506	0.66928125
5	2670	z[2,339]	sub-12049	latent_z_kappa	-0.7176197594	-0.6435830432033449	0.7454320003145718	-1.8686481999	-0.64454197795	0.58368785603	-0.09932054991657406	0.46034375
5	2670	z[3,339]	sub-12049	latent_z_preference_friend	0.3679882072	0.4166459039853838	0.7812431416450393	-0.76470959593	0.3665543978	1.7912051955499997	-0.06228239864343237	0.50084375
5	2670	z[4,339]	sub-12049	latent_z_preference_stranger	1.072496919	0.8898516595751528	0.9521948763219861	-0.6982047122849999	0.90651682315	2.4318735115999996	0.19181499918414333	0.56915625
5	2670	z[1,340]	sub-12051	latent_z_alpha	-0.3288229345	0.42844416301238025	0.7663926396682849	-0.87689395852	0.46077265489999997	1.63208084635	-0.9880928630005446	0.1609375
5	2670	z[2,340]	sub-12051	latent_z_kappa	0.4887210896	0.5573112597522801	0.687245868559594	-0.6824044500299999	0.62814148645	1.56118895705	-0.09980441249656256	0.42075
5	2670	z[3,340]	sub-12051	latent_z_preference_friend	-0.4887874937	-0.4943283776277247	0.32232037463664365	-0.975576277	-0.5151662050000001	0.06156229362149992	0.017190610224286904	0.5391875
5	2670	z[4,340]	sub-12051	latent_z_preference_stranger	0.1579078112	-0.4107276196289325	0.7124143200028005	-1.6878553142	-0.3467254502	0.628898758145	0.7981807985368644	0.7765
5	2670	z[1,341]	sub-12054	latent_z_alpha	0.1762792894	-0.17108055233263905	0.4019843663936169	-0.986165050665	-0.08214397233000001	0.2678422936299999	0.8641128132642593	0.88540625
5	2670	z[2,341]	sub-12054	latent_z_kappa	2.744149548	2.3465678247549913	0.7710292729787244	0.83146749486	2.4534594084999997	3.39256009125	0.5156506207721893	0.684
5	2670	z[3,341]	sub-12054	latent_z_preference_friend	0.6184711377	1.3658153354839184	0.6198406590501907	0.434181008075	1.32125805	2.4598301272	-1.205703735100416	0.10540625
5	2670	z[4,341]	sub-12054	latent_z_preference_stranger	1.108038065	0.5757906004062846	0.8634153613386385	-0.842417909815	0.58361001795	1.9840937882499998	0.6164442844386266	0.7324375
5	2670	z[1,342]	sub-12055	latent_z_alpha	-0.462816963	0.020760692521417545	0.824577312713791	-1.3370550251	0.01847277209	1.3764376082	-0.586455203248196	0.28025
5	2670	z[2,342]	sub-12055	latent_z_kappa	-0.6688556363	-0.21834356966222151	0.6892807167036379	-1.3992160377499998	-0.1908868889	0.8687699892299999	-0.6535973743647902	0.25296875
5	2670	z[3,342]	sub-12055	latent_z_preference_friend	0.6228695817	0.09300619994854435	0.6811087095091916	-0.72410218742	-0.071634117155	1.4269552095999998	0.7779424552260922	0.79553125
5	2670	z[4,342]	sub-12055	latent_z_preference_stranger	0.1390070192	0.9986032521210154	0.7938980711853876	-0.39684080091999996	1.0590905765	2.2135322844499994	-1.082753900179569	0.13971875
5	2670	z[1,343]	sub-12057	latent_z_alpha	-1.28311105	-0.7802498401348446	0.6386083133011675	-1.91116330905	-0.7286788902000001	0.16058631092499995	-0.7874329215442052	0.21159375
5	2670	z[2,343]	sub-12057	latent_z_kappa	0.917066838	1.0541027641975362	0.7654376730298024	-0.246571522495	1.0802976960000001	2.2712477847999994	-0.17902950302290743	0.42309375
5	2670	z[3,343]	sub-12057	latent_z_preference_friend	0.02798832907	0.3787322102539018	0.41053038910964457	-0.232952946575	0.34734641295	1.10463644515	-0.8543676436343548	0.193125
5	2670	z[4,343]	sub-12057	latent_z_preference_stranger	0.04551289184	-0.7431973781633404	0.6623333337584034	-1.9293038537	-0.6821895486	0.22909641541499995	1.1908056409116727	0.89659375
5	2670	natural[1,1]	sub-10317	alpha	0.1000980359	0.15612558058809656	0.15415004963672493	0.0125548811035	0.10415648255000001	0.49077168715	-0.36346108755808326	0.48609375
5	2670	natural[2,1]	sub-10369	alpha	0.1522524041	0.2906484128703827	0.20672274940038424	0.039673662615	0.2423798178	0.7118734392499998	-0.6694764324285126	0.30678125
5	2670	natural[3,1]	sub-10402	alpha	0.1752086449	0.34089969836465467	0.23009306369074778	0.050333396058	0.2897587271	0.782945121525	-0.7201045125260647	0.29909375
5	2670	natural[4,1]	sub-10418	alpha	0.02171850322	0.05060805133503351	0.05434599399483179	0.0074525476099	0.036332128085	0.13572836415499998	-0.5315856053305577	0.27471875
5	2670	natural[5,1]	sub-10462	alpha	0.08400675546	0.2095523707347892	0.2194026752826218	0.015556077653000001	0.12064581895	0.7151140924499999	-0.5722155170308139	0.3926875
5	2670	natural[6,1]	sub-10478	alpha	0.220256505	0.1471187018046111	0.12393668888069143	0.020761555932500002	0.1136121015	0.39520923637499994	0.5901222943417147	0.8015
5	2670	natural[7,1]	sub-10486	alpha	0.04443676808	0.17150081880300438	0.15708206230199317	0.016829601418000002	0.12094222065	0.5055657164249999	-0.8089023588111633	0.19328125
5	2670	natural[8,1]	sub-10529	alpha	0.07066350819	0.31958777790702714	0.2179599459684635	0.045110506664	0.27620847175	0.743487721705	-1.1420642843848192	0.1030625
5	2670	natural[9,1]	sub-10541	alpha	0.6275537038	0.39751335896178025	0.2282956500790087	0.07234143248149999	0.3709116216	0.8122268257049999	1.007642260194652	0.813625
5	2670	natural[10,1]	sub-10559	alpha	0.07606877673	0.05591663857062309	0.03319323091430955	0.012520892169500001	0.050536269755	0.117363872565	0.6071158969550431	0.77475
5	2670	natural[11,1]	sub-10572	alpha	0.3673900523	0.18389339515547254	0.1859664093262784	0.016544512895000002	0.1198870216	0.6029458403599999	0.986719364046989	0.8644375
5	2670	natural[12,1]	sub-10581	alpha	0.04663911657	0.06814399150617342	0.06186839913941545	0.0092176224454	0.051685627070000004	0.18022399631499997	-0.34759061548875575	0.4536875
5	2670	natural[13,1]	sub-10584	alpha	0.05510783255	0.17926938186373018	0.1654748509656714	0.017637914506	0.12273510365	0.5281331475149998	-0.7503348610931102	0.23825
5	2670	natural[14,1]	sub-10585	alpha	0.1283250505	0.2536589730318192	0.19180983986321137	0.035923750352	0.2024748025	0.6543888938099999	-0.6534280129799427	0.31528125
5	2670	natural[15,1]	sub-10589	alpha	0.2795600186	0.24889635360404827	0.18054248382982357	0.035005010676	0.206580645	0.61247282997	0.16984182528946937	0.64328125
5	2670	natural[16,1]	sub-10590	alpha	0.1528531088	0.07190914772182362	0.057604808046403395	0.0105561071445	0.05969670822	0.17194920182499998	1.4051598091078126	0.9265
5	2670	natural[17,1]	sub-10596	alpha	0.21438449	0.1866355773685628	0.17196114432947207	0.016971325250999997	0.12981172689999998	0.5530334595649999	0.16136734109114317	0.67834375
5	2670	natural[18,1]	sub-10603	alpha	0.1139226687	0.09408034665988413	0.07067215678132595	0.016658994322500002	0.078781110955	0.22050137584999985	0.28076576326249747	0.70775
5	2670	natural[19,1]	sub-10606	alpha	0.07235778639	0.1818877304154573	0.16463543924589594	0.0173634179895	0.1293099221	0.53114873526	-0.66528776870371	0.30375
5	2670	natural[20,1]	sub-10608	alpha	0.01387334643	0.07250467190755089	0.07068784306956202	0.00572032174275	0.04839216411	0.21947687038499988	-0.8294400130423185	0.16540625
5	2670	natural[21,1]	sub-10617	alpha	0.1139092604	0.295955469466432	0.2130059943558387	0.038347702152	0.24666628065	0.7188109437649999	-0.8546529857855238	0.22853125
5	2670	natural[22,1]	sub-10636	alpha	0.08992611199	0.1753368821720594	0.1520324884841492	0.0208074161665	0.1284797429	0.49674245562	-0.5617928840976925	0.36225
5	2670	natural[23,1]	sub-10638	alpha	0.08688966627	0.1616746759351351	0.14372276869959252	0.017810429146	0.1185904452	0.45882034165999996	-0.520342116574791	0.37928125
5	2670	natural[24,1]	sub-10640	alpha	0.1483179116	0.23712488946745394	0.12017008537467572	0.059344054227500005	0.22603611305	0.45303770675	-0.7390106913094435	0.23478125
5	2670	natural[25,1]	sub-10641	alpha	0.4489292163	0.17869585121759052	0.17281663565071403	0.0149685160365	0.1186460983	0.5616774594599999	1.5636999532185543	0.90659375
5	2670	natural[26,1]	sub-10642	alpha	0.01733304636	0.02149877051249577	0.01881725407767994	0.0027576422017000003	0.016046990145000002	0.059499832058999995	-0.2213778979281008	0.53490625
5	2670	natural[27,1]	sub-10644	alpha	0.08895259895	0.06968240665447718	0.05750777341572172	0.00777525530685	0.05387371634	0.18438182104499998	0.3350884784952334	0.7084375
5	2670	natural[28,1]	sub-10647	alpha	0.008025607139	0.018002180821727748	0.013039299749691004	0.0029444511276000003	0.01494276152	0.04362829256249998	-0.7651157557724038	0.23928125
5	2670	natural[29,1]	sub-10649	alpha	0.01691229027	0.15988048264217877	0.1581742921462009	0.013788752637000001	0.1037265838	0.5016461872099999	-0.9038649102347992	0.06990625
5	2670	natural[30,1]	sub-10652	alpha	0.2655008379	0.35056468537455177	0.22228663011015887	0.0523125214585	0.3165164208	0.763059870345	-0.3826764004312655	0.42203125
5	2670	natural[31,1]	sub-10656	alpha	0.004745763572	0.024638247918901932	0.024964692467365865	0.00261753347185	0.016714071475	0.07305664102949996	-0.796824730483086	0.1234375
5	2670	natural[32,1]	sub-10657	alpha	0.5495293181	0.4658231081983557	0.21883910161854706	0.122052814805	0.45413417075	0.8485162786599999	0.38250115853404726	0.64884375
5	2670	natural[33,1]	sub-10661	alpha	0.3437198497	0.25069480929229654	0.18936833217220606	0.0302636246845	0.2036246137	0.6383470795749999	0.4912386318273597	0.7363125
5	2670	natural[34,1]	sub-10663	alpha	0.0795481674	0.19643957132109885	0.10633525829245467	0.061502314843	0.17702045360000002	0.3957840505899998	-1.0992722996883266	0.09446875
5	2670	natural[35,1]	sub-10668	alpha	0.09861807075	0.20494041833945745	0.1785907000964378	0.0227399168915	0.15011320514999998	0.5910303016549999	-0.5953408969898437	0.34484375
5	2670	natural[36,1]	sub-10673	alpha	0.5570730979	0.39306450961266565	0.24845089673720464	0.0542602586575	0.35691718195	0.84987240474	0.6601247588202996	0.73015625
5	2670	natural[37,1]	sub-10674	alpha	0.005572081727	0.15370050411683006	0.14960565848258753	0.0132920996575	0.10325506355	0.467722701925	-0.99012580066997	0.011375
5	2670	natural[38,1]	sub-10677	alpha	0.3113941492	0.2733367938089026	0.1958325375074487	0.040533101163000004	0.22713468720000002	0.670219313035	0.19433622152626143	0.654
5	2670	natural[39,1]	sub-10685	alpha	0.03388559348	0.1536616286271317	0.08217678915374946	0.029195367586	0.14882236170000002	0.29825637888	-1.4575409477612415	0.06165625
5	2670	natural[40,1]	sub-10690	alpha	0.3075184584	0.3078651706476413	0.2240893607648539	0.041392668503	0.2505007971	0.75671857547	-0.0015472053044280265	0.58803125
5	2670	natural[41,1]	sub-10691	alpha	0.1282262253	0.1635208977663204	0.14423717015495868	0.019063252525	0.1199424622	0.46525690035999984	-0.24469886942736177	0.52684375
5	2670	natural[42,1]	sub-10700	alpha	0.1096033136	0.1081062044499746	0.06913694909996711	0.018791161086000003	0.09648950769	0.23798149954499997	0.021654255351370683	0.57509375
5	2670	natural[43,1]	sub-10701	alpha	0.1339635957	0.07099384843044768	0.06026197199584896	0.0110700195045	0.05439463295	0.188652211295	1.044933399688445	0.87828125
5	2670	natural[44,1]	sub-10713	alpha	0.3567200582	0.17295434870476326	0.11901079513003945	0.0318080738035	0.14833517565	0.40074061218	1.5441095851384037	0.925
5	2670	natural[45,1]	sub-10716	alpha	0.05428526393	0.40889278477976376	0.24260652714154216	0.06532987417649999	0.38048017115	0.84283506252	-1.4616569678806608	0.0365
5	2670	natural[46,1]	sub-10718	alpha	0.02145091015	0.16640061018721194	0.13747315483761993	0.022559478732	0.12690566525	0.44868715602499987	-1.0543854922688225	0.04540625
5	2670	natural[47,1]	sub-10720	alpha	0.09718018569	0.25230036963051794	0.18008767886725216	0.0413609123675	0.20794039409999998	0.621381199035	-0.8613592274397712	0.19696875
5	2670	natural[48,1]	sub-10723	alpha	0.8907720055	0.28530533144023307	0.23019510860191428	0.036342843307	0.21240805000000001	0.7874100114499999	2.6302325785159275	0.98121875
5	2670	natural[49,1]	sub-10741	alpha	0.1136451363	0.20157100050644838	0.16358260164944013	0.0265913159795	0.1552819686	0.53690372212	-0.5375013193326926	0.3714375
5	2670	natural[50,1]	sub-10748	alpha	0.3420012582	0.37712388761261223	0.19757324899754436	0.0948289980165	0.35343639795	0.741043483925	-0.17777016671446638	0.47953125
5	2670	natural[51,1]	sub-10767	alpha	0.008874388643	0.02026555000880535	0.017888449895531264	0.00230612532695	0.01517164988	0.05537500911	-0.6367886223976841	0.29940625
5	2670	natural[52,1]	sub-10770	alpha	0.05686507936	0.38025014609926394	0.24162294708280146	0.058604106863	0.3379891351	0.8333278408449999	-1.3383872295392685	0.04753125
5	2670	natural[53,1]	sub-10777	alpha	0.01070987518	0.04102642276947986	0.040309336401481745	0.0036347437011	0.02816556946	0.12102959646499996	-0.7520974120617239	0.20540625
5	2670	natural[54,1]	sub-10781	alpha	0.01719618013	0.019539674022881755	0.015258928198815674	0.0033099286169	0.015687593695	0.04901092999	-0.15358181533770163	0.5459375
5	2670	natural[55,1]	sub-10783	alpha	0.01124549796	0.028499229872477157	0.024859388276516417	0.0036141013439999997	0.02151766178	0.07728582676599999	-0.6940529557911933	0.2559375
5	2670	natural[56,1]	sub-10785	alpha	0.02166866462	0.09312224542318091	0.09743304271476291	0.011698427360000001	0.06276716557	0.28351998680499996	-0.7333608682668633	0.137625
5	2670	natural[57,1]	sub-10794	alpha	0.1192802706	0.1938988222218811	0.17049734984376985	0.02784980394	0.14021261494999998	0.5664132762699999	-0.4376522666789576	0.4255
5	2670	natural[58,1]	sub-10800	alpha	0.0337363919	0.3616889671860494	0.22622581695254212	0.0587739914415	0.32507024259999995	0.786503688875	-1.4496690948179785	0.0204375
5	2670	natural[59,1]	sub-10801	alpha	0.04155195973	0.20226969900439354	0.15063123687755545	0.023230644444	0.16968174675	0.4970385486249999	-1.0669615586110945	0.11321875
5	2670	natural[60,1]	sub-10802	alpha	0.204312024	0.2205128506233451	0.18796058545796307	0.0293527100995	0.1602167353	0.6351617761699999	-0.08619268015085202	0.605125
5	2670	natural[61,1]	sub-10803	alpha	0.5723916137	0.4110861433738889	0.25823287845842674	0.0519813343395	0.3815796077	0.864130606545	0.6246511725735959	0.7081875
5	2670	natural[62,1]	sub-10804	alpha	0.1084329187	0.24706460168705846	0.15105279014118425	0.049576975931	0.22120051354999998	0.5378951022949998	-0.9177697602108762	0.18125
5	2670	natural[63,1]	sub-10806	alpha	0.005999984841	0.02790220856850127	0.027819237253687006	0.0034483075134500002	0.020330552145	0.07651292706649998	-0.7873049691396005	0.11790625
5	2670	natural[64,1]	sub-10807	alpha	0.3607777762	0.26741124275970574	0.18025027587163533	0.0366997483315	0.23374314295	0.61548036508	0.5179827492013658	0.72759375
5	2670	natural[65,1]	sub-10809	alpha	0.05489479902	0.08670213739580132	0.06393935082771397	0.0143515041575	0.07308646263	0.20481521277499995	-0.4974610777877134	0.35078125
5	2670	natural[66,1]	sub-10810	alpha	0.02578943612	0.1899032767120125	0.15122578719485705	0.0225101509905	0.15011751985	0.493908100755	-1.0852239134358015	0.06121875
5	2670	natural[67,1]	sub-10812	alpha	0.09353233955	0.19776454882263295	0.13418842089516417	0.037792474138	0.1689580444	0.461300811085	-0.7767600853881814	0.22621875
5	2670	natural[68,1]	sub-10817	alpha	0.2230081959	0.15771421662231477	0.18011216875848493	0.011952571234999999	0.083961106995	0.5758822069299999	0.3625184224239668	0.77040625
5	2670	natural[69,1]	sub-10827	alpha	0.03440693024	0.16387127883238747	0.172577960371987	0.016353631514	0.1013305523	0.557340217495	-0.7501789238517518	0.157375
5	2670	natural[70,1]	sub-10831	alpha	0.167405131	0.26191715513454467	0.20451263522385507	0.037832483050000004	0.1999407231	0.69840550773	-0.46213293389473886	0.424625
5	2670	natural[71,1]	sub-10834	alpha	0.1444899778	0.2005026898947203	0.155371721069034	0.029109474367	0.1586317598	0.51908830406	-0.360507766209483	0.45975
5	2670	natural[72,1]	sub-10836	alpha	0.3503316348	0.3694477198141085	0.24297782513802232	0.051767740671	0.3234636454	0.82842035158	-0.07867419589935708	0.53625
5	2670	natural[73,1]	sub-10838	alpha	0.6840993667	0.4301533562224352	0.2589351294548094	0.064051097147	0.40129829725	0.8788073104749999	0.9807321664397209	0.7925
5	2670	natural[74,1]	sub-10843	alpha	0.09045962667	0.1858849459329476	0.16280190226677474	0.0256462339035	0.1399914683	0.5267443107449998	-0.5861437608178512	0.30671875
5	2670	natural[75,1]	sub-10850	alpha	0.1623308113	0.23410001760424862	0.17546128998251354	0.033923266999	0.18904648629999998	0.5947792883749998	-0.40903156651476313	0.42859375
5	2670	natural[76,1]	sub-10854	alpha	0.07786059136	0.14094370842275278	0.12423642131345294	0.019160292853	0.1044844767	0.3939884441199999	-0.507766695111024	0.3743125
5	2670	natural[77,1]	sub-10857	alpha	0.01064245701	0.07239439395653673	0.05387195463868928	0.01005440439	0.060899247170000004	0.17258652268	-1.146272441026082	0.05515625
5	2670	natural[78,1]	sub-10858	alpha	0.03550149765	0.15418016360363407	0.09576368872463557	0.0282797434445	0.140348214	0.3307307165099999	-1.2392867018196172	0.0714375
5	2670	natural[79,1]	sub-10860	alpha	0.0358697579	0.21030665566374301	0.18663146689953297	0.0213906408165	0.1479659061	0.6081503735599999	-0.9346596298128306	0.1125625
5	2670	natural[80,1]	sub-10862	alpha	0.7184762216	0.2981119573300703	0.23189238021661643	0.027868022333499998	0.23665420495	0.7474232387899999	1.8127558304298617	0.9351875
5	2670	natural[81,1]	sub-10863	alpha	0.03702080194	0.15097026708945402	0.14469790652081632	0.0105341995405	0.10128530545	0.4498884441349999	-0.7874990584819634	0.23390625
5	2670	natural[82,1]	sub-10866	alpha	0.1524092893	0.3097996598821319	0.23127081388600365	0.040817066173	0.24638327745	0.7861332045199999	-0.6805457547259361	0.31434375
5	2670	natural[83,1]	sub-10875	alpha	0.2222411885	0.14914561316288574	0.1517282816488681	0.013687105482	0.093262638825	0.47619743655999996	0.4817531348985626	0.7761875
5	2670	natural[84,1]	sub-10881	alpha	0.2798420566	0.1450898444088889	0.17313350028058044	0.0097045793595	0.074893828325	0.5494752028399998	0.7783139136720013	0.83909375
5	2670	natural[85,1]	sub-10886	alpha	0.171291082	0.2958592302443762	0.21828098623768735	0.0374317525715	0.24009841920000002	0.737813390245	-0.5706779614268981	0.368625
5	2670	natural[86,1]	sub-10887	alpha	0.6255215422	0.6149414625316836	0.2051869287397437	0.20195513843	0.6526200021499999	0.88788093887	0.051563127014470064	0.4469375
5	2670	natural[87,1]	sub-10896	alpha	0.01158602221	0.14868139448793902	0.13128838186477113	0.0171648821105	0.10858430055	0.41359739403499995	-1.0442308019238837	0.0245
5	2670	natural[88,1]	sub-10897	alpha	0.01776257402	0.058353107234978496	0.0614497916379633	0.0065610041023	0.039901938590000005	0.1717199985599999	-0.660547938943733	0.21478125
5	2670	natural[89,1]	sub-10898	alpha	0.2700127512	0.3804498978875584	0.1589644746028012	0.13522428480999998	0.36853336345	0.667574280245	-0.6947284729088289	0.24990625
5	2670	natural[90,1]	sub-10908	alpha	0.5390041357	0.329530712729922	0.2252708527023281	0.046334813073000004	0.28199817195	0.76717967105	0.929873618611793	0.8044375
5	2670	natural[91,1]	sub-10918	alpha	0.009468271391	0.03335353120560028	0.018947134978944968	0.0070611953400999995	0.031092271875	0.06790996870849998	-1.2606264662780315	0.08271875
5	2670	natural[92,1]	sub-10919	alpha	0.1427408344	0.13305091467902497	0.10506415035691456	0.018030257456500002	0.10678402175	0.33625867711	0.09222860212600863	0.63721875
5	2670	natural[93,1]	sub-10924	alpha	0.03724137765	0.18640817587119385	0.16533607125108002	0.0186183305795	0.13398418975	0.5289821505300001	-0.902203597148916	0.13934375
5	2670	natural[94,1]	sub-10926	alpha	0.02412819364	0.06638502725076324	0.07066043759027238	0.0072480577649	0.044181881905	0.20127084465499998	-0.5980267749796757	0.28125
5	2670	natural[95,1]	sub-10928	alpha	0.2266881332	0.10270113641537992	0.08768138366026881	0.008085492433600001	0.079544840055	0.275576739465	1.4140629585069204	0.90325
5	2670	natural[96,1]	sub-10929	alpha	0.1933295163	0.29221273198795383	0.20581371095493714	0.0417836238845	0.24585729769999998	0.70926517095	-0.48045008871932876	0.39509375
5	2670	natural[97,1]	sub-10930	alpha	0.1460825224	0.17874182326285368	0.14604701963290548	0.021514823350500003	0.13960493155	0.4741260425099995	-0.22362182360820526	0.52084375
5	2670	natural[98,1]	sub-10938	alpha	0.2127767175	0.30210699691033227	0.180012223118607	0.0504131469955	0.2817358112	0.6298497705299999	-0.49624563189508564	0.35678125
5	2670	natural[99,1]	sub-10940	alpha	0.3013718735	0.42773448070442255	0.23573626614759519	0.0795008722815	0.4079612441	0.842067054075	-0.5360338028146528	0.34784375
5	2670	natural[100,1]	sub-10950	alpha	0.2171676247	0.333728732272005	0.22085404867678698	0.0539502910885	0.28643263765000004	0.763528986365	-0.5277743752960967	0.376625
5	2670	natural[101,1]	sub-10952	alpha	0.1084733864	0.19941649839438355	0.14977917343550395	0.031040413745000002	0.1616389539	0.5042719832549999	-0.6071812916870205	0.32359375
5	2670	natural[102,1]	sub-10953	alpha	0.06256377026	0.0406630247645463	0.03929263203813011	0.004044070421700001	0.027586705264999997	0.12144688375	0.5573753744519052	0.7896875
5	2670	natural[103,1]	sub-10954	alpha	0.3511248252	0.41176326397180174	0.24638413131179449	0.0562649487765	0.38866235035	0.84702384516	-0.24611341018170096	0.4489375
5	2670	natural[104,1]	sub-10956	alpha	0.00684290359	0.01941241947289572	0.017369749236173262	0.0030204922635	0.014985106705	0.0503346340245	-0.7236440614075851	0.193375
5	2670	natural[105,1]	sub-10958	alpha	0.02131059604	0.07120150313447174	0.0630872109967238	0.0103229682695	0.054429916009999996	0.18789309587499992	-0.7908244207698868	0.163
5	2670	natural[106,1]	sub-10961	alpha	0.01946057506	0.01073173019987998	0.009158587380354596	0.0016008015206500001	0.008315500669000001	0.027859798220999994	0.9530776415196532	0.86709375
5	2670	natural[107,1]	sub-10964	alpha	0.07057122692	0.26265374391909496	0.21455821130783465	0.034075498502499996	0.1930673379	0.7225094275999999	-0.895246636464111	0.159625
5	2670	natural[108,1]	sub-10966	alpha	0.006202126153	0.016475993098037555	0.015091597631563513	0.0021283275307	0.012172189485	0.0453870760395	-0.680767351201449	0.24653125
5	2670	natural[109,1]	sub-10969	alpha	0.2268231658	0.35723100019331366	0.26636049956640845	0.0369145871595	0.2882341074	0.86239735539	-0.4895914920027421	0.4184375
5	2670	natural[110,1]	sub-10974	alpha	0.03358601113	0.3379944521984373	0.23017877340675966	0.04609683319	0.2911023487	0.783472575845	-1.3224870241640525	0.02865625
5	2670	natural[111,1]	sub-10977	alpha	0.1206685163	0.06749315995434667	0.0709852133643481	0.0075063033988500005	0.045703940255	0.200939708255	0.7491046913209722	0.8538125
5	2670	natural[112,1]	sub-10979	alpha	0.3257527064	0.29509111252941517	0.20384441120231492	0.0456359143165	0.2486106782	0.7031611169349998	0.15041665204229357	0.63465625
5	2670	natural[113,1]	sub-10983	alpha	0.001475889595	0.0880485131029007	0.10543955817629717	0.008091983415750001	0.05234811535	0.2991829510549999	-0.8210639821076396	0.0014375
5	2670	natural[114,1]	sub-10984	alpha	0.09878746801	0.05068512644665624	0.04861558058944258	0.0081828034848	0.038309078395	0.13077302244999994	0.9894429106908523	0.898125
5	2670	natural[115,1]	sub-10998	alpha	0.1093089237	0.2966043939391024	0.20655098523788704	0.0491097814435	0.24672557665	0.7235750548050001	-0.9067759711888671	0.1801875
5	2670	natural[116,1]	sub-11005	alpha	0.9038540773	0.4428859898672539	0.2611146025200815	0.070599075012	0.41786105385	0.8879286482199998	1.7653860909494499	0.9620625
5	2670	natural[117,1]	sub-11007	alpha	0.2358862771	0.2809240992464108	0.12283425641735897	0.09209635334499999	0.27094860080000005	0.50145056159	-0.3666552268072838	0.37278125
5	2670	natural[118,1]	sub-11012	alpha	0.101488321	0.13677909566041416	0.09518581197280958	0.018775595464	0.1185449108	0.31760456698999995	-0.3707566698122529	0.425
5	2670	natural[119,1]	sub-11016	alpha	0.004686719922	0.0287158965365905	0.02997457575883716	0.0038276289575999997	0.02056937645	0.078660060527	-0.8016519335559295	0.07103125
5	2670	natural[120,1]	sub-11021	alpha	0.1528132176	0.24677061853049076	0.10202384956694589	0.08989867192800001	0.24084762440000002	0.423114661065	-0.9209356569988854	0.17321875
5	2670	natural[121,1]	sub-11030	alpha	0.3373528694	0.27119510878533026	0.21245972179020722	0.03835729122	0.20594906725	0.72714893479	0.3113896603893561	0.7079375
5	2670	natural[122,1]	sub-11031	alpha	0.03410503463	0.12458886930012397	0.11885285286688817	0.013801127384	0.08820564214	0.36109441391499997	-0.761309741310655	0.1923125
5	2670	natural[123,1]	sub-11036	alpha	0.09082803689	0.28697599473433466	0.20761707319007214	0.037824372693499995	0.23735720105	0.70407619515	-0.9447583227645369	0.1811875
5	2670	natural[124,1]	sub-11039	alpha	0.03439719165	0.1877589972783146	0.1518618585492837	0.0236324704875	0.14652338040000001	0.49793349738	-1.009877049401079	0.08671875
5	2670	natural[125,1]	sub-11042	alpha	0.4692464673	0.4516784695100931	0.13085688810036447	0.254323692385	0.44217450845	0.684068719245	0.13425351958876353	0.5850625
5	2670	natural[126,1]	sub-11053	alpha	0.02227583318	0.07744785844633958	0.0995506103091782	0.00710360780555	0.0436248834	0.27098267172999996	-0.5542108189491726	0.26325
5	2670	natural[127,1]	sub-11058	alpha	0.2618562464	0.21669019189722116	0.17361350073692813	0.031926470047	0.16577126895	0.5834557040499999	0.26015289312792406	0.70125
5	2670	natural[128,1]	sub-11060	alpha	0.4712897114	0.3480596909822995	0.18668582050220267	0.0532228043405	0.34229856685000004	0.6738582505649999	0.6600930916242057	0.7465
5	2670	natural[129,1]	sub-11063	alpha	0.09000778102	0.24625384186004445	0.22156251838839858	0.021764426951	0.1669459998	0.717278853195	-0.705200780242737	0.30940625
5	2670	natural[130,1]	sub-11064	alpha	0.1311120569	0.25728943328081666	0.18363755322785272	0.0313913918045	0.2183021677	0.6059372964949998	-0.6871000738299918	0.31178125
5	2670	natural[131,1]	sub-11065	alpha	0.8299251428	0.24682461358239705	0.19131768106482752	0.0349358540935	0.19261367955	0.6468065569149998	3.0478130718091903	0.99
5	2670	natural[132,1]	sub-11066	alpha	0.2886494462	0.13500406939451073	0.13009077121845009	0.0138276377735	0.090738467135	0.41061824425	1.181062848397493	0.8814375
5	2670	natural[133,1]	sub-11068	alpha	0.1316592379	0.22074001461928264	0.14885727270084928	0.0374833285335	0.19170560225	0.508954989645	-0.5984307995371085	0.31628125
5	2670	natural[134,1]	sub-11071	alpha	0.4217710624	0.25581912977281845	0.18816669206393394	0.0321725972125	0.21270876865	0.63072208129	0.8819410641007367	0.81153125
5	2670	natural[135,1]	sub-11072	alpha	0.04919741312	0.1117015806504724	0.03868158859432246	0.055903908681	0.107457144	0.18122057043999995	-1.6158635103121526	0.0278125
5	2670	natural[136,1]	sub-11074	alpha	0.4608105876	0.3325287691744954	0.2071826483189664	0.078643690806	0.28199141795	0.7562694899349999	0.6191725970603934	0.7565625
5	2670	natural[137,1]	sub-11075	alpha	0.127012765	0.1571884354260364	0.1915486740425298	0.011296652015	0.07880142239	0.61639583387	-0.1575352613473923	0.64553125
5	2670	natural[138,1]	sub-11076	alpha	0.6926863934	0.3059831787814255	0.21812024476730352	0.0363772496925	0.25779213450000005	0.7275730402049999	1.7728900636028528	0.934
5	2670	natural[139,1]	sub-11078	alpha	0.000811195903	0.020724027055622776	0.024269344302798996	0.00151829765295	0.012271200034999999	0.07034223776499998	-0.8204931663656946	0.0183125
5	2670	natural[140,1]	sub-11083	alpha	0.2986011457	0.260292474799439	0.20833224448046733	0.032307141753499996	0.19788783805	0.7031591320599999	0.1838825813838564	0.6685
5	2670	natural[141,1]	sub-11084	alpha	0.08822370683	0.14031326826619572	0.1192510264626553	0.0179281852335	0.1071890157	0.378143958735	-0.436805979632453	0.419875
5	2670	natural[142,1]	sub-11085	alpha	0.2173812587	0.4228312803980922	0.186975935211934	0.12995530139	0.4135635502	0.74817470415	-1.0988046213819878	0.147125
5	2670	natural[143,1]	sub-11090	alpha	0.007910988004	0.09886430945004773	0.080246041635065	0.014034270722	0.08001151113499999	0.24483319428499997	-1.1334306290106648	0.01946875
5	2670	natural[144,1]	sub-11113	alpha	0.02183313153	0.03311268320633447	0.03839251760791752	0.0036469689251	0.021060092275	0.10283689589999997	-0.2937955721353458	0.5134375
5	2670	natural[145,1]	sub-11116	alpha	0.05118508994	0.033076581917697155	0.027226989756250538	0.00371661165605	0.025460105435	0.08835582008449999	0.6650940182671369	0.788375
5	2670	natural[146,1]	sub-11120	alpha	0.2448303474	0.24321024908448224	0.1813514733037278	0.03207421615600001	0.1961472412	0.6114294786500001	0.00893347203639433	0.60146875
5	2670	natural[147,1]	sub-11125	alpha	0.8252221615	0.3921713471107183	0.2908724024541644	0.0312553146825	0.33616207035	0.900557162515	1.4887999367953848	0.89228125
5	2670	natural[148,1]	sub-11126	alpha	0.050392603	0.26425549223264516	0.21095814220435657	0.0309734745215	0.20096415	0.700305209765	-1.013769305123453	0.105125
5	2670	natural[149,1]	sub-11128	alpha	0.6605122315	0.24546585563663834	0.19594876544465403	0.0268417414485	0.1896447943	0.64847853932	2.118137233074796	0.95428125
5	2670	natural[150,1]	sub-11134	alpha	0.01494218038	0.13932023938411842	0.14317234284540098	0.0147678099555	0.092214016135	0.4312320576899998	-0.8687296480048745	0.05078125
5	2670	natural[151,1]	sub-11139	alpha	0.02569639958	0.02152755632205632	0.0178488407587088	0.0031606079275	0.01665261753	0.056322057139	0.23356381035051937	0.700375
5	2670	natural[152,1]	sub-11164	alpha	0.0620705716	0.29232881682983136	0.21528012140920244	0.035321221143	0.24162256980000002	0.72688168927	-1.0695750435413338	0.11303125
5	2670	natural[153,1]	sub-11167	alpha	0.1068330815	0.25515941737758807	0.20588831938939106	0.028495692205	0.19285300989999998	0.68583905254	-0.7204213251022874	0.28559375
5	2670	natural[154,1]	sub-11168	alpha	0.3018341294	0.17497323430885967	0.16683460113957696	0.020584300878000002	0.11827585165	0.53899535255	0.7603991871266927	0.82978125
5	2670	natural[155,1]	sub-11171	alpha	0.01125584121	0.03236776638898069	0.02410369481254749	0.00486917617975	0.02683243715	0.07928521173099999	-0.8758792103520413	0.178375
5	2670	natural[156,1]	sub-11177	alpha	0.06386546908	0.02289972847118291	0.01962032586972529	0.0031758954318	0.017919977295	0.0590046526905	2.0879235584985048	0.9614375
5	2670	natural[157,1]	sub-11192	alpha	0.02962637565	0.18159684015093314	0.12089090504872442	0.0411980302575	0.1561605529	0.41090183608499997	-1.257087656343397	0.02684375
5	2670	natural[158,1]	sub-11193	alpha	0.08244740279	0.2729143386663151	0.22242593503933275	0.0288347434665	0.20068543135	0.72462016733	-0.8563162197907983	0.21928125
5	2670	natural[159,1]	sub-11201	alpha	0.2965343772	0.30119679003301064	0.24710141710232722	0.022600085944000002	0.23143569139999998	0.7999311314349999	-0.018868418027242283	0.585125
5	2670	natural[160,1]	sub-11203	alpha	0.4944559437	0.41391779114833865	0.2524066852461861	0.0680546237555	0.3778123893	0.868527614785	0.31908090101935327	0.63475
5	2670	natural[161,1]	sub-11209	alpha	0.1470757703	0.11670331256638217	0.1361130098398043	0.012634037543	0.06931577935	0.41790549063499993	0.22314147464202086	0.77159375
5	2670	natural[162,1]	sub-11227	alpha	0.02082539303	0.014895917421422732	0.012743626724266975	0.00210845667435	0.011415566855	0.03903058375349999	0.465289492298617	0.76709375
5	2670	natural[163,1]	sub-11238	alpha	0.05179889654	0.1099417791008131	0.10769047939908263	0.0154694035725	0.077989454565	0.31871748479499995	-0.5399073612194207	0.322375
5	2670	natural[164,1]	sub-11246	alpha	0.1791915737	0.07936426371022376	0.05190216945337948	0.0147326109685	0.070030508765	0.17555503404499997	1.923374514806071	0.954
5	2670	natural[165,1]	sub-11276	alpha	0.1849662884	0.433343834736313	0.2454026763729639	0.075165620334	0.41194848395	0.8569033628199999	-1.012122402279052	0.19175
5	2670	natural[166,1]	sub-11286	alpha	0.009381948971	0.017294997691959628	0.013596490151942298	0.0026117117773	0.01387277377	0.04350536152499997	-0.5819920165079681	0.3301875
5	2670	natural[167,1]	sub-11301	alpha	0.2907657944	0.2684212823299369	0.19390785073638583	0.046931541829	0.21674972195	0.67332573465	0.1152326323313235	0.6430625
5	2670	natural[168,1]	sub-11311	alpha	0.02243406039	0.05955929782719488	0.05354392805464257	0.008546061906499999	0.04499269551	0.15980138867500002	-0.6933603638363605	0.22665625
5	2670	natural[169,1]	sub-11312	alpha	0.01099688043	0.10754146301603744	0.10800383115648447	0.0126709404735	0.07284487436	0.33148670836999994	-0.8938996103402669	0.0385
5	2670	natural[170,1]	sub-11316	alpha	0.3388433679	0.21526694279574923	0.1767120089274747	0.0214197482945	0.166547789	0.5771603786499999	0.6993097178526697	0.78234375
5	2670	natural[171,1]	sub-11318	alpha	0.08482084516	0.3149869451333135	0.23580897850175295	0.0357982345185	0.25604836524999997	0.7887449062299999	-0.9760701286087904	0.16909375
5	2670	natural[172,1]	sub-11321	alpha	0.09717162438	0.1577123443712041	0.13708331702495133	0.017748683619000002	0.11755304994999999	0.43640949941999985	-0.4416344840866721	0.42615625
5	2670	natural[173,1]	sub-11325	alpha	0.02150067092	0.019832019769262507	0.018274476154391744	0.00218712813045	0.01457942495	0.05534160058499999	0.091310477884012	0.66315625
5	2670	natural[174,1]	sub-11326	alpha	0.3869367792	0.432022132782039	0.26205756751728204	0.0582810996485	0.406796515	0.881828726015	-0.1720437002036421	0.47778125
5	2670	natural[175,1]	sub-11329	alpha	0.009313674814	0.052483169157055344	0.04799701143045514	0.006358557834500001	0.038920300729999996	0.14415958287999997	-0.8994204650763603	0.09240625
5	2670	natural[176,1]	sub-11330	alpha	0.05394382409	0.2892481681575543	0.20470479251060106	0.044211739839	0.238091429	0.7043149409199999	-1.1494813637808141	0.07040625
5	2670	natural[177,1]	sub-11337	alpha	0.1855430333	0.14442254948012817	0.08739074424556144	0.0468580181745	0.12640799775	0.30079584504999995	0.47053591515740323	0.7815625
5	2670	natural[178,1]	sub-11338	alpha	0.1286590916	0.4361259079470426	0.24964073624907054	0.073580415067	0.4103659548	0.8724561674899999	-1.2316371957831356	0.11453125
5	2670	natural[179,1]	sub-11340	alpha	0.3708858603	0.3825944044566186	0.12537583497616744	0.18543942639500002	0.37729678195	0.597626934355	-0.09338756674158348	0.47821875
5	2670	natural[180,1]	sub-11345	alpha	0.3996817959	0.06863063297880054	0.06290667825729136	0.0094445915774	0.051409280565	0.18554872068499992	5.262575804228356	0.99625
5	2670	natural[181,1]	sub-11348	alpha	0.4430498723	0.1990611254976029	0.1808097603021743	0.0199724230775	0.1368938125	0.592752704855	1.349422433803553	0.8853125
5	2670	natural[182,1]	sub-11358	alpha	0.4027455689	0.25106255392102955	0.16811264981936283	0.05706867503	0.2089813443	0.601269193275	0.9022700858142084	0.8423125
5	2670	natural[183,1]	sub-11364	alpha	0.014672909	0.035327597915136524	0.03270765280424602	0.00379578233935	0.025174133825	0.10180241185	-0.6314940738411895	0.307125
5	2670	natural[184,1]	sub-11367	alpha	0.1777752569	0.07423556072091558	0.07499945721659007	0.0071089996939	0.049210646265000005	0.22535981834499988	1.380539273505318	0.90775
5	2670	natural[185,1]	sub-11374	alpha	0.3235246232	0.3729110967768106	0.23083026385276872	0.057816992481	0.33868075215000004	0.8025805358749999	-0.21395146698922865	0.47771875
5	2670	natural[186,1]	sub-11376	alpha	0.08643902261	0.06120965750805493	0.05271299993844444	0.00788447119575	0.047476365874999996	0.15950771999999994	0.47861751619916604	0.770625
5	2670	natural[187,1]	sub-11377	alpha	0.01920772005	0.15975884839413157	0.13859466956952973	0.0171765734405	0.11925375534999999	0.4415940602899999	-1.0141164070788475	0.058625
5	2670	natural[188,1]	sub-11387	alpha	0.0101215671	0.016224020341759397	0.014476303757810631	0.00196702730665	0.01202097572	0.0449897670195	-0.42154774753651075	0.428625
5	2670	natural[189,1]	sub-11396	alpha	0.1531554273	0.07530267064304991	0.09062820817560603	0.0081208042873	0.046415055164999997	0.23875116125999993	0.8590344907415411	0.8864375
5	2670	natural[190,1]	sub-11410	alpha	0.05817062579	0.040325012835724774	0.03172614079243677	0.006580085864	0.032566771755	0.098780074429	0.5624892441544438	0.78640625
5	2670	natural[191,1]	sub-11416	alpha	0.08346649873	0.22535267578649348	0.2205896395539266	0.0206290771145	0.14236047545	0.7317583237449997	-0.6432132413082219	0.32103125
5	2670	natural[192,1]	sub-11426	alpha	0.03939016376	0.15911481862666882	0.14152363759237538	0.015739676819	0.116716053	0.4470512221049999	-0.8459693158220448	0.17196875
5	2670	natural[193,1]	sub-11430	alpha	0.5864394482	0.4053741848860798	0.23933050689400798	0.065647839163	0.3770561023	0.83693201948	0.7565490319798989	0.75225
5	2670	natural[194,1]	sub-11432	alpha	0.04272294465	0.04276236528361803	0.07114163348639697	0.0030717287122	0.021198172634999998	0.15097154527999984	-0.0005541148225893495	0.73240625
5	2670	natural[195,1]	sub-11433	alpha	0.008127446162	0.02538884556589093	0.021354702693881747	0.00375173774	0.019725336385	0.06556810846899998	-0.8083184135753119	0.16953125
5	2670	natural[196,1]	sub-11435	alpha	0.1048184453	0.09504744441013324	0.06990767042125458	0.015655074414	0.079342241035	0.22591431808999998	0.13977008289631115	0.64815625
5	2670	natural[197,1]	sub-11439	alpha	0.1993926389	0.047201859611793955	0.04896123425009641	0.007068673109	0.0343207918	0.126931001535	3.1083934385887417	0.98740625
5	2670	natural[198,1]	sub-11440	alpha	0.07454470089	0.3647982674076601	0.23511038558893294	0.0516975485805	0.3271766802	0.80029106372	-1.234541663442888	0.087125
5	2670	natural[199,1]	sub-11443	alpha	0.004284216568	0.03807584024670659	0.056570728746482814	0.0044421519427	0.023979172455000003	0.10734816660499999	-0.5973340705957854	0.047
5	2670	natural[200,1]	sub-11451	alpha	0.3684402759	0.09922399448713227	0.0922199291843444	0.014093566493500001	0.07369672734	0.26901124638999996	2.919285275905101	0.97865625
5	2670	natural[201,1]	sub-11461	alpha	0.1881727304	0.43000911330230746	0.2729238132521327	0.049984930353500004	0.4034118081	0.895818583775	-0.8860948409763496	0.25096875
5	2670	natural[202,1]	sub-11462	alpha	0.02726128197	0.426499722722392	0.24792639399774996	0.0633464918045	0.4062463951	0.85248116384	-1.610310359920837	0.0134375
5	2670	natural[203,1]	sub-11472	alpha	0.4484589143	0.33907031983832814	0.22770862932582414	0.049870859797000004	0.2904987646	0.786962250275	0.4803884454688352	0.7058125
5	2670	natural[204,1]	sub-11492	alpha	0.07413387475	0.1627895920294742	0.14358103457233978	0.014375852796	0.12013223295	0.45244006487	-0.6174611956484212	0.3444375
5	2670	natural[205,1]	sub-11493	alpha	0.01153660326	0.17769348792260833	0.14752795888144726	0.0195582740585	0.1374911301	0.47625736442499994	-1.1262738664752434	0.021
5	2670	natural[206,1]	sub-11498	alpha	0.3954079541	0.1869210356651791	0.16723112027363166	0.022100230533	0.13285219865	0.54931401098	1.2466992871523226	0.881875
5	2670	natural[207,1]	sub-11517	alpha	0.01655863797	0.04155719242474905	0.03426003970276295	0.0069030359733000006	0.033177835584999996	0.102547201625	-0.7296709131581363	0.2143125
5	2670	natural[208,1]	sub-11518	alpha	0.04410890633	0.049804528641531044	0.06095195251160612	0.005162743514650001	0.03135038606	0.15451259982	-0.09344446037961644	0.639875
5	2670	natural[209,1]	sub-11523	alpha	0.1064969234	0.1370912747228865	0.1408536357497001	0.019107332459499998	0.095033059365	0.4056580631499999	-0.21720668522361272	0.552625
5	2670	natural[210,1]	sub-11526	alpha	0.05717674401	0.06288610340944778	0.04944223978138668	0.00741582423035	0.050721925495	0.16001002086999996	-0.11547533899540605	0.55378125
5	2670	natural[211,1]	sub-11527	alpha	0.02043328721	0.10271612576091158	0.08092269851522005	0.014680803138499999	0.082783204885	0.25744269420999993	-1.0168078927253732	0.08525
5	2670	natural[212,1]	sub-11529	alpha	0.1101930043	0.05096334109555104	0.06410179194127565	0.0045277798428	0.031248281439999998	0.1613152103749999	0.9239938761573139	0.89228125
5	2670	natural[213,1]	sub-11530	alpha	0.1222396036	0.24064104261013847	0.19359891479447866	0.023307243221	0.18885905375	0.633579954795	-0.6115811089944974	0.35378125
5	2670	natural[214,1]	sub-11532	alpha	0.2698113108	0.1770294199890985	0.14174646868418386	0.021270217386000004	0.14011761420000002	0.46561706695	0.6545622735591587	0.79415625
5	2670	natural[215,1]	sub-11533	alpha	0.2660312454	0.0840990797563237	0.046919253562458706	0.020427114848	0.077674032895	0.16777767652999998	3.877558823511312	0.996375
5	2670	natural[216,1]	sub-11534	alpha	0.01896075225	0.09154677392733768	0.07952641098496441	0.013289561897	0.07088851148	0.23957080365999997	-0.912728498348317	0.09065625
5	2670	natural[217,1]	sub-11535	alpha	0.1045970005	0.13356709878194595	0.17569808448065058	0.0079554449319	0.059443069099999996	0.56361151078	-0.16488568084039865	0.66946875
5	2670	natural[218,1]	sub-11536	alpha	0.1895654595	0.185494174611677	0.16867370026999112	0.0203689262535	0.1302985538	0.5448947407199999	0.024137046153645876	0.6459375
5	2670	natural[219,1]	sub-11539	alpha	0.1226628076	0.26829223959109544	0.1991963758765403	0.037839131419	0.2144331848	0.67914669908	-0.7310847466489799	0.27921875
5	2670	natural[220,1]	sub-11540	alpha	0.1215006664	0.23156518896983472	0.17501530958365477	0.029922776686	0.18610411555	0.5888914628899999	-0.6288851120034472	0.32734375
5	2670	natural[221,1]	sub-11542	alpha	0.04672088438	0.1862849664296275	0.15005166722200367	0.0273271512685	0.14566901025	0.4967628564499999	-0.9301068400868907	0.112
5	2670	natural[222,1]	sub-11545	alpha	0.262283454	0.15128262110757226	0.1261961263128866	0.020962354135500003	0.11693180945000001	0.404381299805	0.879589858544595	0.8466875
5	2670	natural[223,1]	sub-11551	alpha	0.02997658636	0.04742143392373802	0.03603960828208448	0.0080527576829	0.039670166985	0.11096159208499999	-0.4840465364439037	0.36284375
5	2670	natural[224,1]	sub-11559	alpha	0.1199557062	0.3938374581552191	0.23427229529875235	0.063193265388	0.36435309015	0.818053962435	-1.1690744379567175	0.1285
5	2670	natural[225,1]	sub-11560	alpha	0.7035777642	0.39392172796105523	0.24298747583166969	0.0605937060045	0.36042784195	0.83214767301	1.2743703566576405	0.862625
5	2670	natural[226,1]	sub-11563	alpha	0.109698438	0.12576140681729941	0.13094370995106394	0.012268095153	0.08235602879000001	0.39664185378499994	-0.1226707936051487	0.61071875
5	2670	natural[227,1]	sub-11565	alpha	0.6543517515	0.41493804090625963	0.2105761133991681	0.10873484927	0.39352883829999996	0.787781141555	1.136946193607001	0.8433125
5	2670	natural[228,1]	sub-11570	alpha	0.06415310683	0.14682049872182007	0.12933626591484335	0.0172832323475	0.10724853525	0.41098619890499993	-0.639166372301558	0.30390625
5	2670	natural[229,1]	sub-11572	alpha	0.2039448219	0.051842041257004326	0.04622005602680674	0.004753022681	0.037386331790000005	0.14646586455499996	3.290839382686576	0.98990625
5	2670	natural[230,1]	sub-11579	alpha	0.1985097685	0.21926952858106355	0.16692116702414278	0.0285596669905	0.1774248519	0.554731140725	-0.12436864929215931	0.549375
5	2670	natural[231,1]	sub-11586	alpha	0.3051224804	0.13519265233257816	0.10391558936962114	0.018081581976	0.11204640425000001	0.33291997239499993	1.6352679044430212	0.93240625
5	2670	natural[232,1]	sub-11587	alpha	0.08255704692	0.3946218422314157	0.22620458732273144	0.061457738772	0.377815247	0.790070863435	-1.379568818673803	0.0760625
5	2670	natural[233,1]	sub-11588	alpha	0.2369355105	0.3120080695177262	0.22641982314406361	0.040181967055000004	0.25831909575	0.7709887485449999	-0.3315635441070014	0.4640625
5	2670	natural[234,1]	sub-11591	alpha	0.3675171765	0.4093274049483626	0.243483800157573	0.062377278009500006	0.3849450385	0.833485227785	-0.17171667446172895	0.4756875
5	2670	natural[235,1]	sub-11597	alpha	0.01088381095	0.024273547718274606	0.01867490284034801	0.0035538264879500002	0.019871662365	0.060283726052999996	-0.7169909735404592	0.2573125
5	2670	natural[236,1]	sub-11598	alpha	0.655524592	0.2702549497942967	0.2237026110248639	0.028489147649	0.20108227080000002	0.74381865921	1.7222402565649164	0.915375
5	2670	natural[237,1]	sub-11599	alpha	0.1576041926	0.16189253954427432	0.14011230373194938	0.0212799051175	0.1203970122	0.45305786715499996	-0.030606498002334004	0.6205
5	2670	natural[238,1]	sub-11600	alpha	0.6638977408	0.2825975948082432	0.2040674903079471	0.036902408626	0.236094845	0.6870739009249999	1.8685001977353548	0.94059375
5	2670	natural[239,1]	sub-11606	alpha	0.01997264397	0.036812171382427435	0.037461895755638706	0.00500762305625	0.026814893755	0.09930317305899995	-0.4495108181996576	0.37171875
5	2670	natural[240,1]	sub-11614	alpha	0.1744477622	0.31655578425272785	0.21489791469365932	0.0480737855615	0.27057021459999997	0.7397082772899997	-0.6612815310716499	0.3150625
5	2670	natural[241,1]	sub-11622	alpha	0.2501373239	0.4548508389620041	0.24410323001275896	0.080782464232	0.44798533890000003	0.8594771338	-0.8386350113077324	0.24853125
5	2670	natural[242,1]	sub-11623	alpha	0.2808908955	0.22413383202957213	0.18856867120234685	0.026251855676	0.1649328942	0.628085591635	0.30098882867729254	0.7085
5	2670	natural[243,1]	sub-11625	alpha	0.09367404663	0.13430144914347375	0.1340160229185535	0.0165302470915	0.08994057930499999	0.425964945775	-0.3031533217350028	0.517875
5	2670	natural[244,1]	sub-11626	alpha	0.7796614224	0.28309968233082927	0.22339825186151263	0.032441855186	0.21776469185	0.74249342672	2.2227646632481064	0.9626875
5	2670	natural[245,1]	sub-11628	alpha	0.2308872143	0.3500082373205036	0.2112330137329485	0.0615688571645	0.3169856538	0.74959980159	-0.5639318443427714	0.34509375
5	2670	natural[246,1]	sub-11631	alpha	0.4440367955	0.339371972699149	0.2112089188151085	0.0543294864005	0.30671416524999995	0.7397144727099999	0.49555115090795115	0.707
5	2670	natural[247,1]	sub-11651	alpha	0.02427475541	0.19414402124392666	0.1784353485994372	0.020009196608	0.13459727905000002	0.58375945524	-0.9519933531514531	0.066875
5	2670	natural[248,1]	sub-11660	alpha	0.1374252499	0.355462580547172	0.2186612575482477	0.0582387798625	0.32203293344999995	0.7681078642299998	-0.9971466051733558	0.1776875
5	2670	natural[249,1]	sub-11670	alpha	0.2664933126	0.3987683576275655	0.2115876946391763	0.0628492260385	0.3991439745	0.7525174903599999	-0.6251547154154508	0.299
5	2670	natural[250,1]	sub-11674	alpha	0.7468305606	0.3580472786355467	0.22518403001028828	0.0587700409695	0.3216220011	0.783096486735	1.7265135629142547	0.9315
5	2670	natural[251,1]	sub-11679	alpha	0.4634775954	0.05358050773935073	0.0700000376155223	0.005315134789100001	0.031431764614999996	0.17795452981999996	5.855669534236876	0.99596875
5	2670	natural[252,1]	sub-11681	alpha	0.7029920181	0.2117060343268567	0.1659805783654649	0.027417983438	0.1673939304	0.55008208146	2.9599004209480677	0.98565625
5	2670	natural[253,1]	sub-11692	alpha	0.03439174042	0.04588465426993017	0.06122406175309656	0.0057072149505	0.029225713389999998	0.13678156929	-0.18771890529378168	0.57221875
5	2670	natural[254,1]	sub-11701	alpha	0.3181249055	0.39758867823180655	0.22462243632196724	0.064723436471	0.38041477595	0.79227243444	-0.3537659640460203	0.4046875
5	2670	natural[255,1]	sub-11703	alpha	0.01201714254	0.04184307725631823	0.040993078047865415	0.0060949844276	0.0306459676	0.11467178549999998	-0.7275846590854215	0.15753125
5	2670	natural[256,1]	sub-11705	alpha	0.05842037858	0.06632835810228416	0.02541723691082857	0.028558584743	0.06404870678499999	0.11154662560999999	-0.3111266401626488	0.40784375
5	2670	natural[257,1]	sub-11709	alpha	0.3285287384	0.19294777043508063	0.1307238735570702	0.0275799296	0.16996847674999999	0.4378810438	1.037155373962574	0.84765625
5	2670	natural[258,1]	sub-11710	alpha	0.02247775645	0.061668546782589984	0.055430094359659475	0.00749288503125	0.04563055528	0.17248037767	-0.707030914980942	0.23915625
5	2670	natural[259,1]	sub-11714	alpha	0.1741080882	0.29824845325873844	0.20985373982935648	0.04122944588	0.24887144435	0.7143192611	-0.5915566010864697	0.35234375
5	2670	natural[260,1]	sub-11719	alpha	0.05581090435	0.1567240640410321	0.1308085804669134	0.021646100699999997	0.1197559146	0.426093715105	-0.771456729603124	0.2043125
5	2670	natural[261,1]	sub-11720	alpha	0.1723157163	0.2700355759558456	0.24489799807483822	0.0236097956905	0.1770844178	0.7950081069549999	-0.39902269689433495	0.49084375
5	2670	natural[262,1]	sub-11722	alpha	0.3452824604	0.2726654377522502	0.14043082607976365	0.0603660096135	0.26185287365	0.5244501499599997	0.5171017266999758	0.72075
5	2670	natural[263,1]	sub-11723	alpha	0.1228108638	0.1107150227245287	0.08480619670000106	0.016663247126	0.092494570935	0.26502417277499996	0.14262921279514418	0.65221875
5	2670	natural[264,1]	sub-11736	alpha	0.00937161748	0.4401817878690179	0.2745683923117696	0.0531901407875	0.41509966005	0.9026208433499999	-1.5690450264932074	0.0024375
5	2670	natural[265,1]	sub-11744	alpha	0.1249370778	0.23462972104021187	0.16565384229938476	0.0384278737025	0.19613816065	0.56842187424	-0.6621798910161426	0.29790625
5	2670	natural[266,1]	sub-11746	alpha	0.3701713804	0.18200170432793453	0.1653164789436484	0.023067541387000002	0.12758094805	0.5472196512349997	1.1382390749817934	0.87425
5	2670	natural[267,1]	sub-11748	alpha	0.4203474774	0.16048521526161205	0.13841661072967315	0.0174018992355	0.11945056875000001	0.44755531594000003	1.8773921769107427	0.9385
5	2670	natural[268,1]	sub-11756	alpha	0.02545942003	0.04292604999712576	0.04052554124079203	0.00459206880915	0.03026360938	0.12438739896999998	-0.4310030028554997	0.432375
5	2670	natural[269,1]	sub-11764	alpha	0.2153814663	0.3084583944287611	0.22197822968036554	0.0389824233235	0.256581157	0.74637353704	-0.41930656111090686	0.42903125
5	2670	natural[270,1]	sub-11772	alpha	0.3446649956	0.08412925625995027	0.07375990664557402	0.0076729468161	0.06299404851000001	0.23128885934	3.532213518001832	0.99240625
5	2670	natural[271,1]	sub-11773	alpha	0.08535105035	0.07838987741761988	0.07551128819017944	0.011038541984	0.056140024819999995	0.222252524235	0.09218718285997204	0.68765625
5	2670	natural[272,1]	sub-11774	alpha	0.2102952251	0.15506240700941015	0.1306769161180164	0.0183091845495	0.1188913758	0.414602944755	0.42266698458592505	0.748375
5	2670	natural[273,1]	sub-11784	alpha	0.03628420572	0.025636266891218697	0.02351182422454537	0.0033194773369	0.018806370395	0.07138668167549997	0.45287591158772333	0.77715625
5	2670	natural[274,1]	sub-11787	alpha	0.02245932981	0.3942414007384056	0.23817679750081222	0.0620347345305	0.36523540025	0.814118992705	-1.5609499952535795	0.00846875
5	2670	natural[275,1]	sub-11788	alpha	0.1809910613	0.1756195137705712	0.12573711025361448	0.0262415993615	0.1490185715	0.42050463095499996	0.0427204627066288	0.60615625
5	2670	natural[276,1]	sub-11789	alpha	0.04536539902	0.045134752639183276	0.0463801313253698	0.00597945562445	0.033118332895	0.12049031031	0.004972956613655889	0.646375
5	2670	natural[277,1]	sub-11790	alpha	0.05929424214	0.22386734644006087	0.19034791712110136	0.026047984490000002	0.16367537455	0.6324954024099998	-0.86459104354348	0.17078125
5	2670	natural[278,1]	sub-11793	alpha	0.007283370637	0.19542088927000498	0.16584912503154148	0.025510912072500003	0.14625833885	0.55058213122	-1.1343895760512734	0.00415625
5	2670	natural[279,1]	sub-11795	alpha	0.06961210163	0.1658927805645568	0.13846368302030362	0.0211648815095	0.1266469521	0.448181034365	-0.6953496890620675	0.274625
5	2670	natural[280,1]	sub-11815	alpha	0.05645242221	0.3397866073739281	0.2331996829816474	0.047012237621499996	0.2870722656	0.7975278983649998	-1.2149852930384395	0.0670625
5	2670	natural[281,1]	sub-11822	alpha	0.1093050657	0.2017383347858571	0.11640724886870252	0.0521666759905	0.18082818035	0.42200690942499997	-0.7940507999644761	0.2196875
5	2670	natural[282,1]	sub-11823	alpha	0.01097196286	0.37600024635895524	0.24382413331094865	0.0503634807005	0.33907249625	0.8168392160399999	-1.4970966103401875	0.00296875
5	2670	natural[283,1]	sub-11824	alpha	0.2408486155	0.16711653521244554	0.15667911684633865	0.0152537302055	0.113790235	0.49866498889499994	0.4705929020513078	0.75853125
5	2670	natural[284,1]	sub-11828	alpha	0.09540202157	0.1757162309798555	0.1836990659077577	0.018094948308500003	0.11033542855	0.6038839489700001	-0.4372053228086872	0.44325
5	2670	natural[285,1]	sub-11829	alpha	0.1775800094	0.17323450149139946	0.14959597306375708	0.0202243760975	0.12777587494999998	0.48622061573499986	0.02904829468068965	0.63796875
5	2670	natural[286,1]	sub-11840	alpha	0.7455261187	0.4079463095954037	0.238585635689206	0.0701672669645	0.3777595831	0.8390073435000001	1.414920928200159	0.8896875
5	2670	natural[287,1]	sub-11847	alpha	0.4232462642	0.359670145587473	0.2555344920217518	0.03602710968	0.31018351894999996	0.83595556691	0.24879662275539385	0.626
5	2670	natural[288,1]	sub-11853	alpha	0.01504481044	0.125587232552896	0.11135286605620036	0.015760519176	0.093099529885	0.34591838935499986	-0.9927218402901697	0.04653125
5	2670	natural[289,1]	sub-11854	alpha	0.030352818	0.1748609874249651	0.10950334186145536	0.032389171938000005	0.15747469344999998	0.3787886785699999	-1.319669034464703	0.0456875
5	2670	natural[290,1]	sub-11861	alpha	0.2487422507	0.32979497030040705	0.22449382022635575	0.0367207112475	0.29323059025	0.74711424635	-0.36104655138694725	0.43578125
5	2670	natural[291,1]	sub-11866	alpha	0.05999182991	0.08963267293392245	0.08272675135962893	0.0123339903345	0.06668600236	0.24318956157499994	-0.3582981627680273	0.4528125
5	2670	natural[292,1]	sub-11867	alpha	0.5840383706	0.26044631287999587	0.1907480062689818	0.0311462817445	0.21877239329999998	0.6307543237500001	1.6964374309825985	0.928375
5	2670	natural[293,1]	sub-11870	alpha	0.3055467798	0.08361715315650088	0.0852474859709734	0.00918673420155	0.057328525510000006	0.24329183304	2.603356851122457	0.97221875
5	2670	natural[294,1]	sub-11872	alpha	0.06992881849	0.08821254600180625	0.06952992329496822	0.0096731669478	0.07092683595499999	0.22500577169499997	-0.2629619974444789	0.4941875
5	2670	natural[295,1]	sub-11876	alpha	0.06836360636	0.031599624996020446	0.02680813025614128	0.00375261388605	0.02457476392	0.0834584029175	1.3713743186381884	0.90778125
5	2670	natural[296,1]	sub-11877	alpha	0.1450923154	0.1619668936852213	0.1502794407155651	0.0213853345815	0.11445809305	0.48532921882999985	-0.1122880029688154	0.60346875
5	2670	natural[297,1]	sub-11881	alpha	0.04926908347	0.16707080598536134	0.14584143809400626	0.0188488944405	0.12424672595	0.4655653756499999	-0.807738349641265	0.19346875
5	2670	natural[298,1]	sub-11885	alpha	0.7911297004	0.1677122848934372	0.13955479285999048	0.0293460361075	0.126308132	0.46120354507499994	4.467187423165119	0.9959375
5	2670	natural[299,1]	sub-11891	alpha	0.005134826281	0.06352063491095841	0.0498044928018557	0.00976712230535	0.051030370485000004	0.15934968596999993	-1.1723000345017665	0.01646875
5	2670	natural[300,1]	sub-11897	alpha	0.06562483616	0.18764791141857295	0.1466924046303729	0.023775362514	0.1499663015	0.4819756124399999	-0.8318295385915835	0.20796875
5	2670	natural[301,1]	sub-11900	alpha	0.0861655041	0.024732890421370463	0.022282540196475707	0.0027747607947	0.018053186555	0.069709508913	2.7569843086537307	0.97596875
5	2670	natural[302,1]	sub-11902	alpha	0.1069134031	0.27973971279189025	0.1860941194772219	0.045907066785	0.24109798059999998	0.6437842240499998	-0.9287037665531627	0.184125
5	2670	natural[303,1]	sub-11909	alpha	0.4512215908	0.39733254109058047	0.266531200270743	0.050038974014	0.3466413799	0.88291932985	0.202186647021733	0.61125
5	2670	natural[304,1]	sub-11913	alpha	0.5209985817	0.4878239459512197	0.2273527526817595	0.120754555995	0.48487681520000003	0.854143891815	0.14591701819074532	0.5496875
5	2670	natural[305,1]	sub-11914	alpha	0.8466012397	0.26685888197754254	0.20146337551521365	0.0319902902105	0.2139375741	0.6734660174599999	2.8776563295430226	0.99378125
5	2670	natural[306,1]	sub-11920	alpha	0.04065754639	0.0858653963883332	0.06409505563887886	0.019716562769	0.07415531397	0.181547146955	-0.7053250761344367	0.18725
5	2670	natural[307,1]	sub-11922	alpha	0.07656727122	0.10055589651358422	0.07374192603133664	0.015054656083000002	0.08581318129	0.23552865032	-0.3253051091097113	0.4430625
5	2670	natural[308,1]	sub-11923	alpha	0.1374158754	0.2846871255980719	0.21357782710376372	0.039400000999000005	0.22538440640000001	0.72821249304	-0.6895437236868334	0.30796875
5	2670	natural[309,1]	sub-11924	alpha	0.2597137024	0.1180531999713033	0.06734832923136043	0.0209212165095	0.1113069684	0.23948252303999998	2.1034003967945973	0.9704375
5	2670	natural[310,1]	sub-11926	alpha	0.04348783009	0.183243045168168	0.14888073226647838	0.023644587882500002	0.1420116425	0.4830125573149998	-0.9387058550197295	0.13125
5	2670	natural[311,1]	sub-11928	alpha	0.4862302544	0.3325980217974335	0.21890553875056545	0.039024083402000004	0.30067598500000003	0.7334205097649998	0.7018197596983813	0.7476875
5	2670	natural[312,1]	sub-11929	alpha	0.008755989194	0.017411937103902434	0.015383412671705931	0.0025951707219	0.01310684582	0.046459546407	-0.5626806024532487	0.326375
5	2670	natural[313,1]	sub-11931	alpha	0.04136147227	0.14535815774497213	0.1258078577831601	0.0174715867495	0.1087901776	0.39816691999499987	-0.8266310809792082	0.17925
5	2670	natural[314,1]	sub-11935	alpha	0.0825019365	0.20317415617693904	0.1708568576929538	0.0200504085115	0.15505028864999998	0.5552087861649998	-0.7062767120170185	0.29178125
5	2670	natural[315,1]	sub-11939	alpha	0.01124556013	0.1940205430685927	0.17629473828451483	0.0224317204335	0.1328897494	0.5776722906849998	-1.0367580151122813	0.0146875
5	2670	natural[316,1]	sub-11943	alpha	0.006439712177	0.02658169739752369	0.02345076273194935	0.003421529562	0.01965647929	0.0729275543135	-0.8589053350099451	0.138625
5	2670	natural[317,1]	sub-11949	alpha	0.1281473465	0.04000240460395784	0.03530450185394765	0.0042299716214	0.02915430859	0.112683448895	2.4967054417221877	0.9705625
5	2670	natural[318,1]	sub-11960	alpha	0.5704241733	0.19892140964513635	0.1668991975828602	0.0334985609685	0.14937852299999999	0.5681140629099997	2.225911023151709	0.950625
5	2670	natural[319,1]	sub-11969	alpha	0.08183541333	0.05471948325903871	0.05212556051901686	0.00664894072555	0.039418967804999996	0.15474664040499997	0.5202040956675877	0.79809375
5	2670	natural[320,1]	sub-11974	alpha	0.1711011217	0.16736161618640227	0.14108520283893947	0.02242434613	0.124640395	0.46127124023999977	0.026505299197582623	0.63503125
5	2670	natural[321,1]	sub-11976	alpha	0.06457243476	0.28736015728047115	0.22068969150981496	0.029882446759000002	0.2290646317	0.7243597697149999	-1.0095067014517207	0.14834375
5	2670	natural[322,1]	sub-11982	alpha	0.0137070323	0.29576747698716965	0.20190587556518608	0.034726093896999995	0.25996549085	0.6798170845099999	-1.3969897800032343	0.0111875
5	2670	natural[323,1]	sub-11984	alpha	0.12647823	0.1851755329078278	0.15143588666962046	0.021957061403	0.1431491467	0.49679600750999975	-0.38760497395101956	0.44921875
5	2670	natural[324,1]	sub-12008	alpha	0.01102282356	0.022183080041124376	0.01639658108141009	0.00348761401765	0.01835239888	0.053651686212499994	-0.6806453385442353	0.27971875
5	2670	natural[325,1]	sub-12011	alpha	0.5852775304	0.30867809445337957	0.18400273790497854	0.056243075678	0.28236311165	0.6528110636499999	1.5032354360371531	0.91071875
5	2670	natural[326,1]	sub-12013	alpha	0.1334938964	0.2324769343755643	0.18903499210379965	0.029971097239000002	0.17743580005	0.641388819715	-0.5236228323336688	0.38346875
5	2670	natural[327,1]	sub-12018	alpha	0.07948092825	0.08571475936090563	0.062303766917875834	0.012070203577	0.07249390403	0.20439057954999998	-0.10005544478751337	0.54459375
5	2670	natural[328,1]	sub-12020	alpha	0.02108637585	0.038305734150534204	0.038956002511459524	0.0055100765552500005	0.0291012974	0.09561088017899996	-0.4420206692272612	0.35178125
5	2670	natural[329,1]	sub-12021	alpha	0.02318779369	0.3198272849676579	0.22878154924641736	0.044168327591	0.2631907387	0.774050218305	-1.296605833183478	0.01559375
5	2670	natural[330,1]	sub-12031	alpha	0.1311341014	0.30961744498216554	0.2274529648558782	0.032576939843500005	0.2571070253	0.7446088601649999	-0.7847044055691186	0.28384375
5	2670	natural[331,1]	sub-12032	alpha	0.01893848299	0.330167133527548	0.19511507239001807	0.0582994783105	0.30471531620000003	0.695886368195	-1.5951030677703308	0.007375
5	2670	natural[332,1]	sub-12033	alpha	0.01638962604	0.03878038888003623	0.025396481263867315	0.008454622952699999	0.034037873435	0.084710474451	-0.8816482333673739	0.1616875
5	2670	natural[333,1]	sub-12036	alpha	0.1559937882	0.26319459610960644	0.19411345765946506	0.04015389146250001	0.21123428165	0.6678833908699999	-0.5522585049083498	0.3664375
5	2670	natural[334,1]	sub-12037	alpha	0.2335397826	0.11091809359570158	0.13506444382819416	0.0087749356562	0.06231211415	0.3981767769099998	0.9078754224929598	0.8745625
5	2670	natural[335,1]	sub-12038	alpha	0.08992202341	0.11580249292914171	0.052060301898830534	0.039326011243500006	0.1109258356	0.20859530611	-0.4971248451350815	0.33303125
5	2670	natural[336,1]	sub-12039	alpha	0.07278610494	0.22482952627629008	0.1605002909690401	0.0341367547825	0.1862791946	0.543196423995	-0.9473093189944352	0.15859375
5	2670	natural[337,1]	sub-12041	alpha	0.04437883343	0.05689095018106987	0.05499851749265808	0.0084880575782	0.042719237555	0.149026826085	-0.22749916400455977	0.5166875
5	2670	natural[338,1]	sub-12047	alpha	0.0483569984	0.06364635656898086	0.05038202132430854	0.010070320405000001	0.052518143275	0.15215231434499998	-0.30346853435203464	0.45746875
5	2670	natural[339,1]	sub-12049	alpha	0.3966662821	0.3278269351059529	0.2258826498882916	0.042421808327500005	0.28014569715000004	0.7646058918699998	0.3047571251182462	0.6585
5	2670	natural[340,1]	sub-12051	alpha	0.06462652431	0.26025188588080916	0.1878114828384729	0.0340793249635	0.2176490687	0.63352477541	-1.0416049040998019	0.1296875
5	2670	natural[341,1]	sub-12054	alpha	0.1368633041	0.10320107804902669	0.034159968794972795	0.030469721199000002	0.1104731136	0.14628366762	0.9854290632703173	0.889
5	2670	natural[342,1]	sub-12055	alpha	0.05251570932	0.17944785571923022	0.16744706321527122	0.0159946689095	0.12327654915	0.5382276089399998	-0.7580434315294338	0.2324375
5	2670	natural[343,1]	sub-12057	alpha	0.01417753396	0.05545503175350072	0.04593661138477188	0.00664245080875	0.043398353735	0.14214875654	-0.8985751571389161	0.14871875
5	2670	natural[1,2]	sub-10317	kappa	1.387497692	0.8693897125161553	0.4207052339982263	0.31874388441	0.8013152772000001	1.6660887844999999	1.2315225426599494	0.8864375
5	2670	natural[2,2]	sub-10369	kappa	0.3194845277	0.17065079186495297	0.13747849309812604	0.029126845869000002	0.13199575484999998	0.4444841150549999	1.0825965027767372	0.87128125
5	2670	natural[3,2]	sub-10402	kappa	0.08439890212	0.0870080758086994	0.0719915987174076	0.021627282028000003	0.066440463865	0.22416044415999986	-0.036242752420894774	0.6338125
5	2670	natural[4,2]	sub-10418	kappa	0.7870023078	0.38929137832985944	0.1628430236963422	0.153881174865	0.37165164829999997	0.682704841555	2.4422963934381547	0.9820625
5	2670	natural[5,2]	sub-10462	kappa	0.09713014576	0.3551286523154506	0.3520022032029833	0.0208936637975	0.24855651035	1.0754195997499998	-0.7329457151342739	0.21696875
5	2670	natural[6,2]	sub-10478	kappa	0.3553338352	0.27456626773226	0.14566814825047736	0.086561801863	0.25045157785	0.5488907654499998	0.5544627870799842	0.75209375
5	2670	natural[7,2]	sub-10486	kappa	0.3728696407	0.2745997504983744	0.11533399648994228	0.1220499443	0.25611724915	0.49309166960999984	0.8520461719211757	0.823375
5	2670	natural[8,2]	sub-10529	kappa	0.07710542047	0.09032862527636092	0.05835200654854857	0.027479208922499998	0.07542153856	0.2056947651649999	-0.22661097001624567	0.51403125
5	2670	natural[9,2]	sub-10541	kappa	0.04032260572	0.05970035840933175	0.04062876962238502	0.015246331898000001	0.049776554375000004	0.139212572535	-0.4769465792204372	0.37334375
5	2670	natural[10,2]	sub-10559	kappa	2.450658091	2.630483250939037	1.0307449577048908	1.2625599317	2.471509931	4.5510587853	-0.17446135301931978	0.4904375
5	2670	natural[11,2]	sub-10572	kappa	0.1006482315	0.2610580173921826	0.20698734757640308	0.018949667499	0.21023719175	0.6698161788949999	-0.7749738704824564	0.21203125
5	2670	natural[12,2]	sub-10581	kappa	0.2012603654	0.6167664089469513	0.341743661642084	0.180119588415	0.55335518505	1.2652785493999998	-1.2158412581829254	0.06584375
5	2670	natural[13,2]	sub-10584	kappa	0.2858721406	0.3473335143389827	0.18007293020998105	0.11082179249	0.31781512035000004	0.685325817035	-0.3413137869601681	0.42475
5	2670	natural[14,2]	sub-10585	kappa	0.1351745734	0.1221844706353001	0.0691730777509201	0.046025209211	0.10552007534999999	0.25497783535	0.1877913082236263	0.679625
5	2670	natural[15,2]	sub-10589	kappa	0.1597312985	0.14598940820198344	0.0840002919178627	0.049222492337999996	0.12579737715	0.30821077255	0.16359336359751797	0.65890625
5	2670	natural[16,2]	sub-10590	kappa	0.9043915306	1.3756416352061882	0.568238823720129	0.558783399395	1.3168717435000001	2.3921948276	-0.8293169789438568	0.20990625
5	2670	natural[17,2]	sub-10596	kappa	0.183442899	0.2670570644588744	0.12301446325329886	0.120561453075	0.24101408000000002	0.5035158855399999	-0.6797100377270648	0.26209375
5	2670	natural[18,2]	sub-10603	kappa	0.361100825	0.4611728745405562	0.2044151335710114	0.18795914971	0.42883304345	0.8440446802899999	-0.4895530374505876	0.3563125
5	2670	natural[19,2]	sub-10606	kappa	0.1264659252	0.21483270850982752	0.07233111135403772	0.11691279545	0.2042351436	0.349059398975	-1.2216981276189758	0.0786875
5	2670	natural[20,2]	sub-10608	kappa	3.472402533	2.4985083351130157	1.212487614747693	1.03368137015	2.248850728	4.779528621849999	0.8032199142006429	0.8250625
5	2670	natural[21,2]	sub-10617	kappa	0.07537184902	0.11527517197139547	0.10586906724610629	0.0218482329775	0.08362221335	0.32087589371999997	-0.3769120101779593	0.44621875
5	2670	natural[22,2]	sub-10636	kappa	0.1485577477	0.18555138257724843	0.06645797728877072	0.0973265664425	0.1748906265	0.31067576269999997	-0.5566470179570028	0.3225625
5	2670	natural[23,2]	sub-10638	kappa	0.284605522	0.22485447889392343	0.0738178505475394	0.123164285155	0.2150473359	0.36028876748499994	0.8094389454972863	0.8079375
5	2670	natural[24,2]	sub-10640	kappa	0.5409857822	0.6991042778011654	0.2835792083971374	0.30766298943500003	0.6606560525	1.2195848962	-0.557581412596825	0.3233125
5	2670	natural[25,2]	sub-10641	kappa	0.6413242733	0.6029485109921491	0.24741384224234977	0.258593186245	0.57197134835	1.05678451985	0.15510757991568072	0.61446875
5	2670	natural[26,2]	sub-10642	kappa	2.453881143	2.8898267034806935	0.9751579782962064	1.5624827261	2.7522147155	4.6807098084	-0.4470512165037881	0.36575
5	2670	natural[27,2]	sub-10644	kappa	1.825366604	1.5818685262958907	0.48730421027944343	0.884230086465	1.5298267695	2.4614570210499997	0.4996839193416285	0.72209375
5	2670	natural[28,2]	sub-10647	kappa	5.304187861	2.7682750386150907	1.1221480226585911	1.3373936642500002	2.577143087	4.83928297415	2.259873716461068	0.968625
5	2670	natural[29,2]	sub-10649	kappa	0.1594044925	0.1741788689364022	0.06131500634830744	0.092383150614	0.16445173625	0.28809288729999993	-0.24095857305264776	0.46234375
5	2670	natural[30,2]	sub-10652	kappa	0.06966416463	0.11505634646873013	0.07468517871598664	0.032614866099	0.09607346253	0.261678774635	-0.6077803202607022	0.3078125
5	2670	natural[31,2]	sub-10656	kappa	2.865770188	3.565902538308266	2.0305053476911397	1.3662585992999998	3.1046169265000003	7.2713328322	-0.34480694724807154	0.4324375
5	2670	natural[32,2]	sub-10657	kappa	0.008778400288	0.14907443604613183	0.16615491046678246	0.0115298094825	0.080851106005	0.4965610411	-0.8443688806066293	0.02925
5	2670	natural[33,2]	sub-10661	kappa	0.220336551	0.15578360642318625	0.05832403904789856	0.0787251819595	0.1462162972	0.265521324205	1.1067982538692098	0.86878125
5	2670	natural[34,2]	sub-10663	kappa	0.5460392592	0.8086827807583754	0.35997867777787335	0.27237053948	0.7792324189	1.4434619506499997	-0.7296085512054715	0.243
5	2670	natural[35,2]	sub-10668	kappa	0.09028209251	0.26515609457410255	0.2214910946100557	0.03827129627	0.2027308137	0.6973596344649997	-0.7895306236667236	0.20825
5	2670	natural[36,2]	sub-10673	kappa	0.03780201882	0.06334155495612004	0.06337522269383694	0.008510348447900001	0.041736733925000005	0.19120330551999998	-0.40298929219547636	0.46003125
5	2670	natural[37,2]	sub-10674	kappa	0.2857175536	0.24177096253230718	0.07559011459095286	0.137036682255	0.2316579108	0.381506687755	0.5813801355574696	0.750125
5	2670	natural[38,2]	sub-10677	kappa	0.2809439921	0.2585385186647186	0.16158401103279596	0.049242386773500006	0.2296618554	0.56434358411	0.13866145104377833	0.62959375
5	2670	natural[39,2]	sub-10685	kappa	1.503419335	1.536503280390078	0.543757108248538	0.77719773152	1.4707992239999998	2.52772184765	-0.06084324211713315	0.52428125
5	2670	natural[40,2]	sub-10690	kappa	0.08043918527	0.13193093816292742	0.14681368852199583	0.0184310673065	0.08296361974	0.41420301366499995	-0.35072855543175624	0.485625
5	2670	natural[41,2]	sub-10691	kappa	0.325291536	0.1588698192629075	0.05492897715012634	0.0854141836245	0.1503153783	0.26108062927000003	3.0297618009934073	0.989875
5	2670	natural[42,2]	sub-10700	kappa	0.7271439272	1.0743802348142437	0.40504965221954053	0.5127320002	1.0220896085	1.81260373205	-0.8572684995814749	0.19859375
5	2670	natural[43,2]	sub-10701	kappa	1.266656804	0.959630908996468	0.4216515454184663	0.354520929905	0.9151636356	1.7241187656499999	0.7281507641548555	0.776625
5	2670	natural[44,2]	sub-10713	kappa	0.571100309	0.4311941222738766	0.16855674038839272	0.19948611435	0.40709558075	0.7425212527649999	0.8300242779004149	0.81334375
5	2670	natural[45,2]	sub-10716	kappa	0.06915745613	0.0647256117101577	0.06587763509748684	0.00998098996655	0.043339050365	0.18965593307499998	0.0672738845783396	0.6950625
5	2670	natural[46,2]	sub-10718	kappa	0.2636427925	0.2090235330145128	0.06924019423763741	0.11489433118	0.19924386695000001	0.335845306235	0.7888374677001904	0.8065625
5	2670	natural[47,2]	sub-10720	kappa	0.4700986143	0.23729451289907166	0.19146921364238292	0.0433349112125	0.17949138035	0.627334927845	1.2158826840734236	0.881
5	2670	natural[48,2]	sub-10723	kappa	0.02301790795	0.1321729373838085	0.11737827491057454	0.0090405743424	0.1038334236	0.361638738285	-0.9299423553205994	0.164
5	2670	natural[49,2]	sub-10741	kappa	0.1614083493	0.25135682796086883	0.14440262557255168	0.053856415706	0.2296505072	0.5187592526999998	-0.6229005761095137	0.28359375
5	2670	natural[50,2]	sub-10748	kappa	0.1295305733	0.13180402676652542	0.07608057267311802	0.0429384602725	0.11430251020000001	0.27851430818	-0.029882181306565038	0.5846875
5	2670	natural[51,2]	sub-10767	kappa	4.701412298	4.764487598542288	2.7709314687825275	1.9538741158	4.0903442765	9.76552985055	-0.022763212029202975	0.612625
5	2670	natural[52,2]	sub-10770	kappa	0.06162710285	0.041763451380074375	0.030195136162051384	0.00994416111635	0.03446230501	0.09853601808749998	0.6578427520022196	0.82003125
5	2670	natural[53,2]	sub-10777	kappa	3.22148953	3.341781743068875	2.3009180345860356	1.10285777965	2.7653612865	7.453385086199997	-0.05228009484071741	0.6073125
5	2670	natural[54,2]	sub-10781	kappa	0.9572831343	1.132640776813053	0.32531735692285546	0.65923984743	1.0977552165	1.71693452595	-0.5390356179324202	0.3173125
5	2670	natural[55,2]	sub-10783	kappa	1.076262753	2.4185609544867344	1.0872839617975922	1.0661744333999998	2.2145307805	4.483336072999999	-1.2345424458092167	0.05275
5	2670	natural[56,2]	sub-10785	kappa	0.2143448802	0.4492195205353719	0.25773672482823856	0.1377549267	0.3934557517	0.9505130705249999	-0.9112967524977185	0.1709375
5	2670	natural[57,2]	sub-10794	kappa	0.2792051391	0.25107765572636476	0.15624385292526546	0.043057078503500004	0.22398391215000002	0.54513490316	0.180022975925262	0.64275
5	2670	natural[58,2]	sub-10800	kappa	0.1606205495	0.0752799187850993	0.03935900665183356	0.029452959041500002	0.06713066214999999	0.14792845561999998	2.168261802687671	0.9644375
5	2670	natural[59,2]	sub-10801	kappa	0.2076156078	0.20295210659896065	0.07608549867263872	0.10349101438500001	0.19071924029999998	0.3448869270899999	0.06129290446139102	0.59240625
5	2670	natural[60,2]	sub-10802	kappa	0.03519219975	0.20820647437324288	0.1664147880244699	0.025902306371	0.1667492893	0.5367657106199999	-1.0396568518766647	0.0810625
5	2670	natural[61,2]	sub-10803	kappa	0.006698664912	0.06694069626394233	0.0898432877533975	0.007830717488	0.038210397555	0.2292172494299999	-0.6705234509816147	0.0369375
5	2670	natural[62,2]	sub-10804	kappa	0.127671628	0.16989694943766312	0.09015615401973037	0.067008947416	0.1486956819	0.3443395493749999	-0.46835761681251664	0.37975
5	2670	natural[63,2]	sub-10806	kappa	1.537772115	2.505986418158223	1.1345704577825033	1.01848789995	2.316727474	4.6153133645	-0.8533752104303683	0.17946875
5	2670	natural[64,2]	sub-10807	kappa	0.2104085677	0.19723105450080655	0.07385192742482397	0.10039016864	0.18520879229999998	0.33536619742499996	0.1784315407692943	0.636
5	2670	natural[65,2]	sub-10809	kappa	0.7649881383	1.2104902671739988	0.5208305177783557	0.46857018425499997	1.1494319205	2.1535660956	-0.8553687114463335	0.2080625
5	2670	natural[66,2]	sub-10810	kappa	0.1585401634	0.205191924109	0.0744627896174449	0.106412144355	0.1932577896	0.345525614025	-0.6265110526838306	0.29003125
5	2670	natural[67,2]	sub-10812	kappa	0.1741249172	0.2563922445974903	0.1437831380382788	0.080308547705	0.22738086235	0.5323771465949999	-0.5721625534114343	0.32740625
5	2670	natural[68,2]	sub-10817	kappa	0.6349975496	0.40813041684094936	0.19951535254008432	0.151734171905	0.37222787275	0.783858452555	1.1370911053748163	0.8716875
5	2670	natural[69,2]	sub-10827	kappa	0.5419353682	0.2643563331913985	0.17894750303624918	0.034128831658	0.23549544075	0.5982745633499996	1.5511757934525223	0.92465625
5	2670	natural[70,2]	sub-10831	kappa	0.04265330194	0.0866622308272608	0.06243461135987771	0.0250719876735	0.069764200395	0.20963429014999999	-0.7048803208462383	0.20540625
5	2670	natural[71,2]	sub-10834	kappa	0.2483460936	0.19385723625691498	0.06529503163499585	0.105834955515	0.1843923163	0.31618481847	0.8345023500054622	0.8188125
5	2670	natural[72,2]	sub-10836	kappa	0.05557063569	0.10072587739434402	0.12517432840962944	0.009794307528600001	0.056872513965	0.34136782084499995	-0.360738837412211	0.4920625
5	2670	natural[73,2]	sub-10838	kappa	0.02490464712	0.06237036260196494	0.06579010627748483	0.0063782875061	0.03899639504	0.193901553265	-0.5694733996012213	0.348375
5	2670	natural[74,2]	sub-10843	kappa	0.09100366082	0.38575074388938757	0.25072488026064055	0.030418665444	0.3516617606	0.848444072955	-1.1755797141591366	0.107375
5	2670	natural[75,2]	sub-10850	kappa	0.1090935204	0.12633061763640907	0.05242746341986118	0.060553805214499996	0.11634192075	0.22490018048499993	-0.3287799201416086	0.43509375
5	2670	natural[76,2]	sub-10854	kappa	0.2289932508	0.3007683844089755	0.14183817452674563	0.107171493095	0.28009354045	0.561637258215	-0.506035373399714	0.340125
5	2670	natural[77,2]	sub-10857	kappa	0.8646319236	1.232714354199828	0.3887951753777631	0.664854712315	1.194405202	1.9225277632999997	-0.9467258184008841	0.171375
5	2670	natural[78,2]	sub-10858	kappa	1.378965924	0.9876464139506144	0.44220901377234195	0.346820596685	0.94311781315	1.78074621365	0.8849197955309993	0.8174375
5	2670	natural[79,2]	sub-10860	kappa	0.172625814	0.1484184762571747	0.06636865575682763	0.0660609444995	0.1357758128	0.27477704768	0.364740515937525	0.709
5	2670	natural[80,2]	sub-10862	kappa	0.1434082248	0.25333942323856873	0.1285445524529126	0.0963911556405	0.22777299439999998	0.49837005173500004	-0.8551992001282032	0.1884375
5	2670	natural[81,2]	sub-10863	kappa	0.2584100996	0.2639802907646197	0.08501660800835191	0.14734781788499998	0.25216230495	0.42108807963499995	-0.06551885913952837	0.53084375
5	2670	natural[82,2]	sub-10866	kappa	0.01528036966	0.07316478223494673	0.06912970193296908	0.0124625221705	0.05119912834	0.20987876876499997	-0.8373305678516272	0.07725
5	2670	natural[83,2]	sub-10875	kappa	0.228694937	0.21076159165841157	0.06845101266976325	0.117004602905	0.20122292819999998	0.33691560114499997	0.26198802095312285	0.65353125
5	2670	natural[84,2]	sub-10881	kappa	0.3696022479	0.6476985152975611	0.459656374292875	0.15925231161	0.5249238497	1.55216974405	-0.6050090523064715	0.30971875
5	2670	natural[85,2]	sub-10886	kappa	0.05132671144	0.10944801747090178	0.08691593822967944	0.021510846275000002	0.08581070626	0.27920673744999996	-0.6687071118914175	0.2580625
5	2670	natural[86,2]	sub-10887	kappa	0.4196259002	0.1858318623318656	0.12279273439149768	0.038270949566500005	0.15890523034999998	0.42038276268999997	1.9039728940535963	0.94978125
5	2670	natural[87,2]	sub-10896	kappa	0.4594032009	0.36323353886254495	0.16815752757277275	0.13569384640499998	0.3387857166	0.6751815279550001	0.5719022123219321	0.75315625
5	2670	natural[88,2]	sub-10897	kappa	1.142960264	0.8449905729647922	0.4956051628621705	0.23074252862500003	0.74957689915	1.7917723530999998	0.6012239447111536	0.7629375
5	2670	natural[89,2]	sub-10898	kappa	0.5334985543	0.26335589565974876	0.13243692782599423	0.0931452337235	0.23963376860000002	0.514872150235	2.0397834884480663	0.9590625
5	2670	natural[90,2]	sub-10908	kappa	0.05627740776	0.06470064821211953	0.03768988913266282	0.0219940622405	0.056381669144999993	0.13431958099499997	-0.2234880665865312	0.49834375
5	2670	natural[91,2]	sub-10918	kappa	1.525503541	3.0349803125154624	1.249186987301787	1.40975356335	2.8378301385	5.37614910545	-1.2083673516131441	0.0700625
5	2670	natural[92,2]	sub-10919	kappa	0.1630297807	0.23546882432736127	0.09718296628192541	0.11090337110500001	0.21779631355	0.4199869525599999	-0.7453882753199504	0.23865625
5	2670	natural[93,2]	sub-10924	kappa	0.2087838045	0.194632515039265	0.06253211636571483	0.10882829768	0.1862828655	0.3104650895599999	0.22630434220348683	0.64225
5	2670	natural[94,2]	sub-10926	kappa	2.092654191	0.9581585929239856	0.54370507112202	0.29650989706	0.8473980441	1.9930982775500001	2.0866010974199782	0.96075
5	2670	natural[95,2]	sub-10928	kappa	2.433285026	3.501951385293112	2.4872320548700455	1.1277018448	2.867710134	7.919882986449999	-0.42966089842748845	0.387
5	2670	natural[96,2]	sub-10929	kappa	0.3148899873	0.17292258724296924	0.1276886794225511	0.027058326719	0.1439804459	0.41970736719999996	1.1118244835724873	0.8696875
5	2670	natural[97,2]	sub-10930	kappa	0.2199040833	0.2579920172828472	0.14328847625047872	0.0868548228655	0.22688366064999999	0.53722384493	-0.2658129598382128	0.4783125
5	2670	natural[98,2]	sub-10938	kappa	0.1712777083	0.22981309206417064	0.10827356227173411	0.096608873022	0.20761461565	0.439341245535	-0.5406248998925925	0.3409375
5	2670	natural[99,2]	sub-10940	kappa	0.02709226233	0.05098328165497762	0.03838322638649385	0.011802987975	0.040905448625	0.1244189415	-0.6224338486924149	0.273875
5	2670	natural[100,2]	sub-10950	kappa	0.05567146326	0.08411166026981667	0.051937611909945954	0.0290078453885	0.07157875984	0.18328659783999995	-0.5475838407651245	0.32303125
5	2670	natural[101,2]	sub-10952	kappa	0.1049558649	0.20919086328880002	0.11276586546183959	0.0759846032845	0.1849134246	0.423977258395	-0.9243488529254764	0.14340625
5	2670	natural[102,2]	sub-10953	kappa	3.870083887	2.775835933034053	0.8410987807957603	1.6125487475	2.6652385445	4.3084694778	1.3009743670424574	0.89828125
5	2670	natural[103,2]	sub-10954	kappa	0.002273848428	0.18511790760088045	0.19500193512076933	0.00828511585925	0.1166062793	0.581802705735	-0.9376525369332401	0.0030625
5	2670	natural[104,2]	sub-10956	kappa	1.206744085	1.5271472156276564	0.5112363844888703	0.7768082287600001	1.4795718805	2.4523163627499995	-0.6267220807219985	0.2813125
5	2670	natural[105,2]	sub-10958	kappa	0.8805328107	0.5308519565505251	0.25882193816053917	0.19981191504	0.48246307825	1.0224464694	1.3510479700240048	0.9000625
5	2670	natural[106,2]	sub-10961	kappa	2.511419348	5.194173382219397	3.060101214228574	2.1824475886999997	4.471955243	10.538522295999998	-0.8766880068363022	0.09553125
5	2670	natural[107,2]	sub-10964	kappa	0.9131218661	0.23305272346322217	0.23824115753482816	0.01901196393	0.1515655115	0.7364677479499999	2.8545409604021064	0.9770625
5	2670	natural[108,2]	sub-10966	kappa	6.235452559	3.923494127720169	2.1170986008996695	1.6228825309000001	3.466071488	7.754133897649999	1.0920409801873918	0.892875
5	2670	natural[109,2]	sub-10969	kappa	0.02999755948	0.09162878509152272	0.08941193532614941	0.00692329263695	0.06484759946	0.26683660893999994	-0.6892952868843457	0.30409375
5	2670	natural[110,2]	sub-10974	kappa	0.1178979325	0.08822684096651934	0.0703506552017997	0.017071103235	0.06874934357000001	0.224887537585	0.42175998856541735	0.7645
5	2670	natural[111,2]	sub-10977	kappa	1.371889373	0.8286167707943181	0.3709823959834825	0.33334764415	0.77055661185	1.5140037404	1.4644161234806148	0.9153125
5	2670	natural[112,2]	sub-10979	kappa	0.0335562017	0.08912182479742231	0.051698253137090144	0.0334951000955	0.07643861498	0.18876962169999997	-1.0748065887270295	0.0505625
5	2670	natural[113,2]	sub-10983	kappa	0.7273618695	0.9602180746336737	0.49616508795422465	0.257522160875	0.906637387	1.8551751812	-0.46931195037075357	0.36103125
5	2670	natural[114,2]	sub-10984	kappa	0.3985796161	0.5846204341343728	0.2700173251514286	0.21927519653	0.5453612884	1.0874948247499998	-0.688995855840136	0.26840625
5	2670	natural[115,2]	sub-10998	kappa	0.03585334043	0.19829786756103643	0.17643197809827288	0.015363539123000002	0.15048521815	0.5494740313349998	-0.920720432214134	0.14978125
5	2670	natural[116,2]	sub-11005	kappa	0.01409806894	0.043453622423162544	0.055683599020224184	0.00601643692695	0.026573156655	0.14335326212	-0.5271849161994838	0.22553125
5	2670	natural[117,2]	sub-11007	kappa	0.6906609509	0.4235770768338603	0.17115626782876286	0.17642278717499998	0.40525796335	0.7329344324399999	1.5604679714876102	0.92753125
5	2670	natural[118,2]	sub-11012	kappa	0.6360618376	0.7007621510134031	0.27650803722735423	0.32052155126	0.66341622805	1.2139875913499998	-0.23399071528689172	0.45796875
5	2670	natural[119,2]	sub-11016	kappa	1.388668311	1.6668054865781605	0.7460169169755568	0.6003451689	1.577654171	3.0215059569499996	-0.3728295823448112	0.38959375
5	2670	natural[120,2]	sub-11021	kappa	0.5379497506	0.8567418800598035	0.399345643879474	0.30984864719500005	0.8027945651999999	1.59553675215	-0.7982862323546908	0.23175
5	2670	natural[121,2]	sub-11030	kappa	0.01169363094	0.1941812519266973	0.143747290179292	0.0202871779305	0.16669828669999998	0.46924902297999993	-1.269503033824746	0.0218125
5	2670	natural[122,2]	sub-11031	kappa	0.2906783856	0.32705601051353067	0.13739495291410578	0.14524831113	0.30463051235	0.58232295072	-0.2647668210656372	0.4548125
5	2670	natural[123,2]	sub-11036	kappa	0.07165122495	0.10208834093602881	0.05506637155356633	0.036688703797999996	0.09016189659	0.20807862470999997	-0.5527350927129968	0.3329375
5	2670	natural[124,2]	sub-11039	kappa	0.5619276177	0.33346537849246694	0.1552799451557067	0.12666257803	0.3091857146	0.6207138068	1.4712926320166004	0.9175
5	2670	natural[125,2]	sub-11042	kappa	0.8151201574	0.6342609209268801	0.2270470360783446	0.300577734195	0.6146264825500001	1.0393413755499998	0.7965716690118464	0.799375
5	2670	natural[126,2]	sub-11053	kappa	0.4608153982	0.6395839661960853	0.3075455427923908	0.20871218052	0.6024479731500001	1.2042201426999999	-0.5812751060312499	0.31721875
5	2670	natural[127,2]	sub-11058	kappa	0.04603629708	0.11559258269682238	0.0683774035445642	0.038929486156999996	0.098787649345	0.248985756515	-1.0172408136481792	0.08884375
5	2670	natural[128,2]	sub-11060	kappa	0.4829943424	0.41770593435738	0.20139802259197717	0.14930840917	0.386404289	0.7987584408149998	0.32417601326151646	0.683625
5	2670	natural[129,2]	sub-11063	kappa	0.1621827442	0.19190291130467926	0.15780329222876688	0.0249618705475	0.15114174925	0.5097287325899998	-0.1883368001067686	0.53328125
5	2670	natural[130,2]	sub-11064	kappa	0.1382336512	0.22778809882597045	0.10989207267165164	0.0723135031425	0.21387048614999998	0.42551518014499995	-0.814930917660928	0.209375
5	2670	natural[131,2]	sub-11065	kappa	0.02012977417	0.1328055413715985	0.09452373375629819	0.0353798123455	0.10720147869999999	0.3207840796849999	-1.192036779800722	0.00715625
5	2670	natural[132,2]	sub-11066	kappa	0.3325704247	0.3594051397324378	0.1791498163430877	0.12095417267	0.33164449855	0.6928239903849999	-0.14978924109554762	0.50190625
5	2670	natural[133,2]	sub-11068	kappa	0.3886338556	0.33868084421220257	0.1791225057776495	0.114341387025	0.30344927475	0.6820872521649999	0.2788762426638098	0.678125
5	2670	natural[134,2]	sub-11071	kappa	0.1276817361	0.12966160120501374	0.050408577342456316	0.0656870367255	0.12060336299999999	0.22482275892499998	-0.03927635353728215	0.55996875
5	2670	natural[135,2]	sub-11072	kappa	8.021274443	4.540229253377874	1.6618709560324807	2.38169277045	4.26028757	7.66700719545	2.0946543273929685	0.961875
5	2670	natural[136,2]	sub-11074	kappa	0.01875114131	0.1100160771263397	0.10630113626686022	0.0180161954755	0.07478746890499999	0.32788243609	-0.8585508962691295	0.05446875
5	2670	natural[137,2]	sub-11075	kappa	0.115291832	0.35586535045753326	0.2795449696997429	0.035206701083	0.27891212085	0.91334549134	-0.8605896887213941	0.17653125
5	2670	natural[138,2]	sub-11076	kappa	0.1023418789	0.17207028872869973	0.10651974741748152	0.051671680628	0.1464797426	0.3825726412299999	-0.6546054747521513	0.28396875
5	2670	natural[139,2]	sub-11078	kappa	128.340643	7.988960082754095	5.695406922850697	3.13830545175	6.5136602969999995	17.553180612	21.131358048251062	0.999875
5	2670	natural[140,2]	sub-11083	kappa	0.08199561808	0.13797978639613134	0.08993286159652616	0.030005265123	0.11945652675	0.310794098915	-0.6225106965604866	0.31065625
5	2670	natural[141,2]	sub-11084	kappa	0.293045727	0.3338055583822797	0.1338993638890163	0.160314369245	0.3116538129	0.58646946664	-0.3044064601835143	0.4413125
5	2670	natural[142,2]	sub-11085	kappa	0.04780323242	0.28435466994870917	0.18900695541055423	0.06311330213699999	0.24120651485	0.6477303699449998	-1.2515488491673785	0.020125
5	2670	natural[143,2]	sub-11090	kappa	1.246614595	1.1154703521907108	0.5388693964033384	0.36530822014000003	1.047429812	2.09726375805	0.24336925363475104	0.64284375
5	2670	natural[144,2]	sub-11113	kappa	1.290116927	1.6958698074851124	0.5832027662094569	0.894011918375	1.6204069099999998	2.7703734045	-0.6957320918114209	0.2595625
5	2670	natural[145,2]	sub-11116	kappa	2.633334802	3.155586801614759	1.0780466049051347	1.71556088665	2.9900536895	5.16350114875	-0.4844428777369194	0.3514375
5	2670	natural[146,2]	sub-11120	kappa	0.1074015384	0.15165206555873498	0.05523818791999416	0.07946333881249999	0.14266056370000002	0.254108641405	-0.8010857854864197	0.21246875
5	2670	natural[147,2]	sub-11125	kappa	0.005659106766	0.06237758912957443	0.08168891761173225	0.004342469125700001	0.02738401176	0.232085403955	-0.6943228533539594	0.08315625
5	2670	natural[148,2]	sub-11126	kappa	0.7112449662	0.24053919193976753	0.2779537176183905	0.031946782812500005	0.1256208035	0.8543879116549999	1.6934681726634648	0.921125
5	2670	natural[149,2]	sub-11128	kappa	0.1821540337	0.169457494781825	0.05879304649544964	0.0908067323355	0.1604270744	0.278584234015	0.2159530705583976	0.64284375
5	2670	natural[150,2]	sub-11134	kappa	0.7453308794	0.3111319481252846	0.20215118819618244	0.07340593567699999	0.26270674039999997	0.7128198035249999	2.147892056183893	0.958875
5	2670	natural[151,2]	sub-11139	kappa	1.735350654	2.2017206473507405	0.8623062468579331	1.0481643652	2.0723655474999996	3.7851331249999998	-0.540840327957842	0.3260625
5	2670	natural[152,2]	sub-11164	kappa	0.100639755	0.12050899194527201	0.11007127730762298	0.019674041857000002	0.08682403044	0.335092628545	-0.18051245911994127	0.568125
5	2670	natural[153,2]	sub-11167	kappa	0.418570175	0.16073254585264035	0.14355676410270038	0.0285959170845	0.098281080055	0.46153950863	1.7960674354773198	0.926875
5	2670	natural[154,2]	sub-11168	kappa	0.3020112122	0.23787299266096992	0.1535684666734337	0.038661056552499996	0.211332071	0.528732885685	0.41765227542071653	0.72471875
5	2670	natural[155,2]	sub-11171	kappa	2.238428972	2.83261843037746	1.2077272395249743	1.25066709675	2.6386563595	5.073030260949999	-0.49198977958894746	0.34465625
5	2670	natural[156,2]	sub-11177	kappa	2.215602431	3.8664428814429215	2.203086392261299	1.4782868650499998	3.380707139	7.83460580405	-0.7493307825974361	0.19325
5	2670	natural[157,2]	sub-11192	kappa	1.019435429	0.4449391211659256	0.23715609736093668	0.13237625838	0.40570848345	0.8940045683599999	2.42243954183361	0.97653125
5	2670	natural[158,2]	sub-11193	kappa	0.1189840016	0.10718431302933691	0.06179343594917162	0.0384608542375	0.09267572839499999	0.225345737215	0.19095375405842394	0.68009375
5	2670	natural[159,2]	sub-11201	kappa	0.05690932584	0.21570036006154658	0.33461627036083613	0.0124465776065	0.09451000836500001	0.8126983538899998	-0.474546662211951	0.3570625
5	2670	natural[160,2]	sub-11203	kappa	0.05759842513	0.04832076361481522	0.05095685699273097	0.00682477549335	0.031675586485000004	0.14701930008499994	0.18206895131911768	0.73721875
5	2670	natural[161,2]	sub-11209	kappa	0.4416185668	0.41587549557047	0.26565546549938057	0.09405447259500001	0.35790081775	0.93101637473	0.09690397741728388	0.62215625
5	2670	natural[162,2]	sub-11227	kappa	2.158193705	3.8781449744594374	2.1348598379328156	1.5782859984500002	3.4135496869999997	7.67893586735	-0.8056506749992851	0.16034375
5	2670	natural[163,2]	sub-11238	kappa	0.5290426105	0.34325096589715093	0.1462718460551157	0.13886861447999999	0.32397523144999996	0.6121992683149999	1.2701804866320083	0.89221875
5	2670	natural[164,2]	sub-11246	kappa	0.8168601287	0.9136191748002013	0.3656944716830088	0.395749207855	0.87155617135	1.58167361895	-0.26458985189164663	0.43796875
5	2670	natural[165,2]	sub-11276	kappa	0.02578224664	0.04668114941306848	0.040404916205567916	0.0095744817393	0.035416599485	0.12093553632499998	-0.5172366319667939	0.33075
5	2670	natural[166,2]	sub-11286	kappa	3.423677858	2.782702709526256	1.3147066418546716	1.0940206287499998	2.557894809	5.252030381299999	0.48754233687411297	0.742625
5	2670	natural[167,2]	sub-11301	kappa	0.01809603579	0.1322771426465837	0.11982482901146692	0.021550127985	0.094477738145	0.37194856041999996	-0.9529002277621182	0.0339375
5	2670	natural[168,2]	sub-11311	kappa	0.6615885035	0.626133738105889	0.24167079226104182	0.280240125505	0.6004069876	1.06700142675	0.1467068695492765	0.598875
5	2670	natural[169,2]	sub-11312	kappa	0.8309855831	0.46041309485103815	0.24778929766365923	0.15392626063	0.4107260817	0.940843881155	1.4955145026157037	0.913
5	2670	natural[170,2]	sub-11316	kappa	0.2958043536	0.19248707906024126	0.08157259346546161	0.090965485225	0.1767480999	0.34719768745	1.2665684655901492	0.89575
5	2670	natural[171,2]	sub-11318	kappa	0.2702582346	0.12928175074937276	0.12587575928449263	0.0121451720725	0.09064135999	0.38082410028999997	1.1199653106521117	0.88078125
5	2670	natural[172,2]	sub-11321	kappa	0.2517639442	0.22086840612276779	0.06912177551540323	0.124283359115	0.21179997150000002	0.34720935555	0.44697257625199993	0.71021875
5	2670	natural[173,2]	sub-11325	kappa	5.454396986	4.989973905042447	3.010319446737993	2.045024912	4.2998895735	10.101959418	0.15427700919276371	0.6911875
5	2670	natural[174,2]	sub-11326	kappa	0.0218430547	0.06300237216418807	0.07476028945469516	0.006746611147200001	0.036311714725	0.21125619910499993	-0.5505505364466341	0.316125
5	2670	natural[175,2]	sub-11329	kappa	0.8949841656	1.4335908057032842	0.5252996606003657	0.6656020768750001	1.381006546	2.3798408347	-1.0253321684763892	0.14559375
5	2670	natural[176,2]	sub-11330	kappa	0.09092597486	0.07827303444121653	0.044798560581287034	0.027741227248000003	0.068129514705	0.16409135886499998	0.28244078056536426	0.71325
5	2670	natural[177,2]	sub-11337	kappa	0.8152937293	0.7107280569863345	0.33859140235127877	0.21921872028	0.67797846445	1.3126204780000001	0.3088255389461475	0.649125
5	2670	natural[178,2]	sub-11338	kappa	0.0341650456	0.04141041071524393	0.043228930096159544	0.0066903048352	0.028177338609999998	0.121392059195	-0.16760454397384233	0.59228125
5	2670	natural[179,2]	sub-11340	kappa	0.4621338502	0.6299392316162128	0.23213820705630286	0.30386728293000004	0.60111990705	1.0581410438	-0.7228684305962321	0.25346875
5	2670	natural[180,2]	sub-11345	kappa	0.1196984699	0.790073716551306	0.34808980741813256	0.299478540715	0.74499564015	1.42883220905	-1.925868647587367	0.00215625
5	2670	natural[181,2]	sub-11348	kappa	0.3498328609	0.21324536792229032	0.11047829952301542	0.0834909171625	0.18825085060000002	0.42959805315999994	1.2363287049802485	0.88828125
5	2670	natural[182,2]	sub-11358	kappa	0.01747185079	0.34401624279105736	0.20148966909987856	0.037584045045	0.3480559421	0.680299193045	-1.6206507929654153	0.007375
5	2670	natural[183,2]	sub-11364	kappa	2.737446663	3.3601641695878373	1.4058889508843606	1.5943198192499999	3.104858826	5.9902380649	-0.4429350598396288	0.37778125
5	2670	natural[184,2]	sub-11367	kappa	0.7936808248	1.4856758600810467	0.5792769091524936	0.6780844977	1.4092499675	2.5604512788499996	-1.194584186504973	0.09165625
5	2670	natural[185,2]	sub-11374	kappa	0.08286542723	0.09545433091664728	0.08298006773214076	0.016579210108	0.06982729032500001	0.26088182777999996	-0.1517099712100043	0.57609375
5	2670	natural[186,2]	sub-11376	kappa	1.002183715	1.4998215536528374	0.5387348595598006	0.72095935029	1.4421081125000001	2.4672190142	-0.9237156828118689	0.17390625
5	2670	natural[187,2]	sub-11377	kappa	0.1663128266	0.2760086252836662	0.08663747273625656	0.15419651117	0.26476184885	0.43564333975499997	-1.2661472595998298	0.07734375
5	2670	natural[188,2]	sub-11387	kappa	5.090312532	4.828899524064169	2.7225603189443164	2.01469754195	4.213076857	9.583585508049996	0.09601734298294434	0.65671875
5	2670	natural[189,2]	sub-11396	kappa	0.2694605834	0.4465715339767499	0.21828884303243365	0.165248219105	0.4077609257	0.864023490025	-0.8113605263391063	0.210625
5	2670	natural[190,2]	sub-11410	kappa	1.117444326	0.9352677703795361	0.397520175866323	0.37038193569	0.88855737745	1.664025564	0.4582825393036798	0.70646875
5	2670	natural[191,2]	sub-11416	kappa	0.1220555412	0.21120453021211189	0.16841900634381818	0.010587001741000001	0.1813825034	0.5290134240799998	-0.5293285535132484	0.34159375
5	2670	natural[192,2]	sub-11426	kappa	0.9794404676	0.47214587579011	0.29615858854221583	0.12237541519999999	0.40477045875	1.0502219742999999	1.712915348182036	0.93290625
5	2670	natural[193,2]	sub-11430	kappa	0.03007286505	0.0531014714595222	0.04424901051733226	0.0105285111885	0.040284137365	0.14097396425999997	-0.5204321213126775	0.34971875
5	2670	natural[194,2]	sub-11432	kappa	1.541588708	1.7582136185972665	1.478187059822658	0.237574987005	1.4009655785000001	4.5002447163	-0.14654769784228505	0.54696875
5	2670	natural[195,2]	sub-11433	kappa	1.764329127	2.6383942823658155	1.151769811862317	1.1408923418	2.4506425445	4.7729231278499995	-0.7588887522173584	0.223125
5	2670	natural[196,2]	sub-11435	kappa	0.7808490647	0.48123367841944376	0.19142924584007878	0.224721143125	0.45222615239999997	0.8378493417149998	1.5651494888657551	0.924875
5	2670	natural[197,2]	sub-11439	kappa	0.1143184414	0.5553792194389428	0.27562388969605367	0.194245134655	0.50978297035	1.0763412539499997	-1.600226956107926	0.0089375
5	2670	natural[198,2]	sub-11440	kappa	0.05319129736	0.0586637840723899	0.044463667373139185	0.016345929710000002	0.04735931368	0.13787384036999997	-0.12307771795935732	0.57715625
5	2670	natural[199,2]	sub-11443	kappa	1.642085809	1.0510909635168195	0.5180025292781654	0.26500247704	1.010610323	1.9589147849499997	1.1409111193081036	0.871625
5	2670	natural[200,2]	sub-11451	kappa	0.06402612416	0.43617244016367124	0.24788876105853092	0.123805715615	0.38811552885	0.917452024915	-1.5012633667397324	0.008125
5	2670	natural[201,2]	sub-11461	kappa	0.02915874477	0.056813204715655104	0.07553103233402975	0.0053587618843	0.029393204175	0.20063789728499998	-0.36613374782639724	0.4971875
5	2670	natural[202,2]	sub-11462	kappa	0.1592860703	0.13380299790164185	0.15000544142798333	0.0103618244895	0.078765517425	0.44155854123499994	0.16988098668802232	0.7131875
5	2670	natural[203,2]	sub-11472	kappa	0.1015384606	0.055254316958515994	0.03919134609555558	0.0140767300585	0.045304225399999995	0.129423891095	1.1809786662758384	0.8946875
5	2670	natural[204,2]	sub-11492	kappa	0.2938600426	0.2526844392707662	0.0792082241680533	0.141936768045	0.2426672286	0.39663383003499997	0.5198400009811219	0.7310625
5	2670	natural[205,2]	sub-11493	kappa	0.2733059805	0.23664896555408813	0.08043596894091828	0.12728803945	0.22560377845000001	0.38524262110999996	0.45572913994281744	0.72059375
5	2670	natural[206,2]	sub-11498	kappa	0.1071988313	0.19364526928693557	0.09468058411180319	0.077364369776	0.17477615689999998	0.37480536865499997	-0.9130323687574173	0.1563125
5	2670	natural[207,2]	sub-11517	kappa	0.3532316993	1.190930403076834	0.49064350166034676	0.49294781127000004	1.1351277775000002	2.06929472275	-1.7073469860337414	0.01415625
5	2670	natural[208,2]	sub-11518	kappa	0.7485330754	1.6265196534062503	0.8499192400294318	0.46594672832	1.5127129625	3.1830208683999994	-1.0330235352430033	0.1395
5	2670	natural[209,2]	sub-11523	kappa	0.466110278	0.2549927170440476	0.15812264271514864	0.05578793313500001	0.2228756078	0.5578362647499998	1.3351507243416865	0.9008125
5	2670	natural[210,2]	sub-11526	kappa	3.971508086	2.2544480067238566	0.819663629777422	1.15407208775	2.136069634	3.7821230349999997	2.094835023657702	0.9634375
5	2670	natural[211,2]	sub-11527	kappa	0.4076836627	0.429772995657581	0.18268595504209306	0.18983779258	0.3997133818	0.7704976548049998	-0.12091423750934398	0.5180625
5	2670	natural[212,2]	sub-11529	kappa	0.7502437358	1.8016223740306363	1.4435123647030679	0.33417573174000004	1.4410329554999999	4.486295659549999	-0.7283475112088188	0.20971875
5	2670	natural[213,2]	sub-11530	kappa	0.2616123939	0.19110942646856535	0.13387886448677674	0.045915319624	0.15811428415	0.4527087878299999	0.5266176084007514	0.77584375
5	2670	natural[214,2]	sub-11532	kappa	0.1754800904	0.21965882963401345	0.07017043917874521	0.12226181849000001	0.2103367988	0.34910400337499997	-0.6295918872828614	0.28675
5	2670	natural[215,2]	sub-11533	kappa	0.9019003583	1.6452613993842455	0.6088448084091808	0.776611726355	1.578378382	2.7497537767	-1.2209368147960977	0.08996875
5	2670	natural[216,2]	sub-11534	kappa	0.5355018187	0.7169042313175937	0.3470153106455343	0.259648692715	0.6576249757	1.36397063095	-0.5227504581286063	0.3480625
5	2670	natural[217,2]	sub-11535	kappa	0.2697828267	1.3275455641015312	0.6204682208739419	0.49324307184000005	1.2407551785	2.47234694975	-1.7047814889079271	0.00225
5	2670	natural[218,2]	sub-11536	kappa	0.05142519062	0.2967738646981177	0.18313278977042952	0.070483122921	0.2594111953	0.649626233965	-1.3397309918430247	0.02934375
5	2670	natural[219,2]	sub-11539	kappa	0.05454655083	0.1809042838629328	0.09795249411647844	0.063305497388	0.1600296574	0.3708479937749999	-1.2899899504618717	0.02859375
5	2670	natural[220,2]	sub-11540	kappa	0.2556064042	0.16460496626606472	0.05821511612822876	0.0871380342705	0.15537594105000002	0.27262659281999996	1.5631925861573317	0.9263125
5	2670	natural[221,2]	sub-11542	kappa	0.1756166593	0.4084871729970199	0.3323345353335285	0.0443152042395	0.3158132478	1.0754519976499999	-0.7007111477695592	0.28375
5	2670	natural[222,2]	sub-11545	kappa	0.2031098093	0.21873040812366093	0.11939172031300718	0.0747358509755	0.1931733592	0.4472494891199999	-0.13083485841990283	0.53565625
5	2670	natural[223,2]	sub-11551	kappa	1.254601986	1.345493925782319	0.5789030675731266	0.507028888965	1.286006938	2.3846810982499997	-0.1570071828490315	0.477375
5	2670	natural[224,2]	sub-11559	kappa	0.2224769059	0.06535011882149451	0.05338899139926095	0.012391460477500001	0.04975501978	0.170132355235	2.9430559177164106	0.98128125
5	2670	natural[225,2]	sub-11560	kappa	0.04607007086	0.0469532375690446	0.03335472796398421	0.011669644386000001	0.038628437445	0.11045285482499996	-0.026478006656154556	0.6088125
5	2670	natural[226,2]	sub-11563	kappa	1.586056935	0.7554581975795731	0.48729652767470477	0.13672787316	0.67956981775	1.6572247465999999	1.7045037061599868	0.9365625
5	2670	natural[227,2]	sub-11565	kappa	0.1633661642	0.237345617157984	0.18171999711494052	0.051603243389	0.18507762965	0.6043460733999999	-0.40710683541993964	0.44303125
5	2670	natural[228,2]	sub-11570	kappa	0.2875514435	0.2588501400867997	0.08157417764997635	0.14477958085499998	0.24885758915	0.407567190075	0.3518430003224022	0.67965625
5	2670	natural[229,2]	sub-11572	kappa	1.585290081	2.707366274579028	1.0314645224498444	1.31840179865	2.5511260545	4.600763432999999	-1.0878475887022956	0.1121875
5	2670	natural[230,2]	sub-11579	kappa	0.05741637163	0.14732103993970497	0.06022668381350229	0.072659577211	0.1359504052	0.26165740046999997	-1.4927713534436566	0.0123125
5	2670	natural[231,2]	sub-11586	kappa	0.2733454839	0.8007575576356599	0.426829406175453	0.26784927118	0.71807651635	1.6089203038499997	-1.235650745016526	0.05309375
5	2670	natural[232,2]	sub-11587	kappa	0.1268612489	0.16639844613580562	0.0783130571599093	0.0580092638245	0.1566025496	0.31037459010999996	-0.5048608580696023	0.3459375
5	2670	natural[233,2]	sub-11588	kappa	0.07421510399	0.07181630424611507	0.056622193925221206	0.0143034412755	0.055690198245	0.18497414273999996	0.04236500879942832	0.64440625
5	2670	natural[234,2]	sub-11591	kappa	0.04637558157	0.06431319922015866	0.042839440187135355	0.0196078814775	0.053810953659999994	0.14546922805499998	-0.41871736819626576	0.39871875
5	2670	natural[235,2]	sub-11597	kappa	1.894160608	4.096274544824162	2.296656594888379	1.69548784495	3.563201933	8.254347714449999	-0.9588346563109876	0.08003125
5	2670	natural[236,2]	sub-11598	kappa	0.02492944069	0.09940970252586953	0.0724932001550173	0.020420597627999998	0.08012842707500001	0.24274356725000001	-1.0274103181622989	0.07903125
5	2670	natural[237,2]	sub-11599	kappa	0.2161178843	0.19097808997134752	0.07714002107332069	0.0942605465735	0.17654000845	0.336539026795	0.3258982040561981	0.6995625
5	2670	natural[238,2]	sub-11600	kappa	0.09976720175	0.114351954998659	0.06011352449953529	0.0445582082275	0.10107118779999999	0.22934454599499995	-0.242620165263671	0.4889375
5	2670	natural[239,2]	sub-11606	kappa	0.8824278316	1.4156359240796876	0.4881878184603252	0.698999571045	1.3705495155	2.28645971155	-1.0922191671257793	0.13090625
5	2670	natural[240,2]	sub-11614	kappa	0.04268530773	0.0645623245587673	0.040901595529788476	0.019518842184	0.054842136060000005	0.14267963429999997	-0.5348695214795315	0.33290625
5	2670	natural[241,2]	sub-11622	kappa	0.05176711272	0.06150272084183872	0.04176672288779108	0.0169037966515	0.05125327785	0.14123068879499998	-0.23309485276098965	0.5059375
5	2670	natural[242,2]	sub-11623	kappa	0.1215999802	0.15126418416896112	0.11188179173735323	0.0364142798265	0.1205314591	0.37024868569499997	-0.26513879969494025	0.5049375
5	2670	natural[243,2]	sub-11625	kappa	0.2086032318	0.3796884436964294	0.19489731858421352	0.121642428835	0.3483774678	0.74657195653	-0.8778222970907877	0.1960625
5	2670	natural[244,2]	sub-11626	kappa	0.007300972755	0.13017084601012532	0.1160904715749649	0.020674744254	0.093945832535	0.35860921399499995	-1.0583975720675978	0.00378125
5	2670	natural[245,2]	sub-11628	kappa	0.2055566526	0.08505682448634838	0.045656018637348444	0.0324386686455	0.07500509467	0.171522011595	2.639297768620542	0.97625
5	2670	natural[246,2]	sub-11631	kappa	0.0288821147	0.08763782316054719	0.05647239502110516	0.0297024747755	0.07313395972	0.196516306325	-1.0404323818493744	0.04559375
5	2670	natural[247,2]	sub-11651	kappa	0.2488124342	0.22010250489619268	0.19905920972087612	0.042120586725499995	0.1383665872	0.638707519295	0.14422808843692694	0.68703125
5	2670	natural[248,2]	sub-11660	kappa	0.07422017792	0.09114136565819471	0.050804666763331376	0.0328199064255	0.079817554735	0.18869731091499997	-0.33306364978281267	0.4440625
5	2670	natural[249,2]	sub-11670	kappa	0.1784548438	0.16620118668489095	0.0741339372301138	0.076527104283	0.15068786655	0.308389754745	0.1652907908704939	0.65321875
5	2670	natural[250,2]	sub-11674	kappa	0.1587029317	0.1030459322950607	0.08081876385632228	0.022445208257	0.081480434795	0.256133938755	0.68866432433791	0.8279375
5	2670	natural[251,2]	sub-11679	kappa	0.167464787	0.995327618931732	0.4832321829414639	0.278170173595	0.9530784597999999	1.8513820465999997	-1.713178180502135	0.0165625
5	2670	natural[252,2]	sub-11681	kappa	0.1255974632	0.14960309549627876	0.06855692057421335	0.067769526492	0.1352021199	0.2810821057649999	-0.3501562219425023	0.43046875
5	2670	natural[253,2]	sub-11692	kappa	1.054877954	0.7893159659707071	0.4188976459537623	0.208615876515	0.74053266915	1.5437577496999995	0.6339543575726025	0.75128125
5	2670	natural[254,2]	sub-11701	kappa	0.1419017164	0.1105700395052685	0.06478671228575245	0.0346515617825	0.09569396261499999	0.23615955952499998	0.4836127006497563	0.74625
5	2670	natural[255,2]	sub-11703	kappa	0.7203090712	0.6736339685281921	0.2525681655092448	0.320557563275	0.6421422584500001	1.1365022694	0.1848020021751292	0.61996875
5	2670	natural[256,2]	sub-11705	kappa	4.353785476	4.191471972255901	1.3932671211014274	2.2830311946	3.9960155674999998	6.75892461795	0.11649848136499799	0.60171875
5	2670	natural[257,2]	sub-11709	kappa	0.120247334	0.2902365290014302	0.11358591530878813	0.126886479995	0.2781160269	0.49468195308499996	-1.4965693108983398	0.04209375
5	2670	natural[258,2]	sub-11710	kappa	1.69013709	1.285962696866194	0.5162413937033709	0.580428079615	1.2143295925	2.2395478848	0.7829174453338047	0.8053125
5	2670	natural[259,2]	sub-11714	kappa	0.1409567699	0.10050225773167556	0.04758631224037256	0.043690427236500004	0.090822660155	0.189349226945	0.8501291708417478	0.8394375
5	2670	natural[260,2]	sub-11719	kappa	0.5763222151	0.3161531880255431	0.13672956460644858	0.13623257101	0.2931356589	0.5713296980549999	1.9028000844097368	0.9521875
5	2670	natural[261,2]	sub-11720	kappa	0.2372874204	0.12062968033706879	0.12002445806173458	0.010558114504500001	0.081467074375	0.36095824063	0.9719497338028247	0.85821875
5	2670	natural[262,2]	sub-11722	kappa	0.5713053878	0.39732663534992657	0.1918567763452224	0.152621359385	0.36187035430000003	0.7593185743249999	0.9068157808354929	0.83115625
5	2670	natural[263,2]	sub-11723	kappa	0.3472454859	0.9183600300499882	0.43930347153770244	0.298143149225	0.8653375892	1.71405240015	-1.3000455975248841	0.0741875
5	2670	natural[264,2]	sub-11736	kappa	0.05336389132	0.05146217839335003	0.07637085960238846	0.00468481762605	0.023377761035	0.20759628851499998	0.0249010281742396	0.74753125
5	2670	natural[265,2]	sub-11744	kappa	0.03300478138	0.13772520763805265	0.08118675020794687	0.0419837546855	0.11944548285	0.29635154544	-1.2898708962956151	0.02178125
5	2670	natural[266,2]	sub-11746	kappa	0.07828386344	0.16828064863662018	0.09111699686726793	0.0599403492255	0.1482393909	0.34442616055499997	-0.9877057880619179	0.12409375
5	2670	natural[267,2]	sub-11748	kappa	0.1812909179	0.2529758908182687	0.07956639506085202	0.14082266487	0.24293564395	0.39787495432500003	-0.9009453408495431	0.18425
5	2670	natural[268,2]	sub-11756	kappa	2.500693337	2.1423470427439817	0.8066855965303412	1.0221158466	2.0381831705	3.60583419195	0.4442205188704396	0.71409375
5	2670	natural[269,2]	sub-11764	kappa	0.06966877549	0.07899162962388678	0.05170109283455597	0.024465147847	0.066001959225	0.1768389442149999	-0.1803221870709776	0.53609375
5	2670	natural[270,2]	sub-11772	kappa	0.6037440193	2.2764565221217326	1.4207251356356416	0.79422402501	1.9399729775	4.8480849829	-1.1773653192060616	0.01746875
5	2670	natural[271,2]	sub-11773	kappa	0.4492487085	0.49749758746500033	0.21096005136913384	0.20382546027999998	0.46807079335	0.8866368154199998	-0.22871097466967996	0.46365625
5	2670	natural[272,2]	sub-11774	kappa	0.1076940498	0.19628524393687938	0.0657094788376567	0.10706307366000001	0.1872101711	0.318497644045	-1.3482254874636088	0.05159375
5	2670	natural[273,2]	sub-11784	kappa	2.796740801	2.525999189713731	0.9029012241494455	1.30261607675	2.395250895	4.190655135499999	0.2998573975146771	0.6729375
5	2670	natural[274,2]	sub-11787	kappa	0.1081247256	0.12653384713640578	0.08501455868467744	0.0240286181345	0.109683318	0.287126954345	-0.21654081161187913	0.49246875
5	2670	natural[275,2]	sub-11788	kappa	0.3909391119	0.5165595785791072	0.20976289437056772	0.2218174172	0.49202235905	0.89891502965	-0.5988688659929801	0.304
5	2670	natural[276,2]	sub-11789	kappa	2.09715678	1.6431769249683836	0.7420804054364045	0.58919661139	1.5596615135	2.98002075555	0.6117663958053695	0.761125
5	2670	natural[277,2]	sub-11790	kappa	0.07989383035	0.10214132287946841	0.05218810812712661	0.041412807962	0.09065894932999999	0.20151048094	-0.4262942905551406	0.3925625
5	2670	natural[278,2]	sub-11793	kappa	0.04700457985	0.20656399016059687	0.11173252537672662	0.050458270977	0.19173628015	0.41311102156	-1.428048008157098	0.0435
5	2670	natural[279,2]	sub-11795	kappa	0.3463073464	0.18561630481208	0.0627508040441042	0.100908206745	0.17641368470000002	0.30162298404	2.5607805993207484	0.980625
5	2670	natural[280,2]	sub-11815	kappa	0.0282929728	0.05474534085711515	0.04564873962118584	0.0126104254385	0.04257388877	0.1378782427	-0.5794764165808087	0.27128125
5	2670	natural[281,2]	sub-11822	kappa	1.135136377	0.7019032516685019	0.2914307295660642	0.28898641573	0.6671720429	1.2339053848	1.486573244957989	0.9179375
5	2670	natural[282,2]	sub-11823	kappa	0.2964478672	0.07521891257490614	0.07247430084933193	0.0154220097685	0.05402544368	0.20813996558999995	3.0525158853896435	0.9793125
5	2670	natural[283,2]	sub-11824	kappa	0.1426120202	0.34723763695480375	0.22163801018732937	0.097929773909	0.29199772970000004	0.7873732360849997	-0.9232424374404613	0.14934375
5	2670	natural[284,2]	sub-11828	kappa	0.5787790382	0.2113306396019636	0.1483883323506501	0.0241665985475	0.1849368616	0.49280918742999996	2.4762620670858055	0.97615625
5	2670	natural[285,2]	sub-11829	kappa	0.1663159602	0.27088290447852964	0.08705584545975986	0.15034848341499998	0.2592290346	0.43260204144	-1.2011478807228861	0.08984375
5	2670	natural[286,2]	sub-11840	kappa	0.01545708062	0.045612208549208666	0.034182066636196266	0.01053455868	0.03680455467	0.111049367115	-0.8821914792383158	0.11425
5	2670	natural[287,2]	sub-11847	kappa	0.1280758353	0.09896647354300617	0.13510878926134398	0.0102065342505	0.051486203545	0.3693404444399999	0.2154512812685112	0.78928125
5	2670	natural[288,2]	sub-11853	kappa	0.2785884019	0.25953228352667845	0.08202013923559184	0.14414424450500002	0.24867132585	0.411123284745	0.23233462599454274	0.6406875
5	2670	natural[289,2]	sub-11854	kappa	0.6568256407	0.404660747273683	0.1982799852258422	0.149083680855	0.3696423606	0.7787332671049999	1.2717617117990985	0.8898125
5	2670	natural[290,2]	sub-11861	kappa	0.08531188749	0.11654114759690937	0.04630616703264654	0.0571338825785	0.10839450855	0.20419572994000001	-0.6744082291434804	0.26965625
5	2670	natural[291,2]	sub-11866	kappa	0.4659284986	0.48766934335420503	0.19993702892487789	0.202679580435	0.46363110405	0.852456935405	-0.10873846065989945	0.50509375
5	2670	natural[292,2]	sub-11867	kappa	0.1883199485	0.25129717194862455	0.14967192773228086	0.045431924898	0.22997049754999999	0.53393997304	-0.42076843936474395	0.3795
5	2670	natural[293,2]	sub-11870	kappa	0.3261846526	0.5305341524037219	0.1922577192942685	0.26242144056	0.5052497541000001	0.8842691441149999	-1.0628936021598479	0.133
5	2670	natural[294,2]	sub-11872	kappa	2.262253758	1.5271818558057875	0.4463286175084193	0.88028499815	1.4821892965	2.3354437933	1.6469298031967365	0.9364375
5	2670	natural[295,2]	sub-11876	kappa	2.766649801	4.757653510747316	3.0111652924824166	1.7732634140999999	4.0301765015	10.125819882499997	-0.661207046560345	0.22415625
5	2670	natural[296,2]	sub-11877	kappa	0.07436421761	0.21539787445295178	0.14463797659574695	0.042513504960999995	0.18568650905	0.49362104443499993	-0.9750804053152029	0.14090625
5	2670	natural[297,2]	sub-11881	kappa	0.1276430456	0.144340099540025	0.06013228547443698	0.067931241069	0.13361569435	0.25819989007499994	-0.27767203272397034	0.45559375
5	2670	natural[298,2]	sub-11885	kappa	0.1290800303	0.31063476488657416	0.21732478631466376	0.062550031909	0.25795174665	0.7416443574599998	-0.8354073995209258	0.20565625
5	2670	natural[299,2]	sub-11891	kappa	0.5151477	0.9768450447558701	0.4110177723610493	0.40361497694000004	0.9230344411	1.7317328018499998	-1.1233026302091444	0.1145
5	2670	natural[300,2]	sub-11897	kappa	0.2101701214	0.2126266773039303	0.10420576606163676	0.0914548851585	0.18951671395	0.41433239299499997	-0.02357408804496757	0.58971875
5	2670	natural[301,2]	sub-11900	kappa	2.698952509	3.1719711027122406	1.2389934639224514	1.5887820903	2.951421701	5.4860974949	-0.3817765044657626	0.404125
5	2670	natural[302,2]	sub-11902	kappa	0.1730945459	0.11407447004262655	0.059399956452912545	0.046612828967	0.10054789485	0.22756568836499996	0.9936046990903061	0.8676875
5	2670	natural[303,2]	sub-11909	kappa	0.01382862051	0.09595534716265197	0.1296809298880813	0.005387038755649999	0.0412079865	0.37547442710999995	-0.6332984095929132	0.21053125
5	2670	natural[304,2]	sub-11913	kappa	0.2877243106	0.16170406143009147	0.13543946645359412	0.021889610303	0.12488352915	0.4224926594149999	0.9304544123635268	0.84684375
5	2670	natural[305,2]	sub-11914	kappa	0.1699267047	0.1442646747684122	0.0507889043745498	0.076595345941	0.13648404505	0.23862437900499994	0.5052684291501859	0.74009375
5	2670	natural[306,2]	sub-11920	kappa	0.9710435316	1.203761697806007	0.5488454595016784	0.37889909279	1.1594606345	2.17032251735	-0.4240140137395004	0.35365625
5	2670	natural[307,2]	sub-11922	kappa	1.10197067	0.932687113161397	0.36518673152794967	0.41753628059500003	0.88806559485	1.60191013205	0.4635534158930605	0.71221875
5	2670	natural[308,2]	sub-11923	kappa	0.3461353332	0.1319492013848873	0.12657480271280816	0.024290782738	0.090414435965	0.38874463713499974	1.6921703785001365	0.9340625
5	2670	natural[309,2]	sub-11924	kappa	1.462200711	1.9321361657594562	0.6132323797964586	1.0593647646000002	1.864408417	3.0433651535	-0.7663252467448558	0.22796875
5	2670	natural[310,2]	sub-11926	kappa	0.1619015217	0.21412584240249782	0.07110275753452219	0.117660080945	0.20401304605	0.34575453983999993	-0.7344907921066436	0.245375
5	2670	natural[311,2]	sub-11928	kappa	0.09170129179	0.1334371684394222	0.055382026780177965	0.064402689736	0.1229914133	0.23783948409	-0.7535996617653593	0.22721875
5	2670	natural[312,2]	sub-11929	kappa	1.666404971	2.1618051729321253	0.8631664541678626	0.988714297805	2.037098335	3.7423330235999996	-0.5739335669731476	0.309625
5	2670	natural[313,2]	sub-11931	kappa	0.2508969353	0.22563464440244219	0.07217939668199166	0.12559189049	0.2164113282	0.35781627145	0.3499931013396877	0.68184375
5	2670	natural[314,2]	sub-11935	kappa	0.450647293	0.3089278316666336	0.19162951053093602	0.082394238584	0.26630988565	0.682909600395	0.7395492528301776	0.809625
5	2670	natural[315,2]	sub-11939	kappa	0.4820299327	0.4859905950948536	0.38789001153934644	0.04838778435050001	0.3771737597	1.2526934441	-0.010210787277392525	0.597125
5	2670	natural[316,2]	sub-11943	kappa	1.906839396	2.5405542271793253	1.0913824047444927	1.160804054	2.3500156085	4.5554905145	-0.5806533332628598	0.309
5	2670	natural[317,2]	sub-11949	kappa	4.601578519	2.815994229253253	0.972354202794315	1.49475726475	2.6803401835	4.60036966595	1.8363516963421376	0.95009375
5	2670	natural[318,2]	sub-11960	kappa	0.1214609366	0.3455956093906059	0.2639982042189505	0.0336484047255	0.28414708355	0.8630416195199997	-0.8490007477653778	0.2114375
5	2670	natural[319,2]	sub-11969	kappa	1.593605687	1.079348026697847	0.3576440574411438	0.5559798070399999	1.046009076	1.719016071	1.4379035513173106	0.914
5	2670	natural[320,2]	sub-11974	kappa	0.2706116012	0.2197658833624541	0.07549426769208112	0.11758919480999999	0.20846274555	0.360161598495	0.6735043519453771	0.78015625
5	2670	natural[321,2]	sub-11976	kappa	0.2657698576	0.1957779295599316	0.0852592743472935	0.086219830181	0.18101186105	0.356166918585	0.8209303747409885	0.81646875
5	2670	natural[322,2]	sub-11982	kappa	0.5695291953	0.31980222404624375	0.16034819677096435	0.12794210661500002	0.2854462915	0.63174347661	1.5574043006573837	0.92165625
5	2670	natural[323,2]	sub-11984	kappa	0.2308191768	0.18443879301523003	0.06127297467899539	0.101766088365	0.17585569785	0.29730270369	0.7569468273370664	0.8004375
5	2670	natural[324,2]	sub-12008	kappa	2.475810778	2.1258568285021937	0.6822570211204828	1.1714144515	2.036640251	3.3685160614999994	0.5129356513225335	0.73134375
5	2670	natural[325,2]	sub-12011	kappa	0.08788010195	0.12495426168368282	0.06149243021547552	0.051668289912	0.1122750272	0.24072800860500002	-0.6029060748415914	0.3018125
5	2670	natural[326,2]	sub-12013	kappa	0.2161998886	0.15954228539131332	0.11632670722499609	0.0326938422625	0.1306112717	0.3873583377149999	0.4870558495144285	0.75925
5	2670	natural[327,2]	sub-12018	kappa	0.4279622387	0.7036687771940188	0.23492849679867117	0.378994101755	0.6729273048	1.13615029565	-1.1735763955885417	0.0959375
5	2670	natural[328,2]	sub-12020	kappa	1.495242153	2.14676668394868	0.9260094391300657	0.838842809585	2.0377243735	3.83013660815	-0.7035830342731181	0.24628125
5	2670	natural[329,2]	sub-12021	kappa	0.09097451208	0.08155961982480213	0.058522893097594335	0.0263074790205	0.066415352955	0.18839023128999996	0.1608753729843353	0.707625
5	2670	natural[330,2]	sub-12031	kappa	0.1137636541	0.14137448769005845	0.0701607634040091	0.058981801723	0.12606233745	0.27670240357	-0.393536675635441	0.4144375
5	2670	natural[331,2]	sub-12032	kappa	0.256432451	0.11821937191426628	0.06392769633894116	0.04444718945	0.10361827125	0.24122246087999993	2.1620218934987974	0.96159375
5	2670	natural[332,2]	sub-12033	kappa	2.1313924	2.8462815232721654	1.2173175518832449	1.24925307555	2.6453697285	5.1194385996	-0.5872659292279157	0.3008125
5	2670	natural[333,2]	sub-12036	kappa	0.3049859024	0.15148084205534704	0.1119554493569201	0.033617398558	0.12139875185	0.37050107414999994	1.3711262937748607	0.90875
5	2670	natural[334,2]	sub-12037	kappa	0.07154342503	0.7648331246951983	0.5775989932380057	0.11824984064	0.6159072059	1.9127533055500001	-1.2002958934859518	0.025
5	2670	natural[335,2]	sub-12038	kappa	6.016565372	2.7684745220314846	1.0789580930622038	1.3669564061500001	2.5950827800000003	4.7471475885	3.0103957427577837	0.9870625
5	2670	natural[336,2]	sub-12039	kappa	0.08184533833	0.1488099455000275	0.06318530027285302	0.0707351435805	0.13648190025	0.269518452135	-1.0598130717248204	0.10090625
5	2670	natural[337,2]	sub-12041	kappa	0.3208536338	0.6474916273274893	0.3069854191484214	0.233352260145	0.60075338	1.22088481665	-1.0640179407659955	0.12871875
5	2670	natural[338,2]	sub-12047	kappa	0.9965403348	1.2575924784262797	0.5400678627081836	0.44201649918	1.2178568310000002	2.2128647701	-0.4833691497902269	0.3363125
5	2670	natural[339,2]	sub-12049	kappa	0.04829646093	0.09116745199981847	0.05267472701657973	0.0349433901865	0.07859737794	0.19045888003	-0.8138815993545546	0.15796875
5	2670	natural[340,2]	sub-12051	kappa	0.6593910851	0.4105423766242005	0.214284257829175	0.13624428619499998	0.3713229663	0.8224668063499999	1.1613018660203163	0.87659375
5	2670	natural[341,2]	sub-12054	kappa	5.962421848	4.685251594481959	2.8000181108298836	1.61926354135	4.069859778	9.765478956799999	0.45612928308506795	0.76365625
5	2670	natural[342,2]	sub-12055	kappa	0.1908564054	0.2956604305160496	0.22154401780263608	0.07948944106599999	0.22180731175	0.76002742341	-0.47306185992083505	0.424625
5	2670	natural[343,2]	sub-12057	kappa	2.513000227	2.099795397017775	1.0182680301962772	0.84267023737	1.908203017	4.019029424699999	0.40579181289093147	0.72496875
5	2670	natural[1,3]	sub-10317	preference_friend	2.141979687	1.7568992853758407	0.5918545431648607	0.93349980006	1.6817532229999999	2.8091969506999996	0.6506335147230515	0.7705
5	2670	natural[2,3]	sub-10369	preference_friend	1.561534147	2.6667997458639756	1.3987336510008608	0.934200756285	2.3656103355	5.3984687504	-0.7901901824361667	0.23796875
5	2670	natural[3,3]	sub-10402	preference_friend	1.57252225	3.414165673578379	1.567397428879935	1.11399313725	3.2732609249999998	6.2402643385	-1.1749690216695203	0.11709375
5	2670	natural[4,3]	sub-10418	preference_friend	2.459859625	2.5156579896509847	0.7277782583035446	1.50262976985	2.4305880914999998	3.80622140805	-0.07666945805862774	0.51734375
5	2670	natural[5,3]	sub-10462	preference_friend	1.602942114	1.074422744910873	1.3139290633759486	0.037917569653000006	0.61039616935	4.1100743587999995	0.40224345729226335	0.8181875
5	2670	natural[6,3]	sub-10478	preference_friend	3.182602893	2.740154667459809	1.0252241537661138	1.4232407572	2.5534895879999997	4.7140391274499995	0.43156242848442217	0.7304375
5	2670	natural[7,3]	sub-10486	preference_friend	4.024832155	4.712964294410021	1.2308777655633294	2.80343877055	4.6480392854999995	6.862734552599998	-0.5590580630035892	0.3024375
5	2670	natural[8,3]	sub-10529	preference_friend	2.653897388	3.599490383598122	1.461344810098836	1.4988586544500002	3.446344332	6.25100776295	-0.6470704169635147	0.28971875
5	2670	natural[9,3]	sub-10541	preference_friend	1.94052325	3.679764038336085	1.5396119285995067	1.43658903895	3.530551691	6.4384657471499995	-1.1296618037495778	0.1245625
5	2670	natural[10,3]	sub-10559	preference_friend	0.144809459	0.12449090413965148	0.10163258340119417	-0.0620907622015	0.14545395314999998	0.24260819215999999	0.19992166075461362	0.496625
5	2670	natural[11,3]	sub-10572	preference_friend	-0.7714474439	0.5342444340489274	1.215426908345477	-0.42327269838500003	0.22469163425	3.20058097235	-1.0742660615654176	0.01365625
5	2670	natural[12,3]	sub-10581	preference_friend	2.824813751	1.1933169073518564	0.6316734309322315	0.526253668585	1.0360248895000002	2.3670603936499997	2.5828169490053754	0.97684375
5	2670	natural[13,3]	sub-10584	preference_friend	-0.7867727781	-0.40672141427379205	0.5892673617325875	-1.18358668635	-0.3741938376	0.09028390108799993	-0.6449557340300771	0.167
5	2670	natural[14,3]	sub-10585	preference_friend	3.405596082	3.777696062541141	1.372809019695805	1.75934902035	3.6467211209999997	6.24456667625	-0.2710500697493908	0.42878125
5	2670	natural[15,3]	sub-10589	preference_friend	3.198889467	3.364499479217259	1.2959996707175843	1.5801151837	3.1688055505	5.766902630099999	-0.12778553572128792	0.508875
5	2670	natural[16,3]	sub-10590	preference_friend	0.7974366023	0.8653746258859751	0.3431659087927972	0.484667376715	0.7838647864499999	1.5277010017	-0.19797427962751377	0.519125
5	2670	natural[17,3]	sub-10596	preference_friend	3.82381507	3.8247250147421687	1.2323225541640872	1.98188385765	3.718458158	6.0188141452499995	-0.000738398188926909	0.53340625
5	2670	natural[18,3]	sub-10603	preference_friend	0.9210455559	0.7658293351966589	0.3315134895602764	0.37757272870499997	0.70245179995	1.3643537031	0.46820484110381727	0.7579375
5	2670	natural[19,3]	sub-10606	preference_friend	5.717064873	5.150189898710875	1.2074135950254625	3.309837944	5.0733137235	7.24355540235	0.46949527206306696	0.69559375
5	2670	natural[20,3]	sub-10608	preference_friend	1.1958417	1.2479001276562531	0.47014090129240116	0.62068633974	1.174575306	2.1193971526	-0.11072941646460968	0.5186875
5	2670	natural[21,3]	sub-10617	preference_friend	2.40779659	3.244369999125799	1.5672187704427005	1.00687895925	3.0719456525	6.0994211723	-0.5337949142157656	0.33734375
5	2670	natural[22,3]	sub-10636	preference_friend	5.280947477	4.831959931191375	1.2134513296140184	2.97852611335	4.753174948	6.95769203665	0.3700086973833894	0.66215625
5	2670	natural[23,3]	sub-10638	preference_friend	4.482441587	5.222762961865812	1.1962885228148408	3.38996922255	5.1516593355	7.3155630459	-0.6188485141726947	0.28103125
5	2670	natural[24,3]	sub-10640	preference_friend	0.1474392713	0.3305722955166778	0.15350939331338034	0.11223845024000001	0.31960426755	0.58629241489	-1.1929760144568	0.07759375
5	2670	natural[25,3]	sub-10641	preference_friend	1.560183098	1.6828380927243711	0.5542096978725132	0.9044733798750001	1.6215058245	2.66737486045	-0.22131513612124828	0.45265625
5	2670	natural[26,3]	sub-10642	preference_friend	1.569975857	1.2597788414422657	0.47158915426108466	0.6298885147700001	1.186095737	2.14031933285	0.657769613136609	0.77109375
5	2670	natural[27,3]	sub-10644	preference_friend	1.095810782	1.4654155115963439	0.4749525040174351	0.80226286118	1.4050078075	2.3378986314000003	-0.7781930329243532	0.23059375
5	2670	natural[28,3]	sub-10647	preference_friend	0.1244107855	0.13752324407622663	0.07168424387673486	0.0036605786425000014	0.1523208118	0.220264728385	-0.1829196747722449	0.32965625
5	2670	natural[29,3]	sub-10649	preference_friend	3.166473955	5.043429627999719	1.2873600987790645	3.04465670745	4.9654057824999995	7.2553723760499995	-1.4579880755818269	0.06240625
5	2670	natural[30,3]	sub-10652	preference_friend	2.416314183	3.1663908855214276	1.361884106680172	1.3303282819	2.9634516195	5.7123360187	-0.5507639738522754	0.335625
5	2670	natural[31,3]	sub-10656	preference_friend	0.1315238864	0.1803403669978796	0.05127346076830523	0.087189191982	0.19128236225	0.23696292633500002	-0.9520808595010142	0.13471875
5	2670	natural[32,3]	sub-10657	preference_friend	5.150596922	2.162424441451443	1.8511749439591534	0.24404105257	1.5485372095	5.80304619975	1.6142031796074763	0.91440625
5	2670	natural[33,3]	sub-10661	preference_friend	4.527898844	4.782862697972625	1.176448656025657	3.0150362633500003	4.6897899155000005	6.859160568549999	-0.21672331611475326	0.44471875
5	2670	natural[34,3]	sub-10663	preference_friend	0.3429807219	0.28761537523534125	0.2781928401262134	0.0541950964195	0.25317625515	0.5830875799349998	0.19901787062362938	0.75009375
5	2670	natural[35,3]	sub-10668	preference_friend	3.284870207	2.247298103899751	1.369281105205413	0.6730989717700001	1.8933296350000002	4.9932148539000005	0.7577495221075131	0.8028125
5	2670	natural[36,3]	sub-10673	preference_friend	3.525898628	2.917566031970373	1.8485953905797914	0.49940774005	2.6257575324999998	6.302256194849998	0.329078282424382	0.656125
5	2670	natural[37,3]	sub-10674	preference_friend	3.158233212	5.551582912247188	1.2051720773709236	3.68482938505	5.4880270815	7.647152511	-1.985898731962217	0.0146875
5	2670	natural[38,3]	sub-10677	preference_friend	1.389190865	1.278650895061799	0.9362879204898217	0.41807936091500003	1.0217943235	3.1093562326999997	0.11806194175865446	0.70525
5	2670	natural[39,3]	sub-10685	preference_friend	0.4668548886	0.9409690410287905	0.32031004578114497	0.535077787325	0.8814903279999999	1.5473800121	-1.4801725973737763	0.01396875
5	2670	natural[40,3]	sub-10690	preference_friend	2.963268619	2.849487260994314	1.6733971806657206	0.6113342446150001	2.594145476	5.9604603453	0.06799423312068731	0.57640625
5	2670	natural[41,3]	sub-10691	preference_friend	3.251129967	5.016338781051593	1.2477067814030507	3.08528844275	4.943999316999999	7.1770062504	-1.414762539053134	0.06890625
5	2670	natural[42,3]	sub-10700	preference_friend	0.8166290569	0.6521656399277345	0.20328929942053325	0.406226741255	0.6115481174499999	1.0362940595999999	0.8090116766650329	0.8295
5	2670	natural[43,3]	sub-10701	preference_friend	0.141429351	-0.0741052308842284	0.23152527281478405	-0.5114771686649999	-0.017534641844999997	0.17233769136	0.9309332811224117	0.90159375
5	2670	natural[44,3]	sub-10713	preference_friend	0.2381178513	-0.018890440866423105	0.25958608836658104	-0.490277690535	0.018893916429999998	0.32628520101	0.9900695903375313	0.87859375
5	2670	natural[45,3]	sub-10716	preference_friend	2.315511065	3.0909861265844434	1.7897169623181142	0.625227668985	2.8773423225	6.334669041849999	-0.4332948046600713	0.38546875
5	2670	natural[46,3]	sub-10718	preference_friend	3.256015663	5.025986376391406	1.2336440455280222	3.1385033575000003	4.954376354500001	7.160734099099999	-1.4347499343976697	0.06425
5	2670	natural[47,3]	sub-10720	preference_friend	0.6698117389	2.175944535126959	1.3585674630710223	0.65355417609	1.8084575250000001	4.89011990885	-1.108618333036158	0.0556875
5	2670	natural[48,3]	sub-10723	preference_friend	1.531397711	1.516925866375878	1.7684528581190657	-0.08611918429499997	0.8001260730499999	5.4292576414	0.008183336387894681	0.67915625
5	2670	natural[49,3]	sub-10741	preference_friend	0.6646304648	1.1370150966460473	0.8169295761523769	0.3923282715	0.9358160252	2.5964543806499996	-0.5782440073609677	0.242
5	2670	natural[50,3]	sub-10748	preference_friend	2.420496827	3.286561851674725	1.2901161355778483	1.5205774839	3.1070322205	5.6963155068999995	-0.6713077999654742	0.2833125
5	2670	natural[51,3]	sub-10767	preference_friend	0.5995877345	1.2218963986280376	0.4980459664721591	0.54716755818	1.150548794	2.1534707043	-1.249500459839232	0.07709375
5	2670	natural[52,3]	sub-10770	preference_friend	2.75124476	4.062809538756778	1.6056503475349901	1.5988636578	3.9723855314999996	6.86522232255	-0.8168433312833676	0.22340625
5	2670	natural[53,3]	sub-10777	preference_friend	0.9395072593	1.2333224133193437	0.5065840178300263	0.54016679487	1.1627215899999999	2.1748139882	-0.5799929403180012	0.3178125
5	2670	natural[54,3]	sub-10781	preference_friend	0.9802187759	1.2112338816669501	0.3671091393328876	0.706464560755	1.1608205085	1.8952461314	-0.6292818157203928	0.2895
5	2670	natural[55,3]	sub-10783	preference_friend	0.3763117563	0.2793374522887138	0.046872871491614204	0.211872831205	0.27491852645000003	0.3605536556849999	2.0688790962728922	0.96875
5	2670	natural[56,3]	sub-10785	preference_friend	0.1959106464	-0.02632949562058674	0.3319835199636004	-0.58809153698	0.028984100435	0.3299880415	0.6694312478069807	0.82040625
5	2670	natural[57,3]	sub-10794	preference_friend	0.5227664449	0.8902114509540107	0.8531000209940509	0.18538384377	0.67640764025	2.3715491145499987	-0.4307173801564975	0.3249375
5	2670	natural[58,3]	sub-10800	preference_friend	2.072827409	4.2388093309795964	1.4489611029104015	2.0061213216000002	4.1521505335	6.75505552375	-1.4948516682945996	0.056375
5	2670	natural[59,3]	sub-10801	preference_friend	2.821149822	4.445448705644138	1.220930170813896	2.60534845995	4.352072312	6.6075700743	-1.3303782005496252	0.078125
5	2670	natural[60,3]	sub-10802	preference_friend	5.59768272	1.6510691393255907	1.2739760975148255	0.438948928565	1.2404269504999998	4.412404041199999	3.0978709791911787	0.98184375
5	2670	natural[61,3]	sub-10803	preference_friend	5.943569652	3.2346143645604672	1.9234611756762245	0.39971833331000006	3.122515711	6.583676767349999	1.408375340088242	0.90903125
5	2670	natural[62,3]	sub-10804	preference_friend	4.182212225	3.668339093171572	1.2983660798283612	1.7759405762	3.5377669220000003	5.97778046065	0.39578447081454865	0.67959375
5	2670	natural[63,3]	sub-10806	preference_friend	0.4990182366	0.45647626296503746	0.1597091466994089	0.310888357215	0.41878446205	0.7140699564699999	0.2663715542543813	0.7423125
5	2670	natural[64,3]	sub-10807	preference_friend	3.096755264	4.612233586783219	1.1485790931031985	2.886878667	4.518152932	6.6557383075	-1.319437496192572	0.0799375
5	2670	natural[65,3]	sub-10809	preference_friend	0.354344726	0.2549062993606494	0.09654792578969844	0.118567991275	0.24822518240000002	0.41290078330999996	1.0299385080105012	0.88825
5	2670	natural[66,3]	sub-10810	preference_friend	5.472724552	4.750681872618656	1.175086445249974	2.97335835805	4.668307517500001	6.814415491999999	0.6144592019591761	0.7429375
5	2670	natural[67,3]	sub-10812	preference_friend	3.045992182	2.674908431810963	1.0800180752050261	1.2684072103	2.488915119	4.727064620199999	0.34359031455894123	0.6941875
5	2670	natural[68,3]	sub-10817	preference_friend	1.178292796	1.8231382204670217	0.6820083004803477	0.933089178235	1.7198203285	3.0645677442	-0.9455096426434229	0.15175
5	2670	natural[69,3]	sub-10827	preference_friend	0.6354918492	1.6066629457149353	1.1443640685300904	0.56488853081	1.2530022215	4.0567724785	-0.8486557060135438	0.08165625
5	2670	natural[70,3]	sub-10831	preference_friend	2.075862344	3.726237003651744	1.5303311692572021	1.42644553365	3.6190658955000004	6.41338709875	-1.0784428186565718	0.14425
5	2670	natural[71,3]	sub-10834	preference_friend	5.338947714	4.941147727948219	1.2322963971025043	3.0222110743500004	4.879497719	7.07670364755	0.3228119363061735	0.6433125
5	2670	natural[72,3]	sub-10836	preference_friend	2.466679521	2.6599377922730336	1.8963409728228298	0.24180909663	2.3483829455	6.1430855082999996	-0.10191114047668111	0.521
5	2670	natural[73,3]	sub-10838	preference_friend	2.765386595	2.5970621831216496	2.0118012608152163	0.083943605984	2.1996182529999997	6.355637169749999	0.0836685089908644	0.58665625
5	2670	natural[74,3]	sub-10843	preference_friend	-0.4728129559	0.2809053766734905	1.0421256809588706	-0.43553249095999996	0.08711092808	1.928185605449999	-0.7232508960723303	0.0430625
5	2670	natural[75,3]	sub-10850	preference_friend	5.864313426	4.485199695611722	1.3008213237452793	2.50152280805	4.4014707735	6.753208497949999	1.0601869028542537	0.8553125
5	2670	natural[76,3]	sub-10854	preference_friend	2.577524509	1.5577490366188531	0.6511653421517081	0.78510896769	1.434195569	2.72913580075	1.5660776247878994	0.9341875
5	2670	natural[77,3]	sub-10857	preference_friend	1.259806468	1.6109647245384093	0.4967614516326485	0.90099863376	1.5539971415	2.51465101235	-0.7068951412882339	0.258
5	2670	natural[78,3]	sub-10858	preference_friend	1.16093323	1.4807140047796656	0.7582500219217624	0.69879217383	1.2713066855	2.97962302695	-0.4217352661186751	0.4193125
5	2670	natural[79,3]	sub-10860	preference_friend	3.274560941	4.380636581989469	1.192569565900782	2.6224806743	4.263475786	6.5156342893999994	-0.9274726377525981	0.17675
5	2670	natural[80,3]	sub-10862	preference_friend	4.862388238	3.3778827641287306	1.1166092105986922	1.8292423644	3.230351861	5.4236479796	1.3294762928521096	0.89946875
5	2670	natural[81,3]	sub-10863	preference_friend	6.48663298	5.364084421216063	1.207479243153089	3.5055297194	5.293172385	7.47593233155	0.9296628204163807	0.8270625
5	2670	natural[82,3]	sub-10866	preference_friend	3.893811676	3.203299599395608	1.689117665314254	0.8747600428900001	2.9793325525	6.31674929005	0.40880045883359145	0.67828125
5	2670	natural[83,3]	sub-10875	preference_friend	6.530546168	5.3739858495355	1.201316549948811	3.52497199085	5.3059894715	7.468379528	0.9627440149008035	0.83303125
5	2670	natural[84,3]	sub-10881	preference_friend	-0.4512477605	-0.12750649540758446	0.4766276905289317	-0.852910321125	-0.0706850949	0.3105568365699999	-0.6792330188226111	0.16671875
5	2670	natural[85,3]	sub-10886	preference_friend	2.826974247	3.2759273137282716	1.4854547900286514	1.18575223475	3.0843494275	6.003478958099999	-0.30223273689777685	0.43046875
5	2670	natural[86,3]	sub-10887	preference_friend	1.247241795	2.2512108545337877	1.4781209226085361	0.644324822355	1.79051053	5.2304901061	-0.6792198420153732	0.31228125
5	2670	natural[87,3]	sub-10896	preference_friend	1.52918159	1.989201259700578	0.7259036113024788	1.04183070805	1.876542829	3.3221355193499997	-0.6337200456616697	0.27875
5	2670	natural[88,3]	sub-10897	preference_friend	1.862958318	2.6165758387380906	1.0835280019385545	1.1653522175000002	2.4473100605	4.66002315275	-0.6955219610289567	0.2605625
5	2670	natural[89,3]	sub-10898	preference_friend	1.194286303	2.7154929501108813	1.1173535269583814	1.2577582987	2.522972619	4.84575681215	-1.3614371910131737	0.0388125
5	2670	natural[90,3]	sub-10908	preference_friend	5.881072848	4.2377221224139525	1.4762915181478333	1.97798774655	4.1571545155	6.7673349269	1.1131613948766756	0.86009375
5	2670	natural[91,3]	sub-10918	preference_friend	0.4178988361	0.28658202724508375	0.03638217167472625	0.235395761595	0.28346328955	0.34712749271999993	3.609372470366815	0.994625
5	2670	natural[92,3]	sub-10919	preference_friend	4.440313664	4.269279531787281	1.166925458248812	2.5448732928999998	4.1676475585	6.3320554939500004	0.14656817280290302	0.58621875
5	2670	natural[93,3]	sub-10924	preference_friend	4.010293382	5.201227469315751	1.2338695691896417	3.2924138344	5.133560192	7.3317660044999995	-0.9652025765558919	0.1701875
5	2670	natural[94,3]	sub-10926	preference_friend	0.3868423425	0.5978153826952691	0.31184887780872966	0.280580276445	0.523986469	1.157095984	-0.676523326547508	0.22571875
5	2670	natural[95,3]	sub-10928	preference_friend	0.2147768577	0.28980112256996765	0.07481748007459588	0.199212354985	0.27626939625	0.42560897955499993	-1.0027638567239314	0.08503125
5	2670	natural[96,3]	sub-10929	preference_friend	0.6599895238	2.2808203456966636	1.3697343795602377	0.6970168922250001	1.936488934	5.06627989	-1.1833176169652995	0.04334375
5	2670	natural[97,3]	sub-10930	preference_friend	1.835747262	2.9287335406055313	1.1319977373462367	1.4134097434500001	2.7472006029999996	5.04601985385	-0.9655375117337597	0.15978125
5	2670	natural[98,3]	sub-10938	preference_friend	2.832364237	3.62196225919675	1.1752665442523846	1.9315278013500001	3.4927837459999997	5.756429632650001	-0.6718459110899242	0.26978125
5	2670	natural[99,3]	sub-10940	preference_friend	3.428245761	3.692936809268719	1.622906118456472	1.3005899275500001	3.5572779405	6.56912823285	-0.16309695629249582	0.47071875
5	2670	natural[100,3]	sub-10950	preference_friend	6.040635279	3.8631093202193125	1.4491536850886162	1.6726899923	3.756846414	6.420283003049999	1.5026190673817532	0.92325
5	2670	natural[101,3]	sub-10952	preference_friend	5.983621753	3.9227353439030344	1.2302884406454688	2.1177494378	3.8010832345	6.144690251149999	1.6751245813670534	0.93775
5	2670	natural[102,3]	sub-10953	preference_friend	0.5335235145	0.7270597849835718	0.21701218632158814	0.45425349946000004	0.68720474305	1.1371948923	-0.8918221311165097	0.17271875
5	2670	natural[103,3]	sub-10954	preference_friend	5.512792059	1.4044814369539487	1.999865229868529	-0.44734017894	0.4751786437	5.6378329482	2.054293739741718	0.9454375
5	2670	natural[104,3]	sub-10956	preference_friend	1.687202445	1.6010613938352938	0.5169344532854809	0.871132741345	1.539462107	2.5379844293500002	0.16663824710699682	0.61084375
5	2670	natural[105,3]	sub-10958	preference_friend	0.3127327321	0.5180699629963705	0.2657298664338588	0.221105681765	0.4702152497	0.9680836619349998	-0.7727292142657203	0.15915625
5	2670	natural[106,3]	sub-10961	preference_friend	0.2983190744	0.2593396189189056	0.022119053308582656	0.2263163165	0.25808421319999997	0.29671669922	1.7622569527408092	0.9550625
5	2670	natural[107,3]	sub-10964	preference_friend	0.4411965953	1.680616791282918	1.4874043259121512	0.321778474385	1.1308264874999998	4.875283069499999	-0.8332772564869629	0.12571875
5	2670	natural[108,3]	sub-10966	preference_friend	0.2453134306	0.2643024527099681	0.030202765920538194	0.22354221132000002	0.26065724775	0.31721044704499995	-0.6287179843040595	0.2225625
5	2670	natural[109,3]	sub-10969	preference_friend	1.269859287	1.9009305664694065	1.9589790705551688	-0.13681750735	1.171590074	5.9173634908	-0.32214294116504405	0.5216875
5	2670	natural[110,3]	sub-10974	preference_friend	1.501465452	3.4254039367739613	1.5695153146985568	1.1553306891500001	3.2676011375	6.2416406081	-1.2258169555634286	0.09840625
5	2670	natural[111,3]	sub-10977	preference_friend	0.5915547214	0.6747728380161072	0.2846649639794407	0.33480083226999996	0.6189185443	1.2014220305499999	-0.292337052838429	0.45271875
5	2670	natural[112,3]	sub-10979	preference_friend	7.661482348	4.166104640630341	1.5236421283715547	1.75880901435	4.101792795	6.791325235599999	2.294093634116999	0.98353125
5	2670	natural[113,3]	sub-10983	preference_friend	0.1043429828	0.20062017945459854	0.2007724981179846	-0.0315555285205	0.20430032785	0.4000212525299999	-0.4795337885272561	0.1764375
5	2670	natural[114,3]	sub-10984	preference_friend	2.382132486	1.5845927785969063	0.6193656173111733	0.81518711552	1.4738567985	2.6908343728	1.287671909954286	0.90278125
5	2670	natural[115,3]	sub-10998	preference_friend	1.884537367	1.483861646496192	1.4878899982827782	0.22589605768999999	0.9075447628	4.847561712399998	0.26929122513508447	0.7525
5	2670	natural[116,3]	sub-11005	preference_friend	4.460341852	3.6557263486988205	1.9137519930790121	0.630307350705	3.602617848	6.896530007649999	0.42043875392999247	0.66296875
5	2670	natural[117,3]	sub-11007	preference_friend	1.730796094	2.5010139211358564	0.7183512848138972	1.498991873	2.4160927565	3.79569704685	-1.07220219886625	0.12284375
5	2670	natural[118,3]	sub-11012	preference_friend	2.7316343	3.194941809627675	1.02634370865393	1.69430226715	3.086694314	5.02446757405	-0.451415549899275	0.3535625
5	2670	natural[119,3]	sub-11016	preference_friend	0.6751825275	0.560617600692625	0.2245812330856764	0.34995663709	0.500468893	0.9729245779799999	0.510126893655754	0.8099375
5	2670	natural[120,3]	sub-11021	preference_friend	2.543242058	2.5027387390039846	0.8858550555747695	1.30248795635	2.3769531805	4.12347202705	0.04572228689233566	0.577
5	2670	natural[121,3]	sub-11030	preference_friend	4.788598225	1.216068777543891	1.254042354406555	0.171435747765	0.7995921439	4.013454820999998	2.8488108355373067	0.9695
5	2670	natural[122,3]	sub-11031	preference_friend	0.3043733683	0.38942910408880016	0.3054656627040306	-0.06607401309649999	0.37573426779999997	0.8772057503349999	-0.278446143621752	0.3800625
5	2670	natural[123,3]	sub-11036	preference_friend	4.008168373	3.838912953252478	1.3150149667836106	1.95708229605	3.6944280105000002	6.2266699697500005	0.12870988089322155	0.59053125
5	2670	natural[124,3]	sub-11039	preference_friend	0.7263518315	1.2025507911625182	0.5589902459163633	0.56613347918	1.091248714	2.1761098664	-0.8518913579285738	0.1506875
5	2670	natural[125,3]	sub-11042	preference_friend	0.220118759	0.22488524811467556	0.20430867790584234	-0.0581134694035	0.22823129539999998	0.4784278622	-0.02332984170585374	0.47790625
5	2670	natural[126,3]	sub-11053	preference_friend	1.623239826	2.521766446163697	0.8672215880695772	1.36170550345	2.3875747790000004	4.11691268375	-1.0360980774980526	0.123875
5	2670	natural[127,3]	sub-11058	preference_friend	4.912047646	3.681966799669116	1.3440533124734027	1.75835442475	3.521436557	6.126135904899999	0.9152024215968193	0.82146875
5	2670	natural[128,3]	sub-11060	preference_friend	1.87064851	1.9406394621765999	0.7823915388859017	0.95075428303	1.8019469085	3.4201388243999995	-0.08945770589015374	0.5391875
5	2670	natural[129,3]	sub-11063	preference_friend	1.51360681	1.8024948342366442	1.3222942230842192	0.48574980351	1.3833714005	4.6106434603	-0.218474844095454	0.54959375
5	2670	natural[130,3]	sub-11064	preference_friend	2.06941393	1.7750178904288005	0.8126614319481418	0.8423436203	1.6109691685	3.2483109398999996	0.3622616110444205	0.7356875
5	2670	natural[131,3]	sub-11065	preference_friend	6.086583539	3.087649758794228	1.3966279747831056	1.1948659039999998	2.88177145	5.7046126196	2.1472674429792247	0.9668125
5	2670	natural[132,3]	sub-11066	preference_friend	2.881846696	2.852733346417278	0.9142798602907294	1.61268689235	2.7198813625	4.5524633860999995	0.03184292999023775	0.57509375
5	2670	natural[133,3]	sub-11068	preference_friend	-0.04193899313	-0.13303227029512774	0.4564647938430114	-0.7876528566700001	-0.09450312907	0.309231567865	0.1995625476352877	0.57740625
5	2670	natural[134,3]	sub-11071	preference_friend	3.68944617	4.631834524078768	1.3065822961854765	2.6050236945	4.5580066205000005	6.908344233149999	-0.7212621484540543	0.2426875
5	2670	natural[135,3]	sub-11072	preference_friend	0.9900167962	1.2498187962059282	0.46387888220680873	0.66486688737	1.161863944	2.1399133240499997	-0.560064296891407	0.33678125
5	2670	natural[136,3]	sub-11074	preference_friend	6.570767836	2.8178094933083546	1.6172133425720412	0.737962011945	2.5385540305000003	5.8345090615499995	2.3206328094739077	0.9766875
5	2670	natural[137,3]	sub-11075	preference_friend	-1.077774273	0.2733578222274935	0.9799775676916349	-0.524461634645	0.12771364489999998	1.604229561949999	-1.3787377790801105	0.00821875
5	2670	natural[138,3]	sub-11076	preference_friend	4.520191323	3.371805161697822	1.3080427122751652	1.5362538948	3.204119146	5.7779560979	0.8779424024347903	0.81353125
5	2670	natural[139,3]	sub-11078	preference_friend	0.7004796961	0.9014939608902344	0.39111071407688025	0.43099874296	0.81537842335	1.6591738261499998	-0.5139574487614808	0.36515625
5	2670	natural[140,3]	sub-11083	preference_friend	2.674122991	2.606291625210234	1.2787470290864114	1.0667699886	2.3187806760000003	5.15537186135	0.053045179575687836	0.61421875
5	2670	natural[141,3]	sub-11084	preference_friend	4.054845961	4.194760886783901	1.1528206273374624	2.48120678285	4.094674123000001	6.2405098596499995	-0.1213674724983423	0.4868125
5	2670	natural[142,3]	sub-11085	preference_friend	3.718254231	2.0213524641784346	1.2624966498715233	0.6592224268450001	1.6516427615	4.59790766025	1.3440841740009757	0.89015625
5	2670	natural[143,3]	sub-11090	preference_friend	0.5510972539	0.8444824285509063	0.4134910444460109	0.44373570612999996	0.7361962666999999	1.6147397375499992	-0.7095321134318141	0.1966875
5	2670	natural[144,3]	sub-11113	preference_friend	0.8633586298	0.7546499707177937	0.2260831299968652	0.46778562937499996	0.7128345008	1.18168531735	0.4808348994624836	0.73859375
5	2670	natural[145,3]	sub-11116	preference_friend	1.069035843	1.1761710441347843	0.4387969406289976	0.59913843482	1.104018844	2.00618493245	-0.24415667297317617	0.46759375
5	2670	natural[146,3]	sub-11120	preference_friend	4.847371987	4.786950439561813	1.2285099339430525	2.93007257825	4.7048986925000005	6.933786981299999	0.049182791094132004	0.546625
5	2670	natural[147,3]	sub-11125	preference_friend	6.20528908	2.6958257733721385	2.360439523428689	-0.2820825745	2.3941164125	6.8552174826000005	1.486783826399476	0.91440625
5	2670	natural[148,3]	sub-11126	preference_friend	0.3729784608	2.557391222758981	1.6541693417794034	0.5214651040099999	2.2907838005	5.6407370249	-1.3205496600542663	0.0079375
5	2670	natural[149,3]	sub-11128	preference_friend	6.164944429	4.833393715089656	1.2298727236142368	2.94401183505	4.7571714375	6.97970121135	1.082673587554089	0.8578125
5	2670	natural[150,3]	sub-11134	preference_friend	0.101402133	0.018206322193671198	0.7216255704073238	-0.728886297215	-0.0050022269035	0.5679559079949992	0.11528944402478514	0.6586875
5	2670	natural[151,3]	sub-11139	preference_friend	0.4017823587	0.353785050349625	0.06668581087065135	0.273315596695	0.34131643619999996	0.4779593173849999	0.719752938799441	0.81525
5	2670	natural[152,3]	sub-11164	preference_friend	3.621024038	2.9773806673034815	1.553073203957663	0.8889713515400001	2.7541341445	5.8441870332	0.4144320879764945	0.6888125
5	2670	natural[153,3]	sub-11167	preference_friend	0.7584735794	2.877704435554703	1.9569262608990632	0.41139827695500003	2.683769437	6.3172698618	-1.0829385340156215	0.17125
5	2670	natural[154,3]	sub-11168	preference_friend	1.106180362	1.3393223466502078	1.004269025622844	0.443888978735	1.057621322	3.36434137825	-0.2321509263970519	0.53215625
5	2670	natural[155,3]	sub-11171	preference_friend	0.5013424057	0.452029877736325	0.12276951129545104	0.32374134408	0.42483569105	0.66803880582	0.4016675430514819	0.7586875
5	2670	natural[156,3]	sub-11177	preference_friend	0.3330671547	0.3712953449798093	0.0946253483404763	0.282908153995	0.34991165285000003	0.5248733061599999	-0.4039952396503581	0.3855625
5	2670	natural[157,3]	sub-11192	preference_friend	0.6409473087	1.2433431616020845	0.6380612173674108	0.5904194864650001	1.090693335	2.3715676315999996	-0.9441035381957881	0.0816875
5	2670	natural[158,3]	sub-11193	preference_friend	2.488615955	3.8128449299676315	1.3494211778865648	1.8372589278	3.679783057	6.2359141447	-0.9813311045270617	0.16321875
5	2670	natural[159,3]	sub-11201	preference_friend	2.713377483	2.167042125396183	1.9990104945026028	-0.20585512844	1.7428361715	5.8762356164	0.27330289616101133	0.63896875
5	2670	natural[160,3]	sub-11203	preference_friend	2.511420542	3.3045852453331603	1.8902851325248629	0.608095849775	3.1417296075	6.657243390900001	-0.4196005616749079	0.38259375
5	2670	natural[161,3]	sub-11209	preference_friend	1.967519804	1.6662625573408814	0.9153493786351238	0.668197837745	1.4353326444999999	3.4701335210499984	0.32911722418856376	0.72546875
5	2670	natural[162,3]	sub-11227	preference_friend	0.1474646395	0.20558513674276838	0.038385956600879685	0.137452658585	0.21285360074999998	0.24942190259	-1.5141083455879394	0.0679375
5	2670	natural[163,3]	sub-11238	preference_friend	0.9216720599	2.177056379965503	0.6943527269013111	1.2267535875	2.0870139840000004	3.431626126	-1.8079922083231503	0.0061875
5	2670	natural[164,3]	sub-11246	preference_friend	1.711442386	1.3750174658119187	0.5023904669687587	0.733840382495	1.283111329	2.3107025350499995	0.6696482961110846	0.78478125
5	2670	natural[165,3]	sub-11276	preference_friend	3.083423508	3.7600488517543327	1.717016127114891	1.1517979523	3.6536206140000003	6.75468494635	-0.3940704650755196	0.37215625
5	2670	natural[166,3]	sub-11286	preference_friend	0.2671633425	0.2965911030613178	0.0690060421370687	0.213796377785	0.28526476865	0.4157386582799999	-0.42645194029335265	0.34584375
5	2670	natural[167,3]	sub-11301	preference_friend	4.954883707	2.5759587917816016	1.517711009500798	0.732785727025	2.232658094	5.536574394649999	1.5674426161017758	0.91596875
5	2670	natural[168,3]	sub-11311	preference_friend	1.366164417	2.1220336569166967	0.6089136782570321	1.2441112076	2.0611760505000003	3.2003597454499997	-1.2413405494196046	0.08778125
5	2670	natural[169,3]	sub-11312	preference_friend	0.01099721357	-0.13248175157630185	0.31706628012488397	-0.741372705755	-0.06481091348000001	0.2304975111	0.4525204165191874	0.6306875
5	2670	natural[170,3]	sub-11316	preference_friend	3.213947945	4.2777100528517185	1.1930799173385227	2.4972310373999997	4.1782988544999995	6.39964830745	-0.8916101028879259	0.1919375
5	2670	natural[171,3]	sub-11318	preference_friend	0.9194346658	2.0016908205458175	1.6937239836261249	0.28629737126	1.4075001605000002	5.53248849695	-0.6389802383436736	0.3316875
5	2670	natural[172,3]	sub-11321	preference_friend	3.742678336	5.279942711560659	1.2172808898155603	3.3843749848	5.208241195499999	7.399171475349999	-1.2628674190338947	0.09634375
5	2670	natural[173,3]	sub-11325	preference_friend	1.212369352	1.2284570848900844	0.5055193601023402	0.5496307191550001	1.1519976805	2.16777193215	-0.031824167697212365	0.5468125
5	2670	natural[174,3]	sub-11326	preference_friend	3.318811985	2.7845321257714413	2.013616320808305	0.182910118185	2.4946385595	6.441958662549999	0.26533349660877215	0.62959375
5	2670	natural[175,3]	sub-11329	preference_friend	2.689824719	2.2524965218294	0.7918629240848583	1.1291631369	2.1626716420000003	3.6787973152499998	0.5522776529485991	0.7405
5	2670	natural[176,3]	sub-11330	preference_friend	3.360592755	4.107572936987271	1.4435649682923453	1.93701193565	4.000102328500001	6.661559920249999	-0.5174551879510529	0.32721875
5	2670	natural[177,3]	sub-11337	preference_friend	0.5564917535	0.6232028154063914	0.3456302974626355	0.31685078685	0.54098914355	1.1738277394	-0.19301277230652283	0.531875
5	2670	natural[178,3]	sub-11338	preference_friend	4.462253561	3.6062908797680784	1.8586736535541057	0.762334003865	3.5304625485	6.787693620049999	0.4605233842935109	0.67609375
5	2670	natural[179,3]	sub-11340	preference_friend	1.449753051	1.0143495283296249	0.29228726227116864	0.62962276233	0.9678822544	1.56122260165	1.4896424814654798	0.92121875
5	2670	natural[180,3]	sub-11345	preference_friend	3.794429549	1.512079370935	0.5752375373366525	0.77408441367	1.4127387685000001	2.5937087425499996	3.9676655814783444	0.99703125
5	2670	natural[181,3]	sub-11348	preference_friend	2.451019808	3.610597796937419	1.2117491170878187	1.8835749349	3.4727751280000003	5.8199558844	-0.9569456025057548	0.1698125
5	2670	natural[182,3]	sub-11358	preference_friend	3.085129551	1.3009179078127622	1.4953233257124738	0.26680159728	0.6643774071999999	4.877656716649998	1.193194550307117	0.87321875
5	2670	natural[183,3]	sub-11364	preference_friend	-0.4584815731	-0.6045443015245915	0.446512263455345	-1.4542471044999998	-0.5197457738	-0.03781729133800002	0.3271191865913869	0.5596875
5	2670	natural[184,3]	sub-11367	preference_friend	1.544604771	1.6555866700917123	0.5453415179586165	0.874789123	1.5934689405	2.64457242865	-0.2035089855383692	0.46296875
5	2670	natural[185,3]	sub-11374	preference_friend	2.828606373	2.843807967200839	1.6175081682724857	0.744616556285	2.5498436835	5.8914959285999995	-0.009398156064382936	0.55884375
5	2670	natural[186,3]	sub-11376	preference_friend	1.651797929	1.6876466242520565	0.5493711889858802	0.902361365485	1.62750675	2.6901956230499993	-0.06525405039574772	0.51834375
5	2670	natural[187,3]	sub-11377	preference_friend	7.208509334	5.325806127759001	1.203881406559718	3.4531144816499997	5.2613480185	7.409350872799999	1.5638610215113484	0.9330625
5	2670	natural[188,3]	sub-11387	preference_friend	0.8968461761	1.2563243417697532	0.5137417314727106	0.56563974143	1.1793907840000002	2.2181975914499996	-0.6997254527858972	0.27353125
5	2670	natural[189,3]	sub-11396	preference_friend	1.063370331	1.2021191737563406	0.5186821855403247	0.593812689695	1.0995297549999998	2.1165661925499997	-0.26750261841324335	0.4664375
5	2670	natural[190,3]	sub-11410	preference_friend	0.1716399246	0.1994166663990693	0.11894301322155573	0.0021813277151500024	0.20872768284999998	0.36310607671999995	-0.233529831191761	0.33503125
5	2670	natural[191,3]	sub-11416	preference_friend	-1.187711578	0.604654637594668	1.7410596277464403	-0.923417379025	0.047754043935	4.7928144992499995	-1.0294685989098702	0.0229375
5	2670	natural[192,3]	sub-11426	preference_friend	1.240148062	2.725975006631903	1.0737430874069498	1.30344866575	2.5482426064999997	4.753543211549999	-1.3837825472945495	0.04015625
5	2670	natural[193,3]	sub-11430	preference_friend	4.994317252	3.4503097135215914	1.6711156273506322	1.0443660422999999	3.283063404	6.451050741649999	0.923938184293244	0.81821875
5	2670	natural[194,3]	sub-11432	preference_friend	0.2340126971	0.31099472276996887	0.38732395263364583	0.07587844506250001	0.26192359405	0.5996845170999997	-0.19875358894414433	0.33040625
5	2670	natural[195,3]	sub-11433	preference_friend	0.1584425364	0.25423236839890445	0.041960533894979	0.19296876531499998	0.253057747	0.31940713630499995	-2.2828554145343385	0.0149375
5	2670	natural[196,3]	sub-11435	preference_friend	0.9206942897	0.8486777337335841	0.3148385588366668	0.44571302928	0.7945891924	1.4330315212	0.22874121973025838	0.661
5	2670	natural[197,3]	sub-11439	preference_friend	0.6296355649	0.4659905983390635	0.2861696031218575	0.170166259525	0.42427801985	0.8770039301699998	0.571846082797455	0.82515625
5	2670	natural[198,3]	sub-11440	preference_friend	3.821108298	3.9959713289532575	1.5925185797454495	1.47464643075	3.9254271165	6.740063009499999	-0.10980281999674243	0.4745
5	2670	natural[199,3]	sub-11443	preference_friend	0.1492959977	0.162412760910742	0.3302250108840759	-0.0837680514045	0.16202553785	0.3088091169499999	-0.039720683710861	0.44121875
5	2670	natural[200,3]	sub-11451	preference_friend	3.010481296	1.8734997995457439	0.8497068322949525	0.8386626093249999	1.711426344	3.48488497725	1.338086800341961	0.90671875
5	2670	natural[201,3]	sub-11461	preference_friend	1.959191615	2.884087058610697	2.1064087338056514	0.08708838897600002	2.6667833905	6.614862513349999	-0.4390864074797521	0.39446875
5	2670	natural[202,3]	sub-11462	preference_friend	0.7831191965	2.0527496428853773	1.913688139776381	-0.05303698954249998	1.4822841575	5.81432252775	-0.6634468908469782	0.3404375
5	2670	natural[203,3]	sub-11472	preference_friend	1.223268182	3.90204283612086	1.5612740440243154	1.55866138555	3.7901153025	6.660603931849997	-1.7157619857793143	0.02290625
5	2670	natural[204,3]	sub-11492	preference_friend	3.489600659	5.462621301355031	1.2026198857987347	3.6011429094	5.391299394000001	7.5685764555	-1.6406020436329516	0.0385625
5	2670	natural[205,3]	sub-11493	preference_friend	4.137517329	4.941600624827562	1.1883036490181977	3.13392551	4.864214612	7.03945613275	-0.6766648377221713	0.26071875
5	2670	natural[206,3]	sub-11498	preference_friend	4.254719555	4.280034004041598	1.2428086015730246	2.4100100203	4.175844387	6.473425812949999	-0.020368743030549502	0.52371875
5	2670	natural[207,3]	sub-11517	preference_friend	1.417530688	0.7551772734263875	0.29007668475087445	0.431615378625	0.6881111257000001	1.3119178369	2.2833734987782943	0.96653125
5	2670	natural[208,3]	sub-11518	preference_friend	0.8344787793	0.7299995766611874	0.38395960205724505	0.394621549465	0.6170299895	1.4567769143999993	0.27210988364144534	0.7584375
5	2670	natural[209,3]	sub-11523	preference_friend	-0.1683855754	-0.03597709963776936	0.955349723372255	-0.9600392761600001	-0.11808816535	0.769792985795	-0.1385968640832874	0.447875
5	2670	natural[210,3]	sub-11526	preference_friend	0.463940646	0.7593107760945156	0.24223913802038505	0.455720504215	0.7148607497999999	1.2108935849499995	-1.2193328151194933	0.05821875
5	2670	natural[211,3]	sub-11527	preference_friend	-0.318020721	-0.45579176714406855	0.40331001434365044	-1.21743324645	-0.3761845946	0.04353614850799989	0.34160085602703943	0.5675625
5	2670	natural[212,3]	sub-11529	preference_friend	0.4135344345	0.29493863948960997	0.2290165674990523	0.094972983652	0.2784020028	0.5132011309	0.5178481028927341	0.88565625
5	2670	natural[213,3]	sub-11530	preference_friend	1.646459722	2.5068316188891875	1.2149740459918321	1.0030233748000001	2.2511414545	4.89294782405	-0.7081401448265765	0.26059375
5	2670	natural[214,3]	sub-11532	preference_friend	4.939240967	5.279953494103469	1.18712403079596	3.4563613744499997	5.208015061499999	7.346240769049999	-0.28700668023291837	0.40640625
5	2670	natural[215,3]	sub-11533	preference_friend	0.4143942835	0.29981189745959846	0.06407303834650979	0.2066594673	0.29558005899999995	0.40571459029499995	1.7883089205280855	0.95846875
5	2670	natural[216,3]	sub-11534	preference_friend	0.4668797911	0.93565919784585	0.4071950070784366	0.471781912755	0.8432604899	1.7092031163499997	-1.1512405569736042	0.04578125
5	2670	natural[217,3]	sub-11535	preference_friend	1.263778123	0.782298126247028	0.3210448849129806	0.425617296045	0.6979356986	1.42486826145	1.4997279800407892	0.91465625
5	2670	natural[218,3]	sub-11536	preference_friend	2.27067023	1.2384416259189106	0.7673695212076391	0.48708282591999996	1.0531891235000002	2.6032506308499994	1.3451519451236884	0.92509375
5	2670	natural[219,3]	sub-11539	preference_friend	4.362371025	3.3006899318379093	1.1861958164115685	1.6723335797499999	3.131242277	5.517178909999999	0.8950302121059954	0.82475
5	2670	natural[220,3]	sub-11540	preference_friend	3.022049892	4.828917232893218	1.2194155744957904	2.9712524338	4.7480356715	6.94623693815	-1.481748616865362	0.05675
5	2670	natural[221,3]	sub-11542	preference_friend	0.938742588	1.2392390592937346	1.067639729793385	0.361052765985	0.86778585525	3.505342042549997	-0.28145868208921765	0.54178125
5	2670	natural[222,3]	sub-11545	preference_friend	2.826142854	3.28241079448775	1.1638519346220713	1.6951731871	3.10580779	5.4462404154	-0.39203263483504047	0.394375
5	2670	natural[223,3]	sub-11551	preference_friend	0.6913305485	0.6485463610560781	0.29396450215203473	0.37698718683000004	0.5741220539	1.15345351935	0.1455420199742159	0.70209375
5	2670	natural[224,3]	sub-11559	preference_friend	0.8173116222	3.1689092566943464	1.6593032484851185	0.89761893372	2.9442973495	6.2467502043000005	-1.4172199304986999	0.03859375
5	2670	natural[225,3]	sub-11560	preference_friend	2.518995784	3.879940040576811	1.6149977868700607	1.4316869326500001	3.7706662145000003	6.7011942182999995	-0.8426910969422338	0.21490625
5	2670	natural[226,3]	sub-11563	preference_friend	0.4264340315	1.4255902245099377	1.0312303986027311	0.49409230423	1.0511234505	3.6474881596999986	-0.9688971488464145	0.01571875
5	2670	natural[227,3]	sub-11565	preference_friend	2.657607782	2.2705659041848856	1.3765806482700322	0.671007669795	1.921689508	4.97564057255	0.2811617890324952	0.676875
5	2670	natural[228,3]	sub-11570	preference_friend	2.435604705	5.422842871156468	1.2102260789969939	3.53841754105	5.351025760000001	7.498559828149999	-2.468330684653746	0.00225
5	2670	natural[229,3]	sub-11572	preference_friend	2.831842436	1.7969357630081564	0.7075644617575045	0.796683537775	1.7229838714999999	3.0723068594	1.462632352141119	0.9169375
5	2670	natural[230,3]	sub-11579	preference_friend	4.454514166	4.406334138290993	1.3445393779178891	2.33222491185	4.3172638565	6.753070504599999	0.035833853957938394	0.53690625
5	2670	natural[231,3]	sub-11586	preference_friend	1.653230057	0.6879193140970947	0.353590172311105	0.32607424480999997	0.61525058965	1.2716638969499998	2.7300270722840683	0.98409375
5	2670	natural[232,3]	sub-11587	preference_friend	2.177626592	2.987148268573325	1.046670303641403	1.6238895311	2.8113439930000004	4.96042764475	-0.7734256659016409	0.220125
5	2670	natural[233,3]	sub-11588	preference_friend	1.485467369	3.282645906035302	1.5835667769254531	1.1271201076	3.047773879	6.202697016099999	-1.1348928022628657	0.112
5	2670	natural[234,3]	sub-11591	preference_friend	2.909062611	3.869420350381045	1.53150886863965	1.56051653715	3.7537205345	6.5611797981	-0.6270663912211456	0.28871875
5	2670	natural[235,3]	sub-11597	preference_friend	0.3366283529	0.2822824195169437	0.04090467250012105	0.232571831405	0.27444359925	0.357367171765	1.3285996455024895	0.91128125
5	2670	natural[236,3]	sub-11598	preference_friend	5.292631936	3.0111777417363137	1.4483870592899903	1.1580520614	2.7239475495	5.768013132249999	1.575168860858279	0.92021875
5	2670	natural[237,3]	sub-11599	preference_friend	2.859952626	4.371479294568766	1.2700333928465388	2.45646240095	4.2804316710000005	6.59869016295	-1.190147185957816	0.10815625
5	2670	natural[238,3]	sub-11600	preference_friend	2.547334475	3.899927559651981	1.3123498639857125	1.9843224943	3.764113201	6.26247400335	-1.0306650092103082	0.14975
5	2670	natural[239,3]	sub-11606	preference_friend	2.796467425	1.6327977903282314	0.5275068499697646	0.8831772401300001	1.5722386445	2.59116132245	2.2059801398568895	0.972625
5	2670	natural[240,3]	sub-11614	preference_friend	4.647330637	4.013062677507197	1.4953228762631	1.7695155556500002	3.9035211700000003	6.66700429785	0.42416789682097017	0.682875
5	2670	natural[241,3]	sub-11622	preference_friend	5.666380569	3.7232452152520175	1.5492490544524438	1.43693908095	3.5925532705	6.4498124296	1.2542433691752366	0.88665625
5	2670	natural[242,3]	sub-11623	preference_friend	2.535612413	3.3802825789772655	1.3997157319332618	1.40884214095	3.203705585	5.92424019745	-0.6034583642284441	0.30834375
5	2670	natural[243,3]	sub-11625	preference_friend	3.576360006	2.7245540002533972	0.8868967612282632	1.54130892225	2.5987468500000004	4.339284805099999	0.9604342275046044	0.853625
5	2670	natural[244,3]	sub-11626	preference_friend	6.137996352	2.5555348125318833	1.5413922127405815	0.69101071524	2.1929231915000003	5.54579655215	2.32417259530495	0.97209375
5	2670	natural[245,3]	sub-11628	preference_friend	2.375184002	4.125155949752176	1.4266568652083254	1.95183167505	4.0224360435	6.63658654075	-1.2266242783590704	0.10403125
5	2670	natural[246,3]	sub-11631	preference_friend	3.636396916	3.8326722882111217	1.52041855022416	1.4802125931499999	3.7463407305	6.4785552342	-0.12909298704766817	0.47146875
5	2670	natural[247,3]	sub-11651	preference_friend	1.584006484	2.711696443056509	1.8049678393287905	0.508385233355	2.4277904919999997	5.991269336449999	-0.624770111957153	0.359625
5	2670	natural[248,3]	sub-11660	preference_friend	4.585377894	3.9636851531144313	1.4057281475298031	1.8345299934500001	3.8560078375	6.454096099	0.4422567350437064	0.68965625
5	2670	natural[249,3]	sub-11670	preference_friend	4.707681692	3.9745026230818503	1.3491190222681673	1.97506817555	3.865816192	6.35117222775	0.543450249248961	0.723125
5	2670	natural[250,3]	sub-11674	preference_friend	1.360976109	3.3780408008191647	1.5200296800215087	1.18801586305	3.2178011095	6.116170653949999	-1.326990333366795	0.07453125
5	2670	natural[251,3]	sub-11679	preference_friend	-0.4521529153	0.06598982394526795	0.20903407846085928	-0.254374141445	0.1006110813	0.24210397242499995	-2.478747690617767	0.019
5	2670	natural[252,3]	sub-11681	preference_friend	3.036028302	4.161152062193497	1.3021931023972335	2.18928896795	4.0637310645	6.4628286512	-0.8640222084744835	0.20271875
5	2670	natural[253,3]	sub-11692	preference_friend	0.2280986744	0.07778133150160281	0.2213124766708256	-0.297415617265	0.11924324175	0.29169453010999996	0.6792086246541594	0.85671875
5	2670	natural[254,3]	sub-11701	preference_friend	2.162993127	3.2690685050637747	1.3323027213115461	1.46069703875	3.067336327	5.7404603740499995	-0.830198242764926	0.2178125
5	2670	natural[255,3]	sub-11703	preference_friend	1.154884563	1.5174828348349625	0.4725007352577725	0.861044314615	1.4581462465000001	2.3844829488499997	-0.7674025557592989	0.2344375
5	2670	natural[256,3]	sub-11705	preference_friend	0.336449879	0.34649826974849374	0.03875901192582863	0.290699615045	0.34264540855000003	0.41528715036999997	-0.25925301624620567	0.431625
5	2670	natural[257,3]	sub-11709	preference_friend	1.736756565	1.555495547434128	0.5710162871521373	0.837772857825	1.4620697169999999	2.5578472832	0.31743580987835845	0.6959375
5	2670	natural[258,3]	sub-11710	preference_friend	0.2805804841	0.3851654904708521	0.10637344016626292	0.255152704805	0.3658956257	0.58394813013	-0.9831872148478462	0.111125
5	2670	natural[259,3]	sub-11714	preference_friend	3.585731839	4.272763804203769	1.366258584998748	2.1946232329999997	4.1693862205	6.6413477601499995	-0.5028564671045768	0.32959375
5	2670	natural[260,3]	sub-11719	preference_friend	4.727986009	4.525409637573397	1.226584495301086	2.65133856865	4.441292575	6.677758743599999	0.16515484436877467	0.5908125
5	2670	natural[261,3]	sub-11720	preference_friend	-0.01341581984	2.2501096418116644	1.7497600458743634	0.41787275118	1.662482268	5.810340391749997	-1.2936204978440744	0.00496875
5	2670	natural[262,3]	sub-11722	preference_friend	2.966938592	3.0663966072348967	1.055600105479336	1.6057367540499998	2.92163193	5.0310225352	-0.09421940630607835	0.51709375
5	2670	natural[263,3]	sub-11723	preference_friend	1.041928626	0.5332795602329468	0.23591302663280708	0.301123139185	0.4823677675	0.9295173344199997	2.156087237008549	0.96875
5	2670	natural[264,3]	sub-11736	preference_friend	1.54844806	3.12006987494146	2.2004486266648566	0.009161093665200007	3.028991951	6.8627535673999995	-0.7142279060263782	0.29396875
5	2670	natural[265,3]	sub-11744	preference_friend	5.340182501	3.2648306700377	1.2864154391364244	1.5461858319000001	3.0626940005	5.705191268449998	1.6132827450792193	0.92659375
5	2670	natural[266,3]	sub-11746	preference_friend	5.985962107	3.521167740962269	1.215832809353079	1.82160629705	3.359092667	5.7734682725	2.0272477819949604	0.96221875
5	2670	natural[267,3]	sub-11748	preference_friend	5.786771991	5.410080527684593	1.2080901066132865	3.5367956872999997	5.3454677555	7.5211529472	0.3118074233480894	0.6415625
5	2670	natural[268,3]	sub-11756	preference_friend	1.326131787	1.7623259815413688	0.6495364959036395	0.8499972392	1.680842927	2.9393226696499997	-0.6715468604031749	0.2761875
5	2670	natural[269,3]	sub-11764	preference_friend	6.870875901	3.827758379650519	1.4561335929105919	1.6715261972	3.7083707685	6.421631361299999	2.0898614908449074	0.97025
5	2670	natural[270,3]	sub-11772	preference_friend	0.3906281213	0.38520177815061	0.12544447321332713	0.255794213195	0.35671817995	0.6077863222050001	0.04325693281171601	0.6320625
5	2670	natural[271,3]	sub-11773	preference_friend	1.62998141	1.863634190777881	0.6134961500886251	1.02576544865	1.7854798625	2.9787905303499995	-0.3808545183928664	0.39278125
5	2670	natural[272,3]	sub-11774	preference_friend	7.341228267	5.1625984846749375	1.2025727048250827	3.32898775605	5.091025552	7.2769935309	1.8116408044052104	0.95521875
5	2670	natural[273,3]	sub-11784	preference_friend	-0.05365916835	-0.18093954102872611	0.21741157622414495	-0.592627164375	-0.13585615475	0.0776638600885	0.585435122127553	0.69034375
5	2670	natural[274,3]	sub-11787	preference_friend	2.085600366	2.250694325358676	1.332094218879437	0.7557007289000001	1.8992731285	4.9810236766000004	-0.12393564735800289	0.56296875
5	2670	natural[275,3]	sub-11788	preference_friend	2.881485508	2.3083574207330404	0.6538304782479906	1.37729591045	2.2344372884999997	3.4823863726	0.8765698546245781	0.8253125
5	2670	natural[276,3]	sub-11789	preference_friend	0.4931958808	0.5697849389023468	0.23879559960434768	0.35134923822499997	0.5066622556	1.0057809621	-0.32073060906166045	0.46353125
5	2670	natural[277,3]	sub-11790	preference_friend	4.678759273	4.2646873101246126	1.3756651024570186	2.18131192965	4.1717315175	6.6660714700999995	0.30099764989010075	0.63703125
5	2670	natural[278,3]	sub-11793	preference_friend	1.493916621	1.863687052343362	0.9445936992627888	0.82972137708	1.6398786455	3.7237962528499997	-0.39145976903291924	0.41209375
5	2670	natural[279,3]	sub-11795	preference_friend	2.869885288	5.0241946462669995	1.2658567082231724	3.0644526458	4.9587986855	7.226391862949999	-1.7018587840727322	0.0315
5	2670	natural[280,3]	sub-11815	preference_friend	3.661850627	3.8009447375265917	1.6431095672195044	1.2887458921000001	3.7034902919999997	6.667213552	-0.08465297342402352	0.49084375
5	2670	natural[281,3]	sub-11822	preference_friend	2.502366475	2.2791185383444534	0.7136887409860259	1.2708152885	2.1997569485	3.56508249635	0.3128085450067621	0.66734375
5	2670	natural[282,3]	sub-11823	preference_friend	0.6311484289	3.4401386383044708	1.6574528595835238	0.9914641057600001	3.3019734805	6.412153722049999	-1.6947632586728887	0.01453125
5	2670	natural[283,3]	sub-11824	preference_friend	4.636890937	2.5370906929865593	1.159511727568225	1.0375976288000002	2.327301118	4.778297723849999	1.8109348910314407	0.94146875
5	2670	natural[284,3]	sub-11828	preference_friend	0.4451458916	1.4439334875796934	1.1886867551865798	0.41797172966	1.061403606	4.048259039149999	-0.8402445737884249	0.061875
5	2670	natural[285,3]	sub-11829	preference_friend	4.865044605	5.344587932133687	1.1988817487247911	3.48489462325	5.275588426500001	7.4293280752	-0.39999218241812534	0.3610625
5	2670	natural[286,3]	sub-11840	preference_friend	5.08031779	3.8916752827227605	1.6201398890099306	1.4194798648	3.8002755195	6.711785444649999	0.7336665897434449	0.772125
5	2670	natural[287,3]	sub-11847	preference_friend	0.6202683141	2.8052018173947393	1.84558016908336	0.393435937635	2.5347752305	6.18717748565	-1.1838735265452733	0.10615625
5	2670	natural[288,3]	sub-11853	preference_friend	6.253569093	5.43159451007775	1.225995302156093	3.5455166008	5.359401574	7.56698913465	0.6704549205667321	0.75825
5	2670	natural[289,3]	sub-11854	preference_friend	0.3304225408	0.198323991407094	0.27640080923153926	-0.238998319675	0.21337992765000002	0.5788080870349999	0.4779238879950162	0.7329375
5	2670	natural[290,3]	sub-11861	preference_friend	7.460769528	4.617049738383781	1.2625077847635535	2.72143524335	4.5199880515	6.8619012327	2.252437429642305	0.97884375
5	2670	natural[291,3]	sub-11866	preference_friend	2.516186301	2.3937599116890844	0.6785249689735193	1.43511434155	2.317740145	3.6096156299	0.18043019035264618	0.61725
5	2670	natural[292,3]	sub-11867	preference_friend	0.5630423617	1.1253159014626066	0.8981491629304824	0.34967481701	0.885569807	2.8060803592499997	-0.6260358111652854	0.1914375
5	2670	natural[293,3]	sub-11870	preference_friend	4.675191121	4.273143977779181	1.1615410790681424	2.49239118875	4.1965562985	6.3157698050499995	0.34613252210017836	0.6581875
5	2670	natural[294,3]	sub-11872	preference_friend	1.270651071	1.393136762552375	0.44795565573773866	0.777417254165	1.3320090814999999	2.2209663119500003	-0.27343262660821427	0.44425
5	2670	natural[295,3]	sub-11876	preference_friend	2.647164412	1.3876306654328783	0.5944222394599339	0.5664083381699999	1.3043238555	2.4690921096499996	2.1189209672092333	0.96809375
5	2670	natural[296,3]	sub-11877	preference_friend	3.677614402	2.1660845159769253	1.1828062368538095	0.848645637295	1.8601212325	4.5827171978	1.2779184273187887	0.89290625
5	2670	natural[297,3]	sub-11881	preference_friend	4.590360986	4.549057406564937	1.2286045627398963	2.7248030565500003	4.440748294	6.736110983400001	0.03361828588927992	0.54884375
5	2670	natural[298,3]	sub-11885	preference_friend	2.749739658	1.8971715302225771	1.1160307934009632	0.6827988189299999	1.5957210590000002	4.159016354499999	0.763928856460429	0.81690625
5	2670	natural[299,3]	sub-11891	preference_friend	1.037157396	0.6672295536956749	0.2413125385936278	0.392718618865	0.61306161385	1.1253787696499997	1.5329822663184793	0.92575
5	2670	natural[300,3]	sub-11897	preference_friend	2.655709668	3.7020504556955185	1.3289887113689292	1.71910641565	3.597996157	6.056923343849999	-0.7873210500168445	0.23021875
5	2670	natural[301,3]	sub-11900	preference_friend	1.39381924	1.286329962679453	0.48133970110809	0.6353007538850001	1.2150937824999999	2.1706278861	0.22331271879941822	0.64028125
5	2670	natural[302,3]	sub-11902	preference_friend	2.344153048	4.003437395048971	1.4034431519314572	1.85124334615	3.8987911605	6.464688811599999	-1.1822953746045348	0.115625
5	2670	natural[303,3]	sub-11909	preference_friend	3.26563308	2.3043399094394466	2.2144017187549925	-0.19305168935	1.733015397	6.405294666599999	0.4341096569871809	0.67828125
5	2670	natural[304,3]	sub-11913	preference_friend	0.9994347897	1.9356975707800432	1.4775142708779636	0.405913699655	1.4588174745	4.9915079241499996	-0.6336742727525063	0.32834375
5	2670	natural[305,3]	sub-11914	preference_friend	3.724635991	4.89964485282525	1.2392100702003737	3.0067702979	4.820960144	7.0794925862	-0.9481918280693581	0.17296875
5	2670	natural[306,3]	sub-11920	preference_friend	0.3244645268	0.4149721466731094	0.32560457247060026	0.24547647417500001	0.36310797525	0.64677468338	-0.2779679019442566	0.3110625
5	2670	natural[307,3]	sub-11922	preference_friend	1.042278917	1.1670272118573188	0.41127537091366323	0.63972635695	1.0933815085	1.93870444495	-0.3033206062891293	0.44671875
5	2670	natural[308,3]	sub-11923	preference_friend	1.045618527	2.8509131523610347	1.5694628751932889	0.7571266805600001	2.608016091	5.77298152875	-1.1502627133749193	0.11084375
5	2670	natural[309,3]	sub-11924	preference_friend	2.329798738	1.3873534743938531	0.47006113016246553	0.7381471929000001	1.3224986615	2.25186466585	2.004941917406387	0.9608125
5	2670	natural[310,3]	sub-11926	preference_friend	4.22122724	4.99551600001025	1.2195599227306406	3.1268321390000002	4.9155324625	7.13313599345	-0.6348919356718348	0.27715625
5	2670	natural[311,3]	sub-11928	preference_friend	3.117919293	4.404864597228085	1.362908578631307	2.29865139425	4.321785396999999	6.7876220257	-0.9442638518868903	0.176625
5	2670	natural[312,3]	sub-11929	preference_friend	0.08433103896	0.06089317832041978	0.11144895206919984	-0.14582473357499998	0.08512425435	0.18484599114	0.21030131019112136	0.49646875
5	2670	natural[313,3]	sub-11931	preference_friend	5.542847487	5.248004965674907	1.2114066151393401	3.3812293463	5.174348434500001	7.371555960599999	0.24338856800049716	0.61934375
5	2670	natural[314,3]	sub-11935	preference_friend	0.7776182125	2.074744042352828	0.9663508367118021	0.895278270845	1.8816521554999999	3.94088853365	-1.3422928615310692	0.02478125
5	2670	natural[315,3]	sub-11939	preference_friend	0.6135812552	0.9186564492775016	0.9072277717245966	0.283936248885	0.6087646936	2.6958772503499997	-0.3362718862734639	0.5046875
5	2670	natural[316,3]	sub-11943	preference_friend	0.8732543299	0.6302644349854843	0.2040448924646264	0.39029202815	0.584770763	1.0201934852	1.1908648728202829	0.88715625
5	2670	natural[317,3]	sub-11949	preference_friend	1.22466402	1.2775289048049	0.47114081190198404	0.64278697865	1.2074729469999999	2.1576201661999996	-0.11220612494062138	0.51478125
5	2670	natural[318,3]	sub-11960	preference_friend	1.876154389	1.0593309783754399	1.077041555219008	0.26477033097999997	0.6884219059500001	3.4044968134999998	0.7583954459941571	0.8689375
5	2670	natural[319,3]	sub-11969	preference_friend	2.810194511	1.6953914250240314	0.5057238196492732	0.966178511525	1.6377076185	2.6154944213499998	2.204371324152975	0.97353125
5	2670	natural[320,3]	sub-11974	preference_friend	5.048517622	4.8726448941745	1.2459316340840387	2.9533396417	4.8017890355	7.0396194251	0.14115760689774542	0.5785
5	2670	natural[321,3]	sub-11976	preference_friend	2.608552704	4.062158451823734	1.1250095188299185	2.4306061262	3.9395868629999997	6.09656161655	-1.2920830655153714	0.07890625
5	2670	natural[322,3]	sub-11982	preference_friend	2.260521103	3.2046831010403247	1.22798038892965	1.4716228721	3.053911261	5.4699631898	-0.7688738407811945	0.24159375
5	2670	natural[323,3]	sub-11984	preference_friend	2.817618531	5.020825850896501	1.2554897916668326	3.0885788538	4.9422510995	7.1956973898	-1.7548588085064756	0.0265625
5	2670	natural[324,3]	sub-12008	preference_friend	3.29714821	1.3826650793063842	0.4761747996636556	0.724546490565	1.3187275205	2.2645463607499994	4.020546933701456	0.9988125
5	2670	natural[325,3]	sub-12011	preference_friend	5.552511578	3.968717104985203	1.3182255663187898	2.0120110539000002	3.8564269135	6.3094997189	1.201459381066035	0.87825
5	2670	natural[326,3]	sub-12013	preference_friend	0.9101477951	2.4070163367127875	1.3422635435975891	0.820747317055	2.087115055	5.0880305117	-1.1151822969137788	0.07321875
5	2670	natural[327,3]	sub-12018	preference_friend	1.089597855	1.1367311876430906	0.354180374810536	0.65278302985	1.087678905	1.7897421118499999	-0.1330772001929916	0.50225
5	2670	natural[328,3]	sub-12020	preference_friend	0.2725875812	0.3053650737076887	0.0758756899396945	0.23091724391000001	0.29327643690000005	0.412192433735	-0.4319893833418849	0.297375
5	2670	natural[329,3]	sub-12021	preference_friend	3.967874288	3.9498112132432492	1.56093226494842	1.5013939132	3.895100044	6.632038947899999	0.011571978594053607	0.518875
5	2670	natural[330,3]	sub-12031	preference_friend	5.696396919	3.9032639590904656	1.2843232008119534	2.02369195185	3.7788986155	6.1909955466	1.396169561350219	0.9094375
5	2670	natural[331,3]	sub-12032	preference_friend	2.183242972	3.739162862155597	1.3374222419375443	1.79545848235	3.5974375145	6.14649858505	-1.1633722255893635	0.11365625
5	2670	natural[332,3]	sub-12033	preference_friend	0.3834359524	0.4092812700527687	0.0904671774743698	0.309601202185	0.3909538765	0.5682636301299999	-0.2856872334730563	0.45609375
5	2670	natural[333,3]	sub-12036	preference_friend	1.621372248	3.078717858834075	1.3876170904419929	1.2088254428	2.8617306385	5.70242333805	-1.0502505488526896	0.134875
5	2670	natural[334,3]	sub-12037	preference_friend	1.480547575	0.8921682128385849	0.7021572646817921	0.31236393842500004	0.6935132601	2.1216532663	0.8379595167018037	0.87875
5	2670	natural[335,3]	sub-12038	preference_friend	0.4201203242	0.6026306849978438	0.18175804577553648	0.38674479254	0.56496439065	0.942564270695	-1.0041391016232446	0.1059375
5	2670	natural[336,3]	sub-12039	preference_friend	4.813697344	4.35378903168284	1.3132397494959165	2.3609778976999998	4.257978233999999	6.6635026736	0.35020894889428583	0.658125
5	2670	natural[337,3]	sub-12041	preference_friend	0.2755686999	0.24516145101410092	0.1820860844282927	-0.023001590931499998	0.2462677351	0.5051313642749998	0.16699380944661782	0.59675
5	2670	natural[338,3]	sub-12047	preference_friend	0.2337513584	0.16666289912204144	0.11046948792370802	-0.019640272464	0.18440857545	0.29361539851999996	0.607303071091367	0.77784375
5	2670	natural[339,3]	sub-12049	preference_friend	3.98806687	4.075587781665966	1.4827892163704075	1.7571006434	4.0013392225	6.6531692855	-0.0590245131942632	0.49625
5	2670	natural[340,3]	sub-12051	preference_friend	0.9004722264	1.4059175793811252	0.6483371399685253	0.647402435465	1.2752629615	2.60530066165	-0.7796026508764605	0.20371875
5	2670	natural[341,3]	sub-12054	preference_friend	0.7494468948	2.105608180509531	0.9344291216883073	0.795149493275	1.9884335735	3.8042883758499997	-1.4513260066844307	0.0399375
5	2670	natural[342,3]	sub-12055	preference_friend	3.576843924	2.694203024539131	1.4942256518372965	0.77734244367	2.444119787	5.50649315745	0.5907012092688781	0.7356875
5	2670	natural[343,3]	sub-12057	preference_friend	0.8099257734	1.339656291719681	0.4907078398768986	0.67160625049	1.2696415575	2.25358110755	-1.0795232422872474	0.12590625
5	2670	natural[1,4]	sub-10317	preference_stranger	0.1450402028	0.1404481335454121	0.21132679156975914	-0.173460005775	0.1450934445	0.41794049996499993	0.021729706964637455	0.49984375
5	2670	natural[2,4]	sub-10369	preference_stranger	0.6280167011	0.8969543600804603	0.9497744957311663	-0.24563412699499998	0.6621567873	2.770657236499999	-0.28315948700372673	0.484625
5	2670	natural[3,4]	sub-10402	preference_stranger	-0.1941825086	1.6684678864461067	0.998391110044519	0.314063936965	1.527941754	3.5222490205499994	-1.8656520238476981	0.00434375
5	2670	natural[4,4]	sub-10418	preference_stranger	0.3872616386	0.3670643788840269	0.344007241029161	-0.0145459396295	0.30615946545	0.9388849136749992	0.05871172843789368	0.64403125
5	2670	natural[5,4]	sub-10462	preference_stranger	0.7051294145	0.020173313324862108	0.8507599149652137	-0.9479545700049999	-0.1039961306	1.8570632293499996	0.8051109239239894	0.88325
5	2670	natural[6,4]	sub-10478	preference_stranger	-0.002722808859	0.7095384626995369	0.6194035941892229	0.0675328340845	0.5375527010000001	1.98506525675	-1.1499146570030183	0.02628125
5	2670	natural[7,4]	sub-10486	preference_stranger	1.793047145	2.7732445682314655	0.8324797000524231	1.51036250395	2.7106423145000003	4.255163784950001	-1.17744303334933	0.1133125
5	2670	natural[8,4]	sub-10529	preference_stranger	1.273357332	1.6324100894005018	0.9882281078558796	0.27904024057	1.4999644845	3.45019086315	-0.3633298370550548	0.40975
5	2670	natural[9,4]	sub-10541	preference_stranger	0.9335097368	1.6606163513279952	1.0390615425953222	0.185897211625	1.549608047	3.5379029297999995	-0.6997724241740871	0.2670625
5	2670	natural[10,4]	sub-10559	preference_stranger	-0.05365749755	-0.0027434454310549445	0.12362776016600224	-0.227868989545	0.0222284242	0.14013199066499996	-0.41183349152795273	0.25465625
5	2670	natural[11,4]	sub-10572	preference_stranger	-1.431852634	-0.19631838321840114	0.7788654182108982	-1.1481250013	-0.24894677915000002	1.2083495506999997	-1.5863257270038988	0.01821875
5	2670	natural[12,4]	sub-10581	preference_stranger	1.29193707	0.1596345702806018	0.2570311439780782	-0.17011013611999998	0.15081985145	0.4844704117699996	4.4053124543381035	0.99321875
5	2670	natural[13,4]	sub-10584	preference_stranger	-0.0883293497	-0.12537971797718106	0.4451850987063283	-0.91603302286	-0.04532704055	0.332914911625	0.08322463708881186	0.44946875
5	2670	natural[14,4]	sub-10585	preference_stranger	1.259717375	1.8365339958271412	0.8948140086904791	0.59561237663	1.7149406385	3.4885555622999997	-0.6446218043359502	0.2921875
5	2670	natural[15,4]	sub-10589	preference_stranger	0.6827463337	1.3507182954494137	0.8608454997290912	0.26703887384	1.1798191029999998	3.0098989500499993	-0.7759487178124588	0.23825
5	2670	natural[16,4]	sub-10590	preference_stranger	0.08974410236	0.1849319682355656	0.08335534881711626	0.046336599173	0.19184953440000002	0.29548203363	-1.1419527028122716	0.1008125
5	2670	natural[17,4]	sub-10596	preference_stranger	2.168224589	2.127535453884734	0.776731101812226	1.03401615755	2.029241715	3.5604000577499995	0.05238509829248755	0.56675
5	2670	natural[18,4]	sub-10603	preference_stranger	-0.01776859958	-0.35385730224921624	0.2992166215735191	-0.900273268985	-0.31218816545	0.039949381866499996	1.123228719386625	0.90803125
5	2670	natural[19,4]	sub-10606	preference_stranger	4.304272616	2.9670714681740717	0.8143774405727668	1.74297752915	2.9056348329999997	4.4154364066500005	1.6419918838683083	0.9386875
5	2670	natural[20,4]	sub-10608	preference_stranger	-0.2579440735	-0.05090314838755704	0.17803560057574988	-0.38902645616000003	-0.014004881885	0.16458812477999998	-1.1629186771796913	0.12078125
5	2670	natural[21,4]	sub-10617	preference_stranger	1.127788635	1.523226309663054	1.0022740232071807	0.19308060260999999	1.366181777	3.3981315087999997	-0.39454048045432877	0.40459375
5	2670	natural[22,4]	sub-10636	preference_stranger	3.12596201	2.738168826954075	0.8174509582630561	1.5199417160000002	2.6659719065000003	4.1918596594999995	0.4743932087007633	0.702125
5	2670	natural[23,4]	sub-10638	preference_stranger	2.020494051	3.061483268949281	0.8115318095789849	1.8313052646	3.0022676595	4.48969046005	-1.2827460435461384	0.0899375
5	2670	natural[24,4]	sub-10640	preference_stranger	-0.6965216202	-0.42425438707209107	0.30861223176597824	-0.99717059798	-0.37464250175	-0.01900660446500005	-0.8822308551087181	0.17215625
5	2670	natural[25,4]	sub-10641	preference_stranger	-0.3607054944	-0.20378194872489103	0.29424489447105334	-0.695599691895	-0.18421980155	0.19004192746999996	-0.5333093237087466	0.25903125
5	2670	natural[26,4]	sub-10642	preference_stranger	-0.09604561247	0.0373057270910746	0.09285428837108207	-0.139276376535	0.053919935615	0.156292717325	-1.4361354968135716	0.0864375
5	2670	natural[27,4]	sub-10644	preference_stranger	-0.05236746289	-0.01433851519318413	0.11605175901816626	-0.23152499396	0.0039030916265000003	0.13798792906	-0.3276895414473035	0.3098125
5	2670	natural[28,4]	sub-10647	preference_stranger	0.0776652185	-0.1629774021011873	0.21862666176898432	-0.582690064445	-0.11781820785	0.10010782730999997	1.100701161761627	0.9183125
5	2670	natural[29,4]	sub-10649	preference_stranger	2.904237481	3.2124584504336036	0.8376559325465001	1.9565110071	3.1498503825	4.677920329699999	-0.36795652899705755	0.38296875
5	2670	natural[30,4]	sub-10652	preference_stranger	1.956509669	1.2416135465608382	0.919092641930756	0.08098657418300001	1.0634023844999998	3.0073495121	0.777828142479049	0.7970625
5	2670	natural[31,4]	sub-10656	preference_stranger	0.1829734293	0.16417394286454906	0.0693078244592947	0.0384557380795	0.1808133327	0.23512170737	0.2712462349253523	0.51628125
5	2670	natural[32,4]	sub-10657	preference_stranger	2.815034378	1.0155928364188198	1.0417061688142675	-0.13122058335499998	0.65466981545	3.1606356926499997	1.7273983734102416	0.9255625
5	2670	natural[33,4]	sub-10661	preference_stranger	1.456925938	2.4051405865852247	0.8039053793248011	1.2281321318	2.3322181385	3.86066711285	-1.1795102669690167	0.10628125
5	2670	natural[34,4]	sub-10663	preference_stranger	0.1410937958	-0.044174477506485434	0.20598851925274778	-0.362682145705	-0.0229648415	0.174783493755	0.8994106757918939	0.91359375
5	2670	natural[35,4]	sub-10668	preference_stranger	0.3779630345	0.6796273887119807	0.8856306497161994	-0.29755029324	0.4097481164	2.5118671862999995	-0.340620951080057	0.48071875
5	2670	natural[36,4]	sub-10673	preference_stranger	0.07211213174	1.0927379583561172	1.2330236016369815	-0.512207465995	0.8685853934000001	3.3698931129	-0.8277423280958437	0.23084375
5	2670	natural[37,4]	sub-10674	preference_stranger	2.795814793	3.412333289572206	0.8196113624010816	2.1539578508	3.3581824205	4.8498822328	-0.7522083329422039	0.23396875
5	2670	natural[38,4]	sub-10677	preference_stranger	0.1484361771	-0.018083819488777422	0.5807020616371695	-0.6752622684599999	-0.096969591905	1.0097717151499996	0.2867563378702474	0.7809375
5	2670	natural[39,4]	sub-10685	preference_stranger	0.05380158757	0.11741782341202038	0.0987226502784	-0.0657436478885	0.13330541629999998	0.24595010873999998	-0.6443935172184014	0.2143125
5	2670	natural[40,4]	sub-10690	preference_stranger	1.570320647	1.2292216899078237	1.064258757339328	-0.10357820472999998	1.0129011265	3.2665318437999997	0.32050378231787513	0.671875
5	2670	natural[41,4]	sub-10691	preference_stranger	2.27042374	3.045632224567041	0.8271220659666054	1.7950209830000001	2.98710414	4.5093497419999995	-0.9372358887090064	0.17753125
5	2670	natural[42,4]	sub-10700	preference_stranger	-0.0638616134	-0.15468490387883793	0.1869116543017282	-0.5101002048700001	-0.1202165171	0.08390299949999999	0.4859156098004648	0.64084375
5	2670	natural[43,4]	sub-10701	preference_stranger	-0.02168284187	-0.162202269409051	0.2584322196065737	-0.6592020145449999	-0.098153320825	0.11764794907	0.5437380360427653	0.67284375
5	2670	natural[44,4]	sub-10713	preference_stranger	-0.6344503083	-0.9380859922483237	0.42026297606751295	-1.7002517472999998	-0.8874461534	-0.345288112135	0.722489729620023	0.750375
5	2670	natural[45,4]	sub-10716	preference_stranger	1.803839635	1.3535221238436674	1.152630636874116	-0.179286342595	1.1736907890000001	3.49976506305	0.39068674452170915	0.68046875
5	2670	natural[46,4]	sub-10718	preference_stranger	2.282642341	3.174358662263028	0.8102307853815849	1.9523139445	3.114622989	4.5989315071	-1.100570772367119	0.13234375
5	2670	natural[47,4]	sub-10720	preference_stranger	0.3853279077	0.8201055818872715	0.8020953641123092	0.020234560807500003	0.54829260395	2.497569953099999	-0.54205234644193	0.3716875
5	2670	natural[48,4]	sub-10723	preference_stranger	0.08022378866	0.2319782381565825	1.1329235090467256	-0.999996830485	-0.09542434319000001	2.7121847180999996	-0.13394942225558817	0.61409375
5	2670	natural[49,4]	sub-10741	preference_stranger	-0.4634983334	-0.2446596250786471	0.5632613094032838	-0.937389990195	-0.2911568937	0.5758939289249998	-0.38852075345489206	0.30809375
5	2670	natural[50,4]	sub-10748	preference_stranger	0.9440496407	1.4023472128479761	0.8427871189927012	0.32567327746499997	1.242943961	3.0205586584499997	-0.543788059665332	0.3450625
5	2670	natural[51,4]	sub-10767	preference_stranger	0.2333743675	0.22698008675991263	0.027428849155926402	0.17838598946	0.23035262275	0.265137793455	0.23312245817305116	0.55390625
5	2670	natural[52,4]	sub-10770	preference_stranger	2.089806409	1.9325665822255242	1.0986038115047205	0.28462997017499997	1.860608705	3.8628133838999994	0.14312696272108286	0.57846875
5	2670	natural[53,4]	sub-10777	preference_stranger	0.1066981934	0.1408255440757411	0.0978424092306187	-0.04704360949249999	0.16466208025	0.24607926549499998	-0.3487991653527408	0.265875
5	2670	natural[54,4]	sub-10781	preference_stranger	-0.2975311701	-0.3521939696082132	0.2242305457517731	-0.76709947271	-0.3204315487	-0.04408109089350002	0.2437794517466224	0.54534375
5	2670	natural[55,4]	sub-10783	preference_stranger	-0.3565767166	-0.1425626950959521	0.20905166182752546	-0.54260669958	-0.09869513602499999	0.11017677334	-1.0237374801670631	0.1399375
5	2670	natural[56,4]	sub-10785	preference_stranger	-0.09680527699	-0.48021169296494803	0.42839533671177366	-1.28960992275	-0.39666346384999995	0.03680665329899996	0.8949827020010389	0.8291875
5	2670	natural[57,4]	sub-10794	preference_stranger	-0.7794899057	-0.2789047106791423	0.5933539271592798	-1.0238234322000002	-0.31523667575000003	0.5492715795999993	-0.8436536308395929	0.12740625
5	2670	natural[58,4]	sub-10800	preference_stranger	1.805825415	2.4824732544682235	0.9169457384046896	1.1117223611500002	2.405658834	4.09862129115	-0.7379366205959598	0.24309375
5	2670	natural[59,4]	sub-10801	preference_stranger	2.279230333	2.5418740473279775	0.7990458087250053	1.37508574405	2.4630100785	3.99056657855	-0.3286966923048679	0.40340625
5	2670	natural[60,4]	sub-10802	preference_stranger	1.836347814	0.3419144535484075	0.7735120885671359	-0.47748467167	0.1554709099	1.9909506809999988	1.9320103493403713	0.94140625
5	2670	natural[61,4]	sub-10803	preference_stranger	3.040769104	1.5467948923404644	1.1892923609400587	-0.10960240023	1.4113427600000001	3.6753693400499996	1.256187511772669	0.88175
5	2670	natural[62,4]	sub-10804	preference_stranger	2.140804628	1.8734162177189022	0.8189049382912466	0.762750062095	1.750691277	3.3998894563499995	0.3265194747012263	0.67246875
5	2670	natural[63,4]	sub-10806	preference_stranger	0.250484417	0.21635577926566057	0.052643213823392376	0.13575043246000001	0.2217326724	0.27798852906	0.6483008018627872	0.8155
5	2670	natural[64,4]	sub-10807	preference_stranger	1.426199411	2.377466554542728	0.7838231322111731	1.2460188862	2.293173458	3.8085675075	-1.213624738095179	0.097125
5	2670	natural[65,4]	sub-10809	preference_stranger	-0.2279876546	-0.13349098152193506	0.2506710692589989	-0.620795691115	-0.07446444981	0.15316228196999998	-0.37697478754689834	0.2671875
5	2670	natural[66,4]	sub-10810	preference_stranger	2.824257178	2.5318001182605405	0.7917389487342579	1.3714566527	2.4604502999999998	3.95103321515	0.3693857176118548	0.67340625
5	2670	natural[67,4]	sub-10812	preference_stranger	1.355231994	0.899529442239583	0.6274304410331712	0.23011880538	0.7297186261499999	2.1688359075499997	0.726299717001338	0.8206875
5	2670	natural[68,4]	sub-10817	preference_stranger	-0.006584569384	0.17681819644075905	0.3028859684943372	-0.210964296215	0.14879541024999998	0.6503102362249997	-0.6055175376279869	0.212
5	2670	natural[69,4]	sub-10827	preference_stranger	-0.2638847471	0.04076465292257319	0.7863913289274737	-0.789635737325	-0.1270965366	1.7082227847499993	-0.3874017792618235	0.35815625
5	2670	natural[70,4]	sub-10831	preference_stranger	1.127563214	1.8812081238596452	0.9732327597166703	0.517737334075	1.771587117	3.64726636015	-0.7743727308142072	0.2470625
5	2670	natural[71,4]	sub-10834	preference_stranger	2.388119216	3.022436059686306	0.8097179694976097	1.802629211	2.962271973	4.44601305205	-0.7833799762155067	0.2270625
5	2670	natural[72,4]	sub-10836	preference_stranger	1.402692858	1.0607851132126211	1.206247593673464	-0.48127514098	0.80414134035	3.3273643834	0.2834474005010406	0.65496875
5	2670	natural[73,4]	sub-10838	preference_stranger	0.7975235668	0.9550210704948233	1.2984001289714737	-0.710723472085	0.6559754047499999	3.3932845294	-0.12130120767901091	0.53740625
5	2670	natural[74,4]	sub-10843	preference_stranger	-0.9131481058	0.08440353084247344	0.5888842158140102	-0.6178569402899999	0.06574951822	0.68414302048	-1.6939690517321226	0.019125
5	2670	natural[75,4]	sub-10850	preference_stranger	3.489105328	2.563125026180281	0.8428604305070874	1.31751259505	2.485533382	4.0573775319	1.0986164118092772	0.85953125
5	2670	natural[76,4]	sub-10854	preference_stranger	-0.447157648	-0.1057135429389734	0.38328078138185745	-0.633950484105	-0.12177815880000001	0.44645451076000003	-0.8908458802186862	0.13471875
5	2670	natural[77,4]	sub-10857	preference_stranger	-0.1749552526	0.05728144448410053	0.11066299198563415	-0.14742104121	0.07504545198	0.20242911730500002	-2.0985940549506252	0.036875
5	2670	natural[78,4]	sub-10858	preference_stranger	0.534275516	0.9764938786007312	0.4079390248630112	0.544641149625	0.8763677116999999	1.75441625465	-1.0840305429205535	0.04209375
5	2670	natural[79,4]	sub-10860	preference_stranger	1.181644511	1.9139043104243205	0.8519114893681754	0.72493932973	1.8043743515	3.48017924575	-0.8595491533602919	0.20575
5	2670	natural[80,4]	sub-10862	preference_stranger	1.448184786	1.3552522740349309	0.7065218156170977	0.49128511474500003	1.2067150415	2.73003382395	0.13153523346465804	0.6325
5	2670	natural[81,4]	sub-10863	preference_stranger	3.416681127	3.2931059816317183	0.811308154657136	2.0536167460500003	3.2405267395	4.72861487565	0.15231591678072712	0.58509375
5	2670	natural[82,4]	sub-10866	preference_stranger	2.19014177	1.330222461636958	1.1123949642386959	-0.12398818480499998	1.143430495	3.408516691949999	0.7730341614334401	0.78275
5	2670	natural[83,4]	sub-10875	preference_stranger	3.940077449	3.1678015068074656	0.8133345903577461	1.941657608	3.1065433105	4.608512990899999	0.9495181335554016	0.83253125
5	2670	natural[84,4]	sub-10881	preference_stranger	-0.749735019	-0.5248032593457681	0.486524872515727	-1.40684789635	-0.45136242655000003	0.06107422878049999	-0.4623232487398902	0.27815625
5	2670	natural[85,4]	sub-10886	preference_stranger	1.839050841	1.3751707830870796	1.0020191230692501	0.018821500655500003	1.2256206015	3.248710856	0.46294531434891717	0.71084375
5	2670	natural[86,4]	sub-10887	preference_stranger	0.3762444606	1.4034465814999544	0.7901647052923374	0.5116384121349999	1.1869367469999998	3.0128263620999998	-1.2999848183802645	0.0199375
5	2670	natural[87,4]	sub-10896	preference_stranger	0.2548398564	0.23527592525746213	0.34271121389114817	-0.18474299151	0.1889284111	0.8020009257049997	0.05708576302598539	0.61715625
5	2670	natural[88,4]	sub-10897	preference_stranger	0.5662871465	1.1808693744536936	0.6519991147980194	0.486010196215	1.00257885	2.48025832045	-0.942612058827845	0.11134375
5	2670	natural[89,4]	sub-10898	preference_stranger	0.6142759108	1.302374608798574	0.6186193127148194	0.5877021196400001	1.153624003	2.5107721345999994	-1.1123136375727478	0.06109375
5	2670	natural[90,4]	sub-10908	preference_stranger	2.864606799	2.278479608163878	0.9599816119483845	0.850504324595	2.2047942325000003	3.9710695927999997	0.6105608519381064	0.7421875
5	2670	natural[91,4]	sub-10918	preference_stranger	0.08724679008	0.1056772989187874	0.08463959303867623	-0.0501380190305	0.1242435332	0.20005004445	-0.217752805479175	0.31296875
5	2670	natural[92,4]	sub-10919	preference_stranger	2.384284805	2.1191486377668562	0.7871414040541312	1.0226176522000001	2.012776353	3.5761024805999995	0.33683422809113284	0.67096875
5	2670	natural[93,4]	sub-10924	preference_stranger	2.464422802	3.2909535548480533	0.8183579463645287	2.04725543625	3.2351028	4.719821489199999	-1.0099868358581123	0.1549375
5	2670	natural[94,4]	sub-10926	preference_stranger	0.1440262545	-0.2724202823221491	0.3005412393600292	-0.82842302677	-0.2232915541	0.10390031263999996	1.3856552189274522	0.97603125
5	2670	natural[95,4]	sub-10928	preference_stranger	-0.3863390373	-0.5574857278623145	0.39113309579626204	-1.2717016397999998	-0.50666989965	-0.014157769356500082	0.4375663742130975	0.62603125
5	2670	natural[96,4]	sub-10929	preference_stranger	-0.3766042812	0.5411496671032148	0.9404686696377759	-0.5471962993499999	0.2847730667	2.4870358923999993	-0.975847444930505	0.0986875
5	2670	natural[97,4]	sub-10930	preference_stranger	0.9212966695	1.0896587731886822	0.6815844604505832	0.327604062455	0.91296513675	2.4534726922999996	-0.24701576027332117	0.50578125
5	2670	natural[98,4]	sub-10938	preference_stranger	0.9170737759	1.722076260775607	0.744420858837428	0.7410491578	1.600501551	3.1295189310000002	-1.0813808819553903	0.1185625
5	2670	natural[99,4]	sub-10940	preference_stranger	2.309527328	1.7304895051844247	1.0769525792392198	0.17262828169	1.6192542825	3.65912702735	0.5376632490398222	0.71928125
5	2670	natural[100,4]	sub-10950	preference_stranger	3.073887674	1.9842911578562465	0.937801757949209	0.640274835195	1.8877972459999999	3.6835720178999996	1.1618623092864424	0.87075
5	2670	natural[101,4]	sub-10952	preference_stranger	2.875273354	1.8713755485258026	0.834351370634834	0.7116681057900001	1.7602359535	3.4071161883	1.2032074744605026	0.8745625
5	2670	natural[102,4]	sub-10953	preference_stranger	-0.2319559489	-0.5349825089476998	0.3238844960131128	-1.1351809002	-0.48894698585	-0.09677526521500003	0.9356006964761644	0.827
5	2670	natural[103,4]	sub-10954	preference_stranger	2.933205835	0.6277185177616252	1.0771763643205088	-0.5791021727650001	0.30401526035	2.952860361549999	2.140306261447441	0.94871875
5	2670	natural[104,4]	sub-10956	preference_stranger	0.1140917102	0.18863161817934826	0.0646864393992883	0.079235747048	0.19397478015	0.28199056018999996	-1.1523266494734348	0.10984375
5	2670	natural[105,4]	sub-10958	preference_stranger	0.06904450386	-0.39136491155581027	0.310456228540056	-0.95547386723	-0.3462503085	0.012627615164499973	1.483009110755872	0.97984375
5	2670	natural[106,4]	sub-10961	preference_stranger	-0.474824351	-0.5377344774969176	0.3792119825036721	-1.23628575725	-0.48420586205	-0.02296321003400002	0.16589699007285044	0.50984375
5	2670	natural[107,4]	sub-10964	preference_stranger	0.0595097201	0.5037013135785958	0.8800687191140337	-0.412161455695	0.23353331075	2.42995782675	-0.5047237605783377	0.3008125
5	2670	natural[108,4]	sub-10966	preference_stranger	0.1040086921	0.03714268465716723	0.12218732176767513	-0.194134822965	0.063474129035	0.178703305765	0.5472417798793449	0.674875
5	2670	natural[109,4]	sub-10969	preference_stranger	0.972234985	0.41362424014086296	1.2954356092662285	-1.0754719446999998	-0.0055228309070000006	3.0690306384499997	0.4312145975171626	0.73384375
5	2670	natural[110,4]	sub-10974	preference_stranger	0.6582933702	1.5432198844942306	1.0613600938288599	0.05280572301150001	1.4128990435	3.46154255775	-0.8337665222571686	0.2160625
5	2670	natural[111,4]	sub-10977	preference_stranger	-0.5452019057	-0.5427106608136124	0.34936523851918044	-1.1776952072	-0.5014967351499999	-0.05350533878850003	-0.00713077493612995	0.449875
5	2670	natural[112,4]	sub-10979	preference_stranger	3.274587849	2.632304638260997	0.8988569807367198	1.3156690212500002	2.5486781305	4.238739488249999	0.7145555127274819	0.773
5	2670	natural[113,4]	sub-10983	preference_stranger	-0.09524438048	-0.17008945973088413	0.2926271465689646	-0.742535206585	-0.092443174315	0.126213334785	0.2557694326327482	0.495
5	2670	natural[114,4]	sub-10984	preference_stranger	-0.4510128536	0.14710155765780122	0.2426351562921914	-0.15879465164	0.1342878697	0.466796987615	-2.4650772806292207	0.00315625
5	2670	natural[115,4]	sub-10998	preference_stranger	0.2736778976	0.32975600663987137	0.9139669311373428	-0.62075016373	0.08402510235499999	2.3761544947499997	-0.06135682498937639	0.666125
5	2670	natural[116,4]	sub-11005	preference_stranger	1.952867471	1.844698381423781	1.1646800201296805	0.167839483045	1.7445479385	3.917079414199999	0.09287451291915788	0.56503125
5	2670	natural[117,4]	sub-11007	preference_stranger	0.2053403921	0.4539440102746277	0.3354198811170067	0.085760701737	0.3877189631	1.0478202042499998	-0.7411713859856318	0.1723125
5	2670	natural[118,4]	sub-11012	preference_stranger	1.217350659	1.6847363396205937	0.6233115280867286	0.86679495482	1.5804951969999999	2.8547996153499997	-0.7498428306873233	0.24215625
5	2670	natural[119,4]	sub-11016	preference_stranger	0.2442082843	0.1736844239551084	0.08837381666438753	0.0201428171505	0.19017924855	0.27043976096	0.798017591711765	0.86484375
5	2670	natural[120,4]	sub-11021	preference_stranger	1.119883468	1.022062065169997	0.4562998240627376	0.553617446575	0.8964912367	1.9281183407999996	0.21437966370233227	0.70559375
5	2670	natural[121,4]	sub-11030	preference_stranger	2.756089331	-0.0185282478706291	0.8230627876184048	-0.9264245490949999	-0.17151673365	1.7503569212499999	3.371088598111935	0.98184375
5	2670	natural[122,4]	sub-11031	preference_stranger	-0.7500322684	-0.8105498710705604	0.3952672605457612	-1.5192642747	-0.7720979537	-0.24836309826500005	0.15310552811027486	0.52196875
5	2670	natural[123,4]	sub-11036	preference_stranger	2.116481312	1.656900441556551	0.908890982305337	0.400128123875	1.5315029089999999	3.3441274006499997	0.505650159799974	0.719875
5	2670	natural[124,4]	sub-11039	preference_stranger	-0.05534868732	-0.16183860051624144	0.3403875328936467	-0.6752653428900001	-0.15344964905	0.279529495975	0.31284904088868015	0.65446875
5	2670	natural[125,4]	sub-11042	preference_stranger	0.3757743372	0.351319043326524	0.18067209666304554	0.065319026276	0.35777981525	0.6122205799149999	0.13535733699424105	0.54934375
5	2670	natural[126,4]	sub-11053	preference_stranger	0.3357774217	0.7614675847336156	0.44422096340753897	0.34738158438	0.6280866433500001	1.63118771105	-0.9582847233688007	0.03959375
5	2670	natural[127,4]	sub-11058	preference_stranger	3.044873057	1.537085821003995	0.921956608474941	0.31387048893499997	1.392153555	3.2559270837499996	1.6354210405738279	0.93065625
5	2670	natural[128,4]	sub-11060	preference_stranger	0.3074736915	0.5654581099328075	0.35318667648028046	0.169305714815	0.49551707305000003	1.2012402854999995	-0.7304477649150836	0.177625
5	2670	natural[129,4]	sub-11063	preference_stranger	-0.4645684138	0.31744527748185986	0.8488287397364507	-0.590377725575	0.08733326665499999	2.149489335149999	-0.9212855958725714	0.0839375
5	2670	natural[130,4]	sub-11064	preference_stranger	0.3135425898	-0.012167217146548552	0.5285118900311953	-0.66020847904	-0.083398771985	0.8947596789599999	0.6162771606279731	0.83525
5	2670	natural[131,4]	sub-11065	preference_stranger	2.359929801	1.2176117971567053	0.9016206964673288	0.12690759137000002	1.020355043	2.9687424044999995	1.2669607167615498	0.8824375
5	2670	natural[132,4]	sub-11066	preference_stranger	0.3369898393	0.767767921903719	0.527887422318669	0.22199883776	0.6185925848	1.8444187644	-0.816041573242243	0.147125
5	2670	natural[133,4]	sub-11068	preference_stranger	-0.307629053	-0.5004974613798008	0.45412670307144903	-1.30980827215	-0.4329172275	0.037834615408	0.42470175630578644	0.6315
5	2670	natural[134,4]	sub-11071	preference_stranger	2.925316874	2.856104585396372	0.8377509847841199	1.60477759845	2.7859829219999996	4.34730374235	0.08261677975999426	0.5664375
5	2670	natural[135,4]	sub-11072	preference_stranger	0.2212375541	0.19146564825993273	0.04024704687198841	0.12557434275	0.19177105789999999	0.257433545815	0.7397289529033313	0.78946875
5	2670	natural[136,4]	sub-11074	preference_stranger	2.564300739	1.2736567618236037	0.9823731697388156	0.09181498158750001	1.0400831565000002	3.1814612229499994	1.3138021445756107	0.88765625
5	2670	natural[137,4]	sub-11075	preference_stranger	-1.136040223	-0.23954030665338008	0.6590928690135546	-1.1597435985	-0.21017208895	0.3367461532349998	-1.3602027248275128	0.0536875
5	2670	natural[138,4]	sub-11076	preference_stranger	0.6093205991	1.4793106395634026	0.8873495836313359	0.303198971785	1.3314384155	3.1479563543999998	-0.9804366356978585	0.15453125
5	2670	natural[139,4]	sub-11078	preference_stranger	0.2028753707	-0.30848775249087285	0.3248267347419671	-0.92482281572	-0.24447893755	0.09605595116249997	1.5742642722960745	0.99846875
5	2670	natural[140,4]	sub-11083	preference_stranger	1.166946109	0.7110262298212715	0.8722134111550008	-0.30486696802999996	0.48670175940000004	2.48937470425	0.5227159699080883	0.76734375
5	2670	natural[141,4]	sub-11084	preference_stranger	1.624584429	2.266753919931034	0.7529544400848103	1.2002548088	2.1775101130000003	3.6612351005499995	-0.8528663312732471	0.20359375
5	2670	natural[142,4]	sub-11085	preference_stranger	2.188745617	1.1049628998462675	0.6900247287580362	0.373782461995	0.9070570884	2.5391587736999996	1.5706433001385538	0.9153125
5	2670	natural[143,4]	sub-11090	preference_stranger	0.259142336	0.24032581247988824	0.13770146255813626	0.071089128216	0.23437363535	0.408940054735	0.13664723068694767	0.629375
5	2670	natural[144,4]	sub-11113	preference_stranger	-0.4944259666	-0.24865610706813535	0.20788146709853994	-0.63554293611	-0.2150230522	0.027806802004	-1.1822595970778138	0.1215625
5	2670	natural[145,4]	sub-11116	preference_stranger	-0.1834452234	-0.05656324628734286	0.14437132015264142	-0.33029947859	-0.02892868207	0.12569580428499996	-0.8788586055631196	0.16903125
5	2670	natural[146,4]	sub-11120	preference_stranger	2.327142176	2.6636087247540847	0.8235804605416503	1.4398030850499999	2.5932667504999998	4.137451895200001	-0.40854119891673735	0.36975
5	2670	natural[147,4]	sub-11125	preference_stranger	2.914397419	0.9988433850181626	1.5168724988725537	-0.99746895524	0.72770706965	3.7534698707999996	1.2628312764623342	0.87315625
5	2670	natural[148,4]	sub-11126	preference_stranger	0.5136229081	1.3347264478454985	0.9361414517688603	0.29876953689	1.0896240065	3.1762450996499987	-0.8771148186996793	0.20690625
5	2670	natural[149,4]	sub-11128	preference_stranger	3.207049986	2.798242829328953	0.8147027330804195	1.585577776	2.732651475	4.2426017374	0.5017868973206123	0.70971875
5	2670	natural[150,4]	sub-11134	preference_stranger	0.08604665413	-0.4514116241833957	0.5690078603892817	-1.3386038930500002	-0.4016801726	0.11781151212499998	0.9445533457933222	0.9353125
5	2670	natural[151,4]	sub-11139	preference_stranger	-0.263545426	-0.17211588645820836	0.20545123279145244	-0.564014052605	-0.13114979955	0.08082295507549997	-0.4450182084553327	0.264625
5	2670	natural[152,4]	sub-11164	preference_stranger	0.7495119839	1.233614276542578	1.0345327918722491	-0.12723035904	1.056112292	3.16302079065	-0.46794291727231985	0.37934375
5	2670	natural[153,4]	sub-11167	preference_stranger	1.440704989	2.205263322797601	0.9165362078750999	1.01935437475	2.029469447	3.9403772365999994	-0.834182356603407	0.21940625
5	2670	natural[154,4]	sub-11168	preference_stranger	0.4120797194	-0.03936330896529512	0.6523901612553379	-0.769676079795	-0.13087231840000002	1.1306751749499995	0.6919831952962355	0.88603125
5	2670	natural[155,4]	sub-11171	preference_stranger	0.2016078621	0.21727753955884463	0.045033180119813276	0.140803705505	0.2242212355	0.272730318015	-0.3479584923195425	0.27353125
5	2670	natural[156,4]	sub-11177	preference_stranger	0.3216737693	0.2535858264049577	0.031136554811119158	0.20701479481500001	0.25312984865	0.30111234836	2.186752622699525	0.980875
5	2670	natural[157,4]	sub-11192	preference_stranger	0.228016407	0.08860780166491651	0.3253209983542315	-0.32069549709	0.073829276425	0.503662854825	0.42852630491219	0.79771875
5	2670	natural[158,4]	sub-11193	preference_stranger	1.610598652	1.6935180997532697	0.9195837532599875	0.42029168820999996	1.572769949	3.38674466695	-0.09017063150508545	0.515875
5	2670	natural[159,4]	sub-11201	preference_stranger	0.5627842251	0.8015326369615651	1.2753608128147838	-0.87668329004	0.5106723586	3.2007403933499994	-0.18720068035855328	0.51540625
5	2670	natural[160,4]	sub-11203	preference_stranger	0.7527585991	1.4147947863819108	1.23796290840462	-0.30303407916499997	1.274283325	3.6417261609499993	-0.534778693923137	0.34553125
5	2670	natural[161,4]	sub-11209	preference_stranger	0.2703385384	0.32021070267982954	0.4584552507387009	-0.15143920282	0.22532150535	1.1592299194999998	-0.10878305832351445	0.58615625
5	2670	natural[162,4]	sub-11227	preference_stranger	-0.09183795161	0.08479488009103824	0.10988173285955875	-0.11858052870500001	0.11139120595	0.20218440998	-1.6074813083517248	0.065625
5	2670	natural[163,4]	sub-11238	preference_stranger	0.092955504	0.21700199164738584	0.33555578866765107	-0.20941717611	0.17708184999999999	0.7778097890249996	-0.36967470637273625	0.34809375
5	2670	natural[164,4]	sub-11246	preference_stranger	0.3060978058	0.27255600852302053	0.12508134325769418	0.106343466165	0.26026410645	0.4759067085949999	0.2681598742338115	0.68909375
5	2670	natural[165,4]	sub-11276	preference_stranger	1.085670048	1.8809797562493809	1.0951508148054268	0.284339261585	1.7866133565000002	3.8293616401	-0.7262102146092836	0.255875
5	2670	natural[166,4]	sub-11286	preference_stranger	-0.8395422717	-0.5622863648292236	0.3852971772253206	-1.2698464324999998	-0.5137657525	-0.023038984352500024	-0.7195897692980969	0.21809375
5	2670	natural[167,4]	sub-11301	preference_stranger	1.748752417	0.8717574290569514	0.9841994220137801	-0.24882437181	0.58654259845	2.84697269315	0.8910744797518988	0.821375
5	2670	natural[168,4]	sub-11311	preference_stranger	0.2879484627	0.25526928317480024	0.17672798483674268	0.019663534874000004	0.2414160183	0.5228066848849998	0.18491230777846565	0.6461875
5	2670	natural[169,4]	sub-11312	preference_stranger	-0.01240835626	-0.5259809404777247	0.4409351258197236	-1.3735267409499998	-0.43659043685	0.018009145404999996	1.1647350236907614	0.9291875
5	2670	natural[170,4]	sub-11316	preference_stranger	1.1959796	2.1439122479929527	0.8009515658653678	1.000040237055	2.048467767	3.6107887391499998	-1.1835080776311149	0.10353125
5	2670	natural[171,4]	sub-11318	preference_stranger	0.06010314452	0.504082067261177	1.100038581164183	-0.714056279515	0.141089171	2.8168938545999995	-0.4036030466052465	0.44525
5	2670	natural[172,4]	sub-11321	preference_stranger	2.827539583	3.2940354701889936	0.8059594623640919	2.0714618708	3.242543634	4.7004941754	-0.5788081274219895	0.29803125
5	2670	natural[173,4]	sub-11325	preference_stranger	0.2723134201	0.24673547887393252	0.02552979882025172	0.20307451194499998	0.24836418989999998	0.28453344054	1.001885733849871	0.87703125
5	2670	natural[174,4]	sub-11326	preference_stranger	1.629474201	1.1318147326175045	1.273048506794733	-0.52706068811	0.8831175286499999	3.5037136080999995	0.3909194863560202	0.682625
5	2670	natural[175,4]	sub-11329	preference_stranger	1.626376233	1.0389179704430216	0.3993106318342861	0.5734861997549999	0.9505068582	1.8047744360999998	1.4711811199677087	0.91615625
5	2670	natural[176,4]	sub-11330	preference_stranger	1.871388671	2.1132452883623087	0.9535662396849371	0.723143793375	2.0227553415	3.8307355662999996	-0.25363378787636115	0.4395625
5	2670	natural[177,4]	sub-11337	preference_stranger	0.04409892133	-0.002167128262192163	0.1998485259089965	-0.32379040422	0.01743913959	0.219486073855	0.23150558345003747	0.58184375
5	2670	natural[178,4]	sub-11338	preference_stranger	2.606537649	1.7363773363753556	1.179496004693055	0.026865594558000003	1.6397392475	3.8120053227499997	0.7377390929366392	0.76928125
5	2670	natural[179,4]	sub-11340	preference_stranger	-0.3522933393	-0.13823962593158803	0.20592051625900853	-0.5127164618750001	-0.11278542995	0.14893395015499994	-1.039496778937624	0.14003125
5	2670	natural[180,4]	sub-11345	preference_stranger	1.160158039	0.25474521394625	0.1562196225151364	0.05605376185100001	0.23994615870000002	0.49279613950499995	5.795768869983172	0.99721875
5	2670	natural[181,4]	sub-11348	preference_stranger	0.7245491239	1.5977556862267446	0.7707716875947529	0.607653175595	1.4585529485	3.06970468365	-1.1328991144597524	0.09434375
5	2670	natural[182,4]	sub-11358	preference_stranger	1.723585703	1.643312218330038	0.6582308107935233	0.9171368791450001	1.4939001250000001	2.9774722201999997	0.1219533989501177	0.67434375
5	2670	natural[183,4]	sub-11364	preference_stranger	-0.1715117461	-0.2882027119456523	0.33513346738001	-0.9355623823599999	-0.2105541563	0.102735211405	0.3481925179180498	0.5549375
5	2670	natural[184,4]	sub-11367	preference_stranger	0.2295639304	0.2682786343291913	0.07982570915715305	0.15917397361000002	0.26095759315	0.40214088663499997	-0.48499041647063323	0.29459375
5	2670	natural[185,4]	sub-11374	preference_stranger	1.137266675	1.1175015053096358	1.055861524452213	-0.20852400117499997	0.89164447125	3.1553767592499997	0.01871947147673415	0.5836875
5	2670	natural[186,4]	sub-11376	preference_stranger	0.3536373675	0.3365984126850013	0.09024094079082758	0.230819678555	0.32049571615	0.4922822758099999	0.18881623646293627	0.6723125
5	2670	natural[187,4]	sub-11377	preference_stranger	4.082168068	3.2676825702017966	0.807288004489341	2.0428185701999997	3.2079529090000003	4.7013972290999995	1.0089156450595533	0.84353125
5	2670	natural[188,4]	sub-11387	preference_stranger	0.2770405544	0.28673478485194	0.03379899772990571	0.242867404985	0.28126050199999997	0.348888489675	-0.2868200568966102	0.44259375
5	2670	natural[189,4]	sub-11396	preference_stranger	0.5703351697	-0.15087449911307563	0.2875527407129645	-0.619334891805	-0.12735435255	0.200726818495	2.508095269844734	0.99159375
5	2670	natural[190,4]	sub-11410	preference_stranger	-0.117597609	-0.3304014260474099	0.3074397990660418	-0.927534909295	-0.2637641066	0.042297445251999945	0.6921804453876093	0.739
5	2670	natural[191,4]	sub-11416	preference_stranger	-1.262122146	-0.21723252327587725	1.1128858204841028	-1.4749698544	-0.43071890305	2.3196024889499998	-0.938901011668563	0.091375
5	2670	natural[192,4]	sub-11426	preference_stranger	0.3583096941	1.0011223622908951	0.6542213022376135	0.31286731991	0.813853012	2.3431707311	-0.9825615063164439	0.0811875
5	2670	natural[193,4]	sub-11430	preference_stranger	1.695908701	1.4852160726729668	1.1185076066773971	-0.080729492936	1.3538956739999999	3.504193226749999	0.18836941927727247	0.60909375
5	2670	natural[194,4]	sub-11432	preference_stranger	0.2216072181	-0.030932572223381	0.3360008005772574	-0.65037421581	0.05477269957	0.22300359001499998	0.7516047279932419	0.94690625
5	2670	natural[195,4]	sub-11433	preference_stranger	0.1386931769	0.13723420999613264	0.08179553056289776	-0.0102754945235	0.1557312126	0.22289377556	0.017836755796155096	0.39390625
5	2670	natural[196,4]	sub-11435	preference_stranger	-0.2896338236	-0.43241413955667407	0.283968235670918	-0.948217606225	-0.3953335851	-0.036707356601	0.5028038281089219	0.6619375
5	2670	natural[197,4]	sub-11439	preference_stranger	-0.5074947598	-0.3996038406972853	0.342873553594433	-1.0284987782	-0.34220204774999996	0.01666482413949999	-0.31466678596720593	0.31584375
5	2670	natural[198,4]	sub-11440	preference_stranger	2.225078969	2.1763506821465617	0.9943330931027243	0.692990480275	2.0959292339999998	3.9347019164	0.04900599928881612	0.54903125
5	2670	natural[199,4]	sub-11443	preference_stranger	0.102675541	0.05457854402762047	0.25426769560748647	-0.33311334379999996	0.1011809942	0.235505656465	0.18915889750551307	0.50534375
5	2670	natural[200,4]	sub-11451	preference_stranger	1.948323634	0.38837806326245494	0.3845733993103165	0.0014555904442500006	0.3044427539	1.0751724849999993	4.056301277038686	0.9885
5	2670	natural[201,4]	sub-11461	preference_stranger	0.6450915408	1.1661564935794708	1.3343520795804913	-0.60102596287	0.9448536813499999	3.59571145915	-0.39050034901080166	0.4240625
5	2670	natural[202,4]	sub-11462	preference_stranger	0.7254273263	0.8133911259017168	1.1542978297321567	-0.588716393595	0.48532696835	3.14755754085	-0.07620546217446149	0.59109375
5	2670	natural[203,4]	sub-11472	preference_stranger	-0.1219795845	1.8431811273815024	1.0501016682181157	0.31221355741999995	1.7502170220000002	3.7192458697999995	-1.8714004285091	0.00990625
5	2670	natural[204,4]	sub-11492	preference_stranger	2.26504143	3.3537719751642183	0.8117383923075794	2.10738768935	3.30199563	4.7831739223500005	-1.3412332784571344	0.0794375
5	2670	natural[205,4]	sub-11493	preference_stranger	1.56123013	2.820126499038013	0.8039811695489989	1.61820366475	2.7529771710000004	4.252279543999999	-1.565828176976089	0.04059375
5	2670	natural[206,4]	sub-11498	preference_stranger	2.890867773	2.2133867718435805	0.8388797407170209	0.99661630904	2.125018988	3.7076763231499994	0.8076020533972511	0.7948125
5	2670	natural[207,4]	sub-11517	preference_stranger	-0.2691481171	0.025592133206698946	0.13734767081978805	-0.232803600705	0.053923034514999996	0.18800398083	-2.1459428365073876	0.0375
5	2670	natural[208,4]	sub-11518	preference_stranger	0.2232797163	0.272614921993389	0.1039404331719781	0.16102906167	0.2612616804	0.406702699405	-0.4746488367213152	0.2223125
5	2670	natural[209,4]	sub-11523	preference_stranger	-0.07190085312	-0.4816627563406238	0.6679137237795496	-1.4257604909000001	-0.46755961645	0.14095200057499985	0.6134952593905213	0.84740625
5	2670	natural[210,4]	sub-11526	preference_stranger	-0.01530978174	0.01233546522617645	0.11386321508585404	-0.20260512423000002	0.034255296374999994	0.15315387235999997	-0.24279348642431753	0.329
5	2670	natural[211,4]	sub-11527	preference_stranger	-0.5277629295	-0.8273263384482115	0.4614155221522826	-1.6900969072	-0.7551736151	-0.20785743645000002	0.6492269864500688	0.716875
5	2670	natural[212,4]	sub-11529	preference_stranger	-0.3976259306	-0.04715236045625222	0.2908063236044599	-0.6108135109949999	0.036000364105	0.21314173649499998	-1.2051786419212955	0.10340625
5	2670	natural[213,4]	sub-11530	preference_stranger	-0.256903436	0.7485834804322737	0.7608481825848765	-0.09124102896149999	0.53291649505	2.310967130999999	-1.3215342290971517	0.01809375
5	2670	natural[214,4]	sub-11532	preference_stranger	2.350074413	3.107862637491897	0.8095367448759172	1.88715059185	3.042526504	4.5406143252	-0.9360763786059492	0.1748125
5	2670	natural[215,4]	sub-11533	preference_stranger	-0.5906977549	-0.100346337360305	0.1658679547274293	-0.41478776713500004	-0.06498301001500001	0.09519462182249999	-2.956275781813848	0.01565625
5	2670	natural[216,4]	sub-11534	preference_stranger	0.2240770795	0.018637341355484886	0.1861215135404606	-0.317134946395	0.04765383832	0.24633648644499995	1.1037936143790006	0.92734375
5	2670	natural[217,4]	sub-11535	preference_stranger	-0.7993418864	-0.01010069673098408	0.1676307055309316	-0.33569761227	0.027724712050000003	0.18412708276999995	-4.708213731901184	0.0020625
5	2670	natural[218,4]	sub-11536	preference_stranger	0.3873835654	-0.07912233408560951	0.48310919313311357	-0.7150552393099999	-0.09839552663000001	0.5632471550599999	0.965632420406189	0.9241875
5	2670	natural[219,4]	sub-11539	preference_stranger	2.434902128	1.2653695176782447	0.7690197777967129	0.32733396007000004	1.1003105645	2.7756525564	1.5208095345382864	0.91459375
5	2670	natural[220,4]	sub-11540	preference_stranger	1.88203074	2.7583107244613747	0.8034146195982045	1.56053429535	2.6936887855	4.18631336095	-1.0906945966450186	0.1321875
5	2670	natural[221,4]	sub-11542	preference_stranger	0.1163326963	0.2603865863578585	0.5806906998818385	-0.338441657015	0.15702473425	1.4065718661999997	-0.24807335486373594	0.42484375
5	2670	natural[222,4]	sub-11545	preference_stranger	1.209934097	1.2237289014816244	0.7411420751598159	0.353778165725	1.0491925544999998	2.6921925483999996	-0.01861290155284957	0.58996875
5	2670	natural[223,4]	sub-11551	preference_stranger	0.2809207348	0.1693087728672267	0.10186263125052675	0.0094437734243	0.1802572379	0.28133063522	1.0957105718020232	0.9493125
5	2670	natural[224,4]	sub-11559	preference_stranger	0.1890302699	1.2854195378990478	1.1118174892665353	-0.19892888931999997	1.0972996135000002	3.3478904843999997	-0.9861234227591927	0.15396875
5	2670	natural[225,4]	sub-11560	preference_stranger	0.2828548689	1.8282452649766705	1.093516425347536	0.21628788279500002	1.7410348705	3.7589749132499994	-1.4132301630362087	0.0605
5	2670	natural[226,4]	sub-11563	preference_stranger	0.3330002408	0.7042062756410853	0.4894765000311881	0.31671450137499996	0.5351341581	1.7271446591499997	-0.7583735579081591	0.0715625
5	2670	natural[227,4]	sub-11565	preference_stranger	1.570091053	1.1723925852876265	0.7758159536395481	0.31905702665999996	0.95059201615	2.7496071061	0.5126196050064064	0.7573125
5	2670	natural[228,4]	sub-11570	preference_stranger	1.526531477	3.3228136272265094	0.8219096599718507	2.06525696865	3.262919465	4.759635042149999	-2.1854982824852422	0.00428125
5	2670	natural[229,4]	sub-11572	preference_stranger	1.145838011	0.8172314946537969	0.3065485828332559	0.45536867928499997	0.75044204255	1.4056834885999998	1.0719557510560906	0.86984375
5	2670	natural[230,4]	sub-11579	preference_stranger	2.11641752	2.7786897398166874	0.8376471085060595	1.5278456497	2.7066395634999996	4.26785169045	-0.790633923392689	0.22753125
5	2670	natural[231,4]	sub-11586	preference_stranger	-0.3656591541	-0.24041117979809315	0.3179050993482538	-0.805416128845	-0.19680239395	0.15255403455	-0.39397912949078595	0.29328125
5	2670	natural[232,4]	sub-11587	preference_stranger	0.5485100722	0.828052633125526	0.7000158537921413	-0.007683376581299988	0.6704239753000001	2.2159422237	-0.39933747130323105	0.4050625
5	2670	natural[233,4]	sub-11588	preference_stranger	1.816154101	1.2435553531660906	1.1105730206239721	-0.22009872390000002	1.0605430835	3.3325885395499997	0.5155885630214541	0.7215625
5	2670	natural[234,4]	sub-11591	preference_stranger	1.29194887	1.99721577394408	0.9926119885815068	0.568335757645	1.9035094350000001	3.76417861325	-0.7105162057854474	0.261375
5	2670	natural[235,4]	sub-11597	preference_stranger	0.004507624648	-0.007733455782281658	0.14695187228278994	-0.290022178035	0.02307441762	0.16748772238999998	0.08329992833793419	0.44225
5	2670	natural[236,4]	sub-11598	preference_stranger	1.443456854	0.9362352611568959	1.0325844947693972	-0.33708399495	0.6950226408	2.9480266208499994	0.49121558130347454	0.72925
5	2670	natural[237,4]	sub-11599	preference_stranger	2.427050347	2.5445776271165217	0.8189735616403186	1.3479520996	2.467124492	4.0055480243999995	-0.14350558506568464	0.48075
5	2670	natural[238,4]	sub-11600	preference_stranger	0.4826471708	1.8629896000066302	0.8731582311722643	0.6440423269000001	1.7464789299999999	3.4619554907	-1.5808617269214107	0.0218125
5	2670	natural[239,4]	sub-11606	preference_stranger	0.1443461258	0.18849748892018264	0.07248720172242676	0.065613492062	0.19420381435	0.29137818548	-0.6090918406431282	0.22046875
5	2670	natural[240,4]	sub-11614	preference_stranger	2.634597027	1.9940842047209337	0.9924215201337238	0.55579351785	1.8958668965	3.7832830509999997	0.6454040035253974	0.75315625
5	2670	natural[241,4]	sub-11622	preference_stranger	2.099967953	1.8712547775258686	1.0039462861453683	0.43427490367	1.7576143145	3.6756478284	0.22781415562805785	0.62390625
5	2670	natural[242,4]	sub-11623	preference_stranger	-0.2329743977	1.4482448526213307	0.9522150246891415	0.197441347775	1.2902339895	3.2277243313499997	-1.7655878207447722	0.00490625
5	2670	natural[243,4]	sub-11625	preference_stranger	0.7016322444	0.6532849192160664	0.4848820891201718	0.18173498416	0.52103406265	1.5857421031499996	0.0997094474486795	0.68825
5	2670	natural[244,4]	sub-11626	preference_stranger	1.805095298	0.839320698125405	1.0193596140483796	-0.34372930095	0.5476134819	2.8787090043999983	0.9474326690646766	0.82715625
5	2670	natural[245,4]	sub-11628	preference_stranger	1.060416667	2.3481139212665965	0.907974831044775	1.0178145135999999	2.264305812	3.9794154985999994	-1.4182080937033112	0.05796875
5	2670	natural[246,4]	sub-11631	preference_stranger	1.587703456	2.1952804723748196	0.9266071936413929	0.864004882255	2.1011191775	3.8531600952000002	-0.6557007333249331	0.28496875
5	2670	natural[247,4]	sub-11651	preference_stranger	2.48982396	1.934343516753017	0.9364316992005194	0.7652969831149999	1.7473972875000001	3.7204060752499997	0.5931884233748447	0.74334375
5	2670	natural[248,4]	sub-11660	preference_stranger	3.207923377	2.1609294025164285	0.9028941756225279	0.85234515135	2.0692849425000004	3.7872301414	1.1595976613335552	0.86915625
5	2670	natural[249,4]	sub-11670	preference_stranger	3.303791689	2.471225634111591	0.8269329281326165	1.2936606487	2.374967126	3.96753687455	1.0068120721332423	0.8430625
5	2670	natural[250,4]	sub-11674	preference_stranger	0.3972191722	1.5740246381349146	1.0054311826993725	0.168226396465	1.446779271	3.41765336465	-1.1704485460411502	0.101125
5	2670	natural[251,4]	sub-11679	preference_stranger	-0.2137156206	0.09116159777470947	0.19640736911176448	-0.257648851675	0.13811626864999998	0.27008474213999994	-1.5522697531843668	0.06071875
5	2670	natural[252,4]	sub-11681	preference_stranger	1.492943397	2.2744793162060013	0.8435105520654698	1.0615902961	2.184479606	3.809106826599999	-0.9265277325722676	0.18228125
5	2670	natural[253,4]	sub-11692	preference_stranger	0.09641681191	-0.19078676054347474	0.33215970707730175	-0.8576157667100001	-0.09446187967	0.14277202133499997	0.864655063013514	0.8825
5	2670	natural[254,4]	sub-11701	preference_stranger	1.253871935	1.3398117543814279	0.8821575507034289	0.20217025032000002	1.1779440425	3.0233236385999995	-0.09742003490521589	0.53440625
5	2670	natural[255,4]	sub-11703	preference_stranger	-0.01487570548	-0.031491883120163426	0.16567532476041205	-0.33332962371999997	-0.010472794615	0.1940337892399999	0.10029361743634767	0.48775
5	2670	natural[256,4]	sub-11705	preference_stranger	-0.6855993316	-0.5489228792331715	0.3525691552136974	-1.2078660452499999	-0.4918751785	-0.08213878409300002	-0.38765856384681985	0.3029375
5	2670	natural[257,4]	sub-11709	preference_stranger	0.5894020909	-0.19517245914073897	0.36531683684868554	-0.743340257275	-0.19762165795	0.32126707832999996	2.147655051458004	0.98096875
5	2670	natural[258,4]	sub-11710	preference_stranger	0.135108724	-0.21771157218729195	0.23495197385332262	-0.670446283185	-0.172237573	0.07639596300399995	1.5016698536338025	0.98978125
5	2670	natural[259,4]	sub-11714	preference_stranger	2.260019864	2.396194115686257	0.8869080426986391	1.08794069815	2.31584423	3.9836512532999997	-0.15353818561833377	0.47425
5	2670	natural[260,4]	sub-11719	preference_stranger	1.865185049	2.6604864269894817	0.829922547514164	1.4233125878500001	2.595592635	4.139180961199999	-0.9582838547664697	0.17071875
5	2670	natural[261,4]	sub-11720	preference_stranger	0.01465243752	0.6068813401067117	1.158823501560936	-0.67546454162	0.20498352105	3.0150037699	-0.5110604865960855	0.38684375
5	2670	natural[262,4]	sub-11722	preference_stranger	1.063860783	1.4229877953534624	0.6098671678044414	0.71006985234	1.279914544	2.6226358576499997	-0.5888610361602862	0.3200625
5	2670	natural[263,4]	sub-11723	preference_stranger	-0.5965083141	0.02200533710042241	0.1947712410325598	-0.34389502523	0.06390100665500001	0.230314319575	-3.17559023560889	0.01371875
5	2670	natural[264,4]	sub-11736	preference_stranger	0.5343824903	1.4216391337678604	1.3206408388878454	-0.38930605549499997	1.2669807075000001	3.7839859846999997	-0.6718379572564545	0.3105625
5	2670	natural[265,4]	sub-11744	preference_stranger	2.688843029	1.1804054824040089	0.873879312405498	0.11469247915	0.9894919930499999	2.87804487915	1.7261394396026681	0.93425
5	2670	natural[266,4]	sub-11746	preference_stranger	2.745060315	1.3709820503485093	0.8071376459824728	0.372259183125	1.2024978394999999	2.93410069325	1.7024088412812417	0.9311875
5	2670	natural[267,4]	sub-11748	preference_stranger	3.282434307	3.3228618900881877	0.8176298830635143	2.0684962221000003	3.265074937	4.754580034999998	-0.04944484530911803	0.50809375
5	2670	natural[268,4]	sub-11756	preference_stranger	0.5912234068	0.6654261598474718	0.23699115701042328	0.404313136465	0.61146827265	1.10358036975	-0.3131034675872241	0.45478125
5	2670	natural[269,4]	sub-11764	preference_stranger	3.082218533	1.8101495793951818	0.9680663900824212	0.43528166861	1.697595606	3.5761283791499996	1.31403069731252	0.8939375
5	2670	natural[270,4]	sub-11772	preference_stranger	-0.6931079935	-0.29238787835562596	0.3019664343888865	-0.864097379995	-0.2389024468	0.09690012340949994	-1.3270352910426724	0.10325
5	2670	natural[271,4]	sub-11773	preference_stranger	-0.003506795567	0.19282353964371965	0.22551887170857077	-0.11770981979999999	0.1796526071	0.529317555185	-0.8705716453939593	0.137
5	2670	natural[272,4]	sub-11774	preference_stranger	4.735240415	2.9269896096588655	0.8137786208224151	1.7097300145499998	2.8593802745000003	4.373397210799999	2.2220426527225463	0.9773125
5	2670	natural[273,4]	sub-11784	preference_stranger	-0.3594683256	-0.39743645060100075	0.30981424018223547	-0.98636616765	-0.3383423136	-0.008107059326800028	0.12255125838847024	0.47153125
5	2670	natural[274,4]	sub-11787	preference_stranger	0.001677355782	0.5159238387953631	0.9133190104530804	-0.52963639208	0.26818928755	2.3947334714499995	-0.563052424320233	0.3174375
5	2670	natural[275,4]	sub-11788	preference_stranger	0.3954672637	0.3455117425894647	0.2492551412053757	0.0527119364195	0.30513312530000003	0.7697746678049997	0.20041922051820013	0.6896875
5	2670	natural[276,4]	sub-11789	preference_stranger	0.2111238766	0.20047169033346748	0.08262318353326904	0.0616965031675	0.21191064194999998	0.29893761762	0.12892490716293106	0.494
5	2670	natural[277,4]	sub-11790	preference_stranger	3.135235028	2.298279843968581	0.8969231501817219	0.984348476725	2.2146790755	3.8929358648999997	0.9331403519485997	0.82409375
5	2670	natural[278,4]	sub-11793	preference_stranger	-0.01802186528	0.10907821115154741	0.6213622102978804	-0.59515732244	-0.0047342033145	1.2971582731999998	-0.2045507021912642	0.48484375
5	2670	natural[279,4]	sub-11795	preference_stranger	1.836577821	3.207339365882725	0.8217518101015503	1.9735294511500001	3.143533123	4.67084700555	-1.6680967757324798	0.030875
5	2670	natural[280,4]	sub-11815	preference_stranger	1.8999067	1.8482366131299246	1.0678116023719149	0.306166014535	1.7488827625	3.7583611857999997	0.048388767040273235	0.5539375
5	2670	natural[281,4]	sub-11822	preference_stranger	0.4528089207	0.606640988536152	0.2790489053743258	0.31879447028	0.5404516977	1.12079099945	-0.5512727872191305	0.29809375
5	2670	natural[282,4]	sub-11823	preference_stranger	0.6500434289	1.6687908184917755	1.0461869896217275	0.24023390822	1.5335234675	3.5842963114999997	-0.9737718015018775	0.17146875
5	2670	natural[283,4]	sub-11824	preference_stranger	1.991146402	0.9589867938680627	0.6564220220244543	0.28318124233	0.7621142634	2.2994952093999994	1.5724024689919456	0.9170625
5	2670	natural[284,4]	sub-11828	preference_stranger	-0.04702421617	0.01817561399747614	0.7904518513658224	-0.818649150655	-0.13980534844999998	1.6919678675999976	-0.08248425258896833	0.59978125
5	2670	natural[285,4]	sub-11829	preference_stranger	3.916885288	3.2751515877215254	0.8101923379208982	2.0587958094	3.2142930534999996	4.70192187935	0.7920757457732577	0.79475
5	2670	natural[286,4]	sub-11840	preference_stranger	1.815959837	1.919409980780958	1.0714353621212305	0.33271000251000005	1.8397277525	3.7999636733499997	-0.09655285557884424	0.492
5	2670	natural[287,4]	sub-11847	preference_stranger	-0.4272969251	1.182583180798353	1.134314411745088	-0.21708236943999998	0.9171918498	3.3568506919	-1.4192538587441819	0.02184375
5	2670	natural[288,4]	sub-11853	preference_stranger	4.081146222	3.3370855809709092	0.8216207040333647	2.0925409386	3.2731950615	4.7869548556	0.9056011336818451	0.822
5	2670	natural[289,4]	sub-11854	preference_stranger	-0.2602273968	-0.5158573670391838	0.3937605474218005	-1.2472564059	-0.4541339537	0.0010402007366999996	0.6492015818063923	0.71871875
5	2670	natural[290,4]	sub-11861	preference_stranger	3.538042337	2.430363205264478	0.8581378946888294	1.1737897962500001	2.3499592854999998	3.9763535098999996	1.290793867269058	0.89325
5	2670	natural[291,4]	sub-11866	preference_stranger	0.8433297351	0.3948704179724279	0.26717012013988506	0.085443277813	0.35032339045000005	0.8428714024049999	1.6785534134309912	0.95015625
5	2670	natural[292,4]	sub-11867	preference_stranger	-0.3561699355	-0.15128799496915923	0.6022621764190794	-0.8589127747149999	-0.21866483715	0.8327907799299998	-0.34018729475761605	0.3419375
5	2670	natural[293,4]	sub-11870	preference_stranger	2.107056008	2.5825389019601	0.7635860276768269	1.4673364144	2.5076238955	3.96230530865	-0.6226972164573696	0.29059375
5	2670	natural[294,4]	sub-11872	preference_stranger	-0.0366266874	-0.19815630427135072	0.17145883125158198	-0.51684203354	-0.17294836214999998	0.03242213487699996	0.9420898048368118	0.8406875
5	2670	natural[295,4]	sub-11876	preference_stranger	0.5913007231	0.5065208594819843	0.15258364420866308	0.332249301615	0.47262546434999997	0.7930852104699999	0.5556287769747883	0.78271875
5	2670	natural[296,4]	sub-11877	preference_stranger	0.911669927	0.4895772895782331	0.7340621502095573	-0.2666170285	0.27711215665	2.065408360849999	0.5750094011811799	0.81403125
5	2670	natural[297,4]	sub-11881	preference_stranger	1.996507027	2.204930258454001	0.8493843657291807	0.971589997295	2.1181047265000004	3.73613508155	-0.24538152556537038	0.4439375
5	2670	natural[298,4]	sub-11885	preference_stranger	0.4148511562	0.5925935976350863	0.6038933439478825	0.017030692505500003	0.40608317375	1.8698864692	-0.2943275384906808	0.510125
5	2670	natural[299,4]	sub-11891	preference_stranger	-0.2029091342	-0.08834314181646159	0.18743076783820162	-0.444886549485	-0.05166514416	0.13962445327499998	-0.6112443207960219	0.215125
5	2670	natural[300,4]	sub-11897	preference_stranger	1.56420324	2.191405847122687	0.816359345085139	1.04249643945	2.0868630364999996	3.6853638271999998	-0.7682923101189899	0.23584375
5	2670	natural[301,4]	sub-11900	preference_stranger	0.1287092816	0.13538030121664202	0.05907470077902452	0.023510674808	0.1462180739	0.20935845361499997	-0.11292515287712934	0.377375
5	2670	natural[302,4]	sub-11902	preference_stranger	1.131719548	2.301235355003615	0.8762300813126475	1.0251040256000001	2.2129910365	3.88635207025	-1.334713144350862	0.0724375
5	2670	natural[303,4]	sub-11909	preference_stranger	1.739319905	1.0245861757490866	1.27470637699578	-0.57296613021	0.6395087912	3.4821117699499995	0.5607046000157255	0.735125
5	2670	natural[304,4]	sub-11913	preference_stranger	0.5700683018	0.8326109573437434	0.8553733338492286	-0.104230071695	0.584828539	2.6369977769499986	-0.30693341159267434	0.4895625
5	2670	natural[305,4]	sub-11914	preference_stranger	1.603308976	2.8327604886615405	0.8273843242870816	1.5941899229	2.7681206625	4.29169920165	-1.4859497292517612	0.05175
5	2670	natural[306,4]	sub-11920	preference_stranger	0.117443048	0.2174154496224067	0.17422862631958796	0.0414806307975	0.21910751895000002	0.34554756403	-0.5738000909163291	0.12290625
5	2670	natural[307,4]	sub-11922	preference_stranger	0.2819460048	0.11400484389024287	0.12661763865078182	-0.11666489096	0.1329597189	0.280601387115	1.3263646573993357	0.951375
5	2670	natural[308,4]	sub-11923	preference_stranger	0.3677212977	1.2495097454876583	0.9633652142979516	0.09620458580600001	1.02906471	3.1207083139999994	-0.9153210378581688	0.170875
5	2670	natural[309,4]	sub-11924	preference_stranger	0.03542569477	0.021653485380119485	0.0898905835106964	-0.142315127125	0.033965366975	0.14405401312	0.15321081310192755	0.50678125
5	2670	natural[310,4]	sub-11926	preference_stranger	2.211283825	2.9874128202205004	0.8115870904343158	1.7727571362	2.9215297025	4.4119094565	-0.9563101783755081	0.1714375
5	2670	natural[311,4]	sub-11928	preference_stranger	1.490444937	2.8917681280851313	0.8422976031764622	1.6308714058	2.8203942580000003	4.39163501965	-1.6636912960460517	0.02953125
5	2670	natural[312,4]	sub-11929	preference_stranger	-0.08574935178	-0.12329257996799599	0.21005873185513757	-0.5315189402049999	-0.07453005579	0.11396583905499999	0.1787272914409807	0.47378125
5	2670	natural[313,4]	sub-11931	preference_stranger	3.092878128	3.275317288849159	0.8065099304338864	2.0590565471	3.217170872	4.70403753965	-0.22620820149233653	0.43803125
5	2670	natural[314,4]	sub-11935	preference_stranger	0.3853023077	0.4861335032109705	0.5189755338354783	-0.049393587608499996	0.34828116350000005	1.5280878558499997	-0.1942889191052602	0.5485
5	2670	natural[315,4]	sub-11939	preference_stranger	0.2790520851	0.08314545127955604	0.5131772290581871	-0.521701160435	0.05656873137	0.8488878682349998	0.38175239026093055	0.86725
5	2670	natural[316,4]	sub-11943	preference_stranger	0.1007591008	0.08477455488622553	0.09848724990140824	-0.10453447135999999	0.10614207055	0.199888443855	0.16230066257079961	0.47375
5	2670	natural[317,4]	sub-11949	preference_stranger	0.1566348083	0.08459589304324143	0.07504571660871118	-0.0565969374675	0.098013204415	0.179461391725	0.959933737888998	0.8574375
5	2670	natural[318,4]	sub-11960	preference_stranger	0.01080578103	0.14665016650130142	0.6234772892253927	-0.530119278735	0.0662074242	1.3282065894	-0.21788185042004385	0.42059375
5	2670	natural[319,4]	sub-11969	preference_stranger	0.1937473096	0.060752337739359834	0.11587605351672504	-0.15522261306	0.07837354991	0.21450717973499994	1.1477347374575908	0.9138125
5	2670	natural[320,4]	sub-11974	preference_stranger	2.553925507	3.066631212806956	0.8138305229573612	1.84762017865	3.0066754125	4.50230768645	-0.6299907552543565	0.2836875
5	2670	natural[321,4]	sub-11976	preference_stranger	1.25614138	1.7603586518817436	0.7631474296312563	0.744727348665	1.636623631	3.1881636295	-0.6607075544044946	0.28603125
5	2670	natural[322,4]	sub-11982	preference_stranger	1.194431662	1.8387930973802156	0.72998358198885	0.875311485365	1.7152307009999999	3.2128688066	-0.8827067502321686	0.19071875
5	2670	natural[323,4]	sub-11984	preference_stranger	1.800429616	3.2111061858018908	0.8091947945422148	1.9869993318999999	3.1539381210000004	4.63966177855	-1.743309002129644	0.0263125
5	2670	natural[324,4]	sub-12008	preference_stranger	0.07071249941	0.06685039008557421	0.09848643153175911	-0.11740799994	0.08430401299500001	0.192562505645	0.039214633572954384	0.44021875
5	2670	natural[325,4]	sub-12011	preference_stranger	2.821937096	2.0505350151835424	0.8506659607861605	0.844254174545	1.954858346	3.6054755795499998	0.906821380396543	0.82115625
5	2670	natural[326,4]	sub-12013	preference_stranger	-0.6549634863	0.7253352251705819	0.8500983057483701	-0.20753432027500002	0.47268434950000005	2.4831697262999994	-1.6236930507177738	0.00421875
5	2670	natural[327,4]	sub-12018	preference_stranger	-0.5128531843	-0.27566608850879876	0.2247907934809324	-0.6900251186799999	-0.24523059265	0.03237553009599998	-1.055145952013023	0.13940625
5	2670	natural[328,4]	sub-12020	preference_stranger	0.106763153	0.16891604581257816	0.08378687002848678	0.035251332717000004	0.18608324604999998	0.25199196847	-0.741797524975533	0.13621875
5	2670	natural[329,4]	sub-12021	preference_stranger	2.349077699	2.2641432279602376	0.9508108277747137	0.865885759635	2.1742172275	3.9757471747000004	0.08932846425249887	0.5685
5	2670	natural[330,4]	sub-12031	preference_stranger	3.366959698	1.9320559017678332	0.8349783874157357	0.77422422219	1.825973779	3.46694795075	1.7184921404651021	0.940375
5	2670	natural[331,4]	sub-12032	preference_stranger	1.169252407	1.859992590236245	0.868570610517415	0.659434027205	1.7451258090000001	3.4534969089	-0.7952608283911023	0.2341875
5	2670	natural[332,4]	sub-12033	preference_stranger	0.1843683823	0.191275154056075	0.046715214593178615	0.10992880356500001	0.1991984135	0.24720196657000001	-0.14784844330102992	0.35415625
5	2670	natural[333,4]	sub-12036	preference_stranger	0.3592049909	1.1754730237303443	0.944880676860836	-0.0187629466335	0.97852205715	2.98006804985	-0.863884777009326	0.19475
5	2670	natural[334,4]	sub-12037	preference_stranger	0.3224929581	-0.03225628982394798	0.40698701884114	-0.5984682178599999	-0.01904967178	0.3847548576699995	0.8716475747409965	0.93975
5	2670	natural[335,4]	sub-12038	preference_stranger	0.2236230738	0.17357927587923713	0.05226768234499579	0.0785300074535	0.18105988675	0.24213758527499998	0.957452017681709	0.85928125
5	2670	natural[336,4]	sub-12039	preference_stranger	2.929497936	2.499779385203872	0.843491966844443	1.2795907018	2.4201358375	4.0315234725	0.5094518592793864	0.7176875
5	2670	natural[337,4]	sub-12041	preference_stranger	-0.5660644515	-0.4325545016751179	0.3381134716954466	-1.07571541175	-0.36531278785	-0.013237958319500004	-0.39486728865136805	0.28309375
5	2670	natural[338,4]	sub-12047	preference_stranger	-0.1227541573	-0.009576490733962419	0.20094919005142237	-0.38436412363	0.043228303695	0.18261994451	-0.563215340838526	0.179625
5	2670	natural[339,4]	sub-12049	preference_stranger	2.406618478	2.4774864229375333	0.8986575084180531	1.15990562845	2.3895764925	4.0997635221	-0.0788597928283995	0.5075625
5	2670	natural[340,4]	sub-12051	preference_stranger	0.1976860139	0.154399721514548	0.31151401530569633	-0.255270086935	0.1352909754	0.6034091595499992	0.1389545582498884	0.63034375
5	2670	natural[341,4]	sub-12054	preference_stranger	0.514624511	1.3003780534089469	0.5724466325835389	0.59698806499	1.1861156495	2.3952392221999994	-1.3726232240422507	0.01321875
5	2670	natural[342,4]	sub-12055	preference_stranger	1.791139742	1.7002738567733595	0.8458998815712998	0.658960302985	1.5261101460000002	3.3328659238	0.10741919606118475	0.6111875
5	2670	natural[343,4]	sub-12057	preference_stranger	0.1602710206	0.0405901418919974	0.1542320915199907	-0.25922759635000003	0.073655526655	0.224567123555	0.7759790944188177	0.784125
5	2670	Omega[2,1]		Omega[2,1]	-0.598449419	-0.6693211736669156	0.08165704359622084	-0.78967503408	-0.6769314844500001	-0.52431028664	0.8679196741111938	0.81871875
5	2670	Omega[3,1]		Omega[3,1]	0.2718835975	0.3994608503173683	0.11688654581929307	0.19513659564000002	0.40698932330000004	0.57911692245	-1.091462254471982	0.13890625
5	2670	Omega[4,1]		Omega[4,1]	0.1607706034	0.34321169760324843	0.12132690047526781	0.13254106445000002	0.35007000990000003	0.5305478074949999	-1.5037151158447224	0.0759375
5	2670	Omega[1,2]		Omega[1,2]	-0.598449419	-0.6693211736669156	0.08165704359622084	-0.78967503408	-0.6769314844500001	-0.52431028664	0.8679196741111938	0.81871875
5	2670	Omega[3,2]		Omega[3,2]	-0.5639048253	-0.6224297548156125	0.05115315558860025	-0.702223143755	-0.6246364557999999	-0.534363302975	1.1441118117189057	0.8726875
5	2670	Omega[4,2]		Omega[4,2]	-0.4754962469	-0.5245811231664218	0.059703690239507314	-0.61890977469	-0.5269040863500001	-0.42272417172	0.8221414131942757	0.7955625
5	2670	Omega[1,3]		Omega[1,3]	0.2718835975	0.3994608503173683	0.11688654581929307	0.19513659564000002	0.40698932330000004	0.57911692245	-1.091462254471982	0.13890625
5	2670	Omega[2,3]		Omega[2,3]	-0.5639048253	-0.6224297548156125	0.05115315558860025	-0.702223143755	-0.6246364557999999	-0.534363302975	1.1441118117189057	0.8726875
5	2670	Omega[4,3]		Omega[4,3]	0.8808194279	0.9095561663184406	0.026594795355894325	0.86135449726	0.91249849295	0.947663523075	-1.0805399339939477	0.140125
5	2670	Omega[1,4]		Omega[1,4]	0.1607706034	0.34321169760324843	0.12132690047526781	0.13254106445000002	0.35007000990000003	0.5305478074949999	-1.5037151158447224	0.0759375
5	2670	Omega[2,4]		Omega[2,4]	-0.4754962469	-0.5245811231664218	0.059703690239507314	-0.61890977469	-0.5269040863500001	-0.42272417172	0.8221414131942757	0.7955625
5	2670	Omega[3,4]		Omega[3,4]	0.8808194279	0.9095561663184406	0.026594795355894325	0.86135449726	0.91249849295	0.947663523075	-1.0805399339939477	0.140125
