participant_id	parameter	mean	median	ci_low	ci_high
sub-10402	alpha	0.2876682747706843	0.1850056825	0.023492374037500003	0.9695134152725
sub-10402	kappa	0.47923434699931033	0.3878389219	0.08340695445625	1.353018969349999
sub-10402	alpha_negative	0.12381390298880356	0.060223063755	0.0020733924975000003	0.7017896868924995
sub-10402	gamma0	2.3576971278002814	2.3313877375	1.203521042875	3.6668729117999974
sub-10418	alpha	0.4952128658500413	0.47658593974999997	0.008565391416324999	0.9952607029599999
sub-10418	kappa	0.19026576719863197	0.1660749057	0.047388225576	0.47542867719
sub-10418	alpha_negative	0.1313999884120482	0.055542969585000004	0.0013595856252500002	0.7583958138274993
sub-10418	gamma0	1.6398423768132329	1.619359347	0.6603010132925	2.7218989083499996
sub-10478	alpha	0.4680152864777119	0.4132403184	0.037193697458000004	0.9869541008474999
sub-10478	kappa	0.2552547687831156	0.21954828295	0.05588131700375	0.6780769732349999
sub-10478	alpha_negative	0.08903634739065763	0.039431281469999996	0.0010265810869000002	0.514191920605
sub-10478	gamma0	0.9128330278511388	0.8986886282	0.010854408242750009	1.8883648200499992
sub-10529	alpha	0.39284096218758496	0.31322053455	0.017953708674	0.9800370746524999
sub-10529	kappa	0.3009619004206838	0.2518744727	0.06412948572775	0.8166181798925
sub-10529	alpha_negative	0.130515919339341	0.05718501888	0.001790449221925	0.7352130292675
sub-10529	gamma0	1.730586271601275	1.7067856475	0.717083529175	2.867179677124999
sub-10541	alpha	0.5462842990114454	0.5516818162	0.04367920694775001	0.990982713625
sub-10541	kappa	0.2284447503526498	0.20320713499999998	0.05392292306825	0.5553413436474999
sub-10541	alpha_negative	0.08305601679284863	0.035973612700000004	0.0009507894097175	0.47767007226499997
sub-10541	gamma0	1.0213057271043025	1.008914827	0.09573225987775001	2.0177631357749997
sub-10559	alpha	0.021706472441571003	0.011728047395	0.00031643848795750003	0.09846870210499976
sub-10559	kappa	0.9858109368114657	0.9386737206	0.442275471775	1.7998727463499995
sub-10559	alpha_negative	0.3467692643898727	0.31708818780000003	0.058884794153	0.7925561892999996
sub-10559	gamma0	1.5783789628457838	1.57358332	0.22604292557500003	2.9817311289499995
sub-10572	alpha	0.054491578239659805	0.027945373545	0.0010439998482499999	0.26293786135999997
sub-10572	kappa	0.34712315218439777	0.31887831115	0.09605742691875001	0.7624347180899996
sub-10572	alpha_negative	0.30250846220972877	0.25129935999999997	0.025629775284750002	0.8522390977949996
sub-10572	gamma0	1.4656068857617301	1.4553337345	0.44710443655750004	2.5567361802499993
sub-10581	alpha	0.19225972738619168	0.12614746124999998	0.0044163635190250005	0.8662406186174999
sub-10581	kappa	0.35214986568821655	0.26255210915	0.051387886441750005	1.1414864745999973
sub-10581	alpha_negative	0.13690373608858133	0.056563330645	0.0014297275658	0.7708483122824997
sub-10581	gamma0	0.37206099360690825	0.358675048	-0.579508689035	1.3828913862249999
sub-10584	alpha	0.19382603648534633	0.13794629125000002	0.00471453108505	0.7588492151699996
sub-10584	kappa	0.4366926909234972	0.3717701907	0.0917129460335	1.138753131199998
sub-10584	alpha_negative	0.21441831465631447	0.1405367516	0.0040666752447	0.7899292421824989
sub-10584	gamma0	1.1231941067039624	1.1075871830000001	0.06988510576750001	2.2444626028249997
sub-10585	alpha	0.6822947716017153	0.7418851806	0.1310264678825	0.99427622998
sub-10585	kappa	0.27241722293983284	0.25314688475	0.0738967623065	0.5802448092199998
sub-10585	alpha_negative	0.05032667336212191	0.021524704755	0.0005624003211550001	0.27852339067499937
sub-10585	gamma0	1.2739835730741875	1.2586813105	0.3331594979025	2.302513629924999
sub-10589	alpha	0.5543295383487714	0.5457023063499999	0.06307097800625	0.9950345817975
sub-10589	kappa	0.29345189501365065	0.25892287724999996	0.07118843448025	0.726277040775
sub-10589	alpha_negative	0.08455652947833582	0.03686873675	0.001193492096775	0.51635291962
sub-10589	gamma0	2.187052517135873	2.1616773635	1.081552437475	3.4378345077499994
sub-10590	alpha	0.26335031881586135	0.14383651235	0.005684959421425	0.9650513558799999
sub-10590	kappa	0.2718040746447364	0.2219065509	0.053159097599	0.7618728191524999
sub-10590	alpha_negative	0.17014530468895228	0.09342588503	0.0025462333634750003	0.7877932162574984
sub-10590	gamma0	1.1035567687188954	1.0882723435	0.13176902653	2.170903440199999
sub-10596	alpha	0.4193925517954028	0.35255426349999996	0.15830231727750002	0.9610280212375
sub-10596	kappa	0.7708545521223494	0.6925776188499999	0.181954723645	1.8029672570249995
sub-10596	alpha_negative	0.025333621676361034	0.013330780635000001	0.0004539709740775	0.12052183161749996
sub-10596	gamma0	1.5650287180404219	1.544648301	0.4744100859425	2.770817924075
sub-10603	alpha	0.3044649367310043	0.18893218374999998	0.00413025888495	0.9719141666474999
sub-10603	kappa	0.18207223025540611	0.15498033449999998	0.03902402824975	0.4801952061774997
sub-10603	alpha_negative	0.164475852501865	0.08460236292500001	0.0019149009137500001	0.7897198004149996
sub-10603	gamma0	0.28407337683731587	0.2782539623	-0.592044660175	1.1976691338249998
sub-10606	alpha	0.7941429663092062	0.8309635316	0.4158104811025	0.9961636695199999
sub-10606	kappa	0.7391497304359615	0.7106680402500001	0.27438766238	1.3753648148499993
sub-10606	alpha_negative	0.014422304193531115	0.007406029112	0.00023480924666	0.06968153805624996
sub-10606	gamma0	2.336893075019405	2.3140719945	1.13036293215	3.6939267721249993
sub-10636	alpha	0.8567195285331093	0.90290543175	0.4793333804075	0.997233368495
sub-10636	kappa	0.44131235345096814	0.42666363735	0.1388095099725	0.8335369164949991
sub-10636	alpha_negative	0.015136083412807928	0.006951431201	0.00020155703265	0.07728774740424994
sub-10636	gamma0	1.5240240116474604	1.5076938085	0.47680747960000003	2.6807588742499986
sub-10638	alpha	0.88240353296375	0.9190453870999999	0.5898863063625001	0.997800191565
sub-10638	kappa	0.8213863979128687	0.79771796645	0.35636111151000005	1.4145872055999995
sub-10638	alpha_negative	0.009739572544036054	0.0049761477329999994	0.000144390429355	0.04740362385399992
sub-10638	gamma0	2.429654543361256	2.401296376	1.173104447875	3.82963153525
sub-10640	alpha	0.1420641378488687	0.08680358581	0.0017728865935750001	0.7206090896599998
sub-10640	kappa	0.3231448973717353	0.2556539631	0.052195563565	0.9589353445974987
sub-10640	alpha_negative	0.20178221579525593	0.10528858305	0.0020038820757	0.8523727520174998
sub-10640	gamma0	0.054723964278694186	0.047427137790000004	-0.9229334656575	1.0743693612749994
sub-10642	alpha	0.1047010413890189	0.055311724585	0.0014615739366249999	0.607130605252499
sub-10642	kappa	0.3252168786259356	0.26479244175	0.056905927306	0.9412301713749998
sub-10642	alpha_negative	0.2394749154942804	0.13828330290000002	0.0031561546232250002	0.8804480976224995
sub-10642	gamma0	0.3938766296447519	0.39174495	-0.5805455143449999	1.3999315739499993
sub-10644	alpha	0.32469673283666917	0.24173680495	0.013224088473	0.9507167086924998
sub-10644	kappa	0.33505268006820793	0.25536439695	0.045557738228500004	1.0582633144999993
sub-10644	alpha_negative	0.0779444050597069	0.02517924834	0.0005322169259450001	0.5656290309374997
sub-10644	gamma0	-0.16956245412012458	-0.171738079	-1.078229095525	0.7525077841724999
sub-10647	alpha	0.030485630583687147	0.01651090693	0.00036719871462	0.1380486925074999
sub-10647	kappa	1.082504569907275	0.88640149665	0.34549414028250003	2.7886433882249992
sub-10647	alpha_negative	0.2651092130490348	0.1934661067	0.00200703534895	0.8466730673874994
sub-10647	gamma0	0.9732407873028189	0.96681009195	-0.243041821675	2.2157452771999995
sub-10649	alpha	0.8633170721069425	0.90345721615	0.5378433281925	0.9972514529275
sub-10649	kappa	0.7116110129059018	0.6867247407	0.26299329308999997	1.298701625925
sub-10649	alpha_negative	0.013014661282947763	0.0063594760395	0.0001904914985875	0.06411030994674995
sub-10649	gamma0	2.3549934657232034	2.3287529415000003	1.11849350175	3.7266874835249997
sub-10652	alpha	0.7026940676236646	0.7747226229499999	0.10899447748	0.99417236201
sub-10652	kappa	0.28623301154565967	0.2658764373	0.07500604108125	0.60689815479
sub-10652	alpha_negative	0.07110487684938507	0.02950180845	0.000662590827955	0.4019347147049998
sub-10652	gamma0	1.3648859293036704	1.348647701	0.41702219886999997	2.417979597875
sub-10656	alpha	0.038677395106353596	0.02397893943	0.0006473085251025	0.15468486695749994
sub-10656	kappa	0.7983115087549788	0.7200111202499999	0.32187045746	1.6971680044999977
sub-10656	alpha_negative	0.3533701412151819	0.31002741749999996	0.0264340240815	0.8724212630624996
sub-10656	gamma0	1.7824081365599391	1.7717585740000001	0.63093557665	3.003743049224999
sub-10657	alpha	0.44169100662915584	0.39910137255	0.1290562940675	0.9437473698225
sub-10657	kappa	0.7506647733615418	0.6194267939	0.14599321904749998	2.0450124008249997
sub-10657	alpha_negative	0.10188774736147298	0.067461119435	0.00104015769715	0.3588441517474999
sub-10657	gamma0	1.1158538144188728	1.0846029465	0.03997430255825002	2.3637635501999994
sub-10661	alpha	0.6952793046894512	0.7116987559	0.29354856817499997	0.9910209504674999
sub-10661	kappa	0.574486515804445	0.5454926901	0.18882288053000001	1.1274666720499997
sub-10661	alpha_negative	0.04531982938837607	0.02350472206	0.0006059416939925	0.20389241884499987
sub-10661	gamma0	2.1520827539561567	2.1253873505	1.024230760275	3.425590397949999
sub-10663	alpha	0.05047748756298817	0.033483247435	0.0010871507873999999	0.19232670459249987
sub-10663	kappa	0.7561289144890964	0.69871370185	0.272364997845	1.5597948042999998
sub-10663	alpha_negative	0.25681732950439445	0.21649643625	0.01848859807375	0.7344119759799996
sub-10663	gamma0	2.0178438622725734	2.007049019	0.7989679713825	3.2831458876249995
sub-10673	alpha	0.201269949104121	0.08425786059500001	0.0026495209663999998	0.9570365675499999
sub-10673	kappa	0.21894238455826298	0.1827101811	0.045549036473500004	0.5897082402374996
sub-10673	alpha_negative	0.21681676248311255	0.1097189085	0.0030871515482	0.8990613824899998
sub-10673	gamma0	1.1311958710886236	1.1192599565	0.1718509623575	2.1678919350999997
sub-10674	alpha	0.8830325796820812	0.91940310345	0.58775462964	0.9978038344525
sub-10674	kappa	1.0866383588200916	1.0552568469999999	0.5116518095775	1.833438239175
sub-10674	alpha_negative	0.00979567909867994	0.004559589292	0.00012745590509	0.050459943113499876
sub-10674	gamma0	2.7708797696058527	2.746570953	1.4896283031	4.19847369775
sub-10677	alpha	0.18339751411031865	0.12506612015000002	0.0053322135863249995	0.7907680103674999
sub-10677	kappa	0.4327655406712928	0.35985902775	0.07328503926575	1.186346808625
sub-10677	alpha_negative	0.15142324161937085	0.080208305055	0.002475684480975	0.7453507646499998
sub-10677	gamma0	1.1130315781676499	1.100547618	0.09730290837725002	2.1882132285749982
sub-10685	alpha	0.1225105372160888	0.09605089104	0.0024838878048499997	0.437750889859999
sub-10685	kappa	0.577100269898102	0.4564276909	0.08112912707175	1.6808632282499993
sub-10685	alpha_negative	0.16163248735737476	0.070616294935	0.001136521624425	0.8052111339249993
sub-10685	gamma0	0.3490736569474451	0.3402598751	-0.7207051890475	1.4597655454499998
sub-10691	alpha	0.8392016649884813	0.8798957306999999	0.49439421456000004	0.9971088439800001
sub-10691	kappa	0.9416222422600563	0.9151872343	0.4269892045875	1.615987980449998
sub-10691	alpha_negative	0.011331988772086316	0.005733364055	0.00017149176969999999	0.05494805379824995
sub-10691	gamma0	2.650180174734	2.6249236529999997	1.396335980925	4.025394820949999
sub-10700	alpha	0.1138834355405444	0.067506953345	0.001830014327975	0.6210297358849988
sub-10700	kappa	0.3190871013894935	0.246561116	0.04876643717025	0.9764538671974983
sub-10700	alpha_negative	0.17473282322484837	0.069205531175	0.001517928651025	0.853329736045
sub-10700	gamma0	0.134758111195469	0.13033970434999997	-0.82129257224	1.1231298923499995
sub-10701	alpha	0.02531702919996817	0.01305239518	0.00032448972412999996	0.12043667864499968
sub-10701	kappa	0.7171464277859134	0.6510272405499999	0.21671650025	1.579955448225
sub-10701	alpha_negative	0.2512644605775638	0.20371351645000002	0.00723371736345	0.7633185891499994
sub-10701	gamma0	0.39562835192488727	0.39938015564999996	-0.804605230525	1.5765497339249999
sub-10713	alpha	0.03880599569711791	0.02675015461	0.000940947663495	0.1428788871149999
sub-10713	kappa	0.7487672131217612	0.68936232165	0.22071307612750002	1.5950356544249986
sub-10713	alpha_negative	0.17899121940409826	0.1341667172	0.008120565509350001	0.6387973928949996
sub-10713	gamma0	1.3541132462278633	1.3473754915	0.18356316524500002	2.5585537515000003
sub-10716	alpha	0.4594436463321107	0.41044382635	0.01305460735025	0.9903310125675
sub-10716	kappa	0.2597513876733791	0.22964648875	0.06563466899625	0.6255369007749996
sub-10716	alpha_negative	0.17806841576562163	0.11038721185	0.00262733789285	0.742358443947499
sub-10716	gamma0	2.0243345743405463	1.9998400985	0.9452904224174999	3.247763986275
sub-10718	alpha	0.846168083485575	0.89246486225	0.4780865185625	0.9974964887750001
sub-10718	kappa	0.6791646524370875	0.6571427433	0.2590773520675	1.2204679123999989
sub-10718	alpha_negative	0.01102828969219977	0.005689805442	0.00018268794562	0.05396352475174989
sub-10718	gamma0	2.358476371095262	2.3386935845	1.1783485052	3.6976805147249996
sub-10720	alpha	0.17884725794069964	0.09565695782	0.0039060046357	0.9089670755249997
sub-10720	kappa	0.32101139816865193	0.2726454296	0.0639265499565	0.8400586055474999
sub-10720	alpha_negative	0.18641140878752052	0.10498182105000001	0.003759302465725	0.8222886108375
sub-10720	gamma0	1.6700327149367615	1.6561992074999998	0.633362252125	2.7886493424
sub-10723	alpha	0.0831447149802308	0.059243282835	0.0020722522122999998	0.3162735011299997
sub-10723	kappa	0.49112854201198314	0.40431087759999995	0.09581946390974999	1.3152802475499998
sub-10723	alpha_negative	0.2024251121351313	0.098345198535	0.00314796995825	0.8704914017375001
sub-10723	gamma0	1.2987421760154656	1.2876339425	0.25269362034000004	2.4126557225
sub-10741	alpha	0.2874425741290738	0.18734175295	0.005275707211925	0.9628883902250001
sub-10741	kappa	0.21824586992923076	0.18188226000000002	0.0432578416235	0.6010944314874999
sub-10741	alpha_negative	0.14043744473299194	0.061634870285000004	0.0016889959596000001	0.7760736463574998
sub-10741	gamma0	0.6488435311005676	0.6394586612	-0.2576211457225	1.6072178508999995
sub-10748	alpha	0.5513763706284994	0.5296440195500001	0.11612464399	0.98815699014
sub-10748	kappa	0.37990192060978467	0.33047336520000004	0.086497549725	0.95240011317
sub-10748	alpha_negative	0.08544039802738522	0.04758177635	0.001231715739025	0.40435729353249983
sub-10748	gamma0	1.6853439879321157	1.665134028	0.656954513405	2.8491503580249997
sub-10767	alpha	0.20824269460538095	0.12541714425	0.007881151253625	0.9268452744649999
sub-10767	kappa	0.3897042558061894	0.2980172707	0.0568298486035	1.209895842699999
sub-10767	alpha_negative	0.10790663961300172	0.042688013815	0.0013780048127000003	0.6958920917074999
sub-10767	gamma0	0.9207441175228496	0.9054561806999999	-0.029766786034749998	1.9545117221
sub-10770	alpha	0.6553671540801885	0.75147238705	0.03816354182975	0.9967340754699999
sub-10770	kappa	0.2047068757939981	0.1881602872	0.0504744755725	0.4594334549775
sub-10770	alpha_negative	0.0655403342116905	0.02375786005	0.0007193274048425	0.4611003382174997
sub-10770	gamma0	1.5833113448861453	1.5645617669999998	0.6328607771725	2.6307525992499996
sub-10781	alpha	0.16090618204152188	0.045894241625	0.001395124693275	0.9529801930074997
sub-10781	kappa	0.22439837990637657	0.19112068570000001	0.04727167768725	0.5966999669924999
sub-10781	alpha_negative	0.24991452990523516	0.1539389091	0.003598031342475	0.8995615956024995
sub-10781	gamma0	0.8002186690733122	0.7906574018	-0.165306162545	1.8274876646249998
sub-10783	alpha	0.05132637272744833	0.033250574714999995	0.001097206448625	0.19862039837749867
sub-10783	kappa	0.6202013446392429	0.50983377725	0.09496886607175001	1.6829567611499987
sub-10783	alpha_negative	0.1469923319302145	0.046873750425	0.0009752888856275001	0.7896451991999998
sub-10783	gamma0	0.5828571580720538	0.5758344291499999	-0.4818618131	1.6818507196499999
sub-10785	alpha	0.072038357475822	0.0540092602	0.0019120552842750002	0.23787335236999993
sub-10785	kappa	0.8160820821967564	0.7325486039	0.29414019010500003	1.7778384622999976
sub-10785	alpha_negative	0.29028070925665145	0.233101724	0.01056930589275	0.8399165571049997
sub-10785	gamma0	2.6423895439014466	2.625705599	1.4044481544249998	3.9868301825
sub-10794	alpha	0.06330014908645797	0.042504257715	0.001633552466	0.23822332495749984
sub-10794	kappa	0.4825456849254694	0.44073872725	0.16340551424	1.0391308254499991
sub-10794	alpha_negative	0.2830597055366736	0.2183526355	0.022009582418000002	0.8642694787849994
sub-10794	gamma0	2.3864756534779095	2.371208954	1.250238296475	3.6158973066499995
sub-10800	alpha	0.7569757110223696	0.7873044634999999	0.36364790661	0.9939051672999999
sub-10800	kappa	0.5010990220177322	0.4798945449	0.16010640272499999	0.9636032148649989
sub-10800	alpha_negative	0.021693154998025047	0.010632638770000001	0.0003291272436375	0.10729432018249997
sub-10800	gamma0	1.5919384545505564	1.575159093	0.5349006730475	2.7295966479499993
sub-10801	alpha	0.7118930241325279	0.75390268175	0.247157310785	0.9936751246725
sub-10801	kappa	0.3765708836525852	0.3568462941	0.106540340885	0.7650345704099994
sub-10801	alpha_negative	0.026478056002032402	0.01220907804	0.0003043496944575	0.13467525085499993
sub-10801	gamma0	0.9803588286328833	0.9685964294	0.024897117469750003	1.9857886841749988
sub-10802	alpha	0.09981312527681738	0.067329502375	0.00301700178365	0.41387317498999954
sub-10802	kappa	0.5647500795397209	0.46708488965	0.120026089605	1.4891072864249986
sub-10802	alpha_negative	0.2190272155250089	0.10174905755	0.003001038235125	0.9099475036249998
sub-10802	gamma0	2.2568491837205746	2.2443307565	1.102971460525	3.487687059499999
sub-10804	alpha	0.7158127929509194	0.74758251935	0.28775017586	0.993543559745
sub-10804	kappa	0.6102497757804122	0.5854981179500001	0.21398567575500002	1.1564450964749997
sub-10804	alpha_negative	0.018468899374376586	0.0090646268135	0.0002714939946975	0.09313767286949998
sub-10804	gamma0	1.5888565013076048	1.5693807469999999	0.5296524702075001	2.747560789324998
sub-10806	alpha	0.2584541405489734	0.16300600665	0.00952593058335	0.9485846585474997
sub-10806	kappa	0.3498080201211683	0.2617444185	0.05096963301975	1.1336460653999962
sub-10806	alpha_negative	0.10273700363746247	0.037730327345	0.001117674702575	0.6901544550099975
sub-10806	gamma0	0.6020862744942361	0.5970301541	-0.3254721083	1.5853265800249987
sub-10807	alpha	0.7221508808315125	0.7579166945	0.275277992305	0.9947448133025
sub-10807	kappa	0.4141664993569872	0.3872783132	0.11195036208499999	0.8763063318024993
sub-10807	alpha_negative	0.027840082287726105	0.012451041695	0.00040626741323499996	0.14707931305249966
sub-10807	gamma0	1.6906784263949817	1.6678880315	0.6065133137725001	2.895431076349998
sub-10809	alpha	0.06822359539769159	0.039550868525000005	0.0008207955506350001	0.2944004471399996
sub-10809	kappa	0.5025475085574562	0.45457102985	0.14738948036	1.1460882264999999
sub-10809	alpha_negative	0.3636548861953321	0.32539540084999996	0.030871873483250004	0.8787974950499998
sub-10809	gamma0	1.1650332001237678	1.1601855125	0.13085062868250003	2.2361796942999983
sub-10810	alpha	0.8223175005196804	0.8719047627000001	0.404656164255	0.9965756556925001
sub-10810	kappa	0.44993197593836715	0.4328936807	0.146081411505	0.8551761223274995
sub-10810	alpha_negative	0.032281649870418094	0.013994327725	0.0003116673606325	0.16786164611749987
sub-10810	gamma0	1.8328428923323623	1.8096188595	0.7179315542075	3.0460115911999996
sub-10812	alpha	0.5387032075605528	0.5344695257500001	0.042053335676	0.9916906787525
sub-10812	kappa	0.27850422281501064	0.24461825725	0.07010351938800001	0.6949748134274998
sub-10812	alpha_negative	0.09500889366596642	0.053515832900000004	0.0015144696014	0.4552872026399999
sub-10812	gamma0	1.8609064333238008	1.8363103825	0.8371559098625	3.0036786681999987
sub-10817	alpha	0.20287321467537062	0.1088539225	0.0038996612496750003	0.9296226475274998
sub-10817	kappa	0.3375544385845875	0.2721600252	0.0683096928525	0.9533159809924991
sub-10817	alpha_negative	0.22536857782851125	0.1094086938	0.002948694874225	0.899321928315
sub-10817	gamma0	1.7252890133105532	1.7086851635	0.66484026262	2.8732578485499993
sub-10827	alpha	0.22859423764735323	0.1164532171	0.0027061459254749997	0.9534739087349999
sub-10827	kappa	0.20209132372290062	0.16367291005	0.038625260179250005	0.5784383303974996
sub-10827	alpha_negative	0.18795653548540975	0.080365420015	0.002082184295325	0.8784570132499999
sub-10827	gamma0	0.4882957098093378	0.47988140965000003	-0.5035391966825	1.528993512349999
sub-10831	alpha	0.39029900204673096	0.31018014205	0.106485611085	0.970920808645
sub-10831	kappa	0.5772376094632405	0.49721752975	0.12495320853750001	1.4745104472999977
sub-10831	alpha_negative	0.04331938380165853	0.023131147065000003	0.00085726237205	0.20475177522499985
sub-10831	gamma0	1.8066933804086147	1.784801917	0.7084410184050001	3.0386919167249986
sub-10834	alpha	0.7663199729785304	0.8052690786	0.3606611880225	0.9956153612199999
sub-10834	kappa	0.6342404570435978	0.6105257185999999	0.2267799371275	1.187262436599999
sub-10834	alpha_negative	0.017679055327436053	0.0090672884145	0.0002878025328	0.08387639444624985
sub-10834	gamma0	2.0773805624401054	2.0542102415	0.8628902780750001	3.430290815924999
sub-10838	alpha	0.3543465118256692	0.23771173725	0.0045816769999	0.9801737434425
sub-10838	kappa	0.18219122800542775	0.15307497385	0.036480373250749994	0.4978839476524991
sub-10838	alpha_negative	0.1218180054971959	0.048147904375	0.0009172298505	0.7215755218949997
sub-10838	gamma0	-0.041027639760356435	-0.04684760173	-0.9421870088375	0.8905069836424997
sub-10843	alpha	0.07405636550847791	0.050681861184999996	0.001938600066875	0.27962060639249975
sub-10843	kappa	0.5215964098070922	0.45632317634999997	0.131837967415	1.25426404525
sub-10843	alpha_negative	0.24738277574828157	0.179750519	0.01225482420775	0.8289493539524999
sub-10843	gamma0	1.7203611660142473	1.7104028725	0.6360170909549999	2.868247774774999
sub-10850	alpha	0.6804247019259193	0.6965841983000001	0.2602241337875	0.9932260985225
sub-10850	kappa	0.5109053235723756	0.48316306845	0.154094252715	1.0346495918749998
sub-10850	alpha_negative	0.01972551296075798	0.010214124920000001	0.0003674365621625	0.09407895964624999
sub-10850	gamma0	1.8730857844520872	1.8553869485	0.7947587761675	3.071260642599999
sub-10854	alpha	0.14741520604113653	0.094160831055	0.0035669837765000003	0.6446518556999997
sub-10854	kappa	0.40480354619031184	0.3485454529	0.10330853276	1.0130379680249997
sub-10854	alpha_negative	0.27318228516612497	0.1914246663	0.008085606904750001	0.8924731434124998
sub-10854	gamma0	2.1901450197869834	2.1737773085	1.07489558935	3.39167241335
sub-10857	alpha	0.15776629619796187	0.10676307795000001	0.010128887152	0.790541292174998
sub-10857	kappa	0.6445879009769073	0.5475887087	0.09263982995374999	1.7192765812499962
sub-10857	alpha_negative	0.08608224254299586	0.037868644194999995	0.001266504742425	0.5673098272549995
sub-10857	gamma0	1.3545234735078675	1.3394119295	0.3106524234	2.480461238725
sub-10858	alpha	0.44610277265225945	0.3807476109	0.02996978745925	0.98400312523
sub-10858	kappa	0.21817137645299406	0.1861559887	0.045145199236249996	0.5776102990674995
sub-10858	alpha_negative	0.0903511915010403	0.034818844205000005	0.0010436193773500002	0.5976138433649991
sub-10858	gamma0	0.6460277564856538	0.6374489729999999	-0.2431903007775	1.578867734849999
sub-10860	alpha	0.7193510394877172	0.7821217238	0.21830669792500002	0.9953195615825
sub-10860	kappa	0.4056020641921321	0.38499617215	0.123783693455	0.81281636188
sub-10860	alpha_negative	0.02755466491419586	0.013917859345	0.000393233700565	0.131767628535
sub-10860	gamma0	1.5653218131057238	1.5472020815	0.5436832145074999	2.6833100898749995
sub-10862	alpha	0.38639681307778617	0.29272397029999997	0.012007561293750002	0.9813225154849999
sub-10862	kappa	0.23308209913704456	0.18745449139999998	0.04744837824825	0.6791441020474996
sub-10862	alpha_negative	0.1401868904915513	0.055287721240000004	0.001524629590425	0.7940388815499996
sub-10862	gamma0	0.9610622710139335	0.951871858	0.045452425217250014	1.939664639525
sub-10863	alpha	0.7457152181816782	0.765312585	0.3847312559275	0.9930910908099999
sub-10863	kappa	0.8702988512911698	0.84324945125	0.3798299053575	1.507230826425
sub-10863	alpha_negative	0.012965283072867323	0.0067563832575	0.000216394034335	0.06158789438174996
sub-10863	gamma0	2.000894319834658	1.981596605	0.87515022576	3.2394437787499992
sub-10866	alpha	0.2620663674472414	0.1479395162	0.0062994758218	0.965211412235
sub-10866	kappa	0.3194128468309991	0.25689411455	0.062105095015	0.9059512314099997
sub-10866	alpha_negative	0.13822768053692125	0.055300828845	0.0018698287211750002	0.7877337731624998
sub-10866	gamma0	1.3726466976083112	1.3565904935000002	0.3996630102025	2.4328420508999997
sub-10875	alpha	0.8353780543693375	0.8799144052	0.4633006402375	0.9963722502425
sub-10875	kappa	0.8156304513119872	0.7915218670999999	0.3575024095475	1.41530133245
sub-10875	alpha_negative	0.011509710136651672	0.0056440714845	0.000146096588065	0.05730437061649987
sub-10875	gamma0	1.9944009595864292	1.982175517	0.817904809535	3.258592888199999
sub-10887	alpha	0.5634912291471966	0.60066594435	0.02813184339825	0.9815704624049999
sub-10887	kappa	0.25360353343036623	0.21942069645	0.056823556845	0.6284500114049995
sub-10887	alpha_negative	0.2938433351612467	0.25928967329999997	0.0058312093887000005	0.809615709535
sub-10887	gamma0	1.3760431145330123	1.3521473904999999	0.34077179317	2.534752998899999
sub-10896	alpha	0.32208468728783407	0.22098024755	0.043805781332	0.96680375395
sub-10896	kappa	0.5097456540558759	0.4221432777	0.0937373029985	1.3940945155999998
sub-10896	alpha_negative	0.0685995667005366	0.03305950745	0.00114873145615	0.3982987239699992
sub-10896	gamma0	1.5835277120845117	1.562258982	0.5563649568675	2.7204033522
sub-10898	alpha	0.4201222686988575	0.371782882	0.16746755531750002	0.9232203486149999
sub-10898	kappa	0.9646046632603518	0.9047748302	0.26798180114	2.000466818624999
sub-10898	alpha_negative	0.04412256306224205	0.023411924055	0.000500623034525	0.1978182871224999
sub-10898	gamma0	1.2411543388542965	1.218736425	0.177745974345	2.4091832306749996
sub-10908	alpha	0.6489393724588859	0.6981579217	0.1164078701575	0.9951401691574999
sub-10908	kappa	0.3022543403723743	0.276810383	0.079835102993	0.6748704509399991
sub-10908	alpha_negative	0.05180477613796595	0.022885961305	0.0006945276332500001	0.2911027250925
sub-10908	gamma0	1.7714486832240677	1.7473442504999999	0.7237747460525	2.939415192375
sub-10918	alpha	0.040400734043169725	0.023848145044999998	0.0007260942206849999	0.16400788285999976
sub-10918	kappa	0.5674912072840262	0.52938370665	0.207053953275	1.142232409374999
sub-10918	alpha_negative	0.30176239714199893	0.25519508185	0.037187145511	0.8050003526049998
sub-10918	gamma0	1.2179183096089736	1.2121003780000001	0.1110396713025	2.3565649775999997
sub-10919	alpha	0.8309728008523999	0.8774813626	0.4454093140175	0.9966202818500001
sub-10919	kappa	0.7394867867573652	0.71288658335	0.300116801365	1.3190454494749997
sub-10919	alpha_negative	0.018398033538103088	0.007857920377	0.000192964064315	0.10196739742499997
sub-10919	gamma0	2.060320528714786	2.0420954625	0.92374251033	3.3158348913249993
sub-10924	alpha	0.7792328995367593	0.80749095715	0.4224805072625	0.9944054553775
sub-10924	kappa	1.0945761651854065	1.0531944345	0.5038413723875	1.920093328499999
sub-10924	alpha_negative	0.01261852366994937	0.006247741373	0.00016852113986	0.06314479577674995
sub-10924	gamma0	2.384193985956499	2.3665451145	1.09187169895	3.78224467465
sub-10930	alpha	0.47565463744544106	0.42666065425	0.03841235143925	0.9854512462774998
sub-10930	kappa	0.26667932291719093	0.22677186905	0.0563271252175	0.7064030518699996
sub-10930	alpha_negative	0.08669764517360724	0.03760661019	0.00098303722817	0.5428029477349997
sub-10930	gamma0	0.9013469924168985	0.89178744155	-0.019747304552499997	1.896352283775
sub-10938	alpha	0.4387483066205967	0.3860641236	0.026810769024250003	0.97835634786
sub-10938	kappa	0.27535405923319445	0.2295751658	0.05587896439875	0.7625123546724994
sub-10938	alpha_negative	0.1268911613146095	0.073208328515	0.0015267200711	0.5941764256349998
sub-10938	gamma0	0.7229992529985684	0.71142177305	-0.20954664261	1.718814880224999
sub-10940	alpha	0.6162359455961667	0.6512442206	0.08367100765675001	0.9912232309425
sub-10940	kappa	0.2634000745051197	0.2398854944	0.06397462507375	0.6036546747799996
sub-10940	alpha_negative	0.0806494055533474	0.033368089225	0.00070439831606	0.4577304451524984
sub-10940	gamma0	0.9163691473156353	0.9015916265	0.0177195461595	1.8790611004749975
sub-10950	alpha	0.5425532393125598	0.55305172	0.02309629915025	0.9927488549650001
sub-10950	kappa	0.21681216349082624	0.19263604155	0.05508095907575	0.5194738115524997
sub-10950	alpha_negative	0.1306413700200689	0.066696959295	0.0015014156155	0.6837787078624976
sub-10950	gamma0	1.5665578438313394	1.5469441835	0.5607810028325	2.675597909999999
sub-10953	alpha	0.10887262825689757	0.068067241845	0.002072343358075	0.5913950407199996
sub-10953	kappa	0.4395640776914972	0.323328623	0.050289154265000004	1.448336612699997
sub-10953	alpha_negative	0.13031502986633217	0.038965440665000003	0.00075035149644	0.7945554832499991
sub-10953	gamma0	-0.02570652116420803	-0.029668206145	-1.0172900070750002	0.992521936882499
sub-10954	alpha	0.30910713264731876	0.2093491051	0.003848774713275	0.9634686807325
sub-10954	kappa	0.25873512238243174	0.2141255543	0.04830775591825	0.7134715429675
sub-10954	alpha_negative	0.16475041308969415	0.08109165394500001	0.00148157002705	0.7773678327349999
sub-10954	gamma0	0.34272244965228205	0.3393052639	-0.6491298167574999	1.3516496699499996
sub-10956	alpha	0.10261666787225629	0.04917191268	0.001596495996675	0.7311144648899991
sub-10956	kappa	0.36402919481197066	0.2874977255	0.05913501751575	1.0790995461250001
sub-10956	alpha_negative	0.20635816594736148	0.094183027925	0.0026183127446	0.8862126511825
sub-10956	gamma0	0.8854713348074594	0.8743214628	-0.08609262188425	1.9225239993249996
sub-10958	alpha	0.15158577816096608	0.068324368665	0.0020471658501	0.8859433673999996
sub-10958	kappa	0.3013057233458561	0.2424552292	0.051566668044	0.8706012008174993
sub-10958	alpha_negative	0.1943883697550553	0.0867654374	0.001906821626825	0.8765917318924997
sub-10958	gamma0	0.5249670331002924	0.5141064699	-0.44483000850750004	1.55415545115
sub-10961	alpha	0.030730968656394398	0.021467841915	0.0008933563721175001	0.11725342295249994
sub-10961	kappa	1.1820175093354968	1.147814881	0.1910218678175	2.541587982425
sub-10961	alpha_negative	0.08417484292207675	0.015848037895	0.0004922057899875	0.7268503971324987
sub-10961	gamma0	0.7826933033830594	0.78093853105	-0.39643876111250004	1.9819968968249992
sub-10964	alpha	0.4121493821861533	0.32874262379999997	0.009311884252725	0.9878567956875
sub-10964	kappa	0.20716732295743337	0.17801271694999998	0.049506427087	0.53919898619
sub-10964	alpha_negative	0.17627666006274026	0.08490877299499999	0.0019030567065250002	0.8211052013849999
sub-10964	gamma0	1.336026245693298	1.3235477759999998	0.37399178712750003	2.387233108025
sub-10966	alpha	0.03432497442443489	0.01952757911	0.0005818935012425	0.1478253606674998
sub-10966	kappa	0.6363419180770179	0.54108681755	0.1140251016575	1.6161319241249998
sub-10966	alpha_negative	0.20642419846287943	0.087710528545	0.001549025266275	0.8707906155849999
sub-10966	gamma0	0.451783890207731	0.45470475985000003	-0.6480277228975	1.551235808299999
sub-10969	alpha	0.24101350209083724	0.14905305354999998	0.00438147871315	0.9158899223325
sub-10969	kappa	0.3043836279897248	0.2618976477	0.06752848681925	0.7895297542499995
sub-10969	alpha_negative	0.27871244301890885	0.20172634595	0.006994282310475	0.87257238114
sub-10969	gamma0	1.523832401677079	1.509413018	0.506443892155	2.6285424213749975
sub-10979	alpha	0.7366574425468359	0.7962470836	0.22842364424	0.9947181479275
sub-10979	kappa	0.32122492367677635	0.3016620671	0.0842638550035	0.6719812626224999
sub-10979	alpha_negative	0.029188801273536794	0.012498445425	0.00034921906195000004	0.1546573512999999
sub-10979	gamma0	1.0528138634485718	1.0392843065	0.126918066635	2.0485668967999997
sub-10983	alpha	0.030309594076369337	0.0211256171	0.0009590805061775	0.1155794186174998
sub-10983	kappa	0.922170106914444	0.77196316145	0.23174080321749999	2.308932860374999
sub-10983	alpha_negative	0.2198023826473263	0.10832740704999999	0.0024971166339500003	0.8661386297224998
sub-10983	gamma0	2.121427669864138	2.104231876	0.9579737542325	3.375611604475
sub-10984	alpha	0.36076963530326794	0.27602992174999996	0.01279584006725	0.9718775471025
sub-10984	kappa	0.23867861357482206	0.1900244731	0.04301887539275	0.7187634215599997
sub-10984	alpha_negative	0.10281670372396201	0.033475475054999995	0.0009354700316625001	0.7182257241974994
sub-10984	gamma0	0.3867275684002285	0.3820838325	-0.498209421965	1.3053868959000001
sub-10998	alpha	0.11970600065373227	0.1066870338	0.008792567210525	0.3300650322874999
sub-10998	kappa	1.3315509340532612	1.2530819635000001	0.23042089903750002	2.969102855749998
sub-10998	alpha_negative	0.08335852178814424	0.02737165053	0.0006293415044275	0.6188062792149998
sub-10998	gamma0	1.4589280529423418	1.444798017	0.279220348955	2.6945743176749994
sub-11005	alpha	0.4726357546896926	0.4482335556	0.0065819371687250005	0.9917050289275
sub-11005	kappa	0.16360919147047692	0.14470844865	0.03862394837125	0.39494494467749963
sub-11005	alpha_negative	0.1238386262358437	0.05143473449	0.0011482790235500002	0.7256846816799982
sub-11005	gamma0	0.7264761460866376	0.71843092995	-0.15620331538	1.6633702550499998
sub-11007	alpha	0.42579889000956994	0.36795088095	0.18264115381499998	0.9426860975999994
sub-11007	kappa	1.2072854996558826	1.1233074505	0.391534525565	2.4772556508749983
sub-11007	alpha_negative	0.01835863496788393	0.00909282567	0.00023842482520250002	0.08582218259199996
sub-11007	gamma0	1.328505796983448	1.302241945	0.23874660975	2.5691519047999996
sub-11012	alpha	0.7798800442995272	0.8146031186	0.384917347835	0.9900897574475
sub-11012	kappa	0.73597346893903	0.6518646717500001	0.2078858532075	1.6926422403749963
sub-11012	alpha_negative	0.08826294756653146	0.078796208415	0.0005890194062225001	0.24508867456499994
sub-11012	gamma0	1.4696699560747128	1.4344065245	0.25924156145750005	2.8491126760249994
sub-11016	alpha	0.20329499679383814	0.11574415685	0.002552083804625	0.8948873918624999
sub-11016	kappa	0.2530303409199044	0.2134844844	0.05306899399025	0.6894225195924998
sub-11016	alpha_negative	0.26525640593270045	0.14576122219999998	0.0031579437691	0.9183932587275
sub-11016	gamma0	0.8706369507885947	0.8555855354999999	-0.10410288765999999	1.9431280074749997
sub-11021	alpha	0.46603091472406527	0.3990601478	0.1218707103125	0.97765728697
sub-11021	kappa	0.4531105718128235	0.389173942	0.09206831958049999	1.1821202273999996
sub-11021	alpha_negative	0.031618233946220424	0.014625491295000001	0.0003955948288875	0.1589512412249997
sub-11021	gamma0	0.4977631607068351	0.49246035955	-0.3995892425075	1.4436880953749995
sub-11030	alpha	0.10557242900684868	0.08503950472999999	0.004052004859725001	0.3482994235524998
sub-11030	kappa	0.7489283503424828	0.6397730376999999	0.132095076615	1.9215230599999977
sub-11030	alpha_negative	0.1675283270726074	0.050504306109999994	0.0013466996133	0.872735031452499
sub-11030	gamma0	1.7813705540993858	1.7677398755	0.678413833385	2.9615753174499995
sub-11031	alpha	0.06833396962822638	0.052729051355	0.002599679900025	0.2274233299824998
sub-11031	kappa	0.8380690466444901	0.7621914632	0.196366775615	1.89686006425
sub-11031	alpha_negative	0.1338957060541294	0.06367397330999999	0.00220339169075	0.7457204139174998
sub-11031	gamma0	1.9625022536068346	1.949180419	0.8237063034200001	3.1713465896999993
sub-11036	alpha	0.6217087491309157	0.6508268986	0.098663386312	0.9913264328974999
sub-11036	kappa	0.23596374618612775	0.21435195070000002	0.053046462270000004	0.5377522765149998
sub-11036	alpha_negative	0.04870340646375315	0.018446650869999998	0.00048398602083749996	0.29934398586749966
sub-11036	gamma0	0.4692039560473809	0.46102820840000003	-0.3717822071425	1.3443969969249991
sub-11039	alpha	0.2572158873255555	0.17147632535000001	0.009126845768725	0.9431286349225
sub-11039	kappa	0.3209084646357047	0.25439617270000003	0.0546847354955	0.9445053076349996
sub-11039	alpha_negative	0.13027287384589112	0.06580379213000001	0.0019066964539	0.7053945289999999
sub-11039	gamma0	0.7359472537990168	0.7189910910999999	-0.190682423855	1.740663874074999
sub-11042	alpha	0.1492668554239765	0.1336467475	0.00283834365565	0.3857225627724998
sub-11042	kappa	0.7740473829177869	0.6869845426500001	0.2351289824925	1.79413872655
sub-11042	alpha_negative	0.3620642128808237	0.326712947	0.05670212717275	0.8391130618074999
sub-11042	gamma0	1.79273474749053	1.770961014	0.6147542853625001	3.097023620449999
sub-11053	alpha	0.6744419295788755	0.7450716827	0.09223335834825	0.9949823430375
sub-11053	kappa	0.3215130509853128	0.29528769880000005	0.08883726120549999	0.7039814174324996
sub-11053	alpha_negative	0.10979446477000597	0.05211710486	0.0010883066796	0.6067345997249997
sub-11053	gamma0	2.235875469178125	2.2076014155	1.062705487325	3.566516177525
sub-11058	alpha	0.6753974506870299	0.7457289038499999	0.1028817415325	0.9954165999125
sub-11058	kappa	0.2603308256420363	0.239932217	0.0662877580715	0.5781957406649998
sub-11058	alpha_negative	0.041023444268672264	0.01705868209	0.0005425275259575	0.22969350859749982
sub-11058	gamma0	1.2644193396643957	1.2465450114999999	0.329344392435	2.2856742206249994
sub-11060	alpha	0.24323147265390804	0.13666624575	0.0041489290002500005	0.9432856527274999
sub-11060	kappa	0.22114043048695517	0.1841555258	0.043213465988750005	0.608733392915
sub-11060	alpha_negative	0.22253714605841485	0.13269480495	0.00333678230305	0.8439520854024996
sub-11060	gamma0	0.7297542687340456	0.7171544223499999	-0.1872961722425	1.6982437348749984
sub-11063	alpha	0.43814025567862064	0.38087829009999996	0.02501065158275	0.9795604647824998
sub-11063	kappa	0.2475880461624075	0.2085035309	0.0501723466885	0.6830887967049999
sub-11063	alpha_negative	0.11481738024628489	0.052848446165	0.0011875741821750002	0.6266068051174994
sub-11063	gamma0	0.5010228707193842	0.4948884359	-0.4068923628575	1.4541533030749993
sub-11064	alpha	0.49677560849391134	0.4965259983	0.016400522903	0.983527534515
sub-11064	kappa	0.21750220355255231	0.1900316643	0.045586898909500004	0.5535639782124996
sub-11064	alpha_negative	0.09234820020489816	0.039145626685000004	0.000654240358005	0.5208803965799998
sub-11064	gamma0	0.0032954941343767423	0.0025635484764999997	-0.8391327677599999	0.8640898391024999
sub-11065	alpha	0.4318255144221631	0.36229801770000003	0.0558677178665	0.9814959129199999
sub-11065	kappa	0.35475522798514597	0.3024232029	0.07622713116900001	0.9288069152524997
sub-11065	alpha_negative	0.06520210734133874	0.030992349975	0.0011025750089750002	0.3599583371374992
sub-11065	gamma0	1.359280028071665	1.3438567205	0.386246520335	2.422374797525
sub-11066	alpha	0.3268440274989074	0.2528594235	0.07449000812775	0.9340099982499999
sub-11066	kappa	0.6803724598290934	0.5438386791	0.10840250393	1.9808174564999996
sub-11066	alpha_negative	0.06973024257818342	0.037657831414999995	0.00136399040525	0.35242404415999995
sub-11066	gamma0	2.0018300400409057	1.9755617619999999	0.8538024832900001	3.29450720435
sub-11068	alpha	0.06288231336498275	0.02542268336	0.0004813396503675	0.3735512754624991
sub-11068	kappa	0.33766535090588523	0.292195963	0.05699984068425	0.8825399644374997
sub-11068	alpha_negative	0.2774710563563807	0.20428647825000001	0.003984407087375	0.87363242797
sub-11068	gamma0	-0.24948256575512298	-0.2459308064	-1.355008649725	0.8374314646649992
sub-11071	alpha	0.6670890836314668	0.67495771945	0.281773094705	0.98775233703
sub-11071	kappa	0.4777865348436334	0.44561866055	0.13762471819	1.002112351775
sub-11071	alpha_negative	0.020688747248734023	0.0095189531925	0.00026561050699	0.10732306472999999
sub-11071	gamma0	0.7200913515556874	0.7111204533	-0.2166018704075	1.7193879162749999
sub-11072	alpha	0.30750955973362604	0.2431175664	0.0339729228915	0.9203528348999992
sub-11072	kappa	0.40760822926924184	0.3259366003	0.06502599730325	1.1731599232999996
sub-11072	alpha_negative	0.10824911290553853	0.06409444192	0.0017433325298500002	0.5147340118449999
sub-11072	gamma0	0.7389604905132131	0.72718536745	-0.20255951792	1.7696568698749988
sub-11074	alpha	0.7581196753560155	0.7992218459	0.3356012889	0.9941594920675
sub-11074	kappa	0.5912209768701541	0.57244236035	0.22774980364	1.0629754029249998
sub-11074	alpha_negative	0.015105923623496642	0.007591424399	0.00019397621995000003	0.0736155163824999
sub-11074	gamma0	1.3483160775653023	1.3340189035	0.331754029535	2.4522217127749997
sub-11075	alpha	0.1046126558918657	0.040403681085000004	0.0009251206908775	0.7563951336074997
sub-11075	kappa	0.2534186881042132	0.20783320735	0.041846761937249996	0.7211470291624995
sub-11075	alpha_negative	0.2406240065824788	0.1385775936	0.002845954724325	0.8944452087074999
sub-11075	gamma0	-0.036938261396775016	-0.040496743465	-1.015343905775	0.9650635216674992
sub-11078	alpha	0.11646155341438878	0.06157703673000001	0.0016319761448	0.6717652761974995
sub-11078	kappa	0.3178161248646113	0.24524168415	0.047962805160000004	0.9775690831849996
sub-11078	alpha_negative	0.18372697788971432	0.07388706399	0.001410676879275	0.8516646672599991
sub-11078	gamma0	-0.006744805356832446	-0.009256079231	-0.970614789975	0.9603645160774998
sub-11083	alpha	0.5429618564951415	0.5439289283	0.0352362710365	0.9903226108725
sub-11083	kappa	0.2378330383340242	0.21032284340000001	0.05105270174525	0.5845126706874999
sub-11083	alpha_negative	0.07450744282171004	0.027666830255	0.000676153093745	0.49076019841999896
sub-11083	gamma0	0.6553430787109363	0.6471586729	-0.24548184487	1.5970433312
sub-11084	alpha	0.5784750679376475	0.5515656967	0.17299056048000003	0.9898075916125
sub-11084	kappa	0.4518857606539522	0.4015576117	0.111789768705	1.0928837362999997
sub-11084	alpha_negative	0.020284753964614873	0.009869623591	0.000354324358585	0.09691875426274998
sub-11084	gamma0	1.0007937527449513	0.9876124555000001	0.060457541944	2.009987994375
sub-11085	alpha	0.6651383494626195	0.7200357257500001	0.13268377383250002	0.99134148571
sub-11085	kappa	0.32775648803633284	0.29717798475	0.07954352866	0.7584867733974999
sub-11085	alpha_negative	0.0696543889465098	0.02667085171	0.000458933461945	0.3833192950749998
sub-11085	gamma0	0.6302295256544344	0.61963863135	-0.2933376820275	1.6067373290499989
sub-11090	alpha	0.17191087697814722	0.11699574104999999	0.006686885796450001	0.796806778755
sub-11090	kappa	0.41379733929865814	0.35575502039999995	0.077850758051	1.0834792558249977
sub-11090	alpha_negative	0.17020216131975716	0.1153629518	0.005189404703175	0.6968529011299991
sub-11090	gamma0	1.5565084213894842	1.542656561	0.499985225895	2.686727911249999
sub-11113	alpha	0.1723309630829217	0.08636393572500001	0.00230905674435	0.8875070820349998
sub-11113	kappa	0.22735348509259093	0.1701075839	0.0346355932675	0.7446747413449997
sub-11113	alpha_negative	0.17203336289364632	0.057909742289999996	0.0012428563596750002	0.8701181309274997
sub-11113	gamma0	-0.17606230558964586	-0.17991650885	-1.10375641505	0.772021614162499
sub-11116	alpha	0.2654085486831125	0.15355343205	0.0063498991830500005	0.9581976847475
sub-11116	kappa	0.3383307544898526	0.23474385415	0.0409797178505	1.2105367480749993
sub-11116	alpha_negative	0.07710671010796821	0.025252985995	0.0006753048894350001	0.5414663956499997
sub-11116	gamma0	-0.14607067489897502	-0.15449328559999997	-1.07032615705	0.8533763496724972
sub-11120	alpha	0.7926070836843158	0.83375061535	0.4085807683375	0.9953007994849999
sub-11120	kappa	0.9394915534079415	0.89891253725	0.3926844423475	1.7133965848999997
sub-11120	alpha_negative	0.011534209563126594	0.005720043587	0.00016738298132000002	0.05598656423749997
sub-11120	gamma0	2.161341165796902	2.135285954	0.8846317093025	3.545770614
sub-11125	alpha	0.11534558121786687	0.049180161315	0.00190662597805	0.8330645509574989
sub-11125	kappa	0.3625979691269835	0.2905773571	0.049747057089	1.0627533777499991
sub-11125	alpha_negative	0.13010652207666665	0.055920828295	0.00178440003905	0.7392211241949997
sub-11125	gamma0	0.660347391749209	0.64853793495	-0.31658312916	1.6959740582999996
sub-11126	alpha	0.2467317941755046	0.11034574995	0.002274667931475	0.9673404239474999
sub-11126	kappa	0.16026601759828646	0.12996670999999999	0.03081362350975	0.46513225327999974
sub-11126	alpha_negative	0.18171242257337175	0.07605907268	0.001828032556275	0.8730831514874999
sub-11126	gamma0	-0.0033810507562846473	-0.005828728006	-0.89921166578	0.9194821361399994
sub-11128	alpha	0.8331537283149156	0.8749893082	0.47484275178999996	0.9963934560125
sub-11128	kappa	1.1047148681054995	1.0668126815	0.48942537648999995	1.932879822775
sub-11128	alpha_negative	0.009274130707659027	0.004447650199500001	0.00011468200659750001	0.046775033377999944
sub-11128	gamma0	2.2318045264864503	2.2121557430000003	1.006056811075	3.560011357525
sub-11134	alpha	0.08429894359285621	0.040122890215	0.00110899599205	0.5103344702099958
sub-11134	kappa	0.32278247910613345	0.2722687729	0.0622406957095	0.8593712256174999
sub-11134	alpha_negative	0.26013629580178677	0.16857056539999998	0.0043580825422	0.8888810185399999
sub-11134	gamma0	0.5384751849372501	0.52939606995	-0.4500956822775	1.5604950939999997
sub-11139	alpha	0.10705627135910703	0.048914735675	0.001618275625675	0.7271590880824992
sub-11139	kappa	0.4064177543657264	0.3068454638	0.047646136642	1.256508543725
sub-11139	alpha_negative	0.1341074696630267	0.03751918283	0.0010023021357	0.8353344948399998
sub-11139	gamma0	0.16162634709187637	0.1521909652	-0.82451242937	1.1915754192999986
sub-11167	alpha	0.6980200752994549	0.74823427965	0.21262998042249998	0.9937597987225
sub-11167	kappa	0.43447185521634313	0.40739413879999997	0.12736503513	0.9037641265324989
sub-11167	alpha_negative	0.030041865092964547	0.01359741211	0.000329241314665	0.15343915394249966
sub-11167	gamma0	1.2784536619762439	1.2642204915000002	0.29529664897	2.35267978445
sub-11168	alpha	0.09615017821975415	0.06312500331	0.0028059723611	0.4635336397274999
sub-11168	kappa	0.562250561818686	0.47263337555	0.08606439646149999	1.5171997877249996
sub-11168	alpha_negative	0.1424174006943184	0.0649969551	0.00174778073705	0.7605110065149998
sub-11168	gamma0	0.9223391189957599	0.90793607015	-0.0949084224985	2.001296157324999
sub-11171	alpha	0.2527644579455703	0.1626202523	0.0098450382604	0.9427453724774998
sub-11171	kappa	0.2982575619772848	0.2298951602	0.047247461192749994	0.9257526895874998
sub-11171	alpha_negative	0.11619688434701732	0.046382327715	0.0013291501402750002	0.7072842888774994
sub-11171	gamma0	0.49737633454257024	0.49017458215	-0.3816264977075	1.4327557936249984
sub-11177	alpha	0.2931772335529738	0.18665972965	0.0054241034419999995	0.9646598119499998
sub-11177	kappa	0.20431361267091597	0.16504321230000002	0.0394963051455	0.5947534969524998
sub-11177	alpha_negative	0.16369141315018385	0.072315419135	0.001661271547075	0.8202089730574998
sub-11177	gamma0	0.2848382925973649	0.27644320255	-0.6088697465425	1.2043688044249996
sub-11192	alpha	0.17311808801116432	0.14739477135	0.031122262850000002	0.47645226536249985
sub-11192	kappa	1.109308723700145	1.024491308	0.1615448859075	2.5811743174499995
sub-11192	alpha_negative	0.1018458984731742	0.0548755223	0.0016363137292750001	0.5939732636324997
sub-11192	gamma0	1.4760686109371681	1.4617977199999999	0.3802625096025	2.6553384238499986
sub-11193	alpha	0.6012554809342358	0.63275530535	0.08730558121	0.992446087455
sub-11193	kappa	0.26321069254816515	0.2367339476	0.06515726474875	0.6179315857075
sub-11193	alpha_negative	0.057803036305345015	0.022552146635	0.00060876200171	0.35506429767249875
sub-11193	gamma0	0.9419800976220544	0.9292158078499999	0.007554816767550006	1.9381740281749982
sub-11203	alpha	0.5033954088741129	0.48855108375	0.01750472770525	0.98743245579
sub-11203	kappa	0.20108125262670015	0.1746343582	0.041778835109	0.5169248925924994
sub-11203	alpha_negative	0.08471371845928524	0.028614440125	0.0005623961466350001	0.583979605965
sub-11203	gamma0	0.05025915224869605	0.048855135849999995	-0.8269599588425	0.9550246567624984
sub-11209	alpha	0.47013122249127515	0.41867681295000003	0.1341738313425	0.9693793815374999
sub-11209	kappa	0.5758156684486437	0.519597307	0.12504094161999998	1.3342276533249986
sub-11209	alpha_negative	0.08923391238141579	0.054270579875	0.001454749115225	0.37963369756249926
sub-11209	gamma0	1.6735951798679702	1.647806454	0.5726147458875	2.923304345625
sub-11227	alpha	0.01944902839203042	0.009323911053000001	0.0002058697059525	0.09847291921349996
sub-11227	kappa	0.5584360344917675	0.52519652075	0.226190274695	1.1061852056499994
sub-11227	alpha_negative	0.5325583820499826	0.5557673692	0.0391687109665	0.9419227961274996
sub-11227	gamma0	1.0108784348116842	1.0066325365000002	-0.1717720012825	2.2128086400999996
sub-11238	alpha	0.5236962217525992	0.505024846	0.04726295254375001	0.9906912933199999
sub-11238	kappa	0.2917783801218794	0.25586772960000004	0.06858430401125001	0.7385172307875
sub-11238	alpha_negative	0.06385103142158846	0.025219496075	0.0007732077544675	0.43019551579249915
sub-11238	gamma0	1.1586349831618223	1.1434302555	0.2532310732925	2.1375740968749994
sub-11246	alpha	0.4744544841508017	0.4210611627	0.01888812008975	0.9904322781924999
sub-11246	kappa	0.23506758048671056	0.20028180175	0.0532456931105	0.6304510681674994
sub-11246	alpha_negative	0.09622783656300737	0.039449553070000004	0.0010689291193	0.6273837276299994
sub-11246	gamma0	1.1377749831435744	1.122683785	0.21151682335	2.1442493011749995
sub-11276	alpha	0.5751473925535644	0.5790585258000001	0.089295013402	0.9893396273999999
sub-11276	kappa	0.26460052106261966	0.2348403482	0.059487189075	0.6423121068899998
sub-11276	alpha_negative	0.05270415623191913	0.021491622045	0.0005458825246025	0.30607891441749996
sub-11276	gamma0	0.5272681280141203	0.52023751625	-0.3703142057775	1.4542091250499998
sub-11301	alpha	0.33672954080578005	0.23959500099999997	0.00854825175285	0.9693703806724998
sub-11301	kappa	0.2638778410616505	0.21233082725000002	0.05123720483350001	0.7685966982024998
sub-11301	alpha_negative	0.13949605725188832	0.064851113475	0.0016299130578	0.7479426093849997
sub-11301	gamma0	0.7605678720551425	0.7507789804	-0.1778420026075	1.7628510919249996
sub-11311	alpha	0.33164851018352104	0.24106489744999998	0.03777138891075	0.9643253640524999
sub-11311	kappa	0.46272589179111406	0.3758671569	0.0814753161755	1.302587123299999
sub-11311	alpha_negative	0.09682111774251102	0.045520216045000006	0.001372592234625	0.5659468139424995
sub-11311	gamma0	1.4614184394925167	1.440470049	0.428149953105	2.6193453187499993
sub-11312	alpha	0.09070494466020343	0.06049933397	0.002431507540275	0.34788585487999985
sub-11312	kappa	0.7219284768891043	0.64209541715	0.18184879247	1.66550222565
sub-11312	alpha_negative	0.19484512712188462	0.12344799685	0.004304493025425	0.7550970659599996
sub-11312	gamma0	1.716319260067899	1.7059453275	0.61507967329	2.8657021159499996
sub-11316	alpha	0.6365602475687497	0.68894997585	0.0965137489105	0.99251765501
sub-11316	kappa	0.27714501859406876	0.25208878204999996	0.068708969194	0.6415158407599999
sub-11316	alpha_negative	0.0685478891803227	0.033588732795	0.0007540875242499999	0.34285396281999947
sub-11316	gamma0	1.099698050445854	1.0871655795000001	0.172982005125	2.0942929857749983
sub-11318	alpha	0.13691245205735847	0.07327907520499999	0.0021812324833	0.8078085700474984
sub-11318	kappa	0.2858642643628189	0.2478244676	0.06425873741375	0.7338166271799997
sub-11318	alpha_negative	0.259747258589801	0.17275979035	0.0064143466812250005	0.8937044213849997
sub-11318	gamma0	1.242730386315639	1.2321026229999998	0.2278599278225	2.3257034728499995
sub-11321	alpha	0.8478937555904218	0.883816927	0.5244654575475001	0.9963887200024999
sub-11321	kappa	0.850571234477785	0.8263815515999999	0.366226172455	1.4787237521999999
sub-11321	alpha_negative	0.010379342008613726	0.004895436679	0.0001352401443375	0.05374042857949996
sub-11321	gamma0	1.9626620644831214	1.9432049965	0.7742553517274999	3.2513918495249996
sub-11325	alpha	0.23683524940993186	0.17231803099999998	0.008114848753625	0.8759160378699999
sub-11325	kappa	0.34827947907276235	0.28282254019999997	0.058067696624750004	0.9872104417574991
sub-11325	alpha_negative	0.14967858243423376	0.061488954855	0.001540606744275	0.7871742435774997
sub-11325	gamma0	0.6383889745793229	0.6251006381499999	-0.30941436921	1.6386943153749984
sub-11326	alpha	0.4084598097920607	0.3298853883	0.00899810662395	0.9825249602124999
sub-11326	kappa	0.1847339023246306	0.15577134135	0.0394677656875	0.5040866430024996
sub-11326	alpha_negative	0.12338999683706245	0.050896379515	0.00126547533715	0.738827699655
sub-11326	gamma0	0.3996908647180703	0.39409168065	-0.46366891770499996	1.300533824399998
sub-11329	alpha	0.5852490679025755	0.60094300245	0.080559189579	0.989050965995
sub-11329	kappa	0.24383038755388722	0.2190155434	0.056954328575	0.5750050373224997
sub-11329	alpha_negative	0.05810303073093258	0.0228972795	0.0006668363384075	0.36250120829499993
sub-11329	gamma0	0.7657633266347807	0.7574852659	-0.13218603435749998	1.7129562406999985
sub-11330	alpha	0.5600424053879026	0.5487962310500001	0.08593436653025	0.9947813397949999
sub-11330	kappa	0.3355830035315873	0.2848529979	0.08004893625100001	0.9016898920524989
sub-11330	alpha_negative	0.06987802233099814	0.033843803475	0.00107509993185	0.3890069275224995
sub-11330	gamma0	2.208876631501206	2.179392593	1.101867127375	3.477273406624999
sub-11337	alpha	0.03779239323941425	0.02383765957	0.0008376169323325001	0.15367204305999985
sub-11337	kappa	0.6592864821081357	0.56965680445	0.20936062118499998	1.5485285424499993
sub-11337	alpha_negative	0.3040170882703753	0.2171223769	0.0073611410932500005	0.9071772760149996
sub-11337	gamma0	1.8584432873276278	1.8454857285	0.7457531069375	3.04304025715
sub-11338	alpha	0.10057796940705675	0.03949429416	0.000895858847545	0.7301589328674972
sub-11338	kappa	0.2761895945260575	0.23391822185	0.05152111421175	0.7417056010049998
sub-11338	alpha_negative	0.24811933153485705	0.15921911535	0.0038434729169	0.8857512728224998
sub-11338	gamma0	0.1913809034157554	0.18806343665	-0.8137197510425	1.2137192121999993
sub-11340	alpha	0.21110637921749997	0.13362955365	0.0030753868284250003	0.8663515664274992
sub-11340	kappa	0.3116723587564736	0.27668384695000003	0.06569799885425	0.7581984840324992
sub-11340	alpha_negative	0.2526233132135097	0.2034141824	0.006924930388300001	0.7758470413849999
sub-11340	gamma0	0.46837484848063055	0.45907933725	-0.5177094637549999	1.5004249251749997
sub-11345	alpha	0.25784788123931035	0.15902080000000002	0.0125185168815	0.956230622025
sub-11345	kappa	0.45344999704395533	0.3579240067	0.0778251082235	1.3345985150249993
sub-11345	alpha_negative	0.12352455624568319	0.067655172815	0.0022377457320000003	0.6354533727349995
sub-11345	gamma0	1.5964240368945597	1.5742626425	0.58087196605	2.72648975365
sub-11348	alpha	0.2320595016733553	0.1510476927	0.015293604402	0.9012172734924996
sub-11348	kappa	0.5542616782222771	0.4427248187	0.083929685613	1.575323488549998
sub-11348	alpha_negative	0.14039899701966096	0.06238784902	0.001929009151225	0.7568395886449998
sub-11348	gamma0	1.7491459008306827	1.7285461500000001	0.6733522465275	2.941889124749999
sub-11358	alpha	0.5473749648631119	0.52311781195	0.188713929705	0.973314542795
sub-11358	kappa	0.9221911591283422	0.8748378988000001	0.3351457849075	1.767324510525
sub-11358	alpha_negative	0.042399050363055336	0.023193225995	0.00050830102932	0.1839404068549998
sub-11358	gamma0	1.7967334062221587	1.7721837455	0.6521067091475	3.073791124699999
sub-11364	alpha	0.012057525435057342	0.005543917085999999	9.059295343174999e-05	0.0596179643709999
sub-11364	kappa	3.4917601141074748	3.0899984395	1.076673011275	8.177966122049995
sub-11364	alpha_negative	0.302303377988788	0.25159117065000003	0.0006946957059375	0.8569412158075
sub-11364	gamma0	1.6026448237861946	1.5836618875	-0.09886397955324999	3.3990000220499996
sub-11367	alpha	0.444442370043889	0.3827439748	0.0508887388785	0.977827590325
sub-11367	kappa	0.3767682213574906	0.3231478937	0.07805570701025	0.9696340982899999
sub-11367	alpha_negative	0.06903370083994446	0.028866104514999998	0.000912058951625	0.43802618607499716
sub-11367	gamma0	1.153636939684407	1.1396413939999999	0.1954879243625	2.189116160874999
sub-11374	alpha	0.2503887729869466	0.15834797435	0.0029511818214500002	0.9385748950899996
sub-11374	kappa	0.21000149084241987	0.175120856	0.0412260299465	0.5861015120699993
sub-11374	alpha_negative	0.21888693876110846	0.12665008775	0.0023537343866	0.8472218567899996
sub-11374	gamma0	0.18760759950514108	0.1823772136	-0.7860689270575	1.1753518580749982
sub-11376	alpha	0.28129798327855726	0.1925311105	0.0108080542325	0.9413313475099997
sub-11376	kappa	0.3344599523487394	0.26289031055	0.06015965903	0.9918811989374987
sub-11376	alpha_negative	0.1678013108132649	0.07534583806	0.0021154337700999997	0.8315854699974997
sub-11376	gamma0	1.295153681151789	1.2773804315000001	0.2993466975175	2.3794927473749996
sub-11377	alpha	0.8272073379670031	0.8708506675000001	0.46026853380500005	0.9963624633425
sub-11377	kappa	0.8415091447378533	0.81950689805	0.3611998031275	1.4537541908249998
sub-11377	alpha_negative	0.009690871104385771	0.004822868348500001	0.00014304025181999998	0.04801158735724997
sub-11377	gamma0	2.098170550466403	2.0793077205	0.91676836454	3.3897008264249995
sub-11387	alpha	0.2639025203299338	0.175844915	0.0080515043746	0.9357455258824996
sub-11387	kappa	0.26971921012175676	0.21240646875	0.0446511984355	0.8141619297149995
sub-11387	alpha_negative	0.12780506389085647	0.05666702744	0.001408840236925	0.7089835921174996
sub-11387	gamma0	0.3057463297673861	0.29806547185	-0.5864011029274999	1.2381784138999996
sub-11396	alpha	0.18280339129559342	0.11524118585000001	0.00499709937275	0.8584990696224997
sub-11396	kappa	0.3769319554547416	0.29251444699999996	0.05432589711475	1.1460225777249997
sub-11396	alpha_negative	0.11154192614121823	0.042890804585	0.0012048328879	0.7035123041299999
sub-11396	gamma0	0.5531588735194682	0.5440977803	-0.38661855294999997	1.5584454212749994
sub-11410	alpha	0.03352760815470043	0.015894246	0.000367414656535	0.15918583069999995
sub-11410	kappa	0.4144414000598799	0.37873357965	0.1139958261125	0.92069361194
sub-11410	alpha_negative	0.3243573452252076	0.27603614244999997	0.016086491022500003	0.868506826509999
sub-11410	gamma0	0.32747605429671556	0.32472479525	-0.7739002174474999	1.4225528835749999
sub-11430	alpha	0.4315819256304484	0.3664194389	0.014337472951250001	0.9833342118099999
sub-11430	kappa	0.20168120627616945	0.17230077965	0.042642722473	0.5340896391999999
sub-11430	alpha_negative	0.10980711192265216	0.046453334449999995	0.000967026854565	0.624719665624998
sub-11430	gamma0	0.3655728388591685	0.35621245395	-0.50432084179	1.2843014790999998
sub-11433	alpha	0.03052144339178925	0.01711175102	0.00048681264952	0.13564873396499963
sub-11433	kappa	0.4851628921390419	0.42566672564999997	0.15247243832	1.1599749244499995
sub-11433	alpha_negative	0.36498035693290604	0.3151308055	0.009062452063125002	0.9182879507674998
sub-11433	gamma0	1.1170928061917766	1.1043765065	0.06669440475575	2.21086364985
sub-11435	alpha	0.17528708594415876	0.14783024135	0.0376628242125	0.525148436009998
sub-11435	kappa	1.2557256930879193	1.169658195	0.18293584684750003	2.888318193325
sub-11435	alpha_negative	0.05018085133336472	0.027389625459999997	0.0007893450220075	0.23809461996249942
sub-11435	gamma0	1.4222101356080934	1.4107296445	0.2858728627025	2.635206202
sub-11439	alpha	0.11884140345242307	0.046714652575	0.0011475499674	0.8343776311474994
sub-11439	kappa	0.2333482389286947	0.19033062485	0.042111907224500006	0.6703969798675
sub-11439	alpha_negative	0.25304297280511096	0.1317835474	0.0028547403790500003	0.9241670802824999
sub-11439	gamma0	0.26368527106337125	0.2559084595	-0.663049389725	1.2218316003749998
sub-11440	alpha	0.4442587761462777	0.39012107395	0.031826051107	0.9770768331575
sub-11440	kappa	0.26287703966910414	0.21883778925	0.0472683694885	0.7289069302499999
sub-11440	alpha_negative	0.06152213356499902	0.019579310925000003	0.00045343271804000005	0.4570110349974994
sub-11440	gamma0	-0.06655386873081125	-0.06825486726499999	-0.93003493132	0.8105334292924994
sub-11443	alpha	0.12072006070320394	0.05241552044	0.0012402948926	0.8188565303574995
sub-11443	kappa	0.26692889306874995	0.21433357465	0.045706235185499995	0.775158690335
sub-11443	alpha_negative	0.20575967414580504	0.09446675394500001	0.00213389176435	0.89153850352
sub-11443	gamma0	0.11892673436923637	0.11603537455	-0.8513275473624999	1.1039009225749992
sub-11451	alpha	0.30850118984335073	0.20020147945	0.007176532038150001	0.9668971569599999
sub-11451	kappa	0.26444625497875146	0.2178261315	0.0517682405305	0.7414308587749996
sub-11451	alpha_negative	0.13506668552361514	0.0606746974	0.001332425996025	0.7173599986124982
sub-11451	gamma0	0.4609888561446009	0.4555081642	-0.4486332856475	1.4267129934249991
sub-11461	alpha	0.22597628073671489	0.09684705917	0.0019407896404	0.9520425541699998
sub-11461	kappa	0.20212544271827973	0.1689796906	0.039903354162749996	0.5580391493024999
sub-11461	alpha_negative	0.20099946155606768	0.10314529224999999	0.002042350516425	0.8663059772674992
sub-11461	gamma0	0.1740453240460305	0.16238051495	-0.737908111795	1.135744183125
sub-11472	alpha	0.6305445253952753	0.66454967505	0.0997894827895	0.992423690845
sub-11472	kappa	0.25039820820255093	0.23048138495	0.060571955975	0.5546185701774998
sub-11472	alpha_negative	0.046228428030191976	0.019093436945	0.0004826067250725	0.2649266314949998
sub-11472	gamma0	0.6276437692042794	0.6188755752999999	-0.2542447280425	1.5568098212999995
sub-11492	alpha	0.8098843526246906	0.8500124781	0.43725621087	0.9963384166225
sub-11492	kappa	0.677924092327479	0.65999159915	0.27299555001000003	1.1887472114999997
sub-11492	alpha_negative	0.011959583868805914	0.006356862309	0.00022757271642250001	0.05557294607599998
sub-11492	gamma0	2.145228778143392	2.1249838739999998	1.0299518179	3.3782999057249996
sub-11493	alpha	0.7747377260737155	0.82641811035	0.33668319595	0.9944285167175
sub-11493	kappa	0.5394134343987657	0.5175615197	0.17866547191249998	1.026268477825
sub-11493	alpha_negative	0.01247775010414621	0.0056587009765	0.00013452619162000002	0.06423738506224992
sub-11493	gamma0	0.7582996070749114	0.7539124564999999	-0.27464258858499996	1.8330025882999992
sub-11517	alpha	0.12431057566687705	0.07218604034500001	0.0019367478995000003	0.6859847390274997
sub-11517	kappa	0.3555362086586448	0.2816075386	0.057044931146	1.0551756391999985
sub-11517	alpha_negative	0.17349908769155126	0.07896157675000001	0.001458392075175	0.8366149947349999
sub-11517	gamma0	0.26645124439120726	0.2582135323	-0.7267846425775	1.3031775330749986
sub-11518	alpha	0.3925445748694851	0.30095897569999996	0.011381678319000001	0.9834026572025
sub-11518	kappa	0.2402668352020098	0.2011764837	0.05036555303425	0.6590361818599991
sub-11518	alpha_negative	0.13164845728282898	0.06040532826	0.0015047222403250001	0.7264148250274999
sub-11518	gamma0	1.0137435833573314	1.000584899	0.09675687168775	1.9931683153999997
sub-11523	alpha	0.08084951941809382	0.05701973625	0.002692561785925	0.3453731882574998
sub-11523	kappa	0.5938795117194504	0.4871965559	0.082211268286	1.6730297154999991
sub-11523	alpha_negative	0.1114378327777756	0.036213964255	0.0010621830203250001	0.7451895401249986
sub-11523	gamma0	0.830821722201305	0.8204131540999999	-0.1602159074175	1.883258376475
sub-11526	alpha	0.08404800528455095	0.055416126324999995	0.002012432714425	0.37068448770249907
sub-11526	kappa	0.47453849636884166	0.3843285378	0.07545212936225	1.3563719277499988
sub-11526	alpha_negative	0.16413444696930246	0.086345638695	0.002371700225625	0.7551274672599999
sub-11526	gamma0	0.6789689192108824	0.6717862342500001	-0.32334502296999995	1.7213206105499996
sub-11527	alpha	0.04787819568142053	0.046688313509999996	0.0017773597078000003	0.11213472594249993
sub-11527	kappa	1.9663787423851438	1.8830927675	0.43908812248	4.0913725539499985
sub-11527	alpha_negative	0.07164807393384148	0.021232702075	0.0004692169522725	0.5734873102624991
sub-11527	gamma0	1.576799630475931	1.5603241085000001	0.3170486031025	2.915528746199997
sub-11530	alpha	0.20240208798121032	0.1230717094	0.005575975052275001	0.873546394645
sub-11530	kappa	0.4674655583060559	0.38184444125	0.08778707253125	1.315832028824999
sub-11530	alpha_negative	0.21623769688643585	0.13926777115	0.005088350611175	0.805631267379999
sub-11530	gamma0	1.800471152178111	1.781011261	0.677056602195	3.014453403674999
sub-11532	alpha	0.8398986034403063	0.8879936000499999	0.4523342952	0.99734413518
sub-11532	kappa	0.7090013811852631	0.6872659018	0.28585855706999996	1.258623250375
sub-11532	alpha_negative	0.010802603171315088	0.0054411098625	0.0001774221193525	0.052682964834499975
sub-11532	gamma0	2.4154581897786094	2.3897334795000003	1.2226625256499999	3.746412297424999
sub-11533	alpha	0.14806121920695875	0.05966272853	0.0012911906223250001	0.885585592475
sub-11533	kappa	0.21101078751480362	0.17716671639999998	0.039288336892	0.5800268710175
sub-11533	alpha_negative	0.23201612731361013	0.14115384725000002	0.0026164146244	0.8716141428849998
sub-11533	gamma0	-0.09449454706508667	-0.10093005185000001	-1.0579352287500001	0.8967689706824994
sub-11534	alpha	0.1482115231742726	0.1083655416	0.004651547808	0.6182612798399999
sub-11534	kappa	0.5110488640831405	0.41396670435	0.10007297216	1.444983233325
sub-11534	alpha_negative	0.23920777264975437	0.15401770685	0.0085540215208	0.8549650161299995
sub-11534	gamma0	1.7365803349204967	1.7243728699999998	0.63816705728	2.890729471425
sub-11535	alpha	0.25801998949772337	0.19525698954999998	0.015182522041750001	0.8690498566325
sub-11535	kappa	0.46072726942662645	0.37656805385000003	0.06506592222425	1.293481760549999
sub-11535	alpha_negative	0.11665556762962404	0.054615069905	0.00115310890985	0.6003700363474999
sub-11535	gamma0	0.34417123375894504	0.33175211969999996	-0.618019289915	1.374533135749999
sub-11536	alpha	0.40144901912434955	0.323876228	0.01393410058	0.9751490139474998
sub-11536	kappa	0.2834041854368613	0.2256148222	0.0488892302395	0.8748647000224998
sub-11536	alpha_negative	0.0974587727290546	0.034297062285	0.0006912659171349999	0.6388916264699999
sub-11536	gamma0	0.06505991749337808	0.061960079695	-0.8533567953425	1.0093245334749996
sub-11539	alpha	0.5358912540643634	0.50984899725	0.12155029143	0.9850704822249999
sub-11539	kappa	0.4292288715516019	0.37436978805	0.09776114159725	1.0918723579249996
sub-11539	alpha_negative	0.05752421011514784	0.026423854820000002	0.0006674613543300001	0.3062149996549986
sub-11539	gamma0	1.104673630234107	1.092792872	0.1206574334325	2.1780360666249985
sub-11540	alpha	0.7433800974766093	0.7911866305999999	0.3071185798525	0.9956951387475
sub-11540	kappa	0.7848271194939368	0.75293137015	0.32235843258249997	1.417378764799998
sub-11540	alpha_negative	0.017872868216367573	0.0092166232075	0.000274114388455	0.08588411985274992
sub-11540	gamma0	2.5935749950728813	2.5661693039999998	1.418081632475	3.8967683483999997
sub-11542	alpha	0.2041818698106245	0.09793904624	0.0031178814895999997	0.9381857347999998
sub-11542	kappa	0.25512628645852536	0.20994090875	0.0512730041795	0.7083115956199995
sub-11542	alpha_negative	0.19611059498726885	0.1097752837	0.0032117844053000002	0.84225563478
sub-11542	gamma0	0.9273252718414842	0.915972601	-0.006526415995624991	1.9371572599749998
sub-11545	alpha	0.7457890644082378	0.8102661748	0.24805790866250002	0.9961341806399999
sub-11545	kappa	0.5294793973174131	0.502931962	0.18077553630499998	1.0293706753749998
sub-11545	alpha_negative	0.02470363305962262	0.01277839572	0.0003629622651075	0.11538564274249995
sub-11545	gamma0	2.1918435401864373	2.1648658315000002	1.0260778854750001	3.478584620074999
sub-11551	alpha	0.23604808319791099	0.1313001727	0.0035147000715000003	0.9498351669125
sub-11551	kappa	0.25510562384886876	0.2167993758	0.0546529613115	0.6770110154224992
sub-11551	alpha_negative	0.17053275649773397	0.098303631125	0.002252619423775	0.7945028108224991
sub-11551	gamma0	0.7290841220053176	0.7176303299	-0.18746716660999996	1.6822635279999996
sub-11559	alpha	0.29415989480803967	0.17493274245	0.00409328338685	0.97029602122
sub-11559	kappa	0.19089670352176308	0.16278450919999998	0.04090725014	0.4988452263024997
sub-11559	alpha_negative	0.17298871853540382	0.091801071915	0.001994261049375	0.7933837790599999
sub-11559	gamma0	0.43851538759027836	0.43370489765	-0.461700474735	1.3802370322249997
sub-11560	alpha	0.6802163251783686	0.7408038854500001	0.1463578034825	0.9942021932699999
sub-11560	kappa	0.2932845710790367	0.2733791446	0.0745255203425	0.6288996736049999
sub-11560	alpha_negative	0.029450482299679125	0.012301980185	0.00035577782046	0.1540181777074998
sub-11560	gamma0	0.7892072602102043	0.7791038343000001	-0.107372349235	1.7365388715249994
sub-11563	alpha	0.462079372791329	0.3983493188	0.11599140025	0.974598764785
sub-11563	kappa	0.5680191150533822	0.4813228823	0.12107138440000001	1.5095150301249995
sub-11563	alpha_negative	0.03298240511499099	0.01541367261	0.0003298517955275	0.16200817342749954
sub-11563	gamma0	0.4292330779970292	0.4212972538	-0.4879929949225	1.393555153849999
sub-11565	alpha	0.39467097701790826	0.33547767520000005	0.0325159036575	0.9522836782649999
sub-11565	kappa	0.3542628018612461	0.28528372505	0.057731063422999995	1.0365479439499996
sub-11565	alpha_negative	0.13268778323270616	0.05789351291	0.0011169329642	0.7003431290449995
sub-11565	gamma0	0.3558028842587266	0.3454886747	-0.554221931265	1.3104163355999996
sub-11570	alpha	0.8489720543410813	0.8858995514500001	0.5195889339549999	0.996621685565
sub-11570	kappa	1.119817999421247	1.075996809	0.5001159187825001	2.001773652625
sub-11570	alpha_negative	0.010213447613672983	0.004432901345	0.00010405113675500001	0.054994246730999854
sub-11570	gamma0	2.2680913308010404	2.244525123	0.9362883238225	3.7154693291249994
sub-11572	alpha	0.4568304543084075	0.3840888184	0.050317030592999995	0.9866297491649999
sub-11572	kappa	0.2835785499444394	0.24004182585	0.060036356889749995	0.7559221003074986
sub-11572	alpha_negative	0.07926008670471538	0.04051343462	0.00116348508015	0.41337304073749925
sub-11572	gamma0	1.1607967425933157	1.147466338	0.2365958020775	2.174055393649999
sub-11579	alpha	0.8411528841752218	0.8782071117	0.5050124366625	0.9954259784
sub-11579	kappa	0.6569171343262181	0.6392961696	0.2590507902125	1.1588495574499997
sub-11579	alpha_negative	0.01008831422100641	0.004255378948	9.604205256525e-05	0.055173370590499905
sub-11579	gamma0	0.962533275385625	0.9528189773	-0.07616427191299999	2.0497020055
sub-11587	alpha	0.6032146026838495	0.60337445545	0.1863011585275	0.9785674597574999
sub-11587	kappa	0.4780280590515375	0.4086260659	0.10049504582	1.2468173281499964
sub-11587	alpha_negative	0.09959926954686779	0.07224747334	0.001222297102225	0.35624745738749974
sub-11587	gamma0	1.0368762135833165	1.011126883	0.013188047207750008	2.1963190089999998
sub-11588	alpha	0.2973233224949855	0.1781448782	0.01029963422025	0.9781487332374998
sub-11588	kappa	0.3235292560987922	0.2510233107	0.06106734858525	0.9915917786674996
sub-11588	alpha_negative	0.166659390168551	0.08049925025999999	0.002410100301375	0.82690494936
sub-11588	gamma0	1.77525211123837	1.7603616905	0.7285010632675	2.93079026035
sub-11591	alpha	0.5891337541107864	0.6183117898999999	0.06840361526425001	0.9933799839649999
sub-11591	kappa	0.26832806579346935	0.23551610750000002	0.062229004121499995	0.6875171029899994
sub-11591	alpha_negative	0.06884923282872732	0.02570397301	0.0007031812062575001	0.45677465477499984
sub-11591	gamma0	1.2620909663675288	1.247151981	0.29647237858500003	2.3178880821499983
sub-11597	alpha	0.06696434196394004	0.0616367674	0.0018575481543250001	0.1763284676649999
sub-11597	kappa	1.5960758591830504	1.373892536	0.2068528588125	4.192708569475
sub-11597	alpha_negative	0.0661467464650276	0.028001611109999998	0.0003915402445325	0.4017598963424998
sub-11597	gamma0	0.5343290187994036	0.52380605505	-0.7185833441399999	1.8425022905249973
sub-11598	alpha	0.7189454069466944	0.7863958314	0.1512683386675	0.99569512313
sub-11598	kappa	0.2697342770415137	0.24949445675	0.068779020724	0.5811009223199995
sub-11598	alpha_negative	0.03763538568195051	0.014692869955	0.00042267850916250004	0.21530695313249998
sub-11598	gamma0	1.1892881336904182	1.178092322	0.24105548109000002	2.2160909995249987
sub-11599	alpha	0.4309413393931703	0.38809249155	0.181431579365	0.9255483853799998
sub-11599	kappa	0.7044077554758423	0.6432846122	0.1518816934825	1.5994845851999997
sub-11599	alpha_negative	0.02363318767521464	0.012328031855000001	0.000505828667935	0.10992377792999998
sub-11599	gamma0	1.494599483609145	1.4749162115	0.4652308522975	2.6388243447749993
sub-11600	alpha	0.5686602605130947	0.5721669788	0.0685029191415	0.9925437047525
sub-11600	kappa	0.2707684494307697	0.24177958495000001	0.06925465533599999	0.6398380077399998
sub-11600	alpha_negative	0.1218934669689954	0.052054523615	0.001288394181725	0.6877785482499997
sub-11600	gamma0	1.9113785020632346	1.884797357	0.84520797192	3.129375968775
sub-11606	alpha	0.18968299716907341	0.096782720455	0.003688697996875	0.9048467902574999
sub-11606	kappa	0.31168355743605847	0.24154287130000002	0.049028296409000006	0.9581180436399968
sub-11606	alpha_negative	0.15542218226547647	0.06029308673	0.0017904300735	0.8171732829824991
sub-11606	gamma0	0.75107512175337	0.7416801711000001	-0.165533500645	1.7184847475499998
sub-11614	alpha	0.7673243612383559	0.8006887952	0.375129355525	0.9927144407524999
sub-11614	kappa	0.5134971765502013	0.48923073435	0.16197569380250001	1.0050501844749997
sub-11614	alpha_negative	0.01635824543773981	0.007234521033	0.000160443862315	0.08632240411974992
sub-11614	gamma0	0.7044687172715562	0.6995512106499999	-0.2710328685	1.7119212659249996
sub-11622	alpha	0.6829143173898192	0.73400940725	0.147799989575	0.9924241916275
sub-11622	kappa	0.25792300388147943	0.2385782117	0.06314844916525	0.5622740674174996
sub-11622	alpha_negative	0.08337729782599176	0.02998814894	0.00049963675978	0.501484362557499
sub-11622	gamma0	0.7133050642583462	0.7005529854000001	-0.192879288095	1.6713221416499988
sub-11625	alpha	0.6416520747193926	0.68809197945	0.10988904872750001	0.9938723294049999
sub-11625	kappa	0.2891104989950317	0.26636833795000003	0.07450612416249999	0.6388010949999997
sub-11625	alpha_negative	0.048754469929929586	0.01930886659	0.0005242433791299999	0.2887452623499999
sub-11625	gamma0	1.1862466983028928	1.1761522145	0.21929022309500001	2.224020818199999
sub-11626	alpha	0.24455407858792644	0.12139955035	0.00270258524895	0.9619210059125
sub-11626	kappa	0.22833305061927997	0.19321700790000002	0.04625600010725	0.611073358599999
sub-11626	alpha_negative	0.198848379645048	0.11642206090000001	0.0021408299316	0.8211271694949991
sub-11626	gamma0	0.5495001439814657	0.5402109232000001	-0.4702280952025	1.6231084554499993
sub-11628	alpha	0.6577669245409787	0.6794242986	0.2065578831225	0.9898629925949999
sub-11628	kappa	0.41961154155462405	0.38610367665	0.109533215985	0.9315537067449994
sub-11628	alpha_negative	0.048106088128469136	0.026809969615	0.0006822903586225001	0.2073677127899998
sub-11628	gamma0	1.3390116378295371	1.3249994790000001	0.3271038693975	2.4379733249249997
sub-11631	alpha	0.46170777358069615	0.40530727850000003	0.0719802961705	0.9782655062524998
sub-11631	kappa	0.3347828751943264	0.28261357705	0.061487016266	0.9174100835624996
sub-11631	alpha_negative	0.048423939143996765	0.01955141807	0.000480341332635	0.2838856997874992
sub-11631	gamma0	0.26838241163767473	0.266994332	-0.6206551935175	1.1514674149749984
sub-11651	alpha	0.6897333067781348	0.75500489955	0.12461011633	0.9942195036375
sub-11651	kappa	0.27698661756390314	0.2594146722	0.073923956922	0.5825225940624997
sub-11651	alpha_negative	0.05330472946888389	0.020631985115	0.00048918796983	0.31556413053749977
sub-11651	gamma0	1.0793765562214819	1.0649843995000001	0.16100696980499998	2.071961575699999
sub-11660	alpha	0.6621848513978525	0.7238702027	0.08103795035974999	0.99404834082
sub-11660	kappa	0.2292208415752856	0.2105419697	0.05898877903	0.50424627224
sub-11660	alpha_negative	0.08156001767474062	0.030804121679999998	0.0007234189514075	0.5107618598949994
sub-11660	gamma0	1.2052268209049863	1.1903059515	0.28805296559	2.2067453657749985
sub-11670	alpha	0.7457271911087332	0.80949388675	0.20166627882500002	0.9946509663875001
sub-11670	kappa	0.3689003515886337	0.34173245370000005	0.1044937569825	0.7927164410649994
sub-11670	alpha_negative	0.08802541047753795	0.054177018715	0.0009798607259925	0.3670870681424995
sub-11670	gamma0	1.9835883205169966	1.9574093865000002	0.88254941235	3.2586536803749997
sub-11679	alpha	0.02279951775181748	0.012610073575	0.00042258165833250006	0.10162614489999995
sub-11679	kappa	0.5819091211334837	0.52154629485	0.1994799760425	1.2960108454499997
sub-11679	alpha_negative	0.3383662145027138	0.29021330115	0.0145884661395	0.8806507807724988
sub-11679	gamma0	0.9695212148250074	0.9633640650499999	-0.1361489451875	2.0922301826999994
sub-11681	alpha	0.7485492900004057	0.83125396365	0.1625095215875	0.996858321925
sub-11681	kappa	0.2970545012153987	0.278892935	0.0842269130035	0.6183655060149996
sub-11681	alpha_negative	0.06604021381146431	0.031372445615	0.000776088918085	0.3265629925474997
sub-11681	gamma0	2.168781746163817	2.1434147064999998	1.057355740075	3.4427521782249997
sub-11692	alpha	0.03905199589101197	0.02233534739	0.0006397346061550001	0.18066653159499996
sub-11692	kappa	0.837834192696132	0.6665751612999999	0.2486622930975	2.1561337438250003
sub-11692	alpha_negative	0.30590457479568434	0.2418570548	0.002736006059725	0.8808490482525
sub-11692	gamma0	1.4266118228466256	1.416163229	0.336082341115	2.567146454725
sub-11701	alpha	0.6525849643708719	0.6916608282500001	0.1480579254925	0.9898482533024999
sub-11701	kappa	0.34189491740164474	0.3150190732	0.08642003313225	0.75942193269
sub-11701	alpha_negative	0.0660477189398498	0.028637623365	0.00043055805315	0.3469856191499993
sub-11701	gamma0	0.6855074309740578	0.6726243943000001	-0.2374502409375	1.6659966784999987
sub-11703	alpha	0.1849666496769215	0.086921696065	0.0029572858474000005	0.9271016252449998
sub-11703	kappa	0.24668714460836202	0.19435285595000001	0.041569962761500004	0.7453490262
sub-11703	alpha_negative	0.16238366473946778	0.06390774062	0.001900176827875	0.8323179442949988
sub-11703	gamma0	0.7058117023146459	0.69512862785	-0.19299687894999998	1.6564951437499993
sub-11705	alpha	0.1328150026511717	0.083290519645	0.00342446060225	0.7022953811349987
sub-11705	kappa	0.45113792643756767	0.33443377595	0.050352451138	1.462772915774996
sub-11705	alpha_negative	0.1080977739734953	0.028885284900000002	0.0007142451174450001	0.7809907385099998
sub-11705	gamma0	0.13822790726600823	0.12696465229999998	-0.813458800065	1.1473105678249997
sub-11709	alpha	0.40017667460276096	0.3356574686	0.0163798925755	0.9737705717824999
sub-11709	kappa	0.239243184211453	0.1958795661	0.04343017387575	0.6831719356149999
sub-11709	alpha_negative	0.09326534169495063	0.03646958662	0.0007721517557425	0.5828475030949999
sub-11709	gamma0	-0.010291166409056316	-0.014136485899999999	-0.9069446067275	0.9048573779499992
sub-11710	alpha	0.08006691457763661	0.07378150113	0.0034293318670000003	0.21076654592749988
sub-11710	kappa	1.3345739551323166	1.2038940395	0.158609213385	3.3622181196999987
sub-11710	alpha_negative	0.08998782828545177	0.019904164420000002	0.00037749193617	0.7251449252899994
sub-11710	gamma0	0.8578692582872145	0.8500656228000001	-0.273919095505	2.0216683862499996
sub-11714	alpha	0.7373896968912536	0.7754168656	0.2999178392275	0.9922570966250001
sub-11714	kappa	0.3648985479059603	0.3464327503	0.098267929765	0.7498311134925
sub-11714	alpha_negative	0.023307203743528723	0.009430068311	0.0002039241225925	0.12824664323999985
sub-11714	gamma0	0.48520726908410083	0.48265852615	-0.43429456026	1.4312290653499995
sub-11720	alpha	0.17710483051129655	0.07542148832000001	0.001694026606325	0.9170225154324997
sub-11720	kappa	0.21319103026805447	0.1654507288	0.033743280446	0.6558282092749982
sub-11720	alpha_negative	0.16609730576645257	0.061124510310000005	0.0014518398644750002	0.8672008133374993
sub-11720	gamma0	-0.16430232919381257	-0.1629526921	-1.1031393671249998	0.7813359357624999
sub-11722	alpha	0.5169386426004262	0.46915384335	0.1909311843475	0.975270105965
sub-11722	kappa	0.6545497611587634	0.57051420855	0.1468200396	1.607175071274999
sub-11722	alpha_negative	0.037835569204398865	0.02029608403	0.0005578838349175	0.1710297048325
sub-11722	gamma0	1.341501708406871	1.328111552	0.309752545745	2.4470832153249997
sub-11723	alpha	0.12112604929500806	0.06594838005	0.002226690501225	0.6815374616074978
sub-11723	kappa	0.34466153281967	0.3014236322	0.0761049214805	0.8486992087824997
sub-11723	alpha_negative	0.245757021012028	0.16995167005	0.0067032256204	0.85907104093
sub-11723	gamma0	1.408759694208544	1.3990836925	0.3375004061125	2.542805112474999
sub-11736	alpha	0.3792001730471003	0.26963414139999997	0.004296863596075001	0.9862735135399999
sub-11736	kappa	0.18505924746608968	0.15914756905	0.039168797112499994	0.4816257127349997
sub-11736	alpha_negative	0.12600819408453148	0.048255331035	0.001023052921875	0.7554114498049997
sub-11736	gamma0	0.29780121365138984	0.29284772039999996	-0.55844391725	1.1785977146749989
sub-11744	alpha	0.7205648654700763	0.78274106285	0.16736520769000002	0.9937132898800001
sub-11744	kappa	0.2597916069589081	0.24305253970000001	0.06597072992725	0.5503927594524998
sub-11744	alpha_negative	0.035613417694446134	0.013865404975	0.000334851862795	0.2064796230474998
sub-11744	gamma0	0.5636066149118226	0.55856155385	-0.315170950025	1.482022104675
sub-11746	alpha	0.28730621613628143	0.18103878810000001	0.010733320917749999	0.965027488335
sub-11746	kappa	0.4027958653385862	0.2997280191	0.058605454859749995	1.277389264174999
sub-11746	alpha_negative	0.08264211532831768	0.024304865075	0.00073538349339	0.6816328625724999
sub-11746	gamma0	0.6632892520257614	0.6489627728	-0.27300235633	1.6584635658249993
sub-11748	alpha	0.8369417526641872	0.88028227695	0.47297271552250003	0.9968086623825
sub-11748	kappa	0.7751850346088358	0.7495617279	0.31323316247	1.3877870255749987
sub-11748	alpha_negative	0.0093681478349849	0.0048190225845	0.0001585793858625	0.045181207350999994
sub-11748	gamma0	2.1290244088918078	2.106563199	0.88784499066	3.502865378475
sub-11756	alpha	0.45364188432711217	0.38219265845	0.09867433925175	0.9823059809275
sub-11756	kappa	0.40452439717660255	0.33234901275	0.07681227000375	1.1449908059999996
sub-11756	alpha_negative	0.03851320372742687	0.017548274699999998	0.0006147583164025001	0.2040774377724997
sub-11756	gamma0	0.9369048166454316	0.92448822045	0.02858362918375	1.9175573778249997
sub-11764	alpha	0.4740096026779621	0.4147117783	0.0477485404955	0.9891288745925
sub-11764	kappa	0.3181258664697803	0.2606467175	0.065632802101	0.9175637610024991
sub-11764	alpha_negative	0.07989950223603862	0.033076634045	0.0011737189676	0.5132809507399977
sub-11764	gamma0	1.5819159126149933	1.561055648	0.5764008144025	2.696062212699998
sub-11773	alpha	0.47905616512384797	0.4205633546	0.05169062063525	0.9892997635275
sub-11773	kappa	0.3252419873130416	0.27913257810000003	0.0721327869855	0.8404893404799995
sub-11773	alpha_negative	0.09573316459822305	0.050961732025	0.0017144114853	0.5083009779099996
sub-11773	gamma0	1.8918681862349969	1.8710636925	0.8275633413475	3.067231905475
sub-11774	alpha	0.8119102975889891	0.8689916582999999	0.3750720678225	0.99691728035
sub-11774	kappa	0.5548580379609294	0.5362790951	0.1987810079125	1.0199419964499994
sub-11774	alpha_negative	0.015326957860244675	0.0076337735475	0.00023579268742000001	0.07546190220599996
sub-11774	gamma0	2.0240317619538097	2.0075133249999997	0.9233246801075	3.2475291542
sub-11784	alpha	0.014596026235430081	0.007808960153	0.0001609268106925	0.06601543485974981
sub-11784	kappa	3.7770191633057313	3.2634241270000004	0.889996729055	9.37519121355
sub-11784	alpha_negative	0.17973942215394187	0.079046881135	0.0002547941070625	0.7994119075449998
sub-11784	gamma0	1.3096503505167942	1.284719103	-0.2858377116225	3.0273534857999946
sub-11787	alpha	0.3862771377082433	0.28668410229999997	0.016964938099750002	0.9800949211749999
sub-11787	kappa	0.30581099210795376	0.2443948339	0.061575393017999996	0.9066201309449997
sub-11787	alpha_negative	0.16537002089686922	0.07080574825	0.0020923578496750005	0.8308168053849997
sub-11787	gamma0	1.535259507914494	1.51842676	0.5208823194475001	2.6668512714999997
sub-11788	alpha	0.4539227072405438	0.3994594496	0.033048479935750004	0.981675971885
sub-11788	kappa	0.29430287895863877	0.24885229990000002	0.060058332615500004	0.7911030848574984
sub-11788	alpha_negative	0.07516282578694108	0.028868643905	0.00080961929153	0.48510398168749896
sub-11788	gamma0	0.6794848535658042	0.6665303532	-0.2310969556825	1.646101033999999
sub-11789	alpha	0.2229722456502002	0.1437728624	0.006194918365275	0.9082608729349991
sub-11789	kappa	0.5346971485628403	0.42682913955	0.0788442123055	1.5060704669499962
sub-11789	alpha_negative	0.09287460818409399	0.02728665751	0.0006866083338375001	0.7163203157374997
sub-11789	gamma0	0.5976156719290091	0.5839772752	-0.41314969068249996	1.683901425325
sub-11790	alpha	0.4801873239766245	0.42090671030000004	0.02180326951125	0.9929510458999999
sub-11790	kappa	0.22685681711666597	0.19455316085	0.052545215558	0.5943708203424999
sub-11790	alpha_negative	0.10510304284912271	0.043418823025	0.00144013328265	0.681865756335
sub-11790	gamma0	1.611043746043442	1.5942250555	0.6257943244699999	2.702856243799999
sub-11793	alpha	0.3383981734730232	0.249359009	0.015687283875	0.9651406284999998
sub-11793	kappa	0.3281646076157043	0.2695537834	0.06644884525599999	0.9164190342824992
sub-11793	alpha_negative	0.16803861123407204	0.09615850766	0.0027025966066	0.7589931978375
sub-11793	gamma0	1.3392542547781874	1.3269815175	0.34587429138	2.4442445342499997
sub-11795	alpha	0.8302655075438188	0.87017915265	0.48392390868999996	0.996253333595
sub-11795	kappa	1.3012555106153936	1.242859072	0.5910685446249999	2.3356105663499944
sub-11795	alpha_negative	0.008493798048183974	0.004039584805500001	0.00010090542607750001	0.04363204624374994
sub-11795	gamma0	2.367378735507468	2.3476190375	1.046039104825	3.7989689484249993
sub-11815	alpha	0.1455769600841675	0.0880221778	0.00393767051565	0.7932276926699999
sub-11815	kappa	0.36945185479550513	0.30568306005	0.06541367666075	1.0210119917499996
sub-11815	alpha_negative	0.13964339364464484	0.056775525204999996	0.001877244549425	0.8047652401425
sub-11815	gamma0	1.2605404080021234	1.2456940104999998	0.269606088855	2.334396474149999
sub-11822	alpha	0.34571655740977963	0.28529625985	0.056396507041	0.9439780247425
sub-11822	kappa	0.4248016289825	0.36922239905	0.08649220808824999	1.074662343499999
sub-11822	alpha_negative	0.09828449409559763	0.06114667621	0.0019716481187	0.43104204439249993
sub-11822	gamma0	1.470267122041388	1.452136035	0.45604384162500006	2.605968658124999
sub-11823	alpha	0.16757894145405686	0.1099135567	0.0038200499586	0.8064006835224995
sub-11823	kappa	0.3873851833773056	0.28851744300000004	0.05897326946175	1.2466454347249998
sub-11823	alpha_negative	0.15495045559209183	0.051606142095	0.0013511151741000002	0.8543479168349989
sub-11823	gamma0	0.7072593350426115	0.6966964642	-0.24286840742	1.7176401555749992
sub-11824	alpha	0.6356245091399424	0.67765985305	0.1427388895925	0.992943464925
sub-11824	kappa	0.4365562555683681	0.4033945101	0.12431975707500001	0.9517960384449989
sub-11824	alpha_negative	0.058906353169765696	0.028121512305	0.000647442419235	0.2897371020999996
sub-11824	gamma0	1.7029608011804938	1.6852143064999998	0.64720767623	2.8943121475499995
sub-11828	alpha	0.05877793612428521	0.02218285294	0.00058573604235	0.4046481888199972
sub-11828	kappa	0.2893185953807148	0.26092715645	0.0590131995905	0.6869785471399998
sub-11828	alpha_negative	0.3005637770566036	0.2479988775	0.0099212371585	0.8645863389899999
sub-11828	gamma0	0.16830108056515639	0.17153165395	-0.84861432867	1.1993109844999987
sub-11829	alpha	0.8169404141099438	0.86069253785	0.43772755995249996	0.9961048407475
sub-11829	kappa	1.132525396341922	1.0858997805	0.50564260331	2.047125487449999
sub-11829	alpha_negative	0.009026120101719512	0.004443719972499999	0.00011067800142000001	0.04476901628174992
sub-11829	gamma0	2.2470316602232363	2.2222820055000003	0.9486576724425	3.6784395813
sub-11840	alpha	0.5001706475572156	0.4645514922	0.06951721283125	0.9839147283974998
sub-11840	kappa	0.3222791025370616	0.27340828985	0.06565842635825	0.8617827943399999
sub-11840	alpha_negative	0.06620804864912856	0.028899647845	0.0007999196785875001	0.38800967231999917
sub-11840	gamma0	0.8962585060350482	0.88099341845	-0.0447813705925	1.907643528325
sub-11847	alpha	0.14170836195218725	0.10446257595	0.010729188052750001	0.5739853185574991
sub-11847	kappa	0.9288435829601285	0.7130394473499999	0.08938395266725	2.8510206359999994
sub-11847	alpha_negative	0.08402130675995235	0.02390223188	0.0005735154291500001	0.6416563624549992
sub-11847	gamma0	0.940125763059144	0.9241816157	-0.12091821723749999	2.0816271205749994
sub-11853	alpha	0.8282950380448969	0.87389929285	0.45388960772	0.9968793435125001
sub-11853	kappa	1.0380718809167344	0.9999949991	0.46957341686500004	1.8296689191749995
sub-11853	alpha_negative	0.007993542709753413	0.004147142538	0.00011150730063	0.03752671636424994
sub-11853	gamma0	2.1608941736742207	2.139602438	0.8465034567075	3.58448866205
sub-11854	alpha	0.118826245332992	0.1000606473	0.003406131327	0.3716421912274999
sub-11854	kappa	0.9554893196583016	0.83464391185	0.12269230694250001	2.5012166900499992
sub-11854	alpha_negative	0.0946485158547767	0.031064712345000002	0.0003412052499725	0.5928522377724993
sub-11854	gamma0	0.1192434537606907	0.11556962125	-1.014609654525	1.254928472224999
sub-11861	alpha	0.8403491186492372	0.8920118098500001	0.432181523695	0.9974578466549999
sub-11861	kappa	0.5030384209586388	0.4849838114	0.176070422065	0.9280725406874999
sub-11861	alpha_negative	0.01912484351459467	0.0092634907665	0.00028124597456	0.0961104023002499
sub-11861	gamma0	2.2873005339332537	2.2581475285	1.1118220542250001	3.604322786499999
sub-11866	alpha	0.4476050847389289	0.40287365615000004	0.024080852211750003	0.97888418621
sub-11866	kappa	0.2849965694211455	0.2464997338	0.06505877066825	0.7212907593024998
sub-11866	alpha_negative	0.20819152243812802	0.1449174255	0.0038302970109	0.7692266392024999
sub-11866	gamma0	1.7776032503011399	1.755991806	0.735317485765	2.9547858509499996
sub-11867	alpha	0.1450473027274528	0.09258921375000001	0.0025695565031	0.6388859045924998
sub-11867	kappa	0.43961681581373385	0.33252426609999997	0.063913730034	1.378502826924999
sub-11867	alpha_negative	0.1994371110563627	0.09299204278	0.0013721494590000001	0.8551518095224995
sub-11867	gamma0	0.27098576788944073	0.26676238895	-0.7675039055275	1.3262691321249986
sub-11870	alpha	0.6941715704324853	0.7530988503	0.1537517308275	0.9956277823324999
sub-11870	kappa	0.2838798256247784	0.2637266783	0.07569584970575	0.6085070571724999
sub-11870	alpha_negative	0.05277629145392075	0.02151922953	0.0007304256785524999	0.3183047001924982
sub-11870	gamma0	1.861669680900543	1.8440780045	0.83218770976	3.0053649029499985
sub-11872	alpha	0.2830477108983838	0.19516875379999998	0.006879231607775	0.9402436818225
sub-11872	kappa	0.28101764683877717	0.2193495562	0.043621172561250005	0.86091578889
sub-11872	alpha_negative	0.10631251622004195	0.03716795735	0.00076035425047	0.7055291030424996
sub-11872	gamma0	-0.20634290561478977	-0.20891430095	-1.1175665786500002	0.7188774808274996
sub-11876	alpha	0.35967635518611624	0.2819496541	0.040529821013250006	0.96815624438
sub-11876	kappa	0.2916854983770121	0.24342788720000003	0.052177999057000005	0.7892588801649997
sub-11876	alpha_negative	0.06754845541482894	0.025579618785	0.0009208787118425	0.4615755747949995
sub-11876	gamma0	0.7648647598180504	0.75596116095	-0.1077420145325	1.6845605480249999
sub-11877	alpha	0.1343422719033649	0.061662572624999995	0.00198031346655	0.85290909747
sub-11877	kappa	0.21660013640011794	0.18412062255	0.043249935577750004	0.5776296430274999
sub-11877	alpha_negative	0.2186424404468939	0.12786337335	0.0035164181142000005	0.8657525128474999
sub-11877	gamma0	0.6006084001958631	0.5938747738500001	-0.3371765821725	1.5773051552749997
sub-11881	alpha	0.7028635506115213	0.7222736982	0.3048843793225	0.9908055838325
sub-11881	kappa	0.5752497754777373	0.5502754597	0.19882504253500002	1.1090573937999981
sub-11881	alpha_negative	0.010800587577284287	0.0056162580895	0.00016665769962750002	0.05021208903749997
sub-11881	gamma0	0.8501132141655521	0.8415124120999999	-0.085786972184	1.8522843571749998
sub-11885	alpha	0.4654284485527045	0.41048587945000004	0.01219475209	0.9911840574424999
sub-11885	kappa	0.21446490639630483	0.18465107795000002	0.05016246279025	0.5598076602225
sub-11885	alpha_negative	0.11896173960860298	0.048998148369999994	0.00122956038295	0.7259753198749996
sub-11885	gamma0	1.1550134831535843	1.1403006615	0.2303623229825	2.1612885445249996
sub-11891	alpha	0.22153464073867354	0.1436833383	0.007982737841800001	0.9142316817199998
sub-11891	kappa	0.33970238968011257	0.2822308149	0.058552778287499996	0.93361903205
sub-11891	alpha_negative	0.13718209238959214	0.074756880305	0.002053985796775	0.6724854794499998
sub-11891	gamma0	0.738251781747824	0.72658258045	-0.203532804075	1.7366147820749984
sub-11897	alpha	0.5512385411485672	0.5221004488	0.13261906569	0.9892464442175
sub-11897	kappa	0.4085950258548194	0.36268742384999997	0.09876306535725	0.991907780107499
sub-11897	alpha_negative	0.05898173122780317	0.02902113361	0.0009279841911299999	0.30242989824999966
sub-11897	gamma0	1.6155364008425734	1.5990567955000001	0.59396550466	2.7612606984499997
sub-11900	alpha	0.24588155424448718	0.12310878959999999	0.00272645536945	0.9640385713599998
sub-11900	kappa	0.19116240710382787	0.1512967181	0.03473314636575	0.5838698133874997
sub-11900	alpha_negative	0.16810570145255166	0.052612990155	0.00128341478405	0.8791359315324997
sub-11900	gamma0	0.20013731972611026	0.19275864035	-0.7067946323	1.14138382005
sub-11902	alpha	0.5502038158452488	0.51884757605	0.1557039733375	0.9874396541499999
sub-11902	kappa	0.5010005212706378	0.44141425089999997	0.12074764262	1.2122277216
sub-11902	alpha_negative	0.05164715583617598	0.02920640104	0.0009937700898349998	0.23062168836249988
sub-11902	gamma0	1.953150361368909	1.934174531	0.8646674432425	3.171533498549999
sub-11909	alpha	0.30238170265678116	0.1841218351	0.00560643285135	0.97127484794
sub-11909	kappa	0.2821450580516392	0.2383924731	0.06285278670275	0.7471872509699999
sub-11909	alpha_negative	0.1839233430251579	0.10167756465	0.0030516354922	0.8296232204299989
sub-11909	gamma0	1.5097722207847168	1.4902844255	0.466509795705	2.6473193150249985
sub-11913	alpha	0.5693668235894459	0.6098392641	0.021819608754999997	0.98725264335
sub-11913	kappa	0.18794133100731875	0.1630733724	0.03998232540425	0.4780038059474999
sub-11913	alpha_negative	0.13019831691135933	0.05868343965	0.000663482314935	0.6852953121174995
sub-11913	gamma0	-0.07093433760924922	-0.071793754555	-0.9728920216225	0.8350549858899994
sub-11914	alpha	0.7989524615198856	0.8621033616	0.31427817266	0.9974700878325
sub-11914	kappa	0.3411520804285593	0.3233330994	0.10023997095500001	0.6823526214024993
sub-11914	alpha_negative	0.0328420595990685	0.014449010905	0.0004574708745925	0.1732729812399995
sub-11914	gamma0	2.2438991934835077	2.2151212375	1.121765328775	3.529362526724999
sub-11920	alpha	0.1374637669298762	0.10512993235	0.0322881850835	0.5395944261975
sub-11920	kappa	1.1312244033746475	1.0479813999999998	0.14401554766750002	2.627842540299999
sub-11920	alpha_negative	0.03556494234119015	0.01535276443	0.0004801555483175	0.1954539759074999
sub-11920	gamma0	1.2818855275408458	1.2654912875	0.16156473595499998	2.5053589760249992
sub-11922	alpha	0.22429337129908697	0.12527644485	0.004403185610875001	0.9423195114949996
sub-11922	kappa	0.3249743870025929	0.2595649841	0.05635657762725	0.93987922558
sub-11922	alpha_negative	0.1281462667228548	0.050398169635000004	0.00141364737035	0.7597998499399995
sub-11922	gamma0	0.7136066085291032	0.7031476221999999	-0.2509778923925	1.7307226024499982
sub-11923	alpha	0.08189908946140755	0.045370364575	0.00174253356155	0.3985928133049997
sub-11923	kappa	0.48084061133069284	0.4054455245	0.11115447687999999	1.231271242424998
sub-11923	alpha_negative	0.2540536756878464	0.15944351825	0.005858012412675	0.8961835113524996
sub-11923	gamma0	1.9342495010295324	1.9147850549999998	0.8631066308424999	3.0954426674
sub-11924	alpha	0.1105411678170588	0.08674233494	0.0064402067176	0.3699165307749998
sub-11924	kappa	0.8563580473244723	0.6805097046999999	0.08960982773925	2.506265725049999
sub-11924	alpha_negative	0.09192388443436135	0.038832216125	0.0008552176349	0.5641672279549992
sub-11924	gamma0	0.813003505652956	0.7992123248	-0.2676284920325	1.9781415299249994
sub-11926	alpha	0.7861614177884185	0.8442712269	0.328772212725	0.9969029092375
sub-11926	kappa	0.47298591562002346	0.45447153655	0.15934454278000001	0.8879850210324997
sub-11926	alpha_negative	0.018422019118991984	0.0092647289085	0.0003290386464275	0.08908418427199973
sub-11926	gamma0	2.1442220380479853	2.114730593	0.9935905800700001	3.4444288394999996
sub-11928	alpha	0.7367594911653906	0.7591165986	0.3559296503175	0.99295215498
sub-11928	kappa	1.0678430625473287	0.9886155869	0.38181211318499997	2.224555304325
sub-11928	alpha_negative	0.01718839372568896	0.0076655035570000005	0.00018210223923750002	0.09183542178449976
sub-11928	gamma0	2.195592427043575	2.171931185	0.88091002344	3.63534154335
sub-11929	alpha	0.016994360019856287	0.010331318874999999	0.0003499376442275	0.07185187701125
sub-11929	kappa	1.0530357671390318	0.9077335483	0.355995800735	2.4427954210499974
sub-11929	alpha_negative	0.25735836137347184	0.1778106931	0.0040971259495	0.8634944224575
sub-11929	gamma0	1.371681204820643	1.3641503830000001	0.2185943826475	2.571185625624997
sub-11931	alpha	0.8265059342224281	0.8649944378000001	0.4721052927575	0.9958859704499999
sub-11931	kappa	0.930693261677165	0.9004104577500001	0.39556459087499996	1.636808221875
sub-11931	alpha_negative	0.009375575512423654	0.0043695649615	0.00010183580474000001	0.04898698065624997
sub-11931	gamma0	1.7264052981967775	1.703899836	0.500673981815	3.0575681342999985
sub-11935	alpha	0.2362111072946264	0.15229545935	0.008687748322450001	0.9326995610849999
sub-11935	kappa	0.36006979605898537	0.29877588435	0.07299012413099999	0.9901753007999999
sub-11935	alpha_negative	0.21389562094660478	0.11914189	0.0037706110637749997	0.8633163036849999
sub-11935	gamma0	2.1481694739728434	2.1243946659999997	1.02479797505	3.3838754432999996
sub-11939	alpha	0.16219398617647204	0.06692915173	0.001925379569975	0.9223472542774998
sub-11939	kappa	0.23685638543029153	0.20399705159999998	0.05133041666275	0.6049969232399995
sub-11939	alpha_negative	0.2572334302093093	0.17361695895	0.005487157609775	0.8836164738575
sub-11939	gamma0	0.9954333334671263	0.9851837726	0.052766052095	2.00430512255
sub-11943	alpha	0.09479599787727841	0.05333159049	0.0013617409891000002	0.5186014751474991
sub-11943	kappa	0.34858085318958887	0.28974879765	0.06186464194225	0.9511873983649997
sub-11943	alpha_negative	0.19618499645715276	0.1102355913	0.0024316026082	0.8158120175449997
sub-11943	gamma0	0.25615123465435397	0.25213300405	-0.7420176059125	1.2777490173999986
sub-11949	alpha	0.1792642135603567	0.14942944975	0.044355737858999995	0.5651326570024992
sub-11949	kappa	1.2082934553307463	1.0787939309999999	0.0997661974835	3.068509356299999
sub-11949	alpha_negative	0.028744550764630502	0.009003147312	0.0001795063783575	0.17770988030999996
sub-11949	gamma0	0.2568078188165267	0.2464477519	-0.7641415313775001	1.3400964005999998
sub-11960	alpha	0.05882926465516641	0.03898899522	0.0015487170891	0.2251834132749996
sub-11960	kappa	0.5337966103560216	0.49045014924999997	0.1713091221975	1.1449773260249998
sub-11960	alpha_negative	0.26699818110943024	0.20877897834999998	0.025188916453	0.8277793450024995
sub-11960	gamma0	2.290325589382649	2.2737851365	1.193814958275	3.4779940793999993
sub-11969	alpha	0.17751692152530402	0.104049855	0.00478886358935	0.8626174476549993
sub-11969	kappa	0.3960934013887778	0.3014439267	0.05977479771125	1.219280019799998
sub-11969	alpha_negative	0.1585862880096193	0.063424819415	0.0016856547413	0.8297463287649998
sub-11969	gamma0	1.0482773964119225	1.034271169	0.09409182348525	2.083254388225
sub-11974	alpha	0.7982994338711688	0.84205702875	0.4113788560625	0.9956849780425
sub-11974	kappa	0.989357522742422	0.94985875885	0.43216193596249997	1.7855948532249994
sub-11974	alpha_negative	0.00983225421975026	0.005060183114	0.00013335512893000002	0.04767873788399999
sub-11974	gamma0	2.1253804997969694	2.1110111619999996	0.8135839966549999	3.545241666499998
sub-11976	alpha	0.6942107439409747	0.73273427105	0.217418348775	0.99088373473
sub-11976	kappa	0.33448687605762145	0.30999745710000004	0.08374237563	0.7244248603099992
sub-11976	alpha_negative	0.04925317858447174	0.018243075605	0.0003470526233625	0.28991218492749987
sub-11976	gamma0	0.5694615275105763	0.5627603313	-0.35303616514999997	1.5286576075249974
sub-11982	alpha	0.3936973368418346	0.35047229405	0.1655077408675	0.8778760878374998
sub-11982	kappa	0.8397654053907153	0.78161673235	0.2045506609775	1.8105937751749999
sub-11982	alpha_negative	0.029750083685041753	0.01477012102	0.0003839493627675	0.14154115990249957
sub-11982	gamma0	1.0509606269123828	1.0347571675	0.042612568926	2.1273791201999988
sub-11984	alpha	0.8513392127211218	0.8957402058999999	0.496766899985	0.99680235008
sub-11984	kappa	0.8541376126407781	0.8246810788000001	0.3602587530575	1.5219057299499996
sub-11984	alpha_negative	0.010174399500363602	0.004934937087	0.0001313502865125	0.050319858215499946
sub-11984	gamma0	2.1155452060333313	2.0917757095000002	0.80476691691	3.5307481361749993
sub-12008	alpha	0.22355656734137289	0.13324420809999998	0.004191125857525	0.9326649386524998
sub-12008	kappa	0.31267112585224816	0.24949344855	0.05624290870925	0.9067765469024995
sub-12008	alpha_negative	0.15241482037260193	0.05799619336	0.001417893575	0.8254035339449997
sub-12008	gamma0	0.4837154808527217	0.47487037905	-0.45368702970499997	1.471044677425
sub-12011	alpha	0.7106515221898098	0.7435278122	0.28312072254750004	0.990754060065
sub-12011	kappa	0.4345592314360372	0.40216861000000004	0.118567667125	0.9378467987424992
sub-12011	alpha_negative	0.03727028647408774	0.01871102221	0.00035542956059250003	0.16514013007999992
sub-12011	gamma0	0.74668218461728	0.7399731970500001	-0.21600882795	1.7572202503249998
sub-12013	alpha	0.540751852462204	0.55876346805	0.01713261020675	0.9878019903474999
sub-12013	kappa	0.17879557327171272	0.1545880942	0.0340612253485	0.4604999663274999
sub-12013	alpha_negative	0.06773808891004761	0.019887718115	0.0003638154241775	0.5253121648424993
sub-12013	gamma0	-0.4101226347918604	-0.4073229775	-1.287768560525	0.45208193518999984
sub-12018	alpha	0.1815978790696526	0.1734577729	0.038027964147	0.3689116380949998
sub-12018	kappa	1.247139192622732	1.1577946035	0.2335843796125	2.77920285645
sub-12018	alpha_negative	0.11886670874492561	0.097266907185	0.0127948919205	0.3696105304249999
sub-12018	gamma0	1.9734632429788932	1.9513589125	0.79245092936	3.2703314294499966
sub-12020	alpha	0.07974194852530206	0.056869474234999995	0.002169048771225	0.28182502429999984
sub-12020	kappa	0.5633507471187034	0.4951915984	0.138993890535	1.3444675947249998
sub-12020	alpha_negative	0.2179764964693155	0.1478139196	0.005932085794500001	0.8203186820649996
sub-12020	gamma0	1.5534229265572366	1.5429643634999999	0.488647317005	2.677952924099999
sub-12021	alpha	0.46264721751471094	0.41202719415	0.013561538564	0.99063454048
sub-12021	kappa	0.20235663540990215	0.17481595075	0.047547640689000005	0.5170499525074994
sub-12021	alpha_negative	0.1376962188524447	0.062383386634999996	0.0014295745956000002	0.7539754601349993
sub-12021	gamma0	1.125526292809707	1.117021018	0.196615330645	2.1253232288499997
sub-12031	alpha	0.5123378674798477	0.4648243656	0.175961313175	0.9760641772724998
sub-12031	kappa	0.5594094123978075	0.4867519762	0.1195029032375	1.404687706499999
sub-12031	alpha_negative	0.03459548181546944	0.01465302569	0.0004363293591175	0.19079744357749992
sub-12031	gamma0	0.9188400062618567	0.90545145865	-0.051723451074000004	1.9485244884749988
sub-12032	alpha	0.5125315606762391	0.4607844552	0.1225804348525	0.9861665463949999
sub-12032	kappa	0.5142692950035791	0.43555853145	0.1105776380225	1.343690110874997
sub-12032	alpha_negative	0.04461858528068103	0.02222242408	0.0006066369178875	0.21449848272749988
sub-12032	gamma0	1.2456502069066053	1.2225878025	0.24287030662250003	2.345948090525
sub-12033	alpha	0.05085956305638231	0.02868625316	0.0010209163137749999	0.2367186075324998
sub-12033	kappa	0.5147629769379697	0.41139225275	0.094034365926	1.3954813195999993
sub-12033	alpha_negative	0.2287227911648201	0.090790691225	0.00170572263405	0.8923277149724995
sub-12033	gamma0	0.830723294273354	0.8274323465	-0.1960563139775	1.89616585625
sub-12038	alpha	0.2254891339996318	0.20316706645	0.04858430510775	0.5331004760774991
sub-12038	kappa	0.928452531170679	0.8319077972	0.14487732819250002	2.2596856729
sub-12038	alpha_negative	0.14386393310370443	0.1004811505	0.0021243286272999997	0.5749806993374995
sub-12038	gamma0	1.1348742890966435	1.123812009	0.050645882975750005	2.30556951845
sub-12039	alpha	0.708472983480055	0.74936269825	0.2338945699025	0.9940976566899999
sub-12039	kappa	0.32656768347049875	0.30307582165	0.08642420682924999	0.6954957633624992
sub-12039	alpha_negative	0.02722568095139288	0.012033728875	0.0003578563889725	0.13881826611499998
sub-12039	gamma0	1.0127910777227829	1.001147638	0.07842877017475	2.0182707932249997
sub-12041	alpha	0.02714529881465272	0.019453993014999997	0.0009017078962575	0.09494422515324984
sub-12041	kappa	0.9117353476896326	0.7555594059	0.31943772420750005	2.2275846593249975
sub-12041	alpha_negative	0.2768073894348704	0.19107748619999998	0.0060641332477	0.8852471167599992
sub-12041	gamma0	2.5535282658170324	2.531948878	1.3587834541	3.867809953424999
sub-12047	alpha	0.03702122568048514	0.01571715369	0.00029379914655	0.2009412806974998
sub-12047	kappa	0.5535705492601326	0.5140480615	0.18543558119	1.150421680525
sub-12047	alpha_negative	0.3901759628626214	0.36408731434999997	0.05134103940825	0.8541982673974993
sub-12047	gamma0	0.48645850940462154	0.486544786	-0.7006209388775001	1.6552549506749998
sub-12049	alpha	0.6922953541300437	0.73074417945	0.21300551056	0.9923731849624999
sub-12049	kappa	0.3395529178461041	0.3153052526	0.08353235316725	0.7430924207374999
sub-12049	alpha_negative	0.03525552132617249	0.013792682125	0.0003762977144825	0.20748077178749946
sub-12049	gamma0	0.914159887520453	0.90286116965	0.00944733443305	1.8636762410499994
sub-12051	alpha	0.17310869843056578	0.11687653865	0.00574941868085	0.7762547068299998
sub-12051	kappa	0.5293800535954606	0.4084425021	0.07570385042325	1.6181502413999986
sub-12051	alpha_negative	0.14671494723828926	0.0665518626	0.001828781699675	0.7665013432675
sub-12051	gamma0	0.9938296109895485	0.9821007588999999	-0.030277843117749996	2.07580565005
sub-12054	alpha	0.6083635832361882	0.6341111642	0.10787433309	0.990463115445
sub-12054	kappa	0.24664666594479803	0.22371633755	0.059537317328	0.56426650332
sub-12054	alpha_negative	0.07089057260168911	0.031032072895	0.0007309626913575	0.3865434894224988
sub-12054	gamma0	0.7900484623644825	0.77862351315	-0.12010154402249999	1.7567707723749995
sub-12055	alpha	0.6912076070733595	0.72488754415	0.25350916079749997	0.9909653426049999
sub-12055	kappa	0.5013041228716097	0.4726615244	0.141095339345	1.0384812637999996
sub-12055	alpha_negative	0.019016338837339844	0.0075600503874999996	0.0001615294986125	0.10886241861749983
sub-12055	gamma0	0.4569950211078818	0.45410102345000003	-0.4249210642075	1.3805146438999998
