participant_id	parameter	mean	median	ci_low	ci_high
sub-10402	alpha	0.10187192961647328	0.07810001901	0.01228868715	0.3410451954999995
sub-10402	kappa	0.6639159720389657	0.5504814302500001	0.09013904824725	1.8173902352499998
sub-10402	preference_friend	0.25710681238157423	0.22461288899999998	-0.17210643892	0.8448722144199998
sub-10402	preference_stranger	0.08677470573436348	0.09083292853	-0.1906140157875	0.33910425414999995
sub-10402	gamma0	2.8146331501797657	2.7893451765000004	1.425525335825	4.353985202574999
sub-10402	choice_bias	0.08826881288496699	0.056900734415	-0.835078266835	1.1865472097499996
sub-10418	alpha	0.031119337176039978	0.025709435095	0.004983400649875	0.0889439430504999
sub-10418	kappa	1.6676333032894575	1.6026911105	0.5384343041424999	3.17636063255
sub-10418	preference_friend	0.7213392797279985	0.70034963415	0.318610646605	1.2469113611749991
sub-10418	preference_stranger	0.1518571721630029	0.15176964745	-0.02733421806125	0.3280982235399997
sub-10418	gamma0	2.1407643582112024	2.1245005205	0.7961184246675	3.5923563786499995
sub-10418	choice_bias	0.963838428968414	0.9306953801	-0.175415869365	2.2895075222999997
sub-10478	alpha	0.10405836383531078	0.085241065395	0.0139427904125	0.3068412295974997
sub-10478	kappa	0.8735174426322065	0.79204431735	0.194674848285	1.9863508480249994
sub-10478	preference_friend	0.6828750524692339	0.6592887053500001	0.271708961845	1.2267850565499998
sub-10478	preference_stranger	0.06228529249335345	0.05942860727	-0.158489604315	0.29693352093499964
sub-10478	gamma0	0.9446797995049064	0.93620047195	-0.2328798398025	2.1924664089249983
sub-10478	choice_bias	0.4368680133616615	0.41872373804999996	-0.4960152532175	1.4791758401249997
sub-10529	alpha	0.08991880315543609	0.05663253058	0.008117523150675002	0.37692961075999976
sub-10529	kappa	0.6529830204934254	0.5736262168999999	0.1202060523625	1.6412676356499998
sub-10529	preference_friend	0.5337895490755802	0.5094855680499999	0.11907697593750001	1.0813340540249998
sub-10529	preference_stranger	0.04535799508372627	0.0444728452	-0.21013057824999998	0.307917769275
sub-10529	gamma0	2.0450883854021162	2.029819615	0.7594408059300001	3.4374856527249995
sub-10529	choice_bias	0.21988919267282045	0.19696709675000001	-0.6841696779399999	1.2691125009749988
sub-10541	alpha	0.16900305737832758	0.12015366264999999	0.0133393771445	0.5917880680675
sub-10541	kappa	0.2429745221801111	0.18501146200000002	0.03094627647375	0.7882494479
sub-10541	preference_friend	0.4894526039387459	0.47604030804999997	-0.09659365868825	1.156868841375
sub-10541	preference_stranger	-0.000759216846146223	-0.002136260562	-0.29943872047000003	0.3083848984124996
sub-10541	gamma0	0.7018946653123056	0.6877577179000001	-0.49478350394250004	1.960010193174999
sub-10541	choice_bias	0.7366882196891357	0.7185931705499999	-0.0573883468345	1.6602488613
sub-10559	alpha	0.10604779508370235	0.09331063864	0.01753945315675	0.27468828931499967
sub-10559	kappa	2.5484436629993925	2.238706239	0.2322405215525	6.724207690674999
sub-10559	preference_friend	0.3377406902976573	0.3050933577	0.1104055387525	0.7755219598324992
sub-10559	preference_stranger	0.05799052479704109	0.063498079125	-0.1436445073025	0.24095490104249992
sub-10559	gamma0	1.4892479430108978	1.4782735885	0.005596485098025004	3.025622249925
sub-10559	choice_bias	-0.7176658134757808	-0.77260236995	-2.3682559165	1.2231334693249958
sub-10572	alpha	0.04770921175546209	0.029598046685	0.0047668687448	0.2104850899574999
sub-10572	kappa	1.6535791513740035	1.5751053910000001	0.18171770216750002	3.7054033671
sub-10572	preference_friend	0.2332733489993421	0.18575509795	-0.006767459210199998	0.7524787028975
sub-10572	preference_stranger	0.0016981443817176726	0.007360055387999999	-0.2024887960175	0.18114609706499996
sub-10572	gamma0	1.5440901096122597	1.5371981125	0.2321121413525	2.920070511075
sub-10572	choice_bias	1.1349936925004358	1.0779966465	-0.3167832911525	2.932283396175
sub-10581	alpha	0.07461671255279874	0.061708093695	0.011153268043500001	0.2106469537349999
sub-10581	kappa	1.2273033359064056	1.113133268	0.4222289611075	2.6876346122499997
sub-10581	preference_friend	0.7830365597082646	0.7597546698	0.38343800681999995	1.3166269306499994
sub-10581	preference_stranger	0.18222429063269266	0.18331236104999998	-0.024605624769	0.3867267917474999
sub-10581	gamma0	0.9155489200479837	0.90650928405	-0.33539517111499995	2.1917949754749984
sub-10581	choice_bias	-1.0489168666712991	-1.031953604	-2.226080172725	0.05002784600374961
sub-10584	alpha	0.23084763659594573	0.19518362075	0.0296113212125	0.6230984097424996
sub-10584	kappa	0.47831022761853453	0.39882399064999996	0.05608492332	1.3247742583999995
sub-10584	preference_friend	0.245172486117725	0.21477108104999998	-0.24825817584499998	0.8783703107874998
sub-10584	preference_stranger	0.12169483275651485	0.1239847109	-0.16234173732	0.39814222397749927
sub-10584	gamma0	1.2749150569434633	1.2655775120000001	0.12556868333750001	2.473142315724998
sub-10584	choice_bias	-0.266540276932999	-0.29472450390000005	-1.1936507306250002	0.8103457573749998
sub-10585	alpha	0.14331051987003435	0.11287488339999999	0.01944830492025	0.45336024447999923
sub-10585	kappa	0.508474003219317	0.44948824225	0.07614531489275	1.2796278371749998
sub-10585	preference_friend	0.6715326129739475	0.65624208065	0.20097419796000002	1.235319629675
sub-10585	preference_stranger	0.18264342041140974	0.18467214599999998	-0.10387688089000001	0.45983608456999986
sub-10585	gamma0	1.0070188908821915	0.99622714795	-0.2071775447175	2.2692337443749993
sub-10585	choice_bias	0.7167346047478804	0.7116919160999999	-0.1176387456125	1.5808836383499996
sub-10589	alpha	0.05360420763709836	0.037880890805	0.005133546548825	0.19164690729249997
sub-10589	kappa	1.2922470371303616	1.236548886	0.40434068593	2.5043915375999997
sub-10589	preference_friend	0.6708962530349478	0.6481045209	0.27575052715250004	1.1925557727999998
sub-10589	preference_stranger	0.04394073386762456	0.045506701605000005	-0.164478320665	0.24871089345999983
sub-10589	gamma0	2.7370239353719596	2.7127808465000003	1.3060128588	4.335402804375
sub-10589	choice_bias	1.018722352261851	0.9826618337999999	-0.10195206706499998	2.3518670774249992
sub-10590	alpha	0.04619957892314323	0.039534470264999996	0.006748059561375	0.1217704220474999
sub-10590	kappa	2.78728129148715	2.6742427725	1.07393844435	5.190127775824997
sub-10590	preference_friend	0.7007756626508345	0.6766890231	0.33077832961	1.2097073981499995
sub-10590	preference_stranger	0.12174484476980223	0.1218411505	-0.0003619921939499967	0.24475190269249997
sub-10590	gamma0	1.751449721383531	1.738664525	0.43471491017249997	3.1649908931999993
sub-10590	choice_bias	0.7406957890058978	0.7089018543500001	-0.6160809503175	2.2973147128999996
sub-10596	alpha	0.11145755179048387	0.090356923205	0.0151940567875	0.32492158411499994
sub-10596	kappa	1.0580164785056743	0.98703875765	0.27085968141	2.2388002769749984
sub-10596	preference_friend	0.602391844050203	0.5774948984	0.19552103843750002	1.1531126134499996
sub-10596	preference_stranger	0.2039155133196375	0.20066176415	-0.01708436143925	0.4394142541574999
sub-10596	gamma0	1.4477075034577376	1.426875303	0.08279175717800002	2.9114921222999994
sub-10596	choice_bias	1.1197139401390233	1.0919336149999999	0.12265928707750001	2.2956625790249996
sub-10603	alpha	0.11997517315557756	0.09811979411999999	0.01552901732725	0.35104395876249966
sub-10603	kappa	0.6270754993690478	0.5867321315	0.1684022358275	1.3199447612
sub-10603	preference_friend	0.811862579582391	0.7940576537	0.338994625015	1.3937630134749988
sub-10603	preference_stranger	0.08324599285410617	0.082781355475	-0.16628618817	0.3406157678399999
sub-10603	gamma0	-0.037144338765626665	-0.03710990069	-1.1605733817	1.09326953805
sub-10603	choice_bias	0.4089686751410419	0.40150701515	-0.456025836355	1.3330348877999998
sub-10606	alpha	0.14072130519916773	0.09984592496	0.0117386306885	0.49745473665249984
sub-10606	kappa	0.5460788726316063	0.46273830255000004	0.071138783974	1.480569013375
sub-10606	preference_friend	0.6573133937813056	0.64878715415	0.10685215761	1.2562613462249999
sub-10606	preference_stranger	0.109454765303507	0.10921692135	-0.185973603485	0.4000324348225
sub-10606	gamma0	1.4857353503942436	1.459489961	-0.13049031604999997	3.2208878746999985
sub-10606	choice_bias	2.433436892522872	2.392442457	1.3333256009249999	3.7390082006249994
sub-10636	alpha	0.139551360040104	0.099165740275	0.014584726089000001	0.5089771551499999
sub-10636	kappa	0.45399801221699276	0.37845437820000005	0.04869589123825	1.2724071930749998
sub-10636	preference_friend	0.7741436706170296	0.7648973592999999	0.22324120025	1.3804472635999996
sub-10636	preference_stranger	0.14690233695174987	0.14761455025	-0.150471418565	0.4335183317974998
sub-10636	gamma0	0.4949391750610155	0.48099975154999997	-0.93414151949	2.0003517986999992
sub-10636	choice_bias	2.026896606949725	2.0013195154999996	1.0570086246500001	3.1371977389249994
sub-10638	alpha	0.14680469733028265	0.1064628019	0.015030459102000002	0.5123094767774997
sub-10638	kappa	0.4597704538582899	0.37708486845	0.054502823566500005	1.32579080635
sub-10638	preference_friend	0.6705018026163516	0.6626080879	0.0965339643925	1.2883510560499989
sub-10638	preference_stranger	0.1317295105290476	0.1321871688	-0.17094440653	0.4354592317724999
sub-10638	gamma0	1.3102580176060428	1.29134382	-0.3353892460775	3.0664013965999954
sub-10638	choice_bias	2.7398596490299534	2.7051261585	1.572682360475	4.114057079374997
sub-10640	alpha	0.11220052736630148	0.09008161613	0.011891665700500001	0.3385269954974998
sub-10640	kappa	1.0893909263917554	0.9905992707	0.3575034169625	2.3719382270249993
sub-10640	preference_friend	0.6767521804437772	0.64610481005	0.2848480529475	1.2338604250999998
sub-10640	preference_stranger	0.04869337037498535	0.050357257915	-0.19743357781	0.2918483006699997
sub-10640	gamma0	0.1936914234735557	0.19075048525	-1.04345301925	1.437450930299999
sub-10640	choice_bias	-0.35183547892847267	-0.3789209804	-1.4006175895	0.8455609698299987
sub-10642	alpha	0.034089991595801096	0.02612687419	0.004210003504225	0.10886499599749992
sub-10642	kappa	3.0928583345476652	2.8604241165	1.1542245783	6.249638195425
sub-10642	preference_friend	0.7580578431044626	0.7347363006500001	0.37888070155	1.276390756775
sub-10642	preference_stranger	0.06533610074408108	0.07229847124	-0.1131450401	0.20719474300999977
sub-10642	gamma0	1.2130010330987115	1.1995568165	-0.232350944995	2.724158801574999
sub-10642	choice_bias	-0.3859625955705665	-0.41056518090000005	-1.8652745722250001	1.1921306076249982
sub-10644	alpha	0.09572439456791272	0.075727440595	0.0108704838985	0.2903300331925
sub-10644	kappa	1.5229635905352812	1.4394264044999998	0.6143668014825	2.924782781875
sub-10644	preference_friend	0.9592387563569593	0.93824254075	0.5127261843225001	1.535943572625
sub-10644	preference_stranger	0.13917011454638628	0.13983641285	-0.07398892307675	0.34918442070749983
sub-10644	gamma0	-0.23979529063637062	-0.2360740452	-1.576095952125	1.0741569095999979
sub-10644	choice_bias	-0.24439822197969518	-0.25158017099999996	-1.4249150926249998	0.9697546843374999
sub-10647	alpha	0.07831148150234508	0.05621723253	0.00671900905675	0.27216528927749983
sub-10647	kappa	2.076499269694687	1.711308395	0.221851265305	6.006649958424996
sub-10647	preference_friend	0.3406231861436637	0.28954051935	0.0819118135745	0.8649449966374992
sub-10647	preference_stranger	0.016064122931506736	0.01905550185	-0.21976731434	0.23645525511999965
sub-10647	gamma0	1.4073170945346667	1.396677009	-0.05631458570399999	2.929638309249999
sub-10647	choice_bias	-1.1375591821907645	-1.1963367715	-2.643097092575	0.6446346812699993
sub-10649	alpha	0.1478943066348416	0.10168310645	0.013079015707250001	0.533984466825
sub-10649	kappa	0.4753766972922638	0.39590518350000004	0.0601710546355	1.3348350051499995
sub-10649	preference_friend	0.6648102740586983	0.6551089668	0.09314844528325	1.2823116464750002
sub-10649	preference_stranger	0.1350348534411744	0.13572112885	-0.1662222792025	0.4352965499675
sub-10649	gamma0	1.3961491877347454	1.3775236419999999	-0.2617429432525	3.1731673742999984
sub-10649	choice_bias	2.698896655154125	2.6645252355	1.504396011725	4.0967079157
sub-10652	alpha	0.11408312425317106	0.08347423988	0.01274535938225	0.40976284671749996
sub-10652	kappa	0.7110817085275931	0.6342699335499999	0.1327728374625	1.6950299684499988
sub-10652	preference_friend	0.6266201326003934	0.6064576282	0.2037243857	1.1707030073249995
sub-10652	preference_stranger	0.059568270817920224	0.060816876075	-0.19160757244499999	0.31186242645999995
sub-10652	gamma0	1.2028799243293076	1.1859695810000002	-0.03519673780999998	2.525005223974999
sub-10652	choice_bias	0.7928131837276253	0.769561228	-0.1082741204325	1.8275491385999998
sub-10656	alpha	0.032639495326351055	0.023887206085	0.003665034575275	0.11348089678249998
sub-10656	kappa	7.30080208846155	6.2912879615	1.00350899475	19.509886596749972
sub-10656	preference_friend	0.18449888915245843	0.18643930250000001	0.07615375934549999	0.2853218435199998
sub-10656	preference_stranger	0.18427829630022846	0.19480652440000001	0.03814289269575	0.2657041285675
sub-10656	gamma0	2.6767105216644707	2.6612378295	1.170527770925	4.28100714955
sub-10656	choice_bias	0.28435562301609396	0.28187998785	-1.465285046075	2.091050073074999
sub-10657	alpha	0.2779727513184955	0.2654097043	0.086603586063	0.5406144843249999
sub-10657	kappa	1.0167175699555642	0.9036598128	0.164801599755	2.5032202170249973
sub-10657	preference_friend	0.4356568925993421	0.4002978544	0.113526608165	0.9462940663674994
sub-10657	preference_stranger	0.17919728967125634	0.17942329955	-0.053323454473	0.4087031882524999
sub-10657	gamma0	1.0970165708889577	1.086485967	-0.097817935602	2.3635085414499994
sub-10657	choice_bias	0.1734498645163121	0.16277380079999998	-0.755172696465	1.1760944321249993
sub-10661	alpha	0.15047052578442524	0.11801983020000001	0.01241597989125	0.464138145855
sub-10661	kappa	0.6904053522553114	0.63710843735	0.13023113596750002	1.5545160462249996
sub-10661	preference_friend	0.613674772300677	0.60017470045	0.112399624485	1.191820654125
sub-10661	preference_stranger	0.031760677036997684	0.03240211819	-0.24103698559	0.30259646092999964
sub-10661	gamma0	1.497449615009913	1.4759907065000002	0.022608000544750005	3.092965690424997
sub-10661	choice_bias	2.0392996535176238	1.9941273805	0.9407251680225	3.403392175574999
sub-10663	alpha	0.06353091841350543	0.047410049785	0.007420206918125	0.2171887517049994
sub-10663	kappa	2.944448232016425	2.4389063365	0.462647985435	8.183698986324991
sub-10663	preference_friend	0.3522732453702113	0.31062563905	0.1773390667625	0.754463807875
sub-10663	preference_stranger	0.1714294774927837	0.17840838115000002	-0.0134183798575	0.33249920729
sub-10663	gamma0	2.8122788826989953	2.783985727	1.3484005232	4.4314450248499995
sub-10663	choice_bias	-1.0912958416976486	-1.129308978	-2.502983865875	0.5197197733949999
sub-10673	alpha	0.0816796089470275	0.053168117875000004	0.0077041642783500005	0.3357552158974999
sub-10673	kappa	0.4464828178591454	0.39019335565	0.07171433297925	1.1382642553
sub-10673	preference_friend	0.5827447325504784	0.5610392076499999	0.120743832925	1.1572633729749997
sub-10673	preference_stranger	-0.015880698122425284	-0.017467463485	-0.28135860797	0.26157402055249995
sub-10673	gamma0	1.4134323481740811	1.4045505	0.28774083865000005	2.6166691311749988
sub-10673	choice_bias	-0.20142375459996095	-0.21381160415	-1.0409467119	0.6893590765825
sub-10674	alpha	0.16256406865457726	0.11961061619999999	0.014711353197	0.5530545858199999
sub-10674	kappa	0.42785767756642723	0.34387913989999996	0.04871648330725	1.2796595336999994
sub-10674	preference_friend	0.6532106647965619	0.6466054435	0.06844218538875001	1.280331831699999
sub-10674	preference_stranger	0.12736269012506743	0.12835087704999998	-0.18350096329249999	0.4298066870974999
sub-10674	gamma0	1.214761025666105	1.1996271035000001	-0.4947049830225	3.0423099738749992
sub-10674	choice_bias	3.1695865220984563	3.122558911	1.883317092	4.71465649105
sub-10677	alpha	0.13615579894002758	0.10618519709999999	0.015415821683500001	0.43232384840749977
sub-10677	kappa	0.5954194887388862	0.49649412135000004	0.0959390163055	1.6316512355749975
sub-10677	preference_friend	0.47133818677436057	0.4392551985	0.05842904414925	1.0562540883
sub-10677	preference_stranger	0.06846418555320517	0.06914304666	-0.18690408252750002	0.3210437469774997
sub-10677	gamma0	1.230878212769644	1.225415011	0.069302870677	2.4304595387499983
sub-10677	choice_bias	-0.127699516622608	-0.1549852713	-1.053146747325	0.9543792289049977
sub-10685	alpha	0.04803266772505387	0.034062806365000003	0.0038200459482	0.1654309338999999
sub-10685	kappa	8.067471058419363	6.680414386	2.05438832325	22.212874849249996
sub-10685	preference_friend	0.6769980230148345	0.6487672613	0.32278551494999996	1.2031971645249997
sub-10685	preference_stranger	0.13655183299947526	0.14493859715000001	-0.02934630574575	0.2579562723874999
sub-10685	gamma0	1.5009105435195667	1.4819608645	-0.209909271525	3.311822407424999
sub-10685	choice_bias	0.26382611361688396	0.22200288364999998	-1.6618353209499999	2.3657661026499994
sub-10691	alpha	0.14665550120571294	0.1073312436	0.01403825407975	0.5022197675349994
sub-10691	kappa	0.4943763878386759	0.4051272023	0.059915398164500006	1.4136195545999994
sub-10691	preference_friend	0.6625790194024879	0.65580085355	0.08053136838125	1.2856455215749993
sub-10691	preference_stranger	0.14338386959167543	0.1451069811	-0.16449725458499997	0.44358509742249985
sub-10691	gamma0	1.3866753164635108	1.3612249745	-0.2788947837475	3.1744517721749994
sub-10691	choice_bias	2.756398575525919	2.7161274185	1.567928937375	4.174115899375
sub-10700	alpha	0.06982946707761181	0.058553267945	0.009726950585925001	0.1918894991249999
sub-10700	kappa	1.1012192959298348	1.009363017	0.3718927034375	2.3359176074499985
sub-10700	preference_friend	0.6861606602280994	0.6573585637	0.32090195867500004	1.2135940999249994
sub-10700	preference_stranger	0.039580724764757214	0.04118675155	-0.18993052602750002	0.2611154709874999
sub-10700	gamma0	0.46764136760824576	0.4645894869	-0.764290411945	1.7163020209749997
sub-10700	choice_bias	-0.5093355111232082	-0.5292560162	-1.58521175775	0.6417073876099988
sub-10701	alpha	0.1334195535915348	0.11242882125	0.024170577420499998	0.37206914053499984
sub-10701	kappa	1.7818478692332087	0.9946425588500001	0.1235474692575	8.268670067124994
sub-10701	preference_friend	0.5425342649480965	0.48909947795	0.22259903564000003	1.1191991939
sub-10701	preference_stranger	0.17632712517415752	0.18749975484999998	-0.0860805118065	0.3977119391274999
sub-10701	gamma0	0.710152305443293	0.70446376585	-0.6872669530425001	2.1624385011749987
sub-10701	choice_bias	-1.8992220975440997	-1.8997401859999998	-3.224186516325	-0.5434181789875002
sub-10713	alpha	0.08279844005357316	0.060798161305	0.007785453724925	0.2992233211574998
sub-10713	kappa	0.8812162756432401	0.7663949064	0.09195793563275	2.2895114607999996
sub-10713	preference_friend	0.2409599531958046	0.19628497695	-0.12608875582	0.8328850852199989
sub-10713	preference_stranger	-0.07222398687601443	-0.072612664155	-0.34326791489	0.20611960356249992
sub-10713	gamma0	1.655401201819611	1.6480474539999999	0.35714240349000004	3.0068805501749996
sub-10713	choice_bias	-0.7575708564498631	-0.8084394350499999	-1.990442278425	0.7529948381349985
sub-10716	alpha	0.12418497106497839	0.09279618773500001	0.013970485551500001	0.42263527303999976
sub-10716	kappa	0.6950597248132888	0.59479358365	0.1113459671925	1.8232384477
sub-10716	preference_friend	0.4079841688284522	0.3795297168	0.005667538598225004	0.9486980974999997
sub-10716	preference_stranger	0.0946557036137471	0.095929021345	-0.16970005419499998	0.3489945824249999
sub-10716	gamma0	2.2335901970892107	2.2095049945	0.8992805347	3.668821411725
sub-10716	choice_bias	0.4391843255569595	0.40295980195000003	-0.48291114224	1.5662012658999993
sub-10718	alpha	0.15603892044467493	0.11187740365000001	0.01505813495275	0.5447614339274993
sub-10718	kappa	0.44158948111902685	0.34820476535	0.05013534028925	1.3542458817749983
sub-10718	preference_friend	0.6624920073575875	0.65339733855	0.08233580311125001	1.2881088001499994
sub-10718	preference_stranger	0.12984264576019222	0.13124572304999998	-0.1813781778175	0.43570996214749996
sub-10718	gamma0	1.163934096485981	1.149789271	-0.5586617516125	2.9825851579249987
sub-10718	choice_bias	3.1865583933358685	3.143083053	1.9000588728	4.707543757674999
sub-10720	alpha	0.07152337363048619	0.055066667065	0.008778345830625	0.2306381800949999
sub-10720	kappa	0.9936599081773094	0.89636965695	0.2151657712775	2.2955954191249996
sub-10720	preference_friend	0.4873599632836265	0.45645716795	0.1525524445525	0.9868760164824999
sub-10720	preference_stranger	0.0605173310872803	0.062025737905	-0.16173040125750002	0.278128346245
sub-10720	gamma0	2.076099212294838	2.0544355875	0.8363392304499999	3.412301670524997
sub-10720	choice_bias	0.08885372922168722	0.05131630377	-0.9168350423874999	1.3153830554749992
sub-10723	alpha	0.09283438175552954	0.071041883035	0.01177115929725	0.30628625908999957
sub-10723	kappa	0.7214244817761903	0.59945116685	0.08489584182375001	1.9692394612249997
sub-10723	preference_friend	0.2776935318467164	0.225448003	-0.1048542952875	0.885668129845
sub-10723	preference_stranger	-0.0009256095710464462	-0.0005199105767499999	-0.25310746409	0.24677663689249998
sub-10723	gamma0	1.4180008230924863	1.405371487	0.2397492524625	2.6760603990249994
sub-10723	choice_bias	-0.011688996184896334	-0.074794984065	-1.0350473574999999	1.317778295874999
sub-10741	alpha	0.1287169761534771	0.1009601174	0.016080284094000002	0.39854781253999977
sub-10741	kappa	0.42855074071950444	0.3760852166	0.07070250740424999	1.0709067341999998
sub-10741	preference_friend	0.6351348023533097	0.61623276875	0.1708795333775	1.2084326089999993
sub-10741	preference_stranger	0.03876197637892012	0.038458049839999994	-0.2243206680225	0.30677395595749984
sub-10741	gamma0	0.6405872903633003	0.6329101493	-0.459634038585	1.7697203506499997
sub-10741	choice_bias	0.1670175063304813	0.1575738034	-0.6619172034475	1.0509395883000001
sub-10748	alpha	0.1758829008212735	0.1469075032	0.018840896994	0.4938214871124999
sub-10748	kappa	0.5217396093291856	0.47911828515	0.1118592365775	1.185455131124999
sub-10748	preference_friend	0.5811678239731759	0.5649786889499999	0.12211781678500001	1.1355530539499998
sub-10748	preference_stranger	0.07810049938838379	0.07825782686999999	-0.1884581661325	0.3464253793824999
sub-10748	gamma0	1.5018493332275424	1.4900763675	0.2670284605575	2.8283463687249992
sub-10748	choice_bias	0.7715417741035759	0.75080307635	-0.09342981224949999	1.7593420605999999
sub-10767	alpha	0.020271961488672847	0.015738693395	0.002340120392675	0.06445188117025
sub-10767	kappa	10.069429413849313	8.5395598545	2.6212230079750003	26.526469995749984
sub-10767	preference_friend	0.6471238013858781	0.61801346225	0.31113950760000003	1.16207300675
sub-10767	preference_stranger	0.20109012306207094	0.20359797985	0.13157295967750002	0.2562321001849999
sub-10767	gamma0	2.638046100242508	2.6085437010000003	0.989426778235	4.449794060374999
sub-10767	choice_bias	0.4410439580253894	0.41356562865	-1.334365520975	2.324828008125
sub-10770	alpha	0.13703245310866474	0.094936413995	0.0119119173645	0.5044925496249998
sub-10770	kappa	0.222734429105954	0.18075928845	0.03293516667875	0.6584384807699999
sub-10770	preference_friend	0.47001580794186926	0.4580733133	-0.1046283287525	1.1152627614499988
sub-10770	preference_stranger	0.01147242956824716	0.010863697765	-0.28416658402499995	0.3071180658225
sub-10770	gamma0	1.3832338625899478	1.3645210575	0.1160897635575	2.7450409047249984
sub-10770	choice_bias	0.7431952103817214	0.7308256643	-0.052335922182	1.6153673174249992
sub-10781	alpha	0.028293683790687117	0.02218646221	0.00362216962985	0.08825394439249999
sub-10781	kappa	1.4142895753412235	1.3623069985	0.5580081557150001	2.5618968058999996
sub-10781	preference_friend	0.7442208999817744	0.7234355389	0.3529565264325	1.2623150631999993
sub-10781	preference_stranger	-0.05894889080524469	-0.05629061443	-0.283329147525	0.14897119462
sub-10781	gamma0	1.2729105911046306	1.2608920394999998	-0.009664504913124981	2.619612440025
sub-10781	choice_bias	0.22828335872688732	0.2024722268	-0.898600471145	1.4786598696749993
sub-10783	alpha	0.028232096885288854	0.02055546194	0.0029168564305	0.09811038886849999
sub-10783	kappa	3.4008307326969995	2.9594009965	0.722436689265	8.489409913899996
sub-10783	preference_friend	0.39161140918766557	0.34086671805	0.21280620044999998	0.8398063619174999
sub-10783	preference_stranger	-0.002647041316056943	0.0043484345975	-0.2180794372525	0.17433516867499999
sub-10783	gamma0	1.673846273423695	1.651263355	0.172828831355	3.2714423301249984
sub-10783	choice_bias	-0.3861009294201028	-0.4451922432	-1.994406351875	1.4879914908999996
sub-10785	alpha	0.07509929761060417	0.06006528705	0.00864336233225	0.23327805826
sub-10785	kappa	2.044219980369635	1.939876055	0.37232498729	4.370033452274998
sub-10785	preference_friend	0.1908835198776033	0.17853681594999998	-0.031842684883250004	0.5060883913800001
sub-10785	preference_stranger	0.09564026537308701	0.10205004345	-0.09908157911024999	0.25597730909749944
sub-10785	gamma0	3.0257964295708875	3.0038492110000004	1.6477792577500001	4.526080156224999
sub-10785	choice_bias	-0.23868834081913137	-0.2638865608	-1.6778903003749999	1.3358620826249992
sub-10794	alpha	0.05956287262685917	0.050426531015	0.008066186855925	0.1654362132224999
sub-10794	kappa	1.650549740391091	1.5699524555	0.4104283936225	3.326801047649999
sub-10794	preference_friend	0.2177739257547252	0.19499723815	-0.0034416724112749987	0.5731892883024998
sub-10794	preference_stranger	9.878699895796749e-05	0.0050082093565	-0.2072092444525	0.17936736374999987
sub-10794	gamma0	2.821542412421892	2.8025599	1.4449658997500001	4.314036819975
sub-10794	choice_bias	0.7471146429265447	0.713501926	-0.659608429815	2.3667218610999994
sub-10800	alpha	0.24290293742601762	0.2012093232	0.0300125972295	0.6757759126175
sub-10800	kappa	0.23614287263977043	0.18840660835	0.03098092153225	0.7150545195699991
sub-10800	preference_friend	0.5393890955449769	0.5296387189	-0.045204832851	1.182244986599999
sub-10800	preference_stranger	0.1049124473781549	0.10557904779999999	-0.19583144643	0.40658448617749987
sub-10800	gamma0	0.6002654345524894	0.5892420556	-0.7710947405874999	2.038850341025
sub-10800	choice_bias	1.8252650389002218	1.802894706	0.9094160844225	2.862210032024999
sub-10801	alpha	0.16134204188205892	0.14333332475	0.030571702789249998	0.3987117364249997
sub-10801	kappa	0.7030327189631068	0.65380419565	0.131491300425	1.5446500930249987
sub-10801	preference_friend	0.7557871586358661	0.73863510805	0.28017350345500003	1.3323356259249999
sub-10801	preference_stranger	0.2756201200780317	0.27555905565	-0.0017741287677249975	0.5491788224924999
sub-10801	gamma0	0.2487921719067672	0.24224037225	-1.0316975452000001	1.5649823323999998
sub-10801	choice_bias	1.4688724031814975	1.4497406505	0.538554382615	2.5053137795499993
sub-10802	alpha	0.05255430138842219	0.040897640385	0.006838042562575	0.16516909465249985
sub-10802	kappa	1.557571322202667	1.4585700519999998	0.2956820101725	3.4193107927749993
sub-10802	preference_friend	0.3115573278236233	0.28088901425	0.071215999673	0.7285659903974988
sub-10802	preference_stranger	0.06416647631577195	0.06873350304	-0.1394185208725	0.24728816944749998
sub-10802	gamma0	2.8788798560766593	2.852531189	1.54890472085	4.361104247224999
sub-10802	choice_bias	0.14069755433021305	0.097668308115	-1.104435787675	1.618673780025
sub-10804	alpha	0.13141412443707362	0.11415360869999999	0.022891365538500002	0.3476682642949999
sub-10804	kappa	1.3101340717631542	1.2427830835	0.36905768307250003	2.6219936714499985
sub-10804	preference_friend	0.7751781325127501	0.7580084315	0.31242508610499997	1.3293689495999996
sub-10804	preference_stranger	0.25056567020139003	0.24784009564999998	0.0305928476275	0.4848749244999999
sub-10804	gamma0	1.1758572112647674	1.172715596	-0.22961616734499998	2.6702208489749992
sub-10804	choice_bias	1.654254795040003	1.6230016649999999	0.5514295620324999	2.945237218325
sub-10806	alpha	0.03289027851806309	0.026249757325	0.004147974921675001	0.10001578915499991
sub-10806	kappa	5.831527904491375	4.7819700560000005	1.6313634482500001	16.35314342525
sub-10806	preference_friend	0.7790759422709937	0.7551154432	0.38910227771	1.3084025358499998
sub-10806	preference_stranger	0.253586833469435	0.2483427503	0.169246595015	0.36611488625499994
sub-10806	gamma0	1.794259784158288	1.7794979835	0.30230853144000003	3.3787241092249998
sub-10806	choice_bias	-0.8540613468027879	-0.8573528371500001	-2.4792225320749997	0.7622567032274997
sub-10807	alpha	0.1453083417623966	0.11667425835	0.01271843214325	0.4362798012024996
sub-10807	kappa	0.6348372994182788	0.585892513	0.13042184843000001	1.4052013057249997
sub-10807	preference_friend	0.7361854183024764	0.72225383585	0.2492561904625	1.3000518211999996
sub-10807	preference_stranger	0.12038362244623667	0.12076898764999999	-0.1503786319	0.3913123606675
sub-10807	gamma0	1.4776342771811144	1.457901439	0.0940640535945	2.9886649115249977
sub-10807	choice_bias	1.5563824469664933	1.5277944125	0.588547060245	2.70129170425
sub-10809	alpha	0.15765886279413627	0.1298492406	0.01546929437725	0.4421775204874999
sub-10809	kappa	0.944009434058199	0.82550891055	0.2299589567725	2.326680568974999
sub-10809	preference_friend	0.5323084378270353	0.5002532157	0.1625469523975	1.0773250471999998
sub-10809	preference_stranger	0.0796673453417953	0.080790195625	-0.1678662867975	0.32459621322249993
sub-10809	gamma0	1.1982704214310962	1.186572212	-0.022218426366249988	2.481630579424999
sub-10809	choice_bias	-0.761462970340526	-0.77489810795	-1.782128958225	0.32133853717249733
sub-10810	alpha	0.13864850805716825	0.1069647768	0.015154942692250001	0.4435503235449999
sub-10810	kappa	0.6328100080982136	0.5610263826999999	0.1039111111125	1.5416471371749993
sub-10810	preference_friend	0.7108606277682734	0.6991676214	0.19364786218	1.30007709375
sub-10810	preference_stranger	0.14397603089840638	0.1446896948	-0.1248944170525	0.40795053523499986
sub-10810	gamma0	1.289713606022796	1.2687132705000002	-0.1425899521175	2.8143952652249995
sub-10810	choice_bias	1.7665551036346103	1.74686092	0.7889864807025	2.8882570097499993
sub-10812	alpha	0.08529970150756688	0.06637307792	0.01050104722075	0.2718950705599994
sub-10812	kappa	0.9626686902249224	0.85980267155	0.18780338524499998	2.2663787790249965
sub-10812	preference_friend	0.5201464469605057	0.49073361699999996	0.147245534335	1.0524698107749997
sub-10812	preference_stranger	0.16426851850272253	0.16593937515	-0.0794602403175	0.3984291783099996
sub-10812	gamma0	2.142819286391591	2.1140547685	0.79012767761	3.6311143285249985
sub-10812	choice_bias	0.5677301932733009	0.54172646545	-0.373342813635	1.6794929316749994
sub-10817	alpha	0.04442489428356428	0.033736946045	0.005512469102625	0.14813268609999972
sub-10817	kappa	1.3832280547484188	1.30484678	0.5392855404675	2.663183813274999
sub-10817	preference_friend	0.7150211157913282	0.6908130889499999	0.370267607025	1.1897408430749987
sub-10817	preference_stranger	0.11614902708196903	0.1179522465	-0.08772896938225	0.30794037679249997
sub-10817	gamma0	2.7730101771891986	2.7508091930000003	1.4420611956	4.234595081225
sub-10817	choice_bias	-0.7911107964154734	-0.7926303269999999	-1.9558918514249999	0.35306430594499955
sub-10827	alpha	0.06939172186594954	0.051313230155	0.00862090011495	0.23935696074249999
sub-10827	kappa	1.0198288981033634	0.9414119277999999	0.244715437125	2.2415893258749997
sub-10827	preference_friend	0.7751690508911233	0.7530102345	0.36457335275249997	1.3077558824749997
sub-10827	preference_stranger	0.07308585032441516	0.07317338435000001	-0.15650891419000001	0.30635333538499987
sub-10827	gamma0	0.8492410124607	0.8419366694	-0.4353754316325	2.161001110025
sub-10827	choice_bias	-0.0928208326298332	-0.104671081	-1.1975068285500001	1.0587833245499998
sub-10831	alpha	0.08711142095499241	0.069102534725	0.013452604014750002	0.26669655804749987
sub-10831	kappa	0.8761598361648084	0.8011398699500001	0.1915386336925	1.9704690715
sub-10831	preference_friend	0.5876782652525119	0.5680694139	0.15535509462250002	1.1311763388249994
sub-10831	preference_stranger	0.14628627222625162	0.1453416798	-0.08963496741275	0.381800471425
sub-10831	gamma0	1.9602066929340285	1.9323296650000001	0.6068434777525	3.4326346883499994
sub-10831	choice_bias	0.6996370808651174	0.6787428252500001	-0.22279027464	1.7503024131499982
sub-10834	alpha	0.16533228103325825	0.12757734035	0.01835755717475	0.5318160574649995
sub-10834	kappa	0.40611021439850514	0.3326591871	0.05329341492175	1.174733759599999
sub-10834	preference_friend	0.5541375643517322	0.54448701845	-0.003906047721024993	1.1695815729999999
sub-10834	preference_stranger	0.10324940997296106	0.10559253874999999	-0.1973154681125	0.4006753498374999
sub-10834	gamma0	1.4305691110900625	1.4125708525	-0.1920705390575	3.1584781665999984
sub-10834	choice_bias	2.375213803959962	2.3423349025	1.3154117061000001	3.6268797440749996
sub-10838	alpha	0.2410820433528777	0.19283533225	0.02771476128	0.7033295132299999
sub-10838	kappa	0.13487671190564157	0.106962232	0.0179663005055	0.41439200450749925
sub-10838	preference_friend	0.6108802975653161	0.60261558635	-0.006086594804599999	1.2643290794999995
sub-10838	preference_stranger	0.06861355005433822	0.0700277179	-0.23418796517	0.36795213626999984
sub-10838	gamma0	-0.057912581323459306	-0.058549596635	-1.16748580035	1.055421550075
sub-10838	choice_bias	-0.11132614670584154	-0.10979488379999999	-0.8929975932574999	0.6820662073949995
sub-10843	alpha	0.09954839410563085	0.07207131731	0.01146057034025	0.3542759832824999
sub-10843	kappa	1.0072987518096959	0.8612015288	0.1021175699525	2.6826910218999998
sub-10843	preference_friend	0.19506006263324355	0.14503292434999998	-0.1469616586675	0.7765543706424999
sub-10843	preference_stranger	0.06596833026864396	0.06789977502	-0.162916760075	0.2887916930599999
sub-10843	gamma0	1.8255798852264533	1.812713741	0.6049338627549999	3.1111545511499994
sub-10843	choice_bias	-0.09667816043973224	-0.1553615485	-1.19825877505	1.2793443606249995
sub-10850	alpha	0.13534553746763522	0.097491180625	0.01359418916575	0.47622352152249986
sub-10850	kappa	0.38931750777401025	0.32492971785	0.055517271014250004	1.08070083685
sub-10850	preference_friend	0.5518377885460732	0.5389060699	0.021192394982000002	1.16025909575
sub-10850	preference_stranger	0.05382209126630919	0.053841986155	-0.2304984211625	0.3378562000725
sub-10850	gamma0	1.3642669011626576	1.3445797124999999	-0.038544208091999994	2.8697769753249998
sub-10850	choice_bias	1.5468082197303874	1.5209597339999998	0.6362085007924999	2.5893953178499984
sub-10854	alpha	0.03950104570351413	0.027364983545	0.0032415841431	0.14590905893249964
sub-10854	kappa	1.665937293924228	1.599375955	0.6515905052025001	3.0437920016249995
sub-10854	preference_friend	0.47624932516031243	0.45017398635	0.204326598465	0.8905766264824999
sub-10854	preference_stranger	-0.050710939128458525	-0.04734793293	-0.2676503945525	0.15360511808999985
sub-10854	gamma0	3.188626366735506	3.1645292145	1.7381587213249998	4.810145761299999
sub-10854	choice_bias	0.26379747189064917	0.23502669665	-0.9963784692625	1.6725655804999986
sub-10857	alpha	0.03840558736952537	0.032142721315	0.005030171293925	0.10541437918999985
sub-10857	kappa	3.307955779690747	3.1427176435	1.366703555875	6.1445141718
sub-10857	preference_friend	0.6747439971711874	0.6491045709500001	0.34129746011999995	1.1472134839749992
sub-10857	preference_stranger	0.09043770768457063	0.09546257051500001	-0.0518124503565	0.2089874528875
sub-10857	gamma0	2.6504527483493905	2.633007798	1.202465573825	4.228703244499999
sub-10857	choice_bias	0.2573805451209421	0.22945722195	-1.2455112826749999	1.9050009008999989
sub-10858	alpha	0.05146033592441898	0.042927337015	0.007729765565025	0.14519352927999998
sub-10858	kappa	3.167982738855505	2.9752624355	1.00797821695	6.437228151274995
sub-10858	preference_friend	0.4106474507520134	0.36433469409999997	0.1995026543225	0.87781744386
sub-10858	preference_stranger	0.37030760768394533	0.36177456404999997	0.2197095378875	0.5706396511674999
sub-10858	gamma0	0.8851043385234769	0.86920308095	-0.594744462435	2.4467467807999994
sub-10858	choice_bias	1.0959939128591487	1.056781773	-0.244764301405	2.6265118904249998
sub-10860	alpha	0.12078641273091197	0.08975600937	0.012334853556750002	0.418008978425
sub-10860	kappa	0.7234034171555858	0.63258147435	0.09497986399025	1.8558350142499986
sub-10860	preference_friend	0.6668479222812513	0.65193815575	0.15330809747750002	1.2661025459749997
sub-10860	preference_stranger	0.048530549273729344	0.047448733179999994	-0.207858463695	0.3169814740074999
sub-10860	gamma0	0.7673012586922853	0.74795481075	-0.6782637446174999	2.3115961897249995
sub-10860	choice_bias	2.2175196920757503	2.171188876	1.10337472555	3.5895229991999997
sub-10862	alpha	0.0663003126870812	0.04431324798	0.006827071804050001	0.266162861805
sub-10862	kappa	1.325062129823457	1.256267502	0.4227671913375	2.6126450664999994
sub-10862	preference_friend	0.7719924472160925	0.7500745262499999	0.35789783539750003	1.3128368449249994
sub-10862	preference_stranger	0.07253834918397016	0.07186306161	-0.12972591915499998	0.28390842161999985
sub-10862	gamma0	1.0716934366677073	1.0625788114999999	-0.2004842668775	2.4030944630249977
sub-10862	choice_bias	0.788910653468806	0.75657161445	-0.2645887482725	2.0453581139749994
sub-10863	alpha	0.14117936913865162	0.11340523325	0.01812665289025	0.42685390322499983
sub-10863	kappa	1.005135109163833	0.93915843395	0.1460050707325	2.2523240403749996
sub-10863	preference_friend	0.7969866492629811	0.78389053425	0.27599815277	1.3983055997499998
sub-10863	preference_stranger	0.2782636047301069	0.27867433269999997	-0.00417639760545	0.5536742661974998
sub-10863	gamma0	0.8229975443187919	0.81060366595	-0.6586454536025	2.3568303890999998
sub-10863	choice_bias	2.2217409566175688	2.1859906535	1.1169777464750001	3.530897355025
sub-10866	alpha	0.07615325058975117	0.05472459747	0.009134253694975	0.2790658590824998
sub-10866	kappa	0.7443303706569329	0.64056031055	0.112902346175	1.9472607102249986
sub-10866	preference_friend	0.46825546970494764	0.43658238405	0.08620847598925001	1.0113844351999988
sub-10866	preference_stranger	0.05413904933974429	0.055745851425000006	-0.1934867227775	0.2944951468974999
sub-10866	gamma0	1.6701594995164333	1.6569892105	0.45908755139249996	2.944107788575
sub-10866	choice_bias	0.17031168501364663	0.13468945599999999	-0.7614449110825	1.3145140784749998
sub-10875	alpha	0.1662343332564919	0.12207999565	0.01743938427575	0.5716420334799996
sub-10875	kappa	0.4493138302213208	0.37017595835	0.054607132958	1.2864920648749996
sub-10875	preference_friend	0.7127837663296331	0.7031425202	0.150513757165	1.3303286067249993
sub-10875	preference_stranger	0.1329487361718699	0.13430008100000002	-0.16208256961499998	0.4223528933574999
sub-10875	gamma0	0.7242068829598567	0.7062903032000001	-0.80577871932	2.3618712458999993
sub-10875	choice_bias	2.4591120244075877	2.4320276649999997	1.3757907283250002	3.7036791795499995
sub-10887	alpha	0.42601907677596684	0.4323191804	0.06055410080175	0.7874870654699998
sub-10887	kappa	0.6106163080087128	0.5590365569	0.1158726809175	1.425226809425
sub-10887	preference_friend	0.428495544148782	0.405023274	-0.0015611857220499982	0.9761877820024997
sub-10887	preference_stranger	0.2660238328994919	0.2662692099	-0.023332717835	0.5518750975299999
sub-10887	gamma0	0.9785062745543593	0.9689588202	-0.248733969275	2.263184878025
sub-10887	choice_bias	0.718230329627777	0.69673765265	-0.18839285514	1.7659185700999993
sub-10896	alpha	0.08497172687750584	0.070525583065	0.012247169886000001	0.24307064994749938
sub-10896	kappa	1.0480831164881008	0.9535249039	0.2910324158375	2.3401097747249997
sub-10896	preference_friend	0.6077735478169288	0.58308628985	0.22023297313	1.134942529949999
sub-10896	preference_stranger	0.17981126927456265	0.1814856481	-0.053448203899499995	0.40481592190999993
sub-10896	gamma0	1.9324102106147976	1.912693516	0.6712021951775	3.2982426412
sub-10896	choice_bias	-0.06168276732834984	-0.068239851865	-1.059755074625	0.9922423580874992
sub-10898	alpha	0.28518103399519384	0.27863690895000004	0.07792517059875	0.5329975281049998
sub-10898	kappa	1.5629912462858782	1.4895741225	0.6721642275	2.8968594484
sub-10898	preference_friend	0.7914579171753906	0.77024687425	0.4097975072125	1.2920979516499993
sub-10898	preference_stranger	0.3544804440588931	0.3511460286	0.139225719785	0.5837008354824997
sub-10898	gamma0	1.153778618958463	1.1365076495	-0.24607828312749996	2.6455526784749983
sub-10898	choice_bias	0.473936995937816	0.46693154075	-0.780880076865	1.7816095392
sub-10908	alpha	0.14432083577875318	0.10586671019999999	0.01489046775075	0.4918129908125
sub-10908	kappa	0.30177659273232316	0.2473928506	0.045456027942249996	0.8682448236374999
sub-10908	preference_friend	0.45330106255516944	0.4412390472	-0.08769239123400001	1.0675826198749994
sub-10908	preference_stranger	0.06472083268351293	0.06642640664499999	-0.22190665691	0.34918174093
sub-10908	gamma0	1.7052745925322745	1.679920947	0.406447381565	3.1287031445249998
sub-10908	choice_bias	0.6642559214955281	0.6511317644000001	-0.136797219645	1.5286211411
sub-10918	alpha	0.07230272489355437	0.062320462775	0.01410041957075	0.18985655214249983
sub-10918	kappa	2.7782140190504654	2.405874319	0.434321567905	7.229346062799999
sub-10918	preference_friend	0.3119359174488053	0.27053537625	0.1470128594025	0.7170237864175
sub-10918	preference_stranger	0.11948619062644035	0.1274129042	-0.06344386877949999	0.26331457623
sub-10918	gamma0	1.3435420152003048	1.3352792525	0.08128309818600003	2.6806008141999995
sub-10918	choice_bias	0.01684158118949813	-0.035475145740000005	-1.438829634175	1.7302279187249998
sub-10919	alpha	0.10547335531882904	0.08160028866499999	0.01249850854475	0.33587037053499996
sub-10919	kappa	1.2407013232461177	1.1889871115	0.3036346385375	2.4776793346
sub-10919	preference_friend	0.7599967477979729	0.7415975518	0.294391985585	1.342658942775
sub-10919	preference_stranger	0.2557651013242363	0.2526704529	0.0204968370915	0.5092760422449997
sub-10919	gamma0	1.545923703545186	1.522764793	0.08000173989325002	3.144026469124995
sub-10919	choice_bias	2.0035969806674716	1.960770665	0.857950377705	3.3571747784749997
sub-10924	alpha	0.17412761219635525	0.12941473944999998	0.01814334594625	0.5780266620599989
sub-10924	kappa	0.35652830661556095	0.28320280035	0.044480813133249995	1.0829828706499998
sub-10924	preference_friend	0.5454185499976029	0.5387670633	-0.042891012676749996	1.165473705849999
sub-10924	preference_stranger	0.10513524058731238	0.10561103945	-0.2002164458625	0.4119772577474997
sub-10924	gamma0	1.2834028756768319	1.2613206904999998	-0.393932286465	3.081552089375
sub-10924	choice_bias	2.688238914538797	2.654992807	1.5482900988250001	4.03573125325
sub-10930	alpha	0.13108027098476738	0.11246160905	0.02111003586975	0.3511492358124998
sub-10930	kappa	0.7434307000485837	0.69056918785	0.20004461069249999	1.582518801425
sub-10930	preference_friend	0.7633931117971201	0.7443583996500001	0.34467602516999996	1.2937450961999997
sub-10930	preference_stranger	0.20212068643224954	0.20202186305	-0.040155477092249994	0.4431127431749999
sub-10930	gamma0	0.751645781534384	0.74070620185	-0.432728410205	1.9861956441749997
sub-10930	choice_bias	0.3250343567850699	0.3210284062	-0.5680519074275	1.2356491416499995
sub-10938	alpha	0.13686026126060255	0.12441862555	0.029891042692499998	0.31641778887999994
sub-10938	kappa	1.7245896685984134	1.622361723	0.6518534340025	3.353425587749999
sub-10938	preference_friend	0.8600734061783375	0.8391223054500001	0.439905018745	1.3933423802749996
sub-10938	preference_stranger	0.21782960779978902	0.2141121947	0.03795428509525	0.41825301015249977
sub-10938	gamma0	0.8200713183554651	0.8126412709999999	-0.473419816915	2.1727068974499995
sub-10938	choice_bias	0.2898384077614335	0.27235372505	-0.8323566211275001	1.5142870942499995
sub-10940	alpha	0.23420644605609123	0.1926925895	0.02676436367525	0.6480862397549997
sub-10940	kappa	0.2910813874130924	0.22321175355	0.03792936836425	0.9363693436199997
sub-10940	preference_friend	0.4680070499426689	0.45338941745	-0.1046043016	1.1336565955249998
sub-10940	preference_stranger	0.07355444637915841	0.07354284387500001	-0.218513664665	0.36459475861999996
sub-10940	gamma0	0.390222579396516	0.38134521955	-0.7773096589224999	1.6056894075999972
sub-10940	choice_bias	0.9690874383479381	0.9462176302	0.1510407463325	1.9279690651999999
sub-10950	alpha	0.10416937977948218	0.078704958355	0.01293470256575	0.35105347894249994
sub-10950	kappa	0.8795766115998773	0.7492024285	0.12383949641	2.3348745580499988
sub-10950	preference_friend	0.48346173136445375	0.45087902025000004	0.0994439968605	1.0371019617499997
sub-10950	preference_stranger	0.0970972893678507	0.095149655415	-0.1423516010775	0.34083467705999987
sub-10950	gamma0	1.4714249007946703	1.4506277135	0.1465861693575	2.892654588474999
sub-10950	choice_bias	1.08757680614307	1.03369403	0.11778157570500002	2.391777446325
sub-10953	alpha	0.021697078992505645	0.014000089295	0.00144992599625	0.08780115581799995
sub-10953	kappa	13.564265928241069	10.300804685	2.6587539609	44.27558380774985
sub-10953	preference_friend	0.6229177952164437	0.58825735085	0.30181924374499997	1.138372231574999
sub-10953	preference_stranger	0.04715230605960342	0.05815059374	-0.16593543515	0.20083837266249988
sub-10953	gamma0	1.9138051840071668	1.894584224	-0.11813208822749999	4.045224803149999
sub-10953	choice_bias	-0.22549148044678896	-0.2546239861	-2.448392889725	2.1566807018499996
sub-10954	alpha	0.2626078201609553	0.2286394216	0.03372985496525	0.6831411474349987
sub-10954	kappa	0.28458692886853815	0.20408189995	0.029463199008999998	1.0014849163749984
sub-10954	preference_friend	0.49529791256067335	0.47943436375000004	-0.092683933644	1.1827342375
sub-10954	preference_stranger	0.10354793470808252	0.10373429249999999	-0.18846403988500002	0.39378327594499996
sub-10954	gamma0	0.12689231863278924	0.1249037912	-1.080855846675	1.3505739845249998
sub-10954	choice_bias	0.048625606708717795	0.039136313955	-0.863083140195	1.013339273224999
sub-10956	alpha	0.015394926685405168	0.01204792898	0.0018556661609249998	0.048485725230499786
sub-10956	kappa	8.607459878388669	7.2102750365	2.2539283270249997	23.447921946999994
sub-10956	preference_friend	0.6709172834029313	0.64487815985	0.3245304672325	1.1662311804999994
sub-10956	preference_stranger	0.19412909038237627	0.19890030715	0.105634271045	0.2550429166949999
sub-10956	gamma0	2.7023843068683635	2.678208191	1.096082819075	4.465624886374999
sub-10956	choice_bias	-0.38953401030781576	-0.41072694870000004	-2.13612210815	1.4634985274999985
sub-10958	alpha	0.07829677999081551	0.052394979859999996	0.00793153115265	0.3186911766749994
sub-10958	kappa	0.5987793717687124	0.5275326634499999	0.1113461319675	1.495188223
sub-10958	preference_friend	0.6428927265958979	0.6167866563	0.2103041862625	1.214049633
sub-10958	preference_stranger	0.02081376002447745	0.018986566519999998	-0.2329637271425	0.2810669827174999
sub-10958	gamma0	0.8222282292228	0.81286787805	-0.3377991010475	2.022096578799999
sub-10958	choice_bias	-0.5492379955968165	-0.55516298695	-1.483386668175	0.41088504396999975
sub-10961	alpha	0.009225079018479205	0.006666566562	0.0009761699638025	0.03224903973524996
sub-10961	kappa	12.860369264189137	11.047933355	2.40813736835	34.81766601699997
sub-10961	preference_friend	0.24790361685024748	0.24058056705	0.1960191338375	0.34988241060999975
sub-10961	preference_stranger	-0.035432241453874004	-0.02571969978	-0.2578359196175	0.13282400780999992
sub-10961	gamma0	3.0484922827560847	3.0283918025	1.2582962101	4.9360638121
sub-10961	choice_bias	0.2550202028325402	0.26357713	-1.8907194726499998	2.3560042364249996
sub-10964	alpha	0.11359761527432873	0.07197073343	0.010649172366250001	0.46582148828749953
sub-10964	kappa	0.5385458332174271	0.4604412123	0.08978443434875	1.427773746125
sub-10964	preference_friend	0.6395394921631126	0.61826829265	0.19094372175	1.1997760694
sub-10964	preference_stranger	0.12749525907433878	0.1281629727	-0.13880588059249999	0.39374703538999994
sub-10964	gamma0	1.405050398816015	1.3886323835	0.2267540969575	2.656509274774999
sub-10964	choice_bias	0.06892757746648995	0.06611473135500001	-0.7777839505675	0.9314803497274999
sub-10966	alpha	0.04145855284437368	0.02849712804	0.004384482502250001	0.16222366772999983
sub-10966	kappa	3.4550384700214334	2.674113312	0.37192109682	10.760329116249999
sub-10966	preference_friend	0.36310261207598565	0.28983334675	0.1833114333275	0.9062660113475
sub-10966	preference_stranger	0.06264755487527539	0.07342826156	-0.148143254275	0.2193849824299999
sub-10966	gamma0	1.2764952879630527	1.2649189385000001	-0.10510458713	2.7288587096
sub-10966	choice_bias	-0.6348917636805854	-0.71188318485	-2.20203998535	1.2432301535749997
sub-10969	alpha	0.19560649767204152	0.1466447494	0.019474735787249998	0.6254390302899999
sub-10969	kappa	0.3656388874245434	0.29720950469999996	0.0577521034315	1.0572932759749998
sub-10969	preference_friend	0.40456183196331474	0.38374829195	-0.09356687581025	1.0082575557249998
sub-10969	preference_stranger	0.0886220994168207	0.0900067106	-0.1997483475875	0.3779963748274996
sub-10969	gamma0	1.6041547080019833	1.589932912	0.47794470297	2.8017271523499994
sub-10969	choice_bias	-0.27828434992607004	-0.2867448979	-1.10332048185	0.5901606090899999
sub-10979	alpha	0.22146875664075694	0.1756849033	0.02528119306775	0.6565809401499999
sub-10979	kappa	0.16994472333826713	0.13534598895	0.02491212195825	0.5160508950149999
sub-10979	preference_friend	0.5513259188686441	0.5436628380999999	-0.03736995898525	1.189477909975
sub-10979	preference_stranger	0.08844164834017226	0.088951469115	-0.222031430825	0.39730347138249994
sub-10979	gamma0	0.6185701138027889	0.61291590525	-0.539317337685	1.8003866766999996
sub-10979	choice_bias	0.7985421614591052	0.7906563479	0.029303715494750006	1.5939570799499996
sub-10983	alpha	0.025608484591126045	0.018763508935	0.00319728837575	0.08696461804499994
sub-10983	kappa	2.6312234312083898	2.5233579649999998	0.48379846923	5.443854049475
sub-10983	preference_friend	0.20637354266388208	0.18545931385	0.04884659159125	0.5254065077749998
sub-10983	preference_stranger	-0.006951297340945997	0.00045076612355	-0.20370118522	0.149291926615
sub-10983	gamma0	3.0073942960663844	2.9936493755	1.610793935375	4.500129025650001
sub-10983	choice_bias	-0.095067116049415	-0.11000409394999999	-1.69147513615	1.5988392735749957
sub-10984	alpha	0.05531342848866173	0.044300243525000005	0.008420423828125	0.16691062470249984
sub-10984	kappa	1.570172552840152	1.479608638	0.6128067774675	3.0426228235249972
sub-10984	preference_friend	0.9205558294501969	0.90018992725	0.50908426861	1.4519565606749996
sub-10984	preference_stranger	0.1555178490703456	0.15592172345	-0.02076086552475	0.33211818157249984
sub-10984	gamma0	0.8011497918566114	0.7942796756	-0.4404572974	2.0774106351999997
sub-10984	choice_bias	-0.203781422315508	-0.2097525587	-1.3416049502999998	0.97984867549
sub-10998	alpha	0.12130497586581629	0.08925008705500001	0.01059291215525	0.40908197901499993
sub-10998	kappa	1.3244039673698	1.217965536	0.199595428725	3.0891094745999994
sub-10998	preference_friend	0.2349519684798528	0.1998437895	-0.03997916191275	0.7077121359099985
sub-10998	preference_stranger	0.029128772803633986	0.03056193604	-0.18897059883	0.24394231980499986
sub-10998	gamma0	1.4563933350097993	1.449882654	0.22962723183	2.7489679256499984
sub-10998	choice_bias	0.15086427167581756	0.10011892405	-1.1288559596	1.6844862089249995
sub-11005	alpha	0.16010506893593932	0.11313938345	0.0177691924035	0.5673603768074997
sub-11005	kappa	0.27858827953396864	0.2205441997	0.033714501969499995	0.8619945254949982
sub-11005	preference_friend	0.6432600855440542	0.62957810305	0.10732031112750001	1.253209142025
sub-11005	preference_stranger	0.12998478304527708	0.1311649708	-0.17043821340249998	0.4245890018425
sub-11005	gamma0	0.5321327450406403	0.52911866905	-0.57322482558	1.67895748085
sub-11005	choice_bias	0.27293003048734576	0.26955948675	-0.503756561705	1.0784706572999996
sub-11007	alpha	0.12539064822867038	0.10824112305	0.0173249044165	0.33233430168
sub-11007	kappa	1.5299749197666124	1.4434290385	0.5647583716025	2.986437118899999
sub-11007	preference_friend	0.7884683216546393	0.7694283512	0.3509769808725	1.3407956553999993
sub-11007	preference_stranger	0.19241100063479633	0.18742550955	0.01802500311075	0.3911756576799997
sub-11007	gamma0	0.8904920930033154	0.88517764305	-0.41055904556	2.2365798042249994
sub-11007	choice_bias	1.1649003720440174	1.131529128	0.03551582529425001	2.5090232272749993
sub-11012	alpha	0.19302090517724663	0.1722972907	0.033415233954	0.47726691252249936
sub-11012	kappa	1.1452809848399406	1.0869651375	0.34210076206	2.267037724324999
sub-11012	preference_friend	0.8371558220439126	0.820596861	0.33875371187000003	1.4317342075500001
sub-11012	preference_stranger	0.3261424975804858	0.32288128844999997	0.08999391820324999	0.5796023556224998
sub-11012	gamma0	0.6907206784979141	0.67988899785	-0.7104844926875	2.1431828333499996
sub-11012	choice_bias	1.7844654188710698	1.756350613	0.6779258289875	3.040734972124999
sub-11016	alpha	0.09241620921268708	0.07760862175	0.013003543316749999	0.2567845384199998
sub-11016	kappa	2.697233110839099	2.5087694175	0.66510820457	5.835910178299994
sub-11016	preference_friend	0.42414342848237596	0.3811523127	0.21027049552	0.8728777070824997
sub-11016	preference_stranger	0.19822989572279967	0.19792094025	0.057266217839250004	0.34202660733999996
sub-11016	gamma0	1.2187578292332963	1.206401884	-0.07295545657199999	2.567476511574999
sub-11016	choice_bias	0.9649232819927765	0.9061620161999999	-0.4037110133175	2.617363580374999
sub-11021	alpha	0.11944867339918556	0.10638744335	0.01704369060525	0.2885161852949999
sub-11021	kappa	1.754299755801056	1.6728277435	0.7534145554725	3.213839862875
sub-11021	preference_friend	0.9128060337257996	0.8930353866	0.44310470686	1.5010668523
sub-11021	preference_stranger	0.3495801087980661	0.34299471535	0.1726763154825	0.5632333353674998
sub-11021	gamma0	0.26138744182545726	0.2557470282	-1.0714266172499998	1.6116503862749996
sub-11021	choice_bias	0.669903761596978	0.6620784019	-0.48191819442749995	1.8823720365249992
sub-11030	alpha	0.06347529815129363	0.04985207865	0.0065392646813	0.20181143149249975
sub-11030	kappa	1.2441352380354656	1.1697483995	0.25738471659999995	2.6850946893249987
sub-11030	preference_friend	0.3160680093475448	0.28777299700000003	0.0389957227405	0.7515927646499998
sub-11030	preference_stranger	-0.06994409772482843	-0.06581060455	-0.3084588086	0.14820701314999993
sub-11030	gamma0	2.2746370871109964	2.258861123	1.0164844009249998	3.6518763650999984
sub-11030	choice_bias	0.017697189890130947	-0.024703635	-1.1924414614	1.4506306502749986
sub-11031	alpha	0.05027234093143248	0.034558980895	0.004232983918349999	0.1914712166424999
sub-11031	kappa	1.0419923268640936	0.95222772165	0.22039828126000002	2.3388695767
sub-11031	preference_friend	0.3607472583883418	0.3286713604	0.0529406371275	0.8348888773024998
sub-11031	preference_stranger	-0.06930060824816743	-0.06789517075	-0.32781803735250004	0.1872855888625
sub-11031	gamma0	2.687074235701171	2.665926133	1.3927231049	4.102076109575
sub-11031	choice_bias	-0.8856356727474768	-0.9171371778999999	-2.074586071	0.4790927558299996
sub-11036	alpha	0.22884733691676454	0.18152569265000001	0.0260966921175	0.6761163586199999
sub-11036	kappa	0.18767228443108763	0.1598788544	0.02817677722725	0.5070057691474995
sub-11036	preference_friend	0.7281102392217701	0.7203540771	0.162682965645	1.348738869125
sub-11036	preference_stranger	0.09549273547666008	0.09491261393	-0.1997310371125	0.39403280859999995
sub-11036	gamma0	-0.014509656202822064	-0.017726837785	-1.0913262355750002	1.0864285828749993
sub-11036	choice_bias	0.6318430365855287	0.6244782377	-0.1237519406575	1.4152027129249996
sub-11039	alpha	0.0952036420910265	0.07938695781499999	0.013020746199999999	0.26880859906249976
sub-11039	kappa	0.9832794009179477	0.9030175948	0.30812697831499997	2.101159847074999
sub-11039	preference_friend	0.6745951242417645	0.65119384585	0.28249074684500003	1.2045960384749994
sub-11039	preference_stranger	0.12697926326744974	0.12618761820000002	-0.08501824227875	0.33956063052999985
sub-11039	gamma0	0.855386036134701	0.85084609865	-0.32633642	2.0877636173
sub-11039	choice_bias	0.1399360131681205	0.12208925605000001	-0.8179993228125	1.1982522802249989
sub-11042	alpha	0.22436224178762662	0.21914403300000002	0.05987912759075	0.42373049956500003
sub-11042	kappa	1.5815991097769397	1.4870670895	0.3251505251825	3.377016917574999
sub-11042	preference_friend	0.22126326287317719	0.20233076854999998	-0.0070544803863749955	0.5775034075099998
sub-11042	preference_stranger	0.14610017222136926	0.14298237279999998	-0.05555905964	0.36548415970999987
sub-11042	gamma0	1.8246888734202384	1.802647716	0.532632487605	3.2535135633499985
sub-11042	choice_bias	-0.4174534138818143	-0.44465488465	-1.59014818565	0.8808151722549984
sub-11053	alpha	0.057397494305924945	0.042936999574999996	0.006409008349825	0.19884743113999997
sub-11053	kappa	1.4376526331144797	1.377486242	0.47457769716	2.7379084550749986
sub-11053	preference_friend	0.7171227108702701	0.6969432285	0.3163192446025	1.2462826804249987
sub-11053	preference_stranger	0.17017204890997203	0.16813510075	-0.02737266737725	0.3762573177349999
sub-11053	gamma0	2.8818332132452533	2.8540668389999997	1.4141257323	4.487430704175
sub-11053	choice_bias	0.6376632625553259	0.6126688024	-0.4441955325975	1.8747435465749993
sub-11058	alpha	0.0937515811478807	0.06552518703	0.01091276245425	0.3563921697575
sub-11058	kappa	0.4841608210944346	0.4280540706	0.070185069131	1.2291843747
sub-11058	preference_friend	0.6972349866046363	0.6823919271	0.21773706350000002	1.261810148675
sub-11058	preference_stranger	0.06309014322961458	0.063666575905	-0.2020662859125	0.3257020981049997
sub-11058	gamma0	1.068389611232061	1.055065025	-0.1322900184275	2.3424789849499996
sub-11058	choice_bias	0.6101757648043425	0.5972752291	-0.20557814588	1.486992594625
sub-11060	alpha	0.06328154632197519	0.046521710029999996	0.006977371704775	0.2127794087274998
sub-11060	kappa	3.802459120900628	3.0841938530000004	0.970391114825	10.770443956999992
sub-11060	preference_friend	0.5686020522467344	0.5267434035	0.2868206699425	1.087573899425
sub-11060	preference_stranger	0.281754097750772	0.2709675351	0.161331446575	0.4526450037225
sub-11060	gamma0	1.4659894039459187	1.4377924925	0.03567660588550001	3.050301695524998
sub-11060	choice_bias	-0.5564127697456418	-0.57947442445	-1.945739732	0.958958512924993
sub-11063	alpha	0.21174659131856047	0.1753972685	0.02534039269	0.6053380473749997
sub-11063	kappa	0.4603297116517091	0.36846837050000003	0.0618935354625	1.3828009761499986
sub-11063	preference_friend	0.5732386356644581	0.5506785412999999	0.08131997048475001	1.2057886462499992
sub-11063	preference_stranger	0.1073183712888478	0.10658620769999999	-0.16810814691499998	0.38520350535249975
sub-11063	gamma0	-0.051086329255342136	-0.054678155650000004	-1.21182116255	1.1303258776499994
sub-11063	choice_bias	0.8564695679667915	0.8280889738	0.012536506000750005	1.8649372692749995
sub-11064	alpha	0.190325873112669	0.14618445915	0.01696955668275	0.5896549357949997
sub-11064	kappa	0.4177822090287136	0.36544443775	0.07414513556225	1.0612302010749988
sub-11064	preference_friend	0.7577834608817171	0.7408505914	0.2558859643575	1.367072802925
sub-11064	preference_stranger	0.05454773747925931	0.051646554144999995	-0.2312071042325	0.35047727125999983
sub-11064	gamma0	-0.25980323068411226	-0.2586720466	-1.3776842034749999	0.8519963320949995
sub-11064	choice_bias	0.20640120019024097	0.2009050191	-0.6314756008825	1.0999357713999998
sub-11065	alpha	0.07393953385950239	0.05477958628	0.00944143656705	0.25438128319249986
sub-11065	kappa	0.9225810097610047	0.8334121923	0.1955534252425	2.1400998261499993
sub-11065	preference_friend	0.5793921558179507	0.5556917073000001	0.18899692593	1.1153888671499994
sub-11065	preference_stranger	0.08005251247936401	0.079451227245	-0.1433979423025	0.3100250005499999
sub-11065	gamma0	1.4224061422781595	1.4076320215	0.173034642865	2.7517979684749996
sub-11065	choice_bias	0.6240975898142308	0.59202392115	-0.32530029631	1.7873915854249989
sub-11066	alpha	0.0717724571284918	0.05207984972	0.0071612162949	0.24201733461499986
sub-11066	kappa	1.5639288034077663	1.5015243329999999	0.5697574128375	2.905022654674998
sub-11066	preference_friend	0.6750204421203039	0.6561217205000001	0.2823305717075	1.1893516825000001
sub-11066	preference_stranger	0.06747041249029337	0.06666088734	-0.11660122817999999	0.2583936248049998
sub-11066	gamma0	2.397598374869618	2.3727449490000003	1.0032350353500001	3.923127723075
sub-11066	choice_bias	0.7187722819008387	0.6802477244	-0.46971098283999996	2.10783246165
sub-11068	alpha	0.2413435127865586	0.19714386635	0.026687878007999998	0.6829615395049997
sub-11068	kappa	0.31329853695966575	0.23737805885	0.035315600652000005	1.0694288859249994
sub-11068	preference_friend	0.6439503093414138	0.6283203391500001	0.11064677544500001	1.2800006527999999
sub-11068	preference_stranger	0.10180705186055322	0.1016173935	-0.1899138204575	0.39308281202249995
sub-11068	gamma0	-0.40622630498292867	-0.4024520492	-1.624763320425	0.7673706644824996
sub-11068	choice_bias	-0.7105149652482031	-0.7110738222999999	-1.575591851725	0.17580345239249948
sub-11071	alpha	0.27279989231022433	0.233219078	0.033692633153249996	0.7153593352299997
sub-11071	kappa	0.1733861129459611	0.14191163015000002	0.023818580953	0.5024571706024993
sub-11071	preference_friend	0.6902215195050789	0.68277643915	0.10414342005749999	1.3238992944249997
sub-11071	preference_stranger	0.1303861298100856	0.12988812715	-0.18197329966999998	0.43861323954999976
sub-11071	gamma0	-0.14454367579397337	-0.14830530235	-1.34078190675	1.0587263876749993
sub-11071	choice_bias	1.3538229993148112	1.3413351370000002	0.5348766726749999	2.2490578730499995
sub-11072	alpha	0.08727390627538456	0.079440083395	0.021352479438750002	0.19570015887499995
sub-11072	kappa	4.651178483088478	4.2902058165	1.68251738855	9.7328982068
sub-11072	preference_friend	0.7191300102893312	0.6922803608	0.342622537845	1.2490834391749999
sub-11072	preference_stranger	0.20001971131686894	0.1941056282	0.0952132669755	0.33966285777499977
sub-11072	gamma0	1.2211057993168666	1.2082954755	-0.30935930926499994	2.8458685527499985
sub-11072	choice_bias	0.513230972897148	0.4809536161	-1.06875166535	2.2689622627249997
sub-11074	alpha	0.19181325526028076	0.1534510021	0.026049850059000002	0.5754157790324992
sub-11074	kappa	0.3590085547513096	0.30407034045000003	0.046983139506	0.9675570612099995
sub-11074	preference_friend	0.7735241634318715	0.76483806285	0.2177503474825	1.3795991764499989
sub-11074	preference_stranger	0.17769459470610546	0.1798318289	-0.12752027528999998	0.476590755095
sub-11074	gamma0	0.311482627550036	0.3060432038	-0.9997957190625001	1.6586328557499996
sub-11074	choice_bias	1.575015326630571	1.561816246	0.6609810124175001	2.571800628824999
sub-11075	alpha	0.21970703120126273	0.16476937925000001	0.02066149100125	0.6951015027125
sub-11075	kappa	0.22321277745086046	0.1563987836	0.0238112049095	0.8419241012324997
sub-11075	preference_friend	0.5881336459755184	0.57777328215	0.0043621177063500015	1.2581515621749997
sub-11075	preference_stranger	0.0630735716038539	0.060297437255	-0.22598185453	0.362320520905
sub-11075	gamma0	-0.2091187830310838	-0.2041222333	-1.33961859025	0.8962297326674997
sub-11075	choice_bias	-0.22014704681109884	-0.22366166885	-1.00255860825	0.5938183422149993
sub-11078	alpha	0.021427621252726792	0.013775718499999999	0.001488423235275	0.0866117396935
sub-11078	kappa	13.941574634969387	10.561669134999999	2.8104532531500004	46.498261467249996
sub-11078	preference_friend	0.6320137900172688	0.5979830205000001	0.31166332242	1.1420881633999997
sub-11078	preference_stranger	0.050390866069243714	0.061241195875	-0.16542236891	0.20165171833749987
sub-11078	gamma0	1.9349616185490233	1.920287283	-0.08721684653674998	4.0548256902499995
sub-11078	choice_bias	-0.16282446238391163	-0.1805985685	-2.3857892370249996	2.182522002624999
sub-11083	alpha	0.1371137676280571	0.098407482525	0.014319808594	0.49479826014999984
sub-11083	kappa	0.5114148187853726	0.46162684085	0.0989939744735	1.2196430533749993
sub-11083	preference_friend	0.7551559137635236	0.7385525043500001	0.2682502033025	1.340755679875
sub-11083	preference_stranger	0.11847554118683024	0.11794992965000001	-0.1630539921625	0.39872775114999987
sub-11083	gamma0	0.31768238691705347	0.3141993957	-0.86681563229	1.5290816822499997
sub-11083	choice_bias	0.7727416626764142	0.76030838615	-0.10350500052749999	1.7150328015249998
sub-11084	alpha	0.051082381261252786	0.043608405325	0.009532770625299999	0.13545993324249997
sub-11084	kappa	1.68639116005381	1.633703282	0.53967729316	3.1276260053499993
sub-11084	preference_friend	0.8884469783123966	0.8670034324	0.42188569843	1.4732770630749998
sub-11084	preference_stranger	0.32909461359516345	0.3238696376	0.1257185993975	0.5614648625549996
sub-11084	gamma0	0.7657912036212404	0.7548139901	-0.6207682472475	2.2090950389749993
sub-11084	choice_bias	1.1724116350903038	1.1549589354999998	0.028032211195500003	2.413893931299999
sub-11085	alpha	0.307369901589658	0.2704270195	0.0428428878185	0.7409484918224999
sub-11085	kappa	0.31701932210651435	0.2660842727	0.045145331507	0.888278498185
sub-11085	preference_friend	0.6363022954763996	0.621910146	0.1110473632575	1.2356451023249997
sub-11085	preference_stranger	0.1810265738380375	0.18202396515000002	-0.1277032205375	0.48780930087499963
sub-11085	gamma0	0.2828478314507863	0.2796581211	-0.8324555946175	1.4294509375749997
sub-11085	choice_bias	0.5035007045844613	0.5014198222499999	-0.2987674365525	1.3241553037249967
sub-11090	alpha	0.04945141792299256	0.039570043355	0.006755180987	0.14907723575499982
sub-11090	kappa	2.170831210217247	1.9613809165	0.704867688285	4.799349583099999
sub-11090	preference_friend	0.5623020652908906	0.5283424141999999	0.26327378702750004	1.043399333175
sub-11090	preference_stranger	0.20193732507710294	0.20075030545	0.042912872652750005	0.36402692297499994
sub-11090	gamma0	2.2955358381055206	2.2731493015	0.9145104507374999	3.805052139275
sub-11090	choice_bias	-0.17882356915411451	-0.19974827085000002	-1.42514403965	1.1661714614999998
sub-11113	alpha	0.028877103136917853	0.022633382515	0.0037828612066000003	0.09086274728449999
sub-11113	kappa	4.2475920282759	3.5853339675	1.2919925598750002	11.196856747749996
sub-11113	preference_friend	0.8533893329768187	0.83048927925	0.44391919304500005	1.4030228377749994
sub-11113	preference_stranger	0.137367034305162	0.14507860830000002	-0.03348888807175	0.2689672624324999
sub-11113	gamma0	0.6620354324730106	0.65976046275	-0.9390409315175	2.2759354649749994
sub-11113	choice_bias	-0.9992302704174176	-0.9988310867	-2.6517849312	0.6354605300699996
sub-11116	alpha	0.04258389347424409	0.03444040781	0.005273085923425	0.124152161625
sub-11116	kappa	2.7782597540357625	2.5613232334999996	1.0657395266499998	5.725881310524997
sub-11116	preference_friend	0.8540394882965875	0.82867383455	0.44051456108	1.4046495281999998
sub-11116	preference_stranger	0.08758544027277865	0.093267162195	-0.1045856211225	0.2512076081899998
sub-11116	gamma0	0.3534686008711896	0.3549222492	-1.162830710525	1.8422787969749992
sub-11116	choice_bias	-0.5546900476115956	-0.56937668385	-2.00879733925	0.9949831675124995
sub-11120	alpha	0.16038558250311444	0.11348248635	0.01349603895325	0.5507400423499994
sub-11120	kappa	0.34275179597181377	0.2905662337	0.05410839925475	0.9287342822824991
sub-11120	preference_friend	0.5421916494862203	0.53321322495	-0.021459388792	1.1583431203249996
sub-11120	preference_stranger	0.05461627966354227	0.05402408185	-0.23856806048999998	0.35302101705249994
sub-11120	gamma0	1.627725439358323	1.6013030695000001	0.09400387464375003	3.3262543367999986
sub-11120	choice_bias	1.8630224153073545	1.8369392485	0.907333978045	2.962993200249997
sub-11125	alpha	0.09770630685511619	0.048683896635	0.0064134673588	0.49842679606999984
sub-11125	kappa	0.6299088632528793	0.4473651241	0.031069436757	1.988401570074997
sub-11125	preference_friend	0.2364759041960347	0.1471436463	-0.257630850475	1.022043191875
sub-11125	preference_stranger	-0.06971651486613703	-0.07699764886499999	-0.33866394163	0.23793190587999988
sub-11125	gamma0	0.820560361347601	0.8079807251	-0.476333636885	2.1773684082499973
sub-11125	choice_bias	0.3702647910056504	0.2471262092	-0.7542124261775	2.001964837324999
sub-11126	alpha	0.11848019475748148	0.084159967485	0.014656079979000002	0.4452000986399994
sub-11126	kappa	0.7317404607272932	0.55473152465	0.07374808349925001	2.400164685074999
sub-11126	preference_friend	0.7211638523613004	0.69175486165	0.2644265919275	1.3485671961499999
sub-11126	preference_stranger	0.17430386200973555	0.1785610942	-0.09572967469475001	0.4272137963924997
sub-11126	gamma0	-0.3099263470379452	-0.3148385514	-1.4688662509250001	0.8617945947574996
sub-11126	choice_bias	0.26179968238169965	0.24473977214999998	-0.65255642551	1.2776932837999997
sub-11128	alpha	0.18274131492481252	0.1370087334	0.01769251765975	0.5929065800849996
sub-11128	kappa	0.2972220988467567	0.2491404418	0.04235856326975	0.8192242800674996
sub-11128	preference_friend	0.6091906793482877	0.6005623961	0.0475382077655	1.2299190501499997
sub-11128	preference_stranger	0.08237130786918576	0.08233478859	-0.21108357021	0.3743565541925
sub-11128	gamma0	1.0189170838552046	0.9988794839999999	-0.43495614346	2.5869423252749995
sub-11128	choice_bias	1.8954060849692247	1.8737884435	0.9414381090075	2.9626669979
sub-11134	alpha	0.1824834300087277	0.1307569332	0.01617364252075	0.6223398570224998
sub-11134	kappa	0.4000626023108648	0.2566652772	0.035333840882	1.5703604732499985
sub-11134	preference_friend	0.4311823771120514	0.398905894	-0.08559484740349999	1.1075981394
sub-11134	preference_stranger	0.06762047782400174	0.0664016494	-0.21314551613500002	0.35416492596499993
sub-11134	gamma0	0.4010426069665751	0.39665893944999997	-0.72293079883	1.5588356855499998
sub-11134	choice_bias	-0.14862832664818887	-0.1870113159	-0.9837626822600001	0.9332353297649998
sub-11139	alpha	0.03603523549713818	0.028827914345	0.0052273060409750004	0.10751367152999994
sub-11139	kappa	2.0457549361747374	1.807081309	0.5379582564475	4.853364347224998
sub-11139	preference_friend	0.510428198882625	0.46222951325	0.24346252164499999	1.0358669720249998
sub-11139	preference_stranger	0.016199772248440734	0.020423256825	-0.18712995568000002	0.20031575180999986
sub-11139	gamma0	0.9442617012081125	0.93368653005	-0.396746730885	2.3265215363999987
sub-11139	choice_bias	-0.43672983104862856	-0.48015234025	-1.758144057125	1.0941382330749996
sub-11167	alpha	0.18543736666536806	0.13107704655000002	0.01537907919725	0.6341625464875
sub-11167	kappa	0.4752984035103118	0.28121819635	0.02988714867775	1.703614204924999
sub-11167	preference_friend	0.24354341576524965	0.18488107255	-0.32868929122	1.0266508183499992
sub-11167	preference_stranger	0.11222469635466181	0.11511078625	-0.1898952387325	0.4028550310899997
sub-11167	gamma0	0.921962757158708	0.9007169926	-0.440370085265	2.4332831538999993
sub-11167	choice_bias	1.4053671512061887	1.324649006	0.4092248715925	2.850738146325
sub-11168	alpha	0.028742497542576198	0.021741665915	0.0035703540237	0.09538564797724983
sub-11168	kappa	2.6091434136474794	2.4729978145000002	0.744380314755	5.274371176649999
sub-11168	preference_friend	0.2900578605377649	0.256520696	0.12562879124	0.6564068135524995
sub-11168	preference_stranger	-0.03769363482828956	-0.031601466225	-0.2201005603325	0.11028517868499989
sub-11168	gamma0	1.5310047791848846	1.519223723	0.20028462799500002	2.9298964028499976
sub-11168	choice_bias	0.9611280602035172	0.93296401235	-0.6036761417550001	2.720138090524999
sub-11171	alpha	0.022304808852813034	0.01775735741	0.00306031941845	0.06781807090049999
sub-11171	kappa	8.214425720631272	7.1490659144999995	2.125458355375	20.54429071274999
sub-11171	preference_friend	0.7121836133386719	0.68877110865	0.3160931908475	1.2536061673749999
sub-11171	preference_stranger	0.2164423407403235	0.21715736475	0.14812739807	0.28487281793749997
sub-11171	gamma0	1.2967260831881422	1.2795694235	-0.26560426645	2.938617296449999
sub-11171	choice_bias	1.0985695470259542	1.0584872235	-0.6482006505325	3.0336458624249985
sub-11177	alpha	0.07418489252893015	0.06500568185	0.012049448827500002	0.18984706731999967
sub-11177	kappa	5.371643584156907	4.4695100495	1.4048413123	14.60621124099997
sub-11177	preference_friend	0.35195070175014687	0.3295055404	0.24433426700750002	0.5879554022349999
sub-11177	preference_stranger	0.3896894947314881	0.37675810595000003	0.278575887815	0.5680249323849997
sub-11177	gamma0	1.2602215242416115	1.2471211155000002	-0.13435830936749998	2.712512611174999
sub-11177	choice_bias	-1.1511624824871702	-1.1271941280000002	-2.7211402142249996	0.2983275454674986
sub-11192	alpha	0.1797891867735126	0.16736156785	0.02306903866375	0.4147576289999999
sub-11192	kappa	1.7123652311409188	1.5925749775	0.64618118348	3.441901383624999
sub-11192	preference_friend	0.6542158681593063	0.6290043004	0.32336413110499995	1.12434825515
sub-11192	preference_stranger	0.19757722781786943	0.1997817197	0.0022323548977500013	0.38561261126999996
sub-11192	gamma0	1.7910963224298966	1.7714985865	0.4522092136925	3.2140728325
sub-11192	choice_bias	-0.6972732289859368	-0.6987150951000001	-1.9549643525	0.5514623947224998
sub-11193	alpha	0.1458557174739781	0.092475774595	0.011917374296750001	0.5815465515724992
sub-11193	kappa	0.3159009854220174	0.2643891904	0.0444393738725	0.8751048861324999
sub-11193	preference_friend	0.6670190617446847	0.65267169475	0.1289914778225	1.2766010929499996
sub-11193	preference_stranger	0.04452833915845305	0.04184389352	-0.23503840741499998	0.33793277668999994
sub-11193	gamma0	0.5938323235309977	0.57898543845	-0.5968431478975	1.8565980895249998
sub-11193	choice_bias	0.8403575401054443	0.8270592229	0.04103985680625001	1.7044237477499995
sub-11203	alpha	0.26710305642162835	0.2260896128	0.036282427112000006	0.70533986323
sub-11203	kappa	0.16993603239913704	0.13499927995	0.02243725820625	0.5188938301849998
sub-11203	preference_friend	0.6506391940500982	0.6410614183000001	0.06555337869300001	1.2871353730249995
sub-11203	preference_stranger	0.1303223750131629	0.13090198375	-0.17896106375499998	0.43602885542999936
sub-11203	gamma0	-0.08276276181893465	-0.08339991985	-1.14466941205	0.9974290796524994
sub-11203	choice_bias	0.11487762441178576	0.1099897889	-0.63806694684	0.8910705272374997
sub-11209	alpha	0.15251379419387245	0.13132435145	0.019624457637	0.40881540816249995
sub-11209	kappa	1.2429610923812398	1.1704081044999999	0.44844125152500003	2.447526430424999
sub-11209	preference_friend	0.7118065906010381	0.695492678	0.2568872219975	1.263708734075
sub-11209	preference_stranger	0.15840046287678536	0.15591091070000002	-0.0461696878855	0.37199025892500004
sub-11209	gamma0	1.3632960662116416	1.3528857555	0.011766563341750025	2.8098456402999994
sub-11209	choice_bias	1.2614848547229471	1.22538095	0.06728876636400001	2.654786086424999
sub-11227	alpha	0.08297884781522398	0.059970700945	0.008929199320275001	0.3004816232249989
sub-11227	kappa	1.38834451552693	0.98863632415	0.20384841015	4.978276492124994
sub-11227	preference_friend	0.5429481668049475	0.4982256411	0.22180973301499998	1.1134594624249998
sub-11227	preference_stranger	0.12523435550040063	0.1316457466	-0.12119023891250001	0.35367808232249986
sub-11227	gamma0	1.2165642515116264	1.208557575	-0.08427894865074999	2.5730020693249998
sub-11227	choice_bias	-1.642718787343584	-1.6476793365	-2.8584872984	-0.3852859044225001
sub-11238	alpha	0.05591386370369439	0.043528803115	0.0075253722438	0.17856129773999985
sub-11238	kappa	0.9918534758722454	0.9359386674	0.28809288592	2.0184348495249997
sub-11238	preference_friend	0.7776964842030812	0.760587781	0.3409315242275	1.3203634373
sub-11238	preference_stranger	0.079952651265846	0.08109595902	-0.1404962214825	0.29282328257999996
sub-11238	gamma0	1.2571293871060334	1.2454927355	0.0383762791215	2.5435341030749967
sub-11238	choice_bias	0.5584258686532719	0.5385141697	-0.4014914529425	1.6310682812249997
sub-11246	alpha	0.041628866660670005	0.033707710995	0.006497194363075	0.12204257008999984
sub-11246	kappa	2.147639232827594	2.0245231439999998	0.8419712364299999	4.124389513824999
sub-11246	preference_friend	0.8170514054863063	0.79562976445	0.4100304853825	1.346990150549999
sub-11246	preference_stranger	0.24605607541563018	0.2414055543	0.10007629027500001	0.4167073687224998
sub-11246	gamma0	1.614994447959611	1.6011691015	0.20229556378250002	3.1215513378249997
sub-11246	choice_bias	0.4398870033286745	0.42495051525	-0.7599468056174999	1.7324591490499999
sub-11276	alpha	0.2396148781090153	0.19564043245	0.028002207506749997	0.6830758654925
sub-11276	kappa	0.16451381898996237	0.13850559915	0.026306783537	0.4518898283949997
sub-11276	preference_friend	0.6287704822429848	0.61975259505	0.050642745505	1.2472942420999995
sub-11276	preference_stranger	0.11004593390100022	0.11102250705	-0.19687391679500002	0.4121927988124998
sub-11276	gamma0	0.5319841213494663	0.5245250808999999	-0.5359169961625	1.6431423915749999
sub-11276	choice_bias	0.10764693870630732	0.10788555359999999	-0.6345027309625	0.8455115061699988
sub-11301	alpha	0.16594136198341086	0.12999759155	0.019165351763250002	0.5157567459949998
sub-11301	kappa	0.4520695176486451	0.3793264892	0.07165068713125002	1.2470063615999984
sub-11301	preference_friend	0.6184112390223675	0.5972698462	0.15310832167250002	1.1854681888999996
sub-11301	preference_stranger	0.09703771037363752	0.098020204045	-0.18298664250750002	0.37089741711249946
sub-11301	gamma0	0.8547743776123177	0.8465118355	-0.271994803075	2.0080472742
sub-11301	choice_bias	-0.12873294697373105	-0.1298102944	-0.9483354117749999	0.7165257860249999
sub-11311	alpha	0.08149064770328812	0.067627944435	0.01095096181275	0.2293673062174997
sub-11311	kappa	1.204233921973102	1.145490807	0.4492414836125	2.2784197270499997
sub-11311	preference_friend	0.8115563100692788	0.7912939378	0.3891653331125	1.3498083631499995
sub-11311	preference_stranger	0.17243966298564997	0.17288077915	-0.030201802772999994	0.3729726439899999
sub-11311	gamma0	2.0569872361711514	2.046032034	0.7852878665725	3.4181470400749996
sub-11311	choice_bias	-0.27241403991409413	-0.2686068104	-1.31517742865	0.76883107659
sub-11312	alpha	0.09854711722542146	0.067480945085	0.008019847887675	0.36462880333249986
sub-11312	kappa	1.0008534779180749	0.88165243885	0.1833578541475	2.4558599605499993
sub-11312	preference_friend	0.350772844231254	0.31318088865	0.0338977514145	0.8616335700899994
sub-11312	preference_stranger	0.01002443266891811	0.009635668715999999	-0.225825124765	0.24746335673749972
sub-11312	gamma0	2.0562081408802415	2.042393144	0.8240570581125001	3.3713708832999973
sub-11312	choice_bias	-0.6253017554669447	-0.6667466174	-1.750505672875	0.7206510244174997
sub-11316	alpha	0.06100202076348283	0.04701169913	0.0086115658982	0.20059085962249965
sub-11316	kappa	1.3425936435142016	1.2678914215	0.3848196632575	2.726679950825
sub-11316	preference_friend	0.8137486857344989	0.79375383785	0.371174510295	1.360827091025
sub-11316	preference_stranger	0.18733025428014577	0.1859148223	-0.00463500162615	0.38630763698500004
sub-11316	gamma0	1.12049165085072	1.1131541575	-0.1701146418325	2.4711005154
sub-11316	choice_bias	0.8760716150463093	0.8496195585	-0.1354536712125	2.040422526575
sub-11318	alpha	0.13614342546981806	0.1084496269	0.0162040681425	0.4175154545499992
sub-11318	kappa	0.38801825428465003	0.3340318871	0.06461607513725	1.020260448025
sub-11318	preference_friend	0.5255144588331754	0.5060690228	0.051848531808250005	1.1009708081249994
sub-11318	preference_stranger	0.06322583020416746	0.0637710524	-0.2083699015775	0.33097592214749993
sub-11318	gamma0	1.3540740791604677	1.347292816	0.2315485297425	2.5104315828749995
sub-11318	choice_bias	-0.373659213455476	-0.37897985195	-1.205417282525	0.48790666657499937
sub-11321	alpha	0.20556957151092992	0.15860850165	0.02156544392475	0.6414125193224999
sub-11321	kappa	0.2919942418097023	0.23257556145	0.034991481918	0.8883381525424997
sub-11321	preference_friend	0.6708528586027057	0.66284236635	0.07432293234725001	1.3122381036499995
sub-11321	preference_stranger	0.1290463137259472	0.12831791825	-0.1761580756025	0.4349055789924999
sub-11321	gamma0	0.5081838323209811	0.5005293679	-1.095354422775	2.180831031574999
sub-11321	choice_bias	2.824720008470781	2.793583247	1.6637135526750002	4.169919174574997
sub-11325	alpha	0.057533865813222215	0.04443899933	0.0058471057260250005	0.17782094927249995
sub-11325	kappa	7.338693180802947	6.086522673999999	1.842805662125	19.978645260249987
sub-11325	preference_friend	0.7441392506385063	0.71647038435	0.376690131965	1.2628991918499997
sub-11325	preference_stranger	0.2458294315647579	0.24557277519999998	0.154921258	0.339468329505
sub-11325	gamma0	1.7034126798286726	1.685174449	0.1766028319425	3.3331238530749983
sub-11325	choice_bias	0.2151966090448762	0.18043286744999998	-1.436031004525	2.0126517563249986
sub-11326	alpha	0.20701301997900862	0.15941314104999998	0.023003106481000003	0.6499773415224996
sub-11326	kappa	0.21521905301934358	0.17919631235	0.03063724107425	0.6040857578925
sub-11326	preference_friend	0.6625654201658203	0.6517961471	0.11209237466250001	1.2748877432499999
sub-11326	preference_stranger	0.09638706784365618	0.096457901135	-0.19853125203	0.3920060197549998
sub-11326	gamma0	0.2404196252734789	0.24114006799999999	-0.8308389093724999	1.31041387725
sub-11326	choice_bias	0.13841550069849165	0.13373056645	-0.61274389163	0.9083094117849996
sub-11329	alpha	0.07614722765812611	0.065193871425	0.0114797168615	0.19974530428249998
sub-11329	kappa	3.586319555307966	3.4336071955	1.6483012176	6.422872092974999
sub-11329	preference_friend	0.8676274496704	0.84708923365	0.42468657324000003	1.4392805152499992
sub-11329	preference_stranger	0.41476847761755276	0.4052868477	0.2505896516875	0.6319251254599998
sub-11329	gamma0	1.0913725437328081	1.0844876335	-0.43613820711499995	2.6740807174999985
sub-11329	choice_bias	0.8378558105672246	0.81754725945	-0.580567418	2.3426148099249997
sub-11330	alpha	0.112692370060048	0.08110558933	0.0114742931805	0.41403653150249975
sub-11330	kappa	0.39065541135494236	0.32717394435	0.06291734116200001	1.0794923148249997
sub-11330	preference_friend	0.4267003100382385	0.4097415026	-0.07976197996449999	1.0234752081999992
sub-11330	preference_stranger	0.06052408515138013	0.06314998747	-0.2284619870275	0.34131519812499994
sub-11330	gamma0	2.3714891328537133	2.3396848315	1.001348322925	3.889005662724999
sub-11330	choice_bias	0.4524113295253833	0.43654520565	-0.37079888032	1.3569292927999987
sub-11337	alpha	0.05919427566526081	0.043873966165	0.00720129186315	0.21924041062999994
sub-11337	kappa	1.431090562318619	1.3433228705	0.1702255352375	3.2695329021749995
sub-11337	preference_friend	0.20439253219038056	0.17929912580000001	-0.07780312650499999	0.6601487951524999
sub-11337	preference_stranger	-0.030943474659277735	-0.026372048505	-0.24798760589750002	0.16516498967999993
sub-11337	gamma0	2.183218414412989	2.1688725005	0.9182131571625001	3.5302242058749997
sub-11337	choice_bias	-0.13032682747347907	-0.17275142565	-1.4990165728	1.4296911974999988
sub-11338	alpha	0.22168778743443626	0.17598909475	0.02454971867075	0.6611772001174999
sub-11338	kappa	0.21897290500483618	0.14627319035	0.02317409670475	0.8630316676374998
sub-11338	preference_friend	0.4771646454551836	0.471042817	-0.1789779938525	1.178910610824999
sub-11338	preference_stranger	0.09713978844239261	0.09760253198999999	-0.203610903145	0.39144679162749974
sub-11338	gamma0	0.22879397159690837	0.2284028803	-0.91705485246	1.3804119327749995
sub-11338	choice_bias	-0.5025305497687964	-0.50611414765	-1.305962008	0.32820749266499916
sub-11340	alpha	0.3059302887158653	0.2906056407	0.08304299448399999	0.60751852337
sub-11340	kappa	0.7487316347633466	0.69761819995	0.250233465815	1.5410911787249995
sub-11340	preference_friend	0.7432775136247938	0.7245122547	0.3226304450875	1.2720787460999998
sub-11340	preference_stranger	0.23475889023727298	0.23621368980000002	-0.03295263601825	0.49567800894999997
sub-11340	gamma0	0.2910426333662572	0.29543154295	-0.92864206721	1.4797188703499997
sub-11340	choice_bias	-0.5280122638727842	-0.522114886	-1.50300135895	0.3954543123149996
sub-11345	alpha	0.04047432794101765	0.032642536135	0.005557440815875	0.11926376559499999
sub-11345	kappa	2.0386760581210748	1.9425959545	0.8096940213	3.8013487838749995
sub-11345	preference_friend	0.7355103758270957	0.71286544585	0.3642976693925	1.2369742917999997
sub-11345	preference_stranger	0.12079992170424407	0.1212651116	-0.03539767253575	0.2779038722324998
sub-11345	gamma0	2.5101548683569934	2.49089314	1.157460977725	3.9778626936499983
sub-11345	choice_bias	-0.16661209061828514	-0.17924163185	-1.3993529953500001	1.1414526396749982
sub-11348	alpha	0.06305024976389159	0.046121451505	0.006811610993675	0.21971669060999977
sub-11348	kappa	1.6891927392551624	1.5782907609999999	0.5765701311725	3.4537066288499987
sub-11348	preference_friend	0.6266974469676713	0.5990671736	0.29736154531250003	1.1056630986499998
sub-11348	preference_stranger	0.1781496077800531	0.17799496604999998	-0.0055177196530999985	0.36106955612749997
sub-11348	gamma0	2.4756742261632287	2.458831699	1.11996457	3.9456261478499997
sub-11348	choice_bias	-0.48138310591790956	-0.49195735455	-1.652572936	0.7494135695324978
sub-11358	alpha	0.2266827020232896	0.20140091110000002	0.0586034622865	0.5348649666575
sub-11358	kappa	1.114321669884029	1.056829413	0.309712634245	2.2386700831499993
sub-11358	preference_friend	0.16605254840462755	0.15780448190000002	-0.163317157695	0.5534189306449996
sub-11358	preference_stranger	0.24443056675109318	0.24308847160000002	-0.0021118864745499994	0.49832110295249943
sub-11358	gamma0	1.718635853234082	1.695927929	0.266512913485	3.2812932035999993
sub-11358	choice_bias	1.3624135224408356	1.332458021	0.2813127242475	2.6047288716249994
sub-11364	alpha	0.038121223328958315	0.020499205965	0.00229476955515	0.203987984537499
sub-11364	kappa	10.767336452359045	8.5667124235	0.18625808727500004	35.86032607599991
sub-11364	preference_friend	-0.0032431004262202558	-0.004330106125	-0.37722161442249996	0.5647015705349999
sub-11364	preference_stranger	0.07049387881623181	0.083878176475	-0.162131018735	0.2220455534074999
sub-11364	gamma0	2.292387947194927	2.3273133625	-0.11381483023	4.481813485175
sub-11364	choice_bias	-0.49646843685803393	-0.44507764775	-3.21302236185	2.0700094067999997
sub-11367	alpha	0.0629103068954966	0.04853784697	0.008091847049725	0.20182139462999993
sub-11367	kappa	1.7431468444587344	1.6238734505	0.620523185555	3.5545979905499996
sub-11367	preference_friend	0.8290924861466532	0.8076131252500001	0.416502589445	1.3659904456
sub-11367	preference_stranger	0.2123247261050102	0.21014407705	0.04194990623675	0.3937751884099998
sub-11367	gamma0	1.4543805531651364	1.440652926	0.1665372732825	2.8109630965249996
sub-11367	choice_bias	0.11693992925110314	0.10702970345	-1.0120205377	1.311481831125
sub-11374	alpha	0.2664410623762643	0.2400232921	0.041920940786749995	0.6373856818325
sub-11374	kappa	0.40714207891709725	0.34306657585	0.0576790043215	1.1205697715499972
sub-11374	preference_friend	0.673730850664561	0.6573789133	0.1798640900125	1.2642294514249999
sub-11374	preference_stranger	0.15944133032657717	0.15984196445	-0.1248433185375	0.44282100651749984
sub-11374	gamma0	0.0796098468504155	0.079189966805	-1.0753309276	1.2446179932249997
sub-11374	choice_bias	-0.13115773366046454	-0.12672713585	-0.97628446312	0.6945019675724995
sub-11376	alpha	0.05823217567130071	0.044286161445	0.0072925739721	0.18996756614999982
sub-11376	kappa	2.0194055057236344	1.9181936990000001	0.8018998841975	3.8488719788499983
sub-11376	preference_friend	0.7899925055817031	0.7675306338500001	0.4144955907625	1.2901786658749996
sub-11376	preference_stranger	0.1495430023905882	0.1495683277	-0.004536562195724999	0.30578180750749995
sub-11376	gamma0	2.070905376810975	2.0481664459999998	0.7243533464875	3.53391468225
sub-11376	choice_bias	-0.03771487906150437	-0.057665563265	-1.2496030254500001	1.2531478589499996
sub-11377	alpha	0.1585902166133073	0.12725354595	0.020463233741000002	0.492384161845
sub-11377	kappa	0.7999863710012175	0.71463611125	0.09751108247675	1.98786523945
sub-11377	preference_friend	0.7546446086691665	0.7417071759	0.23892763925750002	1.3426245554499998
sub-11377	preference_stranger	0.21281352527651523	0.2129395224	-0.08246749469899999	0.4989173310624999
sub-11377	gamma0	0.9050021220461024	0.8896512127	-0.634520810715	2.5454648671499993
sub-11377	choice_bias	2.566096361145419	2.5316175315000002	1.413042685825	3.9329653363249997
sub-11387	alpha	0.04158736336909489	0.03730602786	0.0091630700698	0.09841526204324998
sub-11387	kappa	10.326819974186394	8.645551615999999	2.666371419525	28.44824447124999
sub-11387	preference_friend	0.7441317350387906	0.7173595320499999	0.35070644163	1.2947437067749998
sub-11387	preference_stranger	0.28555427007730844	0.28271484355	0.208780146325	0.3744042660325
sub-11387	gamma0	1.3013103496825351	1.280344565	-0.34004141365249996	3.04720461925
sub-11387	choice_bias	0.49648058876722245	0.47758120865	-1.195913538725	2.3393761777249997
sub-11396	alpha	0.059860749940709834	0.041965282835000006	0.006069546747075	0.22050419776999983
sub-11396	kappa	0.8187093645725938	0.7473132184	0.18470406425000002	1.84769697385
sub-11396	preference_friend	0.5921521040488744	0.56377769765	0.1948504895075	1.1477926469249993
sub-11396	preference_stranger	-0.034014475269179514	-0.034456172295000004	-0.28207339225	0.21478700686749985
sub-11396	gamma0	0.909444118167862	0.9003960906999999	-0.2888265485275	2.157787745725
sub-11396	choice_bias	-0.04595057378723778	-0.071104620265	-1.0219186379499998	1.0741318236999995
sub-11410	alpha	0.12142267227894434	0.10015273185000001	0.01710423557025	0.36136050677999887
sub-11410	kappa	0.7756175644312066	0.6225358160000001	0.10104261927750001	2.2557463813499985
sub-11410	preference_friend	0.5052902971446058	0.45982313914999995	0.1177417169475	1.113898671175
sub-11410	preference_stranger	0.057420157509330896	0.05784538315	-0.20533673679	0.3227289926675
sub-11410	gamma0	0.12345441015511951	0.12014188610000001	-1.069641541875	1.3228910213499994
sub-11410	choice_bias	-0.38441669073824447	-0.43348618615	-1.3888845038	0.8988130022924998
sub-11430	alpha	0.23988725007021763	0.20043720510000002	0.032035623196750004	0.6590377052099999
sub-11430	kappa	0.20470703089617565	0.1583887795	0.0260271000485	0.6653207633974996
sub-11430	preference_friend	0.5793276014164742	0.567710939	-0.0018391424468249995	1.2310076995750001
sub-11430	preference_stranger	0.11078256314628691	0.1123061434	-0.18753753677499999	0.3994155809224999
sub-11430	gamma0	0.10187217288018893	0.096614057785	-0.957789169135	1.1756525980499963
sub-11430	choice_bias	0.3073146361591236	0.30320013744999996	-0.42976575023	1.0653155835749997
sub-11433	alpha	0.06585108988014778	0.04659687976	0.0074031511566000005	0.2422626868349997
sub-11433	kappa	1.4948655542823825	1.1179451189999998	0.204460904455	4.855109446349998
sub-11433	preference_friend	0.46940498526319296	0.41765819964999995	0.191599678275	1.0051449218999997
sub-11433	preference_stranger	0.1321593039612643	0.14057627655	-0.10808873260499999	0.34310452062999997
sub-11433	gamma0	1.6122895974378735	1.5953522895	0.378303331295	2.9451315400499998
sub-11433	choice_bias	-1.103564329577563	-1.124538074	-2.2642924181	0.22038581316499753
sub-11435	alpha	0.06507952980553558	0.05526776956	0.006366620495675	0.17892873669249995
sub-11435	kappa	2.117621620309338	2.039840982	0.84339273897	3.805128748399999
sub-11435	preference_friend	0.43449134038651066	0.40727428945	0.1919286123625	0.82573857804
sub-11435	preference_stranger	-0.06603722586280532	-0.061292986665	-0.265799799525	0.10865205261999981
sub-11435	gamma0	2.065095376630369	2.044313581	0.6769083136849999	3.5590164559249993
sub-11435	choice_bias	0.697249307355373	0.6664302234999999	-0.693777773465	2.283311141899999
sub-11439	alpha	0.0719803872613409	0.05173167912	0.008363443363475	0.26086861465249994
sub-11439	kappa	0.6142724349817001	0.55380756375	0.1347179237325	1.4292942499749999
sub-11439	preference_friend	0.7167725907266126	0.6922715087	0.28118831775750003	1.2938437334499995
sub-11439	preference_stranger	0.027066183564720528	0.02610917415	-0.232706805285	0.28850053435249995
sub-11439	gamma0	0.5644589732552024	0.55708354245	-0.595171097235	1.734116388449999
sub-11439	choice_bias	-0.5419052946698412	-0.5470262191499999	-1.455128085825	0.3953298990474998
sub-11440	alpha	0.28868747400318817	0.23854035175	0.03348865087825	0.7730395178524999
sub-11440	kappa	0.17811357699312544	0.12063948094999999	0.01744551913025	0.7178011459674993
sub-11440	preference_friend	0.6090372400371017	0.6060051479999999	-0.0344051532105	1.2946793069749996
sub-11440	preference_stranger	0.1098519046331869	0.10930362190000001	-0.19450212222	0.4145750175175
sub-11440	gamma0	-0.7649640299095584	-0.758683743	-1.8852156984000001	0.3276858329774997
sub-11440	choice_bias	0.8637246321002587	0.8525565661	0.07619767069950001	1.7145337778249987
sub-11443	alpha	0.14292090346719252	0.10476576544999999	0.01567310507025	0.49550350107999963
sub-11443	kappa	0.3533281220827442	0.27636095289999996	0.04303494486175	1.129758650325
sub-11443	preference_friend	0.6428637838299079	0.6240612607	0.135232077235	1.2688559065749987
sub-11443	preference_stranger	0.12503761481835513	0.12728538595	-0.1603550966325	0.4003977083049998
sub-11443	gamma0	0.18200010461627267	0.1806855891	-0.9354493395925	1.3011949128499996
sub-11443	choice_bias	-0.4681191637969307	-0.46837320569999996	-1.29425405635	0.3596507660174999
sub-11451	alpha	0.08649693481662495	0.07355993699999999	0.012847530168	0.2367651498049997
sub-11451	kappa	1.6480736825885858	1.5403756235000001	0.6179638841	3.311908531974999
sub-11451	preference_friend	0.8810692679552312	0.8623472721500001	0.4604682516375	1.4165113756249992
sub-11451	preference_stranger	0.17662581780989273	0.17876104980000002	-0.02719123797875	0.36522019369
sub-11451	gamma0	0.761404511719627	0.76224124925	-0.5172639099624999	2.042505968074999
sub-11451	choice_bias	-0.26826625498686907	-0.2727488413	-1.421697819375	0.9257107827249981
sub-11461	alpha	0.24864865796969354	0.1996164416	0.0271481333955	0.711276983485
sub-11461	kappa	0.17581741520059913	0.14114130105	0.0249439978655	0.5366511359499999
sub-11461	preference_friend	0.5944864886086109	0.58502561895	0.005344198111075003	1.2367537329749996
sub-11461	preference_stranger	0.08932150535378804	0.08896447468499999	-0.21659649706499998	0.39621546121999973
sub-11461	gamma0	0.18985556618756566	0.18718410675000002	-0.8875624771749999	1.2714116856749993
sub-11461	choice_bias	-0.3522246125336558	-0.34919621160000003	-1.145901275	0.4261297948199996
sub-11472	alpha	0.21722850366720564	0.17051619895	0.02345088530825	0.6513488285974993
sub-11472	kappa	0.17864179632018756	0.1473574599	0.025435403578749998	0.5093434467674999
sub-11472	preference_friend	0.6522026338503158	0.6432180849	0.0662085062665	1.2881643540749996
sub-11472	preference_stranger	0.07233531808784201	0.07212458300999999	-0.2211580422425	0.37339180885749995
sub-11472	gamma0	0.14479319212706013	0.13911410135	-0.9716225271175001	1.2821947490499999
sub-11472	choice_bias	0.8018992345275582	0.7959688727	0.0306753866405	1.6191918556749993
sub-11492	alpha	0.16887720835336867	0.12706220969999998	0.017749037855	0.5514932982099999
sub-11492	kappa	0.4003877084351154	0.32554390935	0.04605773718025	1.1723511260749986
sub-11492	preference_friend	0.7161552682430085	0.70967631725	0.1275417189875	1.3512860267499993
sub-11492	preference_stranger	0.14227675857670646	0.14284182695	-0.161692948625	0.44037524227749997
sub-11492	gamma0	0.6225598534867837	0.6085374921	-0.971514410315	2.2844245845749995
sub-11492	choice_bias	2.868500811222503	2.833194102	1.676367025925	4.2420875231499995
sub-11493	alpha	0.15816992913580594	0.1224091833	0.02118539009275	0.5137615407599998
sub-11493	kappa	0.4769452604654705	0.429611999	0.06714639558275	1.168368838374999
sub-11493	preference_friend	0.8363279554180517	0.82765600765	0.2871119224225	1.44727490765
sub-11493	preference_stranger	0.17182826722517344	0.17049344654999998	-0.1051812407175	0.4530221185549998
sub-11493	gamma0	-0.09649283320769383	-0.09912245349	-1.4071150887750001	1.2230798603999995
sub-11493	choice_bias	1.8810222145348043	1.86440481	0.93747112518	2.9444142360999987
sub-11517	alpha	0.051254178588081095	0.04212425364	0.00729833511385	0.14603302696999992
sub-11517	kappa	1.8970608972487466	1.7049365884999998	0.638175869255	4.30734817575
sub-11517	preference_friend	0.6637681818740406	0.63155690145	0.31710312617499997	1.18891964485
sub-11517	preference_stranger	0.09346934641947931	0.09714403944	-0.099524727102	0.26877935184749996
sub-11517	gamma0	0.8719595284051462	0.8681890209	-0.4745432597575	2.2700334264499973
sub-11517	choice_bias	-0.49661714938940565	-0.5170273812499999	-1.7277099118500001	0.8582522080199987
sub-11518	alpha	0.044077422425803064	0.03408218187	0.0056713685609	0.13788722086999997
sub-11518	kappa	3.0786494790549876	2.8447434425	1.1281240512250001	6.330507170324998
sub-11518	preference_friend	0.8113725947238656	0.7885696433	0.42766413897	1.33964824105
sub-11518	preference_stranger	0.24513152739445285	0.24018866595	0.12516267171999998	0.3916586293199998
sub-11518	gamma0	1.922031973666902	1.905757194	0.47217114298749996	3.4702504083249988
sub-11518	choice_bias	-0.1601399124365412	-0.17220957609999998	-1.59686886355	1.331460028699999
sub-11523	alpha	0.08607537285718082	0.054081358225	0.007614923173375	0.3823149027974999
sub-11523	kappa	0.6694645193503611	0.5526620817500001	0.04581080085475	1.8995214540749992
sub-11523	preference_friend	0.19546463271098485	0.12806334155	-0.2497240127725	0.9073837414799996
sub-11523	preference_stranger	-0.050738277646222796	-0.052743591795	-0.3104175534275	0.22308513641749975
sub-11523	gamma0	0.9818403416916471	0.96703645135	-0.19604124908249998	2.2297437159499993
sub-11523	choice_bias	0.136345127077683	0.052884801595	-0.947059515965	1.5950179910249995
sub-11526	alpha	0.02188617096545569	0.016102895345	0.0023237518211499998	0.0766541471075
sub-11526	kappa	9.199976540753436	7.7714667765000005	2.343625951525	24.50347822424999
sub-11526	preference_friend	0.6342847966091375	0.6047782394500001	0.30614589001250003	1.1331830328499999
sub-11526	preference_stranger	0.13575657047842446	0.14429592785	0.0020833326031250003	0.21927909042249993
sub-11526	gamma0	2.3813740920299926	2.3627264390000002	0.704541444095	4.194845658325
sub-11526	choice_bias	0.07536072120322596	0.05255085943	-1.771844753075	2.0898473932249977
sub-11527	alpha	0.05826326563386091	0.042677553305000004	0.005511279003975	0.21409897250499987
sub-11527	kappa	1.5388389128353714	1.4640838024999998	0.16148659052	3.432376389474999
sub-11527	preference_friend	0.05920051191284341	0.039983486515	-0.276714123265	0.5736617939974996
sub-11527	preference_stranger	-0.06667389525309034	-0.06322493071	-0.3149401062975	0.16879028488249972
sub-11527	gamma0	1.9228197111530285	1.9104521325000001	0.544488914275	3.351923847299997
sub-11527	choice_bias	-0.5855655142145754	-0.61762194535	-2.1099885287999998	1.0880203347749995
sub-11530	alpha	0.07632636272751689	0.06824126324	0.01330716895275	0.1985440327375
sub-11530	kappa	2.5272771306804227	2.4020010825	0.6614473233975	5.124071931199999
sub-11530	preference_friend	0.36159720549027125	0.3297792295	0.169459559385	0.7453875166474996
sub-11530	preference_stranger	0.07332597871017926	0.0772458818	-0.09317439636024999	0.21996709261499997
sub-11530	gamma0	2.5202731850826283	2.4940737605	1.1536128809000001	4.024088207849998
sub-11530	choice_bias	0.41143439298837403	0.3731401766	-0.9527489568174999	1.9962474933749996
sub-11532	alpha	0.15785949469757618	0.1140374952	0.015023243289499999	0.5463437804524999
sub-11532	kappa	0.38616573778844476	0.31572231105000004	0.049511909775500004	1.1276300681749998
sub-11532	preference_friend	0.6429388016052444	0.6337356241500001	0.0504013380895	1.2840408513749995
sub-11532	preference_stranger	0.11117769625809369	0.11257385859999999	-0.19076779419749998	0.41090640888499974
sub-11532	gamma0	1.1879396930802872	1.171390276	-0.5503189344224999	3.021330737125
sub-11532	choice_bias	3.1614741751322564	3.119775914	1.863722508	4.711806348324994
sub-11533	alpha	0.12449455221193141	0.096519611355	0.015022378647250001	0.3971022188499999
sub-11533	kappa	0.8032166405057092	0.70972600935	0.20580951613999998	1.9089011837749983
sub-11533	preference_friend	0.7484027705301376	0.7235842197	0.3117180669925	1.3401205325499999
sub-11533	preference_stranger	0.09245349631622221	0.089264325595	-0.14043686865750002	0.3445513783199999
sub-11533	gamma0	-0.24296244837206007	-0.23740189635	-1.42678319375	0.9130132934399996
sub-11533	choice_bias	-0.17510512638536482	-0.19041890555000002	-1.122853964475	0.8727847429749978
sub-11534	alpha	0.052834079560164594	0.041529444185	0.005976714969175	0.16182159358249998
sub-11534	kappa	3.180566058161756	3.0205836440000002	1.226054178675	6.046657516524999
sub-11534	preference_friend	0.6839445984905469	0.6613552672	0.316105356915	1.1842091136
sub-11534	preference_stranger	0.17094538770291376	0.17219492725	0.0380675017025	0.29805109653999984
sub-11534	gamma0	2.4632864010734283	2.4420210535	1.0265872659500002	4.003445112374999
sub-11534	choice_bias	0.19152376197706422	0.17268296575	-1.20084961815	1.7052039967249983
sub-11535	alpha	0.17805588876338282	0.14580217639999998	0.0176507274015	0.5063165231149998
sub-11535	kappa	1.2756520870688561	1.2031784255	0.538744182975	2.423766098299999
sub-11535	preference_friend	0.8856290534535625	0.86383628375	0.4737900609125	1.426423754175
sub-11535	preference_stranger	0.18150920857948571	0.18030343185	-0.03607272903349999	0.4028586545599999
sub-11535	gamma0	0.7338934072435045	0.73045194465	-0.57363027567	2.07368916615
sub-11535	choice_bias	-0.8272111025563733	-0.8146994241000001	-2.008189286175	0.28908679219499994
sub-11536	alpha	0.1987127253848787	0.1631604513	0.023982674867000002	0.5769461346149997
sub-11536	kappa	0.6097172523959968	0.5277142742	0.118509283205	1.5784400678499975
sub-11536	preference_friend	0.7705324889422852	0.7495153462999999	0.31467887861	1.3473426314249999
sub-11536	preference_stranger	0.20098731089301064	0.20313737675	-0.0784579530935	0.47207538784499997
sub-11536	gamma0	0.01548515185746153	0.01487230602	-1.143718131775	1.1700862684749977
sub-11536	choice_bias	-0.108523220976267	-0.1102752831	-0.97972185162	0.7477231544274999
sub-11539	alpha	0.10912657171512818	0.083325396425	0.0126836969495	0.35557324105249993
sub-11539	kappa	0.8962285482330344	0.8404511987000001	0.2717284167425	1.8293902802249995
sub-11539	preference_friend	0.80179292586328	0.7841772461000001	0.35341777098	1.3523280962999997
sub-11539	preference_stranger	0.11947692463856753	0.11809179924999999	-0.1036299669075	0.34871048645
sub-11539	gamma0	1.255270059970173	1.2429693519999998	0.07176649082825001	2.5166854679749995
sub-11539	choice_bias	0.44620001087833727	0.4293805134	-0.490634320675	1.4635117102499988
sub-11540	alpha	0.1486571286168551	0.1196081254	0.01569758523675	0.45353962665749903
sub-11540	kappa	0.5022323349293587	0.44005523125	0.0816953567745	1.2881688152999997
sub-11540	preference_friend	0.5493890474185725	0.5372810771500001	0.03952942722525001	1.1276680409749977
sub-11540	preference_stranger	0.09089186176756787	0.09118419522000001	-0.1883439608525	0.3659946015874996
sub-11540	gamma0	1.8575875291723283	1.8330580909999998	0.363189031295	3.4873535280249994
sub-11540	choice_bias	1.6720690757048104	1.6517114185000001	0.7122958037825	2.770657579575
sub-11542	alpha	0.13650471687825058	0.09902735106999999	0.013979361195	0.46757470569499976
sub-11542	kappa	0.46969410243481946	0.37231402275000003	0.0596130052345	1.4459944554999988
sub-11542	preference_friend	0.5200540414342276	0.49400010665	0.0620084075615	1.120423955625
sub-11542	preference_stranger	0.060466092905205784	0.061362959075	-0.2115607812775	0.32948217652749995
sub-11542	gamma0	0.910414701494152	0.9033495861	-0.1969638181275	2.0584941600749995
sub-11542	choice_bias	-0.00464435331497924	-0.01675144035	-0.8336264362974999	0.9236481256099991
sub-11545	alpha	0.09964742411809573	0.074865474275	0.011667449172249999	0.3372708461924999
sub-11545	kappa	0.7056374984449372	0.62819634835	0.1227220310675	1.7440174205499999
sub-11545	preference_friend	0.5928843437951898	0.57633049915	0.1288434027475	1.1494201349
sub-11545	preference_stranger	0.1473651958219114	0.15108166675	-0.1315233742475	0.40634352086499986
sub-11545	gamma0	2.1070293422256507	2.0801746875	0.6977431658950001	3.671174135099999
sub-11545	choice_bias	0.940015870355507	0.9244971415	0.031016084091000002	1.9366717765249999
sub-11551	alpha	0.09059189625824292	0.07996790195	0.01710870089475	0.22638093174749999
sub-11551	kappa	1.0649307265487404	0.9708402996500001	0.30787707487	2.3684456059749985
sub-11551	preference_friend	0.6770300771602804	0.6523510558500001	0.3003512739975	1.201140452475
sub-11551	preference_stranger	0.26083179202215107	0.2598046479	0.04087590007025	0.48034539312249985
sub-11551	gamma0	0.9875887471112358	0.9807957922	-0.1788283258575	2.2059897573999994
sub-11551	choice_bias	-0.4680484812671973	-0.46021479285	-1.4914576850999999	0.5176520701974997
sub-11559	alpha	0.19959815868076425	0.16334506915	0.02466183638875	0.5713509386274992
sub-11559	kappa	0.23772333005602825	0.20054398595	0.0361705647295	0.6574044211349998
sub-11559	preference_friend	0.6305822221306078	0.6192884753000001	0.0871692766145	1.2554394826749986
sub-11559	preference_stranger	0.10489213562411241	0.1049837626	-0.18311640301999998	0.3915687481174998
sub-11559	gamma0	0.3041621831438495	0.30146853975	-0.7979086167799999	1.3944183184249994
sub-11559	choice_bias	0.011276293285338823	0.012559332020000001	-0.74851517078	0.7692557400099992
sub-11560	alpha	0.23393530350074884	0.17962961105000003	0.02377078621525	0.7107388476999996
sub-11560	kappa	0.13446388274707163	0.095180396935	0.016408102004	0.5007246298924991
sub-11560	preference_friend	0.5445937402350116	0.5449386305	-0.1215524574725	1.2239995775249999
sub-11560	preference_stranger	0.07476652839116733	0.07467904205	-0.2338786771075	0.3802814435999999
sub-11560	gamma0	0.13549567210810426	0.13097213205	-1.0353383536	1.343279956049999
sub-11560	choice_bias	0.9996919720264102	0.98913693525	0.2143524476625	1.838940323375
sub-11563	alpha	0.10746824724167892	0.09510798167500001	0.022241456879	0.26672296922499994
sub-11563	kappa	1.761181993186275	1.6340303404999998	0.5729512283975	3.648264105649997
sub-11563	preference_friend	0.7387159870108376	0.7160676517	0.32964022638	1.278854996124999
sub-11563	preference_stranger	0.2297847083161199	0.225202808	0.06372349148525	0.4223698467774998
sub-11563	gamma0	0.3030863984457982	0.30027083755	-0.9468264400524999	1.5836873702499978
sub-11563	choice_bias	0.38315747933043365	0.36216906574999996	-0.7021975487325	1.5984074066999991
sub-11565	alpha	0.4140839250816594	0.40634604715	0.07585971884800001	0.8017447714624998
sub-11565	kappa	0.5385886512037628	0.5019665915	0.128883045975	1.1519620228
sub-11565	preference_friend	0.702234142752841	0.6873519808	0.25508290151	1.2261849563749991
sub-11565	preference_stranger	0.2677340349947257	0.26591161505	-0.02116388679375	0.5607047926949996
sub-11565	gamma0	0.05164446003720029	0.04998218679	-1.1171232286500001	1.1959238496749998
sub-11565	choice_bias	0.1208526480303346	0.11543379279999999	-0.75751674478	1.024502709675
sub-11570	alpha	0.15750016344829232	0.11647996890000001	0.01531846817825	0.5293358615399998
sub-11570	kappa	0.45973487288957327	0.3728780149	0.05437967583125	1.3499855112749997
sub-11570	preference_friend	0.6523072346507476	0.6427360557999999	0.07145208042200002	1.2823410273999998
sub-11570	preference_stranger	0.1292730357030244	0.1289537939	-0.17493310481250002	0.43383056855499996
sub-11570	gamma0	1.2201551936875374	1.201854794	-0.48954655425749993	3.0312583213499993
sub-11570	choice_bias	3.148940524219931	3.1041304035	1.8586480908	4.707870123724999
sub-11572	alpha	0.04220110905508062	0.035514828	0.005665793347125	0.11552695247999997
sub-11572	kappa	6.545900724424013	6.2257431155	2.821382430725	12.094884659499998
sub-11572	preference_friend	0.7350520166947	0.70931681905	0.3198497560625	1.3093541320499995
sub-11572	preference_stranger	0.365983599476275	0.3537533292	0.23526648160000002	0.562778788805
sub-11572	gamma0	2.2247972858031937	2.2020371525	0.47935724456	4.088982402124995
sub-11572	choice_bias	1.1943020680032965	1.1587519314999999	-0.52965294902	3.0798375472249986
sub-11579	alpha	0.2356339122281614	0.18801214665	0.0275765295725	0.6931474973399995
sub-11579	kappa	0.27944734359938955	0.2258118117	0.029685876630249998	0.8195491752599993
sub-11579	preference_friend	0.8546074977007933	0.8477835076	0.2593272234825	1.488395442849999
sub-11579	preference_stranger	0.16882206562041943	0.1708370936	-0.146417388425	0.4789671792474999
sub-11579	gamma0	-0.5165832527359637	-0.52097555695	-1.8697474704750001	0.8463131790349991
sub-11579	choice_bias	2.322202316881716	2.294972705	1.305215593875	3.473820832625
sub-11587	alpha	0.21911225423693112	0.18541592055	0.02638459818275	0.5828497512199999
sub-11587	kappa	0.734890656428182	0.69336789425	0.2164747635325	1.5017255738999997
sub-11587	preference_friend	0.8160269297601557	0.7993185895	0.3398655261375	1.3903135459
sub-11587	preference_stranger	0.13584318533003023	0.13350592090000002	-0.115347618775	0.3998753435375
sub-11587	gamma0	0.6071959849113118	0.5992416756	-0.598669850225	1.8755337352999994
sub-11587	choice_bias	1.0536947320917793	1.029949955	0.1299631476225	2.0856746833999997
sub-11588	alpha	0.08943409948750332	0.060561032335	0.008697943473625	0.3525508509999995
sub-11588	kappa	0.6493988954982235	0.5348700362000001	0.08630569887275	1.8239977878499998
sub-11588	preference_friend	0.38018414742714646	0.3445471057	-0.031204705094999997	0.9623503461149998
sub-11588	preference_stranger	0.006054426280875869	0.0061669419045	-0.24644545957	0.26407013912999966
sub-11588	gamma0	2.021961671572346	2.0039230795	0.7506269304650001	3.4010448964499997
sub-11588	choice_bias	0.3244713322993519	0.2810980459	-0.6002486168725	1.5082970354999998
sub-11591	alpha	0.14829199766738987	0.09814396619999999	0.014130725693	0.5741346682674996
sub-11591	kappa	0.3347499933366452	0.26192331295	0.04202777348175	1.0624550680749998
sub-11591	preference_friend	0.5341495950232883	0.51565285625	0.019625265258500002	1.1538552839249998
sub-11591	preference_stranger	0.06896096712746022	0.06689357133500001	-0.20805950538749998	0.3524978498125
sub-11591	gamma0	1.1010983185745504	1.0876756175	-0.0951450359765	2.3593412969999994
sub-11591	choice_bias	0.6441429223224097	0.63044109945	-0.1406172912925	1.508950976525
sub-11597	alpha	0.07219249184067417	0.050492423245	0.0074283040568750005	0.269854849945
sub-11597	kappa	2.035828591439472	1.362325261	0.2552666528975	7.576000666099996
sub-11597	preference_friend	0.45921147782792104	0.39682321205000004	0.16536551597000002	1.0531460477749996
sub-11597	preference_stranger	0.07866865306458247	0.08396345864499999	-0.14976765821	0.29163232878999973
sub-11597	gamma0	1.0369050165253393	1.0243077775	-0.36488644534500003	2.525386086749999
sub-11597	choice_bias	-1.3552082450884613	-1.3971310035	-2.713452032625	0.2830036502299999
sub-11598	alpha	0.14910792176219248	0.1059416259	0.014134551881750002	0.5279870163924999
sub-11598	kappa	0.28607243609122646	0.23795043475	0.0400288532975	0.8061541818724999
sub-11598	preference_friend	0.6109845011370326	0.59823407	0.06213710772375	1.2362385594999998
sub-11598	preference_stranger	0.036336520859936244	0.03563657705	-0.2490700783775	0.3314442980674998
sub-11598	gamma0	0.6688468172428824	0.6585179411	-0.5772203330425	1.9895309636999998
sub-11598	choice_bias	1.1973866709648833	1.1869651595000001	0.3642001297925	2.0956993341000003
sub-11599	alpha	0.1003095083478192	0.075094273775	0.01322421886225	0.34151783585499973
sub-11599	kappa	0.8766297923161551	0.8229597843	0.19670638664999998	1.877424201074999
sub-11599	preference_friend	0.773637085540998	0.7526740486500001	0.33534529806499996	1.321339859225
sub-11599	preference_stranger	0.21892486955568644	0.21796291995	-0.019073466430750002	0.4601558229774997
sub-11599	gamma0	1.0302549381288508	1.0206315505	-0.25732629395	2.384585975299998
sub-11599	choice_bias	0.9678871151306542	0.9542593477000001	0.047922751083500005	1.9653964001999995
sub-11600	alpha	0.12568478454168458	0.091066376455	0.01283413794175	0.4446081287874997
sub-11600	kappa	0.605410775455034	0.5463488659	0.1236371509025	1.4322161265999998
sub-11600	preference_friend	0.6066043295097006	0.5895742456499999	0.1578551623075	1.1570451815999985
sub-11600	preference_stranger	0.1309734887968002	0.13328323585000001	-0.14048565498249999	0.3969392505999997
sub-11600	gamma0	1.947588354068254	1.928141184	0.6701858061875	3.3376311639999985
sub-11600	choice_bias	0.5936473454921104	0.5773778430000001	-0.2770860797175	1.5404471782249998
sub-11606	alpha	0.0225898510673904	0.018047914640000003	0.0029831366213	0.06876098398074994
sub-11606	kappa	11.327234886826394	9.5272370605	2.7834307245	30.967840039249996
sub-11606	preference_friend	0.6527044005170719	0.62299260695	0.3186604845925	1.1614334135499995
sub-11606	preference_stranger	0.1963933465481576	0.2006037668	0.1226603578175	0.24454119138999997
sub-11606	gamma0	2.520165471421856	2.498179007	0.8815970409525	4.287620967324999
sub-11606	choice_bias	0.13327633785152732	0.10815248945	-1.6930714416500001	2.0529045678999993
sub-11614	alpha	0.21783960635777957	0.17296607660000002	0.02581813094875	0.6463414075674997
sub-11614	kappa	0.2212067304005216	0.18711246004999998	0.030253697218	0.6076668779524984
sub-11614	preference_friend	0.7709025373696049	0.76297357415	0.18934953056750004	1.4017841586749995
sub-11614	preference_stranger	0.12454435815537161	0.1254830873	-0.17770328757749998	0.4201234985624998
sub-11614	gamma0	-0.20208539575985301	-0.19901563360000002	-1.3951903634749998	0.9992960366174998
sub-11614	choice_bias	1.3439432415174282	1.3328798315000001	0.5206078413875	2.2272023889749977
sub-11622	alpha	0.34942964036558644	0.32651916235	0.04264627115475	0.77827750775
sub-11622	kappa	0.2784928377044903	0.24541024945	0.04641307156325	0.7077206905675
sub-11622	preference_friend	0.6686438150235609	0.6577362918	0.12275881733	1.278686186374999
sub-11622	preference_stranger	0.15805883571324048	0.157321724	-0.144132221465	0.45957923637999987
sub-11622	gamma0	-0.011675500247475736	-0.014235793	-1.1611384172	1.1537825631999992
sub-11622	choice_bias	0.9535459718156585	0.9440497649	0.15230141664	1.816080687125
sub-11625	alpha	0.08007331363033264	0.059539492025	0.00997275970695	0.27964991608499995
sub-11625	kappa	0.9049813793370345	0.8378072567499999	0.1978020800825	2.0013608748499996
sub-11625	preference_friend	0.812424810243129	0.7973515084	0.347312841925	1.3717513679499997
sub-11625	preference_stranger	0.14684327173266054	0.14817620015	-0.095897007519	0.3786534622424998
sub-11625	gamma0	0.9886706086423015	0.97738064255	-0.269079553295	2.3077292396499995
sub-11625	choice_bias	0.7798154801767084	0.75980706925	-0.1598074211325	1.8372353876249996
sub-11626	alpha	0.12903825146768483	0.099337522715	0.015948889081	0.42782848033749993
sub-11626	kappa	0.4976693166603033	0.45718976555	0.11277836553	1.1236637448499989
sub-11626	preference_friend	0.8110959932053299	0.7966229941	0.32598621952499995	1.383377831624999
sub-11626	preference_stranger	0.15372759517061593	0.1549293772	-0.11479672538249999	0.42130357316499994
sub-11626	gamma0	0.6099166379751675	0.6103334362499999	-0.59958018908	1.8364691266249984
sub-11626	choice_bias	-0.5706799466690781	-0.55938601915	-1.492800022525	0.3094403320974995
sub-11628	alpha	0.2059086620545316	0.17048998295	0.025467763284	0.58190702677
sub-11628	kappa	0.2935681773830477	0.24439889975	0.04261006718725	0.8110437665624992
sub-11628	preference_friend	0.48792402229586684	0.47520105285	-0.052840025576749994	1.1009472087749996
sub-11628	preference_stranger	0.05486621310428066	0.055186733754999995	-0.23718709181749997	0.3413226403949996
sub-11628	gamma0	1.0112972065173345	0.9995301810499999	-0.201276273785	2.2895655890249995
sub-11628	choice_bias	0.8936325517078112	0.88189221335	0.08699362729975	1.7764411237749995
sub-11631	alpha	0.22234323694414265	0.18733905865	0.035576247993	0.619130967735
sub-11631	kappa	0.3004051058037494	0.23364760665	0.03546480130475	0.9474398479999979
sub-11631	preference_friend	0.6019488231411665	0.58511211445	0.06831358911424999	1.2375729767249999
sub-11631	preference_stranger	0.14041763578917213	0.14127762165000002	-0.152502581655	0.4259321340399996
sub-11631	gamma0	-0.1615888976819025	-0.16420264434999998	-1.258069306225	0.9399419930874998
sub-11631	choice_bias	0.6269110732660429	0.6161304783	-0.15114357519	1.463449909175
sub-11651	alpha	0.1811492000448	0.1322047306	0.02011883129825	0.5957241570324996
sub-11651	kappa	0.5817625996606034	0.38605235285	0.0483972681555	2.0061180325749994
sub-11651	preference_friend	0.49699166617950347	0.46246254659999997	0.03933452294425	1.1399532579999998
sub-11651	preference_stranger	0.21764666110955302	0.2248752226	-0.1052936992775	0.5075150158649999
sub-11651	gamma0	0.7274251170452092	0.71148064375	-0.5039915199025	2.0724651333999997
sub-11651	choice_bias	0.8331608469503737	0.81107660965	-0.04442582455099999	1.8310643864249998
sub-11660	alpha	0.2314554931920842	0.19071148215	0.0275541000595	0.6408080481449999
sub-11660	kappa	0.2377914575197029	0.2071184582	0.040769103219750004	0.6088318057525001
sub-11660	preference_friend	0.6297391831417614	0.62041138705	0.08055810242975	1.2224170664
sub-11660	preference_stranger	0.1315220713735212	0.13135669575	-0.1679384322275	0.4323972622449997
sub-11660	gamma0	0.982703129391395	0.97454047235	-0.1244028322325	2.1467090563999998
sub-11660	choice_bias	0.3049405858725504	0.30377997334999995	-0.46047401802750004	1.0844564420749996
sub-11670	alpha	0.21766067730236535	0.18188386585	0.021487338756500003	0.5888766181349996
sub-11670	kappa	0.8245459192592494	0.6809132076	0.12059799575499999	2.2955171367749982
sub-11670	preference_friend	0.43962117243995297	0.40667534815	0.03215727294675	1.013610558225
sub-11670	preference_stranger	0.2089233572880197	0.20846123535	-0.0770294578385	0.48610765764999964
sub-11670	gamma0	1.6348788440310673	1.6067636195000001	0.2169503098825	3.2013481496999994
sub-11670	choice_bias	1.2330505253698993	1.1991182084999998	0.26966693853	2.4049806992249976
sub-11679	alpha	0.12268858692536419	0.071953310775	0.00836204358255	0.515243185667499
sub-11679	kappa	0.8589915985381542	0.5149924133	0.04167381853675001	3.1360751683749966
sub-11679	preference_friend	0.25935224139272123	0.18190587305	-0.18471708002249998	0.961764828259999
sub-11679	preference_stranger	0.09370898564222062	0.10398694135	-0.18418212556250002	0.33470636499749995
sub-11679	gamma0	0.9775236336133446	0.9631760269	-0.25190453792	2.282106421774996
sub-11679	choice_bias	-0.7528740980775666	-0.82821987825	-1.841546099375	0.7170514957924978
sub-11681	alpha	0.07488706659728131	0.057240026835	0.00818866767275	0.24207383768999993
sub-11681	kappa	1.3474704156637156	1.2826025360000002	0.348131464555	2.6939369324
sub-11681	preference_friend	0.6645574865458442	0.6439334004	0.24178629080500003	1.20001431375
sub-11681	preference_stranger	0.1478798193049742	0.14641410385	-0.06100242776075	0.36198390952749954
sub-11681	gamma0	2.332569150127353	2.3071042375	0.8642554828575	3.959348417949999
sub-11681	choice_bias	1.5969875423203344	1.549604568	0.46728172212499997	3.0064087560999995
sub-11692	alpha	0.04957074724205733	0.036733697	0.005468994126175	0.1698529128074998
sub-11692	kappa	3.3618050737470035	2.9494204185	0.47186217949000003	8.578178769899987
sub-11692	preference_friend	0.295329899270562	0.26392612940000004	0.14839639204	0.6453422608774996
sub-11692	preference_stranger	0.0685313625937296	0.07835075958500001	-0.118834311995	0.20130306979
sub-11692	gamma0	2.3537955973709166	2.332176328	0.9740961361425	3.8496759551499995
sub-11692	choice_bias	-0.7311107274983708	-0.76849314515	-2.287389665975	1.0158139596249995
sub-11701	alpha	0.2460479246262459	0.21099089464999998	0.032247443294	0.6416179902974996
sub-11701	kappa	0.48436006283958605	0.43352820655	0.10529583347249999	1.1474381808249983
sub-11701	preference_friend	0.726227540228985	0.7091070045000001	0.22741357620750002	1.316159970625
sub-11701	preference_stranger	0.16437995516834644	0.16315618925	-0.1085193802825	0.43852710050249977
sub-11701	gamma0	0.16425937014675782	0.15993969545	-1.00442645835	1.366379882674999
sub-11701	choice_bias	0.9183952343908091	0.9063054146	0.06916479571825	1.8383451982249994
sub-11703	alpha	0.028727497909003075	0.022964387465	0.003882051629325	0.08738610830649995
sub-11703	kappa	1.5976511105894315	1.5289095415	0.5883805371675	2.967608051924999
sub-11703	preference_friend	0.5536226565392595	0.5231028366	0.24629367056	1.026614459324999
sub-11703	preference_stranger	-0.09557046253390007	-0.09170983668	-0.3009642485525	0.08953992870499991
sub-11703	gamma0	1.3628228820313435	1.353017862	0.06853963494475	2.7113589730749985
sub-11703	choice_bias	0.5701896725708636	0.54080118245	-0.6577590226275	1.9886346626249993
sub-11705	alpha	0.02397235540065111	0.017945027609999997	0.00253923452775	0.07969420078024977
sub-11705	kappa	4.107390563092915	3.8218671535	1.5246890824750001	8.311987817474998
sub-11705	preference_friend	0.7105488242434531	0.68345542005	0.3609219507325	1.2231808875249996
sub-11705	preference_stranger	-0.014421898380324759	-0.007148295936	-0.22927213398250001	0.16150818424249985
sub-11705	gamma0	1.5249714282380216	1.50791185	-0.1389208521225	3.269942237724999
sub-11705	choice_bias	-0.5134140090637709	-0.54344979905	-2.205275413725	1.3264709891249977
sub-11709	alpha	0.17289840819045071	0.15069057265	0.020751946884	0.44599567771999993
sub-11709	kappa	0.5578971703964278	0.5248313547	0.1666719581475	1.1296742296499998
sub-11709	preference_friend	0.8909578201583204	0.87329785235	0.4115346575625	1.4649055136
sub-11709	preference_stranger	0.11582723959773551	0.11588070389999999	-0.1501442442175	0.3790723498824998
sub-11709	gamma0	-0.3249880124246944	-0.32413591845	-1.467766072775	0.8325562806049995
sub-11709	choice_bias	0.23260969908750173	0.2285398804	-0.6366932513075001	1.122163811825
sub-11710	alpha	0.08094984419961614	0.056041360625	0.007297470778275	0.3100506448949999
sub-11710	kappa	1.185292362914588	0.9993049030500001	0.17488571117750001	3.1302556610749983
sub-11710	preference_friend	0.4005995074572886	0.34148616045	0.09572016378624999	0.9765998237049996
sub-11710	preference_stranger	-0.014243881363935049	-0.015276664105	-0.25833122396	0.24224505350999964
sub-11710	gamma0	1.0506657736444327	1.037765993	-0.18534582163	2.355130549749999
sub-11710	choice_bias	-0.5462643957455393	-0.6183970323	-1.7191738262249998	0.9539867870674998
sub-11714	alpha	0.26196438271083844	0.21912223105	0.035926264093500006	0.7075789278799997
sub-11714	kappa	0.2617538058569482	0.21480122725	0.03073627779775	0.7544308073024995
sub-11714	preference_friend	0.8057573621766928	0.7958961944	0.2408871286875	1.4185636805
sub-11714	preference_stranger	0.18102887149085004	0.18212354895	-0.129092854205	0.48016658449499994
sub-11714	gamma0	-0.49876421851414304	-0.50010055545	-1.6931288952249999	0.6977955948849996
sub-11714	choice_bias	1.4353807419132976	1.421259593	0.562728055055	2.3721083382999995
sub-11720	alpha	0.19400639474970058	0.13497074145	0.0156055264325	0.670419522005
sub-11720	kappa	0.19114520519993528	0.14230236915	0.02168959138575	0.6478541949899986
sub-11720	preference_friend	0.6423653410715938	0.63194540255	0.07065082360250001	1.2992980293249994
sub-11720	preference_stranger	0.029701384398734574	0.0294195968	-0.275298559	0.3380017394099999
sub-11720	gamma0	-0.10567073176252605	-0.10453314535	-1.213451815225	0.9965931318699994
sub-11720	choice_bias	-0.31405688716888913	-0.31565408445	-1.084269706225	0.4647277287524997
sub-11722	alpha	0.17515205178941756	0.1653755657	0.0300097897715	0.38145655259499983
sub-11722	kappa	1.7745609831353657	1.716998268	0.707960375155	3.1651565762249994
sub-11722	preference_friend	0.8030540933305619	0.7841345363000001	0.33994847230999997	1.3703727802999994
sub-11722	preference_stranger	0.32803939854042163	0.32286646895	0.1276511166025	0.5581734721699999
sub-11722	gamma0	1.1961963948559393	1.1805548584999999	-0.19625436502	2.6807927895249994
sub-11722	choice_bias	1.7824453640578461	1.7476928255	0.5245907952375001	3.2217369722499996
sub-11723	alpha	0.08122796059012716	0.062433973315	0.010596651752	0.26184356386249996
sub-11723	kappa	1.2522067038201294	1.1153932755	0.33276508450750003	2.951819547149998
sub-11723	preference_friend	0.6232641444668352	0.59562909395	0.274796381255	1.1349425246499998
sub-11723	preference_stranger	0.17776232474514966	0.18034393795	-0.0400577752625	0.3858964179975
sub-11723	gamma0	1.8295828510076513	1.8141005694999999	0.58119257561	3.1690680490249994
sub-11723	choice_bias	-0.530436362163867	-0.5300601154	-1.5995459147	0.5686600521574982
sub-11736	alpha	0.2382729785449246	0.18795173285	0.02351604255775	0.7087788955725
sub-11736	kappa	0.14312028066877047	0.1046781644	0.018134175207500002	0.5068888687124995
sub-11736	preference_friend	0.52091949854932	0.5166961037	-0.131955496335	1.2174674189999992
sub-11736	preference_stranger	0.05563754402044406	0.05463012282	-0.24629671553500002	0.35758964552249994
sub-11736	gamma0	0.07481016960495421	0.07292842243	-1.000954809125	1.1623752499249997
sub-11736	choice_bias	0.1466711207229247	0.1445740847	-0.6139809384125	0.9329901900749992
sub-11744	alpha	0.19993613349966835	0.15400971995	0.02176059345525	0.6391852722649998
sub-11744	kappa	0.27359987855637896	0.22062301115	0.02821166931375	0.8218544460574974
sub-11744	preference_friend	0.7661699767919753	0.75583743775	0.1903115421525	1.4115743496999993
sub-11744	preference_stranger	0.08602924334755302	0.086794768535	-0.20939192532	0.37861722302249995
sub-11744	gamma0	-0.5699847632182782	-0.5706267491	-1.8147377148500001	0.6862043256749996
sub-11744	choice_bias	1.607484052530455	1.5912400830000002	0.711733371295	2.5887535049749997
sub-11746	alpha	0.05736062150196178	0.045130911765000004	0.00765460576705	0.176819472815
sub-11746	kappa	0.8711891478628304	0.81498958315	0.27155675788	1.7966475733499996
sub-11746	preference_friend	0.7292343439310068	0.7081650427499999	0.329328052095	1.24449711545
sub-11746	preference_stranger	0.06398776136597373	0.06490193072	-0.16451447579499998	0.28738452218749977
sub-11746	gamma0	1.1089296894364888	1.1011722430000002	-0.060257431374499994	2.3103709917249997
sub-11746	choice_bias	-0.2565753048532929	-0.26361014645	-1.20703238225	0.7333584857424991
sub-11748	alpha	0.1517087416174496	0.11066787085	0.015601795429750001	0.5250237889974991
sub-11748	kappa	0.4562783449370058	0.3654214802	0.052565743868250005	1.3668252100999987
sub-11748	preference_friend	0.6582604418983262	0.65144055215	0.07221986052575	1.280674856425
sub-11748	preference_stranger	0.12406626549168874	0.12431124195	-0.18318852663	0.42179582867999954
sub-11748	gamma0	1.1897118501977966	1.172434056	-0.5464019321175	2.9966491900999994
sub-11748	choice_bias	3.1573367615216466	3.1146422655	1.872726876425	4.692227091574997
sub-11756	alpha	0.05261057653361465	0.04242661482	0.007524787420675	0.15683933433749994
sub-11756	kappa	3.2697809315275967	3.107808023	1.403540201225	6.122581188674999
sub-11756	preference_friend	0.8363489957220438	0.81096319375	0.4039417384025	1.4045452804749983
sub-11756	preference_stranger	0.3469425627176172	0.3375787279	0.2130484345075	0.5342919522449999
sub-11756	gamma0	1.2067953423441964	1.1979489294999999	-0.31823873388499996	2.8206418953999997
sub-11756	choice_bias	0.7807311318492213	0.7612816879	-0.59739767696	2.2546482548499993
sub-11764	alpha	0.10555853754619338	0.06935255797	0.009383696121425	0.4180136121999999
sub-11764	kappa	0.4922353066811566	0.4087872555	0.07289636804275	1.3740899542999998
sub-11764	preference_friend	0.4927011618949445	0.46977613765000004	0.02108327378825	1.0843452733249994
sub-11764	preference_stranger	0.04545230999281229	0.04554849395	-0.22124664394750002	0.3145885846899995
sub-11764	gamma0	1.6133622379506491	1.594964045	0.3441116825425	3.0023453721999998
sub-11764	choice_bias	0.6964341212617776	0.6650230514	-0.1487076037525	1.7161206042499997
sub-11773	alpha	0.07194269655333765	0.05898187884	0.00940921069895	0.2110207939025
sub-11773	kappa	1.2215693652924011	1.1555685955000001	0.4060770730675	2.394169555074999
sub-11773	preference_friend	0.7107459477858789	0.6903474374	0.29232147403500003	1.2483198658499994
sub-11773	preference_stranger	0.11762044844431206	0.11668209615	-0.093506203841	0.3281587617299995
sub-11773	gamma0	2.0564409341149985	2.0394806725	0.7184904410625	3.5153739801999997
sub-11773	choice_bias	0.9201215102347241	0.88549624625	-0.16975070639	2.170369768574999
sub-11774	alpha	0.13861887423234173	0.0992745205	0.014014751163749999	0.49563812884249936
sub-11774	kappa	0.4483181675338924	0.37740398445	0.055686813782	1.2416093936999997
sub-11774	preference_friend	0.6694570895572308	0.66194788655	0.109088318145	1.2898303010999996
sub-11774	preference_stranger	0.084899410232244	0.084528001845	-0.1979397228325	0.37220066627499987
sub-11774	gamma0	0.8978151702327075	0.88212315995	-0.65070186437	2.5467504212499996
sub-11774	choice_bias	2.5078281475494686	2.4771703205	1.409798892475	3.7971613317249995
sub-11784	alpha	0.04028749581798012	0.016961077715	0.0017148244078499999	0.26317775691499967
sub-11784	kappa	6.254328089125691	6.02048379	0.12198703341	14.838687332749998
sub-11784	preference_friend	-0.04077374231407535	-0.06031858587	-0.47087779745	0.7060797558774995
sub-11784	preference_stranger	-0.05474634491850998	-0.050125133815	-0.311483736625	0.18496494639249983
sub-11784	gamma0	2.217703597242045	2.2713077855	-0.34165696962000003	4.524607217149995
sub-11784	choice_bias	-0.6530451552571049	-0.58858795285	-3.3853500048500003	2.0330136576749998
sub-11787	alpha	0.048651028025278556	0.03336770403	0.0044570909902	0.18999020546249998
sub-11787	kappa	1.092705414426156	1.044850879	0.21880341522500002	2.23222008195
sub-11787	preference_friend	0.3346853825340945	0.29873772995	0.011685079573750003	0.8564978945374994
sub-11787	preference_stranger	-0.13379108439259085	-0.133705845	-0.37359335209	0.1101929337874997
sub-11787	gamma0	1.9454528528155992	1.9280882345	0.5923737739925	3.4253998854
sub-11787	choice_bias	1.1346735637620822	1.0798615274999999	-0.104214828415	2.683950796924998
sub-11788	alpha	0.0886462854431888	0.07468818565499999	0.0126625520345	0.24618455282749982
sub-11788	kappa	1.4641289751348736	1.3863535150000001	0.544370642065	2.8395955879749986
sub-11788	preference_friend	0.8683416135884594	0.84746190495	0.44811667323	1.40291358885
sub-11788	preference_stranger	0.20397246096084742	0.2024445071	0.0227572534475	0.39540994754999953
sub-11788	gamma0	0.9842103874827569	0.97863930755	-0.2444046252925	2.246974006075
sub-11788	choice_bias	0.13076992328511886	0.1242633983	-0.9410139166575	1.259003274049999
sub-11789	alpha	0.05281472281083893	0.042195775875	0.0074054257222	0.15916489470249995
sub-11789	kappa	2.6375765811111185	2.077844265	0.6898855645749999	7.847997044374997
sub-11789	preference_friend	0.5969104226909094	0.55879656705	0.29009571935	1.11941654775
sub-11789	preference_stranger	0.18874245013986882	0.19275232755	0.014281591825000004	0.3475998313074997
sub-11789	gamma0	1.5270366456748994	1.5057348799999999	0.1307309083725	3.0379340117999996
sub-11789	choice_bias	-0.7776638184037672	-0.7932472536499999	-2.1041480517999998	0.6366022359899995
sub-11790	alpha	0.08093475515303797	0.056459622375000004	0.008820733613750001	0.30198874316249935
sub-11790	kappa	0.6729457661551248	0.5570209196	0.09145987487475	1.8823849812999975
sub-11790	preference_friend	0.5107539195962708	0.48404569519999996	0.085136852998	1.0823333201249998
sub-11790	preference_stranger	0.10618201197786506	0.10887417425000001	-0.158608325095	0.3547910518924992
sub-11790	gamma0	1.6399915158961669	1.6215999825	0.331103938345	3.0368534557249993
sub-11790	choice_bias	0.7921127949073791	0.75878716925	-0.10912267883499999	1.8889568698249994
sub-11793	alpha	0.12586464509280523	0.10205679995	0.014695614657750001	0.3734277302299999
sub-11793	kappa	0.9444879802386781	0.8891588322999999	0.32049772440249996	1.8887762986
sub-11793	preference_friend	0.7276579879112111	0.7065506394500001	0.32391418494999996	1.2566208012499998
sub-11793	preference_stranger	0.14467066242283222	0.1444394965	-0.0862962635605	0.37684428813249987
sub-11793	gamma0	1.6316386576658093	1.625779981	0.40792979473	2.923014043424999
sub-11793	choice_bias	-0.11825239583126909	-0.1225820718	-1.093456143	0.8870031367299985
sub-11795	alpha	0.1712267145593301	0.1254897041	0.01628854107025	0.5790110747824995
sub-11795	kappa	0.31866120527123076	0.247961728	0.03932811220875	1.0064637752999996
sub-11795	preference_friend	0.5098813162176267	0.5022595864999999	-0.08341948759599999	1.142570759074999
sub-11795	preference_stranger	0.0882714081642755	0.08801617172000001	-0.2090592127625	0.38730107033499983
sub-11795	gamma0	1.3144870497545535	1.28837032	-0.3743511128975	3.1350944178749995
sub-11795	choice_bias	2.7361794273454003	2.7028834895	1.574631658975	4.107384521649999
sub-11815	alpha	0.11213143427426406	0.08046795625	0.011584156473	0.40195144289499984
sub-11815	kappa	0.36080737502103427	0.28596639255	0.05001681454625	1.1163196233
sub-11815	preference_friend	0.44428270778493456	0.42296483555	-0.05572128847599999	1.057629122025
sub-11815	preference_stranger	0.06911183525339278	0.070953454055	-0.2083904411675	0.3428482916349998
sub-11815	gamma0	1.4834061838831984	1.471669693	0.3699189020925	2.66311607925
sub-11815	choice_bias	-0.33634339545006925	-0.34663859134999997	-1.156387868575	0.5338113251425
sub-11822	alpha	0.09913971755759253	0.091780038545	0.01787807889825	0.2226907531924999
sub-11822	kappa	2.899009771855712	2.736193165	1.25004198775	5.470156608074999
sub-11822	preference_friend	0.7162529481043257	0.6946738734	0.3004463986475	1.262961673575
sub-11822	preference_stranger	0.289592678257433	0.28286598935	0.145313349475	0.4663607691099999
sub-11822	gamma0	1.8995633004294237	1.8769749949999999	0.379674613305	3.5524176613499985
sub-11822	choice_bias	1.402101899721932	1.367897393	-0.018502021591249987	3.0014909653749995
sub-11823	alpha	0.09699292445246753	0.08187740190000001	0.01394592005925	0.26392600695999946
sub-11823	kappa	1.7653650152073679	1.5750530105	0.5290160794925	4.109276990924999
sub-11823	preference_friend	0.5972842196345375	0.5629939835	0.27876765184249996	1.106611644
sub-11823	preference_stranger	0.2085251064384975	0.20724674965	0.0245107760415	0.4008591735675
sub-11823	gamma0	1.0472673560468084	1.0419200805	-0.2384672048	2.373441701424999
sub-11823	choice_bias	-0.2202520449235939	-0.24257228695	-1.36821057515	1.0640448554
sub-11824	alpha	0.06528584557591033	0.051469670555	0.0085924285872	0.2012430346849999
sub-11824	kappa	1.7006708841035374	1.6177038865000002	0.5849834896825	3.274576865024999
sub-11824	preference_friend	0.718682605604165	0.69845542655	0.288404791335	1.2715482675999998
sub-11824	preference_stranger	0.2169222448588924	0.21154579715	0.040476242857	0.41947227611499877
sub-11824	gamma0	1.8845865055054514	1.861680953	0.43768383619	3.4504717661499997
sub-11824	choice_bias	1.0743311736867516	1.0350724015	-0.1155337289075	2.4509745330749966
sub-11828	alpha	0.20876901171804885	0.1609720882	0.02296821015975	0.6446490929849988
sub-11828	kappa	0.31446477832928926	0.2591922882	0.04320421763	0.9164881492724996
sub-11828	preference_friend	0.6657924506446123	0.65246820655	0.150387887705	1.2712571717749988
sub-11828	preference_stranger	0.10430748256588813	0.1051398691	-0.186368763055	0.39265788381999994
sub-11828	gamma0	0.011201138475802746	0.01322328512	-1.107629992975	1.1216008129499984
sub-11828	choice_bias	-0.5156230134810217	-0.5147985766500001	-1.326908372275	0.29368996333499914
sub-11829	alpha	0.1547976468051581	0.11345157280000001	0.01615725015625	0.5323351496425
sub-11829	kappa	0.48095772798947417	0.3869955088	0.05625389605425	1.4250828765499992
sub-11829	preference_friend	0.6540405939758569	0.6444505705000001	0.06829997109025	1.285943747325
sub-11829	preference_stranger	0.13231068210010952	0.13279815039999998	-0.16956810281	0.4342153077974998
sub-11829	gamma0	1.219891845940645	1.2077458165000001	-0.5171405012725	3.0353228776499974
sub-11829	choice_bias	3.0933685012775656	3.052746888	1.78230961515	4.637100141274998
sub-11840	alpha	0.20706648137583658	0.16768637605	0.02329742639725	0.6000048816799994
sub-11840	kappa	0.2459208675943122	0.20628291645000002	0.038382176560500005	0.6838186355899993
sub-11840	preference_friend	0.5711739038208432	0.55783133255	0.022432867252750007	1.1970588369249993
sub-11840	preference_stranger	0.08184628209251384	0.08217115864999999	-0.2087606581075	0.3724911377049999
sub-11840	gamma0	0.6942434412205474	0.68731350395	-0.422011665035	1.8539718051999998
sub-11840	choice_bias	0.40125923309817346	0.39610417914999996	-0.365244859055	1.204374438225
sub-11847	alpha	0.15943093791476937	0.1136709922	0.015865904989	0.5390846800624995
sub-11847	kappa	0.5369791965095587	0.39595929659999995	0.0660248155155	1.8327294999499995
sub-11847	preference_friend	0.5002725214036453	0.4716924682	0.04249280087325	1.1044240779249999
sub-11847	preference_stranger	0.1557930347726593	0.15934138409999998	-0.12810401622499998	0.4260064974624997
sub-11847	gamma0	1.0980287879590833	1.0916520515	-0.05107433532024999	2.296718187174999
sub-11847	choice_bias	-0.6509546602846362	-0.6541027279	-1.554966601875	0.27980516948499995
sub-11853	alpha	0.1496327296403999	0.1080282964	0.015228860403000002	0.53435304172
sub-11853	kappa	0.4440435174418808	0.35738697100000005	0.051343176903000005	1.3113787338499998
sub-11853	preference_friend	0.6507952959349769	0.6436847265500001	0.069190403963	1.2731945183499995
sub-11853	preference_stranger	0.11744896683547239	0.11967115249999999	-0.1830124137975	0.40847345884249997
sub-11853	gamma0	1.1946549078736752	1.1778455745	-0.5116999118475	3.0040665800999977
sub-11853	choice_bias	3.144327642048937	3.1032335609999997	1.862861969525	4.653177349199999
sub-11854	alpha	0.22390427995569234	0.1958539978	0.028668750408499998	0.5915694506624996
sub-11854	kappa	0.35142001287407604	0.2733835892	0.041895857435999995	1.1165845904249996
sub-11854	preference_friend	0.523975541916346	0.50062487575	0.007969161681575007	1.1626951663999994
sub-11854	preference_stranger	0.08274133890453607	0.08323287054	-0.20269708639749998	0.36398211718749995
sub-11854	gamma0	0.17504691862826116	0.17592416630000002	-1.0604086445749998	1.3822830850249987
sub-11854	choice_bias	-1.064157990087072	-1.064142883	-2.003100520325	-0.09586941679400071
sub-11861	alpha	0.11286216359850687	0.076318070745	0.010609377576	0.44583780947999996
sub-11861	kappa	0.4575138691350653	0.3878303843	0.062451482904	1.2359568872249995
sub-11861	preference_friend	0.6333515989299131	0.6238883462	0.0751450311565	1.2451759445999997
sub-11861	preference_stranger	0.08026963057702861	0.08073730446499999	-0.20835967701	0.3673594605674996
sub-11861	gamma0	1.6177457439907694	1.5959480925	0.06393419140275002	3.3207096458249987
sub-11861	choice_bias	2.1309637539319373	2.1010434295	1.1012322568250001	3.3388915040000002
sub-11866	alpha	0.07176144416272226	0.054908573985	0.0071826689152999995	0.2289583516824998
sub-11866	kappa	1.890876912390017	1.826103214	0.6909395726425	3.4616271261749993
sub-11866	preference_friend	0.6621069592703029	0.6375293836	0.28141568307750003	1.1661196932999995
sub-11866	preference_stranger	0.09711545335025618	0.099254977245	-0.088145658125	0.27004893987999995
sub-11866	gamma0	2.074225006913177	2.0532760305	0.69974008391	3.565333451675
sub-11866	choice_bias	1.4041516784275128	1.3632085645	0.1278456680375	2.8986558219749994
sub-11867	alpha	0.21140764218060693	0.1771589356	0.023611318536749998	0.5827673991249996
sub-11867	kappa	0.5165804273728868	0.4247542114	0.07928299380875	1.4763309033749992
sub-11867	preference_friend	0.5770019911941087	0.5483664509	0.12940351218499999	1.184244626525
sub-11867	preference_stranger	0.11548522141802346	0.11593845575	-0.1517634884725	0.38696508807249996
sub-11867	gamma0	0.2544504068757165	0.25478916745	-0.9265015565425	1.434152291999998
sub-11867	choice_bias	-0.4581587695965434	-0.4792847724	-1.3643613726	0.5805016814625
sub-11870	alpha	0.03554058935612164	0.02866003238	0.0055880108324000005	0.10457941550499987
sub-11870	kappa	1.9343125805944987	1.8868915655	0.712931050825	3.3939447255749995
sub-11870	preference_friend	0.7939526045791913	0.7747270311500001	0.3488571982475	1.3641062043999999
sub-11870	preference_stranger	0.34214004226652217	0.33690689240000005	0.14752687852000002	0.5639354837625
sub-11870	gamma0	2.3436797448915314	2.3194665685	0.8064339370475	4.01788030005
sub-11870	choice_bias	1.1271229788603223	1.103442723	-0.027750307341749995	2.3970767856
sub-11872	alpha	0.07908378814043399	0.068330994305	0.008268283063925	0.210917168235
sub-11872	kappa	1.8548117146096532	1.7587748905	0.7758087366024999	3.493435279825
sub-11872	preference_friend	0.8647842476478906	0.84137996445	0.4435621558375	1.4190881662749997
sub-11872	preference_stranger	0.032524369490331884	0.035702863759999995	-0.18914672814	0.23816247618999994
sub-11872	gamma0	-0.08353819316298504	-0.077796866095	-1.467478344775	1.2820686763999998
sub-11872	choice_bias	0.11288989912020485	0.08968180417999999	-1.1561293416999998	1.5143162685249996
sub-11876	alpha	0.020841892639755152	0.01753262449	0.0031349325963499998	0.057438943292249946
sub-11876	kappa	10.842965219946937	9.2134484375	3.174851144725	28.572482044999955
sub-11876	preference_friend	0.7264222543119656	0.7017445989	0.31356521953	1.2946827074499998
sub-11876	preference_stranger	0.3273713280775907	0.3165273526	0.25045171785750003	0.4644775465325
sub-11876	gamma0	2.015562607314429	2.0046247185	0.2337286801325	3.9084133304249997
sub-11876	choice_bias	0.7758587474310733	0.75191206135	-1.041127618	2.7217877937999972
sub-11877	alpha	0.09663239016113451	0.06819329012	0.009791291836025	0.3688488010074995
sub-11877	kappa	0.5557309642227857	0.4433642047	0.057091772837500006	1.636575069375
sub-11877	preference_friend	0.48313784646382574	0.44636792225	0.035555795831000006	1.1220179377999997
sub-11877	preference_stranger	0.0007673382789836268	-0.0007107188832	-0.2629105470125	0.27243143833249994
sub-11877	gamma0	0.3217547139760112	0.315669036	-0.8116229476325	1.5039119423999998
sub-11877	choice_bias	0.5859678208518249	0.52982114675	-0.3260678558075	1.8309890639999995
sub-11881	alpha	0.16804590731042826	0.11853043895	0.01702812590675	0.5937320207599996
sub-11881	kappa	0.3080450933928075	0.2646788825	0.0420254939855	0.8149432670824998
sub-11881	preference_friend	0.8094825432197925	0.7993166371	0.25006305918250005	1.4215749375499993
sub-11881	preference_stranger	0.12355576217994169	0.1239734564	-0.1615619719125	0.40774985731999963
sub-11881	gamma0	-0.0662340705029411	-0.069969918385	-1.270540200175	1.1639794467749989
sub-11881	choice_bias	1.3594970104951203	1.3471910710000001	0.52020834985	2.260044390299999
sub-11885	alpha	0.10496191396686283	0.07991647817	0.015012680275	0.3517558317799999
sub-11885	kappa	0.604632227074573	0.5426851467	0.10696261598000001	1.4489578614499998
sub-11885	preference_friend	0.67568226260934	0.6566564411	0.24822409336999998	1.2150471743999998
sub-11885	preference_stranger	0.16181910692753293	0.16315390355	-0.1015520484825	0.4204764297999998
sub-11885	gamma0	1.3592370169615058	1.3499520845	0.2123972802875	2.573253541225
sub-11885	choice_bias	-0.09114806810130742	-0.08858104780500001	-0.94270282651	0.7733468590299996
sub-11891	alpha	0.08412152792752368	0.069908852975	0.012320449207000001	0.2396305928024998
sub-11891	kappa	1.026127422583084	0.94837248435	0.335585405095	2.148265783549997
sub-11891	preference_friend	0.7097360690716564	0.6834843396	0.3174465847225	1.2479020630999982
sub-11891	preference_stranger	0.1359524139149255	0.1370909442	-0.0927209585995	0.3613359095924996
sub-11891	gamma0	1.0019264653266093	0.9951353675500001	-0.1712464001925	2.2185878118499995
sub-11891	choice_bias	-0.32466468970872475	-0.32970961835	-1.3236602962	0.7067172803799983
sub-11897	alpha	0.07631842498504214	0.05580777401	0.009261250193225	0.2651422548149999
sub-11897	kappa	1.2945595986992657	1.2105842894999999	0.30939687419	2.7472955928999996
sub-11897	preference_friend	0.5566857716664972	0.52796994625	0.1681463542325	1.1087520442749998
sub-11897	preference_stranger	0.2347127108867296	0.2318669187	0.02457563298725	0.4549433532449999
sub-11897	gamma0	1.8111369776367636	1.7906819745	0.395189064835	3.3649056599249985
sub-11897	choice_bias	1.129471176208968	1.093406254	0.0773587792915	2.3916420587999987
sub-11900	alpha	0.042625501631593635	0.035737702145	0.0070031786447	0.11823726321749962
sub-11900	kappa	2.8528060589001627	2.5827228394999997	1.023936902825	6.267241055449997
sub-11900	preference_friend	0.8792427961437188	0.85642422045	0.47717349259499997	1.41425973765
sub-11900	preference_stranger	0.19662591120568795	0.1968244857	0.05468531428675	0.33991144321749994
sub-11900	gamma0	0.8669505201712634	0.860527652	-0.5190089308250001	2.2819192344999997
sub-11900	choice_bias	-0.5379846517714728	-0.54388967765	-1.94362490365	0.8981524497749998
sub-11902	alpha	0.16565378207130085	0.1309009061	0.018361136691	0.5109710356974997
sub-11902	kappa	0.4938095337135902	0.41714037055	0.07531412567825	1.345536959399998
sub-11902	preference_friend	0.45361349387493727	0.43162959235	-0.029061938626499997	1.0452304983249998
sub-11902	preference_stranger	0.14502054958090901	0.14585345524999999	-0.1471858827475	0.4317136708299998
sub-11902	gamma0	1.7270699613647493	1.702838297	0.36462651912500005	3.1963822773749997
sub-11902	choice_bias	0.8976626114277982	0.87812406005	-0.006803313625874996	1.925372981974999
sub-11909	alpha	0.13108738134928083	0.09278630339499999	0.01399679163075	0.48485792865499944
sub-11909	kappa	0.8123507176778171	0.66230790515	0.05311638570375	2.3277872985999988
sub-11909	preference_friend	0.11212612962784678	0.052597274215	-0.32177365001749997	0.8139489804099999
sub-11909	preference_stranger	0.14315045507236376	0.1507972213	-0.1738478748225	0.4199620363624998
sub-11909	gamma0	1.9047642081316831	1.881571227	0.5454125603500001	3.3700847521249995
sub-11909	choice_bias	0.3724704142855562	0.31738994745000004	-0.7203412471349999	1.7568714134749994
sub-11913	alpha	0.3807330115711851	0.3597674333	0.064447254764	0.7969166716999997
sub-11913	kappa	0.3171270945399172	0.28078831140000005	0.049411911467000004	0.8016788386724994
sub-11913	preference_friend	0.7625456440187622	0.7479287739	0.23554236312500001	1.3721535238499976
sub-11913	preference_stranger	0.19225139654331827	0.19177836075	-0.10672361233750001	0.49456827488999994
sub-11913	gamma0	-0.9294929753731186	-0.92538053925	-2.085847775975	0.18637421121499811
sub-11913	choice_bias	0.9311722333719845	0.92234313995	0.09626476816975002	1.8161440918749983
sub-11914	alpha	0.14913800975874061	0.09955933442	0.012158236658	0.5683871757599999
sub-11914	kappa	0.3953154023992196	0.32261709125	0.05432600373275	1.1419155005499992
sub-11914	preference_friend	0.48403452187551554	0.47060164385000003	-0.074841446919	1.1210524331499994
sub-11914	preference_stranger	0.03798394365773351	0.0376771403	-0.2563214069725	0.3338753102825
sub-11914	gamma0	1.6169309261817155	1.5992758575	0.0006830863336200069	3.365980357524999
sub-11914	choice_bias	2.2408312575542095	2.207269075	1.1842759834	3.4724494776249992
sub-11920	alpha	0.05650867039530135	0.04806072666	0.011819769124750001	0.1544046564374999
sub-11920	kappa	3.5656515441072703	3.313364584	0.6689890860425	7.871937880725
sub-11920	preference_friend	0.26645773453616245	0.24540509265	0.1448746154125	0.5346882284024996
sub-11920	preference_stranger	0.19118859336525484	0.19042730694999999	0.07508274293175	0.3149870745349999
sub-11920	gamma0	1.8187337725373136	1.8062539855000002	0.4962626934775	3.200983400324998
sub-11920	choice_bias	0.43027771239028	0.39687001815	-0.978724877305	2.02167621995
sub-11922	alpha	0.03810537606260359	0.032023114835	0.005670889144525	0.10396205248499997
sub-11922	kappa	2.9854853165624626	2.753106666	1.07690547345	6.227449141199999
sub-11922	preference_friend	0.7787060618169281	0.75772488235	0.396247326	1.2931230445749995
sub-11922	preference_stranger	0.18015636031517623	0.18261255464999998	0.038987351840500006	0.30820416744249984
sub-11922	gamma0	1.526733998142232	1.5187924015	0.1266744702425	2.986003734525
sub-11922	choice_bias	0.06811726465339325	0.048233940195000005	-1.284738606275	1.5533138277999996
sub-11923	alpha	0.0854455508870911	0.060006865635000003	0.009271431006625	0.32624211732249975
sub-11923	kappa	0.8957962530373794	0.76242361065	0.1288226075075	2.394763593025
sub-11923	preference_friend	0.37640514258717417	0.34350380875	0.016378219356000003	0.8997264354899998
sub-11923	preference_stranger	0.053720750710284745	0.05614358444	-0.19473784285249998	0.29231931081499996
sub-11923	gamma0	2.3689503863289234	2.352528584	1.149971343125	3.69946071295
sub-11923	choice_bias	-0.49960274887147127	-0.5369210579	-1.513162443675	0.7214268704449995
sub-11924	alpha	0.01928269082979588	0.013831717149999999	0.001905544651625	0.06881396452549998
sub-11924	kappa	5.5301087094902055	5.237205119	2.0874763538749996	10.475186907749992
sub-11924	preference_friend	0.5952210806973905	0.5658956495	0.2923411721525	1.0648117532999999
sub-11924	preference_stranger	-0.02199647873196002	-0.015883946855	-0.20354740966749998	0.12358374859999997
sub-11924	gamma0	2.422360479147266	2.400161717	0.68802164449	4.292358934199998
sub-11924	choice_bias	0.5235970838888013	0.49070663355	-1.3161692572	2.538189595775
sub-11926	alpha	0.11033347628429156	0.07355645023	0.01071474559025	0.4404055739424997
sub-11926	kappa	0.547896365057506	0.44975520415	0.06551496650250001	1.5663536688999988
sub-11926	preference_friend	0.6547849657649278	0.6440025963	0.09741804440625	1.2722457147749995
sub-11926	preference_stranger	0.10756320557821947	0.1080224903	-0.1827402898875	0.393015514245
sub-11926	gamma0	1.4968580056877294	1.4731457749999999	-0.1255690359025	3.2573086332999988
sub-11926	choice_bias	2.412070852744094	2.378105943	1.316077081475	3.711836993249999
sub-11928	alpha	0.1744821750273205	0.13070505970000001	0.01779642891825	0.5687601172974996
sub-11928	kappa	0.38130165838491786	0.31080628345	0.04978024645925	1.1057794923249995
sub-11928	preference_friend	0.5454362202245896	0.5370306569000001	-0.0241313801955	1.170022905675
sub-11928	preference_stranger	0.10747891076689041	0.1074412857	-0.1995954106525	0.41157219892499963
sub-11928	gamma0	1.3751166626000135	1.3557317205000001	-0.27824815646	3.1591644779999997
sub-11928	choice_bias	2.468358038651034	2.4341553410000003	1.25088982395	3.878562565999997
sub-11929	alpha	0.05291026774727849	0.032449069319999996	0.003887453525325	0.2288661808424994
sub-11929	kappa	1.4340520369624163	1.1144749495	0.1345560466825	4.426003980474999
sub-11929	preference_friend	0.33304131966327666	0.2781426634	0.0364035120945	0.8767812522824998
sub-11929	preference_stranger	-0.010860908970339736	-0.009133058470999999	-0.26828470671750004	0.2412768812474999
sub-11929	gamma0	2.060247357160726	2.045930108	0.630918013225	3.6053511376249996
sub-11929	choice_bias	-1.8495496204237443	-1.8885321355	-3.2336244061	-0.23947099697500046
sub-11931	alpha	0.18612295311515453	0.1419228482	0.02261903648025	0.5982345778674997
sub-11931	kappa	0.32908240682036866	0.2608420517	0.03710005327725	1.000413991974999
sub-11931	preference_friend	0.6631565842149121	0.656107081	0.0815287572055	1.2924717562999997
sub-11931	preference_stranger	0.126625757850135	0.12663655455	-0.17920471775500002	0.43170891797749983
sub-11931	gamma0	0.5819770394180087	0.57112253505	-0.991455294475	2.2369653571249994
sub-11931	choice_bias	2.7715240809765502	2.7348734314999996	1.603664245025	4.1297431976249985
sub-11935	alpha	0.05836861943951145	0.043298119855	0.00658407615565	0.19925355981249962
sub-11935	kappa	1.413312399462883	1.3121659425	0.36018190178250004	3.0468908152249994
sub-11935	preference_friend	0.4842977261330602	0.4507153303	0.1828152657675	0.9661783241724994
sub-11935	preference_stranger	0.13929602100161168	0.140265749	-0.07239436832	0.3421842318649999
sub-11935	gamma0	2.7567190113634026	2.732227231	1.3609325782250001	4.287739337049998
sub-11935	choice_bias	0.13488594009551655	0.10034022584999999	-0.9493297104225	1.4035840714749999
sub-11939	alpha	0.11485467803944914	0.08796413553	0.014468700789749999	0.3819493179999999
sub-11939	kappa	0.6845582016843172	0.5897039344	0.12801351787749998	1.8025305107
sub-11939	preference_friend	0.6353394946304943	0.6097620228	0.22447533703	1.1863454047499995
sub-11939	preference_stranger	0.1279618224798745	0.13119226625	-0.1313666051175	0.373092351205
sub-11939	gamma0	1.0273329641484827	1.0197315985	-0.10179599406999998	2.1973938010499987
sub-11939	choice_bias	-0.22954752301700693	-0.23632661794999998	-1.118921627375	0.6909291777549985
sub-11943	alpha	0.03512077543647128	0.02829819576	0.004115141567775001	0.10308390209749997
sub-11943	kappa	7.7335637002344155	6.022958057	1.863974711875	23.916229931249973
sub-11943	preference_friend	0.7160697580358999	0.6881645942500001	0.3543516232125	1.2329882811749997
sub-11943	preference_stranger	0.14442863957452773	0.15397570565000002	-0.0213290573255	0.2523328478225
sub-11943	gamma0	1.5226702602334208	1.5057191035000002	-0.23983148114	3.3569233832249963
sub-11943	choice_bias	-0.5808160908980575	-0.60390165065	-2.4085041311	1.418373833275
sub-11949	alpha	0.07192023951258303	0.057048355025	0.008130488169525002	0.21132798204249986
sub-11949	kappa	4.8157282890445225	3.958112456	1.335688931225	13.443193819499966
sub-11949	preference_friend	0.7940980649888906	0.77061414585	0.395741655275	1.3370984201249998
sub-11949	preference_stranger	0.17654436862907358	0.1825517224	0.041045417368000006	0.2875422972399999
sub-11949	gamma0	0.6919656566333267	0.6841187512	-0.8258379931575	2.265705545349999
sub-11949	choice_bias	-0.5176525103270311	-0.53344821935	-2.1546443719750004	1.1742277461249995
sub-11960	alpha	0.08483436062850179	0.065894662575	0.0099819916896	0.2705472841274998
sub-11960	kappa	0.9949064786472566	0.8642199463	0.174644276265	2.4944773634999997
sub-11960	preference_friend	0.32302311389638094	0.28977383624999997	-0.023240125676999995	0.8358375572899996
sub-11960	preference_stranger	0.06349170944578712	0.068904238105	-0.1877165528725	0.29382809841499996
sub-11960	gamma0	2.5671067999832404	2.5462065259999997	1.2859250826500002	3.963482826224999
sub-11960	choice_bias	-0.3409524098024347	-0.3825981649	-1.4233180669	0.959421443552496
sub-11969	alpha	0.051041057632731195	0.03997565634	0.005913492657525	0.15643153789749983
sub-11969	kappa	2.2694967865818	2.160974441	0.957592901335	4.171707126574999
sub-11969	preference_friend	0.7285032291638281	0.70648495395	0.3765026841375	1.2092492648749995
sub-11969	preference_stranger	0.0484319975720888	0.052987202145	-0.1261955432225	0.19626685551249995
sub-11969	gamma0	1.9442085643415827	1.9311433464999999	0.58275462153	3.395092840474998
sub-11969	choice_bias	0.00707025461733159	-0.015095486825	-1.2910551050999999	1.4189577521249994
sub-11974	alpha	0.12697036425971792	0.09110672249	0.0135718513915	0.45901044062749946
sub-11974	kappa	0.5708954844179099	0.4636969373	0.06347909760124999	1.6726829576249997
sub-11974	preference_friend	0.6739192432236241	0.6661049857	0.11270935354250002	1.2831889963749998
sub-11974	preference_stranger	0.14014418777989146	0.1413964491	-0.15743495479	0.431797119265
sub-11974	gamma0	1.3537060540247075	1.3356601184999999	-0.34888299541	3.1229808808499975
sub-11974	choice_bias	2.6690106550066623	2.6269448635	1.4901086519	4.05908793415
sub-11976	alpha	0.3082898013830938	0.2769852922	0.03543056219275	0.7204252727849987
sub-11976	kappa	0.6019236160917789	0.5659358543499999	0.148790074865	1.2555428782249998
sub-11976	preference_friend	0.8883891253260628	0.8751881871	0.36148126842	1.494010820275
sub-11976	preference_stranger	0.21150972349412328	0.20951780685	-0.05633484640575	0.48523078265249986
sub-11976	gamma0	-0.38599206071760167	-0.38024824275	-1.65227332445	0.8708386045599997
sub-11976	choice_bias	1.6829231334696728	1.6573783805	0.7013148472775	2.819156741725
sub-11982	alpha	0.1963847183038307	0.18461027355	0.03533280969675	0.42801247698249983
sub-11982	kappa	1.3342279023061674	1.2550069605	0.44803653202250004	2.6705333360999997
sub-11982	preference_friend	0.6542983855915282	0.6296641590000001	0.26468277139499996	1.188212792575
sub-11982	preference_stranger	0.3077437439868648	0.3046291767	0.1041187167175	0.5276306469775
sub-11982	gamma0	0.8386683840511912	0.8234932774	-0.46591409547249996	2.195366591225
sub-11982	choice_bias	0.896175227990331	0.87886608075	-0.1597371795825	2.0502049321499998
sub-11984	alpha	0.1676071649654491	0.1271784354	0.0173937133225	0.5531076937174996
sub-11984	kappa	0.32473128863725365	0.25858943775	0.041579373920999994	0.9788835095599993
sub-11984	preference_friend	0.5051816199230974	0.49740393839999997	-0.084668589894	1.1468773343249996
sub-11984	preference_stranger	0.08662908977641709	0.08633251951	-0.2114650537825	0.3864383094624995
sub-11984	gamma0	1.2940185628893992	1.271268766	-0.37865101935	3.120420579049999
sub-11984	choice_bias	2.7484184785047345	2.713554669	1.5988129277	4.134238757299999
sub-12008	alpha	0.05301745858148759	0.046440946485	0.00842808175645	0.13356565166999998
sub-12008	kappa	2.1255446827686066	1.9908853465	0.8661660842225	4.173032489974999
sub-12008	preference_friend	0.8831672574783094	0.8620054485499999	0.48223280890000003	1.4058485442499997
sub-12008	preference_stranger	0.20219247466106596	0.20404034934999998	0.01503704730625	0.38000466357249996
sub-12008	gamma0	1.1634538166479946	1.1509583079999999	-0.16371378246	2.535614701324999
sub-12008	choice_bias	-0.5765569493075559	-0.57567870745	-1.85593772045	0.6956978480074989
sub-12011	alpha	0.21023395434475253	0.17872116175	0.026543031821	0.5680543777674999
sub-12011	kappa	0.4195321539773189	0.3747934693	0.0652327001825	1.0196171463249997
sub-12011	preference_friend	0.8260455206477267	0.81247079625	0.28142817722499996	1.43197264795
sub-12011	preference_stranger	0.13671806942004794	0.13679067395	-0.14545261602749998	0.41758388927499984
sub-12011	gamma0	-0.14037743335656638	-0.1414913072	-1.37620365215	1.1147865157749997
sub-12011	choice_bias	1.6053986456649458	1.5885096189999999	0.705477527735	2.6069988787999994
sub-12013	alpha	0.17667627666938632	0.13465592469999998	0.022130791557750003	0.5748922213524996
sub-12013	kappa	0.34636724469842906	0.31046651785	0.04863121277275	0.8558602767749997
sub-12013	preference_friend	0.9142785365784807	0.8996279122	0.39551707331749997	1.5202542517249997
sub-12013	preference_stranger	0.21826856550786614	0.21946441275	-0.0829552576525	0.5101114415174999
sub-12013	gamma0	-0.8219898355085498	-0.81375762515	-1.9473413576	0.28485797463499934
sub-12013	choice_bias	0.36584942967108	0.36965553824999997	-0.4556195438125	1.1639180380249998
sub-12018	alpha	0.05433039780519286	0.04263890777	0.005824246181925	0.1677752598374999
sub-12018	kappa	2.9418500778688506	2.7698184135000004	1.197261646425	5.5966278301
sub-12018	preference_friend	0.648588950235225	0.6227531177	0.29783418824499996	1.1489973101
sub-12018	preference_stranger	0.07897148921216554	0.08314199349500001	-0.073970984678	0.20813076154749982
sub-12018	gamma0	2.576637826514994	2.5580848525	1.105674635825	4.184633776699999
sub-12018	choice_bias	0.2654849228342154	0.23750383484999998	-1.197776592325	1.8927338034499996
sub-12020	alpha	0.049535979037845616	0.04018000606	0.0073303886747	0.14751168688499983
sub-12020	kappa	3.741277102669458	3.4561579245000003	0.8193760348525	8.248659963049995
sub-12020	preference_friend	0.2775681052078079	0.25315935995	0.15832002921500002	0.5616656241975
sub-12020	preference_stranger	0.10268961557385639	0.10942109785	-0.0383229650625	0.20709264682999995
sub-12020	gamma0	2.279938197034525	2.2602953694999997	0.856337112015	3.807543801575
sub-12020	choice_bias	0.6543136808079392	0.63182833275	-0.950539232285	2.4231044054749984
sub-12021	alpha	0.19524934364969912	0.14370625335	0.018489141980499998	0.6489093688024996
sub-12021	kappa	0.2700165337803926	0.19053565	0.031291698276	0.9931008132724984
sub-12021	preference_friend	0.43665390615759586	0.4178027471	-0.130434293205	1.1139561323749996
sub-12021	preference_stranger	0.06799971470233321	0.067800954385	-0.2229948125325	0.35940247184
sub-12021	gamma0	0.7909723318248464	0.7806424889	-0.38535969919999996	2.030694015975
sub-12021	choice_bias	0.6216568647788461	0.60505117355	-0.16043583646	1.508581638125
sub-12031	alpha	0.11334073578959514	0.071141654155	0.010281907059499999	0.47440246344749976
sub-12031	kappa	0.8288846579685385	0.7550034345500001	0.1606817199525	1.9139947531749983
sub-12031	preference_friend	0.8175332073146089	0.8012331270999999	0.3433164690875	1.3916110414249998
sub-12031	preference_stranger	0.11818364610258952	0.11461820075	-0.1171246039775	0.36992731532249995
sub-12031	gamma0	0.45750808767703216	0.45586828095	-0.78338893388	1.7281571028749982
sub-12031	choice_bias	1.226957010409962	1.1953794014999999	0.26155460061	2.3599522718749992
sub-12032	alpha	0.1281307482826785	0.097621505675	0.012572763605	0.4022235705124999
sub-12032	kappa	0.7945898731180355	0.72306977335	0.18992670203	1.801787103724998
sub-12032	preference_friend	0.6512250992181134	0.6268412702999999	0.22937708755	1.2036933808749997
sub-12032	preference_stranger	0.1420052209212042	0.14107684275	-0.10224913682	0.38728701043749986
sub-12032	gamma0	1.033036219276171	1.022846632	-0.175217090975	2.295484609175
sub-12032	choice_bias	0.6277823420328521	0.60097298375	-0.2781148259325	1.6771746228749986
sub-12033	alpha	0.05006603292551754	0.03815187032	0.00685028316365	0.16420425738749986
sub-12033	kappa	2.961222961332187	2.1729946875	0.38162572032	10.06900079624998
sub-12033	preference_friend	0.45624220603337223	0.40650085125	0.239907007525	0.9347888320624997
sub-12033	preference_stranger	0.16060759457345597	0.16948881570000002	-0.030327571872	0.3176311867699999
sub-12033	gamma0	1.834479607244318	1.818805855	0.5105229779925	3.2580169811499995
sub-12033	choice_bias	-1.1234049033506146	-1.1597585615	-2.4386253663249997	0.3912462389299998
sub-12038	alpha	0.10013003827319078	0.09080494619	0.02026318490875	0.2318520220799999
sub-12038	kappa	4.819025081383994	4.414421482	1.599786165775	10.341081704999995
sub-12038	preference_friend	0.6936405052729127	0.6659566629	0.320745540485	1.22401751025
sub-12038	preference_stranger	0.19113128665416135	0.19348471205	0.06586192170375	0.30288678527749996
sub-12038	gamma0	1.765321750428891	1.7485490879999999	0.22291303480000002	3.4075469230749995
sub-12038	choice_bias	0.29512557092010766	0.2518836049	-1.393858142125	2.2334467799999977
sub-12039	alpha	0.17142350544493717	0.13043847404999998	0.018348852704000003	0.5570279433149996
sub-12039	kappa	0.3226151847012409	0.2726792074	0.040030278021	0.8901725120799994
sub-12039	preference_friend	0.7227805423156722	0.7128527356500001	0.16892713174500001	1.3356031515499998
sub-12039	preference_stranger	0.10779925014648302	0.10811899725	-0.1766061920625	0.3927208282975
sub-12039	gamma0	0.0863395602418152	0.077706751945	-1.189743420775	1.400394179825
sub-12039	choice_bias	1.6640825616862325	1.6474601595	0.77025864104	2.6507177338749988
sub-12041	alpha	0.016193210978600214	0.012534964245	0.0019367309269000001	0.05113281707824995
sub-12041	kappa	3.0716833681827573	2.9723631604999996	1.089819335875	5.606368321224996
sub-12041	preference_friend	0.14444653731905524	0.1398054998	0.013880172408250001	0.30695363446749985
sub-12041	preference_stranger	-0.0867234049380323	-0.080264101635	-0.27746362891500004	0.06649199368999999
sub-12041	gamma0	3.595603494226684	3.57126717	2.120527316175	5.209018383775
sub-12041	choice_bias	0.3715555450542736	0.35769247395	-1.3338046844	2.133488436825
sub-12047	alpha	0.16991992234552805	0.1485453899	0.0329334627505	0.4558246047849991
sub-12047	kappa	1.7750114249926443	1.522883393	0.1177331160275	4.880617996024998
sub-12047	preference_friend	0.3168631799023798	0.24669843905	0.050950839679	0.9328007726999997
sub-12047	preference_stranger	0.08302929754553143	0.084329849765	-0.12687538302999998	0.3003860279249996
sub-12047	gamma0	0.41625226940677024	0.40782480860000003	-0.9522862975049999	1.812182834724999
sub-12047	choice_bias	-0.10950693904560645	-0.20287794555	-1.4186139424750002	1.6091280361
sub-12049	alpha	0.27842125557041425	0.2363882379	0.03150800515525	0.7265832849374998
sub-12049	kappa	0.2010175968307213	0.1645100908	0.029428372274	0.5822112854
sub-12049	preference_friend	0.5910433800790993	0.58266291615	0.00950571685805	1.2291560395499996
sub-12049	preference_stranger	0.12182802307270327	0.12111048625	-0.1784264557775	0.4231182839974998
sub-12049	gamma0	0.14659368785019206	0.1436007834	-0.9997090577025	1.3299552629999971
sub-12049	choice_bias	1.1130470538358286	1.1018090655	0.3131233636075	1.9791488426749988
sub-12051	alpha	0.11105697956211705	0.08360706834000001	0.012255131075500001	0.372412863755
sub-12051	kappa	0.8056596972789406	0.6873747482	0.1655148392875	2.1198442392749994
sub-12051	preference_friend	0.5613198838992229	0.52965118665	0.18785270941749999	1.1081769558749996
sub-12051	preference_stranger	0.13071916950148335	0.13166039585	-0.10792893643	0.3668225603149997
sub-12051	gamma0	1.2255624348946421	1.220178408	0.05691862416375001	2.43680923825
sub-12051	choice_bias	-0.37798139534520403	-0.39193882474999997	-1.338427442025	0.6620004184574996
sub-12054	alpha	0.1316132130314953	0.1286287822	0.081352152704	0.1950827607775
sub-12054	kappa	10.42899540454915	8.809116787499999	2.9441854326250003	27.549383306999978
sub-12054	preference_friend	0.8274781874683813	0.79969743595	0.3905448384925	1.4341599809
sub-12054	preference_stranger	0.48972829650788435	0.4775432881	0.3526023117925	0.6883649309799992
sub-12054	gamma0	1.3924661826334346	1.3737759889999999	-0.39708766153749997	3.3036959405749995
sub-12054	choice_bias	0.37950329637522223	0.36893568499999996	-1.4818183512	2.3294252211749975
sub-12055	alpha	0.0832722353605095	0.06761526236	0.0122487470635	0.24086222098249993
sub-12055	kappa	1.6711648443240383	1.5800666415	0.5945251676275001	3.2630415953249994
sub-12055	preference_friend	0.8594881822095313	0.83717169135	0.4092668212575	1.4396432599249995
sub-12055	preference_stranger	0.3945194429708191	0.38750093065	0.208577594665	0.61609755198
sub-12055	gamma0	-0.14295712827944704	-0.13439340525	-1.51623969895	1.2074823606
sub-12055	choice_bias	0.7091804745931067	0.7025230142500001	-0.40392015518249996	1.847306478274999
