parameter	Mean	MCSE	StdDev	MAD	5%	50%	95%	ESS_bulk	ESS_tail	ESS_bulk/s	R_hat
mu[1]	-0.360756	0.0060125	0.432224	0.426609	-1.06715	-0.363693	0.354433	5143.35	8710.07	0.242903	1.00212
mu[2]	-2.8284	0.00106451	0.182599	0.181632	-3.13748	-2.82333	-2.53977	29503.0	43416.6	1.39333	1.00027
mu[3]	1.35894	0.000459901	0.069518	0.0691914	1.24598	1.35855	1.4737	22865.9	36177.8	1.07988	1.00033
tau[1]	2.31685	0.00352231	0.339633	0.339311	1.77969	2.30501	2.89107	9168.49	20122.9	0.432997	1.00109
tau[2]	2.15865	0.000880134	0.150416	0.14942	1.92321	2.15211	2.41846	29275.7	42930.7	1.38259	1.00018
tau[3]	1.14816	0.000365523	0.0606931	0.0609425	1.05149	1.14625	1.25081	27625.8	45452.5	1.30467	1.00032
natural[1,1]	0.480834	0.0012876	0.295428	0.383281	0.0591161	0.453884	0.959598	50604.1	47330.5	2.38986	1.00029
natural[1,2]	0.104896	0.000441216	0.123338	0.0734029	0.0024543	0.0595556	0.361075	67572.9	45893.6	3.19124	1.00014
natural[1,3]	0.766956	0.00147212	0.482442	0.478318	-0.00418904	0.755568	1.58245	108624.0	53463.1	5.12995	1.00005
natural[2,1]	0.546965	0.00150515	0.307625	0.426139	0.0735442	0.559131	0.980479	37116.1	47127.2	1.75287	1.00012
natural[2,2]	0.0711567	0.000347938	0.0989781	0.0405353	0.00131273	0.0317502	0.278808	83553.3	46445.7	3.94594	1.00006
natural[2,3]	1.64714	0.00170377	0.57291	0.564003	0.749228	1.6208	2.63119	119897.0	48665.9	5.66234	1.00001
natural[3,1]	0.32068	0.00192595	0.284746	0.200935	0.0356501	0.201781	0.923084	18907.2	34554.7	0.892921	1.00031
natural[3,2]	0.286091	0.00126684	0.247049	0.269545	0.00499863	0.233142	0.755657	32196.8	38528.9	1.52055	1.00014
natural[3,3]	3.13147	0.00200242	0.635414	0.631383	2.14617	3.09841	4.22534	103540.0	48783.8	4.88983	1.00006
natural[4,1]	0.658608	0.00231574	0.300004	0.298151	0.084359	0.752944	0.99054	17620.4	35053.7	0.832151	1.00064
natural[4,2]	0.034386	0.000238611	0.0584878	0.0165485	0.000729273	0.013556	0.145947	81284.1	48740.9	3.83877	1.00009
natural[4,3]	2.0893	0.00149723	0.482628	0.478192	1.33536	2.069	2.92082	108848.0	49276.4	5.14054	1.00005
natural[5,1]	0.189722	0.00160806	0.261232	0.0682694	0.00836923	0.0616525	0.839657	29483.6	42354.1	1.39241	1.00021
natural[5,2]	0.4993	0.00209042	0.392947	0.465132	0.0104241	0.450254	1.2126	31551.5	40748.8	1.49007	1.00007
natural[5,3]	0.875615	0.00244546	0.588234	0.592486	-0.045653	0.852753	1.88121	56678.8	47257.4	2.67675	1.00006
natural[6,1]	0.625751	0.00152766	0.288628	0.358464	0.122047	0.678343	0.986845	32536.1	45540.1	1.53657	1.00029
natural[6,2]	0.036854	0.000182892	0.0515492	0.0212286	0.000935365	0.0174232	0.140421	89039.3	47155.7	4.20503	0.999999
natural[6,3]	1.46706	0.00127894	0.403292	0.401674	0.833101	1.45262	2.15375	102682.0	49561.2	4.84934	1.00015
natural[7,1]	0.739496	0.00218513	0.248011	0.214607	0.223664	0.824741	0.993717	13203.1	30106.3	0.623537	1.00091
natural[7,2]	0.0189605	9.36769e-05	0.0260587	0.0113404	0.000518603	0.00948381	0.0694451	100054.0	43831.7	4.72521	1.0001
natural[7,3]	2.97728	0.00234774	0.775915	0.772168	1.78239	2.92973	4.32571	119945.0	45531.5	5.6646	1.00021
natural[8,1]	0.56924	0.00193882	0.303706	0.41369	0.0838575	0.591545	0.984529	22738.7	41342.0	1.07387	1.00037
natural[8,2]	0.0659764	0.000306073	0.0888558	0.039246	0.00109405	0.0303811	0.252365	80864.5	48363.4	3.81896	1.00001
natural[8,3]	2.57185	0.00170555	0.565983	0.558469	1.70133	2.5388	3.55806	118074.0	48870.4	5.57623	1.00008
natural[9,1]	0.621986	0.00170654	0.282535	0.356478	0.12845	0.662602	0.986045	26149.8	38483.5	1.23497	1.00015
natural[9,2]	0.041245	0.000185569	0.0536089	0.0259664	0.000966088	0.021061	0.150196	83915.0	44920.4	3.96302	0.999988
natural[9,3]	2.04758	0.0014814	0.476502	0.470334	1.30471	2.02338	2.86803	109788.0	48338.0	5.1849	1.0002
natural[10,1]	0.0370616	0.000145251	0.0253204	0.0239718	0.00610659	0.031707	0.0860683	28979.4	40884.1	1.3686	1.00047
natural[10,2]	2.10138	0.00169741	0.472651	0.463778	1.38746	2.0703	2.9275	76936.0	51607.1	3.63343	1.00009
natural[10,3]	0.45778	0.00164136	0.57716	0.574945	-0.489415	0.458799	1.40553	124238.0	45311.2	5.86733	1.00004
natural[11,1]	0.0327535	0.000148054	0.0286983	0.0195683	0.00515936	0.0251537	0.0849022	29535.4	39994.8	1.39486	1.00028
natural[11,2]	1.11898	0.00110982	0.290582	0.2875	0.650683	1.11295	1.60945	67769.1	44961.8	3.20051	1.00004
natural[11,3]	2.00982	0.00150067	0.480405	0.477592	1.23543	2.00058	2.81404	103660.0	44653.9	4.89553	1.00037
natural[12,1]	0.316887	0.00186088	0.305287	0.162045	0.0360216	0.169076	0.952345	34540.5	44100.5	1.63123	1.00017
natural[12,2]	0.194411	0.000951332	0.190592	0.181058	0.00264713	0.137888	0.569357	34811.6	47346.9	1.64403	1.00014
natural[12,3]	0.67205	0.00145833	0.397204	0.395999	0.042343	0.65665	1.34912	73648.1	52858.8	3.47815	1.00002
natural[13,1]	0.0580829	0.000192937	0.0441817	0.0318321	0.0119297	0.0486596	0.133294	59941.9	38676.0	2.83085	1.00005
natural[13,2]	0.943177	0.000979811	0.260377	0.260129	0.526367	0.936102	1.37717	69265.0	43183.5	3.27115	1.00013
natural[13,3]	1.60472	0.00137253	0.462445	0.462113	0.857551	1.59832	2.3731	113835.0	45853.0	5.37604	1.00034
natural[14,1]	0.644649	0.00163856	0.277853	0.327272	0.140931	0.702435	0.986497	27436.8	43509.2	1.29575	1.00032
natural[14,2]	0.0335375	0.00015387	0.0442077	0.0204922	0.000936638	0.0170002	0.121855	90171.1	48714.8	4.25848	0.999985
natural[14,3]	1.67843	0.00130808	0.422736	0.418116	1.01273	1.66275	2.39847	107657.0	48989.8	5.08428	1.00012
natural[15,1]	0.623482	0.00218632	0.29508	0.370488	0.110971	0.67737	0.989472	16746.5	33961.1	0.790879	1.00069
natural[15,2]	0.0473483	0.000237956	0.0677627	0.0261703	0.000792779	0.0203315	0.187265	87316.4	46364.7	4.12366	1.00005
natural[15,3]	2.95526	0.00192635	0.624087	0.617202	2.00145	2.91424	4.04373	114485.0	48492.0	5.40673	1.00007
natural[16,1]	0.366399	0.00130294	0.281723	0.290988	0.0379316	0.288564	0.911952	46691.4	42760.2	2.20508	1.00016
natural[16,2]	0.189826	0.000717904	0.175675	0.154449	0.00574738	0.137572	0.545255	48803.0	42862.3	2.3048	1.00011
natural[16,3]	0.865475	0.00128058	0.386045	0.383482	0.253788	0.853729	1.5227	90666.5	53947.2	4.28188	0.99998
natural[17,1]	0.699857	0.00145982	0.254194	0.260734	0.195645	0.767618	0.989	31518.4	37285.3	1.48851	1.00034
natural[17,2]	0.0227671	9.59171e-05	0.0282927	0.0147784	0.000774768	0.0126875	0.0783272	94450.9	45108.7	4.4606	1.0001
natural[17,3]	1.61155	0.00128601	0.427896	0.423213	0.937387	1.59416	2.3466	114258.0	48067.7	5.396	1.00028
natural[18,1]	0.364809	0.00171415	0.306925	0.254124	0.0375892	0.241744	0.950528	35049.8	46332.6	1.65528	1.00003
natural[18,2]	0.140763	0.000610944	0.146888	0.113557	0.00282181	0.0885439	0.441911	49253.7	47964.2	2.32609	0.999992
natural[18,3]	-0.255423	0.00123569	0.365335	0.359844	-0.850534	-0.261153	0.356874	87105.7	52530.4	4.11371	1.00008
natural[19,1]	0.761911	0.00239234	0.237943	0.188638	0.258433	0.849776	0.995159	9428.81	21716.9	0.445291	1.00095
natural[19,2]	0.0153865	7.28686e-05	0.0205326	0.00939607	0.00043743	0.00790112	0.0562103	97981.3	43856.9	4.62733	0.999994
natural[19,3]	3.38269	0.00218388	0.713921	0.708446	2.29769	3.33805	4.62603	116970.0	46629.9	5.52412	1.0002
natural[20,1]	0.262364	0.00147404	0.268971	0.169746	0.016277	0.155299	0.890823	38241.0	42029.6	1.80599	1.00011
natural[20,2]	0.29933	0.00118267	0.272948	0.266866	0.00581294	0.229112	0.833693	41979.4	44106.8	1.98255	1.00006
natural[20,3]	0.539301	0.0018168	0.529339	0.525244	-0.294821	0.520648	1.43706	84437.3	51406.9	3.98769	0.999955
natural[21,1]	0.525141	0.00163367	0.31001	0.4288	0.0609422	0.521185	0.97932	31351.6	44672.9	1.48063	1.00025
natural[21,2]	0.0824356	0.000404274	0.114188	0.0470411	0.00133504	0.0363713	0.322529	81526.6	49291.9	3.85023	1.00003
natural[21,3]	1.73035	0.00170513	0.564008	0.558212	0.845303	1.70726	2.69494	113699.0	49961.3	5.36964	1.00015
natural[22,1]	0.745544	0.00187573	0.242183	0.206372	0.237234	0.828906	0.993172	17127.4	34500.9	0.808871	1.00058
natural[22,2]	0.0153932	7.11558e-05	0.0199011	0.0095511	0.000552459	0.00825612	0.0545864	97566.3	45611.6	4.60773	1.00006
natural[22,3]	2.00966	0.00144333	0.481717	0.478334	1.26076	1.98767	2.83779	118366.0	47018.7	5.59002	1.00015
natural[23,1]	0.776924	0.00236431	0.232161	0.169603	0.270032	0.865529	0.995623	9634.16	21738.5	0.454989	1.00127
natural[23,2]	0.0132137	6.61689e-05	0.0177035	0.00801601	0.000406003	0.00683882	0.0473255	97826.6	44587.3	4.62002	1.00007
natural[23,3]	3.37702	0.00214797	0.71558	0.706184	2.28806	3.32987	4.62757	122503.0	46481.0	5.78543	1.00005
natural[24,1]	0.248618	0.000891591	0.143254	0.131037	0.0554477	0.229816	0.509355	22049.0	29738.6	1.0413	1.00034
natural[24,2]	0.543893	0.00105481	0.237892	0.24107	0.162821	0.536146	0.950757	47386.2	31256.9	2.23789	1.00011
natural[24,3]	-0.0568219	0.00154611	0.442671	0.441687	-0.786043	-0.0564599	0.667672	82037.1	46899.2	3.87434	1.00009
natural[25,1]	0.501462	0.00135	0.307644	0.421288	0.054007	0.494745	0.972365	47830.4	47926.1	2.25887	1.0
natural[25,2]	0.0983666	0.0004646	0.129763	0.0594519	0.00179408	0.0467504	0.374783	74436.3	48644.9	3.51538	1.00002
natural[25,3]	1.17616	0.00156071	0.511091	0.507706	0.364857	1.16058	2.04358	110495.0	49633.9	5.21832	1.0001
natural[26,1]	0.291073	0.00205932	0.324603	0.139708	0.0118464	0.111691	0.946905	25282.4	45932.6	1.194	1.00046
natural[26,2]	0.249694	0.00134307	0.248027	0.231128	0.00297664	0.169224	0.730191	32517.6	48679.0	1.5357	1.00028
natural[26,3]	0.136107	0.00166622	0.401574	0.39774	-0.499619	0.121755	0.826979	57340.4	50473.1	2.708	1.00013
natural[27,1]	0.456134	0.00132348	0.277965	0.341171	0.06224	0.425882	0.936317	40791.2	44263.7	1.92643	1.00008
natural[27,2]	0.114449	0.000425494	0.115389	0.088265	0.00365426	0.0776572	0.352813	58878.7	42316.4	2.78064	1.00008
natural[27,3]	-0.236112	0.00116113	0.357047	0.352246	-0.820869	-0.237525	0.351208	94777.3	51620.9	4.47601	1.00028
natural[28,1]	0.0152695	4.28372e-05	0.0111558	0.0097048	0.0024968	0.0125395	0.0372931	58991.4	42288.4	2.78596	1.0001
natural[28,2]	2.68793	0.00208738	0.585493	0.57037	1.80261	2.64254	3.72385	79484.6	53549.2	3.75379	0.999967
natural[28,3]	1.20886	0.00165093	0.564431	0.557604	0.301061	1.19757	2.1541	118493.0	45481.9	5.59605	1.0001
natural[29,1]	0.778685	0.00236946	0.231317	0.167608	0.272001	0.866914	0.99571	9196.69	20026.2	0.434329	1.00124
natural[29,2]	0.0130303	6.32678e-05	0.0174929	0.00793549	0.00041708	0.00671506	0.0465072	92421.8	43457.2	4.36477	1.00002
natural[29,3]	3.3653	0.00221943	0.72071	0.715898	2.26067	3.32105	4.6133	115510.0	45322.8	5.45513	1.00011
natural[30,1]	0.58059	0.00170287	0.289962	0.377076	0.0972826	0.605685	0.98178	27300.3	39022.9	1.2893	1.00041
natural[30,2]	0.0625246	0.000270577	0.0799439	0.0402157	0.00122169	0.0317667	0.227491	75016.6	45125.8	3.54278	1.00004
natural[30,3]	2.32885	0.00160295	0.516444	0.506033	1.52601	2.30417	3.21613	110395.0	50271.9	5.21357	1.00006
natural[31,1]	0.0460741	0.000125595	0.0321008	0.029013	0.00769707	0.0389768	0.108164	57317.0	39684.6	2.70689	1.00009
natural[31,2]	1.95227	0.00134942	0.390015	0.386131	1.3484	1.93064	2.62366	83239.0	56054.8	3.9311	1.00016
natural[31,3]	1.88687	0.0014871	0.50832	0.508141	1.07518	1.87497	2.73775	119272.0	45587.8	5.63279	1.00009
natural[32,1]	0.423827	0.000933772	0.210265	0.207646	0.118388	0.398558	0.82826	53918.8	33826.8	2.5464	1.0001
natural[32,2]	0.24115	0.000794778	0.173631	0.181138	0.0133496	0.216044	0.563971	38251.7	30279.9	1.8065	1.00011
natural[32,3]	1.27354	0.00136245	0.407722	0.40383	0.62832	1.25869	1.96741	89746.8	49530.2	4.23844	1.00006
natural[33,1]	0.741749	0.00211479	0.235012	0.219756	0.261202	0.813884	0.992878	12955.9	24837.5	0.611866	1.00093
natural[33,2]	0.0194617	8.60124e-05	0.0246715	0.0124252	0.000567462	0.0104062	0.0687872	89130.7	46014.7	4.20934	0.999975
natural[33,3]	2.96615	0.00192152	0.631551	0.62512	2.00322	2.92227	4.08043	117841.0	47264.9	5.56523	1.00011
natural[34,1]	0.117414	0.000238986	0.0516514	0.0499738	0.0421438	0.112196	0.210399	39953.3	30959.1	1.88686	1.00004
natural[34,2]	1.53615	0.00145766	0.359373	0.356399	0.971336	1.5197	2.15231	60474.7	50751.8	2.85602	1.00009
natural[34,3]	2.85059	0.00263569	0.60347	0.598183	1.90146	2.82777	3.87818	53513.2	44735.0	2.52725	1.00036
natural[35,1]	0.47277	0.00135675	0.306886	0.395855	0.0581786	0.425746	0.969703	50912.4	46124.2	2.40442	1.00009
natural[35,2]	0.10181	0.000463903	0.130819	0.0628753	0.00186429	0.0489801	0.380449	68888.0	47507.6	3.25335	1.00001
natural[35,3]	0.324076	0.00145587	0.478976	0.479985	-0.459093	0.320078	1.11134	108819.0	50868.8	5.13918	1.00007
natural[36,1]	0.468061	0.00145057	0.312447	0.413388	0.0441266	0.428932	0.970405	44606.4	44491.7	2.10661	1.00004
natural[36,2]	0.099373	0.000470657	0.12277	0.0638277	0.00185869	0.049731	0.362617	64959.6	47848.8	3.06782	1.00001
natural[36,3]	0.986075	0.00121935	0.369103	0.363613	0.399536	0.973482	1.60866	93141.4	51301.3	4.39876	1.0001
natural[37,1]	0.778799	0.00230219	0.224898	0.172443	0.294892	0.861877	0.995312	9507.59	20747.0	0.449012	1.00136
natural[37,2]	0.0137013	6.12531e-05	0.0178159	0.00856187	0.0004235	0.0072002	0.0488505	98073.1	43449.4	4.63166	1.00005
natural[37,3]	3.40828	0.00215431	0.707775	0.705959	2.32504	3.36548	4.6466	118246.0	45589.2	5.58436	1.00021
natural[38,1]	0.245318	0.00119766	0.216287	0.135069	0.0376421	0.171037	0.760107	41816.2	33558.1	1.97484	1.00006
natural[38,2]	0.351034	0.00109457	0.235183	0.26104	0.0192399	0.328752	0.770696	39008.9	30960.0	1.84226	1.00002
natural[38,3]	1.08908	0.00143524	0.413526	0.411956	0.432208	1.07573	1.79192	82151.5	50393.0	3.87974	1.00005
natural[39,1]	0.351807	0.00103933	0.209284	0.196142	0.0827651	0.311108	0.778816	41717.2	35213.8	1.97016	1.00015
natural[39,2]	0.236225	0.000730059	0.161842	0.170036	0.0170447	0.21458	0.533568	39690.7	32417.4	1.87446	1.00018
natural[39,3]	-0.292447	0.00132673	0.396455	0.393768	-0.938846	-0.297376	0.366785	89148.2	48557.6	4.21017	1.00011
natural[40,1]	0.392025	0.0014978	0.305536	0.294589	0.0427515	0.287607	0.957686	43997.4	44004.9	2.07785	1.00015
natural[40,2]	0.203909	0.000981666	0.234511	0.14596	0.00251276	0.108279	0.695046	48774.6	47929.2	2.30346	1.00005
natural[40,3]	1.49766	0.00172487	0.548993	0.543998	0.632539	1.47757	2.43795	104186.0	51344.3	4.92034	1.00021
natural[41,1]	0.763219	0.00210519	0.23445	0.188057	0.266219	0.848263	0.994576	12853.8	27917.7	0.607043	1.00074
natural[41,2]	0.0138641	6.39512e-05	0.0179755	0.00858046	0.00046984	0.00740877	0.0495389	98942.6	45647.5	4.67273	0.999989
natural[41,3]	2.6126	0.00173405	0.566701	0.557359	1.74739	2.57911	3.59612	116890.0	46463.5	5.52032	1.00021
natural[42,1]	0.295817	0.00159973	0.274209	0.166265	0.0350844	0.182255	0.916519	33988.4	41267.0	1.60516	1.00001
natural[42,2]	0.196222	0.000768372	0.173595	0.179552	0.00444653	0.154779	0.534442	41284.6	43292.8	1.94973	1.00002
natural[42,3]	-0.436393	0.00133174	0.382415	0.37936	-1.06143	-0.439071	0.193381	82548.1	50229.5	3.89847	1.00006
natural[43,1]	0.0468821	0.000278896	0.0382876	0.0270092	0.0088374	0.0392982	0.107914	26080.4	37880.4	1.23169	1.0003
natural[43,2]	1.03093	0.00120565	0.297374	0.292627	0.558222	1.02325	1.53213	59459.7	38291.7	2.80808	1.00002
natural[43,3]	-0.234436	0.0014631	0.468014	0.467105	-1.01206	-0.228273	0.526873	103591.0	45975.9	4.89224	1.00011
natural[44,1]	0.0719865	0.00022421	0.0450305	0.0367852	0.0183795	0.065749	0.142997	55478.7	39639.1	2.62007	1.00006
natural[44,2]	0.912782	0.00102991	0.273615	0.270952	0.472248	0.906977	1.37594	69235.8	40730.2	3.26978	0.999993
natural[44,3]	0.87562	0.00133711	0.43838	0.436151	0.163296	0.872346	1.60195	107704.0	47160.5	5.08648	1.00006
natural[45,1]	0.171992	0.00168309	0.222508	0.0776391	0.0130085	0.0799261	0.745638	12828.0	27473.5	0.605822	1.00083
natural[45,2]	0.499438	0.00177951	0.304818	0.336383	0.0207523	0.49917	1.01141	27625.0	28291.0	1.30463	1.0002
natural[45,3]	2.96569	0.00217546	0.607967	0.605642	2.01061	2.94259	4.00075	78383.2	50161.5	3.70178	0.999979
natural[46,1]	0.785878	0.00253056	0.232032	0.153893	0.271267	0.879867	0.996102	8763.21	20921.3	0.413857	1.00102
natural[46,2]	0.011572	5.93862e-05	0.0156808	0.00697053	0.000380168	0.00596071	0.0420023	92230.8	46272.7	4.35575	0.999964
natural[46,3]	3.40682	0.0021423	0.71543	0.705072	2.31655	3.35843	4.66333	123786.0	44716.2	5.846	1.00015
natural[47,1]	0.259808	0.00142985	0.23079	0.138317	0.0411329	0.178912	0.830906	33383.3	31814.6	1.57658	1.00012
natural[47,2]	0.32817	0.0011884	0.233113	0.260606	0.011202	0.303606	0.747602	32542.3	30335.8	1.53686	1.00028
natural[47,3]	2.10455	0.00163489	0.493676	0.489241	1.32862	2.08194	2.9495	90859.9	51292.3	4.29101	1.00016
natural[48,1]	0.205109	0.00145984	0.231631	0.0985459	0.0233702	0.115941	0.817343	36060.3	31830.3	1.70301	1.00027
natural[48,2]	0.326669	0.0011283	0.228545	0.257681	0.00986278	0.309358	0.734249	35086.6	33384.2	1.65702	1.00019
natural[48,3]	0.788236	0.00152986	0.41445	0.417246	0.124716	0.777418	1.48504	71867.1	49188.9	3.39404	1.00009
natural[49,1]	0.306939	0.00147304	0.283396	0.210885	0.0239278	0.197961	0.919076	39630.8	42866.6	1.87163	1.00019
natural[49,2]	0.216242	0.000854363	0.198089	0.19448	0.00452788	0.163703	0.60303	44493.5	44417.8	2.10128	1.00011
natural[49,3]	0.858819	0.00137446	0.393108	0.387351	0.241208	0.839396	1.53553	81534.2	51992.3	3.85059	1.00026
natural[50,1]	0.595068	0.00163732	0.265068	0.340194	0.160863	0.604585	0.979609	23892.4	34083.3	1.12836	1.00036
natural[50,2]	0.0592709	0.000238457	0.0667777	0.0430535	0.00136041	0.0349581	0.197182	63075.9	45919.8	2.97886	1.00002
natural[50,3]	2.62372	0.00172696	0.565143	0.553298	1.75469	2.59124	3.60438	116512.0	47080.6	5.50246	1.00017
natural[51,1]	0.322111	0.00138556	0.273754	0.216809	0.0358834	0.222096	0.906251	43684.9	39542.2	2.06309	1.00016
natural[51,2]	0.222553	0.000837664	0.197686	0.19625	0.00548498	0.171588	0.608995	45183.3	40273.7	2.13386	1.00008
natural[51,3]	1.00682	0.00131798	0.396731	0.394871	0.379585	0.992562	1.67992	90463.6	52363.2	4.27229	1.00017
natural[52,1]	0.65867	0.00201374	0.290137	0.311394	0.119075	0.74112	0.990268	19775.1	40505.5	0.933913	1.0004
natural[52,2]	0.0298723	0.000162569	0.0439996	0.0164045	0.000737567	0.0134614	0.118346	87844.5	48974.6	4.1486	1.00008
natural[52,3]	1.87169	0.00138948	0.447408	0.441217	1.17225	1.85224	2.64589	108154.0	50118.0	5.10774	1.00009
natural[53,1]	0.274014	0.00141254	0.253396	0.156894	0.0331212	0.17643	0.867774	41728.3	38607.8	1.97069	1.00035
natural[53,2]	0.319299	0.0012119	0.269072	0.288787	0.00760051	0.265661	0.83172	40052.6	40726.0	1.89155	1.0001
natural[53,3]	0.37251	0.00182777	0.529512	0.524454	-0.472119	0.357058	1.26717	83517.7	52788.8	3.94426	0.999961
natural[54,1]	0.478935	0.00211265	0.346328	0.522056	0.017679	0.480279	0.976483	26831.0	45475.7	1.26714	1.00009
natural[54,2]	0.104179	0.00084106	0.157011	0.0425523	0.00148787	0.0327062	0.465942	40625.3	49150.0	1.9186	1.00008
natural[54,3]	0.100064	0.00136426	0.356919	0.348298	-0.470602	0.0911893	0.703305	69070.1	52254.2	3.26195	1.00022
natural[55,1]	0.0260784	7.9253e-05	0.0199532	0.0159098	0.00441102	0.0210207	0.0652404	58010.4	43118.5	2.73964	1.00015
natural[55,2]	1.39704	0.0011724	0.32698	0.326664	0.884627	1.38229	1.95683	76549.2	52054.8	3.61516	1.00015
natural[55,3]	1.05066	0.0013567	0.467297	0.467884	0.290851	1.04595	1.82583	119318.0	47056.5	5.63497	1.0001
natural[56,1]	0.015967	9.05562e-05	0.0109459	0.00983169	0.00289186	0.0136146	0.0371796	12536.8	29684.8	0.592073	1.0008
natural[56,2]	2.07749	0.0013323	0.38288	0.380561	1.47824	2.0599	2.73501	83394.7	53690.2	3.93845	1.00003
natural[56,3]	3.33837	0.00207351	0.607034	0.599908	2.3783	3.31527	4.37318	88796.6	45132.7	4.19356	1.00005
natural[57,1]	0.0493548	0.000254551	0.0397404	0.0292343	0.0088309	0.0410821	0.115341	19189.5	31324.6	0.906255	1.00039
natural[57,2]	1.02467	0.00109555	0.28135	0.278795	0.574658	1.01841	1.49358	65091.5	41377.7	3.07405	1.00012
natural[57,3]	2.92442	0.00166018	0.557031	0.548684	2.03448	2.90957	3.8719	114076.0	47386.8	5.38743	1.00013
natural[58,1]	0.713349	0.00179457	0.251833	0.24477	0.206099	0.787569	0.991034	19496.6	29970.7	0.920759	1.00037
natural[58,2]	0.0225615	0.000100377	0.0288553	0.0143093	0.000684669	0.0120096	0.0804829	94256.6	43857.0	4.45142	1.00001
natural[58,3]	2.26069	0.00153853	0.516835	0.509752	1.45892	2.23272	3.15598	119892.0	46378.3	5.66211	1.00018
natural[59,1]	0.70064	0.00153395	0.256419	0.266505	0.207164	0.772141	0.990352	26956.2	41562.7	1.27305	1.00039
natural[59,2]	0.0207249	9.32846e-05	0.0265893	0.0129751	0.000702265	0.0110719	0.073502	91817.4	47879.0	4.33623	1.00009
natural[59,3]	1.49977	0.00124051	0.404872	0.400229	0.858203	1.48731	2.19154	110337.0	48857.9	5.21086	1.00007
natural[60,1]	0.0904371	0.000381371	0.0585198	0.0487631	0.0202421	0.0807555	0.190677	22839.4	27873.2	1.07863	1.00053
natural[60,2]	0.852461	0.000986259	0.25144	0.246979	0.453866	0.845755	1.27818	63180.5	39926.4	2.9838	1.00022
natural[60,3]	3.06569	0.00178981	0.572232	0.568478	2.16289	3.04528	4.04448	103491.0	45946.9	4.88755	1.00015
natural[61,1]	0.462685	0.00152863	0.322948	0.442587	0.0358709	0.426961	0.972038	43466.6	51019.8	2.05278	1.00016
natural[61,2]	0.119799	0.000643112	0.161733	0.0673872	0.00178071	0.0514228	0.470111	63389.5	50401.4	2.99367	1.0
natural[61,3]	1.20381	0.00163215	0.51463	0.50969	0.389093	1.18501	2.08003	101942.0	51096.3	4.81438	1.0002
natural[62,1]	0.668055	0.0018568	0.279332	0.312337	0.152534	0.740694	0.991305	20305.8	39383.1	0.958976	1.00036
natural[62,2]	0.0274595	0.000136073	0.0384064	0.0157979	0.00068289	0.0129516	0.105195	91572.2	46270.8	4.32465	1.00002
natural[62,3]	2.03598	0.00146173	0.478741	0.472383	1.29267	2.01107	2.85984	113286.0	47069.7	5.35012	1.00003
natural[63,1]	0.277309	0.00125197	0.243535	0.172417	0.0335835	0.186281	0.821342	43436.8	40396.2	2.05137	1.00003
natural[63,2]	0.29221	0.000955174	0.220624	0.237923	0.0132911	0.255486	0.704609	44121.6	37406.3	2.08372	1.00005
natural[63,3]	0.508178	0.00133259	0.397096	0.393711	-0.127726	0.495981	1.18005	88062.5	51712.5	4.1589	1.00005
natural[64,1]	0.738374	0.00213716	0.238107	0.221844	0.251908	0.812437	0.992647	13168.2	26270.7	0.621888	1.00071
natural[64,2]	0.0197301	8.76517e-05	0.0249177	0.0125618	0.000588389	0.0105785	0.070143	89960.8	47667.5	4.24855	0.999987
natural[64,3]	2.90359	0.0018993	0.62948	0.621854	1.93756	2.86259	3.99659	118117.0	46586.9	5.57828	1.00022
natural[65,1]	0.108847	0.000221784	0.0512769	0.0492399	0.0352727	0.103445	0.201306	45934.0	31519.3	2.16931	1.0001
natural[65,2]	1.2174	0.00116211	0.320315	0.318403	0.718684	1.20237	1.76907	74331.6	51370.5	3.51043	1.00004
natural[65,3]	1.1026	0.00151493	0.456113	0.454101	0.36359	1.09633	1.86454	92156.9	47479.6	4.35226	1.00026
natural[66,1]	0.745781	0.00235639	0.244177	0.21053	0.237398	0.829528	0.994195	10296.5	25523.7	0.486269	1.00095
natural[66,2]	0.0170629	8.37724e-05	0.0228725	0.0104034	0.000487756	0.00874759	0.0626014	98777.9	46246.9	4.66495	1.00005
natural[66,3]	2.95477	0.00190405	0.629409	0.622877	1.9891	2.91495	4.05105	120362.0	43657.7	5.6843	1.00011
natural[67,1]	0.51437	0.00162867	0.301893	0.400815	0.0885036	0.479814	0.979333	33284.1	46403.1	1.5719	1.00026
natural[67,2]	0.0759869	0.000334289	0.0923183	0.0506301	0.00136893	0.0392271	0.270774	64108.5	47342.2	3.02763	0.99998
natural[67,3]	1.8968	0.00139044	0.450509	0.448084	1.193	1.87867	2.67612	108524.0	51821.9	5.12521	1.00017
natural[68,1]	0.27547	0.00164797	0.263515	0.179352	0.0218955	0.169925	0.861785	21944.0	38128.0	1.03634	1.00031
natural[68,2]	0.315859	0.00118248	0.23842	0.267384	0.0101054	0.281393	0.75439	34333.6	35499.4	1.62146	1.00008
natural[68,3]	2.37178	0.00177797	0.536017	0.537597	1.53228	2.35124	3.28873	90246.3	52491.6	4.26203	1.00009
natural[69,1]	0.550126	0.0014124	0.307091	0.414045	0.0595773	0.573777	0.97753	44708.5	44047.9	2.11143	1.00008
natural[69,2]	0.0604928	0.000325008	0.0843945	0.0347427	0.00145235	0.0282348	0.232498	74450.6	48012.1	3.51605	1.00001
natural[69,3]	0.486406	0.00133327	0.413963	0.411821	-0.18041	0.479934	1.17424	97635.4	53374.4	4.61099	1.00011
natural[70,1]	0.557196	0.00176478	0.316709	0.450027	0.0789798	0.581864	0.98467	30604.6	49958.3	1.44535	1.00018
natural[70,2]	0.0615803	0.000320985	0.0864819	0.0329679	0.00108146	0.0256504	0.248944	71925.5	50238.8	3.3968	1.00002
natural[70,3]	1.71375	0.0013997	0.43223	0.426572	1.03457	1.69641	2.44971	98762.2	51248.7	4.66421	1.00009
natural[71,1]	0.767703	0.00243104	0.234027	0.183219	0.271102	0.8547	0.995378	9241.34	21516.1	0.436437	1.00108
natural[71,2]	0.0146176	7.0158e-05	0.0195166	0.00889457	0.00042939	0.00746742	0.052724	95015.4	44809.9	4.48726	1.00002
natural[71,3]	3.40214	0.00219261	0.711559	0.700013	2.32232	3.35481	4.65207	117077.0	43680.4	5.52914	1.00019
natural[72,1]	0.387563	0.00138024	0.300565	0.304702	0.0398021	0.295603	0.95025	49442.2	46285.4	2.33499	1.00008
natural[72,2]	0.2023	0.000920031	0.23346	0.145908	0.0028169	0.11005	0.692983	54548.2	46295.7	2.57613	1.00001
natural[72,3]	1.15518	0.00161078	0.527071	0.520841	0.3194	1.13808	2.05065	109224.0	52381.5	5.15827	1.00003
natural[73,1]	0.531915	0.001347	0.291243	0.386673	0.0821426	0.533995	0.968533	45042.4	47918.7	2.1272	1.0001
natural[73,2]	0.0616286	0.00026117	0.0728892	0.0414985	0.00187268	0.0350069	0.212736	74384.2	46742.4	3.51291	0.999971
natural[73,3]	-0.0757389	0.00112122	0.348955	0.348665	-0.64764	-0.0759799	0.49892	97038.8	55036.7	4.58282	1.0
natural[74,1]	0.0673357	0.000172559	0.0440829	0.0381945	0.0143564	0.058316	0.150639	55660.0	36065.2	2.62863	1.00007
natural[74,2]	1.12094	0.00105512	0.288968	0.28633	0.661331	1.11249	1.60862	73465.9	45420.0	3.46955	1.00009
natural[74,3]	2.1225	0.00146423	0.494315	0.49547	1.33215	2.10965	2.95791	115215.0	46975.1	5.44124	1.00033
natural[75,1]	0.727043	0.00211102	0.251269	0.230258	0.217333	0.810059	0.992954	13994.4	28111.8	0.660909	1.00076
natural[75,2]	0.0194361	9.16586e-05	0.02584	0.0117388	0.000585486	0.00988021	0.071295	101094.0	45954.7	4.77433	1.00006
natural[75,3]	2.60006	0.00171187	0.561988	0.553334	1.73375	2.56758	3.57109	116943.0	46590.8	5.52282	1.00018
natural[76,1]	0.206323	0.00174476	0.241732	0.10926	0.0140656	0.104242	0.813995	15057.7	29907.3	0.711123	1.00037
natural[76,2]	0.411914	0.00156357	0.278372	0.316703	0.0132051	0.395823	0.898905	28872.4	31636.7	1.36355	1.00021
natural[76,3]	2.69335	0.00200311	0.573731	0.576022	1.78673	2.67376	3.66801	81429.6	50773.1	3.84565	1.00006
natural[77,1]	0.108808	0.000550448	0.0921244	0.0532498	0.0255243	0.0883004	0.248829	48378.8	34850.3	2.28477	1.00014
natural[77,2]	0.666146	0.00116338	0.256462	0.255243	0.243275	0.665009	1.09138	47293.0	29979.3	2.23349	1.00005
natural[77,3]	1.86118	0.00154104	0.469895	0.470601	1.10535	1.85191	2.64816	92350.2	46578.1	4.36139	1.00014
natural[78,1]	0.575316	0.00126254	0.275935	0.363998	0.135407	0.579452	0.977105	44605.7	44431.5	2.10658	1.00018
natural[78,2]	0.0516344	0.00020223	0.0591615	0.0362135	0.00145195	0.0301279	0.175197	72724.2	45638.6	3.43452	1.00001
natural[78,3]	1.05822	0.00116491	0.369677	0.368948	0.465847	1.04983	1.68112	101849.0	51394.3	4.81001	1.00009
natural[79,1]	0.725687	0.00147519	0.243764	0.231391	0.230901	0.799111	0.991156	27177.3	36834.4	1.28349	1.00029
natural[79,2]	0.0174946	7.43343e-05	0.0212712	0.0113942	0.00066534	0.00999626	0.0601921	94139.8	47592.7	4.44591	1.00008
natural[79,3]	1.46985	0.00126808	0.40515	0.401132	0.825827	1.45525	2.15957	105354.0	45603.1	4.97551	1.00015
natural[80,1]	0.67304	0.00125995	0.255536	0.281165	0.185495	0.729658	0.984257	39406.7	38750.1	1.86105	1.00025
natural[80,2]	0.0280651	0.000113295	0.0335596	0.0186458	0.00103237	0.0163661	0.0945889	90142.1	47106.4	4.25711	0.999954
natural[80,3]	0.914015	0.00112046	0.357543	0.355428	0.340366	0.904965	1.51406	103338.0	49376.0	4.88033	1.00006
natural[81,1]	0.751989	0.0019513	0.234485	0.204981	0.267206	0.830192	0.993553	14967.7	29400.6	0.706875	1.00078
natural[81,2]	0.0158085	7.01403e-05	0.020206	0.00991884	0.000532173	0.00849985	0.0554733	99204.1	44673.6	4.68508	0.999973
natural[81,3]	2.58891	0.00173407	0.566939	0.56017	1.71909	2.55442	3.58058	115593.0	46287.2	5.45906	1.00006
natural[82,1]	0.279998	0.00189267	0.290162	0.142647	0.0252358	0.146507	0.938275	23932.1	40051.3	1.13023	1.00018
natural[82,2]	0.253059	0.0010931	0.21515	0.25023	0.003773	0.217215	0.653199	33766.5	44804.5	1.59468	0.999972
natural[82,3]	2.10405	0.00173152	0.498674	0.500119	1.32175	2.08348	2.95889	82566.5	50807.2	3.89934	1.00007
natural[83,1]	0.780965	0.00217803	0.225969	0.166987	0.285846	0.864692	0.994921	11404.7	22003.7	0.538604	1.00101
natural[83,2]	0.0125631	5.77451e-05	0.0160046	0.00792594	0.000434068	0.00686382	0.0442791	96171.9	43737.0	4.54188	1.00004
natural[83,3]	2.96348	0.0019283	0.635935	0.629573	1.99098	2.92445	4.06832	120112.0	43952.2	5.6725	1.00022
natural[84,1]	0.0228447	0.00012537	0.0207939	0.0138806	0.00374995	0.0182734	0.0561847	52939.9	41501.2	2.50017	1.00011
natural[84,2]	1.9873	0.00208695	0.566652	0.55123	1.1252	1.95418	2.9799	71977.0	45076.2	3.39923	1.00011
natural[84,3]	1.939	0.00220818	0.693072	0.686665	0.828355	1.92157	3.11097	99611.9	44282.9	4.70434	1.00003
natural[85,1]	0.587966	0.00133791	0.291976	0.378086	0.0972247	0.621411	0.981281	45165.3	45735.4	2.13301	1.00014
natural[85,2]	0.0451548	0.000214833	0.0598346	0.0277042	0.00120773	0.0229469	0.164402	84881.8	48933.7	4.00868	1.00009
natural[85,3]	0.625775	0.00142839	0.473941	0.468576	-0.135722	0.617288	1.41721	112020.0	50483.1	5.29034	1.00006
natural[86,1]	0.607207	0.000783594	0.191222	0.197807	0.267064	0.619055	0.905602	56873.9	34908.2	2.68596	1.00001
natural[86,2]	0.139586	0.000545643	0.104587	0.113428	0.0070973	0.122209	0.334415	31752.9	32723.3	1.49958	1.00009
natural[86,3]	1.22966	0.00149442	0.404671	0.400744	0.591755	1.21321	1.91938	74001.3	51639.0	3.49483	1.00014
natural[87,1]	0.327683	0.00137133	0.262572	0.210413	0.0493741	0.235773	0.89627	42502.6	39112.5	2.00726	1.00012
natural[87,2]	0.234452	0.000903939	0.200429	0.201826	0.00663064	0.18765	0.623279	39056.6	39896.9	1.84451	1.00009
natural[87,3]	1.69174	0.00150803	0.454768	0.451699	0.976641	1.67281	2.46654	91004.7	53093.0	4.29785	1.00007
natural[88,1]	0.638863	0.00162929	0.298737	0.335774	0.0958307	0.71686	0.989056	32641.7	44713.2	1.54156	1.00012
natural[88,2]	0.0334752	0.000209633	0.0539403	0.0169571	0.00077754	0.0139615	0.135234	89318.3	46502.3	4.2182	1.00005
natural[88,3]	1.12123	0.00150211	0.498821	0.489794	0.333021	1.10498	1.96533	113852.0	46575.4	5.37686	1.00023
natural[89,1]	0.498648	0.00100219	0.221082	0.229855	0.178227	0.468537	0.915986	52258.2	35694.1	2.46798	1.00014
natural[89,2]	0.124715	0.000452943	0.101951	0.103415	0.00486404	0.103333	0.321183	38974.5	35602.2	1.84064	1.00002
natural[89,3]	1.32554	0.00138542	0.41143	0.405946	0.676247	1.31142	2.02859	89487.9	49780.2	4.22621	1.00007
natural[90,1]	0.703944	0.00219984	0.268747	0.253391	0.162314	0.789859	0.992367	14905.8	30934.0	0.703953	1.00066
natural[90,2]	0.0237105	0.000127206	0.0343792	0.0135315	0.000616425	0.0112082	0.0889515	99962.2	46639.8	4.72088	1.00005
natural[90,3]	2.58263	0.00170034	0.565963	0.562737	1.71617	2.54998	3.55862	118738.0	47497.3	5.60759	1.00012
natural[91,1]	0.0345875	8.92076e-05	0.0234658	0.0213756	0.00637304	0.0296688	0.079084	58402.8	41111.5	2.75817	1.00004
natural[91,2]	1.23649	0.00103869	0.291878	0.289577	0.778328	1.22574	1.73189	77832.7	47943.8	3.67578	1.00011
natural[91,3]	1.196	0.00129278	0.453185	0.453973	0.462381	1.19106	1.94878	122727.0	48303.8	5.79601	1.00007
natural[92,1]	0.698332	0.00200624	0.26215	0.273461	0.194654	0.773103	0.991947	16661.8	33012.0	0.786882	1.00065
natural[92,2]	0.0248184	0.000116995	0.0336481	0.0147544	0.000640491	0.0120987	0.0923345	93905.3	44002.5	4.43483	0.999995
natural[92,3]	2.60957	0.00169964	0.561839	0.555506	1.74695	2.57533	3.58707	117765.0	47098.0	5.56164	1.00024
natural[93,1]	0.788457	0.00246296	0.2265	0.156305	0.289764	0.877191	0.996088	8274.85	20070.2	0.390793	1.00107
natural[93,2]	0.0116617	5.75186e-05	0.0154699	0.00721759	0.00036889	0.00615688	0.0414625	89709.5	41089.3	4.23668	1.00005
natural[93,3]	3.403	0.00223137	0.719768	0.707358	2.30973	3.35467	4.66219	115992.0	46440.0	5.47789	1.00012
natural[94,1]	0.199209	0.00158839	0.253684	0.0814801	0.0153077	0.0856168	0.852996	31564.9	39662.8	1.4907	1.00014
natural[94,2]	0.443207	0.0018699	0.355871	0.42041	0.00752756	0.398751	1.08953	31778.7	40780.0	1.5008	1.00013
natural[94,3]	0.192378	0.00205947	0.546644	0.54493	-0.685585	0.181098	1.12109	69748.9	48528.6	3.29401	1.00003
natural[95,1]	0.18842	0.000786893	0.0998024	0.104577	0.0392659	0.182953	0.359063	15002.3	28659.8	0.708508	1.00057
natural[95,2]	1.35467	0.00267699	0.518199	0.495705	0.584984	1.30907	2.27711	36368.3	40686.4	1.71755	1.00009
natural[95,3]	0.750988	0.00282478	0.622385	0.611309	-0.246862	0.737163	1.79609	49312.3	43640.0	2.32885	1.0001
natural[96,1]	0.448781	0.001407	0.292168	0.335219	0.0702052	0.383541	0.961992	45087.4	45292.6	2.12933	1.00009
natural[96,2]	0.147307	0.000656735	0.17079	0.10579	0.00234467	0.0813671	0.507646	54665.8	48704.4	2.58168	1.00001
natural[96,3]	1.73712	0.00169758	0.573325	0.573885	0.84061	1.71171	2.71162	118242.0	49810.4	5.58416	1.00018
natural[97,1]	0.582465	0.00150612	0.293956	0.393292	0.10375	0.607787	0.982735	35374.2	45698.1	1.67061	1.00026
natural[97,2]	0.0495691	0.000218777	0.0637921	0.0309094	0.00117482	0.0250205	0.181845	83220.9	46160.0	3.93024	1.00006
natural[97,3]	1.48984	0.00127372	0.40878	0.40371	0.842706	1.47698	2.18394	106163.0	49719.6	5.01374	1.00016
natural[98,1]	0.650101	0.00150979	0.266306	0.327184	0.175636	0.692906	0.986711	28429.6	40183.1	1.34263	1.00026
natural[98,2]	0.032354	0.000135861	0.0405378	0.0209786	0.000908866	0.0174552	0.114376	92051.4	47532.7	4.34728	1.00001
natural[98,3]	1.64961	0.00128945	0.424943	0.420093	0.977914	1.63249	2.37432	112212.0	49564.3	5.29941	1.00022
natural[99,1]	0.603435	0.00130587	0.274	0.349859	0.136954	0.626307	0.980758	41696.7	44631.6	1.9692	1.00011
natural[99,2]	0.0450197	0.000183687	0.0540029	0.0305226	0.00124756	0.0253759	0.155388	79947.5	46299.3	3.77565	1.00003
natural[99,3]	1.36341	0.00119976	0.388936	0.38145	0.743645	1.35029	2.02566	107683.0	49133.3	5.08551	1.00012
natural[100,1]	0.635139	0.00173406	0.279453	0.335596	0.135895	0.688511	0.985708	25012.5	43520.2	1.18126	1.00025
natural[100,2]	0.040098	0.000180731	0.0526199	0.0249329	0.00097405	0.0204568	0.146216	86741.6	45659.9	4.09651	1.00009
natural[100,3]	2.08218	0.00148452	0.479896	0.474836	1.3369	2.05657	2.90778	110231.0	44275.9	5.20584	1.00007
natural[101,1]	0.702388	0.00234555	0.271432	0.262444	0.167969	0.789317	0.993348	12473.7	26627.2	0.589091	1.00084
natural[101,2]	0.0243672	0.00013107	0.0360199	0.0134437	0.00057354	0.0109176	0.0945347	102456.0	45291.5	4.83866	0.999992
natural[101,3]	2.96161	0.00225599	0.770795	0.7681	1.77378	2.91552	4.29908	126751.0	45548.3	5.98603	1.00025
natural[102,1]	0.26976	0.00184736	0.300952	0.131796	0.0154851	0.114881	0.926691	28169.6	46537.8	1.33035	1.00036
natural[102,2]	0.244682	0.00112435	0.225265	0.238354	0.00416819	0.188104	0.674837	36225.6	47900.1	1.71081	1.00025
natural[102,3]	-0.292095	0.00151631	0.396075	0.392361	-0.932876	-0.30018	0.370588	67833.8	49680.9	3.20356	1.00009
natural[103,1]	0.356393	0.00121422	0.261982	0.26778	0.0419266	0.291318	0.882469	48076.8	42417.4	2.2705	1.0001
natural[103,2]	0.236005	0.000844061	0.206632	0.196435	0.00763317	0.184612	0.647421	46950.6	39307.4	2.21732	1.00002
natural[103,3]	0.494939	0.00138638	0.427086	0.422119	-0.193875	0.485358	1.21666	95170.1	53746.7	4.49456	1.00011
natural[104,1]	0.47656	0.00165173	0.32689	0.462205	0.0270261	0.462192	0.973822	35973.5	44303.2	1.69891	1.00015
natural[104,2]	0.104096	0.00063636	0.144587	0.0560847	0.00164791	0.043469	0.429473	57060.1	48105.5	2.69475	1.00004
natural[104,3]	1.00334	0.00128962	0.37656	0.370044	0.404177	0.991131	1.64641	86445.0	56009.1	4.08251	1.00007
natural[105,1]	0.103434	0.00125017	0.168884	0.0392081	0.0109893	0.049459	0.477624	29892.7	22270.2	1.41173	1.00013
natural[105,2]	0.511653	0.00148222	0.274681	0.285371	0.0375303	0.515582	0.963479	32774.5	22738.2	1.54783	0.999999
natural[105,3]	0.531451	0.00172524	0.429449	0.429482	-0.164447	0.526285	1.24967	61320.6	41342.3	2.89597	1.00005
natural[106,1]	0.0407847	0.000147896	0.0344522	0.0285751	0.00454728	0.0304264	0.109148	48495.0	44624.2	2.29025	1.00005
natural[106,2]	1.53883	0.00129002	0.355535	0.349119	0.979805	1.52292	2.15144	74498.5	49526.2	3.51832	1.00006
natural[106,3]	0.985931	0.00135657	0.477338	0.475171	0.211845	0.980401	1.78142	124690.0	46845.4	5.88867	1.00019
natural[107,1]	0.228367	0.00125499	0.226114	0.126789	0.0265857	0.143058	0.775583	41132.6	35101.3	1.94256	1.00012
natural[107,2]	0.322956	0.0010333	0.229866	0.24842	0.0152888	0.292382	0.745667	40895.1	33512.0	1.93134	1.00002
natural[107,3]	1.02082	0.00141353	0.418059	0.416624	0.353274	1.00782	1.73081	86203.4	51104.4	4.0711	1.00002
natural[108,1]	0.0206013	7.98373e-05	0.0166045	0.0121965	0.00376815	0.0167284	0.0499303	45975.5	41419.3	2.17127	1.00007
natural[108,2]	1.34655	0.00113338	0.313475	0.307373	0.850529	1.33566	1.8802	75467.1	48743.6	3.56406	1.00009
natural[108,3]	0.930299	0.00133553	0.450098	0.447408	0.196922	0.926971	1.6746	114105.0	46303.2	5.38882	1.00001
natural[109,1]	0.28598	0.00170169	0.29793	0.152396	0.0207388	0.140263	0.926167	33975.2	48257.8	1.60453	1.00024
natural[109,2]	0.255668	0.00115281	0.230681	0.250961	0.00439418	0.201018	0.691783	37603.8	46743.9	1.7759	1.00012
natural[109,3]	0.913786	0.00158055	0.414701	0.414424	0.260771	0.897338	1.62323	68156.2	51168.1	3.21879	1.00002
natural[110,1]	0.568172	0.00181695	0.307547	0.422152	0.080819	0.594174	0.984544	26441.6	39305.9	1.24875	1.00022
natural[110,2]	0.0672773	0.000342127	0.0963011	0.0369199	0.0011056	0.0285137	0.269111	84535.3	47414.7	3.99232	1.0
natural[110,3]	2.32688	0.00211518	0.692106	0.689309	1.25578	2.29096	3.52728	113827.0	46830.9	5.37567	1.00024
natural[111,1]	0.146957	0.00101883	0.167466	0.0764369	0.0177601	0.0932997	0.513001	42303.1	29114.2	1.99783	1.00001
natural[111,2]	0.600932	0.0016208	0.345167	0.359609	0.0566969	0.584559	1.19777	38683.5	26233.2	1.82689	1.00008
natural[111,3]	1.10694	0.00214922	0.596735	0.598164	0.145803	1.09246	2.10409	75836.1	47249.5	3.58148	1.00008
natural[112,1]	0.725414	0.00142321	0.250774	0.229474	0.213284	0.807177	0.991818	31216.0	38974.8	1.47423	1.00019
natural[112,2]	0.0164684	7.53113e-05	0.0210786	0.0102602	0.000617477	0.00898997	0.0577341	90138.0	47210.3	4.25692	0.999978
natural[112,3]	1.34559	0.00123322	0.389051	0.383548	0.729105	1.3342	2.00668	102082.0	47140.0	4.82101	1.00001
natural[113,1]	0.0307565	0.000112083	0.0200242	0.0189759	0.00557096	0.026946	0.0686856	23942.6	32324.9	1.13073	1.00031
natural[113,2]	2.02146	0.0014922	0.406962	0.4011	1.39242	1.99895	2.72483	74159.8	53394.6	3.50232	1.00004
natural[113,3]	2.89346	0.00167287	0.556298	0.551117	2.00799	2.87532	3.84004	113444.0	46956.5	5.35757	1.00012
natural[114,1]	0.579742	0.00170463	0.322966	0.41233	0.0498367	0.642068	0.985897	34822.3	46432.6	1.64454	1.00019
natural[114,2]	0.0533775	0.000370476	0.0875968	0.0237059	0.000959316	0.0190613	0.238087	68992.5	50953.2	3.25828	1.00002
natural[114,3]	1.03948	0.00126128	0.371737	0.369327	0.449689	1.0286	1.66709	88184.5	52915.2	4.16466	1.00001
natural[115,1]	0.182105	0.000973485	0.16748	0.103107	0.0265168	0.133397	0.525136	42554.4	28469.7	2.0097	1.00008
natural[115,2]	0.448038	0.00112571	0.238695	0.246355	0.060725	0.440285	0.858556	40165.6	25413.6	1.89689	1.00011
natural[115,3]	1.35906	0.00155569	0.449486	0.450314	0.637079	1.34903	2.11357	82342.6	49132.5	3.88876	1.00008
natural[116,1]	0.592003	0.00143873	0.297852	0.381152	0.0910646	0.636741	0.982598	41957.1	46900.5	1.98149	1.00011
natural[116,2]	0.0415515	0.00020288	0.0554939	0.0250198	0.00112857	0.020901	0.155519	77640.4	47531.8	3.66669	0.999961
natural[116,3]	0.562351	0.00112592	0.343274	0.340668	0.00771745	0.558065	1.13539	93521.7	52993.1	4.41672	1.00007
natural[117,1]	0.560296	0.00114137	0.254229	0.310858	0.169634	0.542005	0.967833	48712.7	44030.7	2.30054	1.00018
natural[117,2]	0.0661905	0.000260977	0.0705365	0.049895	0.00188375	0.0420645	0.211757	57949.2	43364.1	2.73674	1.00005
natural[117,3]	1.10543	0.0011437	0.368393	0.366523	0.51729	1.09636	1.72704	105007.0	53154.0	4.95912	1.00003
natural[118,1]	0.621996	0.00127585	0.271922	0.348696	0.156744	0.653003	0.983833	42096.8	43935.2	1.98809	1.00023
natural[118,2]	0.0383369	0.000163952	0.0472949	0.0250134	0.00108655	0.0207571	0.134902	80477.4	46493.9	3.80068	1.00009
natural[118,3]	1.3637	0.00124993	0.391168	0.390254	0.739085	1.35031	2.02954	101233.0	49441.6	4.78088	1.00009
natural[119,1]	0.180458	0.00132626	0.21474	0.0839131	0.0195691	0.0989542	0.741378	36032.8	31937.6	1.70171	1.00017
natural[119,2]	0.381362	0.00120825	0.240444	0.266125	0.0181337	0.374342	0.792932	35891.7	32648.2	1.69504	1.0001
natural[119,3]	0.890497	0.00164594	0.431854	0.438862	0.198807	0.880001	1.61205	67460.2	47092.4	3.18592	1.00001
natural[120,1]	0.645752	0.00131025	0.269693	0.327394	0.162831	0.693965	0.985703	40696.3	44674.1	1.92195	1.00009
natural[120,2]	0.0310094	0.000134734	0.0387573	0.0198043	0.000986658	0.0167423	0.10959	90561.2	48201.8	4.2769	1.0
natural[120,3]	0.943559	0.00111601	0.356994	0.354539	0.371447	0.936057	1.54561	103851.0	49376.7	4.90452	1.00013
natural[121,1]	0.0722833	0.000399904	0.0624806	0.040005	0.013694	0.0601542	0.161304	27981.0	32635.8	1.32145	1.00057
natural[121,2]	0.832497	0.00119383	0.271357	0.267125	0.389551	0.829293	1.28172	51152.6	32148.0	2.41576	1.00017
natural[121,3]	2.46179	0.00167443	0.520987	0.51958	1.62776	2.4486	3.33857	96628.8	44783.2	4.56345	1.00009
natural[122,1]	0.0426698	0.000147488	0.0298963	0.0234858	0.00925573	0.0367564	0.0954653	36278.5	33370.3	1.71331	1.00022
natural[122,2]	1.07255	0.00103086	0.280132	0.278527	0.626354	1.06589	1.54577	72856.3	48522.6	3.44076	0.99999
natural[122,3]	2.28494	0.0015042	0.505767	0.504342	1.47671	2.27335	3.14287	115219.0	47535.1	5.44142	1.0001
natural[123,1]	0.693744	0.00130326	0.25506	0.266209	0.198519	0.762057	0.988096	38069.6	44180.4	1.7979	1.00013
natural[123,2]	0.0203674	8.55157e-05	0.0246053	0.0131726	0.000808261	0.0116431	0.0696539	89831.6	45879.7	4.24244	1.0001
natural[123,3]	0.580957	0.00107666	0.336996	0.33351	0.0359701	0.574654	1.14423	98903.3	49605.7	4.67087	1.0001
natural[124,1]	0.24847	0.00119847	0.209026	0.13179	0.0450331	0.18186	0.749103	43604.7	30948.2	2.0593	1.00011
natural[124,2]	0.297209	0.000894687	0.191691	0.208427	0.0181557	0.283099	0.636925	38934.6	29556.7	1.83875	1.00014
natural[124,3]	0.895122	0.00144948	0.409774	0.408658	0.244572	0.88368	1.58894	78807.7	51420.5	3.72182	1.00001
natural[125,1]	0.362771	0.000643875	0.119157	0.110403	0.174577	0.357143	0.566749	33834.9	23983.5	1.59791	1.00032
natural[125,2]	0.670437	0.000842744	0.206039	0.205142	0.352633	0.658357	1.02709	58939.4	49456.9	2.78351	1.00006
natural[125,3]	1.60261	0.00235273	0.481934	0.482029	0.833257	1.58782	2.41784	42314.7	46086.1	1.99838	1.00015
natural[126,1]	0.619161	0.00170946	0.28584	0.353348	0.112425	0.664107	0.985298	27368.8	41050.8	1.29254	1.00017
natural[126,2]	0.0429356	0.000205877	0.0581524	0.0261496	0.00101878	0.0212956	0.159176	87649.6	47986.0	4.1394	0.999991
natural[126,3]	1.86919	0.00137345	0.448186	0.442789	1.16579	1.85019	2.64001	111363.0	48544.8	5.25928	1.00019
natural[127,1]	0.705899	0.00167577	0.264458	0.25014	0.176286	0.7902	0.99124	24020.3	40540.1	1.1344	1.00041
natural[127,2]	0.019045	9.88229e-05	0.0262207	0.0112849	0.000654754	0.00978824	0.0695694	86254.3	46922.9	4.0735	1.00007
natural[127,3]	1.30013	0.00119812	0.386389	0.383396	0.684571	1.28908	1.95691	105910.0	50311.9	5.00177	1.00007
natural[128,1]	0.515133	0.00102635	0.248407	0.28807	0.121022	0.506305	0.932848	55775.2	43220.0	2.63408	1.00017
natural[128,2]	0.113829	0.000392641	0.102444	0.0936601	0.00410319	0.0869169	0.316289	53415.8	40986.0	2.52265	1.00013
natural[128,3]	1.04498	0.00120507	0.376887	0.373313	0.444165	1.03368	1.68047	98650.3	52075.7	4.65892	1.00011
natural[129,1]	0.418055	0.00138074	0.303954	0.363216	0.0410883	0.351289	0.950388	47694.3	47528.1	2.25244	1.00012
natural[129,2]	0.136377	0.000592803	0.151673	0.0983915	0.0029347	0.0785018	0.458125	58089.7	48144.7	2.74338	1.00014
natural[129,3]	0.544245	0.00126267	0.374661	0.368517	-0.0550356	0.534608	1.18143	88763.3	53961.6	4.19199	1.00005
natural[130,1]	0.553728	0.00122276	0.27665	0.354853	0.113479	0.551755	0.972445	47764.2	44316.0	2.25574	1.00017
natural[130,2]	0.0540154	0.000214846	0.061734	0.0381066	0.00161392	0.0321613	0.180962	74652.6	46553.7	3.52559	1.00002
natural[130,3]	0.173014	0.00112643	0.337929	0.33277	-0.380891	0.171579	0.733381	90524.3	51649.5	4.27516	1.00004
natural[131,1]	0.544131	0.00159921	0.308456	0.432827	0.0784039	0.549748	0.981695	34344.5	47537.3	1.62198	1.00039
natural[131,2]	0.0672157	0.000324125	0.0904267	0.0393289	0.00124801	0.0307514	0.257937	75658.3	48892.4	3.57309	1.00015
natural[131,3]	1.67157	0.001382	0.433002	0.426717	0.988492	1.65491	2.41182	101379.0	47075.0	4.7878	1.00019
natural[132,1]	0.636124	0.002344	0.2932	0.35463	0.110786	0.69663	0.989918	15305.5	32042.0	0.722829	1.00059
natural[132,2]	0.0416679	0.000220158	0.0615244	0.0223888	0.000762205	0.01763	0.166935	96212.7	48415.2	4.5438	1.0
natural[132,3]	2.89021	0.00197569	0.6389	0.631104	1.90779	2.85087	4.00585	115017.0	45322.4	5.43185	1.00007
natural[133,1]	0.144292	0.00073806	0.130314	0.0832034	0.021832	0.110651	0.379791	38500.9	33300.5	1.81827	1.0003
natural[133,2]	0.55674	0.0012085	0.265	0.270958	0.1207	0.551489	1.00213	44192.6	27844.3	2.08707	1.00015
natural[133,3]	0.223122	0.00151053	0.425096	0.423645	-0.468909	0.219603	0.929898	79103.2	48443.1	3.73578	1.0
natural[134,1]	0.73929	0.00153887	0.237818	0.216275	0.25166	0.814712	0.991952	23076.5	32878.1	1.08983	1.00047
natural[134,2]	0.0161292	6.67581e-05	0.0196163	0.0104568	0.000632113	0.00918095	0.0551821	90781.3	45108.7	4.28729	1.00004
natural[134,3]	1.6432	0.00133147	0.424883	0.41965	0.97529	1.62531	2.36783	105606.0	46001.5	4.9874	1.00009
natural[135,1]	0.331412	0.00113967	0.219124	0.175002	0.0748864	0.273513	0.820383	45106.1	32111.8	2.13021	1.00003
natural[135,2]	0.198045	0.000607701	0.144679	0.150766	0.0111185	0.175576	0.467194	44494.1	33813.8	2.1013	1.00011
natural[135,3]	0.271123	0.00124398	0.369552	0.366902	-0.324527	0.265384	0.888295	87971.6	51975.5	4.1546	1.00004
natural[136,1]	0.436727	0.00136315	0.279958	0.290032	0.092763	0.359211	0.953999	49622.6	43080.6	2.34351	1.00001
natural[136,2]	0.10549	0.000408375	0.103821	0.0868514	0.00269956	0.0733	0.314917	50594.9	44421.4	2.38942	1.00008
natural[136,3]	0.936742	0.00123806	0.376536	0.372411	0.336364	0.926489	1.57164	92763.7	53264.6	4.38092	1.00006
natural[137,1]	0.115727	0.00134752	0.192782	0.0407458	0.00794425	0.0442415	0.623481	24880.9	31014.8	1.17504	1.00036
natural[137,2]	0.541494	0.00167713	0.300669	0.316194	0.0316987	0.553253	1.02788	32044.0	28999.3	1.51333	1.00017
natural[137,3]	0.310617	0.00188668	0.441121	0.445712	-0.411152	0.30848	1.0455	54481.7	41873.0	2.57299	1.00006
natural[138,1]	0.598154	0.00140611	0.283224	0.362533	0.117147	0.631236	0.981749	37159.7	43670.4	1.75493	1.00042
natural[138,2]	0.0538666	0.000244017	0.0710653	0.0335279	0.00122989	0.0271119	0.198944	90470.0	47575.0	4.2726	1.00012
natural[138,3]	1.68107	0.00169243	0.560889	0.556974	0.799805	1.65619	2.63938	116239.0	45041.1	5.48958	1.00015
natural[139,1]	0.183415	0.00135996	0.205749	0.092227	0.0202516	0.110348	0.706634	29781.0	28135.7	1.40646	1.00013
natural[139,2]	0.351977	0.00110709	0.229518	0.253089	0.0172232	0.33774	0.754327	36618.9	30955.9	1.72939	1.00012
natural[139,3]	-0.147477	0.00156564	0.420825	0.420118	-0.82747	-0.152625	0.552777	71765.4	46448.1	3.38924	1.00003
natural[140,1]	0.612296	0.00135306	0.28251	0.346673	0.11494	0.658114	0.980949	41701.9	44607.9	1.96944	1.00005
natural[140,2]	0.0363903	0.0001608	0.0446423	0.0238733	0.00123732	0.0206147	0.125977	79232.5	47341.9	3.74188	0.999938
natural[140,3]	0.303297	0.00110676	0.34934	0.34987	-0.266313	0.299776	0.88175	100088.0	51089.6	4.72684	1.00016
natural[141,1]	0.705022	0.00149133	0.250826	0.259439	0.212615	0.772166	0.990091	27750.7	38480.4	1.31057	1.0004
natural[141,2]	0.0214976	9.11818e-05	0.0266934	0.0137961	0.00073412	0.0118768	0.0751359	90057.7	45831.4	4.25312	1.00012
natural[141,3]	1.67319	0.00129813	0.423793	0.422855	1.00804	1.65652	2.39538	110674.0	46334.6	5.22677	1.00021
natural[142,1]	0.509677	0.000977841	0.24073	0.274196	0.140608	0.493392	0.929301	59522.3	39860.1	2.81104	0.999984
natural[142,2]	0.109554	0.000365201	0.0984298	0.0883055	0.00419669	0.0835659	0.302754	53541.0	40724.5	2.52856	1.00005
natural[142,3]	0.794925	0.00113477	0.358791	0.355598	0.216615	0.786472	1.3989	100803.0	52439.1	4.76057	1.00002
natural[143,1]	0.18068	0.00106776	0.182244	0.0946724	0.0258272	0.118095	0.59774	38449.0	32878.9	1.81582	1.00031
natural[143,2]	0.448572	0.00122215	0.247848	0.262897	0.0531866	0.439968	0.873498	37066.2	26936.7	1.75051	1.00034
natural[143,3]	1.86277	0.00161175	0.481715	0.480425	1.09403	1.84688	2.67752	88103.3	47227.7	4.16082	1.00034
natural[144,1]	0.409632	0.00144713	0.293707	0.333139	0.0349886	0.346006	0.945055	37683.8	42516.0	1.77968	1.00017
natural[144,2]	0.123751	0.000520872	0.133605	0.0934344	0.0031971	0.0770521	0.400249	58273.3	45037.3	2.75205	1.00001
natural[144,3]	-0.470067	0.00121493	0.364434	0.360236	-1.06948	-0.470039	0.12874	90179.1	53941.8	4.25886	1.00007
natural[145,1]	0.239288	0.00125233	0.223179	0.130232	0.0330743	0.160467	0.785811	37696.2	37575.2	1.78027	1.00026
natural[145,2]	0.282749	0.000893952	0.202446	0.21991	0.0139157	0.257424	0.654832	42167.3	35685.8	1.99142	1.00023
natural[145,3]	-0.244022	0.00136947	0.391482	0.391187	-0.877783	-0.248044	0.407111	81461.7	49976.9	3.84716	1.00007
natural[146,1]	0.764873	0.00234647	0.23553	0.186709	0.263241	0.85013	0.995228	10194.4	20470.7	0.481447	1.00107
natural[146,2]	0.0150436	7.26111e-05	0.0200169	0.00928784	0.000436589	0.00780098	0.0539159	97175.4	45401.4	4.58927	1.00004
natural[146,3]	3.38362	0.002187	0.715656	0.71025	2.29182	3.33821	4.632	117740.0	47104.3	5.56047	1.00019
natural[147,1]	0.499579	0.00208079	0.355195	0.541149	0.0226775	0.520245	0.982873	30487.0	50064.4	1.4398	1.00025
natural[147,2]	0.0986799	0.000780691	0.157727	0.0335856	0.00111109	0.025426	0.460538	45668.6	49745.4	2.15677	1.00024
natural[147,3]	0.430227	0.00140944	0.394974	0.387107	-0.202708	0.420699	1.09546	79169.9	52075.4	3.73893	1.00009
natural[148,1]	0.582018	0.00129157	0.284736	0.367022	0.106028	0.605672	0.977591	46057.6	45914.4	2.17515	1.00002
natural[148,2]	0.0438926	0.00018868	0.0543171	0.0284135	0.00140281	0.024241	0.152945	82643.7	48355.0	3.90298	0.999995
natural[148,3]	0.07167	0.00113472	0.355144	0.352079	-0.510529	0.0696473	0.655252	98210.5	52212.9	4.63815	1.00016
natural[149,1]	0.740691	0.00224226	0.245766	0.215761	0.234481	0.824104	0.993749	11468.3	28601.6	0.541611	1.00076
natural[149,2]	0.0178726	8.55818e-05	0.0240462	0.0107538	0.000525025	0.00903295	0.0652586	96936.1	45119.3	4.57797	1.00006
natural[149,3]	2.92018	0.0018806	0.634382	0.626992	1.94224	2.88128	4.02586	125404.0	45979.9	5.9224	1.00017
natural[150,1]	0.0783518	0.000956993	0.125711	0.0356547	0.00881396	0.0435931	0.249947	31867.4	20848.4	1.50499	1.00021
natural[150,2]	0.640296	0.00146128	0.286925	0.283702	0.124466	0.648196	1.10138	38180.1	20368.0	1.80312	1.00003
natural[150,3]	0.464171	0.00172942	0.437588	0.435178	-0.256437	0.465799	1.18495	64257.6	40589.2	3.03467	1.00014
natural[151,1]	0.0407693	0.000875225	0.0952475	0.0164523	0.00428414	0.0204374	0.102841	28821.6	17877.9	1.36115	1.00026
natural[151,2]	0.805429	0.0016069	0.303926	0.290436	0.276032	0.811549	1.29163	37982.2	17852.3	1.79377	1.00021
natural[151,3]	0.340298	0.00187479	0.458461	0.456121	-0.421911	0.347288	1.08474	60803.6	35803.4	2.87155	1.00011
natural[152,1]	0.541766	0.00131134	0.293243	0.390356	0.0830518	0.540448	0.9747	47873.5	45536.2	2.26091	1.00034
natural[152,2]	0.0620811	0.000286305	0.0799919	0.0394246	0.00151104	0.0321091	0.223831	78145.2	47733.1	3.69053	1.00002
natural[152,3]	0.552621	0.0014558	0.484573	0.479907	-0.234671	0.544983	1.35655	112011.0	49027.8	5.28991	1.00019
natural[153,1]	0.668125	0.00167193	0.270275	0.307254	0.166141	0.731634	0.989482	24423.4	41862.7	1.15344	1.00033
natural[153,2]	0.0295798	0.000141831	0.0400669	0.0177677	0.000780349	0.0146749	0.109475	95539.8	47442.2	4.51203	0.999987
natural[153,3]	2.04526	0.00145966	0.48028	0.474904	1.29829	2.02129	2.87806	113797.0	48136.2	5.37424	1.00007
natural[154,1]	0.135307	0.00121909	0.178511	0.0617029	0.0151584	0.0750573	0.545854	30990.8	24667.3	1.46359	1.00005
natural[154,2]	0.471472	0.00135134	0.261628	0.275352	0.0358962	0.46995	0.908194	34398.8	24469.2	1.62454	1.00011
natural[154,3]	1.55167	0.00176652	0.468479	0.473766	0.796242	1.54134	2.33531	69060.8	45725.7	3.26151	1.00023
natural[155,1]	0.275591	0.00177987	0.297791	0.140168	0.0194943	0.132331	0.935364	32728.0	45531.3	1.54563	1.00024
natural[155,2]	0.233486	0.00102311	0.209147	0.23011	0.00364665	0.188533	0.631742	36714.9	46713.3	1.73392	1.00014
natural[155,3]	0.465296	0.00149268	0.395112	0.391931	-0.161127	0.450599	1.13857	68266.5	49755.6	3.224	1.00005
natural[156,1]	0.36079	0.00146287	0.289825	0.249979	0.0424175	0.255785	0.935805	42171.6	46298.8	1.99162	0.999999
natural[156,2]	0.163535	0.000667575	0.160945	0.137409	0.00372004	0.111855	0.48861	48836.2	46691.0	2.30637	0.999968
natural[156,3]	0.307943	0.00127759	0.375939	0.368924	-0.297226	0.297032	0.939642	86611.5	54567.1	4.09037	1.00011
natural[157,1]	0.204553	0.00125043	0.203632	0.107385	0.0296179	0.13548	0.709065	38585.8	28949.1	1.82228	1.00018
natural[157,2]	0.357414	0.00108117	0.225226	0.242737	0.022574	0.341313	0.754666	36975.1	27853.3	1.74621	1.0001
natural[157,3]	1.53936	0.00156428	0.448341	0.44845	0.82681	1.52471	2.29852	80751.4	48887.7	3.81362	0.999977
natural[158,1]	0.672458	0.00135322	0.266052	0.284407	0.159687	0.739157	0.986203	38164.0	43276.1	1.80236	1.00016
natural[158,2]	0.0263383	0.000119109	0.0336204	0.0166739	0.000926765	0.0144702	0.0917824	89230.2	47418.7	4.21404	1.00001
natural[158,3]	0.988694	0.00116145	0.365406	0.364393	0.40359	0.980175	1.60188	100756.0	50299.9	4.75837	1.00007
natural[159,1]	0.421365	0.00145242	0.330936	0.406736	0.0234617	0.345374	0.971021	50579.2	46409.3	2.38868	1.00006
natural[159,2]	0.243273	0.00127235	0.359836	0.109854	0.00180863	0.0793195	1.0286	79241.0	47757.5	3.74229	0.999993
natural[159,3]	1.67367	0.00297773	1.04613	1.03864	-0.0148231	1.65999	3.42593	124406.0	46737.0	5.87527	1.00012
natural[160,1]	0.587987	0.00140726	0.291256	0.385738	0.107251	0.618031	0.98162	42198.4	46129.7	1.99289	1.00002
natural[160,2]	0.0387723	0.000176497	0.0495823	0.0241801	0.00120668	0.0203806	0.139071	80036.8	48370.8	3.77987	0.999985
natural[160,3]	0.000678652	0.00106129	0.331597	0.327865	-0.546543	-0.000441281	0.546369	97942.9	51045.2	4.62551	1.00003
natural[161,1]	0.534485	0.00141222	0.304708	0.411017	0.062775	0.553566	0.973386	44666.9	46559.5	2.10947	1.00014
natural[161,2]	0.0664584	0.000334812	0.0874575	0.0403895	0.00161607	0.0331074	0.250848	67527.7	47766.4	3.18911	1.00015
natural[161,3]	0.561534	0.00117936	0.36196	0.358912	-0.024906	0.556154	1.16715	95019.9	52666.8	4.48747	1.00008
natural[162,1]	0.0289839	8.21105e-05	0.0207961	0.0181122	0.00500944	0.024189	0.0694061	55591.5	41992.5	2.6254	1.00006
natural[162,2]	1.68719	0.00129405	0.368344	0.363345	1.11291	1.66884	2.32361	79919.5	50665.1	3.77433	1.0002
natural[162,3]	0.79982	0.00131913	0.478042	0.473751	0.0153842	0.798052	1.59121	131778.0	46119.9	6.22343	1.0003
natural[163,1]	0.573318	0.00148899	0.300056	0.393403	0.0806794	0.608817	0.980139	35726.6	48259.8	1.68725	1.00021
natural[163,2]	0.0563417	0.000271286	0.0750736	0.0343596	0.00126076	0.027956	0.212574	78524.4	47339.6	3.70845	1.00012
natural[163,3]	1.30332	0.00125164	0.392649	0.388464	0.680048	1.29135	1.97238	100649.0	50581.5	4.75331	1.00012
natural[164,1]	0.442143	0.00153538	0.306778	0.332445	0.0688136	0.351472	0.968216	44516.3	45424.2	2.10236	1.00008
natural[164,2]	0.0945951	0.000427232	0.1062	0.068844	0.00191324	0.0536633	0.31453	53482.8	50741.8	2.52581	0.999998
natural[164,3]	0.443507	0.00118248	0.351319	0.349283	-0.121603	0.436522	1.03375	88526.2	52790.1	4.18079	1.0001
natural[165,1]	0.632648	0.00131241	0.273222	0.329536	0.14295	0.679504	0.983093	41671.3	44819.7	1.968	1.00007
natural[165,2]	0.031164	0.000133617	0.0377507	0.0204921	0.00109651	0.0177303	0.106666	82810.1	46974.5	3.91084	0.999958
natural[165,3]	0.212451	0.00107722	0.33247	0.331362	-0.333861	0.211637	0.761651	95534.9	50997.3	4.51179	1.00007
natural[166,1]	0.0827659	0.00129251	0.167951	0.0247481	0.00612385	0.0300445	0.470576	25276.4	21671.4	1.19372	1.0003
natural[166,2]	0.861965	0.00277511	0.466143	0.467878	0.0455163	0.876138	1.6268	27624.6	21674.1	1.30462	1.00015
natural[166,3]	0.140817	0.00266056	0.61713	0.6181	-0.876487	0.134468	1.1622	53692.7	40381.1	2.53573	1.00014
natural[167,1]	0.484778	0.00144483	0.305993	0.393129	0.0710803	0.436306	0.974487	44569.1	47027.0	2.10485	1.00014
natural[167,2]	0.0881025	0.000391641	0.108299	0.0582058	0.00159671	0.0452463	0.318019	65367.7	47493.7	3.08709	1.00001
natural[167,3]	1.16561	0.00123829	0.385958	0.383142	0.548638	1.15459	1.81873	98997.6	51509.8	4.67532	1.0
natural[168,1]	0.43696	0.00192866	0.331797	0.403303	0.0384963	0.355954	0.974998	27509.2	48574.1	1.29917	1.00031
natural[168,2]	0.137614	0.000717815	0.169263	0.0848841	0.00159029	0.0623782	0.504161	53140.6	51401.5	2.50965	1.00004
natural[168,3]	1.95935	0.00153712	0.469712	0.466791	1.22838	1.93872	2.76574	95601.4	53008.9	4.51493	1.00021
natural[169,1]	0.042398	0.000186616	0.0383008	0.0251399	0.0070095	0.0334088	0.104931	48936.8	41020.9	2.31112	1.00016
natural[169,2]	0.952145	0.00104512	0.274947	0.271576	0.507055	0.946858	1.41112	68203.0	40937.0	3.221	0.999985
natural[169,3]	0.61221	0.0013521	0.435307	0.437451	-0.10022	0.611525	1.32753	103851.0	48117.3	4.90452	1.00032
natural[170,1]	0.683041	0.00154457	0.255629	0.285002	0.202308	0.741712	0.988503	26564.5	36207.7	1.25455	1.00032
natural[170,2]	0.0269838	0.000112316	0.0333759	0.0175231	0.000818664	0.0147792	0.0951189	90149.5	46478.3	4.25746	1.0
natural[170,3]	1.8585	0.00136473	0.450314	0.445385	1.15566	1.8402	2.63388	113349.0	47912.1	5.3531	1.0
natural[171,1]	0.274069	0.00144401	0.26761	0.173056	0.0227915	0.165783	0.886657	37446.0	41302.5	1.76845	1.00008
natural[171,2]	0.28473	0.0010816	0.239513	0.261369	0.0063435	0.234783	0.735728	40699.8	40954.9	1.92211	1.00006
natural[171,3]	1.01014	0.00149468	0.420942	0.420917	0.353578	0.990241	1.73719	78294.2	52597.2	3.69757	1.00007
natural[172,1]	0.779398	0.00233683	0.231939	0.164177	0.273463	0.870294	0.995538	10309.2	23127.0	0.486868	1.00091
natural[172,2]	0.0119611	5.86224e-05	0.0160267	0.00730415	0.000409636	0.00632749	0.0425827	94035.7	44153.0	4.44099	0.999982
natural[172,3]	2.95656	0.0019113	0.631588	0.616713	1.99189	2.91634	4.05759	120262.0	43250.8	5.67957	1.0001
natural[173,1]	0.390429	0.00143383	0.294549	0.319968	0.037216	0.314979	0.940649	42027.1	46299.0	1.9848	1.00011
natural[173,2]	0.152396	0.000617844	0.153675	0.124548	0.0034982	0.101404	0.465572	51828.3	46340.9	2.44768	1.00007
natural[173,3]	0.595853	0.00124861	0.371141	0.368744	0.0068226	0.584632	1.22423	88622.8	56432.6	4.18536	0.999991
natural[174,1]	0.49283	0.00131146	0.298519	0.395743	0.0618772	0.473669	0.964118	48660.8	46361.3	2.29809	1.00008
natural[174,2]	0.0819287	0.000355766	0.0976222	0.0552337	0.0021512	0.0456073	0.28832	69389.2	49189.0	3.27702	1.00001
natural[174,3]	0.169255	0.00114497	0.353589	0.348376	-0.40695	0.166203	0.754126	95759.0	52771.1	4.52238	1.00007
natural[175,1]	0.67235	0.0013093	0.258827	0.289625	0.184144	0.728899	0.986273	36697.7	41566.0	1.73311	1.00015
natural[175,2]	0.0258354	0.000107525	0.0315242	0.016857	0.000919333	0.014642	0.0894195	87345.1	46059.4	4.12502	1.00001
natural[175,3]	0.936846	0.00116209	0.355421	0.352893	0.366737	0.928284	1.53645	94713.5	49349.9	4.473	1.00016
natural[176,1]	0.685448	0.00258582	0.280409	0.284122	0.14586	0.770595	0.993163	11107.0	26672.0	0.524545	1.00073
natural[176,2]	0.0305994	0.000171951	0.0461148	0.0162081	0.000583372	0.0128882	0.121995	92211.0	44890.0	4.35481	0.999982
natural[176,3]	3.4002	0.00223569	0.709887	0.701827	2.32233	3.35415	4.63931	112441.0	45331.8	5.31019	1.00033
natural[177,1]	0.124243	0.00045551	0.0743325	0.0498588	0.0458528	0.110721	0.240745	55925.0	34684.9	2.64115	1.0001
natural[177,2]	0.704265	0.00109124	0.258731	0.257267	0.290541	0.696628	1.14368	53051.0	31529.1	2.50542	0.999986
natural[177,3]	1.31551	0.00143852	0.434709	0.432538	0.614271	1.30525	2.04793	91249.1	49732.4	4.30939	1.00012
natural[178,1]	0.569213	0.00134855	0.290857	0.388717	0.098687	0.582744	0.979239	43458.4	47499.2	2.0524	1.00005
natural[178,2]	0.0463869	0.000204636	0.0579028	0.0298772	0.00132229	0.0246633	0.164592	78727.4	49477.0	3.71803	1.00001
natural[178,3]	0.473894	0.00114795	0.348165	0.344596	-0.0931495	0.470126	1.05118	92363.3	51462.0	4.36201	1.00015
natural[179,1]	0.42955	0.00102961	0.231357	0.25955	0.088912	0.412299	0.847378	51079.1	38761.7	2.41229	1.00004
natural[179,2]	0.181035	0.000521321	0.130648	0.129771	0.0134306	0.159829	0.426949	45705.3	32311.6	2.15851	1.00008
natural[179,3]	0.21591	0.00113618	0.360155	0.358275	-0.367771	0.21049	0.816056	100577.0	51851.4	4.74994	1.0001
natural[180,1]	0.3453	0.00138341	0.279306	0.257249	0.0356545	0.25725	0.918245	40463.6	42860.4	1.91096	1.00007
natural[180,2]	0.215237	0.000851134	0.198471	0.185886	0.00476826	0.159453	0.611106	43620.4	42811.7	2.06004	1.00015
natural[180,3]	1.69024	0.00144532	0.448116	0.445616	0.985631	1.67148	2.45354	96792.1	54832.8	4.57116	1.00005
natural[181,1]	0.658834	0.0018024	0.268214	0.302868	0.151819	0.715197	0.986922	22563.5	36205.4	1.0656	1.00032
natural[181,2]	0.0364578	0.000158759	0.0464852	0.0233618	0.000916961	0.019158	0.130197	87253.6	47569.9	4.12069	0.999976
natural[181,3]	2.33766	0.00155394	0.518577	0.514056	1.53577	2.3082	3.23508	118726.0	48384.3	5.60703	1.00003
natural[182,1]	0.636421	0.00192873	0.274955	0.343776	0.152438	0.677413	0.987969	18813.4	36460.0	0.888496	1.00045
natural[182,2]	0.0391575	0.000163099	0.0493691	0.0253366	0.00087943	0.0203721	0.141031	84304.3	46743.5	3.98141	0.999991
natural[182,3]	2.6008	0.00169513	0.562462	0.553911	1.73673	2.56951	3.58122	119556.0	48058.3	5.64624	1.00006
natural[183,1]	0.0153315	8.49918e-05	0.0165522	0.00928154	0.00141224	0.00976547	0.0490237	48919.6	43392.7	2.31031	1.00013
natural[183,2]	6.27578	0.00673967	1.85771	1.80556	3.62869	6.06486	9.64219	78385.1	53671.6	3.70187	1.00004
natural[183,3]	1.3312	0.0030238	0.932176	0.927374	-0.161912	1.30592	2.89425	96548.7	46015.2	4.55967	1.00015
natural[184,1]	0.453364	0.00105904	0.250978	0.283319	0.0949571	0.422549	0.91283	54907.5	41103.3	2.5931	1.00009
natural[184,2]	0.139875	0.000460843	0.122531	0.114525	0.00507427	0.109323	0.382263	53547.3	40215.0	2.52886	1.00005
natural[184,3]	0.892334	0.00120009	0.376553	0.37325	0.290806	0.881829	1.52964	99352.0	53040.5	4.69206	1.00009
natural[185,1]	0.516554	0.00115205	0.278697	0.354436	0.0985139	0.496658	0.9632	56255.9	47131.5	2.65678	1.00004
natural[185,2]	0.0764918	0.000297257	0.0860374	0.0543834	0.00223325	0.0456523	0.254241	73421.2	47280.1	3.46744	0.999984
natural[185,3]	0.405697	0.00115192	0.361779	0.359932	-0.179055	0.400357	1.00745	99207.8	52956.9	4.68525	1.0001
natural[186,1]	0.451618	0.00122047	0.282625	0.341335	0.0728615	0.406851	0.946898	54577.7	43558.6	2.57752	1.00006
natural[186,2]	0.127658	0.00049166	0.129318	0.100652	0.00337164	0.0851495	0.393114	55106.0	43602.7	2.60247	0.999965
natural[186,3]	1.26778	0.0012797	0.398409	0.397246	0.634873	1.2552	1.9403	99066.1	55877.5	4.67856	1.00007
natural[187,1]	0.783923	0.00216953	0.227201	0.16072	0.283126	0.871773	0.995452	11233.1	23008.0	0.5305	1.00089
natural[187,2]	0.0117121	5.50438e-05	0.0152781	0.00728132	0.000417205	0.00629572	0.0419141	96997.6	45172.3	4.58087	1.00001
natural[187,3]	2.95786	0.00189745	0.62916	0.620827	1.99122	2.91694	4.05774	120170.0	46744.9	5.67524	1.00004
natural[188,1]	0.522433	0.00144653	0.30914	0.429215	0.0622548	0.517528	0.975762	44111.3	47285.7	2.08323	1.00019
natural[188,2]	0.0647284	0.000303796	0.0821091	0.0409678	0.00151306	0.0332509	0.238058	70917.1	49380.2	3.34917	1.00009
natural[188,3]	0.519361	0.00115236	0.341706	0.337052	-0.0329675	0.514088	1.09298	88648.3	52936.9	4.18656	0.99999
natural[189,1]	0.502204	0.00158172	0.317892	0.447556	0.0433069	0.500822	0.972141	38894.0	48337.4	1.83683	1.00001
natural[189,2]	0.0774045	0.000417597	0.102913	0.0447969	0.00174415	0.0360942	0.301195	59215.0	46710.2	2.79653	0.99999
natural[189,3]	0.150817	0.00116979	0.345139	0.340766	-0.407283	0.147225	0.725861	87518.1	53743.0	4.13318	1.00011
natural[190,1]	0.0495662	0.000406639	0.0543805	0.0277653	0.00879454	0.0393086	0.112773	39600.4	36683.5	1.87019	1.0002
natural[190,2]	0.801306	0.0011563	0.272726	0.268917	0.359228	0.798257	1.25504	54543.0	31576.3	2.57588	1.00008
natural[190,3]	-0.0473161	0.00145506	0.450889	0.449659	-0.794423	-0.0428531	0.683792	96704.5	47400.0	4.56703	1.0
natural[191,1]	0.383983	0.00161021	0.314079	0.328899	0.0266295	0.287234	0.953074	36763.0	47848.7	1.73619	1.00015
natural[191,2]	0.163261	0.000768887	0.199455	0.104416	0.00267076	0.0794685	0.593266	56875.8	46874.0	2.68605	1.00009
natural[191,3]	-0.470318	0.00156791	0.490644	0.48643	-1.28112	-0.468549	0.328345	98256.1	52452.1	4.6403	1.00019
natural[192,1]	0.562279	0.00130857	0.294079	0.396525	0.0953483	0.576178	0.978961	47694.1	46506.3	2.25243	1.00012
natural[192,2]	0.0582505	0.000260191	0.0764136	0.0359025	0.00135801	0.0290754	0.216674	88102.1	46458.2	4.16077	1.00003
natural[192,3]	0.884714	0.00138101	0.479525	0.47417	0.117164	0.872484	1.69278	122408.0	49190.2	5.78091	0.999989
natural[193,1]	0.60562	0.00127272	0.275838	0.348356	0.128968	0.635828	0.980186	44245.3	44428.9	2.08956	1.00016
natural[193,2]	0.0390537	0.000160006	0.0468742	0.0260468	0.00125099	0.0221499	0.134736	84992.6	47631.2	4.01392	1.00006
natural[193,3]	0.490334	0.00108346	0.335846	0.334158	-0.0535349	0.486954	1.04963	96756.1	52357.4	4.56946	1.0002
natural[194,1]	0.0398199	0.000436175	0.0516483	0.0229692	0.00549464	0.0286222	0.101512	43933.4	36932.7	2.07482	1.00026
natural[194,2]	1.28229	0.00187474	0.439223	0.42892	0.583263	1.27335	2.01662	52773.3	28809.1	2.4923	1.00024
natural[194,3]	1.39428	0.00207626	0.615849	0.610368	0.392937	1.38743	2.42416	87535.2	41004.2	4.134	1.00034
natural[195,1]	0.0441251	0.000106283	0.0282956	0.0262359	0.00880923	0.0389717	0.0973432	58405.6	39306.2	2.7583	1.00009
natural[195,2]	1.28233	0.0010565	0.298469	0.297141	0.812554	1.2719	1.78947	78375.2	48063.6	3.7014	1.0
natural[195,3]	1.3346	0.00131078	0.456498	0.452933	0.596851	1.32774	2.097	122135.0	48917.0	5.76804	1.00009
natural[196,1]	0.078021	0.000327233	0.0579911	0.0418411	0.0175177	0.0680253	0.165257	49779.9	38903.2	2.35094	1.00014
natural[196,2]	0.78557	0.00108376	0.260212	0.25564	0.363167	0.780572	1.21928	56363.2	34416.1	2.66184	1.00013
natural[196,3]	1.95724	0.00144228	0.476089	0.473079	1.19328	1.94838	2.75784	108735.0	45579.4	5.13517	1.00017
natural[197,1]	0.14585	0.00200432	0.241564	0.0437289	0.00891463	0.0483077	0.839458	20893.5	26394.0	0.986728	1.00042
natural[197,2]	0.434037	0.0017976	0.283804	0.318004	0.00806994	0.438452	0.905543	24096.6	31232.1	1.138	1.00033
natural[197,3]	0.153465	0.00202485	0.436626	0.441574	-0.557429	0.148649	0.87879	46114.1	38946.7	2.17781	1.00012
natural[198,1]	0.661036	0.00139798	0.270169	0.304916	0.152855	0.720911	0.986725	36816.2	43972.7	1.7387	1.00012
natural[198,2]	0.0268982	0.000123743	0.0345804	0.0169396	0.000923313	0.0145969	0.094327	91808.3	49215.0	4.3358	1.00001
natural[198,3]	0.807596	0.00112582	0.34577	0.345533	0.252164	0.800941	1.38901	95502.0	50148.0	4.51024	1.00014
natural[199,1]	0.151549	0.00166418	0.226441	0.0551527	0.0122264	0.0632654	0.78917	24009.6	27614.4	1.1339	1.00024
natural[199,2]	0.414493	0.00156447	0.278051	0.315664	0.00975083	0.406864	0.888695	28750.8	32083.7	1.3578	1.00009
natural[199,3]	-0.659718	0.00173378	0.438883	0.440788	-1.38006	-0.661149	0.0622603	64230.7	46780.4	3.0334	1.00004
natural[200,1]	0.570711	0.00135942	0.297119	0.399126	0.0939133	0.596495	0.980086	45604.9	47419.3	2.15377	1.00008
natural[200,2]	0.0491332	0.000233707	0.0649099	0.0296458	0.00127742	0.0243015	0.184224	84388.8	47539.8	3.9854	1.0
natural[200,3]	0.528645	0.00113092	0.3466	0.34353	-0.0332631	0.523161	1.10882	94555.2	51859.3	4.46552	1.00009
natural[201,1]	0.492807	0.00150306	0.319372	0.451705	0.0437297	0.483804	0.972428	42629.2	46828.7	2.01323	1.00008
natural[201,2]	0.0852601	0.000467581	0.116465	0.0475437	0.00172985	0.0378694	0.338919	65589.7	47556.3	3.09758	1.00004
natural[201,3]	0.248798	0.00115419	0.341945	0.338293	-0.306561	0.244693	0.816565	87909.3	53517.0	4.15166	1.00006
natural[202,1]	0.420862	0.00108993	0.263181	0.303057	0.0579934	0.385292	0.905546	57882.1	44020.6	2.73358	1.00029
natural[202,2]	0.191481	0.000678873	0.176075	0.157446	0.00615309	0.143964	0.538655	53074.3	41135.9	2.50652	1.00005
natural[202,3]	0.475589	0.00161168	0.515882	0.508393	-0.353239	0.465822	1.34113	103050.0	51333.6	4.86673	1.00004
natural[203,1]	0.654125	0.00144586	0.281464	0.321684	0.13545	0.720326	0.988585	35979.0	38969.2	1.69917	1.00018
natural[203,2]	0.0271532	0.000140444	0.0376015	0.0157652	0.000808681	0.0133667	0.101593	87315.6	48085.8	4.12362	0.999997
natural[203,3]	0.935897	0.0011274	0.353822	0.351158	0.369716	0.926967	1.53012	100193.0	48528.6	4.73176	1.00005
natural[204,1]	0.776731	0.00230071	0.229264	0.170896	0.281076	0.86296	0.995089	9945.56	22411.6	0.469695	1.0008
natural[204,2]	0.0125659	5.93376e-05	0.0164643	0.00777215	0.000436199	0.00673616	0.0442146	97241.3	45498.7	4.59238	0.999981
natural[204,3]	2.93722	0.00192814	0.63341	0.62559	1.97341	2.89814	4.04075	118358.0	45207.1	5.58967	1.0
natural[205,1]	0.736432	0.00162724	0.245283	0.216287	0.227896	0.818093	0.992149	22771.5	35792.8	1.07542	1.00046
natural[205,2]	0.0159179	7.01709e-05	0.0199681	0.0101218	0.000604409	0.0088487	0.0553756	93305.7	45314.1	4.40651	0.999992
natural[205,3]	1.60495	0.00132174	0.428108	0.422359	0.932056	1.58968	2.33506	107413.0	49200.4	5.07276	1.0001
natural[206,1]	0.697768	0.00142163	0.256813	0.260008	0.187435	0.76825	0.988846	32074.2	41975.2	1.51476	1.00019
natural[206,2]	0.0229807	0.000103049	0.0296299	0.0143798	0.00077912	0.012406	0.0809636	92002.4	44594.3	4.34496	1.00003
natural[206,3]	1.39092	0.00153414	0.527008	0.521927	0.556383	1.3725	2.29123	122783.0	48651.6	5.79864	1.00005
natural[207,1]	0.316312	0.00167478	0.308586	0.187934	0.0239796	0.16859	0.94194	35791.7	48332.7	1.69032	1.00009
natural[207,2]	0.209367	0.000953528	0.205387	0.188441	0.0033907	0.144154	0.613252	41657.1	47669.0	1.96733	0.999987
natural[207,3]	0.332299	0.00138838	0.387061	0.384161	-0.286422	0.322161	0.987252	76932.6	50969.6	3.63327	1.00004
natural[208,1]	0.450902	0.00135445	0.294485	0.358462	0.058759	0.399333	0.955095	46284.4	45375.9	2.18585	0.999983
natural[208,2]	0.10115	0.000403978	0.109243	0.0752877	0.00261593	0.0620578	0.32943	61485.3	45453.3	2.90374	1.00013
natural[208,3]	0.525554	0.00116778	0.358643	0.356995	-0.0484723	0.517508	1.12538	94998.1	53974.5	4.48644	1.0001
natural[209,1]	0.0969009	0.00128084	0.158475	0.0386823	0.0111203	0.0505125	0.387455	28746.2	16789.2	1.35759	1.00054
natural[209,2]	0.540525	0.00155152	0.281611	0.285654	0.0437052	0.544962	1.00512	31214.0	17216.4	1.47413	1.00006
natural[209,3]	0.45746	0.00182521	0.449252	0.450908	-0.275737	0.451961	1.20308	60404.4	43022.6	2.8527	1.00002
natural[210,1]	0.103957	0.000725113	0.114205	0.054815	0.0164603	0.072216	0.287664	45462.4	30025.2	2.14704	1.00017
natural[210,2]	0.612637	0.00122845	0.264302	0.26703	0.16696	0.613565	1.04851	44089.7	25654.8	2.08221	1.00019
natural[210,3]	0.872333	0.00154235	0.432016	0.435106	0.168684	0.868189	1.58797	77922.3	44844.3	3.68001	1.00009
natural[211,1]	0.028301	8.40933e-05	0.0205218	0.0169891	0.00513735	0.0236253	0.0671765	51081.8	40194.6	2.41242	1.00015
natural[211,2]	1.25598	0.00108871	0.303795	0.301904	0.775376	1.24717	1.7705	76330.5	47832.4	3.60483	1.00001
natural[211,3]	0.952288	0.00131564	0.45023	0.446615	0.218953	0.951895	1.69781	117568.0	48260.2	5.55236	1.00015
natural[212,1]	0.0304151	0.000142838	0.0314561	0.0178502	0.00377404	0.0209103	0.0902663	40139.7	42349.9	1.89566	1.00007
natural[212,2]	1.60774	0.00185633	0.488542	0.48194	0.855869	1.58114	2.44987	67070.7	46904.6	3.16753	1.00006
natural[212,3]	2.01619	0.0021457	0.662875	0.656285	0.958737	2.00007	3.13421	97468.7	46128.4	4.60312	1.00007
natural[213,1]	0.476569	0.00149514	0.293249	0.358424	0.0545047	0.437665	0.965617	34964.0	37819.6	1.65123	1.00025
natural[213,2]	0.10309	0.000438752	0.118043	0.0753908	0.00208571	0.0608037	0.344632	57841.8	44922.8	2.73167	1.00007
natural[213,3]	1.72294	0.00139512	0.441949	0.438371	1.0317	1.70481	2.4788	103474.0	50633.7	4.88674	1.00006
natural[214,1]	0.760551	0.00225198	0.235002	0.193228	0.266131	0.844361	0.994419	10958.7	24815.4	0.517542	1.00129
natural[214,2]	0.014919	6.98268e-05	0.019468	0.00920835	0.000485367	0.00783017	0.0536456	99397.3	45033.7	4.6942	1.00004
natural[214,3]	2.95871	0.0018804	0.629137	0.617337	1.99234	2.91917	4.05485	123466.0	45667.6	5.83086	1.00017
natural[215,1]	0.105811	0.000810458	0.124382	0.0568361	0.0132105	0.0693988	0.321042	22266.1	29379.8	1.05155	1.00041
natural[215,2]	0.591298	0.0012521	0.267413	0.268869	0.142124	0.588051	1.03637	43146.5	28038.3	2.03767	1.00016
natural[215,3]	-0.597317	0.00158697	0.457161	0.455173	-1.35996	-0.591748	0.146316	83944.7	45043.3	3.96443	1.00016
natural[216,1]	0.0939552	0.000275065	0.0605959	0.0452163	0.0267432	0.0811382	0.201805	48558.0	36585.0	2.29323	1.00009
natural[216,2]	0.880808	0.000990007	0.261737	0.262447	0.462067	0.874092	1.32098	68222.8	45239.9	3.22193	1.00007
natural[216,3]	2.47523	0.00170751	0.521019	0.519761	1.64595	2.46256	3.35503	94852.6	48564.7	4.47957	1.00014
natural[217,1]	0.458883	0.00141039	0.269123	0.336091	0.056133	0.456272	0.907358	37871.8	42836.0	1.78856	1.00024
natural[217,2]	0.146513	0.000515939	0.13145	0.115643	0.00636044	0.112951	0.407153	51221.9	40490.5	2.41904	1.00015
natural[217,3]	-0.26393	0.00119426	0.36785	0.36477	-0.871173	-0.263953	0.338317	95086.7	51601.7	4.49063	1.00021
natural[218,1]	0.498738	0.0013082	0.288247	0.373935	0.0721064	0.483553	0.959585	46283.1	45770.2	2.18579	1.00001
natural[218,2]	0.0762216	0.000298162	0.0847903	0.0542787	0.00232564	0.0459573	0.252081	70098.9	46498.4	3.31054	0.999982
natural[218,3]	-0.250034	0.00112874	0.347795	0.345586	-0.823335	-0.249327	0.321151	95130.8	53608.3	4.49271	1.00014
natural[219,1]	0.614862	0.00127644	0.268752	0.334276	0.148349	0.646244	0.979603	40047.6	45823.1	1.89131	1.0002
natural[219,2]	0.0449545	0.000187744	0.0539671	0.0302047	0.00127622	0.0252424	0.155195	79814.7	48600.2	3.76938	1.00004
natural[219,3]	1.19779	0.00120283	0.380573	0.379179	0.5921	1.18733	1.83941	102016.0	50539.4	4.81787	1.00011
natural[220,1]	0.737037	0.00231238	0.240679	0.227276	0.251523	0.811199	0.993616	11166.3	25392.0	0.527346	1.00097
natural[220,2]	0.0206305	9.92544e-05	0.0271023	0.0128278	0.000544782	0.0105564	0.07485	86790.5	44734.0	4.09882	0.999997
natural[220,3]	3.40334	0.00212081	0.712407	0.701347	2.31796	3.35676	4.6472	125099.0	45694.2	5.90801	1.00003
natural[221,1]	0.264891	0.00139844	0.24381	0.145398	0.0346662	0.175925	0.864133	40070.8	36654.5	1.89241	1.00025
natural[221,2]	0.268833	0.000964168	0.210337	0.234136	0.00727993	0.237115	0.659598	38630.6	38208.2	1.82439	1.00019
natural[221,3]	0.717499	0.00137265	0.392088	0.388345	0.0885115	0.707021	1.38026	80386.2	51188.7	3.79637	1.0001
natural[222,1]	0.679499	0.00253157	0.290352	0.288569	0.124841	0.773268	0.993343	12336.0	30987.3	0.582587	1.00069
natural[222,2]	0.0289821	0.000180392	0.0470594	0.0143192	0.000565199	0.0114611	0.11903	89510.9	45996.5	4.2273	1.00003
natural[222,3]	2.92702	0.00194221	0.631616	0.624177	1.95698	2.88771	4.03022	117002.0	46445.3	5.52563	1.00009
natural[223,1]	0.24987	0.00163597	0.262621	0.112002	0.0327929	0.135144	0.896561	34104.0	38953.8	1.61062	1.0001
natural[223,2]	0.260196	0.00107007	0.2102	0.242951	0.00548876	0.228281	0.64826	32684.6	39883.3	1.54358	1.0001
natural[223,3]	0.453842	0.00139236	0.385176	0.384234	-0.164095	0.444245	1.10021	75619.1	47577.5	3.57123	1.00008
natural[224,1]	0.56951	0.00119722	0.271889	0.345716	0.123682	0.577048	0.97244	49247.9	45632.6	2.32581	1.00011
natural[224,2]	0.0500866	0.000194433	0.0560847	0.0354124	0.00160719	0.0303116	0.16434	74181.6	46915.2	3.50335	1.00005
natural[224,3]	0.312178	0.00113242	0.342995	0.339501	-0.248	0.310166	0.877592	92194.7	50168.5	4.35404	1.00005
natural[225,1]	0.626841	0.00137203	0.281932	0.344727	0.125684	0.676204	0.984278	41047.6	45010.8	1.93854	1.00014
natural[225,2]	0.0333323	0.000152831	0.0433411	0.0206882	0.00102257	0.0175463	0.120151	89499.4	48819.8	4.22676	1.00001
natural[225,3]	0.582938	0.00106492	0.334684	0.332809	0.0399126	0.578238	1.14454	99370.7	52252.6	4.69294	1.0001
natural[226,1]	0.543586	0.00117829	0.274134	0.351374	0.11244	0.543016	0.96445	51563.0	46151.8	2.43515	1.00008
natural[226,2]	0.0641676	0.000235116	0.0694437	0.0469803	0.00207358	0.0404745	0.206349	71227.8	46294.3	3.36385	0.999995
natural[226,3]	0.388542	0.00109348	0.334449	0.331518	-0.15499	0.385009	0.945151	94076.0	53345.7	4.44289	1.00007
natural[227,1]	0.515223	0.00101313	0.247179	0.297182	0.139035	0.502359	0.932037	57788.8	39441.1	2.72917	1.00002
natural[227,2]	0.117729	0.000404228	0.107376	0.0957123	0.00423254	0.0884721	0.328643	52412.5	39635.6	2.47527	1.00002
natural[227,3]	1.01778	0.00117691	0.371129	0.368154	0.425008	1.00778	1.6476	100542.0	52202.7	4.74826	1.0002
natural[228,1]	0.774167	0.00244871	0.231468	0.17488	0.277664	0.860874	0.995329	8644.13	21094.2	0.408233	1.00126
natural[228,2]	0.0136788	6.65147e-05	0.0183826	0.0083361	0.000426034	0.00707004	0.0493448	94676.1	41511.5	4.47123	1.00007
natural[228,3]	3.40542	0.00225584	0.711695	0.704511	2.31977	3.35797	4.65189	109807.0	45360.2	5.1858	1.00019
natural[229,1]	0.602342	0.00147244	0.29878	0.396068	0.10835	0.643988	0.987298	40367.2	47990.5	1.90641	1.00012
natural[229,2]	0.0395254	0.00019822	0.0546387	0.0225432	0.000930835	0.0181868	0.153007	81070.1	48638.3	3.82867	1.00004
natural[229,3]	1.07481	0.00117501	0.367631	0.364078	0.488161	1.06301	1.6968	99429.3	50156.4	4.69571	1.00005
natural[230,1]	0.729203	0.00155011	0.245285	0.229144	0.231118	0.805389	0.991783	25243.0	39168.3	1.19214	1.00051
natural[230,2]	0.0163258	7.30711e-05	0.0205373	0.0103289	0.000628921	0.00908019	0.0566612	89710.2	43656.5	4.23671	1.0001
natural[230,3]	1.34652	0.00119916	0.386928	0.384164	0.731981	1.33773	2.00267	106598.0	49233.1	5.03429	1.00005
natural[231,1]	0.307261	0.00135719	0.258498	0.205938	0.0327257	0.219801	0.876935	37469.8	42652.5	1.76957	1.00015
natural[231,2]	0.237781	0.00085648	0.211019	0.201957	0.00717567	0.184708	0.650189	46104.8	40884.7	2.17737	0.999995
natural[231,3]	-0.342841	0.00166079	0.510901	0.505032	-1.18104	-0.343203	0.499407	94850.6	50128.5	4.47947	1.00029
natural[232,1]	0.606364	0.00106067	0.237475	0.279737	0.200118	0.617153	0.964697	47136.1	41346.3	2.22608	1.00015
natural[232,2]	0.0653538	0.000254883	0.0666509	0.0501713	0.00205816	0.043437	0.201991	54396.8	43559.8	2.56898	1.00004
natural[232,3]	1.28498	0.00126794	0.392224	0.387083	0.662721	1.27082	1.94918	97224.6	53456.2	4.59159	1.00003
natural[233,1]	0.501926	0.00211968	0.318625	0.437967	0.0529097	0.471683	0.982129	20244.0	39429.3	0.956056	1.00046
natural[233,2]	0.0918186	0.000446481	0.119303	0.0561201	0.00130574	0.0422633	0.346337	66094.7	50122.5	3.12143	1.00005
natural[233,3]	2.3804	0.0016258	0.518525	0.510007	1.57791	2.3567	3.27639	107148.0	49377.5	5.06022	0.99997
natural[234,1]	0.63668	0.00167624	0.271544	0.316483	0.136755	0.686194	0.983182	25568.7	35551.2	1.20752	1.00037
natural[234,2]	0.04233	0.000182257	0.0536754	0.0277008	0.00107461	0.0228084	0.150307	86978.8	46867.0	4.10771	1.0
natural[234,3]	1.86739	0.00136631	0.447338	0.441508	1.16335	1.84994	2.6359	111840.0	49456.4	5.28184	0.999989
natural[235,1]	0.0663448	0.000257644	0.0437209	0.0343268	0.0163684	0.0586452	0.140454	28551.7	32395.4	1.3484	1.00025
natural[235,2]	1.05231	0.00127304	0.305798	0.301392	0.569377	1.04232	1.57144	56424.3	39591.0	2.66473	1.00024
natural[235,3]	0.128087	0.0013979	0.450094	0.449081	-0.611987	0.131086	0.863742	104354.0	48618.4	4.92827	1.00026
natural[236,1]	0.633684	0.00158178	0.291842	0.334906	0.100742	0.70239	0.986473	33175.1	43476.8	1.56675	1.00025
natural[236,2]	0.0347774	0.000184011	0.0494584	0.0200275	0.000941872	0.0166634	0.131906	82364.5	49695.7	3.8898	1.0002
natural[236,3]	1.18514	0.0012434	0.377981	0.376811	0.58365	1.17366	1.82386	94609.7	48209.9	4.4681	1.00011
natural[237,1]	0.722229	0.00181341	0.251772	0.235038	0.210805	0.80193	0.992038	18874.6	33443.4	0.891382	1.00058
natural[237,2]	0.0190862	8.78241e-05	0.0251266	0.0117494	0.000609577	0.0100626	0.0689823	97088.8	44122.1	4.58518	0.999958
natural[237,3]	2.04368	0.0014239	0.481025	0.475682	1.29044	2.02275	2.8678	119507.0	50005.0	5.64391	1.00023
natural[238,1]	0.66744	0.00231181	0.27904	0.306263	0.140224	0.738341	0.991461	13483.5	29031.0	0.636779	1.00072
natural[238,2]	0.0334792	0.00016825	0.0474305	0.0193767	0.000699135	0.0156169	0.128411	92999.0	47309.5	4.39203	0.999973
natural[238,3]	2.95775	0.00192522	0.624328	0.62012	2.00089	2.92408	4.04149	113963.0	46439.4	5.38208	1.00013
natural[239,1]	0.406238	0.00140907	0.296604	0.350892	0.0282956	0.350476	0.94549	39332.9	41300.9	1.85756	1.00029
natural[239,2]	0.160174	0.000719969	0.172684	0.121419	0.00319743	0.0984307	0.524237	51275.7	46743.3	2.42158	1.00005
natural[239,3]	1.33031	0.00136582	0.40893	0.403822	0.688198	1.31214	2.02554	90743.5	54162.1	4.28551	1.00004
natural[240,1]	0.681785	0.00139274	0.267867	0.285711	0.16912	0.754338	0.988979	37943.3	45260.4	1.79194	1.00024
natural[240,2]	0.0194004	8.93405e-05	0.0247608	0.012029	0.000769228	0.0105924	0.0685228	87305.8	49065.9	4.12316	1.00006
natural[240,3]	0.10157	0.00107631	0.337444	0.338378	-0.455697	0.103269	0.651974	98566.4	51992.4	4.65496	1.0001
natural[241,1]	0.622592	0.00113055	0.253949	0.299533	0.166894	0.654782	0.973196	47339.8	43354.4	2.2357	1.0002
natural[241,2]	0.0464132	0.000166469	0.0501657	0.0337957	0.00160169	0.0294633	0.148272	72529.1	43820.8	3.4253	0.999991
natural[241,3]	0.972443	0.00114231	0.361646	0.358721	0.396234	0.962826	1.58163	101793.0	52572.3	4.80736	1.00009
natural[242,1]	0.644723	0.00137962	0.282005	0.323397	0.125673	0.708844	0.986459	42409.4	45857.9	2.00286	1.00024
natural[242,2]	0.0281526	0.000142502	0.038565	0.01661	0.000953345	0.0142728	0.102482	88967.2	47235.1	4.20162	1.00004
natural[242,3]	0.164716	0.00131326	0.460955	0.456081	-0.588209	0.162484	0.92922	123780.0	49335.9	5.84571	1.0002
natural[243,1]	0.647282	0.00124244	0.264465	0.309326	0.157323	0.694359	0.982858	42666.8	41773.0	2.01501	1.00013
natural[243,2]	0.0334671	0.000139584	0.0407308	0.0222807	0.0011348	0.0191214	0.114319	88355.6	47090.7	4.17274	1.0
natural[243,3]	0.92995	0.00114524	0.374147	0.377072	0.328875	0.921492	1.55778	107993.0	51712.9	5.10013	1.00008
natural[244,1]	0.462834	0.00145016	0.311811	0.406755	0.0521926	0.414548	0.9676	46887.6	49349.7	2.21434	1.00017
natural[244,2]	0.105673	0.000496018	0.130362	0.06757	0.0019631	0.0526293	0.386026	64321.9	48994.0	3.03771	1.00007
natural[244,3]	0.860631	0.00134068	0.418013	0.41709	0.190635	0.849754	1.56239	98959.4	52259.7	4.67352	1.00003
natural[245,1]	0.670783	0.00160704	0.256454	0.299811	0.199887	0.720448	0.987536	24016.1	36190.2	1.1342	1.00033
natural[245,2]	0.0305569	0.000127329	0.0375658	0.0198805	0.000885337	0.0165415	0.107435	86935.5	45488.9	4.10567	0.999981
natural[245,3]	2.08515	0.00146241	0.476108	0.471351	1.34071	2.0625	2.90065	110984.0	48933.5	5.24142	1.00011
natural[246,1]	0.644656	0.00129596	0.266816	0.325999	0.168978	0.689069	0.985112	40733.5	46340.3	1.9237	1.00026
natural[246,2]	0.032498	0.0001372	0.0401679	0.0209825	0.00102068	0.017721	0.115045	88520.9	48277.8	4.18055	1.00003
natural[246,3]	1.1953	0.00117768	0.377029	0.374453	0.589737	1.1846	1.83275	104258.0	49801.2	4.92377	1.00011
natural[247,1]	0.649885	0.00167708	0.283461	0.32383	0.129629	0.716509	0.988586	26592.3	40900.0	1.25587	1.00029
natural[247,2]	0.0330674	0.000168934	0.0471518	0.0190142	0.000850514	0.0157279	0.125621	93827.6	50092.2	4.43116	1.0
natural[247,3]	1.83507	0.00138372	0.448889	0.445893	1.12915	1.81787	2.60084	110058.0	47208.4	5.19766	1.00021
natural[248,1]	0.661203	0.00129602	0.258675	0.297494	0.182716	0.710896	0.984443	36638.1	42657.5	1.73029	1.00005
natural[248,2]	0.029832	0.00012227	0.0357705	0.0198578	0.00102987	0.0171371	0.101796	82485.9	46392.1	3.89553	0.999974
natural[248,3]	1.07432	0.00120505	0.384289	0.379462	0.457668	1.06383	1.72208	103147.0	50556.7	4.87128	1.00001
natural[249,1]	0.686074	0.00174465	0.243754	0.279594	0.227101	0.730963	0.987859	19311.6	31553.4	0.912024	1.00029
natural[249,2]	0.0319366	0.000140869	0.0389747	0.021457	0.000849782	0.017707	0.11159	72630.3	43894.3	3.43009	1.00003
natural[249,3]	2.60367	0.00168195	0.558962	0.553304	1.73974	2.571	3.57507	119150.0	49056.7	5.62707	1.00012
natural[250,1]	0.592946	0.00144198	0.285931	0.37147	0.11323	0.621682	0.981738	35969.3	44938.4	1.69871	1.00018
natural[250,2]	0.052944	0.000244419	0.0702158	0.032729	0.00119532	0.0264545	0.196326	90035.7	46514.2	4.25208	1.00002
natural[250,3]	1.62273	0.0016886	0.56495	0.559447	0.740682	1.59935	2.59384	118020.0	46037.9	5.5737	1.00007
natural[251,1]	0.0427191	0.000200552	0.0388745	0.0249462	0.00700994	0.0330414	0.110345	53831.8	44703.3	2.5423	1.00009
natural[251,2]	0.998883	0.00108887	0.28339	0.279254	0.541108	0.99356	1.47089	66574.6	41801.5	3.1441	1.00023
natural[251,3]	0.908373	0.00135754	0.439214	0.43737	0.189975	0.908617	1.63287	104833.0	45711.1	4.95092	1.00008
natural[252,1]	0.712348	0.00245909	0.26265	0.252382	0.186551	0.794754	0.993778	10895.7	24263.5	0.514568	1.00077
natural[252,2]	0.0242492	0.000121974	0.0341624	0.0140849	0.000562105	0.0114001	0.091664	97050.7	47085.7	4.58338	0.999976
natural[252,3]	3.39971	0.00216572	0.706606	0.699147	2.32028	3.35834	4.63445	116715.0	46220.0	5.51207	1.00014
natural[253,1]	0.0189331	6.92828e-05	0.0133755	0.0114839	0.0035357	0.0158462	0.044943	31218.7	41947.1	1.47436	1.0002
natural[253,2]	1.697	0.00118917	0.339663	0.337232	1.16608	1.68263	2.28012	81089.4	53822.8	3.82958	0.999993
natural[253,3]	2.23484	0.00158516	0.509579	0.5077	1.41638	2.22201	3.09266	104395.0	46473.8	4.93021	1.0001
natural[254,1]	0.610547	0.0011439	0.258229	0.316057	0.160417	0.634711	0.973523	47884.0	45174.5	2.2614	1.00007
natural[254,2]	0.0465146	0.000170004	0.0506489	0.0338281	0.00161162	0.0293434	0.148772	75751.5	46022.2	3.57749	1.00001
natural[254,3]	0.92042	0.00111396	0.359312	0.358459	0.346006	0.912262	1.52769	105336.0	52028.6	4.97467	1.0001
natural[255,1]	0.45285	0.00227128	0.351068	0.521223	0.0164999	0.428288	0.977408	23262.8	46340.3	1.09862	1.00024
natural[255,2]	0.134057	0.000981772	0.187319	0.0579641	0.00148995	0.0430617	0.554816	40096.5	52646.7	1.89362	1.00007
natural[255,3]	1.29219	0.00153563	0.414311	0.409872	0.649155	1.27228	2.01219	73417.3	54948.2	3.46725	1.00005
natural[256,1]	0.0387271	0.000371944	0.0512881	0.021628	0.00574923	0.0280351	0.0975557	34476.7	36655.9	1.62822	1.00011
natural[256,2]	0.87079	0.00123986	0.288318	0.284427	0.403369	0.868321	1.34899	53701.4	32428.8	2.53614	1.00014
natural[256,3]	-0.0834401	0.00152417	0.450686	0.449627	-0.829217	-0.0806714	0.651039	88486.6	44680.4	4.17892	1.00009
natural[257,1]	0.576694	0.00139637	0.285224	0.379024	0.112646	0.58876	0.979159	40703.9	47554.5	1.92231	1.00006
natural[257,2]	0.0394597	0.00016611	0.0471573	0.0263024	0.00129741	0.0224012	0.135792	76531.9	46507.8	3.61434	1.0001
natural[257,3]	-0.421592	0.00112934	0.342225	0.34102	-0.991572	-0.418235	0.135525	92120.5	52531.6	4.35054	1.00008
natural[258,1]	0.132218	0.000775116	0.120443	0.0703115	0.0247585	0.101532	0.334037	28955.7	28883.2	1.36748	1.00019
natural[258,2]	0.556216	0.0011406	0.248981	0.252839	0.143133	0.551842	0.972773	44211.0	25906.9	2.08794	1.00018
natural[258,3]	-0.108622	0.00154474	0.437844	0.437039	-0.831642	-0.106639	0.6096	80818.4	46335.6	3.81678	1.00006
natural[259,1]	0.704938	0.0012124	0.248247	0.254924	0.217453	0.771871	0.988596	40048.5	44215.9	1.89136	1.00009
natural[259,2]	0.0190596	7.79428e-05	0.0225508	0.0124735	0.000781928	0.0111609	0.0643331	88639.4	46008.2	4.18614	1.00019
natural[259,3]	0.611096	0.00105815	0.344403	0.344615	0.0523072	0.607749	1.18345	106736.0	51182.4	5.04079	1.0001
natural[260,1]	0.711027	0.00218776	0.257968	0.254307	0.194287	0.788157	0.992654	13569.3	25739.8	0.640835	1.00062
natural[260,2]	0.0248141	0.000128786	0.0345581	0.0145547	0.0005933	0.0118724	0.0932664	100644.0	42868.8	4.75306	0.999974
natural[260,3]	2.9646	0.00227423	0.769515	0.772057	1.77872	2.92269	4.30018	124157.0	44991.1	5.86353	1.00018
natural[261,1]	0.596732	0.00163162	0.302354	0.379318	0.0793304	0.650405	0.982136	35387.6	44699.4	1.67124	1.00022
natural[261,2]	0.0355442	0.00020359	0.050509	0.0200649	0.00112569	0.0171687	0.135798	70346.7	47027.4	3.32224	1.00006
natural[261,3]	-0.476196	0.00112792	0.339086	0.337231	-1.04126	-0.473038	0.0745162	90835.4	51337.5	4.28985	1.00001
natural[262,1]	0.63524	0.00144202	0.27445	0.340059	0.154467	0.680322	0.985981	33481.7	41978.9	1.58123	1.00024
natural[262,2]	0.0358101	0.000153438	0.0454066	0.0227882	0.000977612	0.0188863	0.128137	88144.2	48152.3	4.16276	1.00001
natural[262,3]	1.67841	0.00131224	0.421955	0.415293	1.01446	1.66102	2.40335	107612.0	49779.1	5.08217	1.00005
natural[263,1]	0.0836563	0.000562683	0.0914068	0.0458239	0.0126782	0.0604544	0.218293	47310.0	32989.2	2.23429	1.00015
natural[263,2]	0.63826	0.0010995	0.252431	0.249078	0.226142	0.633558	1.06288	50019.0	30341.6	2.36223	1.00006
natural[263,3]	1.00416	0.00149667	0.446806	0.443842	0.281732	0.999134	1.74598	88757.0	46453.0	4.19169	1.00013
natural[264,1]	0.468007	0.00156172	0.322133	0.438323	0.0445494	0.425871	0.972489	43240.5	50489.8	2.0421	1.00013
natural[264,2]	0.0879055	0.000437271	0.112396	0.0529028	0.00166342	0.0413017	0.33005	64420.9	49798.0	3.04238	1.00002
natural[264,3]	0.365788	0.00117167	0.348796	0.345706	-0.198816	0.360144	0.949481	89078.3	52546.2	4.20687	1.00003
natural[265,1]	0.651512	0.00138898	0.278121	0.330901	0.153354	0.710326	0.988081	38513.3	43790.0	1.81886	1.0001
natural[265,2]	0.026247	0.000122211	0.0345282	0.0160213	0.000823855	0.0135288	0.0962775	89107.5	48608.2	4.20825	0.999999
natural[265,3]	0.648157	0.00110702	0.344131	0.338088	0.0886179	0.644411	1.22105	97308.3	51218.5	4.59554	1.00017
natural[266,1]	0.674756	0.00140554	0.263697	0.282998	0.166493	0.739809	0.986983	34718.5	42173.7	1.63964	1.00032
natural[266,2]	0.0272598	0.000120371	0.0347538	0.0173119	0.000916493	0.0149008	0.0962252	89251.8	44763.6	4.21506	1.00004
natural[266,3]	1.21343	0.00116578	0.373078	0.368564	0.613833	1.20269	1.84363	104403.0	51071.0	4.93061	0.999981
natural[267,1]	0.776398	0.0024308	0.232692	0.170062	0.27292	0.866117	0.995599	8659.19	19752.6	0.408944	1.00117
natural[267,2]	0.0131543	6.48145e-05	0.0175683	0.00801175	0.000417501	0.00676975	0.0473242	98540.3	45361.5	4.65373	0.99999
natural[267,3]	3.40264	0.00218462	0.717259	0.70869	2.30975	3.35792	4.65258	120441.0	44498.1	5.68804	1.00021
natural[268,1]	0.620557	0.00140505	0.287899	0.363095	0.122611	0.668375	0.986154	40787.9	44909.1	1.92628	1.00025
natural[268,2]	0.0340646	0.000162186	0.0456404	0.0203017	0.000963682	0.0168869	0.126692	87235.1	49872.5	4.11982	1.00018
natural[268,3]	0.819382	0.00112809	0.34799	0.345443	0.255619	0.812015	1.40142	96488.6	51240.7	4.55683	1.00028
natural[269,1]	0.66609	0.00151143	0.274627	0.297386	0.137578	0.735315	0.987755	32034.5	41033.9	1.51288	1.00021
natural[269,2]	0.0273097	0.000139737	0.0375684	0.0163094	0.000873601	0.013922	0.0992289	88563.3	47683.9	4.18255	1.00005
natural[269,3]	1.20004	0.0011745	0.376321	0.372983	0.60237	1.18863	1.8371	104598.0	50413.1	4.93983	1.00023
natural[270,1]	0.137459	0.00073355	0.123312	0.0800455	0.0213392	0.106818	0.348089	34571.1	32288.7	1.63268	1.00009
natural[270,2]	0.768024	0.00163896	0.370074	0.369825	0.174742	0.750524	1.40243	45330.7	26431.9	2.14082	1.00011
natural[270,3]	0.437339	0.00199373	0.580203	0.574972	-0.506003	0.43529	1.39804	84627.4	45993.4	3.99667	1.00003
natural[271,1]	0.371562	0.00182926	0.315384	0.306737	0.0276245	0.265811	0.958983	27490.7	44910.4	1.29829	1.0003
natural[271,2]	0.178405	0.000839959	0.188024	0.143333	0.00257241	0.109381	0.565538	43428.2	47399.9	2.05097	1.00007
natural[271,3]	1.96936	0.00157511	0.478384	0.474408	1.22444	1.94616	2.79256	94112.1	54469.3	4.4446	1.00007
natural[272,1]	0.76604	0.00226665	0.237553	0.182022	0.258472	0.855609	0.9953	11006.6	28068.2	0.519804	1.00095
natural[272,2]	0.0136476	6.68006e-05	0.0183364	0.00828463	0.000431362	0.00703298	0.0497138	97105.2	44531.0	4.58595	1.00005
natural[272,3]	2.95957	0.00190001	0.633412	0.623221	1.98907	2.91965	4.06658	122473.0	45261.4	5.784	1.00009
natural[273,1]	0.0105453	3.77303e-05	0.00949062	0.00650709	0.00137594	0.00768762	0.0297322	64854.9	46314.2	3.06288	1.00005
natural[273,2]	5.72607	0.0052322	1.45237	1.42169	3.60946	5.58535	8.34841	80328.0	52797.3	3.79362	1.00023
natural[273,3]	1.97246	0.00265486	0.827849	0.825274	0.663702	1.94122	3.38233	101148.0	43657.2	4.77687	1.00023
natural[274,1]	0.410154	0.00123657	0.254972	0.292096	0.0687288	0.368296	0.877697	41298.9	39659.2	1.95041	1.00027
natural[274,2]	0.221235	0.000732537	0.168886	0.168078	0.0102338	0.191147	0.544607	41772.3	33691.3	1.97277	1.00009
natural[274,3]	2.08414	0.00159981	0.489961	0.487202	1.31818	2.06078	2.92354	95779.7	51704.8	4.52335	1.00013
natural[275,1]	0.592941	0.001209	0.271907	0.346398	0.134398	0.612045	0.976691	46367.7	43559.5	2.18979	0.999995
natural[275,2]	0.0486173	0.000189258	0.0562517	0.0336953	0.00144569	0.028333	0.163899	79025.8	48035.9	3.73212	1.00005
natural[275,3]	0.847622	0.0011113	0.352627	0.350225	0.280914	0.841805	1.43814	101401.0	53479.1	4.78884	1.00006
natural[276,1]	0.22098	0.00124143	0.223917	0.114649	0.0272739	0.133507	0.768306	42572.5	36039.1	2.01056	1.00019
natural[276,2]	0.32522	0.00102216	0.220924	0.2467	0.0181748	0.302845	0.720683	40106.3	33538.3	1.89408	1.00012
natural[276,3]	0.796385	0.00147534	0.414608	0.413682	0.134101	0.786064	1.49902	77849.5	52225.6	3.67657	1.00003
natural[277,1]	0.701283	0.00197632	0.267305	0.259822	0.169714	0.784262	0.991932	18233.4	32601.8	0.861102	1.00059
natural[277,2]	0.0229103	0.000114131	0.0319882	0.0135033	0.000622044	0.0113301	0.085551	95307.4	46302.9	4.50105	1.00007
natural[277,3]	2.24618	0.00157415	0.519135	0.509824	1.44235	2.21866	3.14852	115928.0	46909.1	5.47491	0.999962
natural[278,1]	0.450185	0.00156494	0.31639	0.404864	0.0472316	0.392212	0.96706	40930.7	47810.1	1.93302	1.00022
natural[278,2]	0.111619	0.000516482	0.130497	0.0755989	0.0020913	0.0587301	0.389749	56697.2	46758.8	2.67762	1.00003
natural[278,3]	1.29087	0.00134094	0.400445	0.399018	0.65811	1.27736	1.9743	90446.4	54022.7	4.27148	0.999982
natural[279,1]	0.774839	0.00238073	0.231648	0.173805	0.276464	0.862399	0.99564	9068.08	22327.9	0.428255	1.00102
natural[279,2]	0.013297	6.25456e-05	0.0175817	0.00818539	0.000402208	0.00692027	0.0478645	99399.1	44780.0	4.69428	1.00006
natural[279,3]	3.40515	0.00216183	0.71344	0.708374	2.31559	3.35964	4.64686	121015.0	45654.6	5.71513	1.00008
natural[280,1]	0.517274	0.00168723	0.325694	0.470578	0.0576318	0.502175	0.983013	35514.4	44885.5	1.67723	1.00021
natural[280,2]	0.0724208	0.000380172	0.0986435	0.0393681	0.0011395	0.0299976	0.285207	64909.4	51901.3	3.06545	1.00002
natural[280,3]	1.54734	0.0013376	0.413047	0.410079	0.890269	1.53319	2.24564	97270.1	51382.3	4.59374	1.00001
natural[281,1]	0.50128	0.00161443	0.293461	0.376122	0.0888698	0.464878	0.97334	32429.6	43493.2	1.53154	1.00022
natural[281,2]	0.0957856	0.000392359	0.10925	0.0697501	0.0017478	0.0545819	0.324903	57918.7	44443.0	2.73531	1.00007
natural[281,3]	2.1061	0.00150538	0.480768	0.475	1.35268	2.08496	2.93317	106171.0	49374.8	5.0141	1.00006
natural[282,1]	0.602596	0.00139159	0.287921	0.358363	0.1021	0.645634	0.981417	40435.1	45906.6	1.90961	1.0002
natural[282,2]	0.0400888	0.000183886	0.0513356	0.02532	0.00121528	0.0213448	0.142937	75203.9	44706.5	3.55163	1.00008
natural[282,3]	0.429018	0.00110451	0.33701	0.334112	-0.119952	0.425556	0.986494	93597.8	52081.7	4.42031	1.00001
natural[283,1]	0.444439	0.00163671	0.312831	0.372256	0.0514396	0.37221	0.972517	33003.8	44918.1	1.55866	1.00019
natural[283,2]	0.127851	0.000584786	0.152491	0.0880401	0.00173715	0.0662011	0.452255	56707.5	47704.3	2.6781	1.00001
natural[283,3]	2.09163	0.00157517	0.494466	0.488555	1.31925	2.06893	2.94039	101880.0	52388.1	4.81143	1.00003
natural[284,1]	0.451478	0.00171895	0.330214	0.436239	0.0346622	0.393456	0.972939	37088.4	45523.7	1.75156	1.00019
natural[284,2]	0.0990807	0.000534528	0.125409	0.0586695	0.00171193	0.0448005	0.370224	51459.7	48371.1	2.43027	1.00012
natural[284,3]	0.337146	0.00122192	0.353299	0.348653	-0.231111	0.329969	0.930669	83974.9	53151.7	3.96585	1.00004
natural[285,1]	0.778314	0.00248506	0.231544	0.167674	0.279521	0.867974	0.995772	8583.22	20330.3	0.405356	1.00099
natural[285,2]	0.0127432	6.16264e-05	0.0170672	0.00774672	0.000394878	0.00660487	0.0462032	98207.3	42940.0	4.638	0.999975
natural[285,3]	3.40057	0.0021607	0.723337	0.715018	2.29685	3.35156	4.66684	124005.0	44621.0	5.85632	1.0001
natural[286,1]	0.588547	0.00143225	0.290104	0.392178	0.117759	0.607118	0.984114	37576.2	44492.7	1.7746	1.00012
natural[286,2]	0.0452329	0.000205065	0.0580827	0.0283323	0.00108611	0.0228564	0.167096	76413.3	48607.4	3.60874	0.999946
natural[286,3]	1.33077	0.00126068	0.393646	0.392063	0.707243	1.31781	1.99889	99455.4	51605.2	4.69695	1.00001
natural[287,1]	0.210475	0.00163883	0.26715	0.0863035	0.0133901	0.0830592	0.874434	28292.3	40666.6	1.33615	1.00032
natural[287,2]	0.378592	0.00156084	0.289711	0.356997	0.00704133	0.356706	0.887413	32266.5	40599.1	1.52384	1.00018
natural[287,3]	1.34937	0.00183763	0.467392	0.470654	0.611937	1.32854	2.14888	63282.1	49555.1	2.9886	1.00002
natural[288,1]	0.790133	0.00241351	0.227845	0.151042	0.285376	0.881934	0.99623	8714.33	20228.0	0.411548	1.00114
natural[288,2]	0.011109	5.4409e-05	0.0147743	0.00679452	0.000371434	0.00582302	0.0394871	93500.7	46460.8	4.41573	1.00009
natural[288,3]	3.40603	0.00214962	0.718338	0.709235	2.30887	3.36038	4.66108	124594.0	45255.4	5.88413	1.00011
natural[289,1]	0.179423	0.000892129	0.145324	0.0980186	0.0321977	0.146351	0.438667	33186.2	27230.5	1.56727	1.00008
natural[289,2]	0.43802	0.00103354	0.218761	0.223275	0.0797472	0.432489	0.809976	40382.7	24464.9	1.90714	1.00001
natural[289,3]	0.0136824	0.00147157	0.419299	0.4182	-0.675133	0.0130788	0.70436	81139.8	46757.4	3.83196	1.0001
natural[290,1]	0.749965	0.00248447	0.24319	0.204098	0.242102	0.835732	0.994571	10101.9	21506.4	0.477077	1.00086
natural[290,2]	0.0173583	8.57585e-05	0.0234635	0.0105771	0.000473145	0.00883023	0.0636777	93531.1	43737.3	4.41716	1.00008
natural[290,3]	3.40146	0.00224831	0.718843	0.707328	2.30947	3.35199	4.66372	113614.0	46384.0	5.36559	1.00004
natural[291,1]	0.513896	0.00173297	0.301287	0.408311	0.0728889	0.500509	0.973883	28698.3	45589.3	1.35532	1.00035
natural[291,2]	0.0874954	0.00036919	0.103093	0.060877	0.00172477	0.0480486	0.306076	64952.3	49728.1	3.06748	1.00005
natural[291,3]	2.12265	0.00149567	0.481082	0.472689	1.37252	2.10043	2.94902	107300.0	49651.0	5.06742	1.00008
natural[292,1]	0.44566	0.00130054	0.282192	0.338431	0.0573054	0.407131	0.943955	44770.6	44458.3	2.11436	1.00012
natural[292,2]	0.110568	0.000422613	0.112964	0.0860295	0.00317846	0.0733542	0.342591	58258.4	43563.2	2.75135	1.00004
natural[292,3]	0.0507214	0.00115635	0.356672	0.353483	-0.527921	0.0463097	0.642872	95549.7	53428.3	4.51249	1.00001
natural[293,1]	0.72745	0.00228204	0.249991	0.22991	0.211428	0.805895	0.992658	12168.4	26288.2	0.574674	1.00072
natural[293,2]	0.0215851	0.000102627	0.0286627	0.0133445	0.000585041	0.0110843	0.0783954	91463.3	45308.6	4.3195	1.00014
natural[293,3]	2.95817	0.00191725	0.630798	0.625347	1.992	2.91692	4.05619	118690.0	46115.9	5.60534	1.00007
natural[294,1]	0.381652	0.00140685	0.280367	0.281475	0.0493776	0.302318	0.926242	39487.5	42946.4	1.86486	1.00004
natural[294,2]	0.145655	0.000553632	0.144356	0.115952	0.00413325	0.0983854	0.441699	54580.8	45128.8	2.57767	1.0
natural[294,3]	-0.382111	0.00118256	0.35925	0.353635	-0.971448	-0.382692	0.21053	92386.0	52832.7	4.36308	1.00004
natural[295,1]	0.49132	0.00135032	0.291096	0.363362	0.0993592	0.443381	0.969504	49404.9	47859.7	2.33323	1.00001
natural[295,2]	0.0746968	0.000305179	0.0826593	0.0551228	0.0019008	0.0445876	0.248396	61964.9	48378.1	2.92639	0.999977
natural[295,3]	0.873714	0.0011671	0.360818	0.3578	0.292762	0.866713	1.47859	96596.2	54001.2	4.56192	1.00005
natural[296,1]	0.533525	0.00155328	0.317317	0.453637	0.0634918	0.538786	0.980394	40449.9	49852.8	1.91031	1.00027
natural[296,2]	0.063063	0.000325695	0.0862047	0.0352322	0.00125972	0.0277448	0.246118	73066.3	48751.8	3.45068	1.00008
natural[296,3]	0.800043	0.00119614	0.358245	0.356091	0.223025	0.793781	1.40248	90636.6	53396.9	4.28046	1.0001
natural[297,1]	0.739337	0.00174679	0.246808	0.212746	0.228394	0.824468	0.992896	20601.7	36575.2	0.97295	1.00041
natural[297,2]	0.015509	7.27797e-05	0.0204522	0.0095502	0.000551482	0.0083316	0.0547356	100034.0	46629.9	4.72427	1.00016
natural[297,3]	1.84844	0.00135535	0.447398	0.43896	1.1463	1.82776	2.61741	114605.0	47842.3	5.41241	1.00022
natural[298,1]	0.363857	0.00151568	0.286973	0.226821	0.0553392	0.253711	0.946515	43161.9	41709.3	2.03839	1.00005
natural[298,2]	0.146905	0.000580681	0.137435	0.130655	0.00322609	0.109715	0.418589	44590.0	42986.8	2.10584	1.00001
natural[298,3]	1.03636	0.00129078	0.390209	0.390351	0.418327	1.02258	1.69735	91335.1	53110.9	4.31345	0.999983
natural[299,1]	0.122451	0.00116898	0.164424	0.0535719	0.0165641	0.070799	0.468117	34947.5	21591.6	1.65045	1.00017
natural[299,2]	0.482157	0.00132808	0.255228	0.263548	0.0464418	0.481908	0.907502	34273.9	21573.0	1.61864	1.00018
natural[299,3]	0.789513	0.00164312	0.430653	0.432969	0.0929726	0.783647	1.50797	67698.5	45520.0	3.19717	1.00003
natural[300,1]	0.658072	0.00198195	0.278432	0.317723	0.146429	0.724529	0.989346	18825.2	37793.4	0.889052	1.00051
natural[300,2]	0.0327405	0.000154451	0.0447289	0.0193602	0.000791767	0.0157147	0.122718	95353.4	47932.7	4.50322	1.00001
natural[300,3]	2.32597	0.00159898	0.51543	0.509403	1.52699	2.30022	3.21476	111939.0	46498.4	5.28651	1.00008
natural[301,1]	0.399845	0.00164368	0.325494	0.331052	0.027092	0.289728	0.966724	40137.9	49441.7	1.89558	1.00012
natural[301,2]	0.122973	0.000596193	0.145849	0.0825237	0.00193061	0.0620154	0.43495	53036.3	48813.8	2.50472	1.00004
natural[301,3]	0.100041	0.00127243	0.363219	0.360094	-0.48488	0.092309	0.707811	81593.7	54423.8	3.85339	1.0001
natural[302,1]	0.668423	0.00203097	0.273606	0.31087	0.16127	0.732705	0.991078	17528.7	31286.4	0.827824	1.00082
natural[302,2]	0.0309027	0.000149386	0.0422202	0.0183914	0.000705956	0.0148885	0.115502	95386.8	45255.8	4.5048	1.00007
natural[302,3]	2.57639	0.00169875	0.563595	0.551663	1.70927	2.54356	3.55547	120207.0	44590.6	5.67696	1.0001
natural[303,1]	0.285198	0.00139451	0.261465	0.176625	0.0308848	0.185298	0.884219	42575.8	39560.5	2.01071	1.00024
natural[303,2]	0.23296	0.000835907	0.19231	0.202846	0.0064237	0.195205	0.599665	42720.5	40412.8	2.01755	1.00002
natural[303,3]	0.826121	0.00141974	0.413924	0.413585	0.16514	0.814533	1.52787	84119.8	49905.5	3.9727	1.00002
natural[304,1]	0.551964	0.000979074	0.237807	0.278247	0.155003	0.559964	0.928043	56191.8	42227.2	2.65375	0.999999
natural[304,2]	0.0973302	0.000332815	0.0838821	0.0777493	0.00474715	0.0763669	0.261673	51471.0	38650.0	2.4308	1.00009
natural[304,3]	-0.028278	0.00108779	0.342268	0.338721	-0.589049	-0.0289059	0.53916	99228.4	53726.7	4.68622	1.00005
natural[305,1]	0.773398	0.00243844	0.234359	0.174047	0.264264	0.862314	0.995628	9117.82	20799.4	0.430604	1.00115
natural[305,2]	0.0136214	6.72889e-05	0.0182581	0.00832614	0.000422368	0.00702621	0.049141	91494.1	45402.8	4.32096	0.999963
natural[305,3]	3.40325	0.00218636	0.714305	0.70705	2.31735	3.35415	4.65733	119185.0	44201.7	5.62871	1.00011
natural[306,1]	0.117923	0.000729545	0.102855	0.0585484	0.0258943	0.0970689	0.258826	44194.7	26217.4	2.08717	1.00025
natural[306,2]	0.535952	0.00104544	0.226522	0.224133	0.161064	0.531675	0.915121	43553.3	23405.2	2.05688	1.0002
natural[306,3]	0.883864	0.00147804	0.429068	0.428065	0.189721	0.877039	1.59613	83379.9	41108.1	3.93775	1.00029
natural[307,1]	0.165236	0.00124739	0.188906	0.0733304	0.0248926	0.101095	0.637948	35102.8	26717.0	1.65779	1.00024
natural[307,2]	0.42681	0.0012692	0.24304	0.258399	0.0320578	0.424646	0.837463	33717.4	26098.7	1.59236	1.00012
natural[307,3]	1.44689	0.0016897	0.451981	0.456955	0.722902	1.43518	2.20697	70256.6	46612.9	3.31798	1.00009
natural[308,1]	0.300365	0.00155349	0.275779	0.165327	0.0384097	0.181338	0.91851	37324.4	38862.5	1.76271	1.00021
natural[308,2]	0.244522	0.0010138	0.212665	0.227214	0.00468975	0.197788	0.649798	37125.0	42475.5	1.75329	1.00002
natural[308,3]	1.80329	0.00156159	0.472624	0.470566	1.0631	1.78043	2.61218	91536.8	54332.7	4.32298	1.00006
natural[309,1]	0.187348	0.000571189	0.109874	0.084723	0.0588165	0.16717	0.3801	50747.6	35521.2	2.39664	1.00005
natural[309,2]	0.618603	0.00119215	0.266859	0.268537	0.186421	0.611869	1.07046	46602.5	30233.4	2.20088	1.00008
natural[309,3]	0.990137	0.0015711	0.439059	0.439028	0.282361	0.979651	1.7237	77333.2	45315.7	3.65219	1.00026
natural[310,1]	0.772181	0.00226317	0.236086	0.172856	0.260993	0.86293	0.995357	10986.8	26838.6	0.518869	1.00095
natural[310,2]	0.0128819	6.40287e-05	0.0174678	0.00778163	0.000427293	0.00668025	0.0467777	95621.4	46140.2	4.51588	1.00004
natural[310,3]	2.95512	0.00191429	0.629304	0.622802	1.99099	2.91646	4.05568	119709.0	44740.1	5.65346	1.00034
natural[311,1]	0.741375	0.00248576	0.242716	0.218958	0.240187	0.820115	0.994009	9124.27	22743.8	0.430909	1.00084
natural[311,2]	0.0196117	9.20155e-05	0.0260498	0.0121866	0.000513738	0.0100665	0.0713798	90534.9	45070.3	4.27566	1.00002
natural[311,3]	3.37792	0.00214966	0.710454	0.707077	2.29258	3.33392	4.62361	119771.0	46933.0	5.6564	0.99998
natural[312,1]	0.0120752	3.75494e-05	0.00939664	0.00736099	0.00200812	0.0096433	0.030594	56363.8	43261.4	2.66187	0.999969
natural[312,2]	2.74183	0.00210346	0.595108	0.58181	1.85142	2.69395	3.78916	80777.7	52443.9	3.81486	0.999989
natural[312,3]	1.37891	0.00172106	0.565534	0.562419	0.465095	1.36806	2.32612	110034.0	46862.0	5.19655	1.00003
natural[313,1]	0.774503	0.00210026	0.226101	0.176665	0.287817	0.855601	0.994625	11763.8	22792.0	0.555566	1.00066
natural[313,2]	0.013668	6.15293e-05	0.0174524	0.00865021	0.00045501	0.00741585	0.048388	91727.7	44191.6	4.33199	0.999973
natural[313,3]	2.96604	0.00187697	0.628978	0.618278	2.00418	2.92775	4.06534	122430.0	44389.5	5.78196	1.00024
natural[314,1]	0.371331	0.00168746	0.281612	0.294165	0.0292638	0.30462	0.929924	22924.4	35904.6	1.08264	1.00057
natural[314,2]	0.219872	0.000885456	0.203857	0.192823	0.00436379	0.164397	0.624467	41731.6	40310.1	1.97084	1.00025
natural[314,3]	2.47469	0.00168324	0.539768	0.532707	1.63351	2.44987	3.40443	105951.0	50600.0	5.00369	1.0001
natural[315,1]	0.0916193	0.000879951	0.133453	0.043376	0.00887569	0.0492582	0.332396	32050.6	28284.0	1.51364	1.00028
natural[315,2]	0.669626	0.00151761	0.298658	0.298736	0.140085	0.677895	1.15363	38186.2	24958.8	1.80341	1.00006
natural[315,3]	1.52552	0.00183667	0.471995	0.476121	0.761159	1.52112	2.31393	65154.2	44702.6	3.07701	1.00021
natural[316,1]	0.209064	0.00161887	0.255278	0.0913887	0.0177653	0.0983629	0.865994	30388.0	37261.2	1.43512	1.0003
natural[316,2]	0.293757	0.00109432	0.219733	0.258204	0.00731945	0.273537	0.687591	35783.9	39290.8	1.68995	1.00011
natural[316,3]	0.109325	0.00155443	0.404003	0.405392	-0.54106	0.100293	0.786289	66602.9	45970.2	3.14543	1.00008
natural[317,1]	0.298565	0.00147939	0.284141	0.20157	0.0228135	0.181832	0.913214	38695.8	44481.2	1.82747	1.00018
natural[317,2]	0.225843	0.000895288	0.20792	0.202448	0.00490619	0.1678	0.634599	45574.4	44012.3	2.15233	1.00007
natural[317,3]	0.116252	0.00134583	0.381674	0.376324	-0.492813	0.103983	0.760601	79853.8	52875.0	3.77123	1.00003
natural[318,1]	0.0682849	0.000276121	0.0431965	0.0362876	0.0165399	0.0614789	0.140608	29569.2	32487.8	1.39646	1.00034
natural[318,2]	0.968153	0.00108865	0.273605	0.271163	0.53191	0.96202	1.42645	61917.7	39358.1	2.92417	1.00016
natural[318,3]	2.58802	0.00156382	0.528453	0.526945	1.74457	2.57322	3.47723	115196.0	47030.3	5.44033	1.0001
natural[319,1]	0.353647	0.00152033	0.304216	0.257241	0.0305631	0.236066	0.943301	41211.1	47359.3	1.94626	1.0001
natural[319,2]	0.178198	0.000764772	0.179818	0.14873	0.00329499	0.116049	0.54198	48325.2	48497.5	2.28224	1.00001
natural[319,3]	0.843491	0.00131714	0.382816	0.379342	0.239281	0.826648	1.49749	84276.1	55124.5	3.98008	1.00003
natural[320,1]	0.768206	0.00247895	0.235372	0.181001	0.260989	0.855825	0.995306	9358.5	22111.4	0.44197	1.00095
natural[320,2]	0.0146286	7.16497e-05	0.0196553	0.00879187	0.000433103	0.00738342	0.0537218	98691.1	46242.6	4.66085	0.999999
natural[320,3]	3.36624	0.00213961	0.717272	0.706766	2.26875	3.31823	4.62416	122669.0	46824.2	5.79324	1.00022
natural[321,1]	0.706644	0.00116574	0.24271	0.247299	0.224842	0.768504	0.987245	42946.0	44898.3	2.0282	1.00007
natural[321,2]	0.0210852	8.30622e-05	0.0243336	0.0142071	0.000883394	0.0126187	0.0698767	84985.9	45869.6	4.0136	1.00003
natural[321,3]	0.818872	0.00110454	0.347591	0.346438	0.261497	0.811404	1.40085	100200.0	49564.4	4.73212	1.0
natural[322,1]	0.654246	0.00132374	0.249966	0.288265	0.191384	0.694523	0.980206	35448.6	34113.4	1.67412	1.00009
natural[322,2]	0.0375518	0.000143595	0.0426524	0.0261658	0.00126147	0.0223813	0.12506	77438.2	46007.7	3.65715	1.00008
natural[322,3]	1.41621	0.00128614	0.410661	0.403526	0.765514	1.40402	2.11689	104508.0	47924.6	4.93556	1.00005
natural[323,1]	0.781786	0.00245908	0.228983	0.164865	0.281068	0.869521	0.995607	8306.74	20633.2	0.392299	1.00121
natural[323,2]	0.0127286	6.01806e-05	0.0167888	0.00786275	0.000398991	0.00668904	0.0457189	95105.5	44065.8	4.49152	1.00014
natural[323,3]	3.4041	0.00220323	0.717564	0.707078	2.31382	3.36005	4.65506	118019.0	45285.0	5.57366	1.00011
natural[324,1]	0.226947	0.0017703	0.269434	0.0936166	0.0191409	0.0981881	0.876879	28532.0	39091.7	1.34747	1.00017
natural[324,2]	0.295694	0.00123242	0.229893	0.275629	0.00737421	0.27114	0.711982	31204.1	40095.9	1.47366	1.00001
natural[324,3]	0.387251	0.00161746	0.411183	0.412472	-0.267683	0.376168	1.08473	63303.5	48820.2	2.98961	1.00004
natural[325,1]	0.651972	0.00127264	0.255571	0.310583	0.193779	0.68914	0.984197	37229.2	43559.0	1.75821	1.00013
natural[325,2]	0.034549	0.000139723	0.0414198	0.023142	0.00103128	0.0194461	0.11899	82279.1	45510.2	3.88577	1.00001
natural[325,3]	1.59401	0.00128748	0.426685	0.420376	0.918986	1.5801	2.31914	113212.0	51120.3	5.34662	1.00008
natural[326,1]	0.554454	0.00141181	0.287114	0.387641	0.112658	0.556622	0.974824	40329.6	46775.4	1.90463	1.00003
natural[326,2]	0.0469216	0.000196042	0.0552543	0.0314954	0.0015536	0.0266387	0.161396	74134.4	46392.5	3.50112	1.00007
natural[326,3]	-0.554322	0.00111114	0.342599	0.340646	-1.12325	-0.550888	0.00148066	95143.5	52131.5	4.49331	1.00014
natural[327,1]	0.112383	0.000488607	0.0739962	0.0511261	0.0344879	0.0990033	0.225261	59534.9	37192.3	2.81164	1.00012
natural[327,2]	0.61272	0.000942212	0.22165	0.219129	0.254982	0.607881	0.983775	52696.0	29755.1	2.48865	1.00003
natural[327,3]	1.41775	0.00145977	0.443388	0.439001	0.700348	1.41126	2.16276	91342.5	44657.0	4.3138	1.00008
natural[328,1]	0.0390959	0.00014715	0.0332911	0.0228819	0.00678558	0.0315085	0.0950405	53426.7	41672.0	2.52316	1.00005
natural[328,2]	1.12774	0.00105892	0.289797	0.286319	0.662434	1.12133	1.61387	74072.6	47524.0	3.4982	1.0
natural[328,3]	1.75866	0.00149218	0.476119	0.471728	0.992068	1.74921	2.55714	102492.0	47813.4	4.84037	1.00015
natural[329,1]	0.67641	0.00165922	0.27609	0.28519	0.146348	0.756505	0.989094	26709.7	37432.3	1.26141	1.00035
natural[329,2]	0.0262018	0.000138641	0.0367659	0.0152205	0.000783957	0.0129488	0.097362	91005.6	47107.5	4.29789	0.999987
natural[329,3]	1.46662	0.00123682	0.406248	0.401253	0.822628	1.45232	2.15756	111349.0	49077.1	5.25862	1.00013
natural[330,1]	0.689445	0.00116381	0.24223	0.259954	0.217468	0.741922	0.983993	41810.1	43911.7	1.97455	1.0001
natural[330,2]	0.0243129	9.58585e-05	0.027654	0.016592	0.00103869	0.0149056	0.0789954	80632.8	45031.9	3.80802	1.00006
natural[330,3]	0.447147	0.00108064	0.336905	0.334176	-0.0998228	0.444606	1.00876	97841.4	50764.7	4.62072	1.00012
natural[331,1]	0.645584	0.00154867	0.26771	0.327507	0.166978	0.689361	0.986121	27737.2	37491.8	1.30993	1.00039
natural[331,2]	0.0351399	0.000146297	0.0437237	0.0227837	0.000961035	0.0187838	0.124338	88315.8	46712.0	4.17086	1.00002
natural[331,3]	1.83548	0.0013652	0.449325	0.443251	1.1341	1.81509	2.61406	113609.0	48071.0	5.36538	0.999995
natural[332,1]	0.109123	0.00079065	0.120575	0.060476	0.0140297	0.078422	0.298877	39556.7	28530.8	1.86813	1.00017
natural[332,2]	0.56787	0.00119303	0.257585	0.259618	0.138045	0.566216	0.998331	43256.5	24847.7	2.04286	1.00012
natural[332,3]	1.1613	0.00153856	0.438185	0.438684	0.451603	1.15353	1.89306	79958.1	45534.2	3.77615	1.00018
natural[333,1]	0.582352	0.00166955	0.293066	0.391979	0.105441	0.607009	0.983185	28550.6	44357.0	1.34835	1.0002
natural[333,2]	0.061666	0.000292149	0.0853004	0.0361153	0.00115542	0.0283917	0.237709	89198.0	46899.6	4.21252	0.999964
natural[333,3]	1.98752	0.00177564	0.618061	0.614025	1.02984	1.95535	3.05242	128805.0	47548.5	6.08303	1.00026
natural[334,1]	0.118418	0.00110747	0.166353	0.0547805	0.0112817	0.0626207	0.482902	34292.7	27617.3	1.61953	1.00027
natural[334,2]	0.770369	0.00222609	0.424766	0.440618	0.0583051	0.773694	1.47691	33920.1	25239.6	1.60193	1.0001
natural[334,3]	1.45944	0.00233753	0.617415	0.622963	0.467437	1.44962	2.49047	68831.9	45918.4	3.2507	1.00022
natural[335,1]	0.243679	0.000886847	0.175959	0.126016	0.0571518	0.193924	0.621377	47876.7	37154.8	2.26106	1.00012
natural[335,2]	0.425234	0.000986693	0.223125	0.234031	0.0748639	0.414865	0.809563	45543.1	30951.3	2.15085	1.00014
natural[335,3]	0.679996	0.00139079	0.407677	0.409536	0.0235943	0.675375	1.36454	85284.9	49123.2	4.02772	1.00005
natural[336,1]	0.710987	0.00159421	0.252993	0.251431	0.212247	0.785789	0.990816	25007.4	37027.4	1.18102	1.0003
natural[336,2]	0.0196666	8.80729e-05	0.0250972	0.0123174	0.000691028	0.0106897	0.069809	93149.2	46657.2	4.39912	1.00002
natural[336,3]	1.66609	0.00132027	0.424188	0.416416	1.00013	1.65194	2.39241	107115.0	48451.3	5.05869	1.00002
natural[337,1]	0.0182784	0.000108508	0.0124994	0.0113219	0.00320542	0.0155808	0.0423354	11024.1	25391.6	0.520632	1.00112
natural[337,2]	2.19317	0.00136339	0.395493	0.392549	1.57433	2.1768	2.87189	85154.5	55458.9	4.02156	1.00006
natural[337,3]	3.60141	0.00196416	0.626152	0.61972	2.61561	3.57651	4.66798	104514.0	44916.7	4.93584	1.00011
natural[338,1]	0.0757781	0.000436764	0.069614	0.0466436	0.0112953	0.0594041	0.187215	26560.7	40804.3	1.25437	1.00031
natural[338,2]	0.794021	0.00116743	0.276074	0.272364	0.341199	0.791737	1.24987	54777.6	30332.0	2.58696	1.0002
natural[338,3]	-0.108282	0.00144187	0.447089	0.444881	-0.845958	-0.106222	0.624623	96817.9	44487.6	4.57238	1.00004
natural[339,1]	0.697053	0.00146912	0.250102	0.260123	0.205885	0.760551	0.987828	28955.0	37127.7	1.36745	1.0003
natural[339,2]	0.0235548	9.59609e-05	0.0283348	0.0155963	0.000851956	0.0135971	0.0801435	93267.2	47086.2	4.4047	0.999989
natural[339,3]	1.4664	0.00124079	0.401965	0.398474	0.833519	1.44925	2.14866	108668.0	49578.5	5.13201	1.00022
natural[340,1]	0.24389	0.00116876	0.214287	0.134585	0.0380025	0.167953	0.743308	43439.6	35389.0	2.0515	1.00012
natural[340,2]	0.339078	0.00101164	0.212268	0.23039	0.0258726	0.3236	0.716556	37752.7	29240.1	1.78293	1.00003
natural[340,3]	1.42267	0.00156981	0.440683	0.444052	0.720976	1.40784	2.16646	77637.2	48842.3	3.66654	1.00004
natural[341,1]	0.696592	0.00140981	0.259828	0.259777	0.178597	0.770604	0.98872	34496.1	40051.1	1.62914	1.00018
natural[341,2]	0.0211258	9.63533e-05	0.0269708	0.0132862	0.000789823	0.0116437	0.0734944	89518.9	46497.1	4.22767	1.00013
natural[341,3]	0.930261	0.00114651	0.353774	0.35133	0.358658	0.923529	1.52255	96624.1	51452.0	4.56323	1.00006
natural[342,1]	0.665332	0.00124913	0.259559	0.291763	0.176395	0.720947	0.984175	42802.9	42963.4	2.02144	1.00014
natural[342,2]	0.0256116	0.000104735	0.0299994	0.0169298	0.00103667	0.0150134	0.0860153	86078.9	45962.6	4.06522	1.0001
natural[342,3]	0.262948	0.00107215	0.326837	0.326604	-0.268898	0.26036	0.799699	93264.5	50330.9	4.40457	1.00017
natural[343,1]	0.419031	0.00155789	0.322544	0.411175	0.0232819	0.357818	0.961451	40752.4	50736.3	1.9246	1.00012
natural[343,2]	0.150934	0.000837847	0.197151	0.0878504	0.00229179	0.0672212	0.584318	55441.1	49604.7	2.61829	1.00009
natural[343,3]	0.344737	0.00158064	0.47664	0.471855	-0.421469	0.334409	1.14436	91608.8	53672.4	4.32637	1.00003
Omega[1,2]	-0.896609	0.000816258	0.0490391	0.0426389	-0.958319	-0.905406	-0.803283	3730.23	7505.18	0.176166	1.00298
Omega[1,3]	0.174787	0.00265435	0.105254	0.105244	-0.00349197	0.178569	0.34135	1603.22	3986.24	0.0757146	1.00606
Omega[2,1]	-0.896609	0.000816258	0.0490391	0.0426389	-0.958319	-0.905406	-0.803283	3730.23	7505.18	0.176166	1.00298
Omega[2,3]	-0.162124	0.000794544	0.0754988	0.0759985	-0.284295	-0.163147	-0.0369361	9058.47	19566.4	0.427801	1.00122
Omega[3,1]	0.174787	0.00265435	0.105254	0.105244	-0.00349197	0.178569	0.34135	1603.22	3986.24	0.0757146	1.00606
Omega[3,2]	-0.162124	0.000794544	0.0754988	0.0759985	-0.284295	-0.163147	-0.0369361	9058.47	19566.4	0.427801	1.00122
