participant_id	parameter	mean	median	ci_low	ci_high
sub-10402	alpha	0.35688004185451894	0.32144056755	0.05654965468275	0.8165049521974999
sub-10402	kappa	0.10213419507242544	0.076920751885	0.01538841306275	0.34235231032999985
sub-10402	preference_friend	2.5427636148710544	2.433071639	0.380273658805	5.3569198675999985
sub-10402	preference_stranger	1.2887286133646134	1.2167365165000001	0.04391085417725001	2.913015812875
sub-10418	alpha	0.10414899394166209	0.07589968677	0.011927610135	0.37795800338499946
sub-10418	kappa	0.3903973712041994	0.33587591305	0.08828962015325	0.9924739927724998
sub-10418	preference_friend	2.8923049888993373	2.7879355190000004	1.339863394225	5.0407796323
sub-10418	preference_stranger	0.8794350299260116	0.75877840975	0.2048224642975	2.170625027275
sub-10478	alpha	0.20005220749475333	0.1669193344	0.027731423465	0.5609509354674994
sub-10478	kappa	0.2928642134286184	0.2472007	0.05268644079075	0.7847852075324997
sub-10478	preference_friend	2.2437688975011545	2.0773079895	0.801073245645	4.615111448124999
sub-10478	preference_stranger	0.526318947272901	0.38044718615	-0.2585262766125	2.022301464025
sub-10529	alpha	0.3028574086203572	0.26504518860000004	0.035842064727750006	0.7574773959424997
sub-10529	kappa	0.1312236276928021	0.1074127892	0.0248079561305	0.3726337740499997
sub-10529	preference_friend	2.6812914662839833	2.549413565	0.8626569465124999	5.2251363684749945
sub-10529	preference_stranger	1.0472516314830902	0.9680649404499999	-0.13390494157	2.6559425635999996
sub-10541	alpha	0.35582375877781136	0.31841255165	0.04779619211925001	0.8352183581449999
sub-10541	kappa	0.07675341174057894	0.06110950318	0.01115208555625	0.23053909119249977
sub-10541	preference_friend	2.590624336278496	2.4731138325	0.43495314609999997	5.42577560335
sub-10541	preference_stranger	1.0028339109560935	0.93051500305	-0.4534257792575	2.8055488724999997
sub-10559	alpha	0.12663299940163725	0.11951265629999999	0.029793234211	0.263854854895
sub-10559	kappa	1.7235048736903873	1.5659050165	0.49734559085249996	3.8575185795749998
sub-10559	preference_friend	0.2580268672321006	0.28473780895	-0.1271618798625	0.4756750223975
sub-10559	preference_stranger	-0.16041726431535325	-0.10612244885	-0.764292095275	0.14022487165999953
sub-10572	alpha	0.2867871588394399	0.23603784914999998	0.0347288887695	0.7853089115174994
sub-10572	kappa	0.15033630462601708	0.10333977285000001	0.013994877160999999	0.5509819917774998
sub-10572	preference_friend	1.9158168851994888	1.6428702775	0.1573551144375	4.952634492949999
sub-10572	preference_stranger	0.6069735444484708	0.42524919805	-0.5881879023950001	2.5286348730999992
sub-10581	alpha	0.10612063328203881	0.084979053035	0.0140624117345	0.3324614020399999
sub-10581	kappa	0.6771537992238891	0.5722008804000001	0.10435730949	1.8695473852999942
sub-10581	preference_friend	1.2714604900584205	1.0980480225	0.40536118123000003	3.1637143652249984
sub-10581	preference_stranger	0.08230975977438525	0.06118571327	-0.46846370298249995	0.9468914515399998
sub-10584	alpha	0.3892643918325945	0.3700487044	0.06890671935825	0.8175725396849999
sub-10584	kappa	0.22986414580115883	0.20065386270000002	0.0133608252495	0.6345079324624997
sub-10584	preference_friend	0.5766350366824806	0.24293687409999998	-0.8241966856949999	4.044273461349999
sub-10584	preference_stranger	0.4668252397839113	0.37805594075	-0.5306732505525	2.131426775325
sub-10585	alpha	0.2780575377545236	0.24335921319999998	0.04272551468775	0.6941887753724998
sub-10585	kappa	0.200257672031256	0.1747881711	0.057982149834	0.49407469067
sub-10585	preference_friend	2.9646232191906003	2.866376071	1.122245588725	5.388169638124999
sub-10585	preference_stranger	1.538600117793398	1.471785655	0.5131117726375001	2.9285775822999995
sub-10589	alpha	0.18605494360387453	0.14955020284999998	0.01970781489475	0.5464114301074997
sub-10589	kappa	0.2902022869820022	0.25581017625	0.07118002793075	0.6933508642399999
sub-10589	preference_friend	2.866228723273783	2.7569781825	1.365681529975	4.995210290624998
sub-10589	preference_stranger	0.8200774796229842	0.704656309	0.01777401817925001	2.20395413395
sub-10590	alpha	0.08680673139241803	0.07078970396	0.011150534315	0.25933469150249944
sub-10590	kappa	1.0452755781224754	0.97293938365	0.23437439668	2.281033503825
sub-10590	preference_friend	1.8962375115977064	1.815688734	0.81332349987	3.450893878349996
sub-10590	preference_stranger	0.24016711229684257	0.21538056055	-0.0531091646365	0.7255134270874983
sub-10596	alpha	0.22983371300315403	0.1924808192	0.031890665308749996	0.6326017925899996
sub-10596	kappa	0.28817774007692193	0.25648897135000004	0.09089648042000001	0.6667726797449999
sub-10596	preference_friend	2.9158720814099963	2.8204253985	1.13902750595	5.240654844099999
sub-10596	preference_stranger	1.4692483152554132	1.3989104774999999	0.51102700504	2.8250276066749977
sub-10603	alpha	0.15944185138606623	0.1298243897	0.020833529843249998	0.47785996049499974
sub-10603	kappa	0.3417705199059674	0.3129540315	0.06776206987075001	0.7847851708074988
sub-10603	preference_friend	1.8968069644467407	1.745682034	0.7280035431124999	3.9784131009749957
sub-10603	preference_stranger	0.20506595701362595	0.12508315949999999	-0.5067077475024999	1.484416748899999
sub-10606	alpha	0.25854873537237194	0.21947198555	0.026910078755500003	0.6905293226074997
sub-10606	kappa	0.26347230065508126	0.2440019522	0.09783968974825	0.5324366968249999
sub-10606	preference_friend	3.718394442527688	3.6402359985	1.94787120535	5.884785345149998
sub-10606	preference_stranger	1.7888444867678541	1.7356772944999999	0.7860558472275	3.091683897149999
sub-10636	alpha	0.19872608445350096	0.15764942765	0.022922970187249998	0.5896897780449999
sub-10636	kappa	0.2738495921300915	0.25389530979999997	0.100248166075	0.5633825447325
sub-10636	preference_friend	3.756290763948006	3.6874034705	1.9701008777	5.9402202832499995
sub-10636	preference_stranger	1.8011829699524537	1.7516860705	0.787528691945	3.0960644768249996
sub-10638	alpha	0.22350187067910532	0.1851488233	0.025962189374499997	0.6312720796849998
sub-10638	kappa	0.31000283780630344	0.29103314049999995	0.1229890379175	0.6048035821249996
sub-10638	preference_friend	3.9697564141846096	3.902231165	2.1293109853	6.134271691925
sub-10638	preference_stranger	2.0678730246143404	2.0177292505	1.0306881256	3.3659160923749996
sub-10640	alpha	0.11618873123426804	0.09653885237	0.0154468956305	0.32871242077499985
sub-10640	kappa	0.8896633863389012	0.8336204562	0.318980918	1.780629367574997
sub-10640	preference_friend	0.7227699714886735	0.65986751835	0.32471013817750005	1.4688689525499978
sub-10640	preference_stranger	-0.36577076469282466	-0.32879431189999997	-1.034363760025	0.09291926722999977
sub-10642	alpha	0.04880166814374439	0.03939258286	0.00591931045705	0.14602420264999996
sub-10642	kappa	1.9115739493596875	1.784268623	0.7272195071850001	3.849182675874994
sub-10642	preference_friend	1.4777551809472438	1.3917395225	0.5714210299925	2.8516273550999984
sub-10642	preference_stranger	-0.08196065335623945	-0.04895101734	-0.5117038350575001	0.15537522790999989
sub-10644	alpha	0.07978886494310555	0.06309882717000001	0.009375701644150001	0.2438475824349999
sub-10644	kappa	1.2184394456723695	1.1404572339999999	0.4555988159325	2.43061692675
sub-10644	preference_friend	1.6200525702180657	1.5499016485000001	0.7023905405900001	2.9422169202999995
sub-10644	preference_stranger	-0.028780303152920125	0.0006040743512	-0.45783495298000004	0.23343026077499993
sub-10647	alpha	0.09527543311950609	0.081076682465	0.013752789915	0.2538713340175
sub-10647	kappa	1.4505083361853846	1.319862983	0.5106424633275	3.160887290274997
sub-10647	preference_friend	0.16549072549983024	0.18917534865000002	-0.21318609666750002	0.4042354543049999
sub-10647	preference_stranger	-0.43666250405541635	-0.39083067039999997	-1.19624130135	0.05623103559799999
sub-10649	alpha	0.18835717048150252	0.13733551085	0.01701254080325	0.6172933112474999
sub-10649	kappa	0.29791043297815467	0.27674762835	0.11480876160499999	0.6019855454824997
sub-10649	preference_friend	4.052050365020453	3.9878534290000003	2.1856073031250003	6.273394581925
sub-10649	preference_stranger	2.0570354466468035	2.01032266	0.9947244187775	3.387230814074999
sub-10652	alpha	0.26500680123792253	0.2261316026	0.040942114844	0.6897959420274999
sub-10652	kappa	0.21917969209044008	0.18576211235	0.042998796674	0.5832701452924998
sub-10652	preference_friend	2.4770316116701405	2.3150427789999997	0.9426237915000001	4.907106210124999
sub-10652	preference_stranger	0.7939272912983802	0.670997668	-0.12759150516749998	2.3251421225999986
sub-10656	alpha	0.09423968392968562	0.07557150269	0.012982215687	0.28882422403249997
sub-10656	kappa	1.6021709037480458	1.32516306	0.1929921087425	4.7255401917749955
sub-10656	preference_friend	0.16969770872835743	0.18027752225	-0.2315339025575	0.48532277218999986
sub-10656	preference_stranger	0.0886599897620984	0.15161618695	-0.537895203335	0.33709081830999993
sub-10657	alpha	0.3732961017906331	0.35157487364999995	0.09489380578925	0.7625681847649999
sub-10657	kappa	0.34039262469842413	0.2195640942	0.02743697337075	1.2582927282249998
sub-10657	preference_friend	1.534216702265716	1.158063002	0.2644636646675	4.465747996725
sub-10657	preference_stranger	0.7234165909372933	0.5384197428999999	-0.09817499414575	2.354605085924999
sub-10661	alpha	0.28301720517315443	0.25214315235	0.03488022269225	0.6971837331849999
sub-10661	kappa	0.1936774245419797	0.1758598443	0.057557753646499996	0.4313931582674997
sub-10661	preference_friend	3.2668527142646937	3.1718316535	1.598387762725	5.468150807424999
sub-10661	preference_stranger	1.2350025887513316	1.159068864	0.2482803975175	2.6148537727499974
sub-10663	alpha	0.14546930679425138	0.1157907272	0.021432798469250003	0.44885697965
sub-10663	kappa	1.0314687949725712	0.83654786715	0.06632626488375	3.0914057920499967
sub-10663	preference_friend	0.44504997202766294	0.3299996662	-0.03771991272999999	1.9030649021249988
sub-10663	preference_stranger	0.08199554013604742	0.102095363	-0.545795993195	0.7524662634474949
sub-10673	alpha	0.24322747303780015	0.1816122069	0.023540706033	0.7511258295899998
sub-10673	kappa	0.14065595200441086	0.1076441006	0.014348575530000001	0.43513658742249944
sub-10673	preference_friend	2.100679982413953	1.839518225	0.418729311505	4.993738114999999
sub-10673	preference_stranger	0.4746680356744354	0.28788897355	-0.7829910849949999	2.4491988435749943
sub-10674	alpha	0.27336885416330003	0.2454022242	0.03044201901375	0.667776591767499
sub-10674	kappa	0.30546677991378623	0.28893833724999995	0.12422922793249999	0.5829178909574994
sub-10674	preference_friend	3.979556545393044	3.9129689445	2.128302221425	6.201549430224995
sub-10674	preference_stranger	2.1455120948769313	2.0985585095	1.11708937995	3.4256228568499982
sub-10677	alpha	0.3023044158419219	0.2608806931	0.041210220454250004	0.7750570276899998
sub-10677	kappa	0.17484591763703464	0.12705640865	0.016816244949	0.5980095028574998
sub-10677	preference_friend	1.7267128104301754	1.4201938594999999	0.16326890667	4.71674702285
sub-10677	preference_stranger	0.5505495594164788	0.3666152224	-0.5544415948725	2.3970185919249953
sub-10685	alpha	0.06405097028722995	0.051006321505	0.006614249638675001	0.1909754902975
sub-10685	kappa	3.4484871951207876	2.9089020475	1.092711423775	9.097900896525001
sub-10685	preference_friend	1.36201679945675	1.2747457335	0.5007896327425	2.691485807524999
sub-10685	preference_stranger	0.03152932585681052	0.067576688875	-0.3835264598275	0.239915694235
sub-10691	alpha	0.25702676482215736	0.22974117805	0.0279342022725	0.6348375505074993
sub-10691	kappa	0.3188063699393131	0.29973866025	0.1298139912275	0.612469173845
sub-10691	preference_friend	3.9351782887665	3.8775158245	2.09548693135	6.0831226756499985
sub-10691	preference_stranger	2.1086087012257875	2.060316719	1.09461132115	3.389451540025
sub-10700	alpha	0.08979889869111107	0.07807215683999999	0.01464192643475	0.2346427589099998
sub-10700	kappa	0.8302028428492704	0.7691200118499999	0.276074743	1.71049534645
sub-10700	preference_friend	0.7965796846110774	0.7245197592	0.36540741435999996	1.6366033314249993
sub-10700	preference_stranger	-0.32463192996159984	-0.28901620564999997	-0.956124090505	0.10317746234999989
sub-10701	alpha	0.0897591440444305	0.08229812836	0.02311005746625	0.19981038719999988
sub-10701	kappa	3.4968303458947396	2.843884454	0.6401783806475001	10.129478693749991
sub-10701	preference_friend	0.26753161355730654	0.28519889379999996	0.023687602026500006	0.3995362668674999
sub-10701	preference_stranger	0.0708630368857259	0.11987918945	-0.3785942558725	0.22913008696999995
sub-10713	alpha	0.10227535893713403	0.084883659025	0.0150440375025	0.29028063477999977
sub-10713	kappa	0.5536425348972032	0.5169764975	0.17668298374	1.1337417455249996
sub-10713	preference_friend	-0.008653381071181224	0.03567706833	-0.7708497652199999	0.47701731465249997
sub-10713	preference_stranger	-0.7460402473841912	-0.7098424933	-1.64339859345	-0.06351645787525033
sub-10716	alpha	0.3486810932682033	0.3226416755	0.05592577366075	0.779525045985
sub-10716	kappa	0.12627732458155977	0.09976019713	0.0226456683845	0.38429937379
sub-10716	preference_friend	2.5825169188412964	2.447145442	0.6917067832975	5.247593924899999
sub-10716	preference_stranger	1.2251816768397903	1.1489267125	0.0904812747215	2.784742843299999
sub-10718	alpha	0.21465018883893736	0.1869561221	0.034253998577	0.55331363646
sub-10718	kappa	0.3622985811269688	0.33909218215	0.14161453661	0.7161763200799998
sub-10718	preference_friend	3.8711377695982936	3.811997178	2.087074235775	6.051547205899999
sub-10718	preference_stranger	2.0404815772063407	1.9911574745	1.06802400395	3.295022216275
sub-10720	alpha	0.24599638143525676	0.20203031059999998	0.033431402520499996	0.6962333194799999
sub-10720	kappa	0.18466507246455505	0.1405414932	0.024459094883500003	0.5998818018474997
sub-10720	preference_friend	2.187291278770019	1.9710635834999999	0.58784731134	4.918157619224998
sub-10720	preference_stranger	0.7045550311694242	0.5497614693999999	-0.3392924101	2.421784216175
sub-10723	alpha	0.2625576154149306	0.2027385853	0.037185658522	0.7815628966399997
sub-10723	kappa	0.17836754208263836	0.12863019050000002	0.01065441829875	0.6149910025224984
sub-10723	preference_friend	1.3163435529745806	0.83845520945	-0.2851469756175	4.717955886975
sub-10723	preference_stranger	0.31382789797304295	0.09727353117	-0.8680515410775	2.4084983211999993
sub-10741	alpha	0.24488755931871334	0.19823736684999999	0.03174228387175	0.7079110374749998
sub-10741	kappa	0.1652067107862775	0.13191413735	0.018537176619000003	0.49497828099499985
sub-10741	preference_friend	2.0287253765763	1.7621330135000002	0.475239536765	4.846897293499999
sub-10741	preference_stranger	0.4990140026153633	0.32785760389999996	-0.61654516047	2.348059917974999
sub-10748	alpha	0.33330451287867535	0.3048235754	0.05162392574375	0.7625567631799998
sub-10748	kappa	0.16050589384608788	0.13871941394999998	0.034941947303500004	0.4111368418274998
sub-10748	preference_friend	2.6901559641445734	2.5669892819999998	1.016173021075	5.094196800474999
sub-10748	preference_stranger	1.0450584036595665	0.9537971203	0.006596476957925002	2.553982413575
sub-10767	alpha	0.044484617318061755	0.036767918015	0.00551652812015	0.12576007528749997
sub-10767	kappa	2.9414454391161216	2.5073465400000003	0.6934514014700001	7.8361016077499945
sub-10767	preference_friend	1.6244940590521437	1.5446534875000002	0.595811749275	3.0885926362749996
sub-10767	preference_stranger	0.22112895637711594	0.22095962045	0.0851513542155	0.36285079796999925
sub-10770	alpha	0.3511650871553462	0.31260364755000003	0.044194265799249996	0.8341176560024999
sub-10770	kappa	0.0649791767628906	0.05529551092	0.01170107930225	0.17474414362499985
sub-10770	preference_friend	3.167178169449182	3.087318166	1.01537457	5.769570278824999
sub-10770	preference_stranger	1.4398176914285428	1.393175546	0.045358930723	3.069773168549999
sub-10781	alpha	0.05352069393156983	0.043456129915	0.006867988678025	0.15972008274499994
sub-10781	kappa	0.7222214947960222	0.6885697106499999	0.284777365475	1.3450299475999994
sub-10781	preference_friend	1.7392861063598002	1.6683844715	0.7800347323175	3.1083248482499988
sub-10781	preference_stranger	-0.2890541827661379	-0.25961168465	-0.89431962328	0.14254161987249986
sub-10783	alpha	0.05493859332106469	0.045365704995	0.007726187929	0.15719075248249992
sub-10783	kappa	1.5257222588158914	1.3858389305	0.4852323846125	3.3626519062249995
sub-10783	preference_friend	0.4900910235158706	0.45020329265000003	0.270190267265	0.9371064108499998
sub-10783	preference_stranger	-0.40021291967617684	-0.35629806995	-1.115131090625	0.0704030651309998
sub-10785	alpha	0.276312150316024	0.24318492645	0.045790347985750005	0.6994387522749999
sub-10785	kappa	0.42115690522741084	0.3459889266	0.02227970880775	1.249632987424998
sub-10785	preference_friend	0.5630532445007269	0.3618618404	-0.38213893632999996	3.28448265007499
sub-10785	preference_stranger	0.14923407271348016	0.10335070835	-0.6680720002175	1.6225604597999994
sub-10794	alpha	0.251691619830229	0.19997880099999998	0.035966147942500006	0.7391002350549998
sub-10794	kappa	0.205764275759022	0.1574639077	0.01846715394075	0.6570606420899997
sub-10794	preference_friend	1.584510936059504	1.2491780855	0.2162081565775	4.497577051999998
sub-10794	preference_stranger	0.3993652557790539	0.23111629995	-0.64060295468	2.2375017684499987
sub-10800	alpha	0.3716629598332725	0.34543836375000003	0.063542469	0.7958522065674997
sub-10800	kappa	0.13635194332571673	0.1210281826	0.0369068019285	0.32166933514999974
sub-10800	preference_friend	3.1095106057179605	3.0155440105	1.211691943575	5.560688509324995
sub-10800	preference_stranger	1.782124624941582	1.7299172500000002	0.6654713320475	3.177769730024999
sub-10801	alpha	0.23121222238321418	0.20674649835	0.03977596099525	0.5619987181324998
sub-10801	kappa	0.3289493491588369	0.3021711347	0.1172638424075	0.7010052266324985
sub-10801	preference_friend	3.0241497298002686	2.939528283	1.2442225685750001	5.314742934224998
sub-10801	preference_stranger	1.742420435884626	1.6868057140000001	0.7816255053075	3.0398737293749982
sub-10802	alpha	0.2831628304285889	0.22635735875000002	0.03593892705025	0.7885290081349999
sub-10802	kappa	0.16208009729374864	0.10810053615000001	0.015810711577750002	0.6140030641374995
sub-10802	preference_friend	1.989743874114817	1.7340712175	0.31045652629	4.939632642274999
sub-10802	preference_stranger	0.7182987705919495	0.55032278405	-0.41298149957249997	2.5347884688499995
sub-10804	alpha	0.2741590997741739	0.25313103415	0.04651732889875	0.6251761069899994
sub-10804	kappa	0.43625436903749126	0.39770573625	0.14852981449	0.9383138079649992
sub-10804	preference_friend	3.0031635165378967	2.915751957	1.376676955975	5.109687265399999
sub-10804	preference_stranger	1.3810321692978376	1.3066939965	0.578872982735	2.595419736524999
sub-10806	alpha	0.04513437908231371	0.03712990191	0.00568267049075	0.13250633412499985
sub-10806	kappa	2.9245311395774687	2.4687061525000003	0.6707079790475	7.9040904936
sub-10806	preference_friend	1.6553379494858218	1.581657823	0.607646371735	3.1478210770499997
sub-10806	preference_stranger	0.2599344747592977	0.2499086865	0.13815271885500002	0.43973344465249964
sub-10807	alpha	0.2590732386940375	0.23016658745000002	0.027586125297250002	0.6547837808099999
sub-10807	kappa	0.21962359449310032	0.2007484957	0.07009584161474999	0.4756902636849999
sub-10807	preference_friend	3.4308133944583283	3.3450826135	1.7408580441250001	5.619783500199999
sub-10807	preference_stranger	1.3989784513919117	1.3278478919999999	0.4177813570475	2.760174921199999
sub-10809	alpha	0.24096044039418338	0.2230284199	0.04054625574	0.5498906982724991
sub-10809	kappa	0.6662578339127948	0.6008807885	0.121405976055	1.5739348156249968
sub-10809	preference_friend	0.5937363036168692	0.49931579550000005	0.0963190993465	1.6827587529999994
sub-10809	preference_stranger	-0.14925656026534517	-0.1236949202	-0.83110712312	0.37501543896249895
sub-10810	alpha	0.21299280416260524	0.17720437495000002	0.0283307444375	0.5921165365874999
sub-10810	kappa	0.2685939238671109	0.247178848	0.0941602600235	0.5656077917674993
sub-10810	preference_friend	3.527768139545631	3.4534523335	1.801652762575	5.659879367799999
sub-10810	preference_stranger	1.5736635700674746	1.509019537	0.6236646198675	2.89243799055
sub-10812	alpha	0.2502105794897112	0.21657835975	0.038295244621750005	0.6444519058324998
sub-10812	kappa	0.2034777120786422	0.17034914175	0.050554756603500006	0.5408939113424998
sub-10812	preference_friend	2.7782180008729815	2.673381349	0.94178165683	5.251293346599999
sub-10812	preference_stranger	1.3107273177014027	1.2240027480000002	0.3161234488825	2.7381948210249996
sub-10817	alpha	0.13014416871133402	0.093093756115	0.014507532570500001	0.4804309364574998
sub-10817	kappa	0.39684510459448985	0.3530497213	0.069610226071	0.9822187585249997
sub-10817	preference_friend	1.9520713717822813	1.79637753	0.7744619945400001	4.036686449099999
sub-10817	preference_stranger	0.29015014546819756	0.20237047795000002	-0.37167097154	1.57031011855
sub-10827	alpha	0.13449440483622208	0.09757010763	0.0154931325435	0.49102175170999984
sub-10827	kappa	0.4699777856503144	0.42114944985	0.0589538930065	1.1793177916249986
sub-10827	preference_friend	1.7581462896532443	1.5968066775	0.6561925352275	3.851388198025
sub-10827	preference_stranger	0.1385258627057623	0.054608958895000004	-0.5848821447775	1.5307709774749974
sub-10831	alpha	0.2130474907039361	0.17582085065	0.032093954389499996	0.59760055528
sub-10831	kappa	0.234723229649276	0.20456734415	0.06874290355275	0.5682742898374996
sub-10831	preference_friend	2.97758791488974	2.889142809	1.16007885215	5.327960298249999
sub-10831	preference_stranger	1.3332279017670121	1.2560221415	0.340595202815	2.750853678274999
sub-10834	alpha	0.2542125769583427	0.22418567485000002	0.04687659224325	0.630127744067499
sub-10834	kappa	0.23741341022050194	0.21646638935	0.08238119108325001	0.5106796399124995
sub-10834	preference_friend	3.352961665532243	3.270948206	1.5186411161	5.647166679449999
sub-10834	preference_stranger	1.7885072435052816	1.7341441425	0.793711684245	3.1095480843749996
sub-10838	alpha	0.36395383990099267	0.32052055045000005	0.048459686030000004	0.8609559109174999
sub-10838	kappa	0.08146693029018455	0.052182586850000004	0.007313335819124999	0.3121898719649999
sub-10838	preference_friend	1.9410726343290743	1.7602986605000002	-0.48287508023	5.323513798424998
sub-10838	preference_stranger	0.7879915112529962	0.6809522612500001	-0.755882686905	2.810329815474999
sub-10843	alpha	0.32011726040689087	0.27340296175	0.0471211980615	0.8103458919499987
sub-10843	kappa	0.20136528422488578	0.12169519545	0.01148365818675	0.7924978765249999
sub-10843	preference_friend	1.281219919341434	0.7679009691	-0.38696969338750004	4.810316169849999
sub-10843	preference_stranger	0.5626896436358755	0.34372986125	-0.5418065167775	2.511297390899999
sub-10850	alpha	0.2693858669618644	0.22952484769999998	0.03813264480275	0.7047321301824998
sub-10850	kappa	0.1434436025230039	0.12937593145	0.0413303463385	0.3297765862524999
sub-10850	preference_friend	3.344149819741725	3.251997825	1.4972747332	5.685191431149997
sub-10850	preference_stranger	1.5219538477109418	1.4658867505	0.406655576075	2.9683593155749968
sub-10854	alpha	0.15417011211622267	0.11488095314999999	0.01677712501325	0.5296124440099995
sub-10854	kappa	0.38861239486785815	0.36290295554999996	0.08381522078225	0.8402501471149999
sub-10854	preference_friend	1.5898402650415333	1.459330911	0.6412403746174999	3.336639649849999
sub-10854	preference_stranger	-0.01760120742185798	-0.04856111657	-0.7590432320949999	1.023259201749999
sub-10857	alpha	0.07240403652276871	0.06213312862	0.0100319501995	0.1945430707799999
sub-10857	kappa	1.2501968503315906	1.171338846	0.4306729068925	2.5343314798999996
sub-10857	preference_friend	1.7072343043468907	1.634032023	0.7589802655875	3.0701730729999994
sub-10857	preference_stranger	0.0747434173776953	0.09560980420000001	-0.27293489772999996	0.30427640834999997
sub-10858	alpha	0.13526842765661973	0.10523688825	0.017220479128	0.4380960610049993
sub-10858	kappa	1.0628760382125528	0.9049553971	0.1740448680375	2.817607299524999
sub-10858	preference_friend	1.3933878220878873	1.049601867	0.3661583113725	4.020056644149999
sub-10858	preference_stranger	1.1434876166680603	1.038316029	0.508431374315	2.368806845899999
sub-10860	alpha	0.20817404612076562	0.17181010205000002	0.030942539366	0.588484347184999
sub-10860	kappa	0.23509993209157812	0.20860348245	0.06961558326825001	0.5483326917574998
sub-10860	preference_friend	3.2236081352170625	3.129803894	1.5356810314	5.4360743378250005
sub-10860	preference_stranger	1.1954910268096723	1.107578263	0.27621433840750004	2.5749120642749985
sub-10862	alpha	0.17292507519863448	0.1214903911	0.016271957389	0.6007670166649992
sub-10862	kappa	0.4902214257640591	0.44246741045	0.1081359800125	1.1379840181249996
sub-10862	preference_friend	2.284518704542684	2.1830121145	1.04203789525	4.149270855375
sub-10862	preference_stranger	0.39247638518235634	0.3071835772	-0.181832382215	1.4936792223499988
sub-10863	alpha	0.2086007993877351	0.1758565007	0.026683838862	0.5652735571224999
sub-10863	kappa	0.4158100168186303	0.3896376296	0.1601510865525	0.8195490849274997
sub-10863	preference_friend	3.666040771498312	3.6040668379999996	1.861594446025	5.845570822474993
sub-10863	preference_stranger	1.9287963792474718	1.8777196735	0.95305157572	3.182453026499999
sub-10866	alpha	0.2857129681751196	0.23005351185	0.03390794737625	0.7908732609375
sub-10866	kappa	0.1232887518326998	0.09060240007	0.0156289548935	0.4244920087124994
sub-10866	preference_friend	2.3832374277274604	2.2073606805	0.5324899979650001	5.145360383099998
sub-10866	preference_stranger	0.8879860123464953	0.76881123965	-0.330480873735	2.633352482299997
sub-10875	alpha	0.21775600919701513	0.18760507064999998	0.03424806833025	0.5767770691324998
sub-10875	kappa	0.29974841643315997	0.27871970595	0.11170754876	0.6081536516049995
sub-10875	preference_friend	3.6569541651057818	3.59230318	1.8697667603	5.867698038249999
sub-10875	preference_stranger	1.7714484220588345	1.7150763064999999	0.79552123743	3.085837517074999
sub-10887	alpha	0.5176729635261433	0.53129736345	0.1209696021275	0.8652511683324999
sub-10887	kappa	0.29064144723370644	0.24683875049999998	0.03644627440075	0.7748102317799999
sub-10887	preference_friend	1.5496983642193947	1.1886506085000001	0.28531760811249995	4.403519171899995
sub-10887	preference_stranger	1.2329455862378267	1.140217571	0.40416927234	2.5735238645249994
sub-10896	alpha	0.21464011753764595	0.1806321248	0.03249552021275	0.5975134879999994
sub-10896	kappa	0.27191135459270765	0.22125067799999998	0.054533482862	0.7819381726149998
sub-10896	preference_friend	2.3129449571008562	2.163400396	0.728080328505	4.750498648149999
sub-10896	preference_stranger	0.8216400404357259	0.70166593975	0.011835755287000007	2.2290031735499993
sub-10898	alpha	0.3483999940978148	0.33949881005	0.08683395483325	0.6654501143149995
sub-10898	kappa	0.7751466060315849	0.7120700314499999	0.19954246211499999	1.7186437189749992
sub-10898	preference_friend	1.7379094625502438	1.599409361	0.733501812535	3.5350904906999987
sub-10898	preference_stranger	0.7198690275225477	0.659692917	0.2938340745375	1.5495936517249997
sub-10908	alpha	0.34139768380714514	0.3073859396	0.05226694833425	0.7930894404624993
sub-10908	kappa	0.09775599384929706	0.083003954985	0.01981398824125	0.26369114848749997
sub-10908	preference_friend	2.9640715851380657	2.878777795	0.890382741655	5.5072337799
sub-10908	preference_stranger	1.4832945740044678	1.432091229	0.238538951385	3.0030456856749987
sub-10918	alpha	0.11565203240401903	0.10248060114999999	0.026442299027	0.2852593184224996
sub-10918	kappa	1.3138108578746268	1.114720922	0.22891299187250003	3.542999460125
sub-10918	preference_friend	0.3790649233932565	0.3375109592	0.1054195725725	0.8644159778199993
sub-10918	preference_stranger	0.02707298708237388	0.07466918905	-0.519451983415	0.29069215373999996
sub-10919	alpha	0.17014638472681673	0.13732027395000002	0.01952308411725	0.4991640848749998
sub-10919	kappa	0.4255496834016634	0.39710721849999997	0.16251193951	0.8436145363849994
sub-10919	preference_friend	3.6939099725555753	3.620041651	1.8857962726	5.875756988824999
sub-10919	preference_stranger	1.863614486148575	1.8090335755	0.864598756515	3.160062284425
sub-10924	alpha	0.27329318690103493	0.24208335615	0.045309789107500005	0.6690978161449999
sub-10924	kappa	0.24209236628302125	0.2243928088	0.089590891557	0.4991651247774997
sub-10924	preference_friend	3.4517872431545347	3.3779631105	1.583408161925	5.708490454349999
sub-10924	preference_stranger	1.9648992924398034	1.9198593465	0.9311504894925	3.2658201933749997
sub-10930	alpha	0.23560272067486232	0.20424758269999999	0.037336621554	0.6088365171299996
sub-10930	kappa	0.2639985205209484	0.21864840829999999	0.060751312947750005	0.7254762441224992
sub-10930	preference_friend	2.516147677249773	2.3836271924999997	0.8864992882475	4.874466955799995
sub-10930	preference_stranger	1.023235506898833	0.91877807845	0.162477986405	2.4449212392249984
sub-10938	alpha	0.1695397685124628	0.14842601495	0.02886303142275	0.43294562762499994
sub-10938	kappa	0.8964556641196714	0.81763071275	0.2050432575925	2.0178812774749995
sub-10938	preference_friend	1.972585537832003	1.8727316900000002	0.84772255855	3.6571706898499956
sub-10938	preference_stranger	0.40607947553483315	0.34213514570000003	0.03960558353025	1.1941264938749991
sub-10940	alpha	0.39527351624787377	0.37349004669999997	0.06659781339250001	0.8284791383699998
sub-10940	kappa	0.08980559999305958	0.070747227105	0.01378441774525	0.2761394325099996
sub-10940	preference_friend	2.5443229790687036	2.4262172385	0.4422363366225	5.34259866175
sub-10940	preference_stranger	1.192022218003353	1.117885702	-0.10194616331749999	2.8560584743499944
sub-10950	alpha	0.28187447320280584	0.24169428	0.044934821987250004	0.7180081505174997
sub-10950	kappa	0.1775791138571044	0.1481123822	0.041765680542	0.4842036098049999
sub-10950	preference_friend	2.7666414649523685	2.647496931	0.971905353485	5.246106366549998
sub-10950	preference_stranger	1.2802107107519771	1.2012501055	0.2366029071825	2.7446276262749962
sub-10953	alpha	0.03364829593838058	0.024788830225000003	0.0028414861747	0.11546488151999987
sub-10953	kappa	6.149812925009428	4.8678128765	1.81369979525	18.282500367249973
sub-10953	preference_friend	1.0909174853769374	0.97844299395	0.3864340033775	2.3917707405249993
sub-10953	preference_stranger	-0.3952706288800733	-0.33247005165	-1.2522681107	0.11447508650749992
sub-10954	alpha	0.37059337733509473	0.33690897725	0.061657316957000004	0.834106078565
sub-10954	kappa	0.15704663515791947	0.10117088555	0.01017347590975	0.5991076489875
sub-10954	preference_friend	1.366755722057218	0.9400368227	-0.6353412653575	4.913117449299997
sub-10954	preference_stranger	0.6219247211826363	0.43485336625000004	-0.643536369195	2.5994364092
sub-10956	alpha	0.02826796605394174	0.02322050228	0.0037358141949499998	0.08097059924824994
sub-10956	kappa	3.01463945507385	2.594497582	0.7677040931925	7.776955102924998
sub-10956	preference_friend	1.6405641554971497	1.5700564655	0.5805574321425	3.1202927579499997
sub-10956	preference_stranger	0.16408273793955913	0.1808018596	-0.038478748649499996	0.26582585449249996
sub-10958	alpha	0.14521273081904393	0.10151997175	0.01594438658025	0.5666072004374997
sub-10958	kappa	0.36462248743935866	0.3255847625	0.0324810569745	0.9502436639249995
sub-10958	preference_friend	1.0746344245839992	0.8232753872	0.15893768273000003	3.5990001896499986
sub-10958	preference_stranger	-0.1655288805585659	-0.25167746199999996	-0.990995804315	1.5282440351999995
sub-10961	alpha	0.026031098115316773	0.021268185165	0.00342830310175	0.07608950009324993
sub-10961	kappa	3.502885062993547	2.9501559024999997	1.042179287625	9.280660173849991
sub-10961	preference_friend	0.2875658441633748	0.28250321475	0.1866370442175	0.4084474950849998
sub-10961	preference_stranger	-0.694108905443455	-0.65017126775	-1.598331092925	-0.03704872388875003
sub-10964	alpha	0.3002175760232869	0.2593217439	0.036058294214500006	0.755744291305
sub-10964	kappa	0.14657025655850486	0.1218413609	0.033089893147749995	0.4066496956725
sub-10964	preference_friend	2.7869340186668987	2.6712676945	0.86981942256	5.3378671977999925
sub-10964	preference_stranger	1.2115326253117338	1.1362344565	0.05164670399125001	2.795907008649999
sub-10966	alpha	0.0568744056204424	0.046428770395	0.008394390580000001	0.16655385511749973
sub-10966	kappa	2.0541887373064123	1.7718558745	0.4142887170775	5.390119673949998
sub-10966	preference_friend	0.30632311869117584	0.28266809365	0.1378781797975	0.6019221362449996
sub-10966	preference_stranger	-0.15966313123712456	-0.09525313038	-0.8322933421525001	0.16192458630749992
sub-10969	alpha	0.41386645737108213	0.39424594150000003	0.0659046606705	0.8576227060624999
sub-10969	kappa	0.1035965563517809	0.07286912997	0.011889999115	0.36702685020499987
sub-10969	preference_friend	2.0159794677228025	1.807974418	-0.003981191954974997	5.103426881324998
sub-10969	preference_stranger	0.9479136785293052	0.83248166675	-0.32140815847	2.7419799021249984
sub-10979	alpha	0.3805399875039482	0.35072352695	0.0601185822195	0.8403512384799999
sub-10979	kappa	0.0845228582549103	0.06977574686999999	0.0148582103625	0.24332384878999994
sub-10979	preference_friend	2.934257318498747	2.8445266635	0.8313268493325	5.560355666299998
sub-10979	preference_stranger	1.574185019477525	1.5271054095	0.3175791215975	3.118331103624995
sub-10983	alpha	0.14906840578728361	0.09494504556	0.0148955144905	0.6321364552724996
sub-10983	kappa	0.5458247430276624	0.46789378854999997	0.02925423704225	1.543155053349998
sub-10983	preference_friend	0.5254875386887677	0.32452969249999997	-0.19712135619249999	3.013366709449997
sub-10983	preference_stranger	-0.2602646773576554	-0.2986111484	-1.1171978183	1.303173879574998
sub-10984	alpha	0.08088450467526234	0.06401571324	0.0095743940074	0.24941742103499998
sub-10984	kappa	0.9719072657040947	0.90135793665	0.26731024474750004	2.0693080620499984
sub-10984	preference_friend	1.9059875019881156	1.8274933645	0.8832271065725	3.3751600443249976
sub-10984	preference_stranger	0.165731093306622	0.15798702595	-0.162427399975	0.5587787185824997
sub-10998	alpha	0.2282003007586178	0.1969380013	0.03354284793875	0.6031449710499996
sub-10998	kappa	0.4475391932803604	0.39801901625	0.05504749344525	1.110393250649999
sub-10998	preference_friend	0.35078781242573925	0.29103319815	-0.4399510489525	1.6920428209499982
sub-10998	preference_stranger	-0.17696158090228192	-0.1618428215	-0.9808060081075	0.6311913782099992
sub-11005	alpha	0.31341438816304434	0.2691531874	0.039514366057	0.7990191012325
sub-11005	kappa	0.10755276207984026	0.08473495283999999	0.01791244903925	0.3346568081799999
sub-11005	preference_friend	2.815258674118749	2.7130400925	0.7285093305725	5.47355599385
sub-11005	preference_stranger	1.387138499866139	1.325232491	0.16227916289250002	2.94218651975
sub-11007	alpha	0.18669265996356324	0.15295230415	0.022275554038250003	0.5456196021699997
sub-11007	kappa	0.5526970160525716	0.49747914559999995	0.14332467068250002	1.2842609699999992
sub-11007	preference_friend	2.467786607464169	2.368420444	1.0945843323500002	4.402750440224999
sub-11007	preference_stranger	0.7415145840119916	0.6342117548999999	0.21212598301750002	1.8540329787499987
sub-11012	alpha	0.2083204992291523	0.1805219771	0.031647280228	0.5524671754274999
sub-11012	kappa	0.541115093607536	0.50606271845	0.20310157265	1.0824947178499993
sub-11012	preference_friend	3.3871070515175408	3.3154040835	1.624559209225	5.554321704199999
sub-11012	preference_stranger	1.7699317139974375	1.7141731385	0.8224456713325	3.0426933986
sub-11016	alpha	0.19316393332842335	0.15441207755	0.025867706436	0.5828850915374998
sub-11016	kappa	0.5611773434603217	0.42249219699999996	0.06817197196675	1.7799753683999995
sub-11016	preference_friend	1.6009409830896721	1.353718003	0.470199203565	4.046941054924998
sub-11016	preference_stranger	0.5368416463290953	0.40390644119999997	-0.037712590094249994	1.8222007003749998
sub-11021	alpha	0.14839932003876535	0.12857248585	0.018289961874250003	0.38853616607999986
sub-11021	kappa	0.83030599769443	0.7561333949	0.230531529455	1.8697515302749992
sub-11021	preference_friend	2.3699019554932246	2.28227054	0.957401129275	4.3000834067749985
sub-11021	preference_stranger	0.8572661246567044	0.7607451951499999	0.37002807110999997	1.871821533775
sub-11030	alpha	0.18640697720141713	0.14469184559999998	0.025946320213250003	0.6166554539599995
sub-11030	kappa	0.3675365305027076	0.333613494	0.032796230239500006	0.9063193184674992
sub-11030	preference_friend	0.8031216134659703	0.61738806605	-0.022222271415999997	3.0800699972999994
sub-11030	preference_stranger	-0.258774516541785	-0.30384564375	-1.1089263329499999	1.242540219299999
sub-11031	alpha	0.12445368357579456	0.09029424860499999	0.014553072342	0.4706062594599992
sub-11031	kappa	0.39119177369210456	0.36098286739999996	0.04973736120975	0.9087330888399991
sub-11031	preference_friend	0.6040935340939436	0.4915230354	-0.14460116667999998	2.180072192875
sub-11031	preference_stranger	-0.44139654105725185	-0.45362762245	-1.320696594375	0.67306218446
sub-11036	alpha	0.3339573903328629	0.2968253611	0.045741334202	0.8010934537399996
sub-11036	kappa	0.09561216936874525	0.080677781405	0.01803724590225	0.2640623532324998
sub-11036	preference_friend	2.8863794509029757	2.781896938	0.9008997957375	5.487430251274999
sub-11036	preference_stranger	1.2139607852095686	1.148391004	-0.08230472140024998	2.833634483549998
sub-11039	alpha	0.16960732494261357	0.13838092085	0.0227803227645	0.5037441756924996
sub-11039	kappa	0.3830275657624522	0.3318813247	0.06607822676399999	0.99149854488
sub-11039	preference_friend	1.8121736782248	1.629054101	0.6071310252125001	4.077091735774999
sub-11039	preference_stranger	0.3832608641572608	0.27725837514999996	-0.28445621632249996	1.656630739625
sub-11042	alpha	0.28940181423848005	0.27706298135	0.0934878676165	0.5588428325924998
sub-11042	kappa	0.8541751630585886	0.7945352380999999	0.1344123575075	1.9062181817750001
sub-11042	preference_friend	0.22040409348481568	0.20407738544999998	-0.2646283011775	0.7834713867774986
sub-11042	preference_stranger	0.15802930192370832	0.15604535105	-0.321526644105	0.6136461328449998
sub-11053	alpha	0.20314518204489945	0.15383789944999998	0.019744471754	0.6435404519024998
sub-11053	kappa	0.334888471008798	0.2952723916	0.099035003532	0.7875658624149997
sub-11053	preference_friend	3.106814657436163	3.01321261	1.4738497511000002	5.2536973883249996
sub-11053	preference_stranger	1.2076188887398287	1.1216461149999999	0.3556440369025	2.5493796472749994
sub-11058	alpha	0.22326656905537628	0.17906426505	0.02864132398525	0.6581820894599997
sub-11058	kappa	0.1677974508083984	0.1403236248	0.035863387242750004	0.45509822347999945
sub-11058	preference_friend	2.9135622199579285	2.7954116984999997	1.1398337150500002	5.369860681099998
sub-11058	preference_stranger	1.0539057221523336	0.95929059085	-0.021627354233499995	2.628377385625
sub-11060	alpha	0.13526024021681216	0.097792072445	0.014787601772499999	0.48014211164249976
sub-11060	kappa	1.5080518335693385	1.1692711925000001	0.15051277902000001	4.759991992924996
sub-11060	preference_friend	1.187914796668978	0.9223005538	0.372092554295	3.3810533694999982
sub-11060	preference_stranger	0.4347393944379709	0.33396720835000004	0.123629414225	1.386504259349999
sub-11063	alpha	0.3273358223899013	0.29494438219999997	0.04962363853525	0.7683625891324999
sub-11063	kappa	0.14961250586707636	0.11494209595	0.022359517725	0.46992838572249995
sub-11063	preference_friend	2.2169068453727823	2.0382650435	0.4612778627875	4.929636182724999
sub-11063	preference_stranger	0.882173909314401	0.7673839929499999	-0.23966258025499998	2.5189383776249983
sub-11064	alpha	0.22069364099905475	0.17901628330000002	0.027475811544	0.644855546465
sub-11064	kappa	0.3187678718137347	0.28693947745000004	0.03746129898025	0.7968497047675
sub-11064	preference_friend	1.3626474030903746	1.134618956	0.32550282808	3.7850505857749948
sub-11064	preference_stranger	-0.05704762959002958	-0.1706974846	-0.88516267491	1.5909928463249983
sub-11065	alpha	0.22291185322217968	0.18157114889999998	0.029048693429	0.6379223046474999
sub-11065	kappa	0.2154995820814055	0.1785719709	0.0448846706245	0.6013900851674999
sub-11065	preference_friend	2.5933991482077428	2.4506929235	0.901876846385	5.071119637274999
sub-11065	preference_stranger	0.9186340762316272	0.79908774995	-0.029719779755	2.449228741175
sub-11066	alpha	0.1663155366186845	0.1332524099	0.0180164837895	0.49740902614249943
sub-11066	kappa	0.46949308425135033	0.42361938425	0.103883921385	1.0897148168999997
sub-11066	preference_friend	2.332297773871056	2.215972477	1.01994642155	4.30513070385
sub-11066	preference_stranger	0.45665040284475245	0.3501282335	-0.1375181120425	1.6541413853249995
sub-11068	alpha	0.18093997257392164	0.14894723325	0.02600354812	0.5277625284149998
sub-11068	kappa	0.5754645147598523	0.5080850439	0.08769713179500001	1.4290654078249985
sub-11068	preference_friend	0.15986610651549224	0.14608395140000002	-0.5716163290725	0.997422879212493
sub-11068	preference_stranger	-0.32533598347130716	-0.2967532175	-1.119794469325	0.26728295442999983
sub-11071	alpha	0.36104301826840357	0.33468694904999996	0.057682474429750004	0.7961583886149997
sub-11071	kappa	0.12334239305784328	0.10940727585	0.03093969470475	0.2967670010999998
sub-11071	preference_friend	3.122551915746188	3.026704568	1.185467416925	5.57930106065
sub-11071	preference_stranger	1.699622362390511	1.6510329750000001	0.528329568615	3.1406236103499987
sub-11072	alpha	0.11133542288741859	0.10191743005000001	0.027713640011250002	0.24798385126499994
sub-11072	kappa	2.67926715784462	2.433191841	0.7600032888775	6.0347573810499995
sub-11072	preference_friend	1.4578208637616998	1.3681283785	0.54057026468	2.8486487700749996
sub-11072	preference_stranger	0.26532254860720617	0.24704056219999998	0.12935728051	0.5116634335949996
sub-11074	alpha	0.23861838455990186	0.20841494124999999	0.04065853767975	0.6179440270424994
sub-11074	kappa	0.27338381298990655	0.25132812375	0.09950856638125	0.5657579827674996
sub-11074	preference_friend	3.387059071696728	3.2967710055	1.5615523948	5.647306804875
sub-11074	preference_stranger	1.741181908886004	1.6859824825	0.7492876847925	3.052965740449999
sub-11075	alpha	0.2742606692152978	0.2054660126	0.02906845811875	0.8163280742649998
sub-11075	kappa	0.2024402573005431	0.15147857185000002	0.0101463638895	0.6968629439024998
sub-11075	preference_friend	0.9300820841094822	0.4298079562	-0.6540206962125	4.560282906874998
sub-11075	preference_stranger	0.13227711369910794	-0.07952507796	-1.0698177715000001	2.3538338511
sub-11078	alpha	0.03485288372530438	0.02514118203	0.0028980352882	0.12499600181249994
sub-11078	kappa	6.009472952908591	4.765736154	1.7403056132	17.747262709999998
sub-11078	preference_friend	1.1253624375990405	1.0193070405	0.4222605015175	2.3961228631999996
sub-11078	preference_stranger	-0.38999578886573	-0.32778638765	-1.2434909062	0.11470208558749971
sub-11083	alpha	0.24836713819423306	0.2039170344	0.02769210226925	0.6904283315099996
sub-11083	kappa	0.19857781881854783	0.17257709155	0.0429343659955	0.5009908852499998
sub-11083	preference_friend	2.6853397859275145	2.565129913	1.0511921538000002	5.003680075674998
sub-11083	preference_stranger	0.9357963390778216	0.8581520487500001	-0.11103099965749999	2.4038002964249996
sub-11084	alpha	0.09751266061125198	0.077834209205	0.013145988854500001	0.300428479225
sub-11084	kappa	0.7126251832080905	0.6550236437	0.2307289325225	1.5117490865749983
sub-11084	preference_friend	3.2998367494897844	3.2342885095	1.552439083175	5.4293146692750005
sub-11084	preference_stranger	1.5679387849704967	1.506689804	0.7008928796675	2.793803346099998
sub-11085	alpha	0.4202966458316544	0.40673492025	0.07836486090625	0.833985911085
sub-11085	kappa	0.15674239366603684	0.12333309785	0.026797312854	0.4757946547849994
sub-11085	preference_friend	2.331227774136147	2.173621297	0.534690835765	5.0024548112249985
sub-11085	preference_stranger	1.2819989205454543	1.202372266	0.19363982466250002	2.7833434170499993
sub-11090	alpha	0.13870440783581492	0.1114258948	0.019735888147	0.4330013688824997
sub-11090	kappa	0.5669280358946784	0.4748919414	0.098796191661	1.5846122045749995
sub-11090	preference_friend	1.767820108762797	1.5944856085	0.562558582695	3.9511329981749994
sub-11090	preference_stranger	0.4966694120372686	0.3896808667	-0.012198587959999996	1.6365299045999997
sub-11113	alpha	0.03538071402525691	0.027888049130000002	0.004128612523525	0.11016768174749995
sub-11113	kappa	3.1260609796324434	2.6753507825	0.9719448792350001	7.882000886949999
sub-11113	preference_friend	1.4994022306568968	1.4190716055	0.5815164753375	2.8906230263
sub-11113	preference_stranger	0.007579569513822113	0.040831552339999994	-0.3692259450425	0.19740173654749996
sub-11116	alpha	0.04127343460331515	0.034832708595	0.0056578379246000005	0.11196492762249996
sub-11116	kappa	2.1795307457861783	2.0250256574999996	0.8269001691225	4.4355708371999985
sub-11116	preference_friend	1.459528279893019	1.378788033	0.5897158776425	2.7924039614
sub-11116	preference_stranger	-0.0985056866670513	-0.06246748968	-0.56065388597	0.15820805082999995
sub-11120	alpha	0.335226488579723	0.30604236575	0.042811391537	0.7738259381424997
sub-11120	kappa	0.15459409083690048	0.1415805206	0.05106490505825	0.3284886436099995
sub-11120	preference_friend	3.5014911782940312	3.4256385565	1.6732722228	5.761661529924999
sub-11120	preference_stranger	1.7106550520173247	1.665498075	0.5999827814024999	3.0806049841249994
sub-11125	alpha	0.2756621754975552	0.1981169309	0.02626840237475	0.8376810639899995
sub-11125	kappa	0.14936065789262862	0.11195364	0.00758917939925	0.4941851889199998
sub-11125	preference_friend	1.1235814653638798	0.5481158784	-0.7864304287575	4.949947099349997
sub-11125	preference_stranger	0.1625155356922827	-0.1243475239	-1.21463300355	2.5434409204249997
sub-11126	alpha	0.24361528680548786	0.18410869894999998	0.0262669153555	0.7382386489274995
sub-11126	kappa	0.23999753626597292	0.1404086693	0.023587509343	1.1095042762999996
sub-11126	preference_friend	2.1492092574625494	1.9469023355	0.44796751348	4.991238962374998
sub-11126	preference_stranger	0.7958407028335251	0.6250450759499999	-0.22692628257	2.5172502373499985
sub-11128	alpha	0.28058609540627155	0.2390763744	0.035368231843	0.7267698346024998
sub-11128	kappa	0.16120706891224212	0.14836721965	0.052282330643250004	0.3442494303925
sub-11128	preference_friend	3.5593446154784125	3.4786743925000003	1.7066578371499999	5.810013547599999
sub-11128	preference_stranger	1.7183622681812905	1.6702546405	0.6278951516600001	3.102050062499995
sub-11134	alpha	0.3168442467923485	0.26206555465000003	0.037828654980750005	0.8330009132399999
sub-11134	kappa	0.18622169302968192	0.12420667875	0.009917098013925001	0.7018834398599982
sub-11134	preference_friend	1.1145045353782568	0.5809926649	-0.5703911847074999	4.724076515149999
sub-11134	preference_stranger	0.3854466065131721	0.16881864219999998	-0.8177235249525	2.490070820424999
sub-11139	alpha	0.05728627041459087	0.04888717792	0.008964821572	0.15337148390999994
sub-11139	kappa	1.266422985878859	1.1435293524999999	0.3677589426875	2.833296545024999
sub-11139	preference_friend	0.6038038493426827	0.5436491605	0.3086081382425	1.2461117234499999
sub-11139	preference_stranger	-0.27830044420329003	-0.23506818834999998	-0.8947782737575	0.09359337318424968
sub-11167	alpha	0.40258810538726353	0.38025160985	0.06228897282825	0.8456676038274997
sub-11167	kappa	0.1178649693897946	0.084031203605	0.01638106136375	0.4151148241224998
sub-11167	preference_friend	2.416241548351725	2.3030591435	0.2611438847225	5.360667708999998
sub-11167	preference_stranger	1.5727221352680167	1.5115811145	0.3847697678775	3.071646311425
sub-11168	alpha	0.09978418503610134	0.078870087345	0.0139841343705	0.30934206926249996
sub-11168	kappa	0.6670554823789223	0.6061211362	0.163155538505	1.51904399355
sub-11168	preference_friend	0.8106124751145038	0.70575289495	0.28496884592	1.9368959563749995
sub-11168	preference_stranger	-0.28215531151820467	-0.2573836595	-0.9271324562325	0.19711043488249913
sub-11171	alpha	0.04392628011721508	0.035755210669999996	0.005732253972325	0.1295400951849999
sub-11171	kappa	3.0832448437248123	2.6175671014999997	0.6846877873975	8.244133682424998
sub-11171	preference_friend	1.6342880924073282	1.5638221595	0.5769835456975	3.1049571732499994
sub-11171	preference_stranger	0.2628644846237252	0.25909162595	0.13839357152	0.40543812268749985
sub-11177	alpha	0.11332538154945183	0.092695243515	0.01774542818025	0.3464335159175
sub-11177	kappa	2.636838324115579	2.2539384135000002	0.205135967885	7.415021406724996
sub-11177	preference_friend	0.43132471594742033	0.32815949115	0.22410500287750001	1.6274347369749929
sub-11177	preference_stranger	0.5149158837407339	0.44540839355	0.29680212039000003	1.2186777658499997
sub-11192	alpha	0.2709414058937658	0.25724235055	0.05608377128425	0.5668576562999994
sub-11192	kappa	1.0090391520367032	0.9312705518	0.257581733845	2.1974520309249987
sub-11192	preference_friend	0.9756698366957062	0.8805592905499999	0.42395081212249996	2.103858771124999
sub-11192	preference_stranger	0.15605074717815814	0.16758015495	-0.2435139330075	0.48770388435499945
sub-11193	alpha	0.2769250014513279	0.2253889972	0.030212655926250002	0.7526905020699994
sub-11193	kappa	0.12992195105691812	0.1120769472	0.029751678462749998	0.3382101798249999
sub-11193	preference_friend	2.960911234343901	2.856988099	1.100187978575	5.3842868554499965
sub-11193	preference_stranger	1.107908138117555	1.034261403	-0.07486063822725	2.6899120281249997
sub-11203	alpha	0.3907404006586774	0.36319586875	0.06469387248899999	0.85028905757
sub-11203	kappa	0.091397397922369	0.06359896946999999	0.01066467515225	0.34241187967999975
sub-11203	preference_friend	2.290197911922556	2.1458588355	0.110968928975	5.3375610576499986
sub-11203	preference_stranger	1.1709105057594689	1.086723597	-0.14613741633	2.909271567849997
sub-11209	alpha	0.21454846779093228	0.18077199505	0.02758763756	0.5876636590924996
sub-11209	kappa	0.4250889829393775	0.38258460910000003	0.10608427724	0.992485893754999
sub-11209	preference_friend	2.487730168353791	2.383220477	1.09246191975	4.49614444715
sub-11209	preference_stranger	0.7333961895365961	0.6352675712	0.11528558151750001	1.8928485394999996
sub-11227	alpha	0.07170313559933873	0.05484488861	0.009247704383375	0.2382725473949997
sub-11227	kappa	1.601855416351488	1.32446513	0.246719582155	4.633190241124995
sub-11227	preference_friend	0.3032994033012707	0.27883518405	0.0339930855265	0.689643215334999
sub-11227	preference_stranger	-0.09979526766171662	-0.032717347790000004	-0.7885430624900001	0.21220173928499997
sub-11238	alpha	0.13178846311981152	0.096325974295	0.0146072378325	0.48180777809999953
sub-11238	kappa	0.36944661210298296	0.3282323078	0.07646074713125	0.8867114002549996
sub-11238	preference_friend	2.5344939661411536	2.41673563	1.1249623896999998	4.594902297124995
sub-11238	preference_stranger	0.5241344825707974	0.40714186809999997	-0.127303822355	1.8195759882499993
sub-11246	alpha	0.09402538249838226	0.07157352922	0.01099371417525	0.3088939279125
sub-11246	kappa	0.7339489560272112	0.6477548586499999	0.1726191864925	1.7562062583749969
sub-11246	preference_friend	2.539168452485747	2.4395640895	1.09315144295	4.534961273475
sub-11246	preference_stranger	0.7856909513401091	0.66418475295	0.261924476795	1.960284741125
sub-11276	alpha	0.3980317009805458	0.37186421540000003	0.06384082065249999	0.8501755068924994
sub-11276	kappa	0.07783305828470682	0.061942660575	0.01261720971575	0.2364853743224999
sub-11276	preference_friend	2.705191559679052	2.6080407049999996	0.505734911795	5.4965405965250005
sub-11276	preference_stranger	1.3565080291457738	1.3018480065	0.026977462067249998	2.994502898824999
sub-11301	alpha	0.310036940389938	0.27184175715000003	0.045943693733249996	0.7706869133949998
sub-11301	kappa	0.16814128735062855	0.12330872600000001	0.01748661030975	0.5717264041374999
sub-11301	preference_friend	1.8907874400988653	1.616923674	0.34559995466250004	4.7666504471999955
sub-11301	preference_stranger	0.6002549538720682	0.44143702065	-0.5290332438450001	2.383871614949997
sub-11311	alpha	0.13450073888193537	0.10559955455	0.0161153913585	0.42272128129749953
sub-11311	kappa	0.4605794429955361	0.41199204089999997	0.10004124036300001	1.0943564567499988
sub-11311	preference_friend	2.410960726578306	2.3008377945	1.04867991425	4.414433356199999
sub-11311	preference_stranger	0.5291273927293021	0.42219247314999997	-0.028300333808499997	1.692175733024999
sub-11312	alpha	0.23607718541935951	0.2026494941	0.03359646442075	0.6199973060549999
sub-11312	kappa	0.4248044432925026	0.3838222476	0.04247891346425	1.0417388578499998
sub-11312	preference_friend	0.5663169796187624	0.4260430411	-0.16342540872	2.4928172252499943
sub-11312	preference_stranger	-0.15632949834971538	-0.1725863367	-0.9464673760725	0.9893769402949948
sub-11316	alpha	0.14879206176367263	0.11213304125	0.0161087433825	0.5004177359474999
sub-11316	kappa	0.4278671712725696	0.36572234885	0.1056626611075	1.092455060975
sub-11316	preference_friend	2.826958211424131	2.727153706	1.272553985025	4.989543849024999
sub-11316	preference_stranger	0.9293656701680193	0.8104592758	0.249473166915	2.2381319420999994
sub-11318	alpha	0.3014694204169106	0.25260079599999996	0.043094700058750005	0.7971603008024997
sub-11318	kappa	0.12639102750392694	0.088331392365	0.012378163117000001	0.44922597734999997
sub-11318	preference_friend	2.0055766872822933	1.745829568	0.17008817749750002	5.0861196510999935
sub-11318	preference_stranger	0.7120929002930809	0.5596253499999999	-0.5352579061225	2.602306918349999
sub-11321	alpha	0.2878182918487729	0.25432589035	0.0391242846515	0.7139041092849999
sub-11321	kappa	0.25958011188819285	0.24329088075	0.1009709519475	0.508058922485
sub-11321	preference_friend	3.6906201145459434	3.6261385825000003	1.826544538275	5.948288603449999
sub-11321	preference_stranger	2.0650476454851625	2.0176445195	1.02684729945	3.3737583456749998
sub-11325	alpha	0.08952587516988877	0.07192515233999999	0.009235866748100001	0.2664102380849999
sub-11325	kappa	2.8868430341617906	2.4088891405000004	0.75935544954	7.795140101774994
sub-11325	preference_friend	1.5743633299161217	1.4918282225000001	0.6288792467300001	2.989996539849999
sub-11325	preference_stranger	0.2647433297350484	0.26890715365	0.10018677357	0.3986826179674998
sub-11326	alpha	0.3590747746094381	0.32074005855	0.047836712524750004	0.8367429532624999
sub-11326	kappa	0.08845692425537413	0.06673516533	0.01284992464125	0.2920826109325
sub-11326	preference_friend	2.5323470581161374	2.3983484959999997	0.4376038572825	5.384417255174998
sub-11326	preference_stranger	1.0856877979657253	1.0051953315	-0.2631169200525	2.861762303475
sub-11329	alpha	0.11619634574659152	0.092163890615	0.0129750186375	0.35132939444999906
sub-11329	kappa	1.5559338761732189	1.4489524985000002	0.499950277885	3.254131763549999
sub-11329	preference_friend	2.6691251805328373	2.595466578	1.0508746854250002	4.719875955299999
sub-11329	preference_stranger	1.3033833749174186	1.231184845	0.5725112759425	2.448563095275
sub-11330	alpha	0.32211775784784924	0.28044438215	0.0468654666045	0.7942949683424992
sub-11330	kappa	0.09970548766301753	0.08413011785499999	0.02067296828875	0.26921543214
sub-11330	preference_friend	3.018920039663839	2.923571023	0.960863927915	5.609455491024998
sub-11330	preference_stranger	1.4641068426825077	1.4139630054999999	0.21524092527250002	2.9945977591749986
sub-11337	alpha	0.2037880767147829	0.15546275635	0.027538215598	0.6680173011349995
sub-11337	kappa	0.36810059659698685	0.31851963995	0.021872524491	1.0053852214
sub-11337	preference_friend	0.46614428824769844	0.30607547635	-0.55912781164	3.0993044901999904
sub-11337	preference_stranger	-0.2099005727070042	-0.25724361185	-1.0864272772	1.4057262826999992
sub-11338	alpha	0.27309951513332203	0.2146811928	0.03353287247975	0.8003652014875
sub-11338	kappa	0.2822383693101996	0.2223296434	0.00978831620775	0.9054345219099997
sub-11338	preference_friend	0.5104870356533726	-0.012474070085	-1.1099942685750002	4.462770989474998
sub-11338	preference_stranger	0.38391144447997827	0.23557795064999998	-0.6541424374075	2.334267879749999
sub-11340	alpha	0.30747107753523545	0.28793522174999997	0.08085958902450001	0.6399989415924994
sub-11340	kappa	0.5979590737110079	0.54071102875	0.1082085488225	1.4053537549999988
sub-11340	preference_friend	0.8555583501204755	0.7333881238	0.274117289885	2.2314274408999952
sub-11340	preference_stranger	0.13584798601389225	0.1436216188	-0.5010225824475	0.7722579095299991
sub-11345	alpha	0.092270274578948	0.072227734755	0.011006400905	0.2917833496774996
sub-11345	kappa	0.7684628466820294	0.7056863261999999	0.1665567960375	1.7336038015749984
sub-11345	preference_friend	2.0158122428304517	1.9337765325	0.8417914266725	3.677494749049997
sub-11345	preference_stranger	0.23843865448120588	0.19763592445	-0.143618958605	0.934553415109999
sub-11348	alpha	0.17870932594387082	0.1387995135	0.0208691721825	0.5533494244524999
sub-11348	kappa	0.45912816325471695	0.38527500719999996	0.07845609168975	1.2792496041249988
sub-11348	preference_friend	1.893405985538312	1.7241871825000001	0.622150562315	4.129934136025
sub-11348	preference_stranger	0.48262907049591186	0.36325870294999996	-0.1052873945475	1.7510238962999995
sub-11358	alpha	0.40955484001682874	0.39251018215	0.1431492409575	0.7625034202174998
sub-11358	kappa	0.5482038858270709	0.5239260853000001	0.0819472115455	1.1590320336749993
sub-11358	preference_friend	0.765549112666268	0.5959817536500001	0.13493517898500001	2.76253881855
sub-11358	preference_stranger	1.1511837769065432	1.1017300435	0.500188047275	2.097329348399998
sub-11364	alpha	0.05927728781786518	0.05060132047	0.008008708144349999	0.158984167855
sub-11364	kappa	4.029391427598106	3.189755088	1.06605952495	12.124038183249999
sub-11364	preference_friend	-0.48425472136605996	-0.39474882075	-1.5505600738499998	0.08270915084149984
sub-11364	preference_stranger	-0.22741838855645538	-0.13719948085	-1.1052453957	0.19089808067249997
sub-11367	alpha	0.12183284824121461	0.095035063665	0.01341939366725	0.3902322068675
sub-11367	kappa	0.7580352139761506	0.6788631392	0.1599225598775	1.7996568621749993
sub-11367	preference_friend	2.1780588384233157	2.0798113775	0.94229282479	3.9714359693749977
sub-11367	preference_stranger	0.47908409609336616	0.3937333883	0.09729821566275001	1.3826703094249972
sub-11374	alpha	0.3372512163262112	0.30381952155	0.057310335805	0.7793397888774998
sub-11374	kappa	0.2068703965968677	0.13877595934999998	0.017606356906749998	0.7638743344824996
sub-11374	preference_friend	1.6778165515369843	1.350430185	0.1180843885775	4.6622652384749985
sub-11374	preference_stranger	0.61058811634528	0.43747042245	-0.49865815953500003	2.42831531465
sub-11376	alpha	0.1136239460238086	0.08782529106	0.012385554156499999	0.3629363558649993
sub-11376	kappa	0.8728843884595296	0.80273383315	0.2194710028725	1.927598228999999
sub-11376	preference_friend	1.969607281190744	1.890726662	0.88516501699	3.526193889324999
sub-11376	preference_stranger	0.2620586706048573	0.2331490759	-0.0671538969735	0.7887300262799983
sub-11377	alpha	0.21830418794863862	0.18859004665	0.0338290363765	0.5773164250699999
sub-11377	kappa	0.3851103246201784	0.362038835	0.15240144538	0.7481295333974999
sub-11377	preference_friend	3.7011332049709216	3.6349375095	1.9051203166250001	5.863702306125
sub-11377	preference_stranger	1.9242082225080626	1.8722883330000002	0.9260470586625	3.212713979249999
sub-11387	alpha	0.057289579881805136	0.052640672685	0.011566617163500001	0.129994849075
sub-11387	kappa	4.736241174045884	3.9865750845	1.14655955425	12.785275958749997
sub-11387	preference_friend	1.4968833823235905	1.416253035	0.525192671125	2.903632518999999
sub-11387	preference_stranger	0.31686959313926855	0.31613154805	0.2045531878375	0.42766499340749997
sub-11396	alpha	0.1083673420751108	0.07863724577	0.012493431802	0.397223262954999
sub-11396	kappa	0.4028602952278981	0.3773193723	0.06706116249575	0.8793101137049999
sub-11396	preference_friend	1.1567195096174077	1.014428713	0.3288403805825	2.92158651435
sub-11396	preference_stranger	-0.3073874334290413	-0.32957664015	-1.0766802065	0.8132328850799984
sub-11410	alpha	0.10967753737340676	0.097162074075	0.019402796806	0.2741379421099992
sub-11410	kappa	0.7468738135953383	0.6825588439	0.1871213299725	1.6743175718499996
sub-11410	preference_friend	0.33005011962891273	0.3080908034	-0.093888103675	0.8520067534324971
sub-11410	preference_stranger	-0.3362796211378215	-0.29222955809999995	-1.1168753692750002	0.1959169208799996
sub-11430	alpha	0.3799681063255381	0.34793516345	0.06285968471875	0.8398560120849994
sub-11430	kappa	0.09009947396073836	0.063318007945	0.01156427673425	0.3353096878799999
sub-11430	preference_friend	2.33336306162043	2.2057556715	0.16619194109000002	5.3531792987249975
sub-11430	preference_stranger	1.1555785250988924	1.0674594014999998	-0.146418351875	2.8888338214249996
sub-11433	alpha	0.12118220337689309	0.079214744635	0.012731258076750001	0.5266454242749999
sub-11433	kappa	0.8748671301579648	0.66349115835	0.035559474409	2.877805254574999
sub-11433	preference_friend	0.6032545612278061	0.38871595065	0.04768365602375	2.832991322199999
sub-11433	preference_stranger	0.0413536231932694	0.05140228612	-0.7147226353475	1.1912618881999963
sub-11435	alpha	0.13229061496616873	0.11600338665	0.0189874264105	0.34122089775499986
sub-11435	kappa	0.6983121641228874	0.6596424407	0.2619789558125	1.3460477145249978
sub-11435	preference_friend	1.074760097179477	1.0004855	0.4863762517075	2.0656761592499997
sub-11435	preference_stranger	-0.3019923495215655	-0.27336466345	-0.9207761941475	0.14605154763249964
sub-11439	alpha	0.1038993932318767	0.075042536905	0.0128255798645	0.39110490306999857
sub-11439	kappa	0.42896174470403703	0.39206750905	0.05512489198275	1.0023803501499995
sub-11439	preference_friend	1.0178665562168432	0.8575166996	0.276579252025	2.885302736275
sub-11439	preference_stranger	-0.29791149544712353	-0.32296963759999997	-1.05399463355	0.8905544923824972
sub-11440	alpha	0.39790927336036525	0.36870758425	0.06332889234675	0.8603887928199999
sub-11440	kappa	0.0847330305564144	0.0580333077	0.0101555416825	0.31855860695749955
sub-11440	preference_friend	2.257963235533598	2.1260051664999997	0.03734777251975001	5.3274588382499966
sub-11440	preference_stranger	1.1549148183461664	1.0660427879999999	-0.1858606718	2.9051331469749977
sub-11443	alpha	0.2719793685817739	0.21078382774999999	0.0254255290495	0.7964153347824999
sub-11443	kappa	0.18608938979241196	0.09872349127499999	0.011708394368	0.8831493945799991
sub-11443	preference_friend	1.7312030051346918	1.3941979385	-0.018486054646499994	4.970947378675
sub-11443	preference_stranger	0.6471948229901775	0.4273144903	-0.54629891097	2.5925626029999993
sub-11451	alpha	0.08596972675173345	0.070646525535	0.01140316645	0.2525925860924999
sub-11451	kappa	1.0601132521299008	0.9832416186	0.3225670988375	2.2350555183500003
sub-11451	preference_friend	1.7530521487628654	1.6834067615	0.7547136696575	3.1445910441
sub-11451	preference_stranger	0.10659579860063387	0.1274071356	-0.2908219708875	0.3970201040825
sub-11461	alpha	0.3808484400539654	0.34127545295	0.04903633784	0.8715718390624998
sub-11461	kappa	0.09976128546759265	0.062460896945	0.008073580497824999	0.38835560851249956
sub-11461	preference_friend	1.7077875136153875	1.400528557	-0.4571809261675	5.151875974524993
sub-11461	preference_stranger	0.6989847053124975	0.5339841919	-0.717124764055	2.749504604799999
sub-11472	alpha	0.33935975259160134	0.30357749855	0.04799016774675	0.8008446638025
sub-11472	kappa	0.08488233493559098	0.07164230668999999	0.01587234754975	0.2327912878249998
sub-11472	preference_friend	2.94167044300163	2.8450760295	0.8951151436975	5.512815442499994
sub-11472	preference_stranger	1.2840110334605295	1.2278555195	-0.03388181248025	2.902854094374999
sub-11492	alpha	0.2042323271851543	0.1641872636	0.021546044667250002	0.6018254532949998
sub-11492	kappa	0.2852706539905694	0.26698889515	0.11613272596	0.5542740983149999
sub-11492	preference_friend	4.047742754697878	3.9794625675	2.1791953032249998	6.285180459074997
sub-11492	preference_stranger	2.0789392265976785	2.0305840809999998	1.021011179475	3.397586058624999
sub-11493	alpha	0.196367289542307	0.15215523785	0.02111391443	0.6093207595174996
sub-11493	kappa	0.2658253938106044	0.246285081	0.0964019140755	0.5490507835074995
sub-11493	preference_friend	3.667837831367409	3.6000480259999996	1.862902147425	5.845548472924998
sub-11493	preference_stranger	1.673879721271142	1.6166052359999998	0.6620520929325	3.0028372329249997
sub-11517	alpha	0.07818950553487017	0.065759655335	0.01198734063725	0.21432728783249985
sub-11517	kappa	1.1819413972868573	1.054557623	0.36201562693	2.7088818928749996
sub-11517	preference_friend	0.940295466621053	0.85442815435	0.3921298366175	1.9724184918499998
sub-11517	preference_stranger	-0.0909523510350603	-0.054580441369999996	-0.5857258830225	0.19833549504499973
sub-11518	alpha	0.09119616106791224	0.06878102839	0.0099300074385	0.30368527913499965
sub-11518	kappa	1.2743724879928193	1.145352307	0.26926395412250004	3.068230135299997
sub-11518	preference_friend	1.9806449988659658	1.894524501	0.8451326545725001	3.6067329510499984
sub-11518	preference_stranger	0.40803410965502723	0.346716786	0.155531712275	1.0628207756499999
sub-11523	alpha	0.2095456458453843	0.14464123085	0.027682527519	0.7618878082224999
sub-11523	kappa	0.2188543120547526	0.18848957495	0.009993342817375	0.6416984252774998
sub-11523	preference_friend	0.5601172983754743	0.17958513345	-0.9201726123575	4.301142917949997
sub-11523	preference_stranger	-0.10914116409432262	-0.2667592191	-1.2498326436	2.153269240474996
sub-11526	alpha	0.04846311623665463	0.038749565050000004	0.0054186010364500005	0.14632981326999994
sub-11526	kappa	3.138053914999728	2.6814634525	0.9639368655375	8.037118184574998
sub-11526	preference_friend	1.4216252239261438	1.3364983559999999	0.5039069587025	2.8006778186499997
sub-11526	preference_stranger	0.04718658261242323	0.07669641929	-0.28650913487999996	0.20953388914499996
sub-11527	alpha	0.08614427912422948	0.07317981278499999	0.01346016498975	0.23760853951249977
sub-11527	kappa	0.7084344453354413	0.6555188032	0.24850430914000002	1.4590108525749996
sub-11527	preference_friend	-0.28442819447706746	-0.21224601755	-1.1902115377	0.22324855669999977
sub-11527	preference_stranger	-0.666359498427571	-0.6175627402499999	-1.5865252168250001	-0.024414211770000253
sub-11530	alpha	0.21593871218761326	0.1747232711	0.03312783703675	0.6238116481149992
sub-11530	kappa	0.4447772384100303	0.34250068725000005	0.043688169863	1.4581668675749995
sub-11530	preference_friend	1.4474693358183615	1.158621052	0.41460434070249996	4.04116952775
sub-11530	preference_stranger	0.2580060704583142	0.12923591035	-0.5056861398525	1.8430405939499985
sub-11532	alpha	0.25179237135697147	0.2135256814	0.02439352750775	0.6792627925099995
sub-11532	kappa	0.2599402122062856	0.24516030125	0.1086612684	0.49383637306499956
sub-11532	preference_friend	4.0740951314958	4.018495015	2.182976894675	6.302021406975
sub-11532	preference_stranger	2.1321371319331814	2.0923101615	1.025686217925	3.4670361610500002
sub-11533	alpha	0.14798027065162234	0.12329889215	0.02084603645475	0.4235650809324997
sub-11533	kappa	0.6457280078498526	0.5783723896499999	0.11211494154	1.556286339675
sub-11533	preference_friend	0.9315476540267111	0.792479343	0.3385213302275	2.3960585998749995
sub-11533	preference_stranger	-0.11916866795886487	-0.11656990219999999	-0.687747763015	0.5263320573349999
sub-11534	alpha	0.12354925871890415	0.10113860355	0.01514332671425	0.3640109804874998
sub-11534	kappa	1.3326697212587064	1.22710916	0.3490035821775	2.9271027935749996
sub-11534	preference_friend	1.7244932954810688	1.6455368535	0.70676440522	3.2043222281999992
sub-11534	preference_stranger	0.25662112326950703	0.2551710508	-0.01208408194825	0.5396900049474999
sub-11535	alpha	0.17949232175205618	0.1418392027	0.020924746348	0.5317798556274997
sub-11535	kappa	0.9282449474134419	0.8671245520499999	0.3276182617375	1.8754245996749999
sub-11535	preference_friend	1.2699066991995953	1.1877774365	0.5477050864125	2.4282297378249984
sub-11535	preference_stranger	-0.011270794784205805	0.01372822626	-0.46982597765249995	0.3130956219575
sub-11536	alpha	0.25896563462614625	0.2145918585	0.033889494899749996	0.7072935767674998
sub-11536	kappa	0.31096254275639934	0.23155626615	0.03303180747	1.0726995330749975
sub-11536	preference_friend	1.6646163986602809	1.4174719615	0.3952390818375	4.253150834549992
sub-11536	preference_stranger	0.4660611570757872	0.3372059073	-0.38455054337	1.9835864670249994
sub-11539	alpha	0.18436637278939172	0.1418709124	0.0204359290865	0.5830511285849994
sub-11539	kappa	0.3524797318255278	0.3118925214	0.0817582036165	0.8536897125699997
sub-11539	preference_friend	2.566066530764069	2.4523828255	1.1586316454749999	4.633411100275
sub-11539	preference_stranger	0.6191634456676628	0.50205300935	-0.05461567469649999	1.9021778328499988
sub-11540	alpha	0.27402040672932526	0.24291211564999998	0.04189478231575	0.6780905457024999
sub-11540	kappa	0.18175119512170346	0.16573936649999998	0.0579366131925	0.3961255436824998
sub-11540	preference_friend	3.378184290521497	3.291464705	1.5833282360999998	5.654713640475
sub-11540	preference_stranger	1.6115644492554506	1.5505935814999998	0.5829623795000001	2.9676963924999993
sub-11542	alpha	0.309877180481379	0.26592123415	0.042431657179499996	0.7819236752674985
sub-11542	kappa	0.13706381260929276	0.093057405735	0.014059771248	0.5112048094574999
sub-11542	preference_friend	2.0411402628093738	1.8047929525000002	0.2675464076925	5.000085810199999
sub-11542	preference_stranger	0.7241767769309339	0.5740432818000001	-0.478609182445	2.570292847099996
sub-11545	alpha	0.2549548743366253	0.22076794125	0.0410954391045	0.6578457720224996
sub-11545	kappa	0.23613983887079626	0.20883738085	0.072452573653	0.5579520388449996
sub-11545	preference_friend	3.068098825231884	2.9735903974999998	1.2332667648	5.42870739485
sub-11545	preference_stranger	1.486760547796362	1.418483391	0.5107750880649999	2.866025423724999
sub-11551	alpha	0.17639986366703986	0.14427586520000002	0.030036220192499997	0.5158927767374999
sub-11551	kappa	0.40686495100771847	0.29330471265	0.05444383246375	1.3552692447999983
sub-11551	preference_friend	1.8237886590902341	1.5757731750000001	0.4217500102675	4.492710849824998
sub-11551	preference_stranger	0.7406146088685723	0.58490200725	0.04884759565525	2.158226575149999
sub-11559	alpha	0.3397223227448874	0.30358683515	0.048369495115	0.8077916173424997
sub-11559	kappa	0.09696451201900994	0.07116945622	0.0125630686955	0.3329430321374995
sub-11559	preference_friend	2.3034222634204906	2.1533119134999996	0.2632874020475	5.212961789199996
sub-11559	preference_stranger	0.9909911878924922	0.894425325	-0.30505131054249995	2.747398587599999
sub-11560	alpha	0.3702248063127388	0.3356277763	0.0590842517235	0.8383730198449998
sub-11560	kappa	0.08036829147166537	0.059583498979999996	0.01239146275	0.29313330422999967
sub-11560	preference_friend	2.7821018954427563	2.7326311949999997	0.3352148432425	5.604901544474999
sub-11560	preference_stranger	1.5435304482143908	1.4888934200000001	0.2503443139875	3.141301469025
sub-11563	alpha	0.16298435266260683	0.13142195164999998	0.02570528133825	0.49667673935999956
sub-11563	kappa	0.79528375731985	0.68285138235	0.13855368096499998	2.0870485540249986
sub-11563	preference_friend	1.7110800781591875	1.5560559075	0.578881022795	3.749236930074997
sub-11563	preference_stranger	0.47427749205445807	0.37169818225	0.0720305926575	1.4955069843499984
sub-11565	alpha	0.4539079054632437	0.45049886959999996	0.099952932879	0.8333910866449996
sub-11565	kappa	0.31377733723535756	0.2668879518	0.034311216758	0.847351450905
sub-11565	preference_friend	1.4052171734978336	1.0836890535	0.325436030165	4.091621700849999
sub-11565	preference_stranger	0.7250710337454747	0.61029082625	-0.055125010142749994	2.153838694099998
sub-11570	alpha	0.21102712823937567	0.1806370424	0.028584788956000005	0.5608083210499998
sub-11570	kappa	0.32099585472626346	0.30188460195	0.12619854646499998	0.6218842454949998
sub-11570	preference_friend	3.9542728296665657	3.8923495734999998	2.103952397675	6.123086991199998
sub-11570	preference_stranger	2.0617578210963408	2.0184041335	1.041755301075	3.3399980233999993
sub-11572	alpha	0.08530645741888229	0.070153116815	0.010331465574	0.2492907144125
sub-11572	kappa	2.149288909465531	1.9622987695	0.655017670085	4.71049201975
sub-11572	preference_friend	2.4689319610460214	2.393603992	0.8650664422375	4.518552999674999
sub-11572	preference_stranger	1.1501043704371814	1.0732389025	0.48242981358250003	2.245058596224999
sub-11579	alpha	0.2289820980316937	0.19110032040000002	0.028673055887	0.6321431047799996
sub-11579	kappa	0.2727297913425143	0.2547253583	0.106696626465	0.5458219585599999
sub-11579	preference_friend	3.7960888221273748	3.7356687485	1.9889640001000002	5.9821047327
sub-11579	preference_stranger	1.8609161941655408	1.813882967	0.843684200575	3.1661951186249997
sub-11587	alpha	0.25866356256356626	0.21895586649999998	0.0303888005775	0.6829636409799997
sub-11587	kappa	0.30811247905724226	0.28001777019999996	0.07902189303	0.6923245415949998
sub-11587	preference_friend	2.6815256974411565	2.577952923	1.2591425402999998	4.723223727524998
sub-11587	preference_stranger	0.758084846217119	0.6581257980999999	-0.003553544792974999	2.058214882199998
sub-11588	alpha	0.3144058536500072	0.269635982	0.04182714027575	0.7954004501174999
sub-11588	kappa	0.10119565735447185	0.077920811195	0.014427325235	0.32511093812499975
sub-11588	preference_friend	2.543841850506879	2.402868567	0.5533088285375	5.350919492299999
sub-11588	preference_stranger	1.0025109770913039	0.9140011965999999	-0.31196690352	2.771075007749999
sub-11591	alpha	0.3416283590534708	0.30059116865	0.0462920495585	0.8133082362725
sub-11591	kappa	0.10138516282647166	0.08453944287500001	0.0203554648655	0.2821584717925
sub-11591	preference_friend	2.9176728624107757	2.820749414	0.9002783349225	5.469837285099999
sub-11591	preference_stranger	1.367517251639286	1.3078737745	0.109083136835	2.934501226724998
sub-11597	alpha	0.07442063057347509	0.062865605485	0.0114692765385	0.20081610357
sub-11597	kappa	1.971163126780748	1.658624968	0.46780694258	5.227018185674999
sub-11597	preference_friend	0.22453462369517585	0.21848694889999998	-0.0017630501456999993	0.4936495257174998
sub-11597	preference_stranger	-0.18068248084005745	-0.12489201550000001	-0.825099463865	0.1518205429125
sub-11598	alpha	0.2881656720176961	0.24717028455	0.03554644156075	0.747009795275
sub-11598	kappa	0.10907575445776234	0.09552131215000001	0.024409215188	0.2714125532074999
sub-11598	preference_friend	3.145050333434311	3.0460672915	1.24778455425	5.607672409624995
sub-11598	preference_stranger	1.2746606193608787	1.2087266959999998	0.0488253971595	2.8310430263249984
sub-11599	alpha	0.20945135608673865	0.16903446345	0.02558674875675	0.6115128650099995
sub-11599	kappa	0.2973067941825397	0.2642374674	0.092307852299	0.694581990465
sub-11599	preference_friend	3.1110747677455532	3.0203129659999997	1.3894151904499998	5.353241927624999
sub-11599	preference_stranger	1.4130731002776333	1.3395046255	0.49649888748250004	2.749637184624999
sub-11600	alpha	0.28968370521722026	0.25238382365	0.04199176221825	0.7241529149899997
sub-11600	kappa	0.18067172221089697	0.1575674471	0.0468797048165	0.44468440548749966
sub-11600	preference_friend	2.9492831507825032	2.844702523	1.1752160600750001	5.3533952792749995
sub-11600	preference_stranger	1.296017858206483	1.217126179	0.28722784536	2.7171093000249997
sub-11606	alpha	0.04226830044054131	0.036152760194999994	0.0056972821753	0.11255188638249995
sub-11606	kappa	4.115626266239522	3.4357825374999997	0.9631794851775	11.183436371999997
sub-11606	preference_friend	1.5020526721371126	1.419608997	0.526733143385	2.9530109305749974
sub-11606	preference_stranger	0.18268877930492697	0.19459730660000002	0.02755548076	0.26421777073749986
sub-11614	alpha	0.26660405393443043	0.22715085075	0.03515011218875	0.7031302481574999
sub-11614	kappa	0.14617582149258043	0.13097577864999999	0.0414453712625	0.3403485827749994
sub-11614	preference_friend	3.3240528758596186	3.2386012610000003	1.4587025276749999	5.653152917099999
sub-11614	preference_stranger	1.529707049072925	1.4757760665	0.433063853025	2.944412239049998
sub-11622	alpha	0.41382610277909704	0.4021290034	0.069790638596	0.8287403068349999
sub-11622	kappa	0.1324723710223336	0.11219271850000001	0.030404335368500002	0.35238337094249983
sub-11622	preference_friend	2.6613349893586253	2.5408617685	0.7778822815800001	5.184694344425
sub-11622	preference_stranger	1.3175662150806007	1.2504266285	0.1870008906625	2.8182787558499998
sub-11625	alpha	0.16861574854334088	0.1314640186	0.0202459617065	0.5311682946849999
sub-11625	kappa	0.3620157634000903	0.31365894780000003	0.08533240118975001	0.9080688772799997
sub-11625	preference_friend	2.7834250621769034	2.674400759	1.247000778175	4.933600545875
sub-11625	preference_stranger	0.8598517792628771	0.7314777875	0.152140803305	2.2011750387999993
sub-11626	alpha	0.21415572472334057	0.16236145535000002	0.023772361803	0.6891394824224999
sub-11626	kappa	0.2376786777298624	0.191959972	0.0313762189505	0.7071915592399999
sub-11626	preference_friend	2.026624118467468	1.830024964	0.49495726150999997	4.617911769824998
sub-11626	preference_stranger	0.5089741482617551	0.35412495345	-0.44636021249249996	2.1663967004249978
sub-11628	alpha	0.3796046246218527	0.35191730195	0.06388709040675	0.8224812319899998
sub-11628	kappa	0.08781354178090743	0.072366749985	0.015136647675	0.25312166678999937
sub-11628	preference_friend	2.787125538023186	2.6684509685	0.8072273861725001	5.456987089149997
sub-11628	preference_stranger	1.2860586846816924	1.223240776	0.0164028622395	2.9154602655249993
sub-11631	alpha	0.34210869857318266	0.30732452745	0.06092830280475	0.7946295071624999
sub-11631	kappa	0.12343487460582793	0.08809760805	0.016904001701500002	0.4469652947049999
sub-11631	preference_friend	2.349192324502794	2.1920622025	0.3696829958625	5.271854554224997
sub-11631	preference_stranger	1.177148910776101	1.076312771	0.00015434797894253125	2.8449064031499978
sub-11651	alpha	0.32679379700397976	0.29573070970000004	0.05094286669575	0.7549241560424998
sub-11651	kappa	0.2900175332552713	0.2122857987	0.0488894322695	0.9352971412349995
sub-11651	preference_friend	2.0131410939436933	1.7834722379999999	0.381440214385	4.833176514225
sub-11651	preference_stranger	1.5061855863517333	1.4230380685	0.5888949160075	2.8579248176499994
sub-11660	alpha	0.37701570510221327	0.35240048305000005	0.06277576822675	0.8060741506174999
sub-11660	kappa	0.10768185962999721	0.09222566636	0.022853075103750002	0.28659832686499964
sub-11660	preference_friend	2.846002257570997	2.7370650875	0.9192311650025	5.382558975749999
sub-11660	preference_stranger	1.459002348607003	1.398688654	0.2695598080975	2.9533546960499986
sub-11670	alpha	0.4093704598263902	0.40130581295	0.098987142022	0.7693837260124996
sub-11670	kappa	0.3018326391258231	0.24975453045	0.0693431972415	0.8165410335024998
sub-11670	preference_friend	2.1516980166326474	1.960373929	0.61845316836	4.686326366124998
sub-11670	preference_stranger	1.4351362883643726	1.356358365	0.5522657286525	2.750483381899998
sub-11679	alpha	0.1463965018979964	0.1035003156	0.014783130819749999	0.5270790511524999
sub-11679	kappa	0.6753255791831861	0.546784826	0.06343095242499999	1.9399511542499996
sub-11679	preference_friend	-0.1425323255435625	-0.116463905	-1.14491158425	0.7650104060424965
sub-11679	preference_stranger	-0.020811267438892514	0.03890183831	-0.861163624785	0.4954964536574997
sub-11681	alpha	0.20266331984416877	0.16864575194999998	0.02579450342075	0.5620990492924989
sub-11681	kappa	0.3107997358488178	0.28034784555000003	0.10036283595500001	0.6908381628149994
sub-11681	preference_friend	3.255381378254466	3.1611608835	1.5556960902749999	5.422406134699997
sub-11681	preference_stranger	1.356604583952429	1.2773560225	0.474197820995	2.646499582674995
sub-11692	alpha	0.10799655233579046	0.08864599148499999	0.01644009081175	0.31605506949249984
sub-11692	kappa	1.420439713499552	1.240670562	0.285526378125	3.560817187549997
sub-11692	preference_friend	0.29175799050145107	0.2886089173	-0.006464494673599992	0.5909980375424986
sub-11692	preference_stranger	-0.1571429018508815	-0.09648704498999999	-0.8095600614575	0.15884598125
sub-11701	alpha	0.31152279670254274	0.28014553305	0.047269466661	0.7348905791099998
sub-11701	kappa	0.2057913860667076	0.1761946667	0.049446065137749996	0.5286930564574999
sub-11701	preference_friend	2.5852265195303388	2.4622310625	0.935297740235	4.940119723049989
sub-11701	preference_stranger	1.040060977361377	0.94864575085	0.08033719634575	2.4719763706499993
sub-11703	alpha	0.08208439569675417	0.06713562869	0.01096837921075	0.24054752236499935
sub-11703	kappa	0.6227773258407292	0.5904993601999999	0.2248040337875	1.2015399948499996
sub-11703	preference_friend	1.3213317549701034	1.2409362625	0.6167249214225	2.4932314450999993
sub-11703	preference_stranger	-0.3497216688032705	-0.3291300571	-0.9454207506500001	0.10527585842249997
sub-11705	alpha	0.034422746926220965	0.02743071771	0.004058412455975	0.10560485017249986
sub-11705	kappa	2.6492880627034436	2.4839587585	1.1285046727	5.1181877592000005
sub-11705	preference_friend	1.231673270550956	1.1366303985	0.498306370875	2.4789913251499995
sub-11705	preference_stranger	-0.4544699222863583	-0.4047264616	-1.2222666955500001	0.03337198400975
sub-11709	alpha	0.17558756066862966	0.1474841061	0.02155151668875	0.48427151566999965
sub-11709	kappa	0.3719958701097993	0.34912737115000003	0.08000940413799999	0.8015483668849989
sub-11709	preference_friend	1.7309808533301903	1.5971681995	0.6651409833325	3.633429952799998
sub-11709	preference_stranger	0.07329675454848265	0.021872736945	-0.6363198329049999	1.2290133595249992
sub-11710	alpha	0.11273202870453695	0.091022657515	0.015521935284249999	0.3413189160949999
sub-11710	kappa	0.8121741900612363	0.7574613744	0.24288939240000001	1.7103213552249996
sub-11710	preference_friend	0.3225689023975541	0.3041043571	-0.042778434282	0.7785708079274996
sub-11710	preference_stranger	-0.4811935468004866	-0.44385899785000005	-1.21829777765	0.03982229504999995
sub-11714	alpha	0.29922625403536157	0.26652523	0.04895763000725	0.7211332532424999
sub-11714	kappa	0.18601037668626372	0.16407578620000002	0.056244748487750004	0.4436444720499994
sub-11714	preference_friend	3.075324572955203	2.9798636915	1.2453117626499999	5.408323942449998
sub-11714	preference_stranger	1.6060237359917469	1.5476223115	0.5587715566375	2.986314078774999
sub-11720	alpha	0.19080643180950982	0.12753571735	0.017731337153750002	0.7221770148674995
sub-11720	kappa	0.23137937795995878	0.21199957875	0.0131043079275	0.5998634662024998
sub-11720	preference_friend	0.7525226524826528	0.44282497875	-0.523629097265	4.064126472149997
sub-11720	preference_stranger	-0.28754383224382996	-0.44261523985	-1.3833209094	1.9249386438999987
sub-11722	alpha	0.2696866630474443	0.2521346028	0.0398229219575	0.6109897472524995
sub-11722	kappa	0.5308081160162744	0.48736845795	0.17383512967	1.1389691543249991
sub-11722	preference_friend	2.8473118847151717	2.752256574	1.2969300535	4.917354001500001
sub-11722	preference_stranger	1.2923636030784342	1.2078254395	0.562372441455	2.457360489525
sub-11723	alpha	0.20020919566414658	0.15870273615	0.0255289069785	0.5998737024724995
sub-11723	kappa	0.3840090164301065	0.29838656895000004	0.0451446886585	1.2119010620249995
sub-11723	preference_friend	1.7354906128673107	1.510247218	0.47119585167	4.2351665393
sub-11723	preference_stranger	0.48726540442105853	0.33920486455	-0.23552144171	1.9513844372749996
sub-11736	alpha	0.4032307497380399	0.3712499947	0.05447664347725	0.8793743616849999
sub-11736	kappa	0.06739099175637207	0.04292150337	0.0064131855114000005	0.26457721031499976
sub-11736	preference_friend	2.014746437103666	1.8661716625	-0.4865216929325	5.387910465124998
sub-11736	preference_stranger	0.9120959707516224	0.8143923373499999	-0.62703755434	2.842872606875
sub-11744	alpha	0.24132960960986669	0.20456983545000001	0.033844745619750004	0.6581362180474991
sub-11744	kappa	0.16114407178237633	0.1406423738	0.037160519797	0.40205257675499995
sub-11744	preference_friend	2.9968494324476014	2.89536946	1.20806415025	5.347166442999998
sub-11744	preference_stranger	1.124870286367344	1.0384255135	0.04844626916425	2.626160722524999
sub-11746	alpha	0.11718261527538995	0.08534007564000001	0.0143743911315	0.4460660145774999
sub-11746	kappa	0.38289620226999055	0.34480697985	0.06052746234175	0.9309062686824999
sub-11746	preference_friend	1.6959244486426095	1.532704897	0.61240497483	3.7702298114499984
sub-11746	preference_stranger	0.09415429380896696	0.027816101835	-0.6064862235775	1.3656477040749988
sub-11748	alpha	0.2046750112859621	0.17262532014999998	0.02805284134825	0.5635873227124992
sub-11748	kappa	0.31374654348957653	0.29544844575	0.1242266592225	0.6078911790199996
sub-11748	preference_friend	3.9388652901796597	3.8722741515	2.141999131475	6.146696901649998
sub-11748	preference_stranger	2.029347324116722	1.9814331855	0.983561367525	3.3219860305249997
sub-11756	alpha	0.11083748154357298	0.08658680058	0.012203941102500001	0.34682771406749996
sub-11756	kappa	1.1903556973213945	1.0793257235	0.3423892333075	2.6799885868999986
sub-11756	preference_friend	2.410720344110875	2.3297223145	0.975428521395	4.3410524642
sub-11756	preference_stranger	0.943809358222125	0.8504889016499999	0.41498774091	1.9826013896249997
sub-11764	alpha	0.30141823822924063	0.2617513755	0.038863837711750004	0.7588612585299999
sub-11764	kappa	0.11345582807351079	0.095693198705	0.023026901622	0.309413471525
sub-11764	preference_friend	2.9423590421565207	2.8359174129999998	1.0063757228249999	5.466501522049999
sub-11764	preference_stranger	1.2753445964373613	1.215753565	0.07608079093525	2.8274258167499995
sub-11773	alpha	0.16690290543140168	0.13486250630000002	0.021209480464	0.5022373642074999
sub-11773	kappa	0.36757708442467935	0.32775706439999996	0.0935044915595	0.8626826155474996
sub-11773	preference_friend	2.7032379201140313	2.592780303	1.26240710185	4.751036307249998
sub-11773	preference_stranger	0.7885569203279922	0.6826687378	0.11501827723500001	2.040263376874999
sub-11774	alpha	0.21764882197889363	0.1822144203	0.02398296574725	0.6143249175924997
sub-11774	kappa	0.21279395241470314	0.19773866704999998	0.078067326156	0.4371625045899994
sub-11774	preference_friend	3.7757698759169873	3.6927751750000004	1.95581518465	6.02093712745
sub-11774	preference_stranger	1.715299407115319	1.6561764405	0.6472379589024999	3.077189313725
sub-11784	alpha	0.045444418370185875	0.035692136595	0.004806168286025	0.14001645192749987
sub-11784	kappa	3.5094509595032877	3.2056205020000004	1.3202012110499999	7.491497334949995
sub-11784	preference_friend	-0.8334509715009499	-0.7047208409000001	-2.370016490825	0.013851664238749757
sub-11784	preference_stranger	-1.013002765364141	-0.96817346255	-2.1756134955500004	-0.11910249204500027
sub-11787	alpha	0.22749286562264548	0.16157381264999998	0.023134147662	0.7400060681274998
sub-11787	kappa	0.18886524439637106	0.1641436694	0.02451731161775	0.4968613085299998
sub-11787	preference_friend	1.9935498859118688	1.765771136	0.5603525468599999	4.62881663685
sub-11787	preference_stranger	0.282450312254928	0.11582931895000001	-0.8057556958425	2.1360691894749997
sub-11788	alpha	0.13026109678304004	0.10267400404999999	0.01589798567675	0.4111330427025
sub-11788	kappa	0.7035756513666572	0.63403529095	0.1539948841825	1.6410553876749996
sub-11788	preference_friend	2.1536316585062223	2.067031065	0.9346262279075	3.916734774674999
sub-11788	preference_stranger	0.4245602403864154	0.35201442485	0.025691214460750005	1.284263808799999
sub-11789	alpha	0.0890210087750784	0.07255057240000001	0.0120343845405	0.26554154272499986
sub-11789	kappa	1.1830124827124255	0.95816706415	0.2535391412425	3.4416417326499897
sub-11789	preference_friend	0.9627685926637561	0.85156186155	0.37766014664750003	2.18960322895
sub-11789	preference_stranger	0.08587526327204793	0.11319063705	-0.3550378563525	0.3919448394574993
sub-11790	alpha	0.2594603426920755	0.2159832575	0.03262562158675	0.7085865208349998
sub-11790	kappa	0.1419644235171712	0.12032290945	0.03306142419325	0.3772133013374996
sub-11790	preference_friend	3.0398748575805072	2.957695354	1.0985358913	5.502919076199999
sub-11790	preference_stranger	1.4095970512784686	1.3384129375	0.30691801625	2.926919866825
sub-11793	alpha	0.237966413832042	0.2029626108	0.03195921921375	0.6348047785425
sub-11793	kappa	0.3538067525690337	0.3115294901	0.07012742444975	0.8845194244999991
sub-11793	preference_friend	2.029926881283924	1.870706406	0.7639807624975	4.202095713374998
sub-11793	preference_stranger	0.49929731621788914	0.39212534555	-0.20026139527749998	1.7898664113749985
sub-11795	alpha	0.26579754780562187	0.22798288875	0.040643868442749996	0.6899600088449999
sub-11795	kappa	0.20017727842119126	0.18404097625	0.0708718850925	0.4232719046649993
sub-11795	preference_friend	3.5076722299185312	3.431940209	1.597890878725	5.8311643003499976
sub-11795	preference_stranger	1.99027605838049	1.941127928	0.9239384277325	3.3242866865249994
sub-11815	alpha	0.33838638459024684	0.29130456405000005	0.041353265275	0.8426576367575
sub-11815	kappa	0.08304617243596898	0.05746536778	0.009811555969225	0.3138876952449999
sub-11815	preference_friend	2.400575290311418	2.274510095	0.16931031984750003	5.390726004299998
sub-11815	preference_stranger	1.0610044912393068	0.9745687036999999	-0.316732178445	2.879158220949994
sub-11822	alpha	0.1658223060692575	0.1520400935	0.02977841753425	0.37973249542499954
sub-11822	kappa	0.94488343614209	0.8567893137	0.2865316401675	2.099644628174998
sub-11822	preference_friend	2.3070384633441186	2.2219514715	0.9257247159124999	4.2131293682999935
sub-11822	preference_stranger	0.8918229556387693	0.80632132155	0.402364021345	1.8561638257999995
sub-11823	alpha	0.15891716868210765	0.13523416975000002	0.025097364796750003	0.44119913163999996
sub-11823	kappa	0.877309695097482	0.7385555741000001	0.099131819862	2.414717098749997
sub-11823	preference_friend	1.1526088647719541	0.9143545791500001	0.3931943966175	3.287144382524997
sub-11823	preference_stranger	0.3082681497022054	0.24729050945	-0.15349371174	1.2748207963499996
sub-11824	alpha	0.19059979261283982	0.1524404238	0.021172976923000002	0.5664996946599999
sub-11824	kappa	0.46029792658992597	0.4091284768	0.13464128091000002	1.065749355725
sub-11824	preference_friend	2.8761581104913723	2.7853745565	1.232551786225	5.022581448175
sub-11824	preference_stranger	1.1961262046161951	1.108554567	0.4047372358625	2.478332175575
sub-11828	alpha	0.24288941639359593	0.18096140005	0.028425208014249997	0.7581609610425
sub-11828	kappa	0.2874104479733597	0.2309260668	0.01615221634675	0.9019838028299995
sub-11828	preference_friend	0.8932716023547115	0.53264627725	-0.25670377633	4.048777394824999
sub-11828	preference_stranger	0.0563517787347204	-0.072135680175	-0.9397814440325	1.9717193514999973
sub-11829	alpha	0.2818097875509734	0.24801993420000001	0.039425535178500004	0.6926923204825
sub-11829	kappa	0.3619733864479778	0.338844025	0.14258423205	0.7101846130499996
sub-11829	preference_friend	3.7792586507436936	3.7133863314999997	1.950132162225	5.946085476224998
sub-11829	preference_stranger	2.0475585499259346	2.0007894454999997	1.0329406525	3.3437634301749988
sub-11840	alpha	0.3722502425020981	0.3430802284	0.055691827926000005	0.8291387113424998
sub-11840	kappa	0.0866820575033925	0.070450466255	0.014398857530749999	0.25499728293999996
sub-11840	preference_friend	2.6402028332864584	2.517438539	0.5957014498525001	5.38248076815
sub-11840	preference_stranger	1.1908197997739218	1.1232941385	-0.14892098987999997	2.8663982590749995
sub-11847	alpha	0.3308578295411008	0.29244944240000004	0.039826542154249994	0.8070466656449995
sub-11847	kappa	0.22329634680039576	0.1276891356	0.0153161136665	0.9812960378699964
sub-11847	preference_friend	1.5366813200700242	1.1587155915	-0.09479761672175001	4.76328055445
sub-11847	preference_stranger	0.7083529368940817	0.5210939173	-0.347065555145	2.4877905489999996
sub-11853	alpha	0.1794491281098221	0.14697279095	0.025499362635	0.5289324960399999
sub-11853	kappa	0.30811417858515405	0.2895372729	0.1199856057825	0.6017514621899998
sub-11853	preference_friend	3.9645092056204345	3.895125598	2.114015038275	6.186748645324999
sub-11853	preference_stranger	2.004437637120881	1.952677176	0.9464011930175	3.3388264403999997
sub-11854	alpha	0.21254552854290534	0.19884131519999998	0.036992518816	0.47283877265749985
sub-11854	kappa	0.617083512677624	0.5703452598000001	0.19400115464749998	1.2982967552749998
sub-11854	preference_friend	-0.054615019476148705	-0.004286278159	-0.829139188435	0.4045586969424995
sub-11854	preference_stranger	-0.37314225476821017	-0.3217809865	-1.184068797625	0.15186122861999962
sub-11861	alpha	0.2285402746254514	0.18567547915	0.0252645486705	0.6574718370274999
sub-11861	kappa	0.22366606791090154	0.20725151460000002	0.08249255159	0.4560560374349999
sub-11861	preference_friend	3.814725160443012	3.7469746864999998	2.02308739675	6.0213898973249975
sub-11861	preference_stranger	1.7840566396400623	1.727715934	0.7571926150075	3.122405910675
sub-11866	alpha	0.16313534338548444	0.13720893374999998	0.023598630375000002	0.45732045607749994
sub-11866	kappa	0.49399614362823185	0.44595377820000004	0.111520527	1.1462145853749994
sub-11866	preference_friend	2.339985141186956	2.239329292	1.075247009075	4.2032188566499995
sub-11866	preference_stranger	0.5058560980796678	0.42662135484999997	-0.02376466358649999	1.5217213957749987
sub-11867	alpha	0.2531638132087941	0.2236994693	0.03966992487375	0.6359663369874998
sub-11867	kappa	0.4806765315413579	0.42740966145000003	0.04310640566425	1.2187835412999994
sub-11867	preference_friend	0.5428308454615174	0.39749967625000004	-0.17523278660499997	2.517680927374993
sub-11867	preference_stranger	-0.040604024726368336	-0.048825159775	-0.7881234016625	1.0224549714749995
sub-11870	alpha	0.11771865816337856	0.08709334657500001	0.013012983233	0.4123326810999999
sub-11870	kappa	0.6109277894253269	0.56355101235	0.212169365155	1.271516153425
sub-11870	preference_friend	3.470940654761706	3.39959467	1.7133966246	5.628994853599998
sub-11870	preference_stranger	1.7012585149548407	1.6409170555	0.8007472674975	2.9504317220499994
sub-11872	alpha	0.08964152540832727	0.07179863838	0.009388256609825	0.2654624192549997
sub-11872	kappa	1.3782927693321902	1.3131558585	0.6071436488325	2.528516854199998
sub-11872	preference_friend	1.4321460270392063	1.3537043905	0.6418257458275	2.6655961326249993
sub-11872	preference_stranger	-0.29094464588249797	-0.2544077317	-0.8833283670450001	0.09309757559374993
sub-11876	alpha	0.05469598161825284	0.043745991585000005	0.006613289737325	0.16780660204499964
sub-11876	kappa	2.7434430044130846	2.267243665	0.588146272635	7.789669576924995
sub-11876	preference_friend	1.9715082984041092	1.9058459665	0.6648416501975001	3.694366199075
sub-11876	preference_stranger	0.6350226960600126	0.5680725926500001	0.337528177135	1.3283273069749988
sub-11877	alpha	0.24099585207836355	0.17899432685	0.0268232282975	0.7642208561924996
sub-11877	kappa	0.14716087152077117	0.1090640014	0.013508090778	0.48085906228249997
sub-11877	preference_friend	1.9104252942704238	1.612957416	0.2477323478725	4.898277100524999
sub-11877	preference_stranger	0.47654213282536684	0.28262634485	-0.728355205465	2.448250996749999
sub-11881	alpha	0.21755948250566554	0.17318989	0.024666496371750002	0.6432717475824998
sub-11881	kappa	0.18016329705556375	0.1623255673	0.056957091194000005	0.4036289988175
sub-11881	preference_friend	3.444388455225675	3.368232484	1.655933329325	5.678873232524996
sub-11881	preference_stranger	1.449140641574005	1.3868183125	0.4072261932575	2.843776346975
sub-11885	alpha	0.2809824257514908	0.23511565895	0.03858141787975	0.7400705000949998
sub-11885	kappa	0.15961037862896854	0.12665454585	0.03070267280975	0.48273950597999987
sub-11885	preference_friend	2.676365312844324	2.5497870805	0.8224183235925	5.241686105074995
sub-11885	preference_stranger	1.1798739000328369	1.092825456	0.10278157067250002	2.707531923425
sub-11891	alpha	0.1361438465413421	0.10728851755	0.018833536652	0.4385621924499996
sub-11891	kappa	0.49393392214312576	0.4327342423	0.082812581453	1.2653091126499987
sub-11891	preference_friend	1.4955683565739182	1.326090505	0.4983761158175	3.5329895425749998
sub-11891	preference_stranger	0.16821333861132037	0.1182703565	-0.47200724773999997	1.2741989058999985
sub-11897	alpha	0.21397829417138325	0.17589195284999998	0.02673745427725	0.5995776681075
sub-11897	kappa	0.2893023202256446	0.2552765421	0.09223076854800001	0.6762974618924996
sub-11897	preference_friend	2.9769315275478405	2.8856519445	1.17811139875	5.295629904424999
sub-11897	preference_stranger	1.5136405105931678	1.446155492	0.57211130264	2.855684971874997
sub-11900	alpha	0.04798931512329963	0.039259686495	0.006495040441075	0.13869996721999986
sub-11900	kappa	1.9622029527259506	1.7713746105000001	0.5758865151975	4.50439535575
sub-11900	preference_friend	1.6852157866454	1.6144424499999999	0.709795363365	3.0718092019249994
sub-11900	preference_stranger	0.1476952228324585	0.16229162805	-0.0966830912655	0.31434677362499985
sub-11902	alpha	0.3436382375713323	0.31587177825	0.05666377266625	0.7687480680349996
sub-11902	kappa	0.15661413657218043	0.1333035594	0.03738921514725	0.41450517233499923
sub-11902	preference_friend	2.776041297695005	2.6766567290000003	0.8665058720475001	5.296382461624997
sub-11902	preference_stranger	1.5823547566853091	1.5220827925	0.4906133809975	2.9872773866249993
sub-11909	alpha	0.3839026355542977	0.34613598430000003	0.06191117950575	0.8586522695199997
sub-11909	kappa	0.20505173054749395	0.094060043695	0.009718011293575001	0.8861211870324994
sub-11909	preference_friend	1.5468606682308692	1.0917332895	-0.301408878045	5.058891144799999
sub-11909	preference_stranger	1.1095117387508735	0.9886443449	-0.06925920446699997	2.7789115414499985
sub-11913	alpha	0.3930851176568816	0.3698845529	0.07336771374325	0.8163486929699993
sub-11913	kappa	0.1715920516696354	0.1358814794	0.027983704112	0.5153989135549999
sub-11913	preference_friend	2.187475418173907	1.9957928429999998	0.5130876684575001	4.870966191574994
sub-11913	preference_stranger	0.9899228735380647	0.88940627015	-0.091371418574	2.5976332964999997
sub-11914	alpha	0.3168850155514276	0.27882114795	0.04144432883025	0.7707122077049996
sub-11914	kappa	0.1391390645680557	0.1272297221	0.04440566812150001	0.30383584432499977
sub-11914	preference_friend	3.531655184259631	3.4394782509999997	1.7028158095750001	5.833944650549999
sub-11914	preference_stranger	1.733065963506176	1.6815715375	0.5956951773075	3.167475029049998
sub-11920	alpha	0.19379722030836619	0.1304953587	0.025182003374500002	0.6908611554699999
sub-11920	kappa	0.7571275455575858	0.48229321675000003	0.0230440113355	2.797389846424997
sub-11920	preference_friend	1.064587313653472	0.5285257722000001	0.1732089308025	4.230438119549997
sub-11920	preference_stranger	0.5397296530979677	0.3286904644	-0.1212700351475	2.229210693399996
sub-11922	alpha	0.06003803689818705	0.050653468895	0.008631061129175001	0.16629511507999983
sub-11922	kappa	1.5192856390359488	1.3950165525	0.4591374881225	3.3236298871999983
sub-11922	preference_friend	1.761214363914397	1.6915992055	0.7396483591799999	3.1781363668749987
sub-11922	preference_stranger	0.19643665575207706	0.20838513935	-0.07136805939475001	0.3984498589849998
sub-11923	alpha	0.32344004868259013	0.2716176714	0.041085245662250004	0.8190616195474999
sub-11923	kappa	0.145059971184385	0.09151935797499999	0.01154795887475	0.5921026434225
sub-11923	preference_friend	1.8192804896417107	1.5218977790000001	-0.0074470592607499995	4.964313492699999
sub-11923	preference_stranger	0.6790470283910766	0.5017339620500001	-0.5654631045749999	2.594983197399999
sub-11924	alpha	0.05520146721432688	0.04303715749	0.0062110880195250006	0.1746124409175
sub-11924	kappa	1.9759686957657687	1.8364009855	0.8025824746675	3.9387554768249964
sub-11924	preference_friend	1.3678469056822375	1.280883065	0.5641334584700001	2.6359651045999986
sub-11924	preference_stranger	-0.25197804768025234	-0.21417830625	-0.80469315654	0.09484576399374993
sub-11926	alpha	0.19997373700854346	0.161932537	0.02788784594275	0.5853936467149996
sub-11926	kappa	0.2937389709131831	0.2714896851	0.1096923120025	0.60370177177
sub-11926	preference_friend	3.7522606963395067	3.6855937069999998	1.931724504025	5.975842279349997
sub-11926	preference_stranger	1.8012705328749217	1.7414657519999999	0.7985032519249999	3.142717657274999
sub-11928	alpha	0.28236246708195584	0.24447083805	0.040068713791499996	0.7129416896674997
sub-11928	kappa	0.22847243483192656	0.21035857265	0.07923797539575	0.47582161249249977
sub-11928	preference_friend	3.3757567586456187	3.290884007	1.492128331475	5.71496871455
sub-11928	preference_stranger	1.8613654312617043	1.8152993765	0.7780505304075	3.228972130749999
sub-11929	alpha	0.04776523586954285	0.03794033798	0.0066357286568	0.14643733036999987
sub-11929	kappa	1.1514194410557579	1.0542642505	0.3690067504775	2.4839101338249994
sub-11929	preference_friend	0.06616894403215612	0.10437797965000001	-0.40594533444	0.32288581140499995
sub-11929	preference_stranger	-0.6009716002385053	-0.5565844522	-1.436581255475	-0.000885406353840289
sub-11931	alpha	0.2029534895166726	0.17485511555	0.0379448732795	0.5471245203299998
sub-11931	kappa	0.28946618052026873	0.26844978015	0.1095045214425	0.5891553343474999
sub-11931	preference_friend	3.579532620387469	3.5066456335	1.731041476525	5.818274749275
sub-11931	preference_stranger	1.9168699909019111	1.859899011	0.9009960440375	3.2289739348
sub-11935	alpha	0.23748298734393844	0.19477952275	0.03217548714125	0.6687106858974999
sub-11935	kappa	0.23139615503018815	0.182498651	0.043597316428	0.6972179231374991
sub-11935	preference_friend	2.400881557688644	2.249029142	0.73750998684	4.901235045225
sub-11935	preference_stranger	0.9018046761758042	0.7757858637999999	0.0019951147002000014	2.411362973124997
sub-11939	alpha	0.2627763093505025	0.2124280193	0.0331126878575	0.7348802864649996
sub-11939	kappa	0.2223481994825321	0.15685193155	0.0252122912335	0.8204633310449997
sub-11939	preference_friend	1.9906932356623541	1.7571402955	0.4396388073725	4.740531993425
sub-11939	preference_stranger	0.641960947182052	0.47110953755	-0.34199811807999997	2.342420306024999
sub-11943	alpha	0.04994613583055943	0.04135361349	0.0059922522748499995	0.14289349052749994
sub-11943	kappa	3.7958587377187594	3.1306433355000003	1.149908828025	10.45607520749999
sub-11943	preference_friend	1.3833186009484344	1.293751608	0.5026541893725	2.7591456707249997
sub-11943	preference_stranger	0.03242043071633156	0.07018640602000001	-0.3768418442775	0.2295969823675
sub-11949	alpha	0.07576924094025711	0.06275531483999999	0.00799133111775	0.21076972307499975
sub-11949	kappa	3.2986511430056407	2.79874005	0.9311628159625001	8.672200060124993
sub-11949	preference_friend	1.4044623329682657	1.31650096	0.519272427315	2.7826371408999995
sub-11949	preference_stranger	0.11142964688286089	0.1341689398	-0.14540431893	0.23327807543499998
sub-11960	alpha	0.2839179758048423	0.2372977168	0.05096351752625	0.7507918477275
sub-11960	kappa	0.2487786613239774	0.17575315135	0.01755746376425	0.8806693907449994
sub-11960	preference_friend	1.348945025558833	0.9668432122999999	0.041879220658250005	4.362238101199998
sub-11960	preference_stranger	0.43735300383180326	0.2804836613	-0.54453233498	2.2037410180999992
sub-11969	alpha	0.09229510826324239	0.073866281565	0.01112637370175	0.278930253445
sub-11969	kappa	1.0810240044676103	1.0119736119999998	0.3888822389	2.1646927261999998
sub-11969	preference_friend	1.663957137087647	1.5927858005000002	0.7500467188275001	3.0025270082499986
sub-11969	preference_stranger	-0.03577597700805767	-0.008792666867	-0.4660361781575	0.23357901962999986
sub-11974	alpha	0.17262659984144454	0.14561982345	0.029212629400499998	0.47688633349249987
sub-11974	kappa	0.36349568596453563	0.33832757680000003	0.13632712128750002	0.736028514815
sub-11974	preference_friend	3.7781473518255124	3.7142661795	1.948912062175	5.982217737449999
sub-11974	preference_stranger	1.8919613997029876	1.84368309	0.87828857972	3.1697455233499987
sub-11976	alpha	0.2788105725301997	0.2391106271	0.03216496811275	0.7114718305224998
sub-11976	kappa	0.2699573467190703	0.2443390957	0.08132532374075	0.5983260358674994
sub-11976	preference_friend	3.051567823767019	2.9654933215000003	1.426433501925	5.224547367499998
sub-11976	preference_stranger	1.1532514637989253	1.060510384	0.30047816771	2.4799639368749995
sub-11982	alpha	0.2850841386568418	0.26333571925	0.050758665057	0.6402408426799997
sub-11982	kappa	0.4368106331423	0.375341532	0.11232712203749999	1.0889477341999994
sub-11982	preference_friend	2.2330519826904625	2.0836236735	0.7572236646625	4.524086780149992
sub-11982	preference_stranger	1.1099438320383426	1.006828351	0.4019413990025	2.3495752145249993
sub-11984	alpha	0.28770839533468506	0.25584634865	0.0429573500305	0.6948349170699999
sub-11984	kappa	0.1920476128535369	0.17741570475000001	0.068400296411	0.39864896521499993
sub-11984	preference_friend	3.514957465759825	3.4411440715	1.6371274574	5.827194041524999
sub-11984	preference_stranger	1.9970304904753529	1.9502665475	0.9231415717925	3.325786139374999
sub-12008	alpha	0.06227042214539123	0.05417069531	0.0094402032262	0.16223522547749988
sub-12008	kappa	1.4558700942045293	1.354430133	0.497087124355	3.0288197089999955
sub-12008	preference_friend	1.7144273573120876	1.6450810695	0.7439335199325	3.07838755925
sub-12008	preference_stranger	0.15093032647849328	0.1727889559	-0.20328437569	0.3810999115399999
sub-12011	alpha	0.24522272100893486	0.2130387547	0.035352179767250004	0.6324278416249999
sub-12011	kappa	0.2190049517915152	0.1948105252	0.06142026121	0.5097060682649996
sub-12011	preference_friend	3.1671970690581155	3.0748250180000003	1.5010992011500002	5.349582387424999
sub-12011	preference_stranger	1.1955367594863573	1.115307149	0.25874303182249997	2.53223834125
sub-12013	alpha	0.258451215222189	0.2169474173	0.034730166663249996	0.7099475367424999
sub-12013	kappa	0.1621637211943513	0.12868793574999998	0.03041829313425	0.4902931979574999
sub-12013	preference_friend	2.6292065701818816	2.5078266615	0.7711803106649999	5.152621441425
sub-12013	preference_stranger	1.1372738284028538	1.043266099	0.08814497817875	2.6546549822499985
sub-12018	alpha	0.11391273281519526	0.094318815925	0.013902841626249999	0.3212675754725
sub-12018	kappa	1.0641993617481458	0.9891715047	0.38918956153	2.168835048624998
sub-12018	preference_friend	1.6580619588841905	1.589397871	0.7049854533650001	3.0164573164499995
sub-12018	preference_stranger	0.0647126615757448	0.082464322885	-0.3040617705775	0.3350464053174999
sub-12020	alpha	0.16220897017694824	0.135355013	0.030976376779	0.4662975312099999
sub-12020	kappa	0.8111558484107688	0.68639585615	0.06885919318674999	2.2600212031499987
sub-12020	preference_friend	0.7376414408910364	0.54978925645	0.243393244595	2.540475167024998
sub-12020	preference_stranger	0.11548935557935817	0.09951010711	-0.4204610162325	0.9872755997049999
sub-12021	alpha	0.40240223188474766	0.372950652	0.06474609390649999	0.8615473647424999
sub-12021	kappa	0.08072985530773578	0.061200281725	0.01128572675525	0.27102579514749997
sub-12021	preference_friend	2.5409798169891102	2.4179055795	0.3566670228175	5.374401725724999
sub-12021	preference_stranger	1.2751741933160041	1.206026991	-0.06540861075999999	2.9541312197250003
sub-12031	alpha	0.2118685287083953	0.15719970355000001	0.01987941891325	0.6709283621574995
sub-12031	kappa	0.2985337472501492	0.25836419639999997	0.07854565099075	0.7380375609275
sub-12031	preference_friend	2.9489866041108215	2.843356201	1.385114400225	5.081944388424999
sub-12031	preference_stranger	0.9609164830564471	0.8497639875	0.148667345905	2.339529596899999
sub-12032	alpha	0.2505870389944262	0.2157311616	0.031975658386	0.6512456336174998
sub-12032	kappa	0.2321905255391979	0.19692696415	0.0518059800255	0.6207788966825
sub-12032	preference_friend	2.5204138832659844	2.377184052	0.9111146238275001	4.9122612431249975
sub-12032	preference_stranger	0.9322625965759812	0.82342215765	0.013980714169250012	2.3990444480749993
sub-12033	alpha	0.09164573697661448	0.06173015164	0.01135156263575	0.3947603468424992
sub-12033	kappa	1.5172686297613103	1.2102848255	0.06476925173624999	4.850939823524998
sub-12033	preference_friend	0.5595214869361075	0.414879918	0.20691857727750002	2.1156051103749967
sub-12033	preference_stranger	0.06078147478144967	0.08725606918	-0.5358862912425	0.6976252204149985
sub-12038	alpha	0.1422519842286366	0.1303145422	0.031431614147	0.32136044825250004
sub-12038	kappa	2.385476323687919	2.1568408105000003	0.7940592607725	5.28967693165
sub-12038	preference_friend	1.419876902689522	1.3355896785	0.5447767088875	2.7462064788999982
sub-12038	preference_stranger	0.19642930524068042	0.20780352894999998	-0.009781536479649999	0.34143214939499983
sub-12039	alpha	0.24327375959375677	0.2082009366	0.032658589360000004	0.64064205486
sub-12039	kappa	0.16445171146612164	0.14926699645	0.0500423986545	0.365631660995
sub-12039	preference_friend	3.3789747199886344	3.28829498	1.5444339279000001	5.681069799549999
sub-12039	preference_stranger	1.5135694617990212	1.4545803675	0.4373572183675	2.9206736978249985
sub-12041	alpha	0.10092337660772463	0.07535754933	0.01306898497625	0.3541845412099994
sub-12041	kappa	0.5360571390037533	0.48758879705	0.09140624439275001	1.244623366749999
sub-12041	preference_friend	0.3135801467217256	0.2640320566	-0.277962367085	1.1953145083499996
sub-12041	preference_stranger	-0.481779062509872	-0.46412375554999996	-1.2830510694500001	0.15393328442999943
sub-12047	alpha	0.1839762297367939	0.16948039110000002	0.0411015131615	0.41250446048999984
sub-12047	kappa	1.191139687526906	1.081655686	0.2778537424125	2.7356550405249953
sub-12047	preference_friend	0.17115167798817793	0.19566546525	-0.276060424675	0.46057980909749985
sub-12047	preference_stranger	-0.11559057669018144	-0.05696779764	-0.74453563812	0.1881388583599999
sub-12049	alpha	0.3967920364346553	0.37305014955	0.0631409163955	0.8346615633449996
sub-12049	kappa	0.0948440193926131	0.080435315425	0.01922961984425	0.2522869317074995
sub-12049	preference_friend	2.898105586859716	2.813213432	0.86087773135	5.404353390124999
sub-12049	preference_stranger	1.546809554880782	1.4966715215000002	0.3120810979125	3.0415462714999992
sub-12051	alpha	0.25205863048114363	0.20688223145	0.032476245251	0.7096058007225
sub-12051	kappa	0.29562627893233856	0.2242781482	0.028688241525499997	0.9736423247824993
sub-12051	preference_friend	1.4550478155183382	1.136893782	0.28161589263750003	4.192358775224993
sub-12051	preference_stranger	0.4082998878538595	0.26348547705	-0.45501281418	2.0385874303
sub-12054	alpha	0.1578090850217199	0.1435973257	0.0437153833925	0.3719153913774998
sub-12054	kappa	2.9231742011467716	2.3039658865000003	0.5440688366275	8.792414884349986
sub-12054	preference_friend	2.2968866154308967	2.211804543	0.6997826762275	4.412595435499999
sub-12054	preference_stranger	1.2262346620161282	1.140984936	0.53859642193	2.3678654706499964
sub-12055	alpha	0.16341265014735235	0.12954086495	0.020711719851	0.5103834953549996
sub-12055	kappa	0.6401411726879082	0.5579507445	0.179788215385	1.5699735768249998
sub-12055	preference_friend	2.4204272500529598	2.2982768699999996	0.854748062805	4.679446808624999
sub-12055	preference_stranger	1.2280488061210095	1.136238664	0.5024070736649999	2.4539189426499997
